id,k,name,capacity,additional,single_bed,bathroom,type_name,type_id,free,bed_categories,children_extras,placements,min_price,miles,hotel_id,date
2239632,,Стандарт с балконом,2,0,0,1,Двухместный,2,1,[{'single': 2}],"[{'id': '42844', 'number': '1', 'min_age': '1', 'max_age': '16', 'is_extra_bed': '0', 'extra_bed_type_id': '0'}]","[{'id': 462573, 'capacity': 1, 'prepayment': 'FULL', 'nonrefundable': 0, 'cancellation_period': 14, 'cancellation_fee': 'FIRST', 'breakfast': 0, 'base_price': 4000, 'prices': [4000], 'price': 4000, 'old_price': 4000, 'currency': 'RUB', 'payment_amount': 4000, 'extras_variants': [], 'extras': {'42844': {'id': 42844, 'number': 1, 'extra_bed_type_id': 0, 'age': [1, 16], 'extra_bed': 0, 'free': 1}}, 'rate_id': 11859, 'deals': [], 'cancellation_type': 'special', 'credit_card': 1, 'bonus': 200, 'miles': 240, 'min_stay': 1, 'platichastyami': 0, 'mircashback': 400}, {'id': 462574, 'capacity': 2, 'prepayment': 'FULL', 'nonrefundable': 0, 'cancellation_period': 14, 'cancellation_fee': 'FIRST', 'breakfast': 0, 'base_price': 4000, 'prices': [4000], 'price': 4000, 'old_price': 4000, 'currency': 'RUB', 'payment_amount': 4000, 'extras_variants': [], 'extras': {'42844': {'id': 42844, 'number': 1, 'extra_bed_type_id': 0, 'age': [1, 16], 'extra_bed': 0, 'free': 1}}, 'rate_id': 11859, 'deals': [], 'cancellation_type': 'special', 'credit_card': 1, 'bonus': 200, 'miles': 240, 'min_stay': 1, 'platichastyami': 0, 'mircashback': 400}]",4000.0,240,249578_101hotels,2026-08-26
2239634,,Стандарт с видом на Байкал,3,0,0,1,Трёхместный и более,3,4,"[{'single': 3}, {'single': 1, 'double': 1}]","[{'id': '42847', 'number': '1', 'min_age': '1', 'max_age': '16', 'is_extra_bed': '0', 'extra_bed_type_id': '0'}]","[{'id': 462577, 'capacity': 1, 'prepayment': 'FULL', 'nonrefundable': 0, 'cancellation_period': 14, 'cancellation_fee': 'FIRST', 'breakfast': 0, 'base_price': 4000, 'prices': [4000], 'price': 4000, 'old_price': 4000, 'currency': 'RUB', 'payment_amount': 4000, 'extras_variants': [], 'extras': {'42847': {'id': 42847, 'number': 1, 'extra_bed_type_id': 0, 'age': [1, 16], 'extra_bed': 0, 'free': 1}}, 'rate_id': 11859, 'deals': [], 'cancellation_type': 'special', 'credit_card': 1, 'bonus': 200, 'miles': 240, 'min_stay': 1, 'platichastyami': 0, 'mircashback': 400}, {'id': 462578, 'capacity': 2, 'prepayment': 'FULL', 'nonrefundable': 0, 'cancellation_period': 14, 'cancellation_fee': 'FIRST', 'breakfast': 0, 'base_price': 4000, 'prices': [4000], 'price': 4000, 'old_price': 4000, 'currency': 'RUB', 'payment_amount': 4000, 'extras_variants': [], 'extras': {'42847': {'id': 42847, 'number': 1, 'extra_bed_type_id': 0, 'age': [1, 16], 'extra_bed': 0, 'free': 1}}, 'rate_id': 11859, 'deals': [], 'cancellation_type': 'special', 'credit_card': 1, 'bonus': 200, 'miles': 240, 'min_stay': 1, 'platichastyami': 0, 'mircashback': 400}, {'id': 1060483, 'capacity': 3, 'prepayment': 'FULL', 'nonrefundable': 0, 'cancellation_period': 14, 'cancellation_fee': 'FIRST', 'breakfast': 0, 'base_price': 4500, 'prices': [4500], 'price': 4500, 'old_price': 4500, 'currency': 'RUB', 'payment_amount': 4500, 'extras_variants': [], 'extras': {'42847': {'id': 42847, 'number': 1, 'extra_bed_type_id': 0, 'age': [1, 16], 'extra_bed': 0, 'free': 1}}, 'rate_id': 11859, 'deals': [], 'cancellation_type': 'special', 'credit_card': 1, 'bonus': 225, 'miles': 270, 'min_stay': 1, 'platichastyami': 0, 'mircashback': 450}]",4000.0,240,249578_101hotels,2026-08-26
2298385,,"Улучшенный семейный с террасой, 2 этаж",4,0,0,1,Четырехместный,34,3,"[{'single': 2, 'sofa': 1}, {'double': 1, 'sofa': 1}]","[{'id': '42848', 'number': '1', 'min_age': '1', 'max_age': '16', 'is_extra_bed': '0', 'extra_bed_type_id': '0'}]","[{'id': 1026147, 'capacity': 1, 'prepayment': 'FULL', 'nonrefundable': 0, 'cancellation_period': 14, 'cancellation_fee': 'FIRST', 'breakfast': 0, 'base_price': 5000, 'prices': [5000], 'price': 5000, 'old_price': 5000, 'currency': 'RUB', 'payment_amount': 5000, 'extras_variants': [], 'extras': {'42848': {'id': 42848, 'number': 1, 'extra_bed_type_id': 0, 'age': [1, 16], 'extra_bed': 0, 'free': 1}}, 'rate_id': 11859, 'deals': [], 'cancellation_type': 'special', 'credit_card': 1, 'bonus': 250, 'miles': 300, 'min_stay': 1, 'platichastyami': 0, 'mircashback': 500}, {'id': 1026148, 'capacity': 2, 'prepayment': 'FULL', 'nonrefundable': 0, 'cancellation_period': 14, 'cancellation_fee': 'FIRST', 'breakfast': 0, 'base_price': 5000, 'prices': [5000], 'price': 5000, 'old_price': 5000, 'currency': 'RUB', 'payment_amount': 5000, 'extras_variants': [], 'extras': {'42848': {'id': 42848, 'number': 1, 'extra_bed_type_id': 0, 'age': [1, 16], 'extra_bed': 0, 'free': 1}}, 'rate_id': 11859, 'deals': [], 'cancellation_type': 'special', 'credit_card': 1, 'bonus': 250, 'miles': 300, 'min_stay': 1, 'platichastyami': 0, 'mircashback': 500}, {'id': 1026156, 'capacity': 3, 'prepayment': 'FULL', 'nonrefundable': 0, 'cancellation_period': 14, 'cancellation_fee': 'FIRST', 'breakfast': 0, 'base_price': 5500, 'prices': [5500], 'price': 5500, 'old_price': 5500, 'currency': 'RUB', 'payment_amount': 5500, 'extras_variants': [], 'extras': {'42848': {'id': 42848, 'number': 1, 'extra_bed_type_id': 0, 'age': [1, 16], 'extra_bed': 0, 'free': 1}}, 'rate_id': 11859, 'deals': [], 'cancellation_type': 'special', 'credit_card': 1, 'bonus': 275, 'miles': 330, 'min_stay': 1, 'platichastyami': 0, 'mircashback': 550}, {'id': 1026157, 'capacity': 4, 'prepayment': 'FULL', 'nonrefundable': 0, 'cancellation_period': 14, 'cancellation_fee': 'FIRST', 'breakfast': 0, 'base_price': 6000, 'prices': [6000], 'price': 6000, 'old_price': 6000, 'currency': 'RUB', 'payment_amount': 6000, 'extras_variants': [], 'extras': {'42848': {'id': 42848, 'number': 1, 'extra_bed_type_id': 0, 'age': [1, 16], 'extra_bed': 0, 'free': 1}}, 'rate_id': 11859, 'deals': [], 'cancellation_type': 'special', 'credit_card': 1, 'bonus': 300, 'miles': 360, 'min_stay': 1, 'platichastyami': 0, 'mircashback': 600}]",5000.0,300,249578_101hotels,2026-08-26
2298386,,Комфорт Семейный,4,0,0,1,Четырехместный,34,3,"[{'single': 2, 'sofa': 1}, {'double': 1, 'sofa': 1}]","[{'id': '42849', 'number': '1', 'min_age': '1', 'max_age': '16', 'is_extra_bed': '0', 'extra_bed_type_id': '0'}]","[{'id': 1026150, 'capacity': 1, 'prepayment': 'FULL', 'nonrefundable': 0, 'cancellation_period': 14, 'cancellation_fee': 'FIRST', 'breakfast': 0, 'base_price': 4500, 'prices': [4500], 'price': 4500, 'old_price': 4500, 'currency': 'RUB', 'payment_amount': 4500, 'extras_variants': [], 'extras': {'42849': {'id': 42849, 'number': 1, 'extra_bed_type_id': 0, 'age': [1, 16], 'extra_bed': 0, 'free': 1}}, 'rate_id': 11859, 'deals': [], 'cancellation_type': 'special', 'credit_card': 1, 'bonus': 225, 'miles': 270, 'min_stay': 1, 'platichastyami': 0, 'mircashback': 450}, {'id': 1026151, 'capacity': 2, 'prepayment': 'FULL', 'nonrefundable': 0, 'cancellation_period': 14, 'cancellation_fee': 'FIRST', 'breakfast': 0, 'base_price': 4500, 'prices': [4500], 'price': 4500, 'old_price': 4500, 'currency': 'RUB', 'payment_amount': 4500, 'extras_variants': [], 'extras': {'42849': {'id': 42849, 'number': 1, 'extra_bed_type_id': 0, 'age': [1, 16], 'extra_bed': 0, 'free': 1}}, 'rate_id': 11859, 'deals': [], 'cancellation_type': 'special', 'credit_card': 1, 'bonus': 225, 'miles': 270, 'min_stay': 1, 'platichastyami': 0, 'mircashback': 450}, {'id': 1026154, 'capacity': 3, 'prepayment': 'FULL', 'nonrefundable': 0, 'cancellation_period': 14, 'cancellation_fee': 'FIRST', 'breakfast': 0, 'base_price': 5000, 'prices': [5000], 'price': 5000, 'old_price': 5000, 'currency': 'RUB', 'payment_amount': 5000, 'extras_variants': [], 'extras': {'42849': {'id': 42849, 'number': 1, 'extra_bed_type_id': 0, 'age': [1, 16], 'extra_bed': 0, 'free': 1}}, 'rate_id': 11859, 'deals': [], 'cancellation_type': 'special', 'credit_card': 1, 'bonus': 250, 'miles': 300, 'min_stay': 1, 'platichastyami': 0, 'mircashback': 500}, {'id': 1026155, 'capacity': 4, 'prepayment': 'FULL', 'nonrefundable': 0, 'cancellation_period': 14, 'cancellation_fee': 'FIRST', 'breakfast': 0, 'base_price': 5500, 'prices': [5500], 'price': 5500, 'old_price': 5500, 'currency': 'RUB', 'payment_amount': 5500, 'extras_variants': [], 'extras': {'42849': {'id': 42849, 'number': 1, 'extra_bed_type_id': 0, 'age': [1, 16], 'extra_bed': 0, 'free': 1}}, 'rate_id': 11859, 'deals': [], 'cancellation_type': 'special', 'credit_card': 1, 'bonus': 275, 'miles': 330, 'min_stay': 1, 'platichastyami': 0, 'mircashback': 550}]",4500.0,270,249578_101hotels,2026-08-26
78455,,,2,0,0,0,Двухместный,2,1,[{'single': 2}],[],"[{'id': 720491, 'capacity': 1, 'prepayment': 'FIRST', 'nonrefundable': 1, 'cancellation_period': 0, 'cancellation_fee': 'FIRST', 'breakfast': 1, 'base_price': 3800, 'prices': [3800], 'price': 3800, 'old_price': 3800, 'currency': 'RUB', 'payment_amount': 3800, 'extras_variants': [], 'extras': [], 'rate_id': 30122, 'deals': [], 'cancellation_type': 'nonrefundable', 'credit_card': 1, 'bonus': 190, 'miles': 228, 'min_stay': 1, 'platichastyami': 0, 'mircashback': 380}, {'id': 720500, 'capacity': 1, 'prepayment': 'FIRST', 'nonrefundable': 1, 'cancellation_period': 0, 'cancellation_fee': 'FIRST', 'breakfast': 2, 'base_price': 5600, 'prices': [5600], 'price': 5600, 'old_price': 5600, 'currency': 'RUB', 'payment_amount': 5600, 'extras_variants': [], 'extras': [], 'rate_id': 30123, 'deals': [], 'cancellation_type': 'nonrefundable', 'credit_card': 1, 'bonus': 280, 'miles': 336, 'min_stay': 1, 'platichastyami': 0, 'mircashback': 560}, {'id': 720492, 'capacity': 2, 'prepayment': 'FIRST', 'nonrefundable': 1, 'cancellation_period': 0, 'cancellation_fee': 'FIRST', 'breakfast': 1, 'base_price': 3800, 'prices': [3800], 'price': 3800, 'old_price': 3800, 'currency': 'RUB', 'payment_amount': 3800, 'extras_variants': [], 'extras': [], 'rate_id': 30122, 'deals': [], 'cancellation_type': 'nonrefundable', 'credit_card': 1, 'bonus': 190, 'miles': 228, 'min_stay': 1, 'platichastyami': 0, 'mircashback': 380}, {'id': 720501, 'capacity': 2, 'prepayment': 'FIRST', 'nonrefundable': 1, 'cancellation_period': 0, 'cancellation_fee': 'FIRST', 'breakfast': 2, 'base_price': 5600, 'prices': [5600], 'price': 5600, 'old_price': 5600, 'currency': 'RUB', 'payment_amount': 5600, 'extras_variants': [], 'extras': [], 'rate_id': 30123, 'deals': [], 'cancellation_type': 'nonrefundable', 'credit_card': 1, 'bonus': 280, 'miles': 336, 'min_stay': 1, 'platichastyami': 0, 'mircashback': 560}]",3800.0,228,15210_101hotels,2026-08-26
78456,,,3,0,0,0,Трехместный,37,2,[{'single': 3}],[],"[{'id': 720497, 'capacity': 1, 'prepayment': 'FIRST', 'nonrefundable': 1, 'cancellation_period': 0, 'cancellation_fee': 'FIRST', 'breakfast': 1, 'base_price': 5800, 'prices': [5800], 'price': 5800, 'old_price': 5800, 'currency': 'RUB', 'payment_amount': 5800, 'extras_variants': [], 'extras': [], 'rate_id': 30122, 'deals': [], 'cancellation_type': 'nonrefundable', 'credit_card': 1, 'bonus': 290, 'miles': 348, 'min_stay': 1, 'platichastyami': 0, 'mircashback': 580}, {'id': 720506, 'capacity': 1, 'prepayment': 'FIRST', 'nonrefundable': 1, 'cancellation_period': 0, 'cancellation_fee': 'FIRST', 'breakfast': 2, 'base_price': 8400, 'prices': [8400], 'price': 8400, 'old_price': 8400, 'currency': 'RUB', 'payment_amount': 8400, 'extras_variants': [], 'extras': [], 'rate_id': 30123, 'deals': [], 'cancellation_type': 'nonrefundable', 'credit_card': 1, 'bonus': 420, 'miles': 504, 'min_stay': 1, 'platichastyami': 0, 'mircashback': 840}, {'id': 720498, 'capacity': 2, 'prepayment': 'FIRST', 'nonrefundable': 1, 'cancellation_period': 0, 'cancellation_fee': 'FIRST', 'breakfast': 1, 'base_price': 5800, 'prices': [5800], 'price': 5800, 'old_price': 5800, 'currency': 'RUB', 'payment_amount': 5800, 'extras_variants': [], 'extras': [], 'rate_id': 30122, 'deals': [], 'cancellation_type': 'nonrefundable', 'credit_card': 1, 'bonus': 290, 'miles': 348, 'min_stay': 1, 'platichastyami': 0, 'mircashback': 580}, {'id': 720507, 'capacity': 2, 'prepayment': 'FIRST', 'nonrefundable': 1, 'cancellation_period': 0, 'cancellation_fee': 'FIRST', 'breakfast': 2, 'base_price': 8400, 'prices': [8400], 'price': 8400, 'old_price': 8400, 'currency': 'RUB', 'payment_amount': 8400, 'extras_variants': [], 'extras': [], 'rate_id': 30123, 'deals': [], 'cancellation_type': 'nonrefundable', 'credit_card': 1, 'bonus': 420, 'miles': 504, 'min_stay': 1, 'platichastyami': 0, 'mircashback': 840}, {'id': 720499, 'capacity': 3, 'prepayment': 'FIRST', 'nonrefundable': 1, 'cancellation_period': 0, 'cancellation_fee': 'FIRST', 'breakfast': 1, 'base_price': 5800, 'prices': [5800], 'price': 5800, 'old_price': 5800, 'currency': 'RUB', 'payment_amount': 5800, 'extras_variants': [], 'extras': [], 'rate_id': 30122, 'deals': [], 'cancellation_type': 'nonrefundable', 'credit_card': 1, 'bonus': 290, 'miles': 348, 'min_stay': 1, 'platichastyami': 0, 'mircashback': 580}, {'id': 720508, 'capacity': 3, 'prepayment': 'FIRST', 'nonrefundable': 1, 'cancellation_period': 0, 'cancellation_fee': 'FIRST', 'breakfast': 2, 'base_price': 8400, 'prices': [8400], 'price': 8400, 'old_price': 8400, 'currency': 'RUB', 'payment_amount': 8400, 'extras_variants': [], 'extras': [], 'rate_id': 30123, 'deals': [], 'cancellation_type': 'nonrefundable', 'credit_card': 1, 'bonus': 420, 'miles': 504, 'min_stay': 1, 'platichastyami': 0, 'mircashback': 840}]",5800.0,348,15210_101hotels,2026-08-26
2274542,,Номер с удобствами,2,0,0,1,Двухместный,2,1,[{'single': 2}],[],"[{'id': 792620, 'capacity': 1, 'prepayment': 'FIRST', 'nonrefundable': 1, 'cancellation_period': 0, 'cancellation_fee': 'FIRST', 'breakfast': 1, 'base_price': 6200, 'prices': [6200], 'price': 6200, 'old_price': 6200, 'currency': 'RUB', 'payment_amount': 6200, 'extras_variants': [], 'extras': [], 'rate_id': 30122, 'deals': [], 'cancellation_type': 'nonrefundable', 'credit_card': 1, 'bonus': 310, 'miles': 372, 'min_stay': 1, 'platichastyami': 0, 'mircashback': 620}, {'id': 792622, 'capacity': 1, 'prepayment': 'FIRST', 'nonrefundable': 1, 'cancellation_period': 0, 'cancellation_fee': 'FIRST', 'breakfast': 2, 'base_price': 10200, 'prices': [10200], 'price': 10200, 'old_price': 10200, 'currency': 'RUB', 'payment_amount': 10200, 'extras_variants': [], 'extras': [], 'rate_id': 30123, 'deals': [], 'cancellation_type': 'nonrefundable', 'credit_card': 1, 'bonus': 510, 'miles': 612, 'min_stay': 1, 'platichastyami': 0, 'mircashback': 1020}, {'id': 792621, 'capacity': 2, 'prepayment': 'FIRST', 'nonrefundable': 1, 'cancellation_period': 0, 'cancellation_fee': 'FIRST', 'breakfast': 1, 'base_price': 6200, 'prices': [6200], 'price': 6200, 'old_price': 6200, 'currency': 'RUB', 'payment_amount': 6200, 'extras_variants': [], 'extras': [], 'rate_id': 30122, 'deals': [], 'cancellation_type': 'nonrefundable', 'credit_card': 1, 'bonus': 310, 'miles': 372, 'min_stay': 1, 'platichastyami': 0, 'mircashback': 620}, {'id': 792623, 'capacity': 2, 'prepayment': 'FIRST', 'nonrefundable': 1, 'cancellation_period': 0, 'cancellation_fee': 'FIRST', 'breakfast': 2, 'base_price': 10200, 'prices': [10200], 'price': 10200, 'old_price': 10200, 'currency': 'RUB', 'payment_amount': 10200, 'extras_variants': [], 'extras': [], 'rate_id': 30123, 'deals': [], 'cancellation_type': 'nonrefundable', 'credit_card': 1, 'bonus': 510, 'miles': 612, 'min_stay': 1, 'platichastyami': 0, 'mircashback': 1020}]",6200.0,372,15210_101hotels,2026-08-26
1867840,,с 1 кроватью или 2 отдельными кроватями и собственной ванной комнатой,2,0,0,1,Двухместный,2,33,"[{'single': 2}, {'double': 1}]",[],"[{'id': 363371, 'capacity': 1, 'prepayment': 'FIRST', 'nonrefundable': 0, 'cancellation_period': 20, 'cancellation_fee': 'FIRST', 'breakfast': 1, 'base_price': 12500, 'prices': [12500], 'price': 12500, 'old_price': 12500, 'currency': 'RUB', 'payment_amount': 12500, 'extras_variants': [], 'extras': [], 'rate_id': 5539, 'deals': [], 'cancellation_type': 'special', 'credit_card': 1, 'bonus': 625, 'miles': 750, 'min_stay': 1, 'platichastyami': 0, 'mircashback': 1250}, {'id': 363372, 'capacity': 2, 'prepayment': 'FIRST', 'nonrefundable': 0, 'cancellation_period': 20, 'cancellation_fee': 'FIRST', 'breakfast': 1, 'base_price': 13000, 'prices': [13000], 'price': 13000, 'old_price': 13000, 'currency': 'RUB', 'payment_amount': 13000, 'extras_variants': [], 'extras': [], 'rate_id': 5539, 'deals': [], 'cancellation_type': 'special', 'credit_card': 1, 'bonus': 650, 'miles': 780, 'min_stay': 1, 'platichastyami': 0, 'mircashback': 1300}]",12500.0,750,559466_101hotels,2026-08-26
1867841,,Семейный номер,3,1,0,1,Делюкс,29,8,"[{'double': 1, 'sofa': 1}]","[{'id': '10792', 'number': '1', 'min_age': '0', 'max_age': '5', 'is_extra_bed': '0', 'extra_bed_type_id': '0'}]","[{'id': 363376, 'capacity': 1, 'prepayment': 'FIRST', 'nonrefundable': 0, 'cancellation_period': 20, 'cancellation_fee': 'FIRST', 'breakfast': 1, 'base_price': 16000, 'prices': [16000], 'price': 16000, 'old_price': 16000, 'currency': 'RUB', 'payment_amount': 16000, 'extras_variants': [], 'extras': {'10792': {'id': 10792, 'number': 1, 'extra_bed_type_id': 0, 'age': [0, 5], 'extra_bed': 0, 'free': 1}}, 'rate_id': 5539, 'deals': [], 'cancellation_type': 'special', 'credit_card': 1, 'bonus': 800, 'miles': 960, 'min_stay': 1, 'platichastyami': 0, 'mircashback': 1600}, {'id': 363377, 'capacity': 2, 'prepayment': 'FIRST', 'nonrefundable': 0, 'cancellation_period': 20, 'cancellation_fee': 'FIRST', 'breakfast': 1, 'base_price': 18000, 'prices': [18000], 'price': 18000, 'old_price': 18000, 'currency': 'RUB', 'payment_amount': 18000, 'extras_variants': [], 'extras': {'10792': {'id': 10792, 'number': 1, 'extra_bed_type_id': 0, 'age': [0, 5], 'extra_bed': 0, 'free': 1}}, 'rate_id': 5539, 'deals': [], 'cancellation_type': 'special', 'credit_card': 1, 'bonus': 900, 'miles': 1080, 'min_stay': 1, 'platichastyami': 0, 'mircashback': 1800}, {'id': 363378, 'capacity': 3, 'prepayment': 'FIRST', 'nonrefundable': 0, 'cancellation_period': 20, 'cancellation_fee': 'FIRST', 'breakfast': 1, 'base_price': 18000, 'prices': [18000], 'price': 18000, 'old_price': 18000, 'currency': 'RUB', 'payment_amount': 18000, 'extras_variants': [], 'extras': {'10792': {'id': 10792, 'number': 1, 'extra_bed_type_id': 0, 'age': [0, 5], 'extra_bed': 0, 'free': 1}}, 'rate_id': 5539, 'deals': [], 'cancellation_type': 'special', 'credit_card': 1, 'bonus': 900, 'miles': 1080, 'min_stay': 1, 'platichastyami': 0, 'mircashback': 1800}]",16000.0,960,559466_101hotels,2026-08-26
1867842,,с собственной ванной комнатой,3,0,0,1,Трехместный,37,8,[{'single': 3}],[],"[{'id': 363373, 'capacity': 1, 'prepayment': 'FIRST', 'nonrefundable': 0, 'cancellation_period': 20, 'cancellation_fee': 'FIRST', 'breakfast': 1, 'base_price': 12500, 'prices': [12500], 'price': 12500, 'old_price': 12500, 'currency': 'RUB', 'payment_amount': 12500, 'extras_variants': [], 'extras': [], 'rate_id': 5539, 'deals': [], 'cancellation_type': 'special', 'credit_card': 1, 'bonus': 625, 'miles': 750, 'min_stay': 1, 'platichastyami': 0, 'mircashback': 1250}, {'id': 363374, 'capacity': 2, 'prepayment': 'FIRST', 'nonrefundable': 0, 'cancellation_period': 20, 'cancellation_fee': 'FIRST', 'breakfast': 1, 'base_price': 13000, 'prices': [13000], 'price': 13000, 'old_price': 13000, 'currency': 'RUB', 'payment_amount': 13000, 'extras_variants': [], 'extras': [], 'rate_id': 5539, 'deals': [], 'cancellation_type': 'special', 'credit_card': 1, 'bonus': 650, 'miles': 780, 'min_stay': 1, 'platichastyami': 0, 'mircashback': 1300}, {'id': 363375, 'capacity': 3, 'prepayment': 'FIRST', 'nonrefundable': 0, 'cancellation_period': 20, 'cancellation_fee': 'FIRST', 'breakfast': 1, 'base_price': 16000, 'prices': [16000], 'price': 16000, 'old_price': 16000, 'currency': 'RUB', 'payment_amount': 16000, 'extras_variants': [], 'extras': [], 'rate_id': 5539, 'deals': [], 'cancellation_type': 'special', 'credit_card': 1, 'bonus': 800, 'miles': 960, 'min_stay': 1, 'platichastyami': 0, 'mircashback': 1600}]",12500.0,750,559466_101hotels,2026-08-26
2232454,,Бюджетный,2,1,0,1,Двухместный,2,15,"[{'single': 2}, {'double': 1}, {'single': 3}]","[{'id': '13409', 'number': '1', 'min_age': '6', 'max_age': '18', 'is_extra_bed': '1', 'extra_bed_type_id': '4'}]","[{'id': 415912, 'capacity': 1, 'prepayment': 'FULL', 'nonrefundable': 0, 'cancellation_period': 14, 'cancellation_fee': 'FIRST', 'breakfast': 1, 'base_price': 6000, 'prices': [6000], 'price': 6000, 'old_price': 6000, 'currency': 'RUB', 'payment_amount': 6000, 'extras_variants': [], 'extras': {'13409': {'id': 13409, 'number': 1, 'extra_bed_type_id': 4, 'age': [6, 18], 'extra_bed': 1, 'free': 1}}, 'rate_id': 8485, 'deals': [], 'cancellation_type': 'special', 'credit_card': 1, 'bonus': 300, 'miles': 360, 'min_stay': 1, 'platichastyami': 0, 'mircashback': 600}, {'id': 415913, 'capacity': 2, 'prepayment': 'FULL', 'nonrefundable': 0, 'cancellation_period': 14, 'cancellation_fee': 'FIRST', 'breakfast': 1, 'base_price': 6000, 'prices': [6000], 'price': 6000, 'old_price': 6000, 'currency': 'RUB', 'payment_amount': 6000, 'extras_variants': [], 'extras': {'13409': {'id': 13409, 'number': 1, 'extra_bed_type_id': 4, 'age': [6, 18], 'extra_bed': 1, 'free': 1}}, 'rate_id': 8485, 'deals': [], 'cancellation_type': 'special', 'credit_card': 1, 'bonus': 300, 'miles': 360, 'min_stay': 1, 'platichastyami': 0, 'mircashback': 600}]",6000.0,360,653669_101hotels,2026-08-26
1906257,,,2,0,0,1,Делюкс,29,1,"[{'single': 2}, {'double': 1}]",[],"[{'id': 253916, 'capacity': 1, 'prepayment': 'FIRST', 'nonrefundable': 0, 'cancellation_period': 14, 'cancellation_fee': 'FIRST', 'breakfast': 1, 'base_price': 16675, 'prices': [16675], 'price': 15007.5, 'old_price': 16675, 'currency': 'RUB', 'payment_amount': 16675, 'extras_variants': [], 'extras': [], 'rate_id': 366, 'deals': ['LAST_MINUTE'], 'cancellation_type': 'special', 'credit_card': 1, 'bonus': 750, 'miles': 900, 'min_stay': 1, 'platichastyami': 0, 'mircashback': 1501}, {'id': 253917, 'capacity': 2, 'prepayment': 'FIRST', 'nonrefundable': 0, 'cancellation_period': 14, 'cancellation_fee': 'FIRST', 'breakfast': 1, 'base_price': 17250, 'prices': [17250], 'price': 15525, 'old_price': 17250, 'currency': 'RUB', 'payment_amount': 17250, 'extras_variants': [], 'extras': [], 'rate_id': 366, 'deals': ['LAST_MINUTE'], 'cancellation_type': 'special', 'credit_card': 1, 'bonus': 776, 'miles': 930, 'min_stay': 1, 'platichastyami': 0, 'mircashback': 1553}]",15007.5,900,227948_101hotels,2026-08-26
1906259,,,2,0,0,1,Люкс,6,2,"[{'single': 2}, {'double': 1}]",[],"[{'id': 253920, 'capacity': 1, 'prepayment': 'FIRST', 'nonrefundable': 0, 'cancellation_period': 14, 'cancellation_fee': 'FIRST', 'breakfast': 1, 'base_price': 17825, 'prices': [17825], 'price': 16042.5, 'old_price': 17825, 'currency': 'RUB', 'payment_amount': 17825, 'extras_variants': [], 'extras': [], 'rate_id': 366, 'deals': ['LAST_MINUTE'], 'cancellation_type': 'special', 'credit_card': 1, 'bonus': 802, 'miles': 960, 'min_stay': 1, 'platichastyami': 0, 'mircashback': 1604}, {'id': 253921, 'capacity': 2, 'prepayment': 'FIRST', 'nonrefundable': 0, 'cancellation_period': 14, 'cancellation_fee': 'FIRST', 'breakfast': 1, 'base_price': 18400, 'prices': [18400], 'price': 16560, 'old_price': 18400, 'currency': 'RUB', 'payment_amount': 18400, 'extras_variants': [], 'extras': [], 'rate_id': 366, 'deals': ['LAST_MINUTE'], 'cancellation_type': 'special', 'credit_card': 1, 'bonus': 828, 'miles': 993, 'min_stay': 1, 'platichastyami': 0, 'mircashback': 1656}]",16042.5,960,227948_101hotels,2026-08-26
2271355,,Арт-номер,2,0,0,1,Двухместный,2,2,"[{'single': 2}, {'double': 1}]",[],"[{'id': 766415, 'capacity': 1, 'prepayment': 'FIRST', 'nonrefundable': 0, 'cancellation_period': 14, 'cancellation_fee': 'FIRST', 'breakfast': 1, 'base_price': 16675, 'prices': [16675], 'price': 15007.5, 'old_price': 16675, 'currency': 'RUB', 'payment_amount': 16675, 'extras_variants': [], 'extras': [], 'rate_id': 366, 'deals': ['LAST_MINUTE'], 'cancellation_type': 'special', 'credit_card': 1, 'bonus': 750, 'miles': 900, 'min_stay': 1, 'platichastyami': 0, 'mircashback': 1501}, {'id': 766416, 'capacity': 2, 'prepayment': 'FIRST', 'nonrefundable': 0, 'cancellation_period': 14, 'cancellation_fee': 'FIRST', 'breakfast': 1, 'base_price': 17250, 'prices': [17250], 'price': 15525, 'old_price': 17250, 'currency': 'RUB', 'payment_amount': 17250, 'extras_variants': [], 'extras': [], 'rate_id': 366, 'deals': ['LAST_MINUTE'], 'cancellation_type': 'special', 'credit_card': 1, 'bonus': 776, 'miles': 930, 'min_stay': 1, 'platichastyami': 0, 'mircashback': 1553}]",15007.5,900,227948_101hotels,2026-08-26
2280855,,Junior Suite,4,2,0,1,Полулюкс,4,16,"[{'single': 2, 'sofa': 1}]",[],"[{'id': 859682, 'capacity': 1, 'prepayment': 'FULL', 'nonrefundable': 0, 'cancellation_period': 14, 'cancellation_fee': 'FIRST', 'breakfast': 0, 'base_price': 7000, 'prices': [7000], 'price': 7000, 'old_price': 7000, 'currency': 'RUB', 'payment_amount': 7000, 'extras_variants': [], 'extras': [], 'rate_id': 39223, 'deals': [], 'cancellation_type': 'special', 'credit_card': 1, 'bonus': 350, 'miles': 420, 'min_stay': 1, 'platichastyami': 0, 'mircashback': 700}, {'id': 859683, 'capacity': 2, 'prepayment': 'FULL', 'nonrefundable': 0, 'cancellation_period': 14, 'cancellation_fee': 'FIRST', 'breakfast': 0, 'base_price': 7000, 'prices': [7000], 'price': 7000, 'old_price': 7000, 'currency': 'RUB', 'payment_amount': 7000, 'extras_variants': [], 'extras': [], 'rate_id': 39223, 'deals': [], 'cancellation_type': 'special', 'credit_card': 1, 'bonus': 350, 'miles': 420, 'min_stay': 1, 'platichastyami': 0, 'mircashback': 700}, {'id': 1191740, 'capacity': 3, 'prepayment': 'FULL', 'nonrefundable': 0, 'cancellation_period': 14, 'cancellation_fee': 'FIRST', 'breakfast': 0, 'base_price': 8000, 'prices': [8000], 'price': 8000, 'old_price': 8000, 'currency': 'RUB', 'payment_amount': 8000, 'extras_variants': [], 'extras': [], 'rate_id': 39223, 'deals': [], 'cancellation_type': 'special', 'credit_card': 1, 'bonus': 400, 'miles': 480, 'min_stay': 1, 'platichastyami': 0, 'mircashback': 800}, {'id': 1191741, 'capacity': 4, 'prepayment': 'FULL', 'nonrefundable': 0, 'cancellation_period': 14, 'cancellation_fee': 'FIRST', 'breakfast': 0, 'base_price': 9000, 'prices': [9000], 'price': 9000, 'old_price': 9000, 'currency': 'RUB', 'payment_amount': 9000, 'extras_variants': [], 'extras': [], 'rate_id': 39223, 'deals': [], 'cancellation_type': 'special', 'credit_card': 1, 'bonus': 450, 'miles': 540, 'min_stay': 1, 'platichastyami': 0, 'mircashback': 900}]",7000.0,420,668080_101hotels,2026-08-26
2280858,,,4,2,0,1,Люкс,6,1,"[{'double': 1, 'sofa': 1}]",[],"[{'id': 859795, 'capacity': 1, 'prepayment': 'FULL', 'nonrefundable': 0, 'cancellation_period': 14, 'cancellation_fee': 'FIRST', 'breakfast': 0, 'base_price': 10000, 'prices': [10000], 'price': 10000, 'old_price': 10000, 'currency': 'RUB', 'payment_amount': 10000, 'extras_variants': [], 'extras': [], 'rate_id': 39223, 'deals': [], 'cancellation_type': 'special', 'credit_card': 1, 'bonus': 500, 'miles': 600, 'min_stay': 1, 'platichastyami': 0, 'mircashback': 1000}, {'id': 859796, 'capacity': 2, 'prepayment': 'FULL', 'nonrefundable': 0, 'cancellation_period': 14, 'cancellation_fee': 'FIRST', 'breakfast': 0, 'base_price': 10000, 'prices': [10000], 'price': 10000, 'old_price': 10000, 'currency': 'RUB', 'payment_amount': 10000, 'extras_variants': [], 'extras': [], 'rate_id': 39223, 'deals': [], 'cancellation_type': 'special', 'credit_card': 1, 'bonus': 500, 'miles': 600, 'min_stay': 1, 'platichastyami': 0, 'mircashback': 1000}, {'id': 1191742, 'capacity': 3, 'prepayment': 'FULL', 'nonrefundable': 0, 'cancellation_period': 14, 'cancellation_fee': 'FIRST', 'breakfast': 0, 'base_price': 11000, 'prices': [11000], 'price': 11000, 'old_price': 11000, 'currency': 'RUB', 'payment_amount': 11000, 'extras_variants': [], 'extras': [], 'rate_id': 39223, 'deals': [], 'cancellation_type': 'special', 'credit_card': 1, 'bonus': 550, 'miles': 660, 'min_stay': 1, 'platichastyami': 0, 'mircashback': 1100}, {'id': 1191743, 'capacity': 4, 'prepayment': 'FULL', 'nonrefundable': 0, 'cancellation_period': 14, 'cancellation_fee': 'FIRST', 'breakfast': 0, 'base_price': 12000, 'prices': [12000], 'price': 12000, 'old_price': 12000, 'currency': 'RUB', 'payment_amount': 12000, 'extras_variants': [], 'extras': [], 'rate_id': 39223, 'deals': [], 'cancellation_type': 'special', 'credit_card': 1, 'bonus': 600, 'miles': 720, 'min_stay': 1, 'platichastyami': 0, 'mircashback': 1200}]",10000.0,600,668080_101hotels,2026-08-26
2299973,,Стандартный,2,1,0,1,Двухместный,2,4,"[{'single': 2, 'sofa': 1}, {'double': 1, 'sofa': 1}]",[],"[{'id': 1040937, 'capacity': 1, 'prepayment': 'FULL', 'nonrefundable': 0, 'cancellation_period': 0, 'cancellation_fee': 'NO', 'breakfast': 0, 'base_price': 10200, 'prices': [10200], 'price': 10200, 'old_price': 10200, 'currency': 'RUB', 'payment_amount': 10200, 'extras_variants': [], 'extras': [], 'rate_id': 50459, 'deals': [], 'cancellation_type': 'free', 'credit_card': 1, 'bonus': 510, 'miles': 612, 'min_stay': 1, 'platichastyami': 0, 'mircashback': 1020}, {'id': 1040938, 'capacity': 2, 'prepayment': 'FULL', 'nonrefundable': 0, 'cancellation_period': 0, 'cancellation_fee': 'NO', 'breakfast': 0, 'base_price': 10200, 'prices': [10200], 'price': 10200, 'old_price': 10200, 'currency': 'RUB', 'payment_amount': 10200, 'extras_variants': [], 'extras': [], 'rate_id': 50459, 'deals': [], 'cancellation_type': 'free', 'credit_card': 1, 'bonus': 510, 'miles': 612, 'min_stay': 1, 'platichastyami': 0, 'mircashback': 1020}]",10200.0,612,673191_101hotels,2026-08-26
2299974,,Стандартный улучшенный,2,0,0,1,Двухместный,2,4,"[{'single': 2}, {'double': 1}]",[],"[{'id': 1040939, 'capacity': 1, 'prepayment': 'FULL', 'nonrefundable': 0, 'cancellation_period': 0, 'cancellation_fee': 'NO', 'breakfast': 0, 'base_price': 11400, 'prices': [11400], 'price': 11400, 'old_price': 11400, 'currency': 'RUB', 'payment_amount': 11400, 'extras_variants': [], 'extras': [], 'rate_id': 50459, 'deals': [], 'cancellation_type': 'free', 'credit_card': 1, 'bonus': 570, 'miles': 684, 'min_stay': 1, 'platichastyami': 0, 'mircashback': 1140}, {'id': 1040940, 'capacity': 2, 'prepayment': 'FULL', 'nonrefundable': 0, 'cancellation_period': 0, 'cancellation_fee': 'NO', 'breakfast': 0, 'base_price': 11400, 'prices': [11400], 'price': 11400, 'old_price': 11400, 'currency': 'RUB', 'payment_amount': 11400, 'extras_variants': [], 'extras': [], 'rate_id': 50459, 'deals': [], 'cancellation_type': 'free', 'credit_card': 1, 'bonus': 570, 'miles': 684, 'min_stay': 1, 'platichastyami': 0, 'mircashback': 1140}]",11400.0,684,673191_101hotels,2026-08-26
2311821,,Полулюкс,2,1,0,1,Полулюкс,4,5,"[{'double': 1, 'sofa': 1}]","[{'id': '35737', 'number': '1', 'min_age': '0', 'max_age': '6', 'is_extra_bed': '0', 'extra_bed_type_id': '0'}]","[{'id': 1145848, 'capacity': 1, 'prepayment': 'FULL', 'nonrefundable': 0, 'cancellation_period': 0, 'cancellation_fee': 'NO', 'breakfast': 1, 'base_price': 9000, 'prices': [9000], 'price': 9000, 'old_price': 9000, 'currency': 'RUB', 'payment_amount': 9000, 'extras_variants': [], 'extras': {'35737': {'id': 35737, 'number': 1, 'extra_bed_type_id': 0, 'age': [0, 6], 'extra_bed': 0, 'free': 1}}, 'rate_id': 57795, 'deals': [], 'cancellation_type': 'free', 'credit_card': 1, 'bonus': 450, 'miles': 540, 'min_stay': 1, 'platichastyami': 0, 'mircashback': 900}, {'id': 1145849, 'capacity': 2, 'prepayment': 'FULL', 'nonrefundable': 0, 'cancellation_period': 0, 'cancellation_fee': 'NO', 'breakfast': 1, 'base_price': 9000, 'prices': [9000], 'price': 9000, 'old_price': 9000, 'currency': 'RUB', 'payment_amount': 9000, 'extras_variants': [], 'extras': {'35737': {'id': 35737, 'number': 1, 'extra_bed_type_id': 0, 'age': [0, 6], 'extra_bed': 0, 'free': 1}}, 'rate_id': 57795, 'deals': [], 'cancellation_type': 'free', 'credit_card': 1, 'bonus': 450, 'miles': 540, 'min_stay': 1, 'platichastyami': 0, 'mircashback': 900}]",9000.0,540,675975_101hotels,2026-08-26
2311822,,Стандарт двухместный,2,0,0,1,Двухместный,2,2,[{'single': 2}],"[{'id': '35738', 'number': '1', 'min_age': '0', 'max_age': '6', 'is_extra_bed': '0', 'extra_bed_type_id': '0'}]","[{'id': 1145844, 'capacity': 1, 'prepayment': 'FULL', 'nonrefundable': 0, 'cancellation_period': 0, 'cancellation_fee': 'NO', 'breakfast': 1, 'base_price': 9000, 'prices': [9000], 'price': 9000, 'old_price': 9000, 'currency': 'RUB', 'payment_amount': 9000, 'extras_variants': [], 'extras': {'35738': {'id': 35738, 'number': 1, 'extra_bed_type_id': 0, 'age': [0, 6], 'extra_bed': 0, 'free': 1}}, 'rate_id': 57795, 'deals': [], 'cancellation_type': 'free', 'credit_card': 1, 'bonus': 450, 'miles': 540, 'min_stay': 1, 'platichastyami': 0, 'mircashback': 900}, {'id': 1145845, 'capacity': 2, 'prepayment': 'FULL', 'nonrefundable': 0, 'cancellation_period': 0, 'cancellation_fee': 'NO', 'breakfast': 1, 'base_price': 9000, 'prices': [9000], 'price': 9000, 'old_price': 9000, 'currency': 'RUB', 'payment_amount': 9000, 'extras_variants': [], 'extras': {'35738': {'id': 35738, 'number': 1, 'extra_bed_type_id': 0, 'age': [0, 6], 'extra_bed': 0, 'free': 1}}, 'rate_id': 57795, 'deals': [], 'cancellation_type': 'free', 'credit_card': 1, 'bonus': 450, 'miles': 540, 'min_stay': 1, 'platichastyami': 0, 'mircashback': 900}]",9000.0,540,675975_101hotels,2026-08-26
1620071,,С 1 кроватью или 2 отдельными кроватями,2,1,0,1,Двухместный,2,3,"[{'single': 2}, {'single': 2, 'sofa': 1}, {'double': 1}, {'double': 1, 'sofa': 1}]","[{'id': '5236', 'number': '1', 'min_age': '0', 'max_age': '3', 'is_extra_bed': '1', 'extra_bed_type_id': '4'}]","[{'id': 569265, 'capacity': 1, 'prepayment': 'FIRST', 'nonrefundable': 0, 'cancellation_period': 3, 'cancellation_fee': 'FIRST', 'breakfast': 1, 'base_price': 9200, 'prices': [9200], 'price': 9200, 'old_price': 9200, 'currency': 'RUB', 'payment_amount': 9200, 'extras_variants': [], 'extras': {'5236': {'id': 5236, 'number': 1, 'extra_bed_type_id': 4, 'age': [0, 3], 'extra_bed': 1, 'free': 1}}, 'rate_id': 11332, 'deals': [], 'cancellation_type': 'special', 'credit_card': 1, 'bonus': 460, 'miles': 552, 'min_stay': 1, 'platichastyami': 0, 'mircashback': 920}, {'id': 569266, 'capacity': 2, 'prepayment': 'FIRST', 'nonrefundable': 0, 'cancellation_period': 3, 'cancellation_fee': 'FIRST', 'breakfast': 1, 'base_price': 10000, 'prices': [10000], 'price': 10000, 'old_price': 10000, 'currency': 'RUB', 'payment_amount': 10000, 'extras_variants': [], 'extras': {'5236': {'id': 5236, 'number': 1, 'extra_bed_type_id': 4, 'age': [0, 3], 'extra_bed': 1, 'free': 1}}, 'rate_id': 11332, 'deals': [], 'cancellation_type': 'special', 'credit_card': 1, 'bonus': 500, 'miles': 600, 'min_stay': 1, 'platichastyami': 0, 'mircashback': 1000}]",9200.0,552,496517_101hotels,2026-08-26
1620072,,Улучшенный с видом на море,3,1,0,1,Трехместный,37,1,"[{'single': 1, 'double': 1, 'sofa': 1}]","[{'id': '2334', 'number': '1', 'min_age': '0', 'max_age': '3', 'is_extra_bed': '1', 'extra_bed_type_id': '4'}]","[{'id': 569271, 'capacity': 1, 'prepayment': 'FIRST', 'nonrefundable': 0, 'cancellation_period': 3, 'cancellation_fee': 'FIRST', 'breakfast': 1, 'base_price': 13200, 'prices': [13200], 'price': 13200, 'old_price': 13200, 'currency': 'RUB', 'payment_amount': 13200, 'extras_variants': [], 'extras': {'2334': {'id': 2334, 'number': 1, 'extra_bed_type_id': 4, 'age': [0, 3], 'extra_bed': 1, 'free': 1}}, 'rate_id': 11332, 'deals': [], 'cancellation_type': 'special', 'credit_card': 1, 'bonus': 660, 'miles': 792, 'min_stay': 1, 'platichastyami': 0, 'mircashback': 1320}, {'id': 569272, 'capacity': 2, 'prepayment': 'FIRST', 'nonrefundable': 0, 'cancellation_period': 3, 'cancellation_fee': 'FIRST', 'breakfast': 1, 'base_price': 13200, 'prices': [13200], 'price': 13200, 'old_price': 13200, 'currency': 'RUB', 'payment_amount': 13200, 'extras_variants': [], 'extras': {'2334': {'id': 2334, 'number': 1, 'extra_bed_type_id': 4, 'age': [0, 3], 'extra_bed': 1, 'free': 1}}, 'rate_id': 11332, 'deals': [], 'cancellation_type': 'special', 'credit_card': 1, 'bonus': 660, 'miles': 792, 'min_stay': 1, 'platichastyami': 0, 'mircashback': 1320}, {'id': 569273, 'capacity': 3, 'prepayment': 'FIRST', 'nonrefundable': 0, 'cancellation_period': 3, 'cancellation_fee': 'FIRST', 'breakfast': 1, 'base_price': 14000, 'prices': [14000], 'price': 14000, 'old_price': 14000, 'currency': 'RUB', 'payment_amount': 14000, 'extras_variants': [], 'extras': {'2334': {'id': 2334, 'number': 1, 'extra_bed_type_id': 4, 'age': [0, 3], 'extra_bed': 1, 'free': 1}}, 'rate_id': 11332, 'deals': [], 'cancellation_type': 'special', 'credit_card': 1, 'bonus': 700, 'miles': 840, 'min_stay': 1, 'platichastyami': 0, 'mircashback': 1400}]",13200.0,792,496517_101hotels,2026-08-26
2214297,,С 1 кроватью или 2 отдельными кроватями и боковым видом на море,2,1,0,1,Двухместный,2,6,"[{'single': 2}, {'double': 1}]","[{'id': '2333', 'number': '1', 'min_age': '0', 'max_age': '3', 'is_extra_bed': '1', 'extra_bed_type_id': '4'}]","[{'id': 569268, 'capacity': 1, 'prepayment': 'FIRST', 'nonrefundable': 0, 'cancellation_period': 3, 'cancellation_fee': 'FIRST', 'breakfast': 1, 'base_price': 10200, 'prices': [10200], 'price': 10200, 'old_price': 10200, 'currency': 'RUB', 'payment_amount': 10200, 'extras_variants': [], 'extras': {'2333': {'id': 2333, 'number': 1, 'extra_bed_type_id': 4, 'age': [0, 3], 'extra_bed': 1, 'free': 1}}, 'rate_id': 11332, 'deals': [], 'cancellation_type': 'special', 'credit_card': 1, 'bonus': 510, 'miles': 612, 'min_stay': 1, 'platichastyami': 0, 'mircashback': 1020}, {'id': 569269, 'capacity': 2, 'prepayment': 'FIRST', 'nonrefundable': 0, 'cancellation_period': 3, 'cancellation_fee': 'FIRST', 'breakfast': 1, 'base_price': 11000, 'prices': [11000], 'price': 11000, 'old_price': 11000, 'currency': 'RUB', 'payment_amount': 11000, 'extras_variants': [], 'extras': {'2333': {'id': 2333, 'number': 1, 'extra_bed_type_id': 4, 'age': [0, 3], 'extra_bed': 1, 'free': 1}}, 'rate_id': 11332, 'deals': [], 'cancellation_type': 'special', 'credit_card': 1, 'bonus': 550, 'miles': 660, 'min_stay': 1, 'platichastyami': 0, 'mircashback': 1100}]",10200.0,612,496517_101hotels,2026-08-26
2298232,,Улучшенный,2,1,0,1,Бунгало,30,2,"[{'single': 1, 'double': 1}]","[{'id': '20473', 'number': '1', 'min_age': '1', 'max_age': '7', 'is_extra_bed': '1', 'extra_bed_type_id': '4'}]","[{'id': 1025877, 'capacity': 1, 'prepayment': 'FULL', 'nonrefundable': 0, 'cancellation_period': 0, 'cancellation_fee': 'NO', 'breakfast': 0, 'base_price': 5500, 'prices': [5500], 'price': 5500, 'old_price': 5500, 'currency': 'RUB', 'payment_amount': 5500, 'extras_variants': [], 'extras': {'20473': {'id': 20473, 'number': 1, 'extra_bed_type_id': 4, 'age': [1, 7], 'extra_bed': 1, 'free': 1}}, 'rate_id': 49542, 'deals': [], 'cancellation_type': 'free', 'credit_card': 1, 'bonus': 275, 'miles': 330, 'min_stay': 1, 'platichastyami': 0, 'mircashback': 550}, {'id': 1025878, 'capacity': 2, 'prepayment': 'FULL', 'nonrefundable': 0, 'cancellation_period': 0, 'cancellation_fee': 'NO', 'breakfast': 0, 'base_price': 5500, 'prices': [5500], 'price': 5500, 'old_price': 5500, 'currency': 'RUB', 'payment_amount': 5500, 'extras_variants': [], 'extras': {'20473': {'id': 20473, 'number': 1, 'extra_bed_type_id': 4, 'age': [1, 7], 'extra_bed': 1, 'free': 1}}, 'rate_id': 49542, 'deals': [], 'cancellation_type': 'free', 'credit_card': 1, 'bonus': 275, 'miles': 330, 'min_stay': 1, 'platichastyami': 0, 'mircashback': 550}]",5500.0,330,514123_101hotels,2026-08-26
78395,,Комфорт с 1 кроватью или 2 отдельными кроватями,2,0,0,1,Двухместный,2,20,"[{'single': 2}, {'double': 1}]",[],"[{'id': 316488, 'capacity': 1, 'prepayment': 'FIRST', 'nonrefundable': 0, 'cancellation_period': 1, 'cancellation_fee': 'FIRST', 'breakfast': 6, 'base_price': 11067, 'prices': [11067], 'price': 11067, 'old_price': 11067, 'currency': 'RUB', 'payment_amount': 11067, 'extras_variants': [], 'extras': [], 'rate_id': 3119, 'deals': [], 'cancellation_type': 'special', 'credit_card': 1, 'bonus': 553, 'miles': 663, 'min_stay': 1, 'platichastyami': 0, 'mircashback': 1107}, {'id': 525768, 'capacity': 1, 'prepayment': 'FIRST', 'nonrefundable': 0, 'cancellation_period': 1, 'cancellation_fee': 'FIRST', 'breakfast': 1, 'base_price': 11067, 'prices': [11067], 'price': 11067, 'old_price': 11067, 'currency': 'RUB', 'payment_amount': 11067, 'extras_variants': [], 'extras': [], 'rate_id': 16033, 'deals': [], 'cancellation_type': 'special', 'credit_card': 1, 'bonus': 553, 'miles': 663, 'min_stay': 1, 'platichastyami': 0, 'mircashback': 1107}, {'id': 316489, 'capacity': 2, 'prepayment': 'FIRST', 'nonrefundable': 0, 'cancellation_period': 1, 'cancellation_fee': 'FIRST', 'breakfast': 6, 'base_price': 12327, 'prices': [12327], 'price': 12327, 'old_price': 12327, 'currency': 'RUB', 'payment_amount': 12327, 'extras_variants': [], 'extras': [], 'rate_id': 3119, 'deals': [], 'cancellation_type': 'special', 'credit_card': 1, 'bonus': 616, 'miles': 738, 'min_stay': 1, 'platichastyami': 0, 'mircashback': 1233}, {'id': 525769, 'capacity': 2, 'prepayment': 'FIRST', 'nonrefundable': 0, 'cancellation_period': 1, 'cancellation_fee': 'FIRST', 'breakfast': 1, 'base_price': 12327, 'prices': [12327], 'price': 12327, 'old_price': 12327, 'currency': 'RUB', 'payment_amount': 12327, 'extras_variants': [], 'extras': [], 'rate_id': 16033, 'deals': [], 'cancellation_type': 'special', 'credit_card': 1, 'bonus': 616, 'miles': 738, 'min_stay': 1, 'platichastyami': 0, 'mircashback': 1233}]",11067.0,663,15192_101hotels,2026-08-26
2214121,,Улучшенный номер с 1 кроватью или 2 отдельными кроватями,2,0,0,1,Двухместный,2,7,"[{'single': 2}, {'double': 1}]",[],"[{'id': 316490, 'capacity': 1, 'prepayment': 'FIRST', 'nonrefundable': 0, 'cancellation_period': 1, 'cancellation_fee': 'FIRST', 'breakfast': 6, 'base_price': 9870, 'prices': [9870], 'price': 9870, 'old_price': 9870, 'currency': 'RUB', 'payment_amount': 9870, 'extras_variants': [], 'extras': [], 'rate_id': 3119, 'deals': [], 'cancellation_type': 'special', 'credit_card': 1, 'bonus': 494, 'miles': 591, 'min_stay': 1, 'platichastyami': 0, 'mircashback': 987}, {'id': 525770, 'capacity': 1, 'prepayment': 'FIRST', 'nonrefundable': 0, 'cancellation_period': 1, 'cancellation_fee': 'FIRST', 'breakfast': 1, 'base_price': 9870, 'prices': [9870], 'price': 9870, 'old_price': 9870, 'currency': 'RUB', 'payment_amount': 9870, 'extras_variants': [], 'extras': [], 'rate_id': 16033, 'deals': [], 'cancellation_type': 'special', 'credit_card': 1, 'bonus': 494, 'miles': 591, 'min_stay': 1, 'platichastyami': 0, 'mircashback': 987}, {'id': 316491, 'capacity': 2, 'prepayment': 'FIRST', 'nonrefundable': 0, 'cancellation_period': 1, 'cancellation_fee': 'FIRST', 'breakfast': 6, 'base_price': 11130, 'prices': [11130], 'price': 11130, 'old_price': 11130, 'currency': 'RUB', 'payment_amount': 11130, 'extras_variants': [], 'extras': [], 'rate_id': 3119, 'deals': [], 'cancellation_type': 'special', 'credit_card': 1, 'bonus': 557, 'miles': 666, 'min_stay': 1, 'platichastyami': 0, 'mircashback': 1113}, {'id': 525771, 'capacity': 2, 'prepayment': 'FIRST', 'nonrefundable': 0, 'cancellation_period': 1, 'cancellation_fee': 'FIRST', 'breakfast': 1, 'base_price': 11130, 'prices': [11130], 'price': 11130, 'old_price': 11130, 'currency': 'RUB', 'payment_amount': 11130, 'extras_variants': [], 'extras': [], 'rate_id': 16033, 'deals': [], 'cancellation_type': 'special', 'credit_card': 1, 'bonus': 557, 'miles': 666, 'min_stay': 1, 'platichastyami': 0, 'mircashback': 1113}]",9870.0,591,15192_101hotels,2026-08-26
2214122,,Семейный номер,3,0,0,1,Трехместный,37,1,"[{'single': 1}, {'single': 1, 'double': 1}]",[],"[{'id': 316500, 'capacity': 1, 'prepayment': 'FIRST', 'nonrefundable': 0, 'cancellation_period': 1, 'cancellation_fee': 'FIRST', 'breakfast': 6, 'base_price': 13839, 'prices': [13839], 'price': 13839, 'old_price': 13839, 'currency': 'RUB', 'payment_amount': 13839, 'extras_variants': [], 'extras': [], 'rate_id': 3119, 'deals': [], 'cancellation_type': 'special', 'credit_card': 1, 'bonus': 692, 'miles': 828, 'min_stay': 1, 'platichastyami': 0, 'mircashback': 1384}, {'id': 525782, 'capacity': 1, 'prepayment': 'FIRST', 'nonrefundable': 0, 'cancellation_period': 1, 'cancellation_fee': 'FIRST', 'breakfast': 1, 'base_price': 13839, 'prices': [13839], 'price': 13839, 'old_price': 13839, 'currency': 'RUB', 'payment_amount': 13839, 'extras_variants': [], 'extras': [], 'rate_id': 16033, 'deals': [], 'cancellation_type': 'special', 'credit_card': 1, 'bonus': 692, 'miles': 828, 'min_stay': 1, 'platichastyami': 0, 'mircashback': 1384}, {'id': 316501, 'capacity': 2, 'prepayment': 'FIRST', 'nonrefundable': 0, 'cancellation_period': 1, 'cancellation_fee': 'FIRST', 'breakfast': 6, 'base_price': 13839, 'prices': [13839], 'price': 13839, 'old_price': 13839, 'currency': 'RUB', 'payment_amount': 13839, 'extras_variants': [], 'extras': [], 'rate_id': 3119, 'deals': [], 'cancellation_type': 'special', 'credit_card': 1, 'bonus': 692, 'miles': 828, 'min_stay': 1, 'platichastyami': 0, 'mircashback': 1384}, {'id': 525783, 'capacity': 2, 'prepayment': 'FIRST', 'nonrefundable': 0, 'cancellation_period': 1, 'cancellation_fee': 'FIRST', 'breakfast': 1, 'base_price': 13839, 'prices': [13839], 'price': 13839, 'old_price': 13839, 'currency': 'RUB', 'payment_amount': 13839, 'extras_variants': [], 'extras': [], 'rate_id': 16033, 'deals': [], 'cancellation_type': 'special', 'credit_card': 1, 'bonus': 692, 'miles': 828, 'min_stay': 1, 'platichastyami': 0, 'mircashback': 1384}, {'id': 316502, 'capacity': 3, 'prepayment': 'FIRST', 'nonrefundable': 0, 'cancellation_period': 1, 'cancellation_fee': 'FIRST', 'breakfast': 6, 'base_price': 13839, 'prices': [13839], 'price': 13839, 'old_price': 13839, 'currency': 'RUB', 'payment_amount': 13839, 'extras_variants': [], 'extras': [], 'rate_id': 3119, 'deals': [], 'cancellation_type': 'special', 'credit_card': 1, 'bonus': 692, 'miles': 828, 'min_stay': 1, 'platichastyami': 0, 'mircashback': 1384}, {'id': 525784, 'capacity': 3, 'prepayment': 'FIRST', 'nonrefundable': 0, 'cancellation_period': 1, 'cancellation_fee': 'FIRST', 'breakfast': 1, 'base_price': 13839, 'prices': [13839], 'price': 13839, 'old_price': 13839, 'currency': 'RUB', 'payment_amount': 13839, 'extras_variants': [], 'extras': [], 'rate_id': 16033, 'deals': [], 'cancellation_type': 'special', 'credit_card': 1, 'bonus': 692, 'miles': 828, 'min_stay': 1, 'platichastyami': 0, 'mircashback': 1384}]",13839.0,828,15192_101hotels,2026-08-26
2216716,,Стандарт с одной или двумя кроватями,2,0,0,1,Двухместный,2,33,"[{'single': 2}, {'double': 1}]",[],"[{'id': 428479, 'capacity': 1, 'prepayment': 'FIRST', 'nonrefundable': 0, 'cancellation_period': 1, 'cancellation_fee': 'FIRST', 'breakfast': 6, 'base_price': 8904, 'prices': [8904], 'price': 8904, 'old_price': 8904, 'currency': 'RUB', 'payment_amount': 8904, 'extras_variants': [], 'extras': [], 'rate_id': 3119, 'deals': [], 'cancellation_type': 'special', 'credit_card': 1, 'bonus': 445, 'miles': 534, 'min_stay': 1, 'platichastyami': 0, 'mircashback': 890}, {'id': 525772, 'capacity': 1, 'prepayment': 'FIRST', 'nonrefundable': 0, 'cancellation_period': 1, 'cancellation_fee': 'FIRST', 'breakfast': 1, 'base_price': 8904, 'prices': [8904], 'price': 8904, 'old_price': 8904, 'currency': 'RUB', 'payment_amount': 8904, 'extras_variants': [], 'extras': [], 'rate_id': 16033, 'deals': [], 'cancellation_type': 'special', 'credit_card': 1, 'bonus': 445, 'miles': 534, 'min_stay': 1, 'platichastyami': 0, 'mircashback': 890}, {'id': 428480, 'capacity': 2, 'prepayment': 'FIRST', 'nonrefundable': 0, 'cancellation_period': 1, 'cancellation_fee': 'FIRST', 'breakfast': 6, 'base_price': 10164, 'prices': [10164], 'price': 10164, 'old_price': 10164, 'currency': 'RUB', 'payment_amount': 10164, 'extras_variants': [], 'extras': [], 'rate_id': 3119, 'deals': [], 'cancellation_type': 'special', 'credit_card': 1, 'bonus': 508, 'miles': 609, 'min_stay': 1, 'platichastyami': 0, 'mircashback': 1016}, {'id': 525773, 'capacity': 2, 'prepayment': 'FIRST', 'nonrefundable': 0, 'cancellation_period': 1, 'cancellation_fee': 'FIRST', 'breakfast': 1, 'base_price': 10164, 'prices': [10164], 'price': 10164, 'old_price': 10164, 'currency': 'RUB', 'payment_amount': 10164, 'extras_variants': [], 'extras': [], 'rate_id': 16033, 'deals': [], 'cancellation_type': 'special', 'credit_card': 1, 'bonus': 508, 'miles': 609, 'min_stay': 1, 'platichastyami': 0, 'mircashback': 1016}]",8904.0,534,15192_101hotels,2026-08-26
78442,,Номер с 2 отдельными кроватями и видом на озеро,2,1,0,1,Двухместный,2,12,[{'single': 2}],[],"[{'id': 522551, 'capacity': 1, 'prepayment': 'FIRST', 'nonrefundable': 1, 'cancellation_period': 0, 'cancellation_fee': 'FIRST', 'breakfast': 1, 'base_price': 15000, 'prices': [15000], 'price': 15000, 'old_price': 15000, 'currency': 'RUB', 'payment_amount': 15000, 'extras_variants': [], 'extras': [], 'rate_id': 15854, 'deals': [], 'cancellation_type': 'nonrefundable', 'credit_card': 1, 'bonus': 750, 'miles': 900, 'min_stay': 1, 'platichastyami': 0, 'mircashback': 1500}, {'id': 522552, 'capacity': 2, 'prepayment': 'FIRST', 'nonrefundable': 1, 'cancellation_period': 0, 'cancellation_fee': 'FIRST', 'breakfast': 1, 'base_price': 15000, 'prices': [15000], 'price': 15000, 'old_price': 15000, 'currency': 'RUB', 'payment_amount': 15000, 'extras_variants': [], 'extras': [], 'rate_id': 15854, 'deals': [], 'cancellation_type': 'nonrefundable', 'credit_card': 1, 'bonus': 750, 'miles': 900, 'min_stay': 1, 'platichastyami': 0, 'mircashback': 1500}]",15000.0,900,15206_101hotels,2026-08-26
78443,,Номер с 1 кроватью и видом на озеро,2,1,0,1,Двухместный,2,3,[{'double': 1}],[],"[{'id': 522553, 'capacity': 1, 'prepayment': 'FIRST', 'nonrefundable': 1, 'cancellation_period': 0, 'cancellation_fee': 'FIRST', 'breakfast': 1, 'base_price': 15000, 'prices': [15000], 'price': 15000, 'old_price': 15000, 'currency': 'RUB', 'payment_amount': 15000, 'extras_variants': [], 'extras': [], 'rate_id': 15854, 'deals': [], 'cancellation_type': 'nonrefundable', 'credit_card': 1, 'bonus': 750, 'miles': 900, 'min_stay': 1, 'platichastyami': 0, 'mircashback': 1500}, {'id': 522554, 'capacity': 2, 'prepayment': 'FIRST', 'nonrefundable': 1, 'cancellation_period': 0, 'cancellation_fee': 'FIRST', 'breakfast': 1, 'base_price': 15000, 'prices': [15000], 'price': 15000, 'old_price': 15000, 'currency': 'RUB', 'payment_amount': 15000, 'extras_variants': [], 'extras': [], 'rate_id': 15854, 'deals': [], 'cancellation_type': 'nonrefundable', 'credit_card': 1, 'bonus': 750, 'miles': 900, 'min_stay': 1, 'platichastyami': 0, 'mircashback': 1500}]",15000.0,900,15206_101hotels,2026-08-26
2274284,,Номер повышенной категории с двуспальной кроватью,2,1,0,1,Двухместный,2,1,[{'double': 1}],[],"[{'id': 805359, 'capacity': 1, 'prepayment': 'FIRST', 'nonrefundable': 1, 'cancellation_period': 0, 'cancellation_fee': 'FIRST', 'breakfast': 1, 'base_price': 17400, 'prices': [17400], 'price': 17400, 'old_price': 17400, 'currency': 'RUB', 'payment_amount': 17400, 'extras_variants': [], 'extras': [], 'rate_id': 15854, 'deals': [], 'cancellation_type': 'nonrefundable', 'credit_card': 1, 'bonus': 870, 'miles': 1044, 'min_stay': 1, 'platichastyami': 0, 'mircashback': 1740}, {'id': 805360, 'capacity': 2, 'prepayment': 'FIRST', 'nonrefundable': 1, 'cancellation_period': 0, 'cancellation_fee': 'FIRST', 'breakfast': 1, 'base_price': 17400, 'prices': [17400], 'price': 17400, 'old_price': 17400, 'currency': 'RUB', 'payment_amount': 17400, 'extras_variants': [], 'extras': [], 'rate_id': 15854, 'deals': [], 'cancellation_type': 'nonrefundable', 'credit_card': 1, 'bonus': 870, 'miles': 1044, 'min_stay': 1, 'platichastyami': 0, 'mircashback': 1740}]",17400.0,1044,15206_101hotels,2026-08-26
2274494,,Номер повышенной категории с раздельными кроватями,2,1,0,1,Двухместный,2,2,[{'single': 2}],[],"[{'id': 792327, 'capacity': 1, 'prepayment': 'FIRST', 'nonrefundable': 1, 'cancellation_period': 0, 'cancellation_fee': 'FIRST', 'breakfast': 1, 'base_price': 17400, 'prices': [17400], 'price': 17400, 'old_price': 17400, 'currency': 'RUB', 'payment_amount': 17400, 'extras_variants': [], 'extras': [], 'rate_id': 15854, 'deals': [], 'cancellation_type': 'nonrefundable', 'credit_card': 1, 'bonus': 870, 'miles': 1044, 'min_stay': 1, 'platichastyami': 0, 'mircashback': 1740}, {'id': 792328, 'capacity': 2, 'prepayment': 'FIRST', 'nonrefundable': 1, 'cancellation_period': 0, 'cancellation_fee': 'FIRST', 'breakfast': 1, 'base_price': 17400, 'prices': [17400], 'price': 17400, 'old_price': 17400, 'currency': 'RUB', 'payment_amount': 17400, 'extras_variants': [], 'extras': [], 'rate_id': 15854, 'deals': [], 'cancellation_type': 'nonrefundable', 'credit_card': 1, 'bonus': 870, 'miles': 1044, 'min_stay': 1, 'platichastyami': 0, 'mircashback': 1740}]",17400.0,1044,15206_101hotels,2026-08-26
2232542,,Стандарт семейный двухспальная кровать и дополнительное место.,2,1,0,1,Двухместный,2,2,"[{'single': 1, 'double': 1}]",[],"[{'id': 1220163, 'capacity': 1, 'prepayment': 'FULL', 'nonrefundable': 0, 'cancellation_period': 0, 'cancellation_fee': 'NO', 'breakfast': 0, 'base_price': 8500, 'prices': [8500], 'price': 8500, 'old_price': 8500, 'currency': 'RUB', 'payment_amount': 8500, 'extras_variants': [], 'extras': [], 'rate_id': 62660, 'deals': [], 'cancellation_type': 'free', 'credit_card': 1, 'bonus': 425, 'miles': 510, 'min_stay': 1, 'platichastyami': 0, 'mircashback': 850}, {'id': 1220164, 'capacity': 2, 'prepayment': 'FULL', 'nonrefundable': 0, 'cancellation_period': 0, 'cancellation_fee': 'NO', 'breakfast': 0, 'base_price': 8500, 'prices': [8500], 'price': 8500, 'old_price': 8500, 'currency': 'RUB', 'payment_amount': 8500, 'extras_variants': [], 'extras': [], 'rate_id': 62660, 'deals': [], 'cancellation_type': 'free', 'credit_card': 1, 'bonus': 425, 'miles': 510, 'min_stay': 1, 'platichastyami': 0, 'mircashback': 850}]",8500.0,510,189278_101hotels,2026-08-26
2214278,,Стандартный номер с 2 отдельными кроватями,2,1,0,1,Двухместный,2,6,[{'single': 2}],[],"[{'id': 330368, 'capacity': 1, 'prepayment': 'FIRST', 'nonrefundable': 1, 'cancellation_period': 0, 'cancellation_fee': 'FIRST', 'breakfast': 1, 'base_price': 16000, 'prices': [16000], 'price': 16000, 'old_price': 16000, 'currency': 'RUB', 'payment_amount': 16000, 'extras_variants': [], 'extras': [], 'rate_id': 3781, 'deals': [], 'cancellation_type': 'nonrefundable', 'credit_card': 1, 'bonus': 800, 'miles': 960, 'min_stay': 1, 'platichastyami': 0, 'mircashback': 1600}, {'id': 330369, 'capacity': 2, 'prepayment': 'FIRST', 'nonrefundable': 1, 'cancellation_period': 0, 'cancellation_fee': 'FIRST', 'breakfast': 1, 'base_price': 16000, 'prices': [16000], 'price': 16000, 'old_price': 16000, 'currency': 'RUB', 'payment_amount': 16000, 'extras_variants': [], 'extras': [], 'rate_id': 3781, 'deals': [], 'cancellation_type': 'nonrefundable', 'credit_card': 1, 'bonus': 800, 'miles': 960, 'min_stay': 1, 'platichastyami': 0, 'mircashback': 1600}]",16000.0,960,458938_101hotels,2026-08-26
2214280,,,6,3,0,1,Апартаменты,14,1,"[{'double': 2}, {'single': 2}]",[],"[{'id': 330360, 'capacity': 1, 'prepayment': 'FIRST', 'nonrefundable': 1, 'cancellation_period': 0, 'cancellation_fee': 'FIRST', 'breakfast': 1, 'base_price': 72000, 'prices': [72000], 'price': 72000, 'old_price': 72000, 'currency': 'RUB', 'payment_amount': 72000, 'extras_variants': [], 'extras': [], 'rate_id': 3781, 'deals': [], 'cancellation_type': 'nonrefundable', 'credit_card': 1, 'bonus': 3600, 'miles': 4320, 'min_stay': 1, 'platichastyami': 0, 'mircashback': 7200}, {'id': 330361, 'capacity': 2, 'prepayment': 'FIRST', 'nonrefundable': 1, 'cancellation_period': 0, 'cancellation_fee': 'FIRST', 'breakfast': 1, 'base_price': 72000, 'prices': [72000], 'price': 72000, 'old_price': 72000, 'currency': 'RUB', 'payment_amount': 72000, 'extras_variants': [], 'extras': [], 'rate_id': 3781, 'deals': [], 'cancellation_type': 'nonrefundable', 'credit_card': 1, 'bonus': 3600, 'miles': 4320, 'min_stay': 1, 'platichastyami': 0, 'mircashback': 7200}, {'id': 330362, 'capacity': 3, 'prepayment': 'FIRST', 'nonrefundable': 1, 'cancellation_period': 0, 'cancellation_fee': 'FIRST', 'breakfast': 1, 'base_price': 72000, 'prices': [72000], 'price': 72000, 'old_price': 72000, 'currency': 'RUB', 'payment_amount': 72000, 'extras_variants': [], 'extras': [], 'rate_id': 3781, 'deals': [], 'cancellation_type': 'nonrefundable', 'credit_card': 1, 'bonus': 3600, 'miles': 4320, 'min_stay': 1, 'platichastyami': 0, 'mircashback': 7200}, {'id': 330363, 'capacity': 4, 'prepayment': 'FIRST', 'nonrefundable': 1, 'cancellation_period': 0, 'cancellation_fee': 'FIRST', 'breakfast': 1, 'base_price': 72000, 'prices': [72000], 'price': 72000, 'old_price': 72000, 'currency': 'RUB', 'payment_amount': 72000, 'extras_variants': [], 'extras': [], 'rate_id': 3781, 'deals': [], 'cancellation_type': 'nonrefundable', 'credit_card': 1, 'bonus': 3600, 'miles': 4320, 'min_stay': 1, 'platichastyami': 0, 'mircashback': 7200}, {'id': 330364, 'capacity': 5, 'prepayment': 'FIRST', 'nonrefundable': 1, 'cancellation_period': 0, 'cancellation_fee': 'FIRST', 'breakfast': 1, 'base_price': 72000, 'prices': [72000], 'price': 72000, 'old_price': 72000, 'currency': 'RUB', 'payment_amount': 72000, 'extras_variants': [], 'extras': [], 'rate_id': 3781, 'deals': [], 'cancellation_type': 'nonrefundable', 'credit_card': 1, 'bonus': 3600, 'miles': 4320, 'min_stay': 1, 'platichastyami': 0, 'mircashback': 7200}, {'id': 330365, 'capacity': 6, 'prepayment': 'FIRST', 'nonrefundable': 1, 'cancellation_period': 0, 'cancellation_fee': 'FIRST', 'breakfast': 1, 'base_price': 72000, 'prices': [72000], 'price': 72000, 'old_price': 72000, 'currency': 'RUB', 'payment_amount': 72000, 'extras_variants': [], 'extras': [], 'rate_id': 3781, 'deals': [], 'cancellation_type': 'nonrefundable', 'credit_card': 1, 'bonus': 3600, 'miles': 4320, 'min_stay': 1, 'platichastyami': 0, 'mircashback': 7200}]",72000.0,4320,458938_101hotels,2026-08-26
2224127,,Арт-номер с двухспальной кроватью,2,1,0,1,Двухместный,2,4,[{'double': 1}],[],"[{'id': 394930, 'capacity': 1, 'prepayment': 'FIRST', 'nonrefundable': 1, 'cancellation_period': 0, 'cancellation_fee': 'FIRST', 'breakfast': 1, 'base_price': 18000, 'prices': [18000], 'price': 18000, 'old_price': 18000, 'currency': 'RUB', 'payment_amount': 18000, 'extras_variants': [], 'extras': [], 'rate_id': 3781, 'deals': [], 'cancellation_type': 'nonrefundable', 'credit_card': 1, 'bonus': 900, 'miles': 1080, 'min_stay': 1, 'platichastyami': 0, 'mircashback': 1800}, {'id': 394931, 'capacity': 2, 'prepayment': 'FIRST', 'nonrefundable': 1, 'cancellation_period': 0, 'cancellation_fee': 'FIRST', 'breakfast': 1, 'base_price': 18000, 'prices': [18000], 'price': 18000, 'old_price': 18000, 'currency': 'RUB', 'payment_amount': 18000, 'extras_variants': [], 'extras': [], 'rate_id': 3781, 'deals': [], 'cancellation_type': 'nonrefundable', 'credit_card': 1, 'bonus': 900, 'miles': 1080, 'min_stay': 1, 'platichastyami': 0, 'mircashback': 1800}]",18000.0,1080,458938_101hotels,2026-08-26
2228781,,Арт-номер с раздельными кроватями,2,1,0,1,Двухместный,2,3,[{'single': 2}],[],"[{'id': 394932, 'capacity': 1, 'prepayment': 'FIRST', 'nonrefundable': 1, 'cancellation_period': 0, 'cancellation_fee': 'FIRST', 'breakfast': 1, 'base_price': 18000, 'prices': [18000], 'price': 18000, 'old_price': 18000, 'currency': 'RUB', 'payment_amount': 18000, 'extras_variants': [], 'extras': [], 'rate_id': 3781, 'deals': [], 'cancellation_type': 'nonrefundable', 'credit_card': 1, 'bonus': 900, 'miles': 1080, 'min_stay': 1, 'platichastyami': 0, 'mircashback': 1800}, {'id': 394933, 'capacity': 2, 'prepayment': 'FIRST', 'nonrefundable': 1, 'cancellation_period': 0, 'cancellation_fee': 'FIRST', 'breakfast': 1, 'base_price': 18000, 'prices': [18000], 'price': 18000, 'old_price': 18000, 'currency': 'RUB', 'payment_amount': 18000, 'extras_variants': [], 'extras': [], 'rate_id': 3781, 'deals': [], 'cancellation_type': 'nonrefundable', 'credit_card': 1, 'bonus': 900, 'miles': 1080, 'min_stay': 1, 'platichastyami': 0, 'mircashback': 1800}]",18000.0,1080,458938_101hotels,2026-08-26
2298936,,Арт номер в доме на береговой линии,2,1,0,1,Мини-дом,57,7,[{'double': 1}],"[{'id': '20762', 'number': '1', 'min_age': '0', 'max_age': '3', 'is_extra_bed': '1', 'extra_bed_type_id': '4'}]","[{'id': 1030861, 'capacity': 1, 'prepayment': 'FIRST', 'nonrefundable': 1, 'cancellation_period': 0, 'cancellation_fee': 'FIRST', 'breakfast': 1, 'base_price': 35000, 'prices': [35000], 'price': 35000, 'old_price': 35000, 'currency': 'RUB', 'payment_amount': 35000, 'extras_variants': [], 'extras': {'20762': {'id': 20762, 'number': 1, 'extra_bed_type_id': 4, 'age': [0, 3], 'extra_bed': 1, 'free': 1}}, 'rate_id': 3781, 'deals': [], 'cancellation_type': 'nonrefundable', 'credit_card': 1, 'bonus': 1750, 'miles': 2100, 'min_stay': 1, 'platichastyami': 0, 'mircashback': 3500}, {'id': 1030862, 'capacity': 2, 'prepayment': 'FIRST', 'nonrefundable': 1, 'cancellation_period': 0, 'cancellation_fee': 'FIRST', 'breakfast': 1, 'base_price': 35000, 'prices': [35000], 'price': 35000, 'old_price': 35000, 'currency': 'RUB', 'payment_amount': 35000, 'extras_variants': [], 'extras': {'20762': {'id': 20762, 'number': 1, 'extra_bed_type_id': 4, 'age': [0, 3], 'extra_bed': 1, 'free': 1}}, 'rate_id': 3781, 'deals': [], 'cancellation_type': 'nonrefundable', 'credit_card': 1, 'bonus': 1750, 'miles': 2100, 'min_stay': 1, 'platichastyami': 0, 'mircashback': 3500}]",35000.0,2100,458938_101hotels,2026-08-26
2298938,,Семейный номер Делюкс с красивым видом из окна,2,1,0,1,Дом,56,5,[{'single': 2}],[],"[{'id': 1030863, 'capacity': 1, 'prepayment': 'FIRST', 'nonrefundable': 1, 'cancellation_period': 0, 'cancellation_fee': 'FIRST', 'breakfast': 1, 'base_price': 40000, 'prices': [40000], 'price': 40000, 'old_price': 40000, 'currency': 'RUB', 'payment_amount': 40000, 'extras_variants': [], 'extras': [], 'rate_id': 3781, 'deals': [], 'cancellation_type': 'nonrefundable', 'credit_card': 1, 'bonus': 2000, 'miles': 2400, 'min_stay': 1, 'platichastyami': 0, 'mircashback': 4000}, {'id': 1030864, 'capacity': 2, 'prepayment': 'FIRST', 'nonrefundable': 1, 'cancellation_period': 0, 'cancellation_fee': 'FIRST', 'breakfast': 1, 'base_price': 40000, 'prices': [40000], 'price': 40000, 'old_price': 40000, 'currency': 'RUB', 'payment_amount': 40000, 'extras_variants': [], 'extras': [], 'rate_id': 3781, 'deals': [], 'cancellation_type': 'nonrefundable', 'credit_card': 1, 'bonus': 2000, 'miles': 2400, 'min_stay': 1, 'platichastyami': 0, 'mircashback': 4000}]",40000.0,2400,458938_101hotels,2026-08-26
2298939,,Апартаменты на берегу озера,2,1,0,1,Дом,56,4,[{'double': 1}],[],"[{'id': 1030867, 'capacity': 1, 'prepayment': 'FIRST', 'nonrefundable': 1, 'cancellation_period': 0, 'cancellation_fee': 'FIRST', 'breakfast': 1, 'base_price': 50000, 'prices': [50000], 'price': 50000, 'old_price': 50000, 'currency': 'RUB', 'payment_amount': 50000, 'extras_variants': [], 'extras': [], 'rate_id': 3781, 'deals': [], 'cancellation_type': 'nonrefundable', 'credit_card': 1, 'bonus': 2500, 'miles': 3000, 'min_stay': 1, 'platichastyami': 0, 'mircashback': 5000}, {'id': 1030868, 'capacity': 2, 'prepayment': 'FIRST', 'nonrefundable': 1, 'cancellation_period': 0, 'cancellation_fee': 'FIRST', 'breakfast': 1, 'base_price': 50000, 'prices': [50000], 'price': 50000, 'old_price': 50000, 'currency': 'RUB', 'payment_amount': 50000, 'extras_variants': [], 'extras': [], 'rate_id': 3781, 'deals': [], 'cancellation_type': 'nonrefundable', 'credit_card': 1, 'bonus': 2500, 'miles': 3000, 'min_stay': 1, 'platichastyami': 0, 'mircashback': 5000}]",50000.0,3000,458938_101hotels,2026-08-26
2298942,,Номер в двухэтажном барнхаусе на береговой линии,4,1,0,1,Дом,56,1,"[{'single': 2, 'double': 1}]",[],"[{'id': 1030901, 'capacity': 1, 'prepayment': 'FIRST', 'nonrefundable': 1, 'cancellation_period': 0, 'cancellation_fee': 'FIRST', 'breakfast': 1, 'base_price': 45000, 'prices': [45000], 'price': 45000, 'old_price': 45000, 'currency': 'RUB', 'payment_amount': 45000, 'extras_variants': [], 'extras': [], 'rate_id': 3781, 'deals': [], 'cancellation_type': 'nonrefundable', 'credit_card': 1, 'bonus': 2250, 'miles': 2700, 'min_stay': 1, 'platichastyami': 0, 'mircashback': 4500}, {'id': 1030902, 'capacity': 2, 'prepayment': 'FIRST', 'nonrefundable': 1, 'cancellation_period': 0, 'cancellation_fee': 'FIRST', 'breakfast': 1, 'base_price': 45000, 'prices': [45000], 'price': 45000, 'old_price': 45000, 'currency': 'RUB', 'payment_amount': 45000, 'extras_variants': [], 'extras': [], 'rate_id': 3781, 'deals': [], 'cancellation_type': 'nonrefundable', 'credit_card': 1, 'bonus': 2250, 'miles': 2700, 'min_stay': 1, 'platichastyami': 0, 'mircashback': 4500}, {'id': 1030903, 'capacity': 3, 'prepayment': 'FIRST', 'nonrefundable': 1, 'cancellation_period': 0, 'cancellation_fee': 'FIRST', 'breakfast': 1, 'base_price': 45000, 'prices': [45000], 'price': 45000, 'old_price': 45000, 'currency': 'RUB', 'payment_amount': 45000, 'extras_variants': [], 'extras': [], 'rate_id': 3781, 'deals': [], 'cancellation_type': 'nonrefundable', 'credit_card': 1, 'bonus': 2250, 'miles': 2700, 'min_stay': 1, 'platichastyami': 0, 'mircashback': 4500}, {'id': 1030904, 'capacity': 4, 'prepayment': 'FIRST', 'nonrefundable': 1, 'cancellation_period': 0, 'cancellation_fee': 'FIRST', 'breakfast': 1, 'base_price': 45000, 'prices': [45000], 'price': 45000, 'old_price': 45000, 'currency': 'RUB', 'payment_amount': 45000, 'extras_variants': [], 'extras': [], 'rate_id': 3781, 'deals': [], 'cancellation_type': 'nonrefundable', 'credit_card': 1, 'bonus': 2250, 'miles': 2700, 'min_stay': 1, 'platichastyami': 0, 'mircashback': 4500}]",45000.0,2700,458938_101hotels,2026-08-26
2234065,,Благоустроенный номер,3,0,0,1,Трехместный,37,2,[{'single': 3}],[],"[{'id': 427444, 'capacity': 1, 'prepayment': 'FULL', 'nonrefundable': 0, 'cancellation_period': 3, 'cancellation_fee': 'FIRST', 'breakfast': 1, 'base_price': 8000, 'prices': [8000], 'price': 8000, 'old_price': 8000, 'currency': 'RUB', 'payment_amount': 8000, 'extras_variants': [], 'extras': [], 'rate_id': 9269, 'deals': [], 'cancellation_type': 'special', 'credit_card': 1, 'bonus': 400, 'miles': 480, 'min_stay': 1, 'platichastyami': 0, 'mircashback': 800}, {'id': 427445, 'capacity': 2, 'prepayment': 'FULL', 'nonrefundable': 0, 'cancellation_period': 3, 'cancellation_fee': 'FIRST', 'breakfast': 1, 'base_price': 8000, 'prices': [8000], 'price': 8000, 'old_price': 8000, 'currency': 'RUB', 'payment_amount': 8000, 'extras_variants': [], 'extras': [], 'rate_id': 9269, 'deals': [], 'cancellation_type': 'special', 'credit_card': 1, 'bonus': 400, 'miles': 480, 'min_stay': 1, 'platichastyami': 0, 'mircashback': 800}, {'id': 427446, 'capacity': 3, 'prepayment': 'FULL', 'nonrefundable': 0, 'cancellation_period': 3, 'cancellation_fee': 'FIRST', 'breakfast': 1, 'base_price': 8000, 'prices': [8000], 'price': 8000, 'old_price': 8000, 'currency': 'RUB', 'payment_amount': 8000, 'extras_variants': [], 'extras': [], 'rate_id': 9269, 'deals': [], 'cancellation_type': 'special', 'credit_card': 1, 'bonus': 400, 'miles': 480, 'min_stay': 1, 'platichastyami': 0, 'mircashback': 800}]",8000.0,480,570584_101hotels,2026-08-26
2234067,,Благоустроенный номер,4,0,0,1,Четырехместный,34,2,[{'single': 4}],[],"[{'id': 427447, 'capacity': 1, 'prepayment': 'FULL', 'nonrefundable': 0, 'cancellation_period': 3, 'cancellation_fee': 'FIRST', 'breakfast': 1, 'base_price': 10000, 'prices': [10000], 'price': 10000, 'old_price': 10000, 'currency': 'RUB', 'payment_amount': 10000, 'extras_variants': [], 'extras': [], 'rate_id': 9269, 'deals': [], 'cancellation_type': 'special', 'credit_card': 1, 'bonus': 500, 'miles': 600, 'min_stay': 1, 'platichastyami': 0, 'mircashback': 1000}, {'id': 427448, 'capacity': 2, 'prepayment': 'FULL', 'nonrefundable': 0, 'cancellation_period': 3, 'cancellation_fee': 'FIRST', 'breakfast': 1, 'base_price': 10000, 'prices': [10000], 'price': 10000, 'old_price': 10000, 'currency': 'RUB', 'payment_amount': 10000, 'extras_variants': [], 'extras': [], 'rate_id': 9269, 'deals': [], 'cancellation_type': 'special', 'credit_card': 1, 'bonus': 500, 'miles': 600, 'min_stay': 1, 'platichastyami': 0, 'mircashback': 1000}, {'id': 427449, 'capacity': 3, 'prepayment': 'FULL', 'nonrefundable': 0, 'cancellation_period': 3, 'cancellation_fee': 'FIRST', 'breakfast': 1, 'base_price': 10000, 'prices': [10000], 'price': 10000, 'old_price': 10000, 'currency': 'RUB', 'payment_amount': 10000, 'extras_variants': [], 'extras': [], 'rate_id': 9269, 'deals': [], 'cancellation_type': 'special', 'credit_card': 1, 'bonus': 500, 'miles': 600, 'min_stay': 1, 'platichastyami': 0, 'mircashback': 1000}, {'id': 427450, 'capacity': 4, 'prepayment': 'FULL', 'nonrefundable': 0, 'cancellation_period': 3, 'cancellation_fee': 'FIRST', 'breakfast': 1, 'base_price': 10000, 'prices': [10000], 'price': 10000, 'old_price': 10000, 'currency': 'RUB', 'payment_amount': 10000, 'extras_variants': [], 'extras': [], 'rate_id': 9269, 'deals': [], 'cancellation_type': 'special', 'credit_card': 1, 'bonus': 500, 'miles': 600, 'min_stay': 1, 'platichastyami': 0, 'mircashback': 1000}]",10000.0,600,570584_101hotels,2026-08-26
2233351,,,4,0,0,1,Бунгало,30,1,"[{'single': 2, 'sofa': 1}, {'double': 1, 'sofa': 1}]","[{'id': '23100', 'number': '1', 'min_age': '0', 'max_age': '4', 'is_extra_bed': '0', 'extra_bed_type_id': '0'}]","[{'id': 1226143, 'capacity': 1, 'prepayment': 'FIRST', 'nonrefundable': 1, 'cancellation_period': 0, 'cancellation_fee': 'FIRST', 'breakfast': 1, 'base_price': 9600, 'prices': [9600], 'price': 9600, 'old_price': 9600, 'currency': 'RUB', 'payment_amount': 9600, 'extras_variants': [], 'extras': {'23100': {'id': 23100, 'number': 1, 'extra_bed_type_id': 0, 'age': [0, 4], 'extra_bed': 0, 'free': 1}}, 'rate_id': 63064, 'deals': [], 'cancellation_type': 'nonrefundable', 'credit_card': 1, 'bonus': 480, 'miles': 576, 'min_stay': 1, 'platichastyami': 0, 'mircashback': 960}, {'id': 422133, 'capacity': 1, 'prepayment': 'FIRST', 'nonrefundable': 1, 'cancellation_period': 0, 'cancellation_fee': 'FIRST', 'breakfast': 1, 'base_price': 12000, 'prices': [12000], 'price': 12000, 'old_price': 12000, 'currency': 'RUB', 'payment_amount': 12000, 'extras_variants': [], 'extras': {'23100': {'id': 23100, 'number': 1, 'extra_bed_type_id': 0, 'age': [0, 4], 'extra_bed': 0, 'free': 1}}, 'rate_id': 8928, 'deals': [], 'cancellation_type': 'nonrefundable', 'credit_card': 1, 'bonus': 600, 'miles': 720, 'min_stay': 1, 'platichastyami': 0, 'mircashback': 1200}, {'id': 1226144, 'capacity': 2, 'prepayment': 'FIRST', 'nonrefundable': 1, 'cancellation_period': 0, 'cancellation_fee': 'FIRST', 'breakfast': 1, 'base_price': 9600, 'prices': [9600], 'price': 9600, 'old_price': 9600, 'currency': 'RUB', 'payment_amount': 9600, 'extras_variants': [], 'extras': {'23100': {'id': 23100, 'number': 1, 'extra_bed_type_id': 0, 'age': [0, 4], 'extra_bed': 0, 'free': 1}}, 'rate_id': 63064, 'deals': [], 'cancellation_type': 'nonrefundable', 'credit_card': 1, 'bonus': 480, 'miles': 576, 'min_stay': 1, 'platichastyami': 0, 'mircashback': 960}, {'id': 422134, 'capacity': 2, 'prepayment': 'FIRST', 'nonrefundable': 1, 'cancellation_period': 0, 'cancellation_fee': 'FIRST', 'breakfast': 1, 'base_price': 12000, 'prices': [12000], 'price': 12000, 'old_price': 12000, 'currency': 'RUB', 'payment_amount': 12000, 'extras_variants': [], 'extras': {'23100': {'id': 23100, 'number': 1, 'extra_bed_type_id': 0, 'age': [0, 4], 'extra_bed': 0, 'free': 1}}, 'rate_id': 8928, 'deals': [], 'cancellation_type': 'nonrefundable', 'credit_card': 1, 'bonus': 600, 'miles': 720, 'min_stay': 1, 'platichastyami': 0, 'mircashback': 1200}, {'id': 1226145, 'capacity': 3, 'prepayment': 'FIRST', 'nonrefundable': 1, 'cancellation_period': 0, 'cancellation_fee': 'FIRST', 'breakfast': 1, 'base_price': 11600, 'prices': [11600], 'price': 11600, 'old_price': 11600, 'currency': 'RUB', 'payment_amount': 11600, 'extras_variants': [], 'extras': {'23100': {'id': 23100, 'number': 1, 'extra_bed_type_id': 0, 'age': [0, 4], 'extra_bed': 0, 'free': 1}}, 'rate_id': 63064, 'deals': [], 'cancellation_type': 'nonrefundable', 'credit_card': 1, 'bonus': 580, 'miles': 696, 'min_stay': 1, 'platichastyami': 0, 'mircashback': 1160}, {'id': 431361, 'capacity': 3, 'prepayment': 'FIRST', 'nonrefundable': 1, 'cancellation_period': 0, 'cancellation_fee': 'FIRST', 'breakfast': 1, 'base_price': 14000, 'prices': [14000], 'price': 14000, 'old_price': 14000, 'currency': 'RUB', 'payment_amount': 14000, 'extras_variants': [], 'extras': {'23100': {'id': 23100, 'number': 1, 'extra_bed_type_id': 0, 'age': [0, 4], 'extra_bed': 0, 'free': 1}}, 'rate_id': 8928, 'deals': [], 'cancellation_type': 'nonrefundable', 'credit_card': 1, 'bonus': 700, 'miles': 840, 'min_stay': 1, 'platichastyami': 0, 'mircashback': 1400}, {'id': 1226146, 'capacity': 4, 'prepayment': 'FIRST', 'nonrefundable': 1, 'cancellation_period': 0, 'cancellation_fee': 'FIRST', 'breakfast': 1, 'base_price': 13600, 'prices': [13600], 'price': 13600, 'old_price': 13600, 'currency': 'RUB', 'payment_amount': 13600, 'extras_variants': [], 'extras': {'23100': {'id': 23100, 'number': 1, 'extra_bed_type_id': 0, 'age': [0, 4], 'extra_bed': 0, 'free': 1}}, 'rate_id': 63064, 'deals': [], 'cancellation_type': 'nonrefundable', 'credit_card': 1, 'bonus': 680, 'miles': 816, 'min_stay': 1, 'platichastyami': 0, 'mircashback': 1360}, {'id': 431362, 'capacity': 4, 'prepayment': 'FIRST', 'nonrefundable': 1, 'cancellation_period': 0, 'cancellation_fee': 'FIRST', 'breakfast': 1, 'base_price': 16000, 'prices': [16000], 'price': 16000, 'old_price': 16000, 'currency': 'RUB', 'payment_amount': 16000, 'extras_variants': [], 'extras': {'23100': {'id': 23100, 'number': 1, 'extra_bed_type_id': 0, 'age': [0, 4], 'extra_bed': 0, 'free': 1}}, 'rate_id': 8928, 'deals': [], 'cancellation_type': 'nonrefundable', 'credit_card': 1, 'bonus': 800, 'miles': 960, 'min_stay': 1, 'platichastyami': 0, 'mircashback': 1600}]",9600.0,576,654408_101hotels,2026-08-26
2259951,,Барнхаус,5,0,0,1,Люкс,6,1,"[{'single': 1, 'double': 1, 'sofa': 1}, {'single': 3, 'sofa': 1}]","[{'id': '23101', 'number': '1', 'min_age': '0', 'max_age': '4', 'is_extra_bed': '0', 'extra_bed_type_id': '0'}]","[{'id': 1226147, 'capacity': 1, 'prepayment': 'FIRST', 'nonrefundable': 1, 'cancellation_period': 0, 'cancellation_fee': 'FIRST', 'breakfast': 1, 'base_price': 13600, 'prices': [13600], 'price': 13600, 'old_price': 13600, 'currency': 'RUB', 'payment_amount': 13600, 'extras_variants': [], 'extras': {'23101': {'id': 23101, 'number': 1, 'extra_bed_type_id': 0, 'age': [0, 4], 'extra_bed': 0, 'free': 1}}, 'rate_id': 63064, 'deals': [], 'cancellation_type': 'nonrefundable', 'credit_card': 1, 'bonus': 680, 'miles': 816, 'min_stay': 1, 'platichastyami': 0, 'mircashback': 1360}, {'id': 688931, 'capacity': 1, 'prepayment': 'FIRST', 'nonrefundable': 1, 'cancellation_period': 0, 'cancellation_fee': 'FIRST', 'breakfast': 1, 'base_price': 17000, 'prices': [17000], 'price': 17000, 'old_price': 17000, 'currency': 'RUB', 'payment_amount': 17000, 'extras_variants': [], 'extras': {'23101': {'id': 23101, 'number': 1, 'extra_bed_type_id': 0, 'age': [0, 4], 'extra_bed': 0, 'free': 1}}, 'rate_id': 8928, 'deals': [], 'cancellation_type': 'nonrefundable', 'credit_card': 1, 'bonus': 850, 'miles': 1020, 'min_stay': 1, 'platichastyami': 0, 'mircashback': 1700}, {'id': 1226148, 'capacity': 2, 'prepayment': 'FIRST', 'nonrefundable': 1, 'cancellation_period': 0, 'cancellation_fee': 'FIRST', 'breakfast': 1, 'base_price': 13600, 'prices': [13600], 'price': 13600, 'old_price': 13600, 'currency': 'RUB', 'payment_amount': 13600, 'extras_variants': [], 'extras': {'23101': {'id': 23101, 'number': 1, 'extra_bed_type_id': 0, 'age': [0, 4], 'extra_bed': 0, 'free': 1}}, 'rate_id': 63064, 'deals': [], 'cancellation_type': 'nonrefundable', 'credit_card': 1, 'bonus': 680, 'miles': 816, 'min_stay': 1, 'platichastyami': 0, 'mircashback': 1360}, {'id': 688932, 'capacity': 2, 'prepayment': 'FIRST', 'nonrefundable': 1, 'cancellation_period': 0, 'cancellation_fee': 'FIRST', 'breakfast': 1, 'base_price': 17000, 'prices': [17000], 'price': 17000, 'old_price': 17000, 'currency': 'RUB', 'payment_amount': 17000, 'extras_variants': [], 'extras': {'23101': {'id': 23101, 'number': 1, 'extra_bed_type_id': 0, 'age': [0, 4], 'extra_bed': 0, 'free': 1}}, 'rate_id': 8928, 'deals': [], 'cancellation_type': 'nonrefundable', 'credit_card': 1, 'bonus': 850, 'miles': 1020, 'min_stay': 1, 'platichastyami': 0, 'mircashback': 1700}, {'id': 1226149, 'capacity': 3, 'prepayment': 'FIRST', 'nonrefundable': 1, 'cancellation_period': 0, 'cancellation_fee': 'FIRST', 'breakfast': 1, 'base_price': 16600, 'prices': [16600], 'price': 16600, 'old_price': 16600, 'currency': 'RUB', 'payment_amount': 16600, 'extras_variants': [], 'extras': {'23101': {'id': 23101, 'number': 1, 'extra_bed_type_id': 0, 'age': [0, 4], 'extra_bed': 0, 'free': 1}}, 'rate_id': 63064, 'deals': [], 'cancellation_type': 'nonrefundable', 'credit_card': 1, 'bonus': 830, 'miles': 996, 'min_stay': 1, 'platichastyami': 0, 'mircashback': 1660}, {'id': 688933, 'capacity': 3, 'prepayment': 'FIRST', 'nonrefundable': 1, 'cancellation_period': 0, 'cancellation_fee': 'FIRST', 'breakfast': 1, 'base_price': 20000, 'prices': [20000], 'price': 20000, 'old_price': 20000, 'currency': 'RUB', 'payment_amount': 20000, 'extras_variants': [], 'extras': {'23101': {'id': 23101, 'number': 1, 'extra_bed_type_id': 0, 'age': [0, 4], 'extra_bed': 0, 'free': 1}}, 'rate_id': 8928, 'deals': [], 'cancellation_type': 'nonrefundable', 'credit_card': 1, 'bonus': 1000, 'miles': 1200, 'min_stay': 1, 'platichastyami': 0, 'mircashback': 2000}, {'id': 1226150, 'capacity': 4, 'prepayment': 'FIRST', 'nonrefundable': 1, 'cancellation_period': 0, 'cancellation_fee': 'FIRST', 'breakfast': 1, 'base_price': 19600, 'prices': [19600], 'price': 19600, 'old_price': 19600, 'currency': 'RUB', 'payment_amount': 19600, 'extras_variants': [], 'extras': {'23101': {'id': 23101, 'number': 1, 'extra_bed_type_id': 0, 'age': [0, 4], 'extra_bed': 0, 'free': 1}}, 'rate_id': 63064, 'deals': [], 'cancellation_type': 'nonrefundable', 'credit_card': 1, 'bonus': 980, 'miles': 1176, 'min_stay': 1, 'platichastyami': 0, 'mircashback': 1960}, {'id': 688934, 'capacity': 4, 'prepayment': 'FIRST', 'nonrefundable': 1, 'cancellation_period': 0, 'cancellation_fee': 'FIRST', 'breakfast': 1, 'base_price': 23000, 'prices': [23000], 'price': 23000, 'old_price': 23000, 'currency': 'RUB', 'payment_amount': 23000, 'extras_variants': [], 'extras': {'23101': {'id': 23101, 'number': 1, 'extra_bed_type_id': 0, 'age': [0, 4], 'extra_bed': 0, 'free': 1}}, 'rate_id': 8928, 'deals': [], 'cancellation_type': 'nonrefundable', 'credit_card': 1, 'bonus': 1150, 'miles': 1380, 'min_stay': 1, 'platichastyami': 0, 'mircashback': 2300}, {'id': 1226151, 'capacity': 5, 'prepayment': 'FIRST', 'nonrefundable': 1, 'cancellation_period': 0, 'cancellation_fee': 'FIRST', 'breakfast': 1, 'base_price': 22600, 'prices': [22600], 'price': 22600, 'old_price': 22600, 'currency': 'RUB', 'payment_amount': 22600, 'extras_variants': [], 'extras': {'23101': {'id': 23101, 'number': 1, 'extra_bed_type_id': 0, 'age': [0, 4], 'extra_bed': 0, 'free': 1}}, 'rate_id': 63064, 'deals': [], 'cancellation_type': 'nonrefundable', 'credit_card': 1, 'bonus': 1130, 'miles': 1356, 'min_stay': 1, 'platichastyami': 0, 'mircashback': 2260}, {'id': 688935, 'capacity': 5, 'prepayment': 'FIRST', 'nonrefundable': 1, 'cancellation_period': 0, 'cancellation_fee': 'FIRST', 'breakfast': 1, 'base_price': 26000, 'prices': [26000], 'price': 26000, 'old_price': 26000, 'currency': 'RUB', 'payment_amount': 26000, 'extras_variants': [], 'extras': {'23101': {'id': 23101, 'number': 1, 'extra_bed_type_id': 0, 'age': [0, 4], 'extra_bed': 0, 'free': 1}}, 'rate_id': 8928, 'deals': [], 'cancellation_type': 'nonrefundable', 'credit_card': 1, 'bonus': 1300, 'miles': 1560, 'min_stay': 1, 'platichastyami': 0, 'mircashback': 2600}]",13600.0,816,654408_101hotels,2026-08-26
2220086,,Номер эконом-класса с 2 раздельными кроватями,2,0,0,0,Двухместный,2,4,[{'double': 1}],"[{'id': '10291', 'number': '2', 'min_age': '0', 'max_age': '3', 'is_extra_bed': '0', 'extra_bed_type_id': '0'}]","[{'id': 306139, 'capacity': 1, 'prepayment': 'FULL', 'nonrefundable': 0, 'cancellation_period': 1, 'cancellation_fee': 'FIRST', 'breakfast': 0, 'base_price': 6800, 'prices': [6800], 'price': 6800, 'old_price': 6800, 'currency': 'RUB', 'payment_amount': 6800, 'extras_variants': [], 'extras': {'10291': {'id': 10291, 'number': 2, 'extra_bed_type_id': 0, 'age': [0, 3], 'extra_bed': 0, 'free': 1}}, 'rate_id': 2662, 'deals': [], 'cancellation_type': 'special', 'credit_card': 1, 'bonus': 340, 'miles': 408, 'min_stay': 1, 'platichastyami': 0, 'mircashback': 680}, {'id': 306140, 'capacity': 2, 'prepayment': 'FULL', 'nonrefundable': 0, 'cancellation_period': 1, 'cancellation_fee': 'FIRST', 'breakfast': 0, 'base_price': 6800, 'prices': [6800], 'price': 6800, 'old_price': 6800, 'currency': 'RUB', 'payment_amount': 6800, 'extras_variants': [], 'extras': {'10291': {'id': 10291, 'number': 2, 'extra_bed_type_id': 0, 'age': [0, 3], 'extra_bed': 0, 'free': 1}}, 'rate_id': 2662, 'deals': [], 'cancellation_type': 'special', 'credit_card': 1, 'bonus': 340, 'miles': 408, 'min_stay': 1, 'platichastyami': 0, 'mircashback': 680}]",6800.0,408,650956_101hotels,2026-08-26
2220114,,Номер эконом-класса с одной двуспальной кроватью,2,0,0,0,Двухместный,2,2,[{'double': 1}],"[{'id': '10292', 'number': '2', 'min_age': '0', 'max_age': '3', 'is_extra_bed': '0', 'extra_bed_type_id': '0'}]","[{'id': 306141, 'capacity': 1, 'prepayment': 'FULL', 'nonrefundable': 0, 'cancellation_period': 1, 'cancellation_fee': 'FIRST', 'breakfast': 0, 'base_price': 6800, 'prices': [6800], 'price': 6800, 'old_price': 6800, 'currency': 'RUB', 'payment_amount': 6800, 'extras_variants': [], 'extras': {'10292': {'id': 10292, 'number': 2, 'extra_bed_type_id': 0, 'age': [0, 3], 'extra_bed': 0, 'free': 1}}, 'rate_id': 2662, 'deals': [], 'cancellation_type': 'special', 'credit_card': 1, 'bonus': 340, 'miles': 408, 'min_stay': 1, 'platichastyami': 0, 'mircashback': 680}, {'id': 306142, 'capacity': 2, 'prepayment': 'FULL', 'nonrefundable': 0, 'cancellation_period': 1, 'cancellation_fee': 'FIRST', 'breakfast': 0, 'base_price': 6800, 'prices': [6800], 'price': 6800, 'old_price': 6800, 'currency': 'RUB', 'payment_amount': 6800, 'extras_variants': [], 'extras': {'10292': {'id': 10292, 'number': 2, 'extra_bed_type_id': 0, 'age': [0, 3], 'extra_bed': 0, 'free': 1}}, 'rate_id': 2662, 'deals': [], 'cancellation_type': 'special', 'credit_card': 1, 'bonus': 340, 'miles': 408, 'min_stay': 1, 'platichastyami': 0, 'mircashback': 680}]",6800.0,408,650956_101hotels,2026-08-26
2220122,,Номер эконом-класса с 3 раздельными кроватями,3,0,0,0,Трехместный,37,5,[{'single': 3}],"[{'id': '10294', 'number': '3', 'min_age': '0', 'max_age': '3', 'is_extra_bed': '0', 'extra_bed_type_id': '0'}]","[{'id': 306156, 'capacity': 1, 'prepayment': 'FULL', 'nonrefundable': 0, 'cancellation_period': 1, 'cancellation_fee': 'FIRST', 'breakfast': 0, 'base_price': 6800, 'prices': [6800], 'price': 6800, 'old_price': 6800, 'currency': 'RUB', 'payment_amount': 6800, 'extras_variants': [], 'extras': {'10294': {'id': 10294, 'number': 3, 'extra_bed_type_id': 0, 'age': [0, 3], 'extra_bed': 0, 'free': 1}}, 'rate_id': 2662, 'deals': [], 'cancellation_type': 'special', 'credit_card': 1, 'bonus': 340, 'miles': 408, 'min_stay': 1, 'platichastyami': 0, 'mircashback': 680}, {'id': 306157, 'capacity': 2, 'prepayment': 'FULL', 'nonrefundable': 0, 'cancellation_period': 1, 'cancellation_fee': 'FIRST', 'breakfast': 0, 'base_price': 6800, 'prices': [6800], 'price': 6800, 'old_price': 6800, 'currency': 'RUB', 'payment_amount': 6800, 'extras_variants': [], 'extras': {'10294': {'id': 10294, 'number': 3, 'extra_bed_type_id': 0, 'age': [0, 3], 'extra_bed': 0, 'free': 1}}, 'rate_id': 2662, 'deals': [], 'cancellation_type': 'special', 'credit_card': 1, 'bonus': 340, 'miles': 408, 'min_stay': 1, 'platichastyami': 0, 'mircashback': 680}, {'id': 306158, 'capacity': 3, 'prepayment': 'FULL', 'nonrefundable': 0, 'cancellation_period': 1, 'cancellation_fee': 'FIRST', 'breakfast': 0, 'base_price': 6800, 'prices': [6800], 'price': 6800, 'old_price': 6800, 'currency': 'RUB', 'payment_amount': 6800, 'extras_variants': [], 'extras': {'10294': {'id': 10294, 'number': 3, 'extra_bed_type_id': 0, 'age': [0, 3], 'extra_bed': 0, 'free': 1}}, 'rate_id': 2662, 'deals': [], 'cancellation_type': 'special', 'credit_card': 1, 'bonus': 340, 'miles': 408, 'min_stay': 1, 'platichastyami': 0, 'mircashback': 680}]",6800.0,408,650956_101hotels,2026-08-26
2220131,,Номер эконом-класса,2,3,0,0,Семейный,44,2,"[{'double': 1, 'sofa': 2}]","[{'id': '10293', 'number': '2', 'min_age': '0', 'max_age': '3', 'is_extra_bed': '0', 'extra_bed_type_id': '0'}]","[{'id': 306159, 'capacity': 1, 'prepayment': 'FULL', 'nonrefundable': 0, 'cancellation_period': 1, 'cancellation_fee': 'FIRST', 'breakfast': 0, 'base_price': 7500, 'prices': [7500], 'price': 7500, 'old_price': 7500, 'currency': 'RUB', 'payment_amount': 7500, 'extras_variants': [], 'extras': {'10293': {'id': 10293, 'number': 2, 'extra_bed_type_id': 0, 'age': [0, 3], 'extra_bed': 0, 'free': 1}}, 'rate_id': 2662, 'deals': [], 'cancellation_type': 'special', 'credit_card': 1, 'bonus': 375, 'miles': 450, 'min_stay': 1, 'platichastyami': 0, 'mircashback': 750}, {'id': 306160, 'capacity': 2, 'prepayment': 'FULL', 'nonrefundable': 0, 'cancellation_period': 1, 'cancellation_fee': 'FIRST', 'breakfast': 0, 'base_price': 7500, 'prices': [7500], 'price': 7500, 'old_price': 7500, 'currency': 'RUB', 'payment_amount': 7500, 'extras_variants': [], 'extras': {'10293': {'id': 10293, 'number': 2, 'extra_bed_type_id': 0, 'age': [0, 3], 'extra_bed': 0, 'free': 1}}, 'rate_id': 2662, 'deals': [], 'cancellation_type': 'special', 'credit_card': 1, 'bonus': 375, 'miles': 450, 'min_stay': 1, 'platichastyami': 0, 'mircashback': 750}]",7500.0,450,650956_101hotels,2026-08-26
2220139,,Номер категории Стандарт с 2 раздельными кроватями,2,2,0,1,Двухместный,2,10,"[{'single': 2, 'sofa': 1}]","[{'id': '10289', 'number': '2', 'min_age': '0', 'max_age': '3', 'is_extra_bed': '0', 'extra_bed_type_id': '0'}]","[{'id': 306143, 'capacity': 1, 'prepayment': 'FULL', 'nonrefundable': 0, 'cancellation_period': 1, 'cancellation_fee': 'FIRST', 'breakfast': 0, 'base_price': 9400, 'prices': [9400], 'price': 9400, 'old_price': 9400, 'currency': 'RUB', 'payment_amount': 9400, 'extras_variants': [], 'extras': {'10289': {'id': 10289, 'number': 2, 'extra_bed_type_id': 0, 'age': [0, 3], 'extra_bed': 0, 'free': 1}}, 'rate_id': 2662, 'deals': [], 'cancellation_type': 'special', 'credit_card': 1, 'bonus': 470, 'miles': 564, 'min_stay': 1, 'platichastyami': 0, 'mircashback': 940}, {'id': 306144, 'capacity': 2, 'prepayment': 'FULL', 'nonrefundable': 0, 'cancellation_period': 1, 'cancellation_fee': 'FIRST', 'breakfast': 0, 'base_price': 9400, 'prices': [9400], 'price': 9400, 'old_price': 9400, 'currency': 'RUB', 'payment_amount': 9400, 'extras_variants': [], 'extras': {'10289': {'id': 10289, 'number': 2, 'extra_bed_type_id': 0, 'age': [0, 3], 'extra_bed': 0, 'free': 1}}, 'rate_id': 2662, 'deals': [], 'cancellation_type': 'special', 'credit_card': 1, 'bonus': 470, 'miles': 564, 'min_stay': 1, 'platichastyami': 0, 'mircashback': 940}]",9400.0,564,650956_101hotels,2026-08-26
2220145,,Номер категории Стандарт с одной двуспальной кроватью,2,2,0,1,Двухместный,2,4,"[{'double': 1, 'sofa': 1}]","[{'id': '10290', 'number': '2', 'min_age': '0', 'max_age': '3', 'is_extra_bed': '0', 'extra_bed_type_id': '0'}]","[{'id': 306145, 'capacity': 1, 'prepayment': 'FULL', 'nonrefundable': 0, 'cancellation_period': 1, 'cancellation_fee': 'FIRST', 'breakfast': 0, 'base_price': 9400, 'prices': [9400], 'price': 9400, 'old_price': 9400, 'currency': 'RUB', 'payment_amount': 9400, 'extras_variants': [], 'extras': {'10290': {'id': 10290, 'number': 2, 'extra_bed_type_id': 0, 'age': [0, 3], 'extra_bed': 0, 'free': 1}}, 'rate_id': 2662, 'deals': [], 'cancellation_type': 'special', 'credit_card': 1, 'bonus': 470, 'miles': 564, 'min_stay': 1, 'platichastyami': 0, 'mircashback': 940}, {'id': 306146, 'capacity': 2, 'prepayment': 'FULL', 'nonrefundable': 0, 'cancellation_period': 1, 'cancellation_fee': 'FIRST', 'breakfast': 0, 'base_price': 9400, 'prices': [9400], 'price': 9400, 'old_price': 9400, 'currency': 'RUB', 'payment_amount': 9400, 'extras_variants': [], 'extras': {'10290': {'id': 10290, 'number': 2, 'extra_bed_type_id': 0, 'age': [0, 3], 'extra_bed': 0, 'free': 1}}, 'rate_id': 2662, 'deals': [], 'cancellation_type': 'special', 'credit_card': 1, 'bonus': 470, 'miles': 564, 'min_stay': 1, 'platichastyami': 0, 'mircashback': 940}]",9400.0,564,650956_101hotels,2026-08-26
2220148,,Койко-место в общем номере с 4 кроватями,4,0,1,0,Четырехместный,34,7,[{'single': 1}],[],"[{'id': 306147, 'capacity': 1, 'prepayment': 'FULL', 'nonrefundable': 0, 'cancellation_period': 1, 'cancellation_fee': 'FIRST', 'breakfast': 0, 'base_price': 2450, 'prices': [2450], 'price': 2450, 'old_price': 2450, 'currency': 'RUB', 'payment_amount': 2450, 'extras_variants': [], 'extras': [], 'rate_id': 2662, 'deals': [], 'cancellation_type': 'special', 'credit_card': 1, 'bonus': 123, 'miles': 147, 'min_stay': 1, 'platichastyami': 0, 'mircashback': 245}]",2450.0,147,650956_101hotels,2026-08-26
2220152,,Койко-место в общем номере с 5 кроватями,5,0,1,0,Пятиместный,35,5,[{'single': 1}],[],"[{'id': 306151, 'capacity': 1, 'prepayment': 'FULL', 'nonrefundable': 0, 'cancellation_period': 1, 'cancellation_fee': 'FIRST', 'breakfast': 0, 'base_price': 2450, 'prices': [2450], 'price': 2450, 'old_price': 2450, 'currency': 'RUB', 'payment_amount': 2450, 'extras_variants': [], 'extras': [], 'rate_id': 2662, 'deals': [], 'cancellation_type': 'special', 'credit_card': 1, 'bonus': 123, 'miles': 147, 'min_stay': 1, 'platichastyami': 0, 'mircashback': 245}]",2450.0,147,650956_101hotels,2026-08-26
2321232,,Двухкомнатные апартаменты Премиум с видом на озеро,2,2,0,1,Апартаменты,14,1,"[{'double': 1, 'sofa': 1}]","[{'id': '51147', 'number': '2', 'min_age': '0', 'max_age': '18', 'is_extra_bed': '0', 'extra_bed_type_id': '0'}]","[{'id': 1227850, 'capacity': 1, 'prepayment': 'FULL', 'nonrefundable': 0, 'cancellation_period': 0, 'cancellation_fee': 'NO', 'breakfast': 0, 'base_price': 24750, 'prices': [24750], 'price': 19800, 'old_price': 24750, 'currency': 'RUB', 'payment_amount': 24750, 'extras_variants': [], 'extras': {'51147': {'id': 51147, 'number': 2, 'extra_bed_type_id': 0, 'age': [0, 18], 'extra_bed': 0, 'free': 1}}, 'rate_id': 63172, 'deals': ['LAST_MINUTE'], 'cancellation_type': 'free', 'credit_card': 1, 'bonus': 990, 'miles': 1188, 'min_stay': 1, 'platichastyami': 0, 'mircashback': 1980}, {'id': 1227851, 'capacity': 2, 'prepayment': 'FULL', 'nonrefundable': 0, 'cancellation_period': 0, 'cancellation_fee': 'NO', 'breakfast': 0, 'base_price': 24750, 'prices': [24750], 'price': 19800, 'old_price': 24750, 'currency': 'RUB', 'payment_amount': 24750, 'extras_variants': [], 'extras': {'51147': {'id': 51147, 'number': 2, 'extra_bed_type_id': 0, 'age': [0, 18], 'extra_bed': 0, 'free': 1}}, 'rate_id': 63172, 'deals': ['LAST_MINUTE'], 'cancellation_type': 'free', 'credit_card': 1, 'bonus': 990, 'miles': 1188, 'min_stay': 1, 'platichastyami': 0, 'mircashback': 1980}]",19800.0,1188,678111_101hotels,2026-08-26
2115487,,Номер с двуспальной кроватью,2,0,0,1,Двухместный,2,2,[{'double': 1}],[],"[{'id': 415373, 'capacity': 1, 'prepayment': 'FIRST', 'nonrefundable': 1, 'cancellation_period': 0, 'cancellation_fee': 'FIRST', 'breakfast': 0, 'base_price': 5900, 'prices': [5900], 'price': 5900, 'old_price': 5900, 'currency': 'RUB', 'payment_amount': 5900, 'extras_variants': [], 'extras': [], 'rate_id': 8465, 'deals': [], 'cancellation_type': 'nonrefundable', 'credit_card': 1, 'bonus': 295, 'miles': 354, 'min_stay': 1, 'platichastyami': 0, 'mircashback': 590}, {'id': 415374, 'capacity': 2, 'prepayment': 'FIRST', 'nonrefundable': 1, 'cancellation_period': 0, 'cancellation_fee': 'FIRST', 'breakfast': 0, 'base_price': 7000, 'prices': [7000], 'price': 7000, 'old_price': 7000, 'currency': 'RUB', 'payment_amount': 7000, 'extras_variants': [], 'extras': [], 'rate_id': 8465, 'deals': [], 'cancellation_type': 'nonrefundable', 'credit_card': 1, 'bonus': 350, 'miles': 420, 'min_stay': 1, 'platichastyami': 0, 'mircashback': 700}]",5900.0,354,632322_101hotels,2026-08-26
2115488,,Номер с односпальными кроватями,2,0,0,1,Двухместный,2,1,[{'single': 2}],[],"[{'id': 415376, 'capacity': 2, 'prepayment': 'FIRST', 'nonrefundable': 1, 'cancellation_period': 0, 'cancellation_fee': 'FIRST', 'breakfast': 0, 'base_price': 7000, 'prices': [7000], 'price': 7000, 'old_price': 7000, 'currency': 'RUB', 'payment_amount': 7000, 'extras_variants': [], 'extras': [], 'rate_id': 8465, 'deals': [], 'cancellation_type': 'nonrefundable', 'credit_card': 1, 'bonus': 350, 'miles': 420, 'min_stay': 1, 'platichastyami': 0, 'mircashback': 700}]",7000.0,420,632322_101hotels,2026-08-26
2115492,,Номер с односпальными кроватями и видом на озеро,2,0,0,1,Двухместный,2,2,[{'single': 2}],[],"[{'id': 415448, 'capacity': 2, 'prepayment': 'FIRST', 'nonrefundable': 1, 'cancellation_period': 0, 'cancellation_fee': 'FIRST', 'breakfast': 0, 'base_price': 7500, 'prices': [7500], 'price': 7500, 'old_price': 7500, 'currency': 'RUB', 'payment_amount': 7500, 'extras_variants': [], 'extras': [], 'rate_id': 8467, 'deals': [], 'cancellation_type': 'nonrefundable', 'credit_card': 1, 'bonus': 375, 'miles': 450, 'min_stay': 1, 'platichastyami': 0, 'mircashback': 750}]",7500.0,450,632322_101hotels,2026-08-26
2115493,,С двуспальной кроватью и видом на горы,2,0,0,1,Двухместный,2,1,[{'single': 2}],[],"[{'id': 961118, 'capacity': 1, 'prepayment': 'FIRST', 'nonrefundable': 1, 'cancellation_period': 0, 'cancellation_fee': 'FIRST', 'breakfast': 0, 'base_price': 6400, 'prices': [6400], 'price': 6400, 'old_price': 6400, 'currency': 'RUB', 'payment_amount': 6400, 'extras_variants': [], 'extras': [], 'rate_id': 29883, 'deals': [], 'cancellation_type': 'nonrefundable', 'credit_card': 1, 'bonus': 320, 'miles': 384, 'min_stay': 1, 'platichastyami': 0, 'mircashback': 640}, {'id': 961119, 'capacity': 2, 'prepayment': 'FIRST', 'nonrefundable': 1, 'cancellation_period': 0, 'cancellation_fee': 'FIRST', 'breakfast': 0, 'base_price': 7500, 'prices': [7500], 'price': 7500, 'old_price': 7500, 'currency': 'RUB', 'payment_amount': 7500, 'extras_variants': [], 'extras': [], 'rate_id': 29883, 'deals': [], 'cancellation_type': 'nonrefundable', 'credit_card': 1, 'bonus': 375, 'miles': 450, 'min_stay': 1, 'platichastyami': 0, 'mircashback': 750}]",6400.0,384,632322_101hotels,2026-08-26
2115494,,Стандартный номер с двуспальной и односпальной кроватями,3,0,0,1,Семейный,44,1,"[{'single': 1, 'double': 1}]",[],"[{'id': 415437, 'capacity': 3, 'prepayment': 'FIRST', 'nonrefundable': 1, 'cancellation_period': 0, 'cancellation_fee': 'FIRST', 'breakfast': 0, 'base_price': 12000, 'prices': [12000], 'price': 12000, 'old_price': 12000, 'currency': 'RUB', 'payment_amount': 12000, 'extras_variants': [], 'extras': [], 'rate_id': 8466, 'deals': [], 'cancellation_type': 'nonrefundable', 'credit_card': 1, 'bonus': 600, 'miles': 720, 'min_stay': 1, 'platichastyami': 0, 'mircashback': 1200}]",12000.0,720,632322_101hotels,2026-08-26
2115498,,Номер с двумя односпальными кроватями и видом на горы,2,0,0,1,Двухместный,2,1,[{'single': 2}],[],"[{'id': 961103, 'capacity': 1, 'prepayment': 'FIRST', 'nonrefundable': 1, 'cancellation_period': 0, 'cancellation_fee': 'FIRST', 'breakfast': 0, 'base_price': 6400, 'prices': [6400], 'price': 6400, 'old_price': 6400, 'currency': 'RUB', 'payment_amount': 6400, 'extras_variants': [], 'extras': [], 'rate_id': 29883, 'deals': [], 'cancellation_type': 'nonrefundable', 'credit_card': 1, 'bonus': 320, 'miles': 384, 'min_stay': 1, 'platichastyami': 0, 'mircashback': 640}, {'id': 961104, 'capacity': 2, 'prepayment': 'FIRST', 'nonrefundable': 1, 'cancellation_period': 0, 'cancellation_fee': 'FIRST', 'breakfast': 0, 'base_price': 7500, 'prices': [7500], 'price': 7500, 'old_price': 7500, 'currency': 'RUB', 'payment_amount': 7500, 'extras_variants': [], 'extras': [], 'rate_id': 29883, 'deals': [], 'cancellation_type': 'nonrefundable', 'credit_card': 1, 'bonus': 375, 'miles': 450, 'min_stay': 1, 'platichastyami': 0, 'mircashback': 750}]",6400.0,384,632322_101hotels,2026-08-26
70530,,Люкс с видом на горы,2,1,0,1,Сюит,27,2,"[{'single': 1, 'double': 1}]",[],"[{'id': 388946, 'capacity': 1, 'prepayment': 'FIRST', 'nonrefundable': 1, 'cancellation_period': 0, 'cancellation_fee': 'FIRST', 'breakfast': 0, 'base_price': 5000, 'prices': [5000], 'price': 5000, 'old_price': 5000, 'currency': 'RUB', 'payment_amount': 5000, 'extras_variants': [], 'extras': [], 'rate_id': 6777, 'deals': [], 'cancellation_type': 'nonrefundable', 'credit_card': 1, 'bonus': 250, 'miles': 300, 'min_stay': 1, 'platichastyami': 0, 'mircashback': 500}, {'id': 388947, 'capacity': 2, 'prepayment': 'FIRST', 'nonrefundable': 1, 'cancellation_period': 0, 'cancellation_fee': 'FIRST', 'breakfast': 0, 'base_price': 6000, 'prices': [6000], 'price': 6000, 'old_price': 6000, 'currency': 'RUB', 'payment_amount': 6000, 'extras_variants': [], 'extras': [], 'rate_id': 6777, 'deals': [], 'cancellation_type': 'nonrefundable', 'credit_card': 1, 'bonus': 300, 'miles': 360, 'min_stay': 1, 'platichastyami': 0, 'mircashback': 600}]",5000.0,300,13176_101hotels,2026-08-26
2229199,,Комфорт,2,0,0,1,Двухместный,2,3,[{'double': 1}],[],"[{'id': 393661, 'capacity': 1, 'prepayment': 'FIRST', 'nonrefundable': 1, 'cancellation_period': 0, 'cancellation_fee': 'FIRST', 'breakfast': 0, 'base_price': 5000, 'prices': [5000], 'price': 5000, 'old_price': 5000, 'currency': 'RUB', 'payment_amount': 5000, 'extras_variants': [], 'extras': [], 'rate_id': 6777, 'deals': [], 'cancellation_type': 'nonrefundable', 'credit_card': 1, 'bonus': 250, 'miles': 300, 'min_stay': 1, 'platichastyami': 0, 'mircashback': 500}, {'id': 1138556, 'capacity': 1, 'prepayment': 'FIRST', 'nonrefundable': 0, 'cancellation_period': 15, 'cancellation_fee': 'FIRST', 'breakfast': 0, 'base_price': 6000, 'prices': [6000], 'price': 6000, 'old_price': 6000, 'currency': 'RUB', 'payment_amount': 6000, 'extras_variants': [], 'extras': [], 'rate_id': 57350, 'deals': [], 'cancellation_type': 'special', 'credit_card': 1, 'bonus': 300, 'miles': 360, 'min_stay': 1, 'platichastyami': 0, 'mircashback': 600}, {'id': 393662, 'capacity': 2, 'prepayment': 'FIRST', 'nonrefundable': 1, 'cancellation_period': 0, 'cancellation_fee': 'FIRST', 'breakfast': 0, 'base_price': 6000, 'prices': [6000], 'price': 6000, 'old_price': 6000, 'currency': 'RUB', 'payment_amount': 6000, 'extras_variants': [], 'extras': [], 'rate_id': 6777, 'deals': [], 'cancellation_type': 'nonrefundable', 'credit_card': 1, 'bonus': 300, 'miles': 360, 'min_stay': 1, 'platichastyami': 0, 'mircashback': 600}, {'id': 1138557, 'capacity': 2, 'prepayment': 'FIRST', 'nonrefundable': 0, 'cancellation_period': 15, 'cancellation_fee': 'FIRST', 'breakfast': 0, 'base_price': 8000, 'prices': [8000], 'price': 8000, 'old_price': 8000, 'currency': 'RUB', 'payment_amount': 8000, 'extras_variants': [], 'extras': [], 'rate_id': 57350, 'deals': [], 'cancellation_type': 'special', 'credit_card': 1, 'bonus': 400, 'miles': 480, 'min_stay': 1, 'platichastyami': 0, 'mircashback': 800}]",5000.0,300,13176_101hotels,2026-08-26
2229204,,Двухместный номер,2,1,0,1,Люкс,6,1,[{'double': 1}],[],"[{'id': 393667, 'capacity': 1, 'prepayment': 'FIRST', 'nonrefundable': 1, 'cancellation_period': 0, 'cancellation_fee': 'FIRST', 'breakfast': 0, 'base_price': 5000, 'prices': [5000], 'price': 5000, 'old_price': 5000, 'currency': 'RUB', 'payment_amount': 5000, 'extras_variants': [], 'extras': [], 'rate_id': 6777, 'deals': [], 'cancellation_type': 'nonrefundable', 'credit_card': 1, 'bonus': 250, 'miles': 300, 'min_stay': 1, 'platichastyami': 0, 'mircashback': 500}, {'id': 393668, 'capacity': 2, 'prepayment': 'FIRST', 'nonrefundable': 1, 'cancellation_period': 0, 'cancellation_fee': 'FIRST', 'breakfast': 0, 'base_price': 6000, 'prices': [6000], 'price': 6000, 'old_price': 6000, 'currency': 'RUB', 'payment_amount': 6000, 'extras_variants': [], 'extras': [], 'rate_id': 6777, 'deals': [], 'cancellation_type': 'nonrefundable', 'credit_card': 1, 'bonus': 300, 'miles': 360, 'min_stay': 1, 'platichastyami': 0, 'mircashback': 600}]",5000.0,300,13176_101hotels,2026-08-26
2229207,,С видом на море,2,1,0,1,Двухместный,2,1,[{'double': 1}],[],"[{'id': 393663, 'capacity': 1, 'prepayment': 'FIRST', 'nonrefundable': 1, 'cancellation_period': 0, 'cancellation_fee': 'FIRST', 'breakfast': 0, 'base_price': 5000, 'prices': [5000], 'price': 5000, 'old_price': 5000, 'currency': 'RUB', 'payment_amount': 5000, 'extras_variants': [], 'extras': [], 'rate_id': 6777, 'deals': [], 'cancellation_type': 'nonrefundable', 'credit_card': 1, 'bonus': 250, 'miles': 300, 'min_stay': 1, 'platichastyami': 0, 'mircashback': 500}, {'id': 393664, 'capacity': 2, 'prepayment': 'FIRST', 'nonrefundable': 1, 'cancellation_period': 0, 'cancellation_fee': 'FIRST', 'breakfast': 0, 'base_price': 6000, 'prices': [6000], 'price': 6000, 'old_price': 6000, 'currency': 'RUB', 'payment_amount': 6000, 'extras_variants': [], 'extras': [], 'rate_id': 6777, 'deals': [], 'cancellation_type': 'nonrefundable', 'credit_card': 1, 'bonus': 300, 'miles': 360, 'min_stay': 1, 'platichastyami': 0, 'mircashback': 600}]",5000.0,300,13176_101hotels,2026-08-26
2229212,,Комфорт с дополнительным местом,2,1,0,1,Двухместный,2,3,"[{'double': 1, 'sofa': 1}]",[],"[{'id': 393665, 'capacity': 1, 'prepayment': 'FIRST', 'nonrefundable': 1, 'cancellation_period': 0, 'cancellation_fee': 'FIRST', 'breakfast': 0, 'base_price': 5000, 'prices': [5000], 'price': 5000, 'old_price': 5000, 'currency': 'RUB', 'payment_amount': 5000, 'extras_variants': [], 'extras': [], 'rate_id': 6777, 'deals': [], 'cancellation_type': 'nonrefundable', 'credit_card': 1, 'bonus': 250, 'miles': 300, 'min_stay': 1, 'platichastyami': 0, 'mircashback': 500}, {'id': 393666, 'capacity': 2, 'prepayment': 'FIRST', 'nonrefundable': 1, 'cancellation_period': 0, 'cancellation_fee': 'FIRST', 'breakfast': 0, 'base_price': 6000, 'prices': [6000], 'price': 6000, 'old_price': 6000, 'currency': 'RUB', 'payment_amount': 6000, 'extras_variants': [], 'extras': [], 'rate_id': 6777, 'deals': [], 'cancellation_type': 'nonrefundable', 'credit_card': 1, 'bonus': 300, 'miles': 360, 'min_stay': 1, 'platichastyami': 0, 'mircashback': 600}]",5000.0,300,13176_101hotels,2026-08-26
70526,,Номер с террасой,3,1,0,1,Семейный,44,5,"[{'double': 1, 'sofa': 1}]",[],"[{'id': 1077653, 'capacity': 1, 'prepayment': 'FIRST', 'nonrefundable': 0, 'cancellation_period': 30, 'cancellation_fee': 'FIRST', 'breakfast': 0, 'base_price': 6000, 'prices': [6000], 'price': 6000, 'old_price': 6000, 'currency': 'RUB', 'payment_amount': 6000, 'extras_variants': [], 'extras': [], 'rate_id': 53127, 'deals': [], 'cancellation_type': 'special', 'credit_card': 1, 'bonus': 300, 'miles': 360, 'min_stay': 1, 'platichastyami': 0, 'mircashback': 600}, {'id': 1077654, 'capacity': 2, 'prepayment': 'FIRST', 'nonrefundable': 0, 'cancellation_period': 30, 'cancellation_fee': 'FIRST', 'breakfast': 0, 'base_price': 6000, 'prices': [6000], 'price': 6000, 'old_price': 6000, 'currency': 'RUB', 'payment_amount': 6000, 'extras_variants': [], 'extras': [], 'rate_id': 53127, 'deals': [], 'cancellation_type': 'special', 'credit_card': 1, 'bonus': 300, 'miles': 360, 'min_stay': 1, 'platichastyami': 0, 'mircashback': 600}, {'id': 1077655, 'capacity': 3, 'prepayment': 'FIRST', 'nonrefundable': 0, 'cancellation_period': 30, 'cancellation_fee': 'FIRST', 'breakfast': 0, 'base_price': 6000, 'prices': [6000], 'price': 6000, 'old_price': 6000, 'currency': 'RUB', 'payment_amount': 6000, 'extras_variants': [], 'extras': [], 'rate_id': 53127, 'deals': [], 'cancellation_type': 'special', 'credit_card': 1, 'bonus': 300, 'miles': 360, 'min_stay': 1, 'platichastyami': 0, 'mircashback': 600}]",6000.0,360,13175_101hotels,2026-08-26
2208249,,Люкс с 1 спальней,4,0,0,1,Сюит,27,2,"[{'single': 1}, {'single': 1}]",[],"[{'id': 1077641, 'capacity': 1, 'prepayment': 'FIRST', 'nonrefundable': 0, 'cancellation_period': 30, 'cancellation_fee': 'FIRST', 'breakfast': 0, 'base_price': 9000, 'prices': [9000], 'price': 9000, 'old_price': 9000, 'currency': 'RUB', 'payment_amount': 9000, 'extras_variants': [], 'extras': [], 'rate_id': 53127, 'deals': [], 'cancellation_type': 'special', 'credit_card': 1, 'bonus': 450, 'miles': 540, 'min_stay': 1, 'platichastyami': 0, 'mircashback': 900}, {'id': 1077642, 'capacity': 2, 'prepayment': 'FIRST', 'nonrefundable': 0, 'cancellation_period': 30, 'cancellation_fee': 'FIRST', 'breakfast': 0, 'base_price': 9000, 'prices': [9000], 'price': 9000, 'old_price': 9000, 'currency': 'RUB', 'payment_amount': 9000, 'extras_variants': [], 'extras': [], 'rate_id': 53127, 'deals': [], 'cancellation_type': 'special', 'credit_card': 1, 'bonus': 450, 'miles': 540, 'min_stay': 1, 'platichastyami': 0, 'mircashback': 900}, {'id': 1077643, 'capacity': 3, 'prepayment': 'FIRST', 'nonrefundable': 0, 'cancellation_period': 30, 'cancellation_fee': 'FIRST', 'breakfast': 0, 'base_price': 9000, 'prices': [9000], 'price': 9000, 'old_price': 9000, 'currency': 'RUB', 'payment_amount': 9000, 'extras_variants': [], 'extras': [], 'rate_id': 53127, 'deals': [], 'cancellation_type': 'special', 'credit_card': 1, 'bonus': 450, 'miles': 540, 'min_stay': 1, 'platichastyami': 0, 'mircashback': 900}, {'id': 1077644, 'capacity': 4, 'prepayment': 'FIRST', 'nonrefundable': 0, 'cancellation_period': 30, 'cancellation_fee': 'FIRST', 'breakfast': 0, 'base_price': 9000, 'prices': [9000], 'price': 9000, 'old_price': 9000, 'currency': 'RUB', 'payment_amount': 9000, 'extras_variants': [], 'extras': [], 'rate_id': 53127, 'deals': [], 'cancellation_type': 'special', 'credit_card': 1, 'bonus': 450, 'miles': 540, 'min_stay': 1, 'platichastyami': 0, 'mircashback': 900}]",9000.0,540,13175_101hotels,2026-08-26
2208250,,Семейный люкс,4,0,0,1,Сюит,27,1,"[{'single': 1, 'sofa': 1}, {'double': 1}]",[],"[{'id': 1077645, 'capacity': 1, 'prepayment': 'FIRST', 'nonrefundable': 0, 'cancellation_period': 30, 'cancellation_fee': 'FIRST', 'breakfast': 0, 'base_price': 9000, 'prices': [9000], 'price': 9000, 'old_price': 9000, 'currency': 'RUB', 'payment_amount': 9000, 'extras_variants': [], 'extras': [], 'rate_id': 53127, 'deals': [], 'cancellation_type': 'special', 'credit_card': 1, 'bonus': 450, 'miles': 540, 'min_stay': 1, 'platichastyami': 0, 'mircashback': 900}, {'id': 1077646, 'capacity': 2, 'prepayment': 'FIRST', 'nonrefundable': 0, 'cancellation_period': 30, 'cancellation_fee': 'FIRST', 'breakfast': 0, 'base_price': 9000, 'prices': [9000], 'price': 9000, 'old_price': 9000, 'currency': 'RUB', 'payment_amount': 9000, 'extras_variants': [], 'extras': [], 'rate_id': 53127, 'deals': [], 'cancellation_type': 'special', 'credit_card': 1, 'bonus': 450, 'miles': 540, 'min_stay': 1, 'platichastyami': 0, 'mircashback': 900}, {'id': 1077647, 'capacity': 3, 'prepayment': 'FIRST', 'nonrefundable': 0, 'cancellation_period': 30, 'cancellation_fee': 'FIRST', 'breakfast': 0, 'base_price': 9000, 'prices': [9000], 'price': 9000, 'old_price': 9000, 'currency': 'RUB', 'payment_amount': 9000, 'extras_variants': [], 'extras': [], 'rate_id': 53127, 'deals': [], 'cancellation_type': 'special', 'credit_card': 1, 'bonus': 450, 'miles': 540, 'min_stay': 1, 'platichastyami': 0, 'mircashback': 900}, {'id': 1077648, 'capacity': 4, 'prepayment': 'FIRST', 'nonrefundable': 0, 'cancellation_period': 30, 'cancellation_fee': 'FIRST', 'breakfast': 0, 'base_price': 9000, 'prices': [9000], 'price': 9000, 'old_price': 9000, 'currency': 'RUB', 'payment_amount': 9000, 'extras_variants': [], 'extras': [], 'rate_id': 53127, 'deals': [], 'cancellation_type': 'special', 'credit_card': 1, 'bonus': 450, 'miles': 540, 'min_stay': 1, 'platichastyami': 0, 'mircashback': 900}]",9000.0,540,13175_101hotels,2026-08-26
2270376,,,2,1,0,1,Бунгало,30,1,"[{'double': 1}, {'single': 2}]","[{'id': '8539', 'number': '1', 'min_age': '0', 'max_age': '14', 'is_extra_bed': '1', 'extra_bed_type_id': '2'}]","[{'id': 1077649, 'capacity': 1, 'prepayment': 'FIRST', 'nonrefundable': 0, 'cancellation_period': 30, 'cancellation_fee': 'FIRST', 'breakfast': 0, 'base_price': 11000, 'prices': [11000], 'price': 11000, 'old_price': 11000, 'currency': 'RUB', 'payment_amount': 11000, 'extras_variants': [], 'extras': {'8539': {'id': 8539, 'number': 1, 'extra_bed_type_id': 2, 'age': [0, 14], 'extra_bed': 1, 'free': 1}}, 'rate_id': 53127, 'deals': [], 'cancellation_type': 'special', 'credit_card': 1, 'bonus': 550, 'miles': 660, 'min_stay': 1, 'platichastyami': 0, 'mircashback': 1100}, {'id': 1077650, 'capacity': 2, 'prepayment': 'FIRST', 'nonrefundable': 0, 'cancellation_period': 30, 'cancellation_fee': 'FIRST', 'breakfast': 0, 'base_price': 11000, 'prices': [11000], 'price': 11000, 'old_price': 11000, 'currency': 'RUB', 'payment_amount': 11000, 'extras_variants': [], 'extras': {'8539': {'id': 8539, 'number': 1, 'extra_bed_type_id': 2, 'age': [0, 14], 'extra_bed': 1, 'free': 1}}, 'rate_id': 53127, 'deals': [], 'cancellation_type': 'special', 'credit_card': 1, 'bonus': 550, 'miles': 660, 'min_stay': 1, 'platichastyami': 0, 'mircashback': 1100}]",11000.0,660,13175_101hotels,2026-08-26
2304711,,Модульный домик,2,0,0,1,Двухместный,2,2,[{'double': 1}],[],"[{'id': 1077639, 'capacity': 1, 'prepayment': 'FIRST', 'nonrefundable': 0, 'cancellation_period': 30, 'cancellation_fee': 'FIRST', 'breakfast': 0, 'base_price': 8000, 'prices': [8000], 'price': 8000, 'old_price': 8000, 'currency': 'RUB', 'payment_amount': 8000, 'extras_variants': [], 'extras': [], 'rate_id': 53127, 'deals': [], 'cancellation_type': 'special', 'credit_card': 1, 'bonus': 400, 'miles': 480, 'min_stay': 1, 'platichastyami': 0, 'mircashback': 800}, {'id': 1077640, 'capacity': 2, 'prepayment': 'FIRST', 'nonrefundable': 0, 'cancellation_period': 30, 'cancellation_fee': 'FIRST', 'breakfast': 0, 'base_price': 8000, 'prices': [8000], 'price': 8000, 'old_price': 8000, 'currency': 'RUB', 'payment_amount': 8000, 'extras_variants': [], 'extras': [], 'rate_id': 53127, 'deals': [], 'cancellation_type': 'special', 'credit_card': 1, 'bonus': 400, 'miles': 480, 'min_stay': 1, 'platichastyami': 0, 'mircashback': 800}]",8000.0,480,13175_101hotels,2026-08-26
2249583,,Горница,3,0,0,1,Коттедж,15,4,"[{'single': 2, 'sofa': 1}, {'double': 1, 'sofa': 1}]",[],"[{'id': 743330, 'capacity': 1, 'prepayment': 'FIRST', 'nonrefundable': 0, 'cancellation_period': 1, 'cancellation_fee': 'FIRST', 'breakfast': 2, 'base_price': 12100, 'prices': [12100], 'price': 12100, 'old_price': 12100, 'currency': 'RUB', 'payment_amount': 12100, 'extras_variants': [], 'extras': [], 'rate_id': 31934, 'deals': [], 'cancellation_type': 'special', 'credit_card': 1, 'bonus': 605, 'miles': 726, 'min_stay': 1, 'platichastyami': 0, 'mircashback': 1210}, {'id': 743331, 'capacity': 2, 'prepayment': 'FIRST', 'nonrefundable': 0, 'cancellation_period': 1, 'cancellation_fee': 'FIRST', 'breakfast': 2, 'base_price': 12100, 'prices': [12100], 'price': 12100, 'old_price': 12100, 'currency': 'RUB', 'payment_amount': 12100, 'extras_variants': [], 'extras': [], 'rate_id': 31934, 'deals': [], 'cancellation_type': 'special', 'credit_card': 1, 'bonus': 605, 'miles': 726, 'min_stay': 1, 'platichastyami': 0, 'mircashback': 1210}, {'id': 743332, 'capacity': 3, 'prepayment': 'FIRST', 'nonrefundable': 0, 'cancellation_period': 1, 'cancellation_fee': 'FIRST', 'breakfast': 2, 'base_price': 14400, 'prices': [14400], 'price': 14400, 'old_price': 14400, 'currency': 'RUB', 'payment_amount': 14400, 'extras_variants': [], 'extras': [], 'rate_id': 31934, 'deals': [], 'cancellation_type': 'special', 'credit_card': 1, 'bonus': 720, 'miles': 864, 'min_stay': 1, 'platichastyami': 0, 'mircashback': 1440}]",12100.0,726,13185_101hotels,2026-08-26
70505,,Стандарт от 5-8,5,3,0,1,Номер,45,1,[{'2-tier': 4}],[],"[{'id': 768122, 'capacity': 5, 'prepayment': 'FIRST', 'nonrefundable': 0, 'cancellation_period': 14, 'cancellation_fee': 'FIRST', 'breakfast': 4, 'base_price': 25000, 'prices': [25000], 'price': 25000, 'old_price': 25000, 'currency': 'RUB', 'payment_amount': 25000, 'extras_variants': [], 'extras': [], 'rate_id': 5499, 'deals': [], 'cancellation_type': 'special', 'credit_card': 1, 'bonus': 1250, 'miles': 1500, 'min_stay': 1, 'platichastyami': 0, 'mircashback': 2500}]",25000.0,1500,13170_101hotels,2026-08-26
70506,,Стандарт 6,6,0,0,1,Номер,45,4,[{'2-tier': 3}],[],"[{'id': 558422, 'capacity': 3, 'prepayment': 'FIRST', 'nonrefundable': 0, 'cancellation_period': 14, 'cancellation_fee': 'FIRST', 'breakfast': 4, 'base_price': 15000, 'prices': [15000], 'price': 15000, 'old_price': 15000, 'currency': 'RUB', 'payment_amount': 15000, 'extras_variants': [], 'extras': [], 'rate_id': 5499, 'deals': [], 'cancellation_type': 'special', 'credit_card': 1, 'bonus': 750, 'miles': 900, 'min_stay': 1, 'platichastyami': 0, 'mircashback': 1500}, {'id': 768123, 'capacity': 4, 'prepayment': 'FIRST', 'nonrefundable': 0, 'cancellation_period': 14, 'cancellation_fee': 'FIRST', 'breakfast': 4, 'base_price': 20000, 'prices': [20000], 'price': 20000, 'old_price': 20000, 'currency': 'RUB', 'payment_amount': 20000, 'extras_variants': [], 'extras': [], 'rate_id': 5499, 'deals': [], 'cancellation_type': 'special', 'credit_card': 1, 'bonus': 1000, 'miles': 1200, 'min_stay': 1, 'platichastyami': 0, 'mircashback': 2000}, {'id': 768124, 'capacity': 5, 'prepayment': 'FIRST', 'nonrefundable': 0, 'cancellation_period': 14, 'cancellation_fee': 'FIRST', 'breakfast': 4, 'base_price': 25000, 'prices': [25000], 'price': 25000, 'old_price': 25000, 'currency': 'RUB', 'payment_amount': 25000, 'extras_variants': [], 'extras': [], 'rate_id': 5499, 'deals': [], 'cancellation_type': 'special', 'credit_card': 1, 'bonus': 1250, 'miles': 1500, 'min_stay': 1, 'platichastyami': 0, 'mircashback': 2500}, {'id': 768125, 'capacity': 6, 'prepayment': 'FIRST', 'nonrefundable': 0, 'cancellation_period': 14, 'cancellation_fee': 'FIRST', 'breakfast': 4, 'base_price': 30000, 'prices': [30000], 'price': 30000, 'old_price': 30000, 'currency': 'RUB', 'payment_amount': 30000, 'extras_variants': [], 'extras': [], 'rate_id': 5499, 'deals': [], 'cancellation_type': 'special', 'credit_card': 1, 'bonus': 1500, 'miles': 1800, 'min_stay': 1, 'platichastyami': 0, 'mircashback': 3000}]",15000.0,900,13170_101hotels,2026-08-26
1603644,,Стандарт 3,3,0,0,1,Трехместный,37,2,"[{'single': 1, '2-tier': 1}]",[],"[{'id': 362619, 'capacity': 2, 'prepayment': 'FIRST', 'nonrefundable': 0, 'cancellation_period': 14, 'cancellation_fee': 'FIRST', 'breakfast': 4, 'base_price': 10000, 'prices': [10000], 'price': 10000, 'old_price': 10000, 'currency': 'RUB', 'payment_amount': 10000, 'extras_variants': [], 'extras': [], 'rate_id': 5499, 'deals': [], 'cancellation_type': 'special', 'credit_card': 1, 'bonus': 500, 'miles': 600, 'min_stay': 1, 'platichastyami': 0, 'mircashback': 1000}, {'id': 362620, 'capacity': 3, 'prepayment': 'FIRST', 'nonrefundable': 0, 'cancellation_period': 14, 'cancellation_fee': 'FIRST', 'breakfast': 4, 'base_price': 15000, 'prices': [15000], 'price': 15000, 'old_price': 15000, 'currency': 'RUB', 'payment_amount': 15000, 'extras_variants': [], 'extras': [], 'rate_id': 5499, 'deals': [], 'cancellation_type': 'special', 'credit_card': 1, 'bonus': 750, 'miles': 900, 'min_stay': 1, 'platichastyami': 0, 'mircashback': 1500}]",10000.0,600,13170_101hotels,2026-08-26
1603647,,Пятиместный номер с кухней,4,1,0,1,Четырехместный,34,3,"[{'single': 3, 'double': 1}, {'single': 1, '2-tier': 2}]",[],"[{'id': 362616, 'capacity': 3, 'prepayment': 'FIRST', 'nonrefundable': 0, 'cancellation_period': 14, 'cancellation_fee': 'FIRST', 'breakfast': 4, 'base_price': 15000, 'prices': [15000], 'price': 15000, 'old_price': 15000, 'currency': 'RUB', 'payment_amount': 15000, 'extras_variants': [], 'extras': [], 'rate_id': 5499, 'deals': [], 'cancellation_type': 'special', 'credit_card': 1, 'bonus': 750, 'miles': 900, 'min_stay': 1, 'platichastyami': 0, 'mircashback': 1500}, {'id': 362617, 'capacity': 4, 'prepayment': 'FIRST', 'nonrefundable': 0, 'cancellation_period': 14, 'cancellation_fee': 'FIRST', 'breakfast': 4, 'base_price': 20000, 'prices': [20000], 'price': 20000, 'old_price': 20000, 'currency': 'RUB', 'payment_amount': 20000, 'extras_variants': [], 'extras': [], 'rate_id': 5499, 'deals': [], 'cancellation_type': 'special', 'credit_card': 1, 'bonus': 1000, 'miles': 1200, 'min_stay': 1, 'platichastyami': 0, 'mircashback': 2000}]",15000.0,900,13170_101hotels,2026-08-26
1603650,,Дом восьмиместный с кухней,6,3,0,1,Номер,45,3,"[{'single': 4, '2-tier': 2}, {'2-tier': 4}]",[],"[{'id': 362629, 'capacity': 6, 'prepayment': 'FIRST', 'nonrefundable': 0, 'cancellation_period': 14, 'cancellation_fee': 'FIRST', 'breakfast': 4, 'base_price': 30000, 'prices': [30000], 'price': 30000, 'old_price': 30000, 'currency': 'RUB', 'payment_amount': 30000, 'extras_variants': [], 'extras': [], 'rate_id': 5499, 'deals': [], 'cancellation_type': 'special', 'credit_card': 1, 'bonus': 1500, 'miles': 1800, 'min_stay': 1, 'platichastyami': 0, 'mircashback': 3000}]",30000.0,1800,13170_101hotels,2026-08-26
2224974,,Стандарт 2+1,2,1,0,1,Двухместный,2,5,"[{'double': 1, '2-tier': 1}, {'2-tier': 1, 'f-chair': 1}]",[],"[{'id': 362608, 'capacity': 1, 'prepayment': 'FIRST', 'nonrefundable': 0, 'cancellation_period': 14, 'cancellation_fee': 'FIRST', 'breakfast': 4, 'base_price': 10000, 'prices': [10000], 'price': 10000, 'old_price': 10000, 'currency': 'RUB', 'payment_amount': 10000, 'extras_variants': [], 'extras': [], 'rate_id': 5499, 'deals': [], 'cancellation_type': 'special', 'credit_card': 1, 'bonus': 500, 'miles': 600, 'min_stay': 1, 'platichastyami': 0, 'mircashback': 1000}, {'id': 362609, 'capacity': 2, 'prepayment': 'FIRST', 'nonrefundable': 0, 'cancellation_period': 14, 'cancellation_fee': 'FIRST', 'breakfast': 4, 'base_price': 10000, 'prices': [10000], 'price': 10000, 'old_price': 10000, 'currency': 'RUB', 'payment_amount': 10000, 'extras_variants': [], 'extras': [], 'rate_id': 5499, 'deals': [], 'cancellation_type': 'special', 'credit_card': 1, 'bonus': 500, 'miles': 600, 'min_stay': 1, 'platichastyami': 0, 'mircashback': 1000}]",10000.0,600,13170_101hotels,2026-08-26
44077,,Стандарт с видом на озеро,2,0,0,1,Двухместный,2,6,"[{'single': 2}, {'double': 1}]",[],"[{'id': 619664, 'capacity': 1, 'prepayment': 'FIRST', 'nonrefundable': 0, 'cancellation_period': 10, 'cancellation_fee': 'FIRST', 'breakfast': 1, 'base_price': 11850, 'prices': [11850], 'price': 11850, 'old_price': 11850, 'currency': 'RUB', 'payment_amount': 11850, 'extras_variants': [], 'extras': [], 'rate_id': 22635, 'deals': [], 'cancellation_type': 'special', 'credit_card': 1, 'bonus': 593, 'miles': 711, 'min_stay': 1, 'platichastyami': 0, 'mircashback': 1185}, {'id': 619665, 'capacity': 2, 'prepayment': 'FIRST', 'nonrefundable': 0, 'cancellation_period': 10, 'cancellation_fee': 'FIRST', 'breakfast': 1, 'base_price': 11850, 'prices': [11850], 'price': 11850, 'old_price': 11850, 'currency': 'RUB', 'payment_amount': 11850, 'extras_variants': [], 'extras': [], 'rate_id': 22635, 'deals': [], 'cancellation_type': 'special', 'credit_card': 1, 'bonus': 593, 'miles': 711, 'min_stay': 1, 'platichastyami': 0, 'mircashback': 1185}]",11850.0,711,9002_101hotels,2026-08-26
44079,,Семейный номер,4,1,0,1,Люкс,6,3,"[{'single': 2, 'double': 1}]",[],"[{'id': 619672, 'capacity': 1, 'prepayment': 'FIRST', 'nonrefundable': 0, 'cancellation_period': 10, 'cancellation_fee': 'FIRST', 'breakfast': 1, 'base_price': 18400, 'prices': [18400], 'price': 18400, 'old_price': 18400, 'currency': 'RUB', 'payment_amount': 18400, 'extras_variants': [], 'extras': [], 'rate_id': 22635, 'deals': [], 'cancellation_type': 'special', 'credit_card': 1, 'bonus': 920, 'miles': 1104, 'min_stay': 1, 'platichastyami': 0, 'mircashback': 1840}, {'id': 619673, 'capacity': 2, 'prepayment': 'FIRST', 'nonrefundable': 0, 'cancellation_period': 10, 'cancellation_fee': 'FIRST', 'breakfast': 1, 'base_price': 18400, 'prices': [18400], 'price': 18400, 'old_price': 18400, 'currency': 'RUB', 'payment_amount': 18400, 'extras_variants': [], 'extras': [], 'rate_id': 22635, 'deals': [], 'cancellation_type': 'special', 'credit_card': 1, 'bonus': 920, 'miles': 1104, 'min_stay': 1, 'platichastyami': 0, 'mircashback': 1840}, {'id': 619674, 'capacity': 3, 'prepayment': 'FIRST', 'nonrefundable': 0, 'cancellation_period': 10, 'cancellation_fee': 'FIRST', 'breakfast': 1, 'base_price': 18400, 'prices': [18400], 'price': 18400, 'old_price': 18400, 'currency': 'RUB', 'payment_amount': 18400, 'extras_variants': [], 'extras': [], 'rate_id': 22635, 'deals': [], 'cancellation_type': 'special', 'credit_card': 1, 'bonus': 920, 'miles': 1104, 'min_stay': 1, 'platichastyami': 0, 'mircashback': 1840}, {'id': 619675, 'capacity': 4, 'prepayment': 'FIRST', 'nonrefundable': 0, 'cancellation_period': 10, 'cancellation_fee': 'FIRST', 'breakfast': 1, 'base_price': 18400, 'prices': [18400], 'price': 18400, 'old_price': 18400, 'currency': 'RUB', 'payment_amount': 18400, 'extras_variants': [], 'extras': [], 'rate_id': 22635, 'deals': [], 'cancellation_type': 'special', 'credit_card': 1, 'bonus': 920, 'miles': 1104, 'min_stay': 1, 'platichastyami': 0, 'mircashback': 1840}]",18400.0,1104,9002_101hotels,2026-08-26
98417,,Люкс,2,2,0,1,Студио,5,2,[{'double': 1}],[],"[{'id': 619670, 'capacity': 1, 'prepayment': 'FIRST', 'nonrefundable': 0, 'cancellation_period': 10, 'cancellation_fee': 'FIRST', 'breakfast': 1, 'base_price': 22310, 'prices': [22310], 'price': 22310, 'old_price': 22310, 'currency': 'RUB', 'payment_amount': 22310, 'extras_variants': [], 'extras': [], 'rate_id': 22635, 'deals': [], 'cancellation_type': 'special', 'credit_card': 1, 'bonus': 1116, 'miles': 1338, 'min_stay': 1, 'platichastyami': 0, 'mircashback': 2231}, {'id': 619671, 'capacity': 2, 'prepayment': 'FIRST', 'nonrefundable': 0, 'cancellation_period': 10, 'cancellation_fee': 'FIRST', 'breakfast': 1, 'base_price': 22310, 'prices': [22310], 'price': 22310, 'old_price': 22310, 'currency': 'RUB', 'payment_amount': 22310, 'extras_variants': [], 'extras': [], 'rate_id': 22635, 'deals': [], 'cancellation_type': 'special', 'credit_card': 1, 'bonus': 1116, 'miles': 1338, 'min_stay': 1, 'platichastyami': 0, 'mircashback': 2231}]",22310.0,1338,9002_101hotels,2026-08-26
1778184,,Стандарт с видом на лес,2,0,0,1,Двухместный,2,1,"[{'single': 2}, {'double': 1}]",[],"[{'id': 619668, 'capacity': 1, 'prepayment': 'FIRST', 'nonrefundable': 0, 'cancellation_period': 10, 'cancellation_fee': 'FIRST', 'breakfast': 1, 'base_price': 10470, 'prices': [10470], 'price': 10470, 'old_price': 10470, 'currency': 'RUB', 'payment_amount': 10470, 'extras_variants': [], 'extras': [], 'rate_id': 22635, 'deals': [], 'cancellation_type': 'special', 'credit_card': 1, 'bonus': 524, 'miles': 627, 'min_stay': 1, 'platichastyami': 0, 'mircashback': 1047}, {'id': 619669, 'capacity': 2, 'prepayment': 'FIRST', 'nonrefundable': 0, 'cancellation_period': 10, 'cancellation_fee': 'FIRST', 'breakfast': 1, 'base_price': 10470, 'prices': [10470], 'price': 10470, 'old_price': 10470, 'currency': 'RUB', 'payment_amount': 10470, 'extras_variants': [], 'extras': [], 'rate_id': 22635, 'deals': [], 'cancellation_type': 'special', 'credit_card': 1, 'bonus': 524, 'miles': 627, 'min_stay': 1, 'platichastyami': 0, 'mircashback': 1047}]",10470.0,627,9002_101hotels,2026-08-26
282836,,Отдельно стоящий дом,2,0,0,0,Двухместный,2,10,[{'single': 2}],[],"[{'id': 680204, 'capacity': 1, 'prepayment': 'FIRST', 'nonrefundable': 0, 'cancellation_period': 5, 'cancellation_fee': 'FIRST', 'breakfast': 0, 'base_price': 3000, 'prices': [3000], 'price': 2700, 'old_price': 3000, 'currency': 'RUB', 'payment_amount': 3000, 'extras_variants': [], 'extras': [], 'rate_id': 7955, 'deals': ['LAST_MINUTE'], 'cancellation_type': 'special', 'credit_card': 1, 'bonus': 135, 'miles': 162, 'min_stay': 1, 'platichastyami': 0, 'mircashback': 270}, {'id': 680205, 'capacity': 2, 'prepayment': 'FIRST', 'nonrefundable': 0, 'cancellation_period': 5, 'cancellation_fee': 'FIRST', 'breakfast': 0, 'base_price': 3000, 'prices': [3000], 'price': 2700, 'old_price': 3000, 'currency': 'RUB', 'payment_amount': 3000, 'extras_variants': [], 'extras': [], 'rate_id': 7955, 'deals': ['LAST_MINUTE'], 'cancellation_type': 'special', 'credit_card': 1, 'bonus': 135, 'miles': 162, 'min_stay': 1, 'platichastyami': 0, 'mircashback': 270}]",2700.0,162,78755_101hotels,2026-08-26
2231479,,Благоустроенный номер,2,0,0,1,Двухместный,2,1,[{'double': 1}],[],"[{'id': 409536, 'capacity': 1, 'prepayment': 'FIRST', 'nonrefundable': 0, 'cancellation_period': 5, 'cancellation_fee': 'FIRST', 'breakfast': 0, 'base_price': 5800, 'prices': [5800], 'price': 5800, 'old_price': 5800, 'currency': 'RUB', 'payment_amount': 5800, 'extras_variants': [], 'extras': [], 'rate_id': 7955, 'deals': [], 'cancellation_type': 'special', 'credit_card': 1, 'bonus': 290, 'miles': 348, 'min_stay': 1, 'platichastyami': 0, 'mircashback': 580}, {'id': 409537, 'capacity': 2, 'prepayment': 'FIRST', 'nonrefundable': 0, 'cancellation_period': 5, 'cancellation_fee': 'FIRST', 'breakfast': 0, 'base_price': 5800, 'prices': [5800], 'price': 5800, 'old_price': 5800, 'currency': 'RUB', 'payment_amount': 5800, 'extras_variants': [], 'extras': [], 'rate_id': 7955, 'deals': [], 'cancellation_type': 'special', 'credit_card': 1, 'bonus': 290, 'miles': 348, 'min_stay': 1, 'platichastyami': 0, 'mircashback': 580}]",5800.0,348,78755_101hotels,2026-08-26
2231492,,Благоустроенный дом,6,0,0,1,Шестиместный,36,1,"[{'single': 2, '2-tier': 2}]",[],"[{'id': 409510, 'capacity': 1, 'prepayment': 'FIRST', 'nonrefundable': 0, 'cancellation_period': 5, 'cancellation_fee': 'FIRST', 'breakfast': 0, 'base_price': 12500, 'prices': [12500], 'price': 11250, 'old_price': 12500, 'currency': 'RUB', 'payment_amount': 12500, 'extras_variants': [], 'extras': [], 'rate_id': 7955, 'deals': ['LAST_MINUTE'], 'cancellation_type': 'special', 'credit_card': 1, 'bonus': 563, 'miles': 675, 'min_stay': 1, 'platichastyami': 0, 'mircashback': 1125}, {'id': 409511, 'capacity': 2, 'prepayment': 'FIRST', 'nonrefundable': 0, 'cancellation_period': 5, 'cancellation_fee': 'FIRST', 'breakfast': 0, 'base_price': 12500, 'prices': [12500], 'price': 11250, 'old_price': 12500, 'currency': 'RUB', 'payment_amount': 12500, 'extras_variants': [], 'extras': [], 'rate_id': 7955, 'deals': ['LAST_MINUTE'], 'cancellation_type': 'special', 'credit_card': 1, 'bonus': 563, 'miles': 675, 'min_stay': 1, 'platichastyami': 0, 'mircashback': 1125}, {'id': 409512, 'capacity': 3, 'prepayment': 'FIRST', 'nonrefundable': 0, 'cancellation_period': 5, 'cancellation_fee': 'FIRST', 'breakfast': 0, 'base_price': 12500, 'prices': [12500], 'price': 11250, 'old_price': 12500, 'currency': 'RUB', 'payment_amount': 12500, 'extras_variants': [], 'extras': [], 'rate_id': 7955, 'deals': ['LAST_MINUTE'], 'cancellation_type': 'special', 'credit_card': 1, 'bonus': 563, 'miles': 675, 'min_stay': 1, 'platichastyami': 0, 'mircashback': 1125}, {'id': 409513, 'capacity': 4, 'prepayment': 'FIRST', 'nonrefundable': 0, 'cancellation_period': 5, 'cancellation_fee': 'FIRST', 'breakfast': 0, 'base_price': 12500, 'prices': [12500], 'price': 11250, 'old_price': 12500, 'currency': 'RUB', 'payment_amount': 12500, 'extras_variants': [], 'extras': [], 'rate_id': 7955, 'deals': ['LAST_MINUTE'], 'cancellation_type': 'special', 'credit_card': 1, 'bonus': 563, 'miles': 675, 'min_stay': 1, 'platichastyami': 0, 'mircashback': 1125}, {'id': 409514, 'capacity': 5, 'prepayment': 'FIRST', 'nonrefundable': 0, 'cancellation_period': 5, 'cancellation_fee': 'FIRST', 'breakfast': 0, 'base_price': 12500, 'prices': [12500], 'price': 11250, 'old_price': 12500, 'currency': 'RUB', 'payment_amount': 12500, 'extras_variants': [], 'extras': [], 'rate_id': 7955, 'deals': ['LAST_MINUTE'], 'cancellation_type': 'special', 'credit_card': 1, 'bonus': 563, 'miles': 675, 'min_stay': 1, 'platichastyami': 0, 'mircashback': 1125}, {'id': 409515, 'capacity': 6, 'prepayment': 'FIRST', 'nonrefundable': 0, 'cancellation_period': 5, 'cancellation_fee': 'FIRST', 'breakfast': 0, 'base_price': 12500, 'prices': [12500], 'price': 11250, 'old_price': 12500, 'currency': 'RUB', 'payment_amount': 12500, 'extras_variants': [], 'extras': [], 'rate_id': 7955, 'deals': ['LAST_MINUTE'], 'cancellation_type': 'special', 'credit_card': 1, 'bonus': 563, 'miles': 675, 'min_stay': 1, 'platichastyami': 0, 'mircashback': 1125}]",11250.0,675,78755_101hotels,2026-08-26
2232408,,Благоустроенный дом,8,0,0,1,Восьмиместный,38,1,"[{'single': 7, 'sofa': 1}]",[],"[{'id': 415491, 'capacity': 1, 'prepayment': 'FIRST', 'nonrefundable': 0, 'cancellation_period': 5, 'cancellation_fee': 'FIRST', 'breakfast': 0, 'base_price': 15800, 'prices': [15800], 'price': 14220, 'old_price': 15800, 'currency': 'RUB', 'payment_amount': 15800, 'extras_variants': [], 'extras': [], 'rate_id': 7955, 'deals': ['LAST_MINUTE'], 'cancellation_type': 'special', 'credit_card': 1, 'bonus': 711, 'miles': 852, 'min_stay': 1, 'platichastyami': 0, 'mircashback': 1422}, {'id': 415492, 'capacity': 2, 'prepayment': 'FIRST', 'nonrefundable': 0, 'cancellation_period': 5, 'cancellation_fee': 'FIRST', 'breakfast': 0, 'base_price': 15800, 'prices': [15800], 'price': 14220, 'old_price': 15800, 'currency': 'RUB', 'payment_amount': 15800, 'extras_variants': [], 'extras': [], 'rate_id': 7955, 'deals': ['LAST_MINUTE'], 'cancellation_type': 'special', 'credit_card': 1, 'bonus': 711, 'miles': 852, 'min_stay': 1, 'platichastyami': 0, 'mircashback': 1422}, {'id': 415493, 'capacity': 3, 'prepayment': 'FIRST', 'nonrefundable': 0, 'cancellation_period': 5, 'cancellation_fee': 'FIRST', 'breakfast': 0, 'base_price': 15800, 'prices': [15800], 'price': 14220, 'old_price': 15800, 'currency': 'RUB', 'payment_amount': 15800, 'extras_variants': [], 'extras': [], 'rate_id': 7955, 'deals': ['LAST_MINUTE'], 'cancellation_type': 'special', 'credit_card': 1, 'bonus': 711, 'miles': 852, 'min_stay': 1, 'platichastyami': 0, 'mircashback': 1422}, {'id': 415494, 'capacity': 4, 'prepayment': 'FIRST', 'nonrefundable': 0, 'cancellation_period': 5, 'cancellation_fee': 'FIRST', 'breakfast': 0, 'base_price': 15800, 'prices': [15800], 'price': 14220, 'old_price': 15800, 'currency': 'RUB', 'payment_amount': 15800, 'extras_variants': [], 'extras': [], 'rate_id': 7955, 'deals': ['LAST_MINUTE'], 'cancellation_type': 'special', 'credit_card': 1, 'bonus': 711, 'miles': 852, 'min_stay': 1, 'platichastyami': 0, 'mircashback': 1422}, {'id': 415495, 'capacity': 5, 'prepayment': 'FIRST', 'nonrefundable': 0, 'cancellation_period': 5, 'cancellation_fee': 'FIRST', 'breakfast': 0, 'base_price': 15800, 'prices': [15800], 'price': 14220, 'old_price': 15800, 'currency': 'RUB', 'payment_amount': 15800, 'extras_variants': [], 'extras': [], 'rate_id': 7955, 'deals': ['LAST_MINUTE'], 'cancellation_type': 'special', 'credit_card': 1, 'bonus': 711, 'miles': 852, 'min_stay': 1, 'platichastyami': 0, 'mircashback': 1422}, {'id': 415496, 'capacity': 6, 'prepayment': 'FIRST', 'nonrefundable': 0, 'cancellation_period': 5, 'cancellation_fee': 'FIRST', 'breakfast': 0, 'base_price': 15800, 'prices': [15800], 'price': 14220, 'old_price': 15800, 'currency': 'RUB', 'payment_amount': 15800, 'extras_variants': [], 'extras': [], 'rate_id': 7955, 'deals': ['LAST_MINUTE'], 'cancellation_type': 'special', 'credit_card': 1, 'bonus': 711, 'miles': 852, 'min_stay': 1, 'platichastyami': 0, 'mircashback': 1422}, {'id': 415497, 'capacity': 7, 'prepayment': 'FIRST', 'nonrefundable': 0, 'cancellation_period': 5, 'cancellation_fee': 'FIRST', 'breakfast': 0, 'base_price': 15800, 'prices': [15800], 'price': 14220, 'old_price': 15800, 'currency': 'RUB', 'payment_amount': 15800, 'extras_variants': [], 'extras': [], 'rate_id': 7955, 'deals': ['LAST_MINUTE'], 'cancellation_type': 'special', 'credit_card': 1, 'bonus': 711, 'miles': 852, 'min_stay': 1, 'platichastyami': 0, 'mircashback': 1422}, {'id': 415498, 'capacity': 8, 'prepayment': 'FIRST', 'nonrefundable': 0, 'cancellation_period': 5, 'cancellation_fee': 'FIRST', 'breakfast': 0, 'base_price': 15800, 'prices': [15800], 'price': 14220, 'old_price': 15800, 'currency': 'RUB', 'payment_amount': 15800, 'extras_variants': [], 'extras': [], 'rate_id': 7955, 'deals': ['LAST_MINUTE'], 'cancellation_type': 'special', 'credit_card': 1, 'bonus': 711, 'miles': 852, 'min_stay': 1, 'platichastyami': 0, 'mircashback': 1422}]",14220.0,852,78755_101hotels,2026-08-26
2258953,,,2,0,0,0,Двухместный,2,3,[{'single': 2}],[],"[{'id': 680783, 'capacity': 1, 'prepayment': 'FIRST', 'nonrefundable': 0, 'cancellation_period': 5, 'cancellation_fee': 'FIRST', 'breakfast': 0, 'base_price': 3800, 'prices': [3800], 'price': 3420, 'old_price': 3800, 'currency': 'RUB', 'payment_amount': 3800, 'extras_variants': [], 'extras': [], 'rate_id': 7955, 'deals': ['LAST_MINUTE'], 'cancellation_type': 'special', 'credit_card': 1, 'bonus': 171, 'miles': 204, 'min_stay': 1, 'platichastyami': 0, 'mircashback': 342}, {'id': 680784, 'capacity': 2, 'prepayment': 'FIRST', 'nonrefundable': 0, 'cancellation_period': 5, 'cancellation_fee': 'FIRST', 'breakfast': 0, 'base_price': 3800, 'prices': [3800], 'price': 3420, 'old_price': 3800, 'currency': 'RUB', 'payment_amount': 3800, 'extras_variants': [], 'extras': [], 'rate_id': 7955, 'deals': ['LAST_MINUTE'], 'cancellation_type': 'special', 'credit_card': 1, 'bonus': 171, 'miles': 204, 'min_stay': 1, 'platichastyami': 0, 'mircashback': 342}]",3420.0,204,78755_101hotels,2026-08-26
2259810,,Стандарт,3,0,0,0,Трехместный,37,4,[{'single': 3}],[],"[{'id': 803320, 'capacity': 1, 'prepayment': 'FIRST', 'nonrefundable': 0, 'cancellation_period': 5, 'cancellation_fee': 'FIRST', 'breakfast': 0, 'base_price': 4800, 'prices': [4800], 'price': 4320, 'old_price': 4800, 'currency': 'RUB', 'payment_amount': 4800, 'extras_variants': [], 'extras': [], 'rate_id': 7955, 'deals': ['LAST_MINUTE'], 'cancellation_type': 'special', 'credit_card': 1, 'bonus': 216, 'miles': 258, 'min_stay': 1, 'platichastyami': 0, 'mircashback': 432}, {'id': 803321, 'capacity': 2, 'prepayment': 'FIRST', 'nonrefundable': 0, 'cancellation_period': 5, 'cancellation_fee': 'FIRST', 'breakfast': 0, 'base_price': 4800, 'prices': [4800], 'price': 4320, 'old_price': 4800, 'currency': 'RUB', 'payment_amount': 4800, 'extras_variants': [], 'extras': [], 'rate_id': 7955, 'deals': ['LAST_MINUTE'], 'cancellation_type': 'special', 'credit_card': 1, 'bonus': 216, 'miles': 258, 'min_stay': 1, 'platichastyami': 0, 'mircashback': 432}, {'id': 803322, 'capacity': 3, 'prepayment': 'FIRST', 'nonrefundable': 0, 'cancellation_period': 5, 'cancellation_fee': 'FIRST', 'breakfast': 0, 'base_price': 4800, 'prices': [4800], 'price': 4320, 'old_price': 4800, 'currency': 'RUB', 'payment_amount': 4800, 'extras_variants': [], 'extras': [], 'rate_id': 7955, 'deals': ['LAST_MINUTE'], 'cancellation_type': 'special', 'credit_card': 1, 'bonus': 216, 'miles': 258, 'min_stay': 1, 'platichastyami': 0, 'mircashback': 432}]",4320.0,258,78755_101hotels,2026-08-26
2276063,,Благоустроенный,10,0,0,1,Десятиместный,39,1,"[{'single': 8, 'double': 1}]",[],"[{'id': 803338, 'capacity': 1, 'prepayment': 'FIRST', 'nonrefundable': 0, 'cancellation_period': 5, 'cancellation_fee': 'FIRST', 'breakfast': 0, 'base_price': 20000, 'prices': [20000], 'price': 18000, 'old_price': 20000, 'currency': 'RUB', 'payment_amount': 20000, 'extras_variants': [], 'extras': [], 'rate_id': 7955, 'deals': ['LAST_MINUTE'], 'cancellation_type': 'special', 'credit_card': 1, 'bonus': 900, 'miles': 1080, 'min_stay': 1, 'platichastyami': 0, 'mircashback': 1800}, {'id': 803339, 'capacity': 2, 'prepayment': 'FIRST', 'nonrefundable': 0, 'cancellation_period': 5, 'cancellation_fee': 'FIRST', 'breakfast': 0, 'base_price': 20000, 'prices': [20000], 'price': 18000, 'old_price': 20000, 'currency': 'RUB', 'payment_amount': 20000, 'extras_variants': [], 'extras': [], 'rate_id': 7955, 'deals': ['LAST_MINUTE'], 'cancellation_type': 'special', 'credit_card': 1, 'bonus': 900, 'miles': 1080, 'min_stay': 1, 'platichastyami': 0, 'mircashback': 1800}, {'id': 803340, 'capacity': 3, 'prepayment': 'FIRST', 'nonrefundable': 0, 'cancellation_period': 5, 'cancellation_fee': 'FIRST', 'breakfast': 0, 'base_price': 20000, 'prices': [20000], 'price': 18000, 'old_price': 20000, 'currency': 'RUB', 'payment_amount': 20000, 'extras_variants': [], 'extras': [], 'rate_id': 7955, 'deals': ['LAST_MINUTE'], 'cancellation_type': 'special', 'credit_card': 1, 'bonus': 900, 'miles': 1080, 'min_stay': 1, 'platichastyami': 0, 'mircashback': 1800}, {'id': 803341, 'capacity': 4, 'prepayment': 'FIRST', 'nonrefundable': 0, 'cancellation_period': 5, 'cancellation_fee': 'FIRST', 'breakfast': 0, 'base_price': 20000, 'prices': [20000], 'price': 18000, 'old_price': 20000, 'currency': 'RUB', 'payment_amount': 20000, 'extras_variants': [], 'extras': [], 'rate_id': 7955, 'deals': ['LAST_MINUTE'], 'cancellation_type': 'special', 'credit_card': 1, 'bonus': 900, 'miles': 1080, 'min_stay': 1, 'platichastyami': 0, 'mircashback': 1800}, {'id': 803342, 'capacity': 5, 'prepayment': 'FIRST', 'nonrefundable': 0, 'cancellation_period': 5, 'cancellation_fee': 'FIRST', 'breakfast': 0, 'base_price': 20000, 'prices': [20000], 'price': 18000, 'old_price': 20000, 'currency': 'RUB', 'payment_amount': 20000, 'extras_variants': [], 'extras': [], 'rate_id': 7955, 'deals': ['LAST_MINUTE'], 'cancellation_type': 'special', 'credit_card': 1, 'bonus': 900, 'miles': 1080, 'min_stay': 1, 'platichastyami': 0, 'mircashback': 1800}, {'id': 803343, 'capacity': 6, 'prepayment': 'FIRST', 'nonrefundable': 0, 'cancellation_period': 5, 'cancellation_fee': 'FIRST', 'breakfast': 0, 'base_price': 20000, 'prices': [20000], 'price': 18000, 'old_price': 20000, 'currency': 'RUB', 'payment_amount': 20000, 'extras_variants': [], 'extras': [], 'rate_id': 7955, 'deals': ['LAST_MINUTE'], 'cancellation_type': 'special', 'credit_card': 1, 'bonus': 900, 'miles': 1080, 'min_stay': 1, 'platichastyami': 0, 'mircashback': 1800}, {'id': 803344, 'capacity': 7, 'prepayment': 'FIRST', 'nonrefundable': 0, 'cancellation_period': 5, 'cancellation_fee': 'FIRST', 'breakfast': 0, 'base_price': 20000, 'prices': [20000], 'price': 18000, 'old_price': 20000, 'currency': 'RUB', 'payment_amount': 20000, 'extras_variants': [], 'extras': [], 'rate_id': 7955, 'deals': ['LAST_MINUTE'], 'cancellation_type': 'special', 'credit_card': 1, 'bonus': 900, 'miles': 1080, 'min_stay': 1, 'platichastyami': 0, 'mircashback': 1800}, {'id': 803345, 'capacity': 8, 'prepayment': 'FIRST', 'nonrefundable': 0, 'cancellation_period': 5, 'cancellation_fee': 'FIRST', 'breakfast': 0, 'base_price': 20000, 'prices': [20000], 'price': 18000, 'old_price': 20000, 'currency': 'RUB', 'payment_amount': 20000, 'extras_variants': [], 'extras': [], 'rate_id': 7955, 'deals': ['LAST_MINUTE'], 'cancellation_type': 'special', 'credit_card': 1, 'bonus': 900, 'miles': 1080, 'min_stay': 1, 'platichastyami': 0, 'mircashback': 1800}, {'id': 803346, 'capacity': 9, 'prepayment': 'FIRST', 'nonrefundable': 0, 'cancellation_period': 5, 'cancellation_fee': 'FIRST', 'breakfast': 0, 'base_price': 20000, 'prices': [20000], 'price': 18000, 'old_price': 20000, 'currency': 'RUB', 'payment_amount': 20000, 'extras_variants': [], 'extras': [], 'rate_id': 7955, 'deals': ['LAST_MINUTE'], 'cancellation_type': 'special', 'credit_card': 1, 'bonus': 900, 'miles': 1080, 'min_stay': 1, 'platichastyami': 0, 'mircashback': 1800}, {'id': 803347, 'capacity': 10, 'prepayment': 'FIRST', 'nonrefundable': 0, 'cancellation_period': 5, 'cancellation_fee': 'FIRST', 'breakfast': 0, 'base_price': 20000, 'prices': [20000], 'price': 18000, 'old_price': 20000, 'currency': 'RUB', 'payment_amount': 20000, 'extras_variants': [], 'extras': [], 'rate_id': 7955, 'deals': ['LAST_MINUTE'], 'cancellation_type': 'special', 'credit_card': 1, 'bonus': 900, 'miles': 1080, 'min_stay': 1, 'platichastyami': 0, 'mircashback': 1800}]",18000.0,1080,78755_101hotels,2026-08-26
1988743,,Для 2 чел,2,0,0,1,Семейный,44,1,[{'double': 1}],[],"[{'id': 927022, 'details': [{'day': '26.08.2026', 'base_price': 2000, 'price': 2000, 'discount': 0, 'deal_id': 0, 'deal_ids': [], 'deals': []}], 'capacity': 1, 'prepayment': 'FULL', 'nonrefundable': 0, 'cancellation_period': 0, 'cancellation_fee': 'NO', 'breakfast': 0, 'base_price': 2000, 'prices': [2000], 'price': 2000, 'old_price': 2000, 'currency': 'RUB', 'payment_amount': 2000, 'extras_variants': [], 'extras': [], 'rate_id': 42732, 'deals': [], 'cancellation_type': 'free', 'credit_card': 1, 'bonus': 100, 'miles': 120, 'min_stay': 1, 'platichastyami': 0, 'mircashback': 200}, {'id': 927023, 'details': [{'day': '26.08.2026', 'base_price': 4000, 'price': 4000, 'discount': 0, 'deal_id': 0, 'deal_ids': [], 'deals': []}], 'capacity': 2, 'prepayment': 'FULL', 'nonrefundable': 0, 'cancellation_period': 0, 'cancellation_fee': 'NO', 'breakfast': 0, 'base_price': 4000, 'prices': [4000], 'price': 4000, 'old_price': 4000, 'currency': 'RUB', 'payment_amount': 4000, 'extras_variants': [], 'extras': [], 'rate_id': 42732, 'deals': [], 'cancellation_type': 'free', 'credit_card': 1, 'bonus': 200, 'miles': 240, 'min_stay': 1, 'platichastyami': 0, 'mircashback': 400}]",2000.0,120,609283_101hotels,2026-08-26
1988745,,Номер эконом-класса,4,0,0,0,Четырехместный,34,1,[{'2-tier': 2}],[],"[{'id': 927014, 'details': [{'day': '26.08.2026', 'base_price': 1700, 'price': 1700, 'discount': 0, 'deal_id': 0, 'deal_ids': [], 'deals': []}], 'capacity': 1, 'prepayment': 'FULL', 'nonrefundable': 0, 'cancellation_period': 0, 'cancellation_fee': 'NO', 'breakfast': 0, 'base_price': 1700, 'prices': [1700], 'price': 1700, 'old_price': 1700, 'currency': 'RUB', 'payment_amount': 1700, 'extras_variants': [], 'extras': [], 'rate_id': 42732, 'deals': [], 'cancellation_type': 'free', 'credit_card': 1, 'bonus': 85, 'miles': 102, 'min_stay': 1, 'platichastyami': 0, 'mircashback': 170}, {'id': 927015, 'details': [{'day': '26.08.2026', 'base_price': 3400, 'price': 3400, 'discount': 0, 'deal_id': 0, 'deal_ids': [], 'deals': []}], 'capacity': 2, 'prepayment': 'FULL', 'nonrefundable': 0, 'cancellation_period': 0, 'cancellation_fee': 'NO', 'breakfast': 0, 'base_price': 3400, 'prices': [3400], 'price': 3400, 'old_price': 3400, 'currency': 'RUB', 'payment_amount': 3400, 'extras_variants': [], 'extras': [], 'rate_id': 42732, 'deals': [], 'cancellation_type': 'free', 'credit_card': 1, 'bonus': 170, 'miles': 204, 'min_stay': 1, 'platichastyami': 0, 'mircashback': 340}, {'id': 927016, 'details': [{'day': '26.08.2026', 'base_price': 5100, 'price': 5100, 'discount': 0, 'deal_id': 0, 'deal_ids': [], 'deals': []}], 'capacity': 3, 'prepayment': 'FULL', 'nonrefundable': 0, 'cancellation_period': 0, 'cancellation_fee': 'NO', 'breakfast': 0, 'base_price': 5100, 'prices': [5100], 'price': 5100, 'old_price': 5100, 'currency': 'RUB', 'payment_amount': 5100, 'extras_variants': [], 'extras': [], 'rate_id': 42732, 'deals': [], 'cancellation_type': 'free', 'credit_card': 1, 'bonus': 255, 'miles': 306, 'min_stay': 1, 'platichastyami': 0, 'mircashback': 510}, {'id': 927017, 'details': [{'day': '26.08.2026', 'base_price': 6800, 'price': 6800, 'discount': 0, 'deal_id': 0, 'deal_ids': [], 'deals': []}], 'capacity': 4, 'prepayment': 'FULL', 'nonrefundable': 0, 'cancellation_period': 0, 'cancellation_fee': 'NO', 'breakfast': 0, 'base_price': 6800, 'prices': [6800], 'price': 6800, 'old_price': 6800, 'currency': 'RUB', 'payment_amount': 6800, 'extras_variants': [], 'extras': [], 'rate_id': 42732, 'deals': [], 'cancellation_type': 'free', 'credit_card': 1, 'bonus': 340, 'miles': 408, 'min_stay': 1, 'platichastyami': 0, 'mircashback': 680}]",1700.0,102,609283_101hotels,2026-08-26
1988748,,Комфорт,4,0,0,0,Четырехместный,34,1,[{'single': 4}],[],"[{'id': 927018, 'details': [{'day': '26.08.2026', 'base_price': 2000, 'price': 2000, 'discount': 0, 'deal_id': 0, 'deal_ids': [], 'deals': []}], 'capacity': 1, 'prepayment': 'FULL', 'nonrefundable': 0, 'cancellation_period': 0, 'cancellation_fee': 'NO', 'breakfast': 0, 'base_price': 2000, 'prices': [2000], 'price': 2000, 'old_price': 2000, 'currency': 'RUB', 'payment_amount': 2000, 'extras_variants': [], 'extras': [], 'rate_id': 42732, 'deals': [], 'cancellation_type': 'free', 'credit_card': 1, 'bonus': 100, 'miles': 120, 'min_stay': 1, 'platichastyami': 0, 'mircashback': 200}, {'id': 927019, 'details': [{'day': '26.08.2026', 'base_price': 4000, 'price': 4000, 'discount': 0, 'deal_id': 0, 'deal_ids': [], 'deals': []}], 'capacity': 2, 'prepayment': 'FULL', 'nonrefundable': 0, 'cancellation_period': 0, 'cancellation_fee': 'NO', 'breakfast': 0, 'base_price': 4000, 'prices': [4000], 'price': 4000, 'old_price': 4000, 'currency': 'RUB', 'payment_amount': 4000, 'extras_variants': [], 'extras': [], 'rate_id': 42732, 'deals': [], 'cancellation_type': 'free', 'credit_card': 1, 'bonus': 200, 'miles': 240, 'min_stay': 1, 'platichastyami': 0, 'mircashback': 400}, {'id': 927020, 'details': [{'day': '26.08.2026', 'base_price': 6000, 'price': 6000, 'discount': 0, 'deal_id': 0, 'deal_ids': [], 'deals': []}], 'capacity': 3, 'prepayment': 'FULL', 'nonrefundable': 0, 'cancellation_period': 0, 'cancellation_fee': 'NO', 'breakfast': 0, 'base_price': 6000, 'prices': [6000], 'price': 6000, 'old_price': 6000, 'currency': 'RUB', 'payment_amount': 6000, 'extras_variants': [], 'extras': [], 'rate_id': 42732, 'deals': [], 'cancellation_type': 'free', 'credit_card': 1, 'bonus': 300, 'miles': 360, 'min_stay': 1, 'platichastyami': 0, 'mircashback': 600}, {'id': 927021, 'details': [{'day': '26.08.2026', 'base_price': 8000, 'price': 8000, 'discount': 0, 'deal_id': 0, 'deal_ids': [], 'deals': []}], 'capacity': 4, 'prepayment': 'FULL', 'nonrefundable': 0, 'cancellation_period': 0, 'cancellation_fee': 'NO', 'breakfast': 0, 'base_price': 8000, 'prices': [8000], 'price': 8000, 'old_price': 8000, 'currency': 'RUB', 'payment_amount': 8000, 'extras_variants': [], 'extras': [], 'rate_id': 42732, 'deals': [], 'cancellation_type': 'free', 'credit_card': 1, 'bonus': 400, 'miles': 480, 'min_stay': 1, 'platichastyami': 0, 'mircashback': 800}]",2000.0,120,609283_101hotels,2026-08-26
1988757,,До 4 чел,4,0,0,1,Семейный,44,1,"[{'single': 2, 'sofa': 1}]",[],"[{'id': 927025, 'details': [{'day': '26.08.2026', 'base_price': 2000, 'price': 2000, 'discount': 0, 'deal_id': 0, 'deal_ids': [], 'deals': []}], 'capacity': 1, 'prepayment': 'FULL', 'nonrefundable': 0, 'cancellation_period': 0, 'cancellation_fee': 'NO', 'breakfast': 0, 'base_price': 2000, 'prices': [2000], 'price': 2000, 'old_price': 2000, 'currency': 'RUB', 'payment_amount': 2000, 'extras_variants': [], 'extras': [], 'rate_id': 42732, 'deals': [], 'cancellation_type': 'free', 'credit_card': 1, 'bonus': 100, 'miles': 120, 'min_stay': 1, 'platichastyami': 0, 'mircashback': 200}, {'id': 927026, 'details': [{'day': '26.08.2026', 'base_price': 4000, 'price': 4000, 'discount': 0, 'deal_id': 0, 'deal_ids': [], 'deals': []}], 'capacity': 2, 'prepayment': 'FULL', 'nonrefundable': 0, 'cancellation_period': 0, 'cancellation_fee': 'NO', 'breakfast': 0, 'base_price': 4000, 'prices': [4000], 'price': 4000, 'old_price': 4000, 'currency': 'RUB', 'payment_amount': 4000, 'extras_variants': [], 'extras': [], 'rate_id': 42732, 'deals': [], 'cancellation_type': 'free', 'credit_card': 1, 'bonus': 200, 'miles': 240, 'min_stay': 1, 'platichastyami': 0, 'mircashback': 400}, {'id': 927027, 'details': [{'day': '26.08.2026', 'base_price': 6000, 'price': 6000, 'discount': 0, 'deal_id': 0, 'deal_ids': [], 'deals': []}], 'capacity': 3, 'prepayment': 'FULL', 'nonrefundable': 0, 'cancellation_period': 0, 'cancellation_fee': 'NO', 'breakfast': 0, 'base_price': 6000, 'prices': [6000], 'price': 6000, 'old_price': 6000, 'currency': 'RUB', 'payment_amount': 6000, 'extras_variants': [], 'extras': [], 'rate_id': 42732, 'deals': [], 'cancellation_type': 'free', 'credit_card': 1, 'bonus': 300, 'miles': 360, 'min_stay': 1, 'platichastyami': 0, 'mircashback': 600}, {'id': 927028, 'details': [{'day': '26.08.2026', 'base_price': 8000, 'price': 8000, 'discount': 0, 'deal_id': 0, 'deal_ids': [], 'deals': []}], 'capacity': 4, 'prepayment': 'FULL', 'nonrefundable': 0, 'cancellation_period': 0, 'cancellation_fee': 'NO', 'breakfast': 0, 'base_price': 8000, 'prices': [8000], 'price': 8000, 'old_price': 8000, 'currency': 'RUB', 'payment_amount': 8000, 'extras_variants': [], 'extras': [], 'rate_id': 42732, 'deals': [], 'cancellation_type': 'free', 'credit_card': 1, 'bonus': 400, 'miles': 480, 'min_stay': 1, 'platichastyami': 0, 'mircashback': 800}]",2000.0,120,609283_101hotels,2026-08-26
2319973,,Белый,3,0,0,0,Трехместный,37,1,"[{'single': 1, 'double': 1}]",[],"[{'id': 1214915, 'details': [{'day': '26.08.2026', 'base_price': 2000, 'price': 2000, 'discount': 0, 'deal_id': 0, 'deal_ids': [], 'deals': []}], 'capacity': 1, 'prepayment': 'FULL', 'nonrefundable': 0, 'cancellation_period': 0, 'cancellation_fee': 'NO', 'breakfast': 0, 'base_price': 2000, 'prices': [2000], 'price': 2000, 'old_price': 2000, 'currency': 'RUB', 'payment_amount': 2000, 'extras_variants': [], 'extras': [], 'rate_id': 42732, 'deals': [], 'cancellation_type': 'free', 'credit_card': 1, 'bonus': 100, 'miles': 120, 'min_stay': 1, 'platichastyami': 0, 'mircashback': 200}, {'id': 1214916, 'details': [{'day': '26.08.2026', 'base_price': 4000, 'price': 4000, 'discount': 0, 'deal_id': 0, 'deal_ids': [], 'deals': []}], 'capacity': 2, 'prepayment': 'FULL', 'nonrefundable': 0, 'cancellation_period': 0, 'cancellation_fee': 'NO', 'breakfast': 0, 'base_price': 4000, 'prices': [4000], 'price': 4000, 'old_price': 4000, 'currency': 'RUB', 'payment_amount': 4000, 'extras_variants': [], 'extras': [], 'rate_id': 42732, 'deals': [], 'cancellation_type': 'free', 'credit_card': 1, 'bonus': 200, 'miles': 240, 'min_stay': 1, 'platichastyami': 0, 'mircashback': 400}, {'id': 1216034, 'details': [{'day': '26.08.2026', 'base_price': 6000, 'price': 6000, 'discount': 0, 'deal_id': 0, 'deal_ids': [], 'deals': []}], 'capacity': 3, 'prepayment': 'FULL', 'nonrefundable': 0, 'cancellation_period': 0, 'cancellation_fee': 'NO', 'breakfast': 0, 'base_price': 6000, 'prices': [6000], 'price': 6000, 'old_price': 6000, 'currency': 'RUB', 'payment_amount': 6000, 'extras_variants': [], 'extras': [], 'rate_id': 42732, 'deals': [], 'cancellation_type': 'free', 'credit_card': 1, 'bonus': 300, 'miles': 360, 'min_stay': 1, 'platichastyami': 0, 'mircashback': 600}]",2000.0,120,609283_101hotels,2026-08-26
238139,,В Коттедже,2,0,0,0,Двухместный,2,2,[{'single': 2}],[],"[{'id': 316307, 'details': [{'day': '26.08.2026', 'base_price': 9200, 'price': 9200, 'discount': 0, 'deal_id': 0, 'deal_ids': [], 'deals': []}], 'capacity': 1, 'prepayment': 'FULL', 'nonrefundable': 1, 'cancellation_period': 0, 'cancellation_fee': 'FIRST', 'breakfast': 0, 'base_price': 9200, 'prices': [9200], 'price': 9200, 'old_price': 9200, 'currency': 'RUB', 'payment_amount': 9200, 'extras_variants': [], 'extras': [], 'rate_id': 3108, 'deals': [], 'cancellation_type': 'nonrefundable', 'credit_card': 1, 'bonus': 460, 'miles': 552, 'min_stay': 1, 'platichastyami': 0, 'mircashback': 920}, {'id': 316308, 'details': [{'day': '26.08.2026', 'base_price': 9200, 'price': 9200, 'discount': 0, 'deal_id': 0, 'deal_ids': [], 'deals': []}], 'capacity': 2, 'prepayment': 'FULL', 'nonrefundable': 1, 'cancellation_period': 0, 'cancellation_fee': 'FIRST', 'breakfast': 0, 'base_price': 9200, 'prices': [9200], 'price': 9200, 'old_price': 9200, 'currency': 'RUB', 'payment_amount': 9200, 'extras_variants': [], 'extras': [], 'rate_id': 3108, 'deals': [], 'cancellation_type': 'nonrefundable', 'credit_card': 1, 'bonus': 460, 'miles': 552, 'min_stay': 1, 'platichastyami': 0, 'mircashback': 920}]",9200.0,552,64543_101hotels,2026-08-26
238140,,В Коттедже,3,0,0,0,Трехместный,37,1,[{'single': 1}],[],"[{'id': 316326, 'details': [{'day': '26.08.2026', 'base_price': 11100, 'price': 11100, 'discount': 0, 'deal_id': 0, 'deal_ids': [], 'deals': []}], 'capacity': 1, 'prepayment': 'FULL', 'nonrefundable': 1, 'cancellation_period': 0, 'cancellation_fee': 'FIRST', 'breakfast': 0, 'base_price': 11100, 'prices': [11100], 'price': 11100, 'old_price': 11100, 'currency': 'RUB', 'payment_amount': 11100, 'extras_variants': [], 'extras': [], 'rate_id': 3108, 'deals': [], 'cancellation_type': 'nonrefundable', 'credit_card': 1, 'bonus': 555, 'miles': 666, 'min_stay': 1, 'platichastyami': 0, 'mircashback': 1110}, {'id': 316327, 'details': [{'day': '26.08.2026', 'base_price': 11100, 'price': 11100, 'discount': 0, 'deal_id': 0, 'deal_ids': [], 'deals': []}], 'capacity': 2, 'prepayment': 'FULL', 'nonrefundable': 1, 'cancellation_period': 0, 'cancellation_fee': 'FIRST', 'breakfast': 0, 'base_price': 11100, 'prices': [11100], 'price': 11100, 'old_price': 11100, 'currency': 'RUB', 'payment_amount': 11100, 'extras_variants': [], 'extras': [], 'rate_id': 3108, 'deals': [], 'cancellation_type': 'nonrefundable', 'credit_card': 1, 'bonus': 555, 'miles': 666, 'min_stay': 1, 'platichastyami': 0, 'mircashback': 1110}, {'id': 316328, 'details': [{'day': '26.08.2026', 'base_price': 11100, 'price': 11100, 'discount': 0, 'deal_id': 0, 'deal_ids': [], 'deals': []}], 'capacity': 3, 'prepayment': 'FULL', 'nonrefundable': 1, 'cancellation_period': 0, 'cancellation_fee': 'FIRST', 'breakfast': 0, 'base_price': 11100, 'prices': [11100], 'price': 11100, 'old_price': 11100, 'currency': 'RUB', 'payment_amount': 11100, 'extras_variants': [], 'extras': [], 'rate_id': 3108, 'deals': [], 'cancellation_type': 'nonrefundable', 'credit_card': 1, 'bonus': 555, 'miles': 666, 'min_stay': 1, 'platichastyami': 0, 'mircashback': 1110}]",11100.0,666,64543_101hotels,2026-08-26
238141,,В Коттедже,4,0,0,0,Четырехместный,34,1,[{'single': 4}],[],"[{'id': 316322, 'details': [{'day': '26.08.2026', 'base_price': 14600, 'price': 14600, 'discount': 0, 'deal_id': 0, 'deal_ids': [], 'deals': []}], 'capacity': 1, 'prepayment': 'FULL', 'nonrefundable': 1, 'cancellation_period': 0, 'cancellation_fee': 'FIRST', 'breakfast': 0, 'base_price': 14600, 'prices': [14600], 'price': 14600, 'old_price': 14600, 'currency': 'RUB', 'payment_amount': 14600, 'extras_variants': [], 'extras': [], 'rate_id': 3108, 'deals': [], 'cancellation_type': 'nonrefundable', 'credit_card': 1, 'bonus': 730, 'miles': 876, 'min_stay': 1, 'platichastyami': 0, 'mircashback': 1460}, {'id': 316323, 'details': [{'day': '26.08.2026', 'base_price': 14600, 'price': 14600, 'discount': 0, 'deal_id': 0, 'deal_ids': [], 'deals': []}], 'capacity': 2, 'prepayment': 'FULL', 'nonrefundable': 1, 'cancellation_period': 0, 'cancellation_fee': 'FIRST', 'breakfast': 0, 'base_price': 14600, 'prices': [14600], 'price': 14600, 'old_price': 14600, 'currency': 'RUB', 'payment_amount': 14600, 'extras_variants': [], 'extras': [], 'rate_id': 3108, 'deals': [], 'cancellation_type': 'nonrefundable', 'credit_card': 1, 'bonus': 730, 'miles': 876, 'min_stay': 1, 'platichastyami': 0, 'mircashback': 1460}, {'id': 316324, 'details': [{'day': '26.08.2026', 'base_price': 14600, 'price': 14600, 'discount': 0, 'deal_id': 0, 'deal_ids': [], 'deals': []}], 'capacity': 3, 'prepayment': 'FULL', 'nonrefundable': 1, 'cancellation_period': 0, 'cancellation_fee': 'FIRST', 'breakfast': 0, 'base_price': 14600, 'prices': [14600], 'price': 14600, 'old_price': 14600, 'currency': 'RUB', 'payment_amount': 14600, 'extras_variants': [], 'extras': [], 'rate_id': 3108, 'deals': [], 'cancellation_type': 'nonrefundable', 'credit_card': 1, 'bonus': 730, 'miles': 876, 'min_stay': 1, 'platichastyami': 0, 'mircashback': 1460}, {'id': 316325, 'details': [{'day': '26.08.2026', 'base_price': 14600, 'price': 14600, 'discount': 0, 'deal_id': 0, 'deal_ids': [], 'deals': []}], 'capacity': 4, 'prepayment': 'FULL', 'nonrefundable': 1, 'cancellation_period': 0, 'cancellation_fee': 'FIRST', 'breakfast': 0, 'base_price': 14600, 'prices': [14600], 'price': 14600, 'old_price': 14600, 'currency': 'RUB', 'payment_amount': 14600, 'extras_variants': [], 'extras': [], 'rate_id': 3108, 'deals': [], 'cancellation_type': 'nonrefundable', 'credit_card': 1, 'bonus': 730, 'miles': 876, 'min_stay': 1, 'platichastyami': 0, 'mircashback': 1460}]",14600.0,876,64543_101hotels,2026-08-26
2221441,,Гостевой этаж,2,0,0,0,Двухместный,2,2,[{'single': 2}],[],"[{'id': 316309, 'details': [{'day': '26.08.2026', 'base_price': 8300, 'price': 8300, 'discount': 0, 'deal_id': 0, 'deal_ids': [], 'deals': []}], 'capacity': 1, 'prepayment': 'FULL', 'nonrefundable': 1, 'cancellation_period': 0, 'cancellation_fee': 'FIRST', 'breakfast': 0, 'base_price': 8300, 'prices': [8300], 'price': 8300, 'old_price': 8300, 'currency': 'RUB', 'payment_amount': 8300, 'extras_variants': [], 'extras': [], 'rate_id': 3108, 'deals': [], 'cancellation_type': 'nonrefundable', 'credit_card': 1, 'bonus': 415, 'miles': 498, 'min_stay': 1, 'platichastyami': 0, 'mircashback': 830}, {'id': 316310, 'details': [{'day': '26.08.2026', 'base_price': 8300, 'price': 8300, 'discount': 0, 'deal_id': 0, 'deal_ids': [], 'deals': []}], 'capacity': 2, 'prepayment': 'FULL', 'nonrefundable': 1, 'cancellation_period': 0, 'cancellation_fee': 'FIRST', 'breakfast': 0, 'base_price': 8300, 'prices': [8300], 'price': 8300, 'old_price': 8300, 'currency': 'RUB', 'payment_amount': 8300, 'extras_variants': [], 'extras': [], 'rate_id': 3108, 'deals': [], 'cancellation_type': 'nonrefundable', 'credit_card': 1, 'bonus': 415, 'miles': 498, 'min_stay': 1, 'platichastyami': 0, 'mircashback': 830}]",8300.0,498,64543_101hotels,2026-08-26
2221442,,,11,2,0,0,Коттедж,15,1,[{'single': 2}],[],"[{'id': 316311, 'details': [{'day': '26.08.2026', 'base_price': 39700, 'price': 39700, 'discount': 0, 'deal_id': 0, 'deal_ids': [], 'deals': []}], 'capacity': 1, 'prepayment': 'FULL', 'nonrefundable': 1, 'cancellation_period': 0, 'cancellation_fee': 'FIRST', 'breakfast': 0, 'base_price': 39700, 'prices': [39700], 'price': 39700, 'old_price': 39700, 'currency': 'RUB', 'payment_amount': 39700, 'extras_variants': [], 'extras': [], 'rate_id': 3108, 'deals': [], 'cancellation_type': 'nonrefundable', 'credit_card': 1, 'bonus': 1985, 'miles': 2382, 'min_stay': 1, 'platichastyami': 0, 'mircashback': 3970}, {'id': 316312, 'details': [{'day': '26.08.2026', 'base_price': 39700, 'price': 39700, 'discount': 0, 'deal_id': 0, 'deal_ids': [], 'deals': []}], 'capacity': 2, 'prepayment': 'FULL', 'nonrefundable': 1, 'cancellation_period': 0, 'cancellation_fee': 'FIRST', 'breakfast': 0, 'base_price': 39700, 'prices': [39700], 'price': 39700, 'old_price': 39700, 'currency': 'RUB', 'payment_amount': 39700, 'extras_variants': [], 'extras': [], 'rate_id': 3108, 'deals': [], 'cancellation_type': 'nonrefundable', 'credit_card': 1, 'bonus': 1985, 'miles': 2382, 'min_stay': 1, 'platichastyami': 0, 'mircashback': 3970}, {'id': 316313, 'details': [{'day': '26.08.2026', 'base_price': 39700, 'price': 39700, 'discount': 0, 'deal_id': 0, 'deal_ids': [], 'deals': []}], 'capacity': 3, 'prepayment': 'FULL', 'nonrefundable': 1, 'cancellation_period': 0, 'cancellation_fee': 'FIRST', 'breakfast': 0, 'base_price': 39700, 'prices': [39700], 'price': 39700, 'old_price': 39700, 'currency': 'RUB', 'payment_amount': 39700, 'extras_variants': [], 'extras': [], 'rate_id': 3108, 'deals': [], 'cancellation_type': 'nonrefundable', 'credit_card': 1, 'bonus': 1985, 'miles': 2382, 'min_stay': 1, 'platichastyami': 0, 'mircashback': 3970}, {'id': 316314, 'details': [{'day': '26.08.2026', 'base_price': 39700, 'price': 39700, 'discount': 0, 'deal_id': 0, 'deal_ids': [], 'deals': []}], 'capacity': 4, 'prepayment': 'FULL', 'nonrefundable': 1, 'cancellation_period': 0, 'cancellation_fee': 'FIRST', 'breakfast': 0, 'base_price': 39700, 'prices': [39700], 'price': 39700, 'old_price': 39700, 'currency': 'RUB', 'payment_amount': 39700, 'extras_variants': [], 'extras': [], 'rate_id': 3108, 'deals': [], 'cancellation_type': 'nonrefundable', 'credit_card': 1, 'bonus': 1985, 'miles': 2382, 'min_stay': 1, 'platichastyami': 0, 'mircashback': 3970}, {'id': 316315, 'details': [{'day': '26.08.2026', 'base_price': 39700, 'price': 39700, 'discount': 0, 'deal_id': 0, 'deal_ids': [], 'deals': []}], 'capacity': 5, 'prepayment': 'FULL', 'nonrefundable': 1, 'cancellation_period': 0, 'cancellation_fee': 'FIRST', 'breakfast': 0, 'base_price': 39700, 'prices': [39700], 'price': 39700, 'old_price': 39700, 'currency': 'RUB', 'payment_amount': 39700, 'extras_variants': [], 'extras': [], 'rate_id': 3108, 'deals': [], 'cancellation_type': 'nonrefundable', 'credit_card': 1, 'bonus': 1985, 'miles': 2382, 'min_stay': 1, 'platichastyami': 0, 'mircashback': 3970}, {'id': 316316, 'details': [{'day': '26.08.2026', 'base_price': 39700, 'price': 39700, 'discount': 0, 'deal_id': 0, 'deal_ids': [], 'deals': []}], 'capacity': 6, 'prepayment': 'FULL', 'nonrefundable': 1, 'cancellation_period': 0, 'cancellation_fee': 'FIRST', 'breakfast': 0, 'base_price': 39700, 'prices': [39700], 'price': 39700, 'old_price': 39700, 'currency': 'RUB', 'payment_amount': 39700, 'extras_variants': [], 'extras': [], 'rate_id': 3108, 'deals': [], 'cancellation_type': 'nonrefundable', 'credit_card': 1, 'bonus': 1985, 'miles': 2382, 'min_stay': 1, 'platichastyami': 0, 'mircashback': 3970}, {'id': 316317, 'details': [{'day': '26.08.2026', 'base_price': 39700, 'price': 39700, 'discount': 0, 'deal_id': 0, 'deal_ids': [], 'deals': []}], 'capacity': 7, 'prepayment': 'FULL', 'nonrefundable': 1, 'cancellation_period': 0, 'cancellation_fee': 'FIRST', 'breakfast': 0, 'base_price': 39700, 'prices': [39700], 'price': 39700, 'old_price': 39700, 'currency': 'RUB', 'payment_amount': 39700, 'extras_variants': [], 'extras': [], 'rate_id': 3108, 'deals': [], 'cancellation_type': 'nonrefundable', 'credit_card': 1, 'bonus': 1985, 'miles': 2382, 'min_stay': 1, 'platichastyami': 0, 'mircashback': 3970}, {'id': 316318, 'details': [{'day': '26.08.2026', 'base_price': 39700, 'price': 39700, 'discount': 0, 'deal_id': 0, 'deal_ids': [], 'deals': []}], 'capacity': 8, 'prepayment': 'FULL', 'nonrefundable': 1, 'cancellation_period': 0, 'cancellation_fee': 'FIRST', 'breakfast': 0, 'base_price': 39700, 'prices': [39700], 'price': 39700, 'old_price': 39700, 'currency': 'RUB', 'payment_amount': 39700, 'extras_variants': [], 'extras': [], 'rate_id': 3108, 'deals': [], 'cancellation_type': 'nonrefundable', 'credit_card': 1, 'bonus': 1985, 'miles': 2382, 'min_stay': 1, 'platichastyami': 0, 'mircashback': 3970}, {'id': 316319, 'details': [{'day': '26.08.2026', 'base_price': 39700, 'price': 39700, 'discount': 0, 'deal_id': 0, 'deal_ids': [], 'deals': []}], 'capacity': 9, 'prepayment': 'FULL', 'nonrefundable': 1, 'cancellation_period': 0, 'cancellation_fee': 'FIRST', 'breakfast': 0, 'base_price': 39700, 'prices': [39700], 'price': 39700, 'old_price': 39700, 'currency': 'RUB', 'payment_amount': 39700, 'extras_variants': [], 'extras': [], 'rate_id': 3108, 'deals': [], 'cancellation_type': 'nonrefundable', 'credit_card': 1, 'bonus': 1985, 'miles': 2382, 'min_stay': 1, 'platichastyami': 0, 'mircashback': 3970}, {'id': 316320, 'details': [{'day': '26.08.2026', 'base_price': 39700, 'price': 39700, 'discount': 0, 'deal_id': 0, 'deal_ids': [], 'deals': []}], 'capacity': 10, 'prepayment': 'FULL', 'nonrefundable': 1, 'cancellation_period': 0, 'cancellation_fee': 'FIRST', 'breakfast': 0, 'base_price': 39700, 'prices': [39700], 'price': 39700, 'old_price': 39700, 'currency': 'RUB', 'payment_amount': 39700, 'extras_variants': [], 'extras': [], 'rate_id': 3108, 'deals': [], 'cancellation_type': 'nonrefundable', 'credit_card': 1, 'bonus': 1985, 'miles': 2382, 'min_stay': 1, 'platichastyami': 0, 'mircashback': 3970}, {'id': 316321, 'details': [{'day': '26.08.2026', 'base_price': 39700, 'price': 39700, 'discount': 0, 'deal_id': 0, 'deal_ids': [], 'deals': []}], 'capacity': 11, 'prepayment': 'FULL', 'nonrefundable': 1, 'cancellation_period': 0, 'cancellation_fee': 'FIRST', 'breakfast': 0, 'base_price': 39700, 'prices': [39700], 'price': 39700, 'old_price': 39700, 'currency': 'RUB', 'payment_amount': 39700, 'extras_variants': [], 'extras': [], 'rate_id': 3108, 'deals': [], 'cancellation_type': 'nonrefundable', 'credit_card': 1, 'bonus': 1985, 'miles': 2382, 'min_stay': 1, 'platichastyami': 0, 'mircashback': 3970}]",39700.0,2382,64543_101hotels,2026-08-26
2289210,,Стандарт,2,0,0,1,Двухместный,2,3,[{'single': 2}],[],"[{'id': 948550, 'capacity': 1, 'prepayment': 'NO', 'nonrefundable': 0, 'cancellation_period': 0, 'cancellation_fee': 'NO', 'breakfast': 0, 'base_price': 2700, 'prices': [2700], 'price': 2700, 'old_price': 2700, 'currency': 'RUB', 'payment_amount': 0, 'extras_variants': [], 'extras': [], 'rate_id': 39402, 'deals': [], 'cancellation_type': 'free', 'credit_card': 0, 'bonus': 135, 'miles': 162, 'min_stay': 1, 'platichastyami': 0, 'mircashback': 270}, {'id': 948551, 'capacity': 2, 'prepayment': 'NO', 'nonrefundable': 0, 'cancellation_period': 0, 'cancellation_fee': 'NO', 'breakfast': 0, 'base_price': 5400, 'prices': [5400], 'price': 5400, 'old_price': 5400, 'currency': 'RUB', 'payment_amount': 0, 'extras_variants': [], 'extras': [], 'rate_id': 39402, 'deals': [], 'cancellation_type': 'free', 'credit_card': 0, 'bonus': 270, 'miles': 324, 'min_stay': 1, 'platichastyami': 0, 'mircashback': 540}]",2700.0,162,651246_101hotels,2026-08-26
2308666,,"Номер ""Эконом"" без окон",2,2,1,1,Двухместный,2,1,[{'single': 1}],[],"[{'id': 1114339, 'capacity': 1, 'prepayment': 'NO', 'nonrefundable': 0, 'cancellation_period': 0, 'cancellation_fee': 'NO', 'breakfast': 0, 'base_price': 2000, 'prices': [2000], 'price': 2000, 'old_price': 2000, 'currency': 'RUB', 'payment_amount': 0, 'extras_variants': [], 'extras': [], 'rate_id': 39402, 'deals': [], 'cancellation_type': 'free', 'credit_card': 0, 'bonus': 100, 'miles': 120, 'min_stay': 1, 'platichastyami': 0, 'mircashback': 200}]",2000.0,120,651246_101hotels,2026-08-26
2308667,,"Номер двухместный с дополнительным местом ""Эконом""",3,3,1,1,Трехместный,37,2,[{'single': 1}],[],"[{'id': 1114340, 'capacity': 1, 'prepayment': 'NO', 'nonrefundable': 0, 'cancellation_period': 0, 'cancellation_fee': 'NO', 'breakfast': 0, 'base_price': 2000, 'prices': [2000], 'price': 2000, 'old_price': 2000, 'currency': 'RUB', 'payment_amount': 0, 'extras_variants': [], 'extras': [], 'rate_id': 39402, 'deals': [], 'cancellation_type': 'free', 'credit_card': 0, 'bonus': 100, 'miles': 120, 'min_stay': 1, 'platichastyami': 0, 'mircashback': 200}]",2000.0,120,651246_101hotels,2026-08-26
1867754,,с ванной комнатой,4,0,0,1,Четырехместный,34,1,"[{'double': 1, 'sofa': 1}]",[],"[{'id': 760685, 'capacity': 1, 'prepayment': 'FIRST', 'nonrefundable': 0, 'cancellation_period': 7, 'cancellation_fee': 'FIRST', 'breakfast': 0, 'base_price': 5500, 'prices': [5500], 'price': 5500, 'old_price': 5500, 'currency': 'RUB', 'payment_amount': 5500, 'extras_variants': [], 'extras': [], 'rate_id': 33389, 'deals': [], 'cancellation_type': 'special', 'credit_card': 1, 'bonus': 275, 'miles': 330, 'min_stay': 1, 'platichastyami': 0, 'mircashback': 550}, {'id': 760686, 'capacity': 2, 'prepayment': 'FIRST', 'nonrefundable': 0, 'cancellation_period': 7, 'cancellation_fee': 'FIRST', 'breakfast': 0, 'base_price': 5500, 'prices': [5500], 'price': 5500, 'old_price': 5500, 'currency': 'RUB', 'payment_amount': 5500, 'extras_variants': [], 'extras': [], 'rate_id': 33389, 'deals': [], 'cancellation_type': 'special', 'credit_card': 1, 'bonus': 275, 'miles': 330, 'min_stay': 1, 'platichastyami': 0, 'mircashback': 550}, {'id': 760687, 'capacity': 3, 'prepayment': 'FIRST', 'nonrefundable': 0, 'cancellation_period': 7, 'cancellation_fee': 'FIRST', 'breakfast': 0, 'base_price': 5500, 'prices': [5500], 'price': 5500, 'old_price': 5500, 'currency': 'RUB', 'payment_amount': 5500, 'extras_variants': [], 'extras': [], 'rate_id': 33389, 'deals': [], 'cancellation_type': 'special', 'credit_card': 1, 'bonus': 275, 'miles': 330, 'min_stay': 1, 'platichastyami': 0, 'mircashback': 550}, {'id': 760688, 'capacity': 4, 'prepayment': 'FIRST', 'nonrefundable': 0, 'cancellation_period': 7, 'cancellation_fee': 'FIRST', 'breakfast': 0, 'base_price': 5500, 'prices': [5500], 'price': 5500, 'old_price': 5500, 'currency': 'RUB', 'payment_amount': 5500, 'extras_variants': [], 'extras': [], 'rate_id': 33389, 'deals': [], 'cancellation_type': 'special', 'credit_card': 1, 'bonus': 275, 'miles': 330, 'min_stay': 1, 'platichastyami': 0, 'mircashback': 550}]",5500.0,330,559442_101hotels,2026-08-26
1867761,,с ванной комнатой,3,0,0,1,Трехместный,37,1,[{'single': 3}],[],"[{'id': 760689, 'capacity': 1, 'prepayment': 'FIRST', 'nonrefundable': 0, 'cancellation_period': 7, 'cancellation_fee': 'FIRST', 'breakfast': 0, 'base_price': 4700, 'prices': [4700], 'price': 4700, 'old_price': 4700, 'currency': 'RUB', 'payment_amount': 4700, 'extras_variants': [], 'extras': [], 'rate_id': 33389, 'deals': [], 'cancellation_type': 'special', 'credit_card': 1, 'bonus': 235, 'miles': 282, 'min_stay': 1, 'platichastyami': 0, 'mircashback': 470}, {'id': 760690, 'capacity': 2, 'prepayment': 'FIRST', 'nonrefundable': 0, 'cancellation_period': 7, 'cancellation_fee': 'FIRST', 'breakfast': 0, 'base_price': 4700, 'prices': [4700], 'price': 4700, 'old_price': 4700, 'currency': 'RUB', 'payment_amount': 4700, 'extras_variants': [], 'extras': [], 'rate_id': 33389, 'deals': [], 'cancellation_type': 'special', 'credit_card': 1, 'bonus': 235, 'miles': 282, 'min_stay': 1, 'platichastyami': 0, 'mircashback': 470}, {'id': 760691, 'capacity': 3, 'prepayment': 'FIRST', 'nonrefundable': 0, 'cancellation_period': 7, 'cancellation_fee': 'FIRST', 'breakfast': 0, 'base_price': 4700, 'prices': [4700], 'price': 4700, 'old_price': 4700, 'currency': 'RUB', 'payment_amount': 4700, 'extras_variants': [], 'extras': [], 'rate_id': 33389, 'deals': [], 'cancellation_type': 'special', 'credit_card': 1, 'bonus': 235, 'miles': 282, 'min_stay': 1, 'platichastyami': 0, 'mircashback': 470}]",4700.0,282,559442_101hotels,2026-08-26
1867762,,Бюджетный номер с 1 кроватью,2,1,0,0,Двухместный,2,1,"[{'single': 1, 'f-chair': 1}]",[],"[{'id': 760683, 'capacity': 1, 'prepayment': 'FIRST', 'nonrefundable': 0, 'cancellation_period': 7, 'cancellation_fee': 'FIRST', 'breakfast': 0, 'base_price': 2400, 'prices': [2400], 'price': 2400, 'old_price': 2400, 'currency': 'RUB', 'payment_amount': 2400, 'extras_variants': [], 'extras': [], 'rate_id': 33389, 'deals': [], 'cancellation_type': 'special', 'credit_card': 1, 'bonus': 120, 'miles': 144, 'min_stay': 1, 'platichastyami': 0, 'mircashback': 240}, {'id': 760684, 'capacity': 2, 'prepayment': 'FIRST', 'nonrefundable': 0, 'cancellation_period': 7, 'cancellation_fee': 'FIRST', 'breakfast': 0, 'base_price': 2900, 'prices': [2900], 'price': 2900, 'old_price': 2900, 'currency': 'RUB', 'payment_amount': 2900, 'extras_variants': [], 'extras': [], 'rate_id': 33389, 'deals': [], 'cancellation_type': 'special', 'credit_card': 1, 'bonus': 145, 'miles': 174, 'min_stay': 1, 'platichastyami': 0, 'mircashback': 290}]",2400.0,144,559442_101hotels,2026-08-26
1867738,,Классик с двуспальной кроватью,2,0,0,1,Делюкс,29,1,[{'double': 1}],[],"[{'id': 543600, 'capacity': 1, 'prepayment': 'FIRST', 'nonrefundable': 0, 'cancellation_period': 10, 'cancellation_fee': 'FIRST', 'breakfast': 0, 'base_price': 4000, 'prices': [4000], 'price': 4000, 'old_price': 4000, 'currency': 'RUB', 'payment_amount': 4000, 'extras_variants': [], 'extras': [], 'rate_id': 17135, 'deals': [], 'cancellation_type': 'special', 'credit_card': 1, 'bonus': 200, 'miles': 240, 'min_stay': 1, 'platichastyami': 0, 'mircashback': 400}, {'id': 543601, 'capacity': 2, 'prepayment': 'FIRST', 'nonrefundable': 0, 'cancellation_period': 10, 'cancellation_fee': 'FIRST', 'breakfast': 0, 'base_price': 5000, 'prices': [5000], 'price': 5000, 'old_price': 5000, 'currency': 'RUB', 'payment_amount': 5000, 'extras_variants': [], 'extras': [], 'rate_id': 17135, 'deals': [], 'cancellation_type': 'special', 'credit_card': 1, 'bonus': 250, 'miles': 300, 'min_stay': 1, 'platichastyami': 0, 'mircashback': 500}]",4000.0,240,559429_101hotels,2026-08-26
2320242,,Домик 1,2,0,0,1,Мини-дом,57,1,[{'single': 2}],[],"[{'id': 1217786, 'capacity': 1, 'prepayment': 'FULL', 'nonrefundable': 0, 'cancellation_period': 10, 'cancellation_fee': 'FIRST', 'breakfast': 0, 'base_price': 4750, 'prices': [4750], 'price': 4750, 'old_price': 4750, 'currency': 'RUB', 'payment_amount': 4750, 'extras_variants': [], 'extras': [], 'rate_id': 62501, 'deals': [], 'cancellation_type': 'special', 'credit_card': 1, 'bonus': 238, 'miles': 285, 'min_stay': 1, 'platichastyami': 0, 'mircashback': 475}, {'id': 1217787, 'capacity': 2, 'prepayment': 'FULL', 'nonrefundable': 0, 'cancellation_period': 10, 'cancellation_fee': 'FIRST', 'breakfast': 0, 'base_price': 4750, 'prices': [4750], 'price': 4750, 'old_price': 4750, 'currency': 'RUB', 'payment_amount': 4750, 'extras_variants': [], 'extras': [], 'rate_id': 62501, 'deals': [], 'cancellation_type': 'special', 'credit_card': 1, 'bonus': 238, 'miles': 285, 'min_stay': 1, 'platichastyami': 0, 'mircashback': 475}]",4750.0,285,677907_101hotels,2026-08-26
2320292,,Домик 2,4,0,0,1,Мини-дом,57,1,[{'single': 4}],[],"[{'id': 1217788, 'capacity': 1, 'prepayment': 'FULL', 'nonrefundable': 0, 'cancellation_period': 10, 'cancellation_fee': 'FIRST', 'breakfast': 0, 'base_price': 5625, 'prices': [5625], 'price': 5625, 'old_price': 5625, 'currency': 'RUB', 'payment_amount': 5625, 'extras_variants': [], 'extras': [], 'rate_id': 62501, 'deals': [], 'cancellation_type': 'special', 'credit_card': 1, 'bonus': 281, 'miles': 336, 'min_stay': 1, 'platichastyami': 0, 'mircashback': 563}, {'id': 1217789, 'capacity': 2, 'prepayment': 'FULL', 'nonrefundable': 0, 'cancellation_period': 10, 'cancellation_fee': 'FIRST', 'breakfast': 0, 'base_price': 5625, 'prices': [5625], 'price': 5625, 'old_price': 5625, 'currency': 'RUB', 'payment_amount': 5625, 'extras_variants': [], 'extras': [], 'rate_id': 62501, 'deals': [], 'cancellation_type': 'special', 'credit_card': 1, 'bonus': 281, 'miles': 336, 'min_stay': 1, 'platichastyami': 0, 'mircashback': 563}, {'id': 1217790, 'capacity': 3, 'prepayment': 'FULL', 'nonrefundable': 0, 'cancellation_period': 10, 'cancellation_fee': 'FIRST', 'breakfast': 0, 'base_price': 5625, 'prices': [5625], 'price': 5625, 'old_price': 5625, 'currency': 'RUB', 'payment_amount': 5625, 'extras_variants': [], 'extras': [], 'rate_id': 62501, 'deals': [], 'cancellation_type': 'special', 'credit_card': 1, 'bonus': 281, 'miles': 336, 'min_stay': 1, 'platichastyami': 0, 'mircashback': 563}, {'id': 1217791, 'capacity': 4, 'prepayment': 'FULL', 'nonrefundable': 0, 'cancellation_period': 10, 'cancellation_fee': 'FIRST', 'breakfast': 0, 'base_price': 5625, 'prices': [5625], 'price': 5625, 'old_price': 5625, 'currency': 'RUB', 'payment_amount': 5625, 'extras_variants': [], 'extras': [], 'rate_id': 62501, 'deals': [], 'cancellation_type': 'special', 'credit_card': 1, 'bonus': 281, 'miles': 336, 'min_stay': 1, 'platichastyami': 0, 'mircashback': 563}]",5625.0,336,677907_101hotels,2026-08-26
2320296,,Домик 3,6,0,0,1,Мини-дом,57,1,"[{'single': 4, 'sofa': 1}]",[],"[{'id': 1217796, 'capacity': 1, 'prepayment': 'FULL', 'nonrefundable': 0, 'cancellation_period': 10, 'cancellation_fee': 'FIRST', 'breakfast': 0, 'base_price': 7500, 'prices': [7500], 'price': 7500, 'old_price': 7500, 'currency': 'RUB', 'payment_amount': 7500, 'extras_variants': [], 'extras': [], 'rate_id': 62501, 'deals': [], 'cancellation_type': 'special', 'credit_card': 1, 'bonus': 375, 'miles': 450, 'min_stay': 1, 'platichastyami': 0, 'mircashback': 750}, {'id': 1217797, 'capacity': 2, 'prepayment': 'FULL', 'nonrefundable': 0, 'cancellation_period': 10, 'cancellation_fee': 'FIRST', 'breakfast': 0, 'base_price': 7500, 'prices': [7500], 'price': 7500, 'old_price': 7500, 'currency': 'RUB', 'payment_amount': 7500, 'extras_variants': [], 'extras': [], 'rate_id': 62501, 'deals': [], 'cancellation_type': 'special', 'credit_card': 1, 'bonus': 375, 'miles': 450, 'min_stay': 1, 'platichastyami': 0, 'mircashback': 750}, {'id': 1217798, 'capacity': 3, 'prepayment': 'FULL', 'nonrefundable': 0, 'cancellation_period': 10, 'cancellation_fee': 'FIRST', 'breakfast': 0, 'base_price': 7500, 'prices': [7500], 'price': 7500, 'old_price': 7500, 'currency': 'RUB', 'payment_amount': 7500, 'extras_variants': [], 'extras': [], 'rate_id': 62501, 'deals': [], 'cancellation_type': 'special', 'credit_card': 1, 'bonus': 375, 'miles': 450, 'min_stay': 1, 'platichastyami': 0, 'mircashback': 750}, {'id': 1217799, 'capacity': 4, 'prepayment': 'FULL', 'nonrefundable': 0, 'cancellation_period': 10, 'cancellation_fee': 'FIRST', 'breakfast': 0, 'base_price': 7500, 'prices': [7500], 'price': 7500, 'old_price': 7500, 'currency': 'RUB', 'payment_amount': 7500, 'extras_variants': [], 'extras': [], 'rate_id': 62501, 'deals': [], 'cancellation_type': 'special', 'credit_card': 1, 'bonus': 375, 'miles': 450, 'min_stay': 1, 'platichastyami': 0, 'mircashback': 750}]",7500.0,450,677907_101hotels,2026-08-26
2320299,,Домик 4,4,0,0,1,Мини-дом,57,1,"[{'double': 1, 'sofa': 1}]",[],"[{'id': 1217792, 'capacity': 1, 'prepayment': 'FULL', 'nonrefundable': 0, 'cancellation_period': 10, 'cancellation_fee': 'FIRST', 'breakfast': 0, 'base_price': 5000, 'prices': [5000], 'price': 5000, 'old_price': 5000, 'currency': 'RUB', 'payment_amount': 5000, 'extras_variants': [], 'extras': [], 'rate_id': 62501, 'deals': [], 'cancellation_type': 'special', 'credit_card': 1, 'bonus': 250, 'miles': 300, 'min_stay': 1, 'platichastyami': 0, 'mircashback': 500}, {'id': 1217793, 'capacity': 2, 'prepayment': 'FULL', 'nonrefundable': 0, 'cancellation_period': 10, 'cancellation_fee': 'FIRST', 'breakfast': 0, 'base_price': 5000, 'prices': [5000], 'price': 5000, 'old_price': 5000, 'currency': 'RUB', 'payment_amount': 5000, 'extras_variants': [], 'extras': [], 'rate_id': 62501, 'deals': [], 'cancellation_type': 'special', 'credit_card': 1, 'bonus': 250, 'miles': 300, 'min_stay': 1, 'platichastyami': 0, 'mircashback': 500}]",5000.0,300,677907_101hotels,2026-08-26
2320307,,Номер 3 стандарт,3,0,0,0,Семейный,44,1,"[{'single': 1, 'double': 1}]",[],"[{'id': 1217772, 'capacity': 1, 'prepayment': 'FULL', 'nonrefundable': 0, 'cancellation_period': 10, 'cancellation_fee': 'FIRST', 'breakfast': 0, 'base_price': 3125, 'prices': [3125], 'price': 3125, 'old_price': 3125, 'currency': 'RUB', 'payment_amount': 3125, 'extras_variants': [], 'extras': [], 'rate_id': 62501, 'deals': [], 'cancellation_type': 'special', 'credit_card': 1, 'bonus': 156, 'miles': 186, 'min_stay': 1, 'platichastyami': 0, 'mircashback': 313}, {'id': 1217773, 'capacity': 2, 'prepayment': 'FULL', 'nonrefundable': 0, 'cancellation_period': 10, 'cancellation_fee': 'FIRST', 'breakfast': 0, 'base_price': 3125, 'prices': [3125], 'price': 3125, 'old_price': 3125, 'currency': 'RUB', 'payment_amount': 3125, 'extras_variants': [], 'extras': [], 'rate_id': 62501, 'deals': [], 'cancellation_type': 'special', 'credit_card': 1, 'bonus': 156, 'miles': 186, 'min_stay': 1, 'platichastyami': 0, 'mircashback': 313}, {'id': 1217774, 'capacity': 3, 'prepayment': 'FULL', 'nonrefundable': 0, 'cancellation_period': 10, 'cancellation_fee': 'FIRST', 'breakfast': 0, 'base_price': 3125, 'prices': [3125], 'price': 3125, 'old_price': 3125, 'currency': 'RUB', 'payment_amount': 3125, 'extras_variants': [], 'extras': [], 'rate_id': 62501, 'deals': [], 'cancellation_type': 'special', 'credit_card': 1, 'bonus': 156, 'miles': 186, 'min_stay': 1, 'platichastyami': 0, 'mircashback': 313}]",3125.0,186,677907_101hotels,2026-08-26
2320313,,Номер 6 стандарт,4,0,0,0,Семейный,44,1,"[{'single': 2, 'double': 1}]",[],"[{'id': 1217782, 'capacity': 1, 'prepayment': 'FULL', 'nonrefundable': 0, 'cancellation_period': 10, 'cancellation_fee': 'FIRST', 'breakfast': 0, 'base_price': 4375, 'prices': [4375], 'price': 4375, 'old_price': 4375, 'currency': 'RUB', 'payment_amount': 4375, 'extras_variants': [], 'extras': [], 'rate_id': 62501, 'deals': [], 'cancellation_type': 'special', 'credit_card': 1, 'bonus': 219, 'miles': 261, 'min_stay': 1, 'platichastyami': 0, 'mircashback': 438}, {'id': 1217783, 'capacity': 2, 'prepayment': 'FULL', 'nonrefundable': 0, 'cancellation_period': 10, 'cancellation_fee': 'FIRST', 'breakfast': 0, 'base_price': 4375, 'prices': [4375], 'price': 4375, 'old_price': 4375, 'currency': 'RUB', 'payment_amount': 4375, 'extras_variants': [], 'extras': [], 'rate_id': 62501, 'deals': [], 'cancellation_type': 'special', 'credit_card': 1, 'bonus': 219, 'miles': 261, 'min_stay': 1, 'platichastyami': 0, 'mircashback': 438}, {'id': 1217784, 'capacity': 3, 'prepayment': 'FULL', 'nonrefundable': 0, 'cancellation_period': 10, 'cancellation_fee': 'FIRST', 'breakfast': 0, 'base_price': 4375, 'prices': [4375], 'price': 4375, 'old_price': 4375, 'currency': 'RUB', 'payment_amount': 4375, 'extras_variants': [], 'extras': [], 'rate_id': 62501, 'deals': [], 'cancellation_type': 'special', 'credit_card': 1, 'bonus': 219, 'miles': 261, 'min_stay': 1, 'platichastyami': 0, 'mircashback': 438}, {'id': 1217785, 'capacity': 4, 'prepayment': 'FULL', 'nonrefundable': 0, 'cancellation_period': 10, 'cancellation_fee': 'FIRST', 'breakfast': 0, 'base_price': 4375, 'prices': [4375], 'price': 4375, 'old_price': 4375, 'currency': 'RUB', 'payment_amount': 4375, 'extras_variants': [], 'extras': [], 'rate_id': 62501, 'deals': [], 'cancellation_type': 'special', 'credit_card': 1, 'bonus': 219, 'miles': 261, 'min_stay': 1, 'platichastyami': 0, 'mircashback': 438}]",4375.0,261,677907_101hotels,2026-08-26
2320314,,Номер 7 стандарт,5,0,0,0,Пятиместный,35,1,[{'single': 5}],[],"[{'id': 1217765, 'capacity': 1, 'prepayment': 'FULL', 'nonrefundable': 0, 'cancellation_period': 10, 'cancellation_fee': 'FIRST', 'breakfast': 0, 'base_price': 9375, 'prices': [9375], 'price': 9375, 'old_price': 9375, 'currency': 'RUB', 'payment_amount': 9375, 'extras_variants': [], 'extras': [], 'rate_id': 62501, 'deals': [], 'cancellation_type': 'special', 'credit_card': 1, 'bonus': 469, 'miles': 561, 'min_stay': 1, 'platichastyami': 0, 'mircashback': 938}]",9375.0,561,677907_101hotels,2026-08-26
2238078,,Стандарт,2,1,0,1,Двухместный,2,3,"[{'single': 2}, {'single': 2}, {'single': 1}, {'single': 1}]","[{'id': '51488', 'number': '1', 'min_age': '0', 'max_age': '5', 'is_extra_bed': '0', 'extra_bed_type_id': '0'}]","[{'id': 451508, 'capacity': 1, 'prepayment': 'FIRST', 'nonrefundable': 0, 'cancellation_period': 1, 'cancellation_fee': 'FIRST', 'breakfast': 1, 'base_price': 3500, 'prices': [3500], 'price': 3500, 'old_price': 3500, 'currency': 'RUB', 'payment_amount': 3500, 'extras_variants': [], 'extras': {'51488': {'id': 51488, 'number': 1, 'extra_bed_type_id': 0, 'age': [0, 5], 'extra_bed': 0, 'free': 1}}, 'rate_id': 11059, 'deals': [], 'cancellation_type': 'special', 'credit_card': 1, 'bonus': 175, 'miles': 210, 'min_stay': 1, 'platichastyami': 0, 'mircashback': 350}, {'id': 1059165, 'capacity': 1, 'prepayment': 'FIRST', 'nonrefundable': 0, 'cancellation_period': 0, 'cancellation_fee': 'NO', 'breakfast': 1, 'base_price': 3500, 'prices': [3500], 'price': 3500, 'old_price': 3500, 'currency': 'RUB', 'payment_amount': 3500, 'extras_variants': [], 'extras': {'51488': {'id': 51488, 'number': 1, 'extra_bed_type_id': 0, 'age': [0, 5], 'extra_bed': 0, 'free': 1}}, 'rate_id': 11061, 'deals': [], 'cancellation_type': 'free', 'credit_card': 1, 'bonus': 175, 'miles': 210, 'min_stay': 1, 'platichastyami': 0, 'mircashback': 350}, {'id': 451509, 'capacity': 2, 'prepayment': 'FIRST', 'nonrefundable': 0, 'cancellation_period': 1, 'cancellation_fee': 'FIRST', 'breakfast': 1, 'base_price': 3500, 'prices': [3500], 'price': 3500, 'old_price': 3500, 'currency': 'RUB', 'payment_amount': 3500, 'extras_variants': [], 'extras': {'51488': {'id': 51488, 'number': 1, 'extra_bed_type_id': 0, 'age': [0, 5], 'extra_bed': 0, 'free': 1}}, 'rate_id': 11059, 'deals': [], 'cancellation_type': 'special', 'credit_card': 1, 'bonus': 175, 'miles': 210, 'min_stay': 1, 'platichastyami': 0, 'mircashback': 350}, {'id': 1059166, 'capacity': 2, 'prepayment': 'FIRST', 'nonrefundable': 0, 'cancellation_period': 0, 'cancellation_fee': 'NO', 'breakfast': 1, 'base_price': 3500, 'prices': [3500], 'price': 3500, 'old_price': 3500, 'currency': 'RUB', 'payment_amount': 3500, 'extras_variants': [], 'extras': {'51488': {'id': 51488, 'number': 1, 'extra_bed_type_id': 0, 'age': [0, 5], 'extra_bed': 0, 'free': 1}}, 'rate_id': 11061, 'deals': [], 'cancellation_type': 'free', 'credit_card': 1, 'bonus': 175, 'miles': 210, 'min_stay': 1, 'platichastyami': 0, 'mircashback': 350}]",3500.0,210,655338_101hotels,2026-08-26
2238892,,С видом на Байкал,4,0,0,0,Семейный,44,1,"[{'double': 1, 'sofa': 1}]","[{'id': '51487', 'number': '1', 'min_age': '0', 'max_age': '5', 'is_extra_bed': '0', 'extra_bed_type_id': '0'}]","[{'id': 456706, 'capacity': 1, 'prepayment': 'FIRST', 'nonrefundable': 0, 'cancellation_period': 1, 'cancellation_fee': 'FIRST', 'breakfast': 1, 'base_price': 6000, 'prices': [6000], 'price': 6000, 'old_price': 6000, 'currency': 'RUB', 'payment_amount': 6000, 'extras_variants': [], 'extras': {'51487': {'id': 51487, 'number': 1, 'extra_bed_type_id': 0, 'age': [0, 5], 'extra_bed': 0, 'free': 1}}, 'rate_id': 11059, 'deals': [], 'cancellation_type': 'special', 'credit_card': 1, 'bonus': 300, 'miles': 360, 'min_stay': 1, 'platichastyami': 0, 'mircashback': 600}, {'id': 1059169, 'capacity': 1, 'prepayment': 'FIRST', 'nonrefundable': 0, 'cancellation_period': 0, 'cancellation_fee': 'NO', 'breakfast': 1, 'base_price': 6000, 'prices': [6000], 'price': 6000, 'old_price': 6000, 'currency': 'RUB', 'payment_amount': 6000, 'extras_variants': [], 'extras': {'51487': {'id': 51487, 'number': 1, 'extra_bed_type_id': 0, 'age': [0, 5], 'extra_bed': 0, 'free': 1}}, 'rate_id': 11061, 'deals': [], 'cancellation_type': 'free', 'credit_card': 1, 'bonus': 300, 'miles': 360, 'min_stay': 1, 'platichastyami': 0, 'mircashback': 600}, {'id': 456707, 'capacity': 2, 'prepayment': 'FIRST', 'nonrefundable': 0, 'cancellation_period': 1, 'cancellation_fee': 'FIRST', 'breakfast': 1, 'base_price': 6000, 'prices': [6000], 'price': 6000, 'old_price': 6000, 'currency': 'RUB', 'payment_amount': 6000, 'extras_variants': [], 'extras': {'51487': {'id': 51487, 'number': 1, 'extra_bed_type_id': 0, 'age': [0, 5], 'extra_bed': 0, 'free': 1}}, 'rate_id': 11059, 'deals': [], 'cancellation_type': 'special', 'credit_card': 1, 'bonus': 300, 'miles': 360, 'min_stay': 1, 'platichastyami': 0, 'mircashback': 600}, {'id': 1059170, 'capacity': 2, 'prepayment': 'FIRST', 'nonrefundable': 0, 'cancellation_period': 0, 'cancellation_fee': 'NO', 'breakfast': 1, 'base_price': 6000, 'prices': [6000], 'price': 6000, 'old_price': 6000, 'currency': 'RUB', 'payment_amount': 6000, 'extras_variants': [], 'extras': {'51487': {'id': 51487, 'number': 1, 'extra_bed_type_id': 0, 'age': [0, 5], 'extra_bed': 0, 'free': 1}}, 'rate_id': 11061, 'deals': [], 'cancellation_type': 'free', 'credit_card': 1, 'bonus': 300, 'miles': 360, 'min_stay': 1, 'platichastyami': 0, 'mircashback': 600}, {'id': 456708, 'capacity': 3, 'prepayment': 'FIRST', 'nonrefundable': 0, 'cancellation_period': 1, 'cancellation_fee': 'FIRST', 'breakfast': 1, 'base_price': 6000, 'prices': [6000], 'price': 6000, 'old_price': 6000, 'currency': 'RUB', 'payment_amount': 6000, 'extras_variants': [], 'extras': {'51487': {'id': 51487, 'number': 1, 'extra_bed_type_id': 0, 'age': [0, 5], 'extra_bed': 0, 'free': 1}}, 'rate_id': 11059, 'deals': [], 'cancellation_type': 'special', 'credit_card': 1, 'bonus': 300, 'miles': 360, 'min_stay': 1, 'platichastyami': 0, 'mircashback': 600}, {'id': 1059171, 'capacity': 3, 'prepayment': 'FIRST', 'nonrefundable': 0, 'cancellation_period': 0, 'cancellation_fee': 'NO', 'breakfast': 1, 'base_price': 6000, 'prices': [6000], 'price': 6000, 'old_price': 6000, 'currency': 'RUB', 'payment_amount': 6000, 'extras_variants': [], 'extras': {'51487': {'id': 51487, 'number': 1, 'extra_bed_type_id': 0, 'age': [0, 5], 'extra_bed': 0, 'free': 1}}, 'rate_id': 11061, 'deals': [], 'cancellation_type': 'free', 'credit_card': 1, 'bonus': 300, 'miles': 360, 'min_stay': 1, 'platichastyami': 0, 'mircashback': 600}, {'id': 456709, 'capacity': 4, 'prepayment': 'FIRST', 'nonrefundable': 0, 'cancellation_period': 1, 'cancellation_fee': 'FIRST', 'breakfast': 1, 'base_price': 6000, 'prices': [6000], 'price': 6000, 'old_price': 6000, 'currency': 'RUB', 'payment_amount': 6000, 'extras_variants': [], 'extras': {'51487': {'id': 51487, 'number': 1, 'extra_bed_type_id': 0, 'age': [0, 5], 'extra_bed': 0, 'free': 1}}, 'rate_id': 11059, 'deals': [], 'cancellation_type': 'special', 'credit_card': 1, 'bonus': 300, 'miles': 360, 'min_stay': 1, 'platichastyami': 0, 'mircashback': 600}, {'id': 1059172, 'capacity': 4, 'prepayment': 'FIRST', 'nonrefundable': 0, 'cancellation_period': 0, 'cancellation_fee': 'NO', 'breakfast': 1, 'base_price': 6000, 'prices': [6000], 'price': 6000, 'old_price': 6000, 'currency': 'RUB', 'payment_amount': 6000, 'extras_variants': [], 'extras': {'51487': {'id': 51487, 'number': 1, 'extra_bed_type_id': 0, 'age': [0, 5], 'extra_bed': 0, 'free': 1}}, 'rate_id': 11061, 'deals': [], 'cancellation_type': 'free', 'credit_card': 1, 'bonus': 300, 'miles': 360, 'min_stay': 1, 'platichastyami': 0, 'mircashback': 600}]",6000.0,360,655338_101hotels,2026-08-26
2271673,,Стандарт,2,0,0,1,Двухместный,2,7,[{'single': 2}],[],"[{'id': 1192349, 'capacity': 1, 'prepayment': 'FULL', 'nonrefundable': 0, 'cancellation_period': 1, 'cancellation_fee': 'FIRST', 'breakfast': 0, 'base_price': 5250, 'prices': [5250], 'price': 5250, 'old_price': 5250, 'currency': 'RUB', 'payment_amount': 5250, 'extras_variants': [], 'extras': [], 'rate_id': 29990, 'deals': [], 'cancellation_type': 'special', 'credit_card': 1, 'bonus': 263, 'miles': 315, 'min_stay': 1, 'platichastyami': 0, 'mircashback': 525}, {'id': 1192350, 'capacity': 2, 'prepayment': 'FULL', 'nonrefundable': 0, 'cancellation_period': 1, 'cancellation_fee': 'FIRST', 'breakfast': 0, 'base_price': 5250, 'prices': [5250], 'price': 5250, 'old_price': 5250, 'currency': 'RUB', 'payment_amount': 5250, 'extras_variants': [], 'extras': [], 'rate_id': 29990, 'deals': [], 'cancellation_type': 'special', 'credit_card': 1, 'bonus': 263, 'miles': 315, 'min_stay': 1, 'platichastyami': 0, 'mircashback': 525}]",5250.0,315,495209_101hotels,2026-08-26
2321114,,Семейный,4,0,0,1,Люкс,6,1,"[{'sofa': 1, 'double': 1}]",[],"[{'id': 1223988, 'capacity': 1, 'prepayment': 'FULL', 'nonrefundable': 0, 'cancellation_period': 1, 'cancellation_fee': 'FIRST', 'breakfast': 0, 'base_price': 9750, 'prices': [9750], 'price': 9750, 'old_price': 9750, 'currency': 'RUB', 'payment_amount': 9750, 'extras_variants': [], 'extras': [], 'rate_id': 29992, 'deals': [], 'cancellation_type': 'special', 'credit_card': 1, 'bonus': 488, 'miles': 585, 'min_stay': 1, 'platichastyami': 0, 'mircashback': 975}, {'id': 1223989, 'capacity': 2, 'prepayment': 'FULL', 'nonrefundable': 0, 'cancellation_period': 1, 'cancellation_fee': 'FIRST', 'breakfast': 0, 'base_price': 9750, 'prices': [9750], 'price': 9750, 'old_price': 9750, 'currency': 'RUB', 'payment_amount': 9750, 'extras_variants': [], 'extras': [], 'rate_id': 29992, 'deals': [], 'cancellation_type': 'special', 'credit_card': 1, 'bonus': 488, 'miles': 585, 'min_stay': 1, 'platichastyami': 0, 'mircashback': 975}, {'id': 1223995, 'capacity': 3, 'prepayment': 'FULL', 'nonrefundable': 0, 'cancellation_period': 1, 'cancellation_fee': 'FIRST', 'breakfast': 0, 'base_price': 9750, 'prices': [9750], 'price': 9750, 'old_price': 9750, 'currency': 'RUB', 'payment_amount': 9750, 'extras_variants': [], 'extras': [], 'rate_id': 29992, 'deals': [], 'cancellation_type': 'special', 'credit_card': 1, 'bonus': 488, 'miles': 585, 'min_stay': 1, 'platichastyami': 0, 'mircashback': 975}, {'id': 1223996, 'capacity': 4, 'prepayment': 'FULL', 'nonrefundable': 0, 'cancellation_period': 1, 'cancellation_fee': 'FIRST', 'breakfast': 0, 'base_price': 9750, 'prices': [9750], 'price': 9750, 'old_price': 9750, 'currency': 'RUB', 'payment_amount': 9750, 'extras_variants': [], 'extras': [], 'rate_id': 29992, 'deals': [], 'cancellation_type': 'special', 'credit_card': 1, 'bonus': 488, 'miles': 585, 'min_stay': 1, 'platichastyami': 0, 'mircashback': 975}]",9750.0,585,495209_101hotels,2026-08-26
15953,,Стандарт DBL/TWN,2,0,0,1,Двухместный,2,4,"[{'single': 2}, {'double': 1}]",[],"[{'id': 1047854, 'capacity': 1, 'prepayment': 'FIRST', 'nonrefundable': 0, 'cancellation_period': 1, 'cancellation_fee': 'FIRST', 'breakfast': 1, 'base_price': 12700, 'prices': [12700], 'price': 12700, 'old_price': 12700, 'currency': 'RUB', 'payment_amount': 12700, 'extras_variants': [], 'extras': [], 'rate_id': 51045, 'deals': [], 'cancellation_type': 'special', 'credit_card': 1, 'bonus': 635, 'miles': 762, 'min_stay': 1, 'platichastyami': 0, 'mircashback': 1270}, {'id': 1047855, 'capacity': 2, 'prepayment': 'FIRST', 'nonrefundable': 0, 'cancellation_period': 1, 'cancellation_fee': 'FIRST', 'breakfast': 1, 'base_price': 12700, 'prices': [12700], 'price': 12700, 'old_price': 12700, 'currency': 'RUB', 'payment_amount': 12700, 'extras_variants': [], 'extras': [], 'rate_id': 51045, 'deals': [], 'cancellation_type': 'special', 'credit_card': 1, 'bonus': 635, 'miles': 762, 'min_stay': 1, 'platichastyami': 0, 'mircashback': 1270}]",12700.0,762,3365_101hotels,2026-08-26
15957,,Двухэтажный,6,6,0,1,Коттедж,15,2,[{'double': 3}],[],"[{'id': 1047856, 'capacity': 1, 'prepayment': 'FIRST', 'nonrefundable': 0, 'cancellation_period': 1, 'cancellation_fee': 'FIRST', 'breakfast': 1, 'base_price': 35000, 'prices': [35000], 'price': 35000, 'old_price': 35000, 'currency': 'RUB', 'payment_amount': 35000, 'extras_variants': [], 'extras': [], 'rate_id': 51045, 'deals': [], 'cancellation_type': 'special', 'credit_card': 1, 'bonus': 1750, 'miles': 2100, 'min_stay': 1, 'platichastyami': 0, 'mircashback': 3500}, {'id': 1047857, 'capacity': 2, 'prepayment': 'FIRST', 'nonrefundable': 0, 'cancellation_period': 1, 'cancellation_fee': 'FIRST', 'breakfast': 1, 'base_price': 35000, 'prices': [35000], 'price': 35000, 'old_price': 35000, 'currency': 'RUB', 'payment_amount': 35000, 'extras_variants': [], 'extras': [], 'rate_id': 51045, 'deals': [], 'cancellation_type': 'special', 'credit_card': 1, 'bonus': 1750, 'miles': 2100, 'min_stay': 1, 'platichastyami': 0, 'mircashback': 3500}, {'id': 1047858, 'capacity': 3, 'prepayment': 'FIRST', 'nonrefundable': 0, 'cancellation_period': 1, 'cancellation_fee': 'FIRST', 'breakfast': 1, 'base_price': 35000, 'prices': [35000], 'price': 35000, 'old_price': 35000, 'currency': 'RUB', 'payment_amount': 35000, 'extras_variants': [], 'extras': [], 'rate_id': 51045, 'deals': [], 'cancellation_type': 'special', 'credit_card': 1, 'bonus': 1750, 'miles': 2100, 'min_stay': 1, 'platichastyami': 0, 'mircashback': 3500}, {'id': 1047859, 'capacity': 4, 'prepayment': 'FIRST', 'nonrefundable': 0, 'cancellation_period': 1, 'cancellation_fee': 'FIRST', 'breakfast': 1, 'base_price': 35000, 'prices': [35000], 'price': 35000, 'old_price': 35000, 'currency': 'RUB', 'payment_amount': 35000, 'extras_variants': [], 'extras': [], 'rate_id': 51045, 'deals': [], 'cancellation_type': 'special', 'credit_card': 1, 'bonus': 1750, 'miles': 2100, 'min_stay': 1, 'platichastyami': 0, 'mircashback': 3500}, {'id': 1047860, 'capacity': 5, 'prepayment': 'FIRST', 'nonrefundable': 0, 'cancellation_period': 1, 'cancellation_fee': 'FIRST', 'breakfast': 1, 'base_price': 35000, 'prices': [35000], 'price': 35000, 'old_price': 35000, 'currency': 'RUB', 'payment_amount': 35000, 'extras_variants': [], 'extras': [], 'rate_id': 51045, 'deals': [], 'cancellation_type': 'special', 'credit_card': 1, 'bonus': 1750, 'miles': 2100, 'min_stay': 1, 'platichastyami': 0, 'mircashback': 3500}, {'id': 1047861, 'capacity': 6, 'prepayment': 'FIRST', 'nonrefundable': 0, 'cancellation_period': 1, 'cancellation_fee': 'FIRST', 'breakfast': 1, 'base_price': 35000, 'prices': [35000], 'price': 35000, 'old_price': 35000, 'currency': 'RUB', 'payment_amount': 35000, 'extras_variants': [], 'extras': [], 'rate_id': 51045, 'deals': [], 'cancellation_type': 'special', 'credit_card': 1, 'bonus': 1750, 'miles': 2100, 'min_stay': 1, 'platichastyami': 0, 'mircashback': 3500}]",35000.0,2100,3365_101hotels,2026-08-26
2301172,,Двухместный стандарт с возможностью трехместного размещения,3,0,0,1,Трехместный,37,10,"[{'single': 3}, {'single': 1, 'double': 1}]",[],"[{'id': 1047862, 'capacity': 1, 'prepayment': 'FIRST', 'nonrefundable': 0, 'cancellation_period': 1, 'cancellation_fee': 'FIRST', 'breakfast': 1, 'base_price': 12700, 'prices': [12700], 'price': 12700, 'old_price': 12700, 'currency': 'RUB', 'payment_amount': 12700, 'extras_variants': [], 'extras': [], 'rate_id': 51045, 'deals': [], 'cancellation_type': 'special', 'credit_card': 1, 'bonus': 635, 'miles': 762, 'min_stay': 1, 'platichastyami': 0, 'mircashback': 1270}, {'id': 1047863, 'capacity': 2, 'prepayment': 'FIRST', 'nonrefundable': 0, 'cancellation_period': 1, 'cancellation_fee': 'FIRST', 'breakfast': 1, 'base_price': 12700, 'prices': [12700], 'price': 12700, 'old_price': 12700, 'currency': 'RUB', 'payment_amount': 12700, 'extras_variants': [], 'extras': [], 'rate_id': 51045, 'deals': [], 'cancellation_type': 'special', 'credit_card': 1, 'bonus': 635, 'miles': 762, 'min_stay': 1, 'platichastyami': 0, 'mircashback': 1270}]",12700.0,762,3365_101hotels,2026-08-26
2269631,,Двухместный номер с большой кроватью № 1,2,1,0,0,Трёхместный и более,3,1,"[{'double': 1, 's-sofa': 1}]","[{'id': '23784', 'number': '1', 'min_age': '3', 'max_age': '5', 'is_extra_bed': '0', 'extra_bed_type_id': '0'}]","[{'id': 752586, 'capacity': 1, 'prepayment': 'FULL', 'nonrefundable': 0, 'cancellation_period': 0, 'cancellation_fee': 'NO', 'breakfast': 0, 'base_price': 3100, 'prices': [3100], 'price': 3100, 'old_price': 3100, 'currency': 'RUB', 'payment_amount': 3100, 'extras_variants': [], 'extras': {'23784': {'id': 23784, 'number': 1, 'extra_bed_type_id': 0, 'age': [3, 5], 'extra_bed': 0, 'free': 1}}, 'rate_id': 32736, 'deals': [], 'cancellation_type': 'free', 'credit_card': 1, 'bonus': 155, 'miles': 186, 'min_stay': 1, 'platichastyami': 0, 'mircashback': 310}, {'id': 752587, 'capacity': 2, 'prepayment': 'FULL', 'nonrefundable': 0, 'cancellation_period': 0, 'cancellation_fee': 'NO', 'breakfast': 0, 'base_price': 3800, 'prices': [3800], 'price': 3800, 'old_price': 3800, 'currency': 'RUB', 'payment_amount': 3800, 'extras_variants': [], 'extras': {'23784': {'id': 23784, 'number': 1, 'extra_bed_type_id': 0, 'age': [3, 5], 'extra_bed': 0, 'free': 1}}, 'rate_id': 32736, 'deals': [], 'cancellation_type': 'free', 'credit_card': 1, 'bonus': 190, 'miles': 228, 'min_stay': 1, 'platichastyami': 0, 'mircashback': 380}]",3100.0,186,664549_101hotels,2026-08-26
2269633,,С большой кроватью № 2,2,0,0,0,Трёхместный и более,3,1,"[{'double': 1, 'sofa': 1}]","[{'id': '23785', 'number': '1', 'min_age': '3', 'max_age': '5', 'is_extra_bed': '0', 'extra_bed_type_id': '0'}]","[{'id': 752588, 'capacity': 1, 'prepayment': 'FULL', 'nonrefundable': 0, 'cancellation_period': 0, 'cancellation_fee': 'NO', 'breakfast': 0, 'base_price': 3100, 'prices': [3100], 'price': 3100, 'old_price': 3100, 'currency': 'RUB', 'payment_amount': 3100, 'extras_variants': [], 'extras': {'23785': {'id': 23785, 'number': 1, 'extra_bed_type_id': 0, 'age': [3, 5], 'extra_bed': 0, 'free': 1}}, 'rate_id': 32736, 'deals': [], 'cancellation_type': 'free', 'credit_card': 1, 'bonus': 155, 'miles': 186, 'min_stay': 1, 'platichastyami': 0, 'mircashback': 310}, {'id': 752589, 'capacity': 2, 'prepayment': 'FULL', 'nonrefundable': 0, 'cancellation_period': 0, 'cancellation_fee': 'NO', 'breakfast': 0, 'base_price': 3800, 'prices': [3800], 'price': 3800, 'old_price': 3800, 'currency': 'RUB', 'payment_amount': 3800, 'extras_variants': [], 'extras': {'23785': {'id': 23785, 'number': 1, 'extra_bed_type_id': 0, 'age': [3, 5], 'extra_bed': 0, 'free': 1}}, 'rate_id': 32736, 'deals': [], 'cancellation_type': 'free', 'credit_card': 1, 'bonus': 190, 'miles': 228, 'min_stay': 1, 'platichastyami': 0, 'mircashback': 380}]",3100.0,186,664549_101hotels,2026-08-26
2269634,,С раздельными кроватями Standart № 3,3,0,0,0,Трёхместный и более,3,1,[{'single': 3}],"[{'id': '19969', 'number': '1', 'min_age': '3', 'max_age': '14', 'is_extra_bed': '0', 'extra_bed_type_id': '0'}]","[{'id': 752592, 'capacity': 1, 'prepayment': 'FULL', 'nonrefundable': 0, 'cancellation_period': 0, 'cancellation_fee': 'NO', 'breakfast': 0, 'base_price': 3100, 'prices': [3100], 'price': 3100, 'old_price': 3100, 'currency': 'RUB', 'payment_amount': 3100, 'extras_variants': [], 'extras': {'19969': {'id': 19969, 'number': 1, 'extra_bed_type_id': 0, 'age': [3, 14], 'extra_bed': 0, 'free': 1}}, 'rate_id': 32736, 'deals': [], 'cancellation_type': 'free', 'credit_card': 1, 'bonus': 155, 'miles': 186, 'min_stay': 1, 'platichastyami': 0, 'mircashback': 310}, {'id': 752593, 'capacity': 2, 'prepayment': 'FULL', 'nonrefundable': 0, 'cancellation_period': 0, 'cancellation_fee': 'NO', 'breakfast': 0, 'base_price': 5000, 'prices': [5000], 'price': 5000, 'old_price': 5000, 'currency': 'RUB', 'payment_amount': 5000, 'extras_variants': [], 'extras': {'19969': {'id': 19969, 'number': 1, 'extra_bed_type_id': 0, 'age': [3, 14], 'extra_bed': 0, 'free': 1}}, 'rate_id': 32736, 'deals': [], 'cancellation_type': 'free', 'credit_card': 1, 'bonus': 250, 'miles': 300, 'min_stay': 1, 'platichastyami': 0, 'mircashback': 500}, {'id': 752594, 'capacity': 3, 'prepayment': 'FULL', 'nonrefundable': 0, 'cancellation_period': 0, 'cancellation_fee': 'NO', 'breakfast': 0, 'base_price': 6900, 'prices': [6900], 'price': 6900, 'old_price': 6900, 'currency': 'RUB', 'payment_amount': 6900, 'extras_variants': [], 'extras': {'19969': {'id': 19969, 'number': 1, 'extra_bed_type_id': 0, 'age': [3, 14], 'extra_bed': 0, 'free': 1}}, 'rate_id': 32736, 'deals': [], 'cancellation_type': 'free', 'credit_card': 1, 'bonus': 345, 'miles': 414, 'min_stay': 1, 'platichastyami': 0, 'mircashback': 690}]",3100.0,186,664549_101hotels,2026-08-26
2269638,,Двухместный номер с большой кроватью Комфорт № 6,2,0,0,0,Семейный,44,1,[{'double': 1}],[],"[{'id': 752603, 'capacity': 1, 'prepayment': 'FULL', 'nonrefundable': 0, 'cancellation_period': 0, 'cancellation_fee': 'NO', 'breakfast': 0, 'base_price': 3100, 'prices': [3100], 'price': 3100, 'old_price': 3100, 'currency': 'RUB', 'payment_amount': 3100, 'extras_variants': [], 'extras': [], 'rate_id': 32736, 'deals': [], 'cancellation_type': 'free', 'credit_card': 1, 'bonus': 155, 'miles': 186, 'min_stay': 1, 'platichastyami': 0, 'mircashback': 310}, {'id': 752604, 'capacity': 2, 'prepayment': 'FULL', 'nonrefundable': 0, 'cancellation_period': 0, 'cancellation_fee': 'NO', 'breakfast': 0, 'base_price': 3800, 'prices': [3800], 'price': 3800, 'old_price': 3800, 'currency': 'RUB', 'payment_amount': 3800, 'extras_variants': [], 'extras': [], 'rate_id': 32736, 'deals': [], 'cancellation_type': 'free', 'credit_card': 1, 'bonus': 190, 'miles': 228, 'min_stay': 1, 'platichastyami': 0, 'mircashback': 380}]",3100.0,186,664549_101hotels,2026-08-26
2297009,,Двухместный номер с одной двухспальной кроватью № 5,2,0,0,0,Двухместный,2,1,[{'double': 1}],"[{'id': '23783', 'number': '1', 'min_age': '3', 'max_age': '5', 'is_extra_bed': '0', 'extra_bed_type_id': '0'}]","[{'id': 1016099, 'capacity': 1, 'prepayment': 'FULL', 'nonrefundable': 0, 'cancellation_period': 0, 'cancellation_fee': 'NO', 'breakfast': 0, 'base_price': 3100, 'prices': [3100], 'price': 3100, 'old_price': 3100, 'currency': 'RUB', 'payment_amount': 3100, 'extras_variants': [], 'extras': {'23783': {'id': 23783, 'number': 1, 'extra_bed_type_id': 0, 'age': [3, 5], 'extra_bed': 0, 'free': 1}}, 'rate_id': 32736, 'deals': [], 'cancellation_type': 'free', 'credit_card': 1, 'bonus': 155, 'miles': 186, 'min_stay': 1, 'platichastyami': 0, 'mircashback': 310}, {'id': 1016100, 'capacity': 2, 'prepayment': 'FULL', 'nonrefundable': 0, 'cancellation_period': 0, 'cancellation_fee': 'NO', 'breakfast': 0, 'base_price': 3800, 'prices': [3800], 'price': 3800, 'old_price': 3800, 'currency': 'RUB', 'payment_amount': 3800, 'extras_variants': [], 'extras': {'23783': {'id': 23783, 'number': 1, 'extra_bed_type_id': 0, 'age': [3, 5], 'extra_bed': 0, 'free': 1}}, 'rate_id': 32736, 'deals': [], 'cancellation_type': 'free', 'credit_card': 1, 'bonus': 190, 'miles': 228, 'min_stay': 1, 'platichastyami': 0, 'mircashback': 380}]",3100.0,186,664549_101hotels,2026-08-26
1616134,,с 1 спальней,4,0,0,1,Апартаменты,14,1,[{'single': 1}],[],"[{'id': 503068, 'capacity': 1, 'prepayment': 'FULL', 'nonrefundable': 1, 'cancellation_period': 0, 'cancellation_fee': 'FIRST', 'breakfast': 0, 'base_price': 6900, 'prices': [6900], 'price': 6900, 'old_price': 6900, 'currency': 'RUB', 'payment_amount': 6900, 'extras_variants': [], 'extras': [], 'rate_id': 14586, 'deals': [], 'cancellation_type': 'nonrefundable', 'credit_card': 1, 'bonus': 345, 'miles': 414, 'min_stay': 1, 'platichastyami': 0, 'mircashback': 690}, {'id': 503069, 'capacity': 2, 'prepayment': 'FULL', 'nonrefundable': 1, 'cancellation_period': 0, 'cancellation_fee': 'FIRST', 'breakfast': 0, 'base_price': 6900, 'prices': [6900], 'price': 6900, 'old_price': 6900, 'currency': 'RUB', 'payment_amount': 6900, 'extras_variants': [], 'extras': [], 'rate_id': 14586, 'deals': [], 'cancellation_type': 'nonrefundable', 'credit_card': 1, 'bonus': 345, 'miles': 414, 'min_stay': 1, 'platichastyami': 0, 'mircashback': 690}, {'id': 503070, 'capacity': 3, 'prepayment': 'FULL', 'nonrefundable': 1, 'cancellation_period': 0, 'cancellation_fee': 'FIRST', 'breakfast': 0, 'base_price': 8400, 'prices': [8400], 'price': 8400, 'old_price': 8400, 'currency': 'RUB', 'payment_amount': 8400, 'extras_variants': [], 'extras': [], 'rate_id': 14586, 'deals': [], 'cancellation_type': 'nonrefundable', 'credit_card': 1, 'bonus': 420, 'miles': 504, 'min_stay': 1, 'platichastyami': 0, 'mircashback': 840}]",6900.0,414,495574_101hotels,2026-08-26
1616135,,с 2 спальнями,8,0,0,1,Апартаменты,14,2,"[{'single': 1}, {'single': 1}]",[],"[{'id': 503072, 'capacity': 1, 'prepayment': 'FULL', 'nonrefundable': 1, 'cancellation_period': 0, 'cancellation_fee': 'FIRST', 'breakfast': 0, 'base_price': 10500, 'prices': [10500], 'price': 10500, 'old_price': 10500, 'currency': 'RUB', 'payment_amount': 10500, 'extras_variants': [], 'extras': [], 'rate_id': 14586, 'deals': [], 'cancellation_type': 'nonrefundable', 'credit_card': 1, 'bonus': 525, 'miles': 630, 'min_stay': 1, 'platichastyami': 0, 'mircashback': 1050}, {'id': 503073, 'capacity': 2, 'prepayment': 'FULL', 'nonrefundable': 1, 'cancellation_period': 0, 'cancellation_fee': 'FIRST', 'breakfast': 0, 'base_price': 10500, 'prices': [10500], 'price': 10500, 'old_price': 10500, 'currency': 'RUB', 'payment_amount': 10500, 'extras_variants': [], 'extras': [], 'rate_id': 14586, 'deals': [], 'cancellation_type': 'nonrefundable', 'credit_card': 1, 'bonus': 525, 'miles': 630, 'min_stay': 1, 'platichastyami': 0, 'mircashback': 1050}, {'id': 503074, 'capacity': 3, 'prepayment': 'FULL', 'nonrefundable': 1, 'cancellation_period': 0, 'cancellation_fee': 'FIRST', 'breakfast': 0, 'base_price': 10500, 'prices': [10500], 'price': 10500, 'old_price': 10500, 'currency': 'RUB', 'payment_amount': 10500, 'extras_variants': [], 'extras': [], 'rate_id': 14586, 'deals': [], 'cancellation_type': 'nonrefundable', 'credit_card': 1, 'bonus': 525, 'miles': 630, 'min_stay': 1, 'platichastyami': 0, 'mircashback': 1050}, {'id': 503075, 'capacity': 4, 'prepayment': 'FULL', 'nonrefundable': 1, 'cancellation_period': 0, 'cancellation_fee': 'FIRST', 'breakfast': 0, 'base_price': 10500, 'prices': [10500], 'price': 10500, 'old_price': 10500, 'currency': 'RUB', 'payment_amount': 10500, 'extras_variants': [], 'extras': [], 'rate_id': 14586, 'deals': [], 'cancellation_type': 'nonrefundable', 'credit_card': 1, 'bonus': 525, 'miles': 630, 'min_stay': 1, 'platichastyami': 0, 'mircashback': 1050}, {'id': 503076, 'capacity': 5, 'prepayment': 'FULL', 'nonrefundable': 1, 'cancellation_period': 0, 'cancellation_fee': 'FIRST', 'breakfast': 0, 'base_price': 12000, 'prices': [12000], 'price': 12000, 'old_price': 12000, 'currency': 'RUB', 'payment_amount': 12000, 'extras_variants': [], 'extras': [], 'rate_id': 14586, 'deals': [], 'cancellation_type': 'nonrefundable', 'credit_card': 1, 'bonus': 600, 'miles': 720, 'min_stay': 1, 'platichastyami': 0, 'mircashback': 1200}, {'id': 503077, 'capacity': 6, 'prepayment': 'FULL', 'nonrefundable': 1, 'cancellation_period': 0, 'cancellation_fee': 'FIRST', 'breakfast': 0, 'base_price': 13500, 'prices': [13500], 'price': 13500, 'old_price': 13500, 'currency': 'RUB', 'payment_amount': 13500, 'extras_variants': [], 'extras': [], 'rate_id': 14586, 'deals': [], 'cancellation_type': 'nonrefundable', 'credit_card': 1, 'bonus': 675, 'miles': 810, 'min_stay': 1, 'platichastyami': 0, 'mircashback': 1350}]",10500.0,630,495574_101hotels,2026-08-26
1616137,,Люкс,4,0,0,1,Сюит,27,2,[{'single': 1}],[],"[{'id': 503080, 'capacity': 1, 'prepayment': 'FULL', 'nonrefundable': 1, 'cancellation_period': 0, 'cancellation_fee': 'FIRST', 'breakfast': 0, 'base_price': 6900, 'prices': [6900], 'price': 6900, 'old_price': 6900, 'currency': 'RUB', 'payment_amount': 6900, 'extras_variants': [], 'extras': [], 'rate_id': 14586, 'deals': [], 'cancellation_type': 'nonrefundable', 'credit_card': 1, 'bonus': 345, 'miles': 414, 'min_stay': 1, 'platichastyami': 0, 'mircashback': 690}, {'id': 503081, 'capacity': 2, 'prepayment': 'FULL', 'nonrefundable': 1, 'cancellation_period': 0, 'cancellation_fee': 'FIRST', 'breakfast': 0, 'base_price': 6900, 'prices': [6900], 'price': 6900, 'old_price': 6900, 'currency': 'RUB', 'payment_amount': 6900, 'extras_variants': [], 'extras': [], 'rate_id': 14586, 'deals': [], 'cancellation_type': 'nonrefundable', 'credit_card': 1, 'bonus': 345, 'miles': 414, 'min_stay': 1, 'platichastyami': 0, 'mircashback': 690}, {'id': 503082, 'capacity': 3, 'prepayment': 'FULL', 'nonrefundable': 1, 'cancellation_period': 0, 'cancellation_fee': 'FIRST', 'breakfast': 0, 'base_price': 8400, 'prices': [8400], 'price': 8400, 'old_price': 8400, 'currency': 'RUB', 'payment_amount': 8400, 'extras_variants': [], 'extras': [], 'rate_id': 14586, 'deals': [], 'cancellation_type': 'nonrefundable', 'credit_card': 1, 'bonus': 420, 'miles': 504, 'min_stay': 1, 'platichastyami': 0, 'mircashback': 840}]",6900.0,414,495574_101hotels,2026-08-26
1681497,,Стандартный номер с 2 отдельными кроватями,2,0,0,1,Двухместный,2,6,[{'single': 2}],[],"[{'id': 371335, 'capacity': 1, 'prepayment': 'FULL', 'nonrefundable': 1, 'cancellation_period': 0, 'cancellation_fee': 'FIRST', 'breakfast': 0, 'base_price': 4000, 'prices': [4000], 'price': 4000, 'old_price': 4000, 'currency': 'RUB', 'payment_amount': 4000, 'extras_variants': [], 'extras': [], 'rate_id': 5921, 'deals': [], 'cancellation_type': 'nonrefundable', 'credit_card': 1, 'bonus': 200, 'miles': 240, 'min_stay': 1, 'platichastyami': 0, 'mircashback': 400}, {'id': 371336, 'capacity': 2, 'prepayment': 'FULL', 'nonrefundable': 1, 'cancellation_period': 0, 'cancellation_fee': 'FIRST', 'breakfast': 0, 'base_price': 4000, 'prices': [4000], 'price': 4000, 'old_price': 4000, 'currency': 'RUB', 'payment_amount': 4000, 'extras_variants': [], 'extras': [], 'rate_id': 5921, 'deals': [], 'cancellation_type': 'nonrefundable', 'credit_card': 1, 'bonus': 200, 'miles': 240, 'min_stay': 1, 'platichastyami': 0, 'mircashback': 400}]",4000.0,240,511615_101hotels,2026-08-26
1681498,,Стандартный номер,3,0,0,1,Трехместный,37,1,[{'single': 3}],[],"[{'id': 371347, 'capacity': 1, 'prepayment': 'FULL', 'nonrefundable': 1, 'cancellation_period': 0, 'cancellation_fee': 'FIRST', 'breakfast': 0, 'base_price': 4500, 'prices': [4500], 'price': 4500, 'old_price': 4500, 'currency': 'RUB', 'payment_amount': 4500, 'extras_variants': [], 'extras': [], 'rate_id': 5921, 'deals': [], 'cancellation_type': 'nonrefundable', 'credit_card': 1, 'bonus': 225, 'miles': 270, 'min_stay': 1, 'platichastyami': 0, 'mircashback': 450}, {'id': 371348, 'capacity': 2, 'prepayment': 'FULL', 'nonrefundable': 1, 'cancellation_period': 0, 'cancellation_fee': 'FIRST', 'breakfast': 0, 'base_price': 4500, 'prices': [4500], 'price': 4500, 'old_price': 4500, 'currency': 'RUB', 'payment_amount': 4500, 'extras_variants': [], 'extras': [], 'rate_id': 5921, 'deals': [], 'cancellation_type': 'nonrefundable', 'credit_card': 1, 'bonus': 225, 'miles': 270, 'min_stay': 1, 'platichastyami': 0, 'mircashback': 450}, {'id': 371349, 'capacity': 3, 'prepayment': 'FULL', 'nonrefundable': 1, 'cancellation_period': 0, 'cancellation_fee': 'FIRST', 'breakfast': 0, 'base_price': 4500, 'prices': [4500], 'price': 4500, 'old_price': 4500, 'currency': 'RUB', 'payment_amount': 4500, 'extras_variants': [], 'extras': [], 'rate_id': 5921, 'deals': [], 'cancellation_type': 'nonrefundable', 'credit_card': 1, 'bonus': 225, 'miles': 270, 'min_stay': 1, 'platichastyami': 0, 'mircashback': 450}]",4500.0,270,511615_101hotels,2026-08-26
1681499,,Стандартный номер с 1 кроватью,2,0,0,1,Двухместный,2,4,[{'double': 1}],[],"[{'id': 371337, 'capacity': 1, 'prepayment': 'FULL', 'nonrefundable': 1, 'cancellation_period': 0, 'cancellation_fee': 'FIRST', 'breakfast': 0, 'base_price': 4000, 'prices': [4000], 'price': 4000, 'old_price': 4000, 'currency': 'RUB', 'payment_amount': 4000, 'extras_variants': [], 'extras': [], 'rate_id': 5921, 'deals': [], 'cancellation_type': 'nonrefundable', 'credit_card': 1, 'bonus': 200, 'miles': 240, 'min_stay': 1, 'platichastyami': 0, 'mircashback': 400}, {'id': 371338, 'capacity': 2, 'prepayment': 'FULL', 'nonrefundable': 1, 'cancellation_period': 0, 'cancellation_fee': 'FIRST', 'breakfast': 0, 'base_price': 4000, 'prices': [4000], 'price': 4000, 'old_price': 4000, 'currency': 'RUB', 'payment_amount': 4000, 'extras_variants': [], 'extras': [], 'rate_id': 5921, 'deals': [], 'cancellation_type': 'nonrefundable', 'credit_card': 1, 'bonus': 200, 'miles': 240, 'min_stay': 1, 'platichastyami': 0, 'mircashback': 400}]",4000.0,240,511615_101hotels,2026-08-26
1681500,,Стандартный двухкомнатный (1 двуспальная кровать),2,0,0,1,Двухместный,2,1,[{'single': 1}],[],"[{'id': 371350, 'capacity': 1, 'prepayment': 'FULL', 'nonrefundable': 1, 'cancellation_period': 0, 'cancellation_fee': 'FIRST', 'breakfast': 0, 'base_price': 6000, 'prices': [6000], 'price': 6000, 'old_price': 6000, 'currency': 'RUB', 'payment_amount': 6000, 'extras_variants': [], 'extras': [], 'rate_id': 5921, 'deals': [], 'cancellation_type': 'nonrefundable', 'credit_card': 1, 'bonus': 300, 'miles': 360, 'min_stay': 1, 'platichastyami': 0, 'mircashback': 600}, {'id': 371351, 'capacity': 2, 'prepayment': 'FULL', 'nonrefundable': 1, 'cancellation_period': 0, 'cancellation_fee': 'FIRST', 'breakfast': 0, 'base_price': 6000, 'prices': [6000], 'price': 6000, 'old_price': 6000, 'currency': 'RUB', 'payment_amount': 6000, 'extras_variants': [], 'extras': [], 'rate_id': 5921, 'deals': [], 'cancellation_type': 'nonrefundable', 'credit_card': 1, 'bonus': 300, 'miles': 360, 'min_stay': 1, 'platichastyami': 0, 'mircashback': 600}]",6000.0,360,511615_101hotels,2026-08-26
2273041,,Стандартный номер (1 двуспальная кровать + софа/кресло-кровать),2,1,0,1,Двухместный,2,1,[{'double': 1}],[],"[{'id': 781114, 'capacity': 1, 'prepayment': 'FULL', 'nonrefundable': 1, 'cancellation_period': 0, 'cancellation_fee': 'FIRST', 'breakfast': 0, 'base_price': 5000, 'prices': [5000], 'price': 5000, 'old_price': 5000, 'currency': 'RUB', 'payment_amount': 5000, 'extras_variants': [], 'extras': [], 'rate_id': 5921, 'deals': [], 'cancellation_type': 'nonrefundable', 'credit_card': 1, 'bonus': 250, 'miles': 300, 'min_stay': 1, 'platichastyami': 0, 'mircashback': 500}, {'id': 781115, 'capacity': 2, 'prepayment': 'FULL', 'nonrefundable': 1, 'cancellation_period': 0, 'cancellation_fee': 'FIRST', 'breakfast': 0, 'base_price': 5000, 'prices': [5000], 'price': 5000, 'old_price': 5000, 'currency': 'RUB', 'payment_amount': 5000, 'extras_variants': [], 'extras': [], 'rate_id': 5921, 'deals': [], 'cancellation_type': 'nonrefundable', 'credit_card': 1, 'bonus': 250, 'miles': 300, 'min_stay': 1, 'platichastyami': 0, 'mircashback': 500}]",5000.0,300,511615_101hotels,2026-08-26
2290138,,Стандарт,2,0,0,1,Двухместный,2,3,[{'double': 1}],[],"[{'id': 968588, 'capacity': 1, 'prepayment': 'FULL', 'nonrefundable': 0, 'cancellation_period': 0, 'cancellation_fee': 'NO', 'breakfast': 0, 'base_price': 4900, 'prices': [4900], 'price': 4900, 'old_price': 4900, 'currency': 'RUB', 'payment_amount': 4900, 'extras_variants': [], 'extras': [], 'rate_id': 45616, 'deals': [], 'cancellation_type': 'free', 'credit_card': 1, 'bonus': 245, 'miles': 294, 'min_stay': 1, 'platichastyami': 0, 'mircashback': 490}, {'id': 968589, 'capacity': 2, 'prepayment': 'FULL', 'nonrefundable': 0, 'cancellation_period': 0, 'cancellation_fee': 'NO', 'breakfast': 0, 'base_price': 4900, 'prices': [4900], 'price': 4900, 'old_price': 4900, 'currency': 'RUB', 'payment_amount': 4900, 'extras_variants': [], 'extras': [], 'rate_id': 45616, 'deals': [], 'cancellation_type': 'free', 'credit_card': 1, 'bonus': 245, 'miles': 294, 'min_stay': 1, 'platichastyami': 0, 'mircashback': 490}]",4900.0,294,670724_101hotels,2026-08-26
2290139,,Стандарт,3,0,0,1,Трехместный,37,5,"[{'single': 1, 'double': 1}]",[],"[{'id': 968592, 'capacity': 1, 'prepayment': 'FULL', 'nonrefundable': 0, 'cancellation_period': 0, 'cancellation_fee': 'NO', 'breakfast': 0, 'base_price': 6600, 'prices': [6600], 'price': 6600, 'old_price': 6600, 'currency': 'RUB', 'payment_amount': 6600, 'extras_variants': [], 'extras': [], 'rate_id': 45616, 'deals': [], 'cancellation_type': 'free', 'credit_card': 1, 'bonus': 330, 'miles': 396, 'min_stay': 1, 'platichastyami': 0, 'mircashback': 660}, {'id': 968593, 'capacity': 2, 'prepayment': 'FULL', 'nonrefundable': 0, 'cancellation_period': 0, 'cancellation_fee': 'NO', 'breakfast': 0, 'base_price': 6600, 'prices': [6600], 'price': 6600, 'old_price': 6600, 'currency': 'RUB', 'payment_amount': 6600, 'extras_variants': [], 'extras': [], 'rate_id': 45616, 'deals': [], 'cancellation_type': 'free', 'credit_card': 1, 'bonus': 330, 'miles': 396, 'min_stay': 1, 'platichastyami': 0, 'mircashback': 660}, {'id': 968594, 'capacity': 3, 'prepayment': 'FULL', 'nonrefundable': 0, 'cancellation_period': 0, 'cancellation_fee': 'NO', 'breakfast': 0, 'base_price': 6600, 'prices': [6600], 'price': 6600, 'old_price': 6600, 'currency': 'RUB', 'payment_amount': 6600, 'extras_variants': [], 'extras': [], 'rate_id': 45616, 'deals': [], 'cancellation_type': 'free', 'credit_card': 1, 'bonus': 330, 'miles': 396, 'min_stay': 1, 'platichastyami': 0, 'mircashback': 660}]",6600.0,396,670724_101hotels,2026-08-26
2220210,,Койко-место в общем номере с 3 кроватями,3,0,1,0,Трехместный,37,12,[{'single': 3}],[],"[{'id': 307027, 'capacity': 1, 'prepayment': 'FULL', 'nonrefundable': 0, 'cancellation_period': 1, 'cancellation_fee': 'FIRST', 'breakfast': 0, 'base_price': 1900, 'prices': [1900], 'price': 1900, 'old_price': 1900, 'currency': 'RUB', 'payment_amount': 1900, 'extras_variants': [], 'extras': [], 'rate_id': 2700, 'deals': [], 'cancellation_type': 'special', 'credit_card': 1, 'bonus': 95, 'miles': 114, 'min_stay': 1, 'platichastyami': 0, 'mircashback': 190}]",1900.0,114,650957_101hotels,2026-08-26
2220233,,Номер эконом с 2 раздельными кроватями,2,0,0,0,Двухместный,2,5,[{'single': 2}],"[{'id': '10264', 'number': '2', 'min_age': '0', 'max_age': '3', 'is_extra_bed': '0', 'extra_bed_type_id': '0'}]","[{'id': 307012, 'capacity': 1, 'prepayment': 'FULL', 'nonrefundable': 0, 'cancellation_period': 1, 'cancellation_fee': 'FIRST', 'breakfast': 0, 'base_price': 4800, 'prices': [4800], 'price': 4800, 'old_price': 4800, 'currency': 'RUB', 'payment_amount': 4800, 'extras_variants': [], 'extras': {'10264': {'id': 10264, 'number': 2, 'extra_bed_type_id': 0, 'age': [0, 3], 'extra_bed': 0, 'free': 1}}, 'rate_id': 2700, 'deals': [], 'cancellation_type': 'special', 'credit_card': 1, 'bonus': 240, 'miles': 288, 'min_stay': 1, 'platichastyami': 0, 'mircashback': 480}, {'id': 307013, 'capacity': 2, 'prepayment': 'FULL', 'nonrefundable': 0, 'cancellation_period': 1, 'cancellation_fee': 'FIRST', 'breakfast': 0, 'base_price': 4800, 'prices': [4800], 'price': 4800, 'old_price': 4800, 'currency': 'RUB', 'payment_amount': 4800, 'extras_variants': [], 'extras': {'10264': {'id': 10264, 'number': 2, 'extra_bed_type_id': 0, 'age': [0, 3], 'extra_bed': 0, 'free': 1}}, 'rate_id': 2700, 'deals': [], 'cancellation_type': 'special', 'credit_card': 1, 'bonus': 240, 'miles': 288, 'min_stay': 1, 'platichastyami': 0, 'mircashback': 480}]",4800.0,288,650957_101hotels,2026-08-26
2220242,,Номер эконом с двуспальной кроватью,2,0,0,0,Двухместный,2,1,[{'double': 1}],"[{'id': '10265', 'number': '2', 'min_age': '0', 'max_age': '3', 'is_extra_bed': '0', 'extra_bed_type_id': '0'}]","[{'id': 307014, 'capacity': 1, 'prepayment': 'FULL', 'nonrefundable': 0, 'cancellation_period': 1, 'cancellation_fee': 'FIRST', 'breakfast': 0, 'base_price': 4800, 'prices': [4800], 'price': 4800, 'old_price': 4800, 'currency': 'RUB', 'payment_amount': 4800, 'extras_variants': [], 'extras': {'10265': {'id': 10265, 'number': 2, 'extra_bed_type_id': 0, 'age': [0, 3], 'extra_bed': 0, 'free': 1}}, 'rate_id': 2700, 'deals': [], 'cancellation_type': 'special', 'credit_card': 1, 'bonus': 240, 'miles': 288, 'min_stay': 1, 'platichastyami': 0, 'mircashback': 480}, {'id': 307015, 'capacity': 2, 'prepayment': 'FULL', 'nonrefundable': 0, 'cancellation_period': 1, 'cancellation_fee': 'FIRST', 'breakfast': 0, 'base_price': 4800, 'prices': [4800], 'price': 4800, 'old_price': 4800, 'currency': 'RUB', 'payment_amount': 4800, 'extras_variants': [], 'extras': {'10265': {'id': 10265, 'number': 2, 'extra_bed_type_id': 0, 'age': [0, 3], 'extra_bed': 0, 'free': 1}}, 'rate_id': 2700, 'deals': [], 'cancellation_type': 'special', 'credit_card': 1, 'bonus': 240, 'miles': 288, 'min_stay': 1, 'platichastyami': 0, 'mircashback': 480}]",4800.0,288,650957_101hotels,2026-08-26
2220252,,"Номер эконом семейный с одной 1,5 спальной и одной односпальной кроватью",2,1,0,0,Двухместный,2,2,[{'single': 2}],"[{'id': '10266', 'number': '2', 'min_age': '0', 'max_age': '3', 'is_extra_bed': '0', 'extra_bed_type_id': '0'}]","[{'id': 307016, 'capacity': 1, 'prepayment': 'FULL', 'nonrefundable': 0, 'cancellation_period': 1, 'cancellation_fee': 'FIRST', 'breakfast': 0, 'base_price': 4800, 'prices': [4800], 'price': 4800, 'old_price': 4800, 'currency': 'RUB', 'payment_amount': 4800, 'extras_variants': [], 'extras': {'10266': {'id': 10266, 'number': 2, 'extra_bed_type_id': 0, 'age': [0, 3], 'extra_bed': 0, 'free': 1}}, 'rate_id': 2700, 'deals': [], 'cancellation_type': 'special', 'credit_card': 1, 'bonus': 240, 'miles': 288, 'min_stay': 1, 'platichastyami': 0, 'mircashback': 480}, {'id': 307017, 'capacity': 2, 'prepayment': 'FULL', 'nonrefundable': 0, 'cancellation_period': 1, 'cancellation_fee': 'FIRST', 'breakfast': 0, 'base_price': 4800, 'prices': [4800], 'price': 4800, 'old_price': 4800, 'currency': 'RUB', 'payment_amount': 4800, 'extras_variants': [], 'extras': {'10266': {'id': 10266, 'number': 2, 'extra_bed_type_id': 0, 'age': [0, 3], 'extra_bed': 0, 'free': 1}}, 'rate_id': 2700, 'deals': [], 'cancellation_type': 'special', 'credit_card': 1, 'bonus': 240, 'miles': 288, 'min_stay': 1, 'platichastyami': 0, 'mircashback': 480}]",4800.0,288,650957_101hotels,2026-08-26
2220258,,Номер эконом с 3 раздельными кроватями,3,1,0,0,Трехместный,37,4,"[{'single': 2, 'double': 1}, {'single': 1, 'double': 1, 'sofa': 1}]","[{'id': '10267', 'number': '3', 'min_age': '0', 'max_age': '3', 'is_extra_bed': '0', 'extra_bed_type_id': '0'}]","[{'id': 307022, 'capacity': 1, 'prepayment': 'FULL', 'nonrefundable': 0, 'cancellation_period': 1, 'cancellation_fee': 'FIRST', 'breakfast': 0, 'base_price': 5900, 'prices': [5900], 'price': 5900, 'old_price': 5900, 'currency': 'RUB', 'payment_amount': 5900, 'extras_variants': [], 'extras': {'10267': {'id': 10267, 'number': 3, 'extra_bed_type_id': 0, 'age': [0, 3], 'extra_bed': 0, 'free': 1}}, 'rate_id': 2700, 'deals': [], 'cancellation_type': 'special', 'credit_card': 1, 'bonus': 295, 'miles': 354, 'min_stay': 1, 'platichastyami': 0, 'mircashback': 590}, {'id': 307023, 'capacity': 2, 'prepayment': 'FULL', 'nonrefundable': 0, 'cancellation_period': 1, 'cancellation_fee': 'FIRST', 'breakfast': 0, 'base_price': 5900, 'prices': [5900], 'price': 5900, 'old_price': 5900, 'currency': 'RUB', 'payment_amount': 5900, 'extras_variants': [], 'extras': {'10267': {'id': 10267, 'number': 3, 'extra_bed_type_id': 0, 'age': [0, 3], 'extra_bed': 0, 'free': 1}}, 'rate_id': 2700, 'deals': [], 'cancellation_type': 'special', 'credit_card': 1, 'bonus': 295, 'miles': 354, 'min_stay': 1, 'platichastyami': 0, 'mircashback': 590}, {'id': 307024, 'capacity': 3, 'prepayment': 'FULL', 'nonrefundable': 0, 'cancellation_period': 1, 'cancellation_fee': 'FIRST', 'breakfast': 0, 'base_price': 5900, 'prices': [5900], 'price': 5900, 'old_price': 5900, 'currency': 'RUB', 'payment_amount': 5900, 'extras_variants': [], 'extras': {'10267': {'id': 10267, 'number': 3, 'extra_bed_type_id': 0, 'age': [0, 3], 'extra_bed': 0, 'free': 1}}, 'rate_id': 2700, 'deals': [], 'cancellation_type': 'special', 'credit_card': 1, 'bonus': 295, 'miles': 354, 'min_stay': 1, 'platichastyami': 0, 'mircashback': 590}]",5900.0,354,650957_101hotels,2026-08-26
2220269,,Номер категории Стандарт с 2 раздельными кроватями,2,4,0,1,Двухместный,2,1,"[{'double': 2, 'sofa': 1}]","[{'id': '10262', 'number': '2', 'min_age': '0', 'max_age': '3', 'is_extra_bed': '0', 'extra_bed_type_id': '0'}]","[{'id': 307018, 'capacity': 1, 'prepayment': 'FULL', 'nonrefundable': 0, 'cancellation_period': 1, 'cancellation_fee': 'FIRST', 'breakfast': 0, 'base_price': 6900, 'prices': [6900], 'price': 6900, 'old_price': 6900, 'currency': 'RUB', 'payment_amount': 6900, 'extras_variants': [], 'extras': {'10262': {'id': 10262, 'number': 2, 'extra_bed_type_id': 0, 'age': [0, 3], 'extra_bed': 0, 'free': 1}}, 'rate_id': 2700, 'deals': [], 'cancellation_type': 'special', 'credit_card': 1, 'bonus': 345, 'miles': 414, 'min_stay': 1, 'platichastyami': 0, 'mircashback': 690}, {'id': 307019, 'capacity': 2, 'prepayment': 'FULL', 'nonrefundable': 0, 'cancellation_period': 1, 'cancellation_fee': 'FIRST', 'breakfast': 0, 'base_price': 6900, 'prices': [6900], 'price': 6900, 'old_price': 6900, 'currency': 'RUB', 'payment_amount': 6900, 'extras_variants': [], 'extras': {'10262': {'id': 10262, 'number': 2, 'extra_bed_type_id': 0, 'age': [0, 3], 'extra_bed': 0, 'free': 1}}, 'rate_id': 2700, 'deals': [], 'cancellation_type': 'special', 'credit_card': 1, 'bonus': 345, 'miles': 414, 'min_stay': 1, 'platichastyami': 0, 'mircashback': 690}]",6900.0,414,650957_101hotels,2026-08-26
2220274,,Номер категории стандарт с двуспальной кроватью,2,2,0,1,Двухместный,2,3,"[{'double': 1, 'sofa': 1}]","[{'id': '10263', 'number': '2', 'min_age': '0', 'max_age': '3', 'is_extra_bed': '0', 'extra_bed_type_id': '0'}]","[{'id': 307020, 'capacity': 1, 'prepayment': 'FULL', 'nonrefundable': 0, 'cancellation_period': 1, 'cancellation_fee': 'FIRST', 'breakfast': 0, 'base_price': 6900, 'prices': [6900], 'price': 6900, 'old_price': 6900, 'currency': 'RUB', 'payment_amount': 6900, 'extras_variants': [], 'extras': {'10263': {'id': 10263, 'number': 2, 'extra_bed_type_id': 0, 'age': [0, 3], 'extra_bed': 0, 'free': 1}}, 'rate_id': 2700, 'deals': [], 'cancellation_type': 'special', 'credit_card': 1, 'bonus': 345, 'miles': 414, 'min_stay': 1, 'platichastyami': 0, 'mircashback': 690}, {'id': 307021, 'capacity': 2, 'prepayment': 'FULL', 'nonrefundable': 0, 'cancellation_period': 1, 'cancellation_fee': 'FIRST', 'breakfast': 0, 'base_price': 6900, 'prices': [6900], 'price': 6900, 'old_price': 6900, 'currency': 'RUB', 'payment_amount': 6900, 'extras_variants': [], 'extras': {'10263': {'id': 10263, 'number': 2, 'extra_bed_type_id': 0, 'age': [0, 3], 'extra_bed': 0, 'free': 1}}, 'rate_id': 2700, 'deals': [], 'cancellation_type': 'special', 'credit_card': 1, 'bonus': 345, 'miles': 414, 'min_stay': 1, 'platichastyami': 0, 'mircashback': 690}]",6900.0,414,650957_101hotels,2026-08-26
2220292,,Номер с двуспальной кроватью,2,2,0,1,Люкс,6,3,"[{'double': 1, 'sofa': 1}]",[],"[{'id': 307025, 'capacity': 1, 'prepayment': 'FULL', 'nonrefundable': 0, 'cancellation_period': 1, 'cancellation_fee': 'FIRST', 'breakfast': 0, 'base_price': 8200, 'prices': [8200], 'price': 8200, 'old_price': 8200, 'currency': 'RUB', 'payment_amount': 8200, 'extras_variants': [], 'extras': [], 'rate_id': 2700, 'deals': [], 'cancellation_type': 'special', 'credit_card': 1, 'bonus': 410, 'miles': 492, 'min_stay': 1, 'platichastyami': 0, 'mircashback': 820}, {'id': 307026, 'capacity': 2, 'prepayment': 'FULL', 'nonrefundable': 0, 'cancellation_period': 1, 'cancellation_fee': 'FIRST', 'breakfast': 0, 'base_price': 8200, 'prices': [8200], 'price': 8200, 'old_price': 8200, 'currency': 'RUB', 'payment_amount': 8200, 'extras_variants': [], 'extras': [], 'rate_id': 2700, 'deals': [], 'cancellation_type': 'special', 'credit_card': 1, 'bonus': 410, 'miles': 492, 'min_stay': 1, 'platichastyami': 0, 'mircashback': 820}]",8200.0,492,650957_101hotels,2026-08-26
2291457,,Стандарт,2,2,0,1,Четырехместный,34,14,"[{'double': 1, 'sofa': 1}]",[],"[{'id': 969376, 'capacity': 1, 'prepayment': 'FULL', 'nonrefundable': 0, 'cancellation_period': 0, 'cancellation_fee': 'NO', 'breakfast': 0, 'base_price': 8000, 'prices': [8000], 'price': 8000, 'old_price': 8000, 'currency': 'RUB', 'payment_amount': 8000, 'extras_variants': [], 'extras': [], 'rate_id': 45675, 'deals': [], 'cancellation_type': 'free', 'credit_card': 1, 'bonus': 400, 'miles': 480, 'min_stay': 1, 'platichastyami': 0, 'mircashback': 800}, {'id': 969377, 'capacity': 2, 'prepayment': 'FULL', 'nonrefundable': 0, 'cancellation_period': 0, 'cancellation_fee': 'NO', 'breakfast': 0, 'base_price': 8000, 'prices': [8000], 'price': 8000, 'old_price': 8000, 'currency': 'RUB', 'payment_amount': 8000, 'extras_variants': [], 'extras': [], 'rate_id': 45675, 'deals': [], 'cancellation_type': 'free', 'credit_card': 1, 'bonus': 400, 'miles': 480, 'min_stay': 1, 'platichastyami': 0, 'mircashback': 800}]",8000.0,480,671037_101hotels,2026-08-26
2291458,,Люкс,2,2,0,1,Четырехместный,34,2,"[{'double': 1, 'sofa': 1}]",[],"[{'id': 969378, 'capacity': 1, 'prepayment': 'FULL', 'nonrefundable': 0, 'cancellation_period': 0, 'cancellation_fee': 'NO', 'breakfast': 0, 'base_price': 10000, 'prices': [10000], 'price': 10000, 'old_price': 10000, 'currency': 'RUB', 'payment_amount': 10000, 'extras_variants': [], 'extras': [], 'rate_id': 45675, 'deals': [], 'cancellation_type': 'free', 'credit_card': 1, 'bonus': 500, 'miles': 600, 'min_stay': 1, 'platichastyami': 0, 'mircashback': 1000}, {'id': 969379, 'capacity': 2, 'prepayment': 'FULL', 'nonrefundable': 0, 'cancellation_period': 0, 'cancellation_fee': 'NO', 'breakfast': 0, 'base_price': 10000, 'prices': [10000], 'price': 10000, 'old_price': 10000, 'currency': 'RUB', 'payment_amount': 10000, 'extras_variants': [], 'extras': [], 'rate_id': 45675, 'deals': [], 'cancellation_type': 'free', 'credit_card': 1, 'bonus': 500, 'miles': 600, 'min_stay': 1, 'platichastyami': 0, 'mircashback': 1000}]",10000.0,600,671037_101hotels,2026-08-26
2299440,,Шале,2,1,0,1,Двухместный,2,9,[{'double': 1}],[],"[{'id': 1034245, 'capacity': 1, 'prepayment': 'FULL', 'nonrefundable': 0, 'cancellation_period': 0, 'cancellation_fee': 'NO', 'breakfast': 0, 'base_price': 10000, 'prices': [10000], 'price': 10000, 'old_price': 10000, 'currency': 'RUB', 'payment_amount': 10000, 'extras_variants': [], 'extras': [], 'rate_id': 50187, 'deals': [], 'cancellation_type': 'free', 'credit_card': 1, 'bonus': 500, 'miles': 600, 'min_stay': 1, 'platichastyami': 0, 'mircashback': 1000}, {'id': 1034246, 'capacity': 2, 'prepayment': 'FULL', 'nonrefundable': 0, 'cancellation_period': 0, 'cancellation_fee': 'NO', 'breakfast': 0, 'base_price': 10000, 'prices': [10000], 'price': 10000, 'old_price': 10000, 'currency': 'RUB', 'payment_amount': 10000, 'extras_variants': [], 'extras': [], 'rate_id': 50187, 'deals': [], 'cancellation_type': 'free', 'credit_card': 1, 'bonus': 500, 'miles': 600, 'min_stay': 1, 'platichastyami': 0, 'mircashback': 1000}]",10000.0,600,672860_101hotels,2026-08-26
37237,,Стандарт,2,1,0,1,Двухместный,2,4,"[{'single': 2, 'double': 1}]",[],"[{'id': 834998, 'capacity': 1, 'prepayment': 'FULL', 'nonrefundable': 0, 'cancellation_period': 7, 'cancellation_fee': 'FULL', 'breakfast': 0, 'base_price': 5800, 'prices': [5800], 'price': 5800, 'old_price': 5800, 'currency': 'RUB', 'payment_amount': 5800, 'extras_variants': [], 'extras': [], 'rate_id': 37751, 'deals': [], 'cancellation_type': 'special', 'credit_card': 1, 'bonus': 290, 'miles': 348, 'min_stay': 1, 'platichastyami': 0, 'mircashback': 580}, {'id': 834993, 'capacity': 1, 'prepayment': 'FULL', 'nonrefundable': 1, 'cancellation_period': 0, 'cancellation_fee': 'FULL', 'breakfast': 1, 'base_price': 6900, 'prices': [6900], 'price': 6900, 'old_price': 6900, 'currency': 'RUB', 'payment_amount': 6900, 'extras_variants': [], 'extras': [], 'rate_id': 37750, 'deals': [], 'cancellation_type': 'nonrefundable', 'credit_card': 1, 'bonus': 345, 'miles': 414, 'min_stay': 1, 'platichastyami': 0, 'mircashback': 690}, {'id': 834999, 'capacity': 2, 'prepayment': 'FULL', 'nonrefundable': 0, 'cancellation_period': 7, 'cancellation_fee': 'FULL', 'breakfast': 0, 'base_price': 5950, 'prices': [5950], 'price': 5950, 'old_price': 5950, 'currency': 'RUB', 'payment_amount': 5950, 'extras_variants': [], 'extras': [], 'rate_id': 37751, 'deals': [], 'cancellation_type': 'special', 'credit_card': 1, 'bonus': 298, 'miles': 357, 'min_stay': 1, 'platichastyami': 0, 'mircashback': 595}, {'id': 834994, 'capacity': 2, 'prepayment': 'FULL', 'nonrefundable': 1, 'cancellation_period': 0, 'cancellation_fee': 'FULL', 'breakfast': 1, 'base_price': 8150, 'prices': [8150], 'price': 8150, 'old_price': 8150, 'currency': 'RUB', 'payment_amount': 8150, 'extras_variants': [], 'extras': [], 'rate_id': 37750, 'deals': [], 'cancellation_type': 'nonrefundable', 'credit_card': 1, 'bonus': 408, 'miles': 489, 'min_stay': 1, 'platichastyami': 0, 'mircashback': 815}]",5800.0,348,7628_101hotels,2026-08-26
37238,,"Улучшенный, Двухкомнатный",2,1,0,1,Люкс,6,1,"[{'double': 1, 'sofa': 1}]",[],"[{'id': 835000, 'capacity': 1, 'prepayment': 'FULL', 'nonrefundable': 0, 'cancellation_period': 7, 'cancellation_fee': 'FULL', 'breakfast': 0, 'base_price': 10300, 'prices': [10300], 'price': 10300, 'old_price': 10300, 'currency': 'RUB', 'payment_amount': 10300, 'extras_variants': [], 'extras': [], 'rate_id': 37751, 'deals': [], 'cancellation_type': 'special', 'credit_card': 1, 'bonus': 515, 'miles': 618, 'min_stay': 1, 'platichastyami': 0, 'mircashback': 1030}, {'id': 834995, 'capacity': 1, 'prepayment': 'FULL', 'nonrefundable': 1, 'cancellation_period': 0, 'cancellation_fee': 'FULL', 'breakfast': 1, 'base_price': 11400, 'prices': [11400], 'price': 11400, 'old_price': 11400, 'currency': 'RUB', 'payment_amount': 11400, 'extras_variants': [], 'extras': [], 'rate_id': 37750, 'deals': [], 'cancellation_type': 'nonrefundable', 'credit_card': 1, 'bonus': 570, 'miles': 684, 'min_stay': 1, 'platichastyami': 0, 'mircashback': 1140}, {'id': 835001, 'capacity': 2, 'prepayment': 'FULL', 'nonrefundable': 0, 'cancellation_period': 7, 'cancellation_fee': 'FULL', 'breakfast': 0, 'base_price': 10450, 'prices': [10450], 'price': 10450, 'old_price': 10450, 'currency': 'RUB', 'payment_amount': 10450, 'extras_variants': [], 'extras': [], 'rate_id': 37751, 'deals': [], 'cancellation_type': 'special', 'credit_card': 1, 'bonus': 523, 'miles': 627, 'min_stay': 1, 'platichastyami': 0, 'mircashback': 1045}, {'id': 834996, 'capacity': 2, 'prepayment': 'FULL', 'nonrefundable': 1, 'cancellation_period': 0, 'cancellation_fee': 'FULL', 'breakfast': 1, 'base_price': 12650, 'prices': [12650], 'price': 12650, 'old_price': 12650, 'currency': 'RUB', 'payment_amount': 12650, 'extras_variants': [], 'extras': [], 'rate_id': 37750, 'deals': [], 'cancellation_type': 'nonrefundable', 'credit_card': 1, 'bonus': 633, 'miles': 759, 'min_stay': 1, 'platichastyami': 0, 'mircashback': 1265}]",10300.0,618,7628_101hotels,2026-08-26
30973,,"Койко-место, Общий",4,0,1,1,Четырехместный,34,8,[{'2-tier': 1}],[],"[{'id': 1225019, 'capacity': 1, 'prepayment': 'FULL', 'nonrefundable': 0, 'cancellation_period': 1, 'cancellation_fee': 'FIRST', 'breakfast': 0, 'base_price': 1700, 'prices': [1700], 'price': 1700, 'old_price': 1700, 'currency': 'RUB', 'payment_amount': 1700, 'extras_variants': [], 'extras': [], 'rate_id': 62979, 'deals': [], 'cancellation_type': 'special', 'credit_card': 1, 'bonus': 85, 'miles': 102, 'min_stay': 1, 'platichastyami': 0, 'mircashback': 170}]",1700.0,102,6480_101hotels,2026-08-26
30975,,"Койко-место, Женский",4,0,1,1,Четырехместный,34,8,[{'2-tier': 1}],[],"[{'id': 1225018, 'capacity': 1, 'prepayment': 'FULL', 'nonrefundable': 0, 'cancellation_period': 1, 'cancellation_fee': 'FIRST', 'breakfast': 0, 'base_price': 1700, 'prices': [1700], 'price': 1700, 'old_price': 1700, 'currency': 'RUB', 'payment_amount': 1700, 'extras_variants': [], 'extras': [], 'rate_id': 62979, 'deals': [], 'cancellation_type': 'special', 'credit_card': 1, 'bonus': 85, 'miles': 102, 'min_stay': 1, 'platichastyami': 0, 'mircashback': 170}]",1700.0,102,6480_101hotels,2026-08-26
75721,,Двухкомнатный,2,2,0,1,Семейный,44,2,"[{'double': 1, 'sofa': 1}, {'single': 1, 'sofa': 1}]",[],"[{'id': 1225015, 'capacity': 1, 'prepayment': 'FULL', 'nonrefundable': 0, 'cancellation_period': 1, 'cancellation_fee': 'FIRST', 'breakfast': 0, 'base_price': 4400, 'prices': [4400], 'price': 4400, 'old_price': 4400, 'currency': 'RUB', 'payment_amount': 4400, 'extras_variants': [], 'extras': [], 'rate_id': 62979, 'deals': [], 'cancellation_type': 'special', 'credit_card': 1, 'bonus': 220, 'miles': 264, 'min_stay': 1, 'platichastyami': 0, 'mircashback': 440}, {'id': 1225016, 'capacity': 2, 'prepayment': 'FULL', 'nonrefundable': 0, 'cancellation_period': 1, 'cancellation_fee': 'FIRST', 'breakfast': 0, 'base_price': 6200, 'prices': [6200], 'price': 6200, 'old_price': 6200, 'currency': 'RUB', 'payment_amount': 6200, 'extras_variants': [], 'extras': [], 'rate_id': 62979, 'deals': [], 'cancellation_type': 'special', 'credit_card': 1, 'bonus': 310, 'miles': 372, 'min_stay': 1, 'platichastyami': 0, 'mircashback': 620}]",4400.0,264,6480_101hotels,2026-08-26
2275937,,Двухэтажный 2-местный с камином,2,1,0,1,Дом,56,4,"[{'double': 1, 'sofa': 1}]","[{'id': '51203', 'number': '1', 'min_age': '0', 'max_age': '18', 'is_extra_bed': '0', 'extra_bed_type_id': '0'}]","[{'id': 802484, 'capacity': 1, 'prepayment': 'FULL', 'nonrefundable': 0, 'cancellation_period': 2, 'cancellation_fee': 'FIRST', 'breakfast': 1, 'base_price': 16800, 'prices': [16800], 'price': 16800, 'old_price': 16800, 'currency': 'RUB', 'payment_amount': 16800, 'extras_variants': [], 'extras': {'51203': {'id': 51203, 'number': 1, 'extra_bed_type_id': 0, 'age': [0, 18], 'extra_bed': 0, 'free': 1}}, 'rate_id': 36543, 'deals': [], 'cancellation_type': 'special', 'credit_card': 1, 'bonus': 840, 'miles': 1008, 'min_stay': 1, 'platichastyami': 0, 'mircashback': 1680}, {'id': 802485, 'capacity': 2, 'prepayment': 'FULL', 'nonrefundable': 0, 'cancellation_period': 2, 'cancellation_fee': 'FIRST', 'breakfast': 1, 'base_price': 16800, 'prices': [16800], 'price': 16800, 'old_price': 16800, 'currency': 'RUB', 'payment_amount': 16800, 'extras_variants': [], 'extras': {'51203': {'id': 51203, 'number': 1, 'extra_bed_type_id': 0, 'age': [0, 18], 'extra_bed': 0, 'free': 1}}, 'rate_id': 36543, 'deals': [], 'cancellation_type': 'special', 'credit_card': 1, 'bonus': 840, 'miles': 1008, 'min_stay': 1, 'platichastyami': 0, 'mircashback': 1680}]",16800.0,1008,666682_101hotels,2026-08-26
2275940,,Двухэтажный 4-местны дом с камином и террасой,4,2,0,1,Шале,55,6,"[{'single': 2, 'double': 1, 'sofa': 1}]","[{'id': '11187', 'number': '2', 'min_age': '0', 'max_age': '7', 'is_extra_bed': '0', 'extra_bed_type_id': '0'}]","[{'id': 1071747, 'capacity': 1, 'prepayment': 'FULL', 'nonrefundable': 0, 'cancellation_period': 2, 'cancellation_fee': 'FIRST', 'breakfast': 1, 'base_price': 27600, 'prices': [27600], 'price': 27600, 'old_price': 27600, 'currency': 'RUB', 'payment_amount': 27600, 'extras_variants': [], 'extras': {'11187': {'id': 11187, 'number': 2, 'extra_bed_type_id': 0, 'age': [0, 7], 'extra_bed': 0, 'free': 1}}, 'rate_id': 36543, 'deals': [], 'cancellation_type': 'special', 'credit_card': 1, 'bonus': 1380, 'miles': 1656, 'min_stay': 1, 'platichastyami': 0, 'mircashback': 2760}, {'id': 1071748, 'capacity': 2, 'prepayment': 'FULL', 'nonrefundable': 0, 'cancellation_period': 2, 'cancellation_fee': 'FIRST', 'breakfast': 1, 'base_price': 27600, 'prices': [27600], 'price': 27600, 'old_price': 27600, 'currency': 'RUB', 'payment_amount': 27600, 'extras_variants': [], 'extras': {'11187': {'id': 11187, 'number': 2, 'extra_bed_type_id': 0, 'age': [0, 7], 'extra_bed': 0, 'free': 1}}, 'rate_id': 36543, 'deals': [], 'cancellation_type': 'special', 'credit_card': 1, 'bonus': 1380, 'miles': 1656, 'min_stay': 1, 'platichastyami': 0, 'mircashback': 2760}, {'id': 1071749, 'capacity': 3, 'prepayment': 'FULL', 'nonrefundable': 0, 'cancellation_period': 2, 'cancellation_fee': 'FIRST', 'breakfast': 1, 'base_price': 27600, 'prices': [27600], 'price': 27600, 'old_price': 27600, 'currency': 'RUB', 'payment_amount': 27600, 'extras_variants': [], 'extras': {'11187': {'id': 11187, 'number': 2, 'extra_bed_type_id': 0, 'age': [0, 7], 'extra_bed': 0, 'free': 1}}, 'rate_id': 36543, 'deals': [], 'cancellation_type': 'special', 'credit_card': 1, 'bonus': 1380, 'miles': 1656, 'min_stay': 1, 'platichastyami': 0, 'mircashback': 2760}, {'id': 1071750, 'capacity': 4, 'prepayment': 'FULL', 'nonrefundable': 0, 'cancellation_period': 2, 'cancellation_fee': 'FIRST', 'breakfast': 1, 'base_price': 27600, 'prices': [27600], 'price': 27600, 'old_price': 27600, 'currency': 'RUB', 'payment_amount': 27600, 'extras_variants': [], 'extras': {'11187': {'id': 11187, 'number': 2, 'extra_bed_type_id': 0, 'age': [0, 7], 'extra_bed': 0, 'free': 1}}, 'rate_id': 36543, 'deals': [], 'cancellation_type': 'special', 'credit_card': 1, 'bonus': 1380, 'miles': 1656, 'min_stay': 1, 'platichastyami': 0, 'mircashback': 2760}]",27600.0,1656,666682_101hotels,2026-08-26
2315545,,Стандартный,2,0,0,1,Двухместный,2,1,[{'double': 1}],"[{'id': '42692', 'number': '1', 'min_age': '0', 'max_age': '5', 'is_extra_bed': '0', 'extra_bed_type_id': '0'}]","[{'id': 1180704, 'capacity': 1, 'prepayment': 'FIRST', 'nonrefundable': 0, 'cancellation_period': 5, 'cancellation_fee': 'FIRST', 'breakfast': 0, 'base_price': 12000, 'prices': [12000], 'price': 12000, 'old_price': 12000, 'currency': 'RUB', 'payment_amount': 12000, 'extras_variants': [], 'extras': {'42692': {'id': 42692, 'number': 1, 'extra_bed_type_id': 0, 'age': [0, 5], 'extra_bed': 0, 'free': 1}}, 'rate_id': 60220, 'deals': [], 'cancellation_type': 'special', 'credit_card': 1, 'bonus': 600, 'miles': 720, 'min_stay': 1, 'platichastyami': 0, 'mircashback': 1200}, {'id': 1180705, 'capacity': 2, 'prepayment': 'FIRST', 'nonrefundable': 0, 'cancellation_period': 5, 'cancellation_fee': 'FIRST', 'breakfast': 0, 'base_price': 12000, 'prices': [12000], 'price': 12000, 'old_price': 12000, 'currency': 'RUB', 'payment_amount': 12000, 'extras_variants': [], 'extras': {'42692': {'id': 42692, 'number': 1, 'extra_bed_type_id': 0, 'age': [0, 5], 'extra_bed': 0, 'free': 1}}, 'rate_id': 60220, 'deals': [], 'cancellation_type': 'special', 'credit_card': 1, 'bonus': 600, 'miles': 720, 'min_stay': 1, 'platichastyami': 0, 'mircashback': 1200}]",12000.0,720,652285_101hotels,2026-08-26
2315549,,Улучшенный,2,1,0,1,Семейный,44,1,"[{'single': 1, 'double': 1}]","[{'id': '42695', 'number': '1', 'min_age': '0', 'max_age': '5', 'is_extra_bed': '0', 'extra_bed_type_id': '0'}]","[{'id': 1180710, 'capacity': 1, 'prepayment': 'FIRST', 'nonrefundable': 0, 'cancellation_period': 5, 'cancellation_fee': 'FIRST', 'breakfast': 0, 'base_price': 15000, 'prices': [15000], 'price': 15000, 'old_price': 15000, 'currency': 'RUB', 'payment_amount': 15000, 'extras_variants': [], 'extras': {'42695': {'id': 42695, 'number': 1, 'extra_bed_type_id': 0, 'age': [0, 5], 'extra_bed': 0, 'free': 1}}, 'rate_id': 60220, 'deals': [], 'cancellation_type': 'special', 'credit_card': 1, 'bonus': 750, 'miles': 900, 'min_stay': 1, 'platichastyami': 0, 'mircashback': 1500}, {'id': 1180711, 'capacity': 2, 'prepayment': 'FIRST', 'nonrefundable': 0, 'cancellation_period': 5, 'cancellation_fee': 'FIRST', 'breakfast': 0, 'base_price': 15000, 'prices': [15000], 'price': 15000, 'old_price': 15000, 'currency': 'RUB', 'payment_amount': 15000, 'extras_variants': [], 'extras': {'42695': {'id': 42695, 'number': 1, 'extra_bed_type_id': 0, 'age': [0, 5], 'extra_bed': 0, 'free': 1}}, 'rate_id': 60220, 'deals': [], 'cancellation_type': 'special', 'credit_card': 1, 'bonus': 750, 'miles': 900, 'min_stay': 1, 'platichastyami': 0, 'mircashback': 1500}]",15000.0,900,652285_101hotels,2026-08-26
2315551,,Улучшенный,2,0,0,1,Двухместный,2,2,[{'double': 1}],"[{'id': '42696', 'number': '1', 'min_age': '0', 'max_age': '5', 'is_extra_bed': '0', 'extra_bed_type_id': '0'}]","[{'id': 1180706, 'capacity': 1, 'prepayment': 'FIRST', 'nonrefundable': 0, 'cancellation_period': 5, 'cancellation_fee': 'FIRST', 'breakfast': 0, 'base_price': 15000, 'prices': [15000], 'price': 15000, 'old_price': 15000, 'currency': 'RUB', 'payment_amount': 15000, 'extras_variants': [], 'extras': {'42696': {'id': 42696, 'number': 1, 'extra_bed_type_id': 0, 'age': [0, 5], 'extra_bed': 0, 'free': 1}}, 'rate_id': 60220, 'deals': [], 'cancellation_type': 'special', 'credit_card': 1, 'bonus': 750, 'miles': 900, 'min_stay': 1, 'platichastyami': 0, 'mircashback': 1500}, {'id': 1180707, 'capacity': 2, 'prepayment': 'FIRST', 'nonrefundable': 0, 'cancellation_period': 5, 'cancellation_fee': 'FIRST', 'breakfast': 0, 'base_price': 15000, 'prices': [15000], 'price': 15000, 'old_price': 15000, 'currency': 'RUB', 'payment_amount': 15000, 'extras_variants': [], 'extras': {'42696': {'id': 42696, 'number': 1, 'extra_bed_type_id': 0, 'age': [0, 5], 'extra_bed': 0, 'free': 1}}, 'rate_id': 60220, 'deals': [], 'cancellation_type': 'special', 'credit_card': 1, 'bonus': 750, 'miles': 900, 'min_stay': 1, 'platichastyami': 0, 'mircashback': 1500}]",15000.0,900,652285_101hotels,2026-08-26
2315552,,Люкс,2,0,0,1,Люкс,6,1,[{'double': 1}],"[{'id': '42697', 'number': '1', 'min_age': '0', 'max_age': '5', 'is_extra_bed': '0', 'extra_bed_type_id': '0'}]","[{'id': 1180708, 'capacity': 1, 'prepayment': 'FIRST', 'nonrefundable': 0, 'cancellation_period': 5, 'cancellation_fee': 'FIRST', 'breakfast': 0, 'base_price': 20000, 'prices': [20000], 'price': 20000, 'old_price': 20000, 'currency': 'RUB', 'payment_amount': 20000, 'extras_variants': [], 'extras': {'42697': {'id': 42697, 'number': 1, 'extra_bed_type_id': 0, 'age': [0, 5], 'extra_bed': 0, 'free': 1}}, 'rate_id': 60220, 'deals': [], 'cancellation_type': 'special', 'credit_card': 1, 'bonus': 1000, 'miles': 1200, 'min_stay': 1, 'platichastyami': 0, 'mircashback': 2000}, {'id': 1180724, 'capacity': 1, 'prepayment': 'FIRST', 'nonrefundable': 0, 'cancellation_period': 5, 'cancellation_fee': 'FIRST', 'breakfast': 1, 'base_price': 36000, 'prices': [36000], 'price': 36000, 'old_price': 36000, 'currency': 'RUB', 'payment_amount': 36000, 'extras_variants': [], 'extras': {'42697': {'id': 42697, 'number': 1, 'extra_bed_type_id': 0, 'age': [0, 5], 'extra_bed': 0, 'free': 1}}, 'rate_id': 60222, 'deals': [], 'cancellation_type': 'special', 'credit_card': 1, 'bonus': 1800, 'miles': 2160, 'min_stay': 1, 'platichastyami': 0, 'mircashback': 3600}, {'id': 1180716, 'capacity': 1, 'prepayment': 'FIRST', 'nonrefundable': 0, 'cancellation_period': 5, 'cancellation_fee': 'FIRST', 'breakfast': 1, 'base_price': 40000, 'prices': [40000], 'price': 40000, 'old_price': 40000, 'currency': 'RUB', 'payment_amount': 40000, 'extras_variants': [], 'extras': {'42697': {'id': 42697, 'number': 1, 'extra_bed_type_id': 0, 'age': [0, 5], 'extra_bed': 0, 'free': 1}}, 'rate_id': 60221, 'deals': [], 'cancellation_type': 'special', 'credit_card': 1, 'bonus': 2000, 'miles': 2400, 'min_stay': 1, 'platichastyami': 0, 'mircashback': 4000}, {'id': 1180709, 'capacity': 2, 'prepayment': 'FIRST', 'nonrefundable': 0, 'cancellation_period': 5, 'cancellation_fee': 'FIRST', 'breakfast': 0, 'base_price': 20000, 'prices': [20000], 'price': 20000, 'old_price': 20000, 'currency': 'RUB', 'payment_amount': 20000, 'extras_variants': [], 'extras': {'42697': {'id': 42697, 'number': 1, 'extra_bed_type_id': 0, 'age': [0, 5], 'extra_bed': 0, 'free': 1}}, 'rate_id': 60220, 'deals': [], 'cancellation_type': 'special', 'credit_card': 1, 'bonus': 1000, 'miles': 1200, 'min_stay': 1, 'platichastyami': 0, 'mircashback': 2000}, {'id': 1180725, 'capacity': 2, 'prepayment': 'FIRST', 'nonrefundable': 0, 'cancellation_period': 5, 'cancellation_fee': 'FIRST', 'breakfast': 1, 'base_price': 36000, 'prices': [36000], 'price': 36000, 'old_price': 36000, 'currency': 'RUB', 'payment_amount': 36000, 'extras_variants': [], 'extras': {'42697': {'id': 42697, 'number': 1, 'extra_bed_type_id': 0, 'age': [0, 5], 'extra_bed': 0, 'free': 1}}, 'rate_id': 60222, 'deals': [], 'cancellation_type': 'special', 'credit_card': 1, 'bonus': 1800, 'miles': 2160, 'min_stay': 1, 'platichastyami': 0, 'mircashback': 3600}, {'id': 1180717, 'capacity': 2, 'prepayment': 'FIRST', 'nonrefundable': 0, 'cancellation_period': 5, 'cancellation_fee': 'FIRST', 'breakfast': 1, 'base_price': 40000, 'prices': [40000], 'price': 40000, 'old_price': 40000, 'currency': 'RUB', 'payment_amount': 40000, 'extras_variants': [], 'extras': {'42697': {'id': 42697, 'number': 1, 'extra_bed_type_id': 0, 'age': [0, 5], 'extra_bed': 0, 'free': 1}}, 'rate_id': 60221, 'deals': [], 'cancellation_type': 'special', 'credit_card': 1, 'bonus': 2000, 'miles': 2400, 'min_stay': 1, 'platichastyami': 0, 'mircashback': 4000}]",20000.0,1200,652285_101hotels,2026-08-26
46999,,,2,0,0,1,Студио,5,5,[{'double': 1}],[],"[{'id': 617731, 'capacity': 1, 'prepayment': 'NO', 'nonrefundable': 0, 'cancellation_period': 0, 'cancellation_fee': 'NO', 'breakfast': 1, 'base_price': 11500, 'prices': [11500], 'price': 11500, 'old_price': 11500, 'currency': 'RUB', 'payment_amount': 0, 'extras_variants': [], 'extras': [], 'rate_id': 22543, 'deals': [], 'cancellation_type': 'free', 'credit_card': 0, 'bonus': 575, 'miles': 690, 'min_stay': 1, 'platichastyami': 0, 'mircashback': 1150}, {'id': 617732, 'capacity': 2, 'prepayment': 'NO', 'nonrefundable': 0, 'cancellation_period': 0, 'cancellation_fee': 'NO', 'breakfast': 1, 'base_price': 12500, 'prices': [12500], 'price': 12500, 'old_price': 12500, 'currency': 'RUB', 'payment_amount': 0, 'extras_variants': [], 'extras': [], 'rate_id': 22543, 'deals': [], 'cancellation_type': 'free', 'credit_card': 0, 'bonus': 625, 'miles': 750, 'min_stay': 1, 'platichastyami': 0, 'mircashback': 1250}]",11500.0,690,9509_101hotels,2026-08-26
47000,,,2,1,0,1,Делюкс,29,4,[{'double': 1}],[],"[{'id': 617735, 'capacity': 1, 'prepayment': 'NO', 'nonrefundable': 0, 'cancellation_period': 0, 'cancellation_fee': 'NO', 'breakfast': 1, 'base_price': 13500, 'prices': [13500], 'price': 13500, 'old_price': 13500, 'currency': 'RUB', 'payment_amount': 0, 'extras_variants': [], 'extras': [], 'rate_id': 22543, 'deals': [], 'cancellation_type': 'free', 'credit_card': 0, 'bonus': 675, 'miles': 810, 'min_stay': 1, 'platichastyami': 0, 'mircashback': 1350}, {'id': 617736, 'capacity': 2, 'prepayment': 'NO', 'nonrefundable': 0, 'cancellation_period': 0, 'cancellation_fee': 'NO', 'breakfast': 1, 'base_price': 14500, 'prices': [14500], 'price': 14500, 'old_price': 14500, 'currency': 'RUB', 'payment_amount': 0, 'extras_variants': [], 'extras': [], 'rate_id': 22543, 'deals': [], 'cancellation_type': 'free', 'credit_card': 0, 'bonus': 725, 'miles': 870, 'min_stay': 1, 'platichastyami': 0, 'mircashback': 1450}]",13500.0,810,9509_101hotels,2026-08-26
47001,,Премиум,2,1,0,1,Делюкс,29,2,[{'double': 1}],[],"[{'id': 617737, 'capacity': 1, 'prepayment': 'NO', 'nonrefundable': 0, 'cancellation_period': 0, 'cancellation_fee': 'NO', 'breakfast': 1, 'base_price': 16500, 'prices': [16500], 'price': 16500, 'old_price': 16500, 'currency': 'RUB', 'payment_amount': 0, 'extras_variants': [], 'extras': [], 'rate_id': 22543, 'deals': [], 'cancellation_type': 'free', 'credit_card': 0, 'bonus': 825, 'miles': 990, 'min_stay': 1, 'platichastyami': 0, 'mircashback': 1650}, {'id': 617738, 'capacity': 2, 'prepayment': 'NO', 'nonrefundable': 0, 'cancellation_period': 0, 'cancellation_fee': 'NO', 'breakfast': 1, 'base_price': 17500, 'prices': [17500], 'price': 17500, 'old_price': 17500, 'currency': 'RUB', 'payment_amount': 0, 'extras_variants': [], 'extras': [], 'rate_id': 22543, 'deals': [], 'cancellation_type': 'free', 'credit_card': 0, 'bonus': 875, 'miles': 1050, 'min_stay': 1, 'platichastyami': 0, 'mircashback': 1750}]",16500.0,990,9509_101hotels,2026-08-26
2309900,,Стандарт,2,0,0,1,Двухместный,2,2,"[{'single': 2}, {'double': 1}]",[],"[{'id': 1126955, 'capacity': 1, 'prepayment': 'NO', 'nonrefundable': 0, 'cancellation_period': 0, 'cancellation_fee': 'NO', 'breakfast': 1, 'base_price': 7900, 'prices': [7900], 'price': 7900, 'old_price': 7900, 'currency': 'RUB', 'payment_amount': 0, 'extras_variants': [], 'extras': [], 'rate_id': 22543, 'deals': [], 'cancellation_type': 'free', 'credit_card': 0, 'bonus': 395, 'miles': 474, 'min_stay': 1, 'platichastyami': 0, 'mircashback': 790}, {'id': 1126956, 'capacity': 2, 'prepayment': 'NO', 'nonrefundable': 0, 'cancellation_period': 0, 'cancellation_fee': 'NO', 'breakfast': 1, 'base_price': 8900, 'prices': [8900], 'price': 8900, 'old_price': 8900, 'currency': 'RUB', 'payment_amount': 0, 'extras_variants': [], 'extras': [], 'rate_id': 22543, 'deals': [], 'cancellation_type': 'free', 'credit_card': 0, 'bonus': 445, 'miles': 534, 'min_stay': 1, 'platichastyami': 0, 'mircashback': 890}]",7900.0,474,9509_101hotels,2026-08-26
2309905,,Стандарт Улучшенный,2,0,0,1,Двухместный,2,2,"[{'single': 2}, {'double': 1}]",[],"[{'id': 1126983, 'capacity': 1, 'prepayment': 'NO', 'nonrefundable': 0, 'cancellation_period': 0, 'cancellation_fee': 'NO', 'breakfast': 1, 'base_price': 9800, 'prices': [9800], 'price': 9800, 'old_price': 9800, 'currency': 'RUB', 'payment_amount': 0, 'extras_variants': [], 'extras': [], 'rate_id': 22543, 'deals': [], 'cancellation_type': 'free', 'credit_card': 0, 'bonus': 490, 'miles': 588, 'min_stay': 1, 'platichastyami': 0, 'mircashback': 980}, {'id': 1126984, 'capacity': 2, 'prepayment': 'NO', 'nonrefundable': 0, 'cancellation_period': 0, 'cancellation_fee': 'NO', 'breakfast': 1, 'base_price': 10800, 'prices': [10800], 'price': 10800, 'old_price': 10800, 'currency': 'RUB', 'payment_amount': 0, 'extras_variants': [], 'extras': [], 'rate_id': 22543, 'deals': [], 'cancellation_type': 'free', 'credit_card': 0, 'bonus': 540, 'miles': 648, 'min_stay': 1, 'platichastyami': 0, 'mircashback': 1080}]",9800.0,588,9509_101hotels,2026-08-26
2251982,,Стандарт,2,0,0,1,Двухместный,2,3,[{'double': 1}],[],"[{'id': 608481, 'capacity': 1, 'prepayment': 'FULL', 'nonrefundable': 0, 'cancellation_period': 1, 'cancellation_fee': 'FIRST', 'breakfast': 0, 'base_price': 4190, 'prices': [4190], 'price': 4190, 'old_price': 4190, 'currency': 'RUB', 'payment_amount': 4190, 'extras_variants': [], 'extras': [], 'rate_id': 21859, 'deals': [], 'cancellation_type': 'special', 'credit_card': 1, 'bonus': 210, 'miles': 249, 'min_stay': 1, 'platichastyami': 0, 'mircashback': 419}, {'id': 965382, 'capacity': 1, 'prepayment': 'NO', 'nonrefundable': 0, 'cancellation_period': 0, 'cancellation_fee': 'NO', 'breakfast': 1, 'base_price': 5190, 'prices': [5190], 'price': 5190, 'old_price': 5190, 'currency': 'RUB', 'payment_amount': 0, 'extras_variants': [], 'extras': [], 'rate_id': 45406, 'deals': [], 'cancellation_type': 'free', 'credit_card': 0, 'bonus': 260, 'miles': 309, 'min_stay': 1, 'platichastyami': 0, 'mircashback': 519}, {'id': 965392, 'capacity': 1, 'prepayment': 'NO', 'nonrefundable': 0, 'cancellation_period': 0, 'cancellation_fee': 'NO', 'breakfast': 9, 'base_price': 5190, 'prices': [5190], 'price': 5190, 'old_price': 5190, 'currency': 'RUB', 'payment_amount': 0, 'extras_variants': [], 'extras': [], 'rate_id': 45407, 'deals': [], 'cancellation_type': 'free', 'credit_card': 0, 'bonus': 260, 'miles': 309, 'min_stay': 1, 'platichastyami': 0, 'mircashback': 519}, {'id': 608511, 'capacity': 2, 'prepayment': 'FULL', 'nonrefundable': 0, 'cancellation_period': 1, 'cancellation_fee': 'FIRST', 'breakfast': 0, 'base_price': 4190, 'prices': [4190], 'price': 4190, 'old_price': 4190, 'currency': 'RUB', 'payment_amount': 4190, 'extras_variants': [], 'extras': [], 'rate_id': 21859, 'deals': [], 'cancellation_type': 'special', 'credit_card': 1, 'bonus': 210, 'miles': 249, 'min_stay': 1, 'platichastyami': 0, 'mircashback': 419}, {'id': 965383, 'capacity': 2, 'prepayment': 'NO', 'nonrefundable': 0, 'cancellation_period': 0, 'cancellation_fee': 'NO', 'breakfast': 1, 'base_price': 6190, 'prices': [6190], 'price': 6190, 'old_price': 6190, 'currency': 'RUB', 'payment_amount': 0, 'extras_variants': [], 'extras': [], 'rate_id': 45406, 'deals': [], 'cancellation_type': 'free', 'credit_card': 0, 'bonus': 310, 'miles': 369, 'min_stay': 1, 'platichastyami': 0, 'mircashback': 619}, {'id': 965393, 'capacity': 2, 'prepayment': 'NO', 'nonrefundable': 0, 'cancellation_period': 0, 'cancellation_fee': 'NO', 'breakfast': 9, 'base_price': 6190, 'prices': [6190], 'price': 6190, 'old_price': 6190, 'currency': 'RUB', 'payment_amount': 0, 'extras_variants': [], 'extras': [], 'rate_id': 45407, 'deals': [], 'cancellation_type': 'free', 'credit_card': 0, 'bonus': 310, 'miles': 369, 'min_stay': 1, 'platichastyami': 0, 'mircashback': 619}, {'id': '965382P', 'capacity': 1, 'prepayment': 'FULL', 'nonrefundable': 0, 'cancellation_period': 0, 'cancellation_fee': 'NO', 'breakfast': 1, 'base_price': 5190, 'prices': [5190], 'price': 5190, 'old_price': 5190, 'currency': 'RUB', 'payment_amount': 5190, 'extras_variants': [], 'extras': [], 'rate_id': 45406, 'deals': [], 'cancellation_type': 'free', 'credit_card': 0, 'bonus': 260, 'miles': 309, 'min_stay': 1, 'platichastyami': 0, 'mircashback': 519}, {'id': '965392P', 'capacity': 1, 'prepayment': 'FULL', 'nonrefundable': 0, 'cancellation_period': 0, 'cancellation_fee': 'NO', 'breakfast': 9, 'base_price': 5190, 'prices': [5190], 'price': 5190, 'old_price': 5190, 'currency': 'RUB', 'payment_amount': 5190, 'extras_variants': [], 'extras': [], 'rate_id': 45407, 'deals': [], 'cancellation_type': 'free', 'credit_card': 0, 'bonus': 260, 'miles': 309, 'min_stay': 1, 'platichastyami': 0, 'mircashback': 519}, {'id': '965383P', 'capacity': 2, 'prepayment': 'FULL', 'nonrefundable': 0, 'cancellation_period': 0, 'cancellation_fee': 'NO', 'breakfast': 1, 'base_price': 6190, 'prices': [6190], 'price': 6190, 'old_price': 6190, 'currency': 'RUB', 'payment_amount': 6190, 'extras_variants': [], 'extras': [], 'rate_id': 45406, 'deals': [], 'cancellation_type': 'free', 'credit_card': 0, 'bonus': 310, 'miles': 369, 'min_stay': 1, 'platichastyami': 0, 'mircashback': 619}, {'id': '965393P', 'capacity': 2, 'prepayment': 'FULL', 'nonrefundable': 0, 'cancellation_period': 0, 'cancellation_fee': 'NO', 'breakfast': 9, 'base_price': 6190, 'prices': [6190], 'price': 6190, 'old_price': 6190, 'currency': 'RUB', 'payment_amount': 6190, 'extras_variants': [], 'extras': [], 'rate_id': 45407, 'deals': [], 'cancellation_type': 'free', 'credit_card': 0, 'bonus': 310, 'miles': 369, 'min_stay': 1, 'platichastyami': 0, 'mircashback': 619}]",4190.0,249,658332_101hotels,2026-08-26
2251983,,Улучшенный,2,0,0,1,Двухместный,2,1,[{'double': 1}],[],"[{'id': 608482, 'capacity': 1, 'prepayment': 'FULL', 'nonrefundable': 0, 'cancellation_period': 1, 'cancellation_fee': 'FIRST', 'breakfast': 0, 'base_price': 4990, 'prices': [4990], 'price': 4990, 'old_price': 4990, 'currency': 'RUB', 'payment_amount': 4990, 'extras_variants': [], 'extras': [], 'rate_id': 21859, 'deals': [], 'cancellation_type': 'special', 'credit_card': 1, 'bonus': 250, 'miles': 297, 'min_stay': 1, 'platichastyami': 0, 'mircashback': 499}, {'id': 965384, 'capacity': 1, 'prepayment': 'NO', 'nonrefundable': 0, 'cancellation_period': 0, 'cancellation_fee': 'NO', 'breakfast': 1, 'base_price': 5990, 'prices': [5990], 'price': 5990, 'old_price': 5990, 'currency': 'RUB', 'payment_amount': 0, 'extras_variants': [], 'extras': [], 'rate_id': 45406, 'deals': [], 'cancellation_type': 'free', 'credit_card': 0, 'bonus': 300, 'miles': 357, 'min_stay': 1, 'platichastyami': 0, 'mircashback': 599}, {'id': 965394, 'capacity': 1, 'prepayment': 'NO', 'nonrefundable': 0, 'cancellation_period': 0, 'cancellation_fee': 'NO', 'breakfast': 9, 'base_price': 5990, 'prices': [5990], 'price': 5990, 'old_price': 5990, 'currency': 'RUB', 'payment_amount': 0, 'extras_variants': [], 'extras': [], 'rate_id': 45407, 'deals': [], 'cancellation_type': 'free', 'credit_card': 0, 'bonus': 300, 'miles': 357, 'min_stay': 1, 'platichastyami': 0, 'mircashback': 599}, {'id': 608512, 'capacity': 2, 'prepayment': 'FULL', 'nonrefundable': 0, 'cancellation_period': 1, 'cancellation_fee': 'FIRST', 'breakfast': 0, 'base_price': 4990, 'prices': [4990], 'price': 4990, 'old_price': 4990, 'currency': 'RUB', 'payment_amount': 4990, 'extras_variants': [], 'extras': [], 'rate_id': 21859, 'deals': [], 'cancellation_type': 'special', 'credit_card': 1, 'bonus': 250, 'miles': 297, 'min_stay': 1, 'platichastyami': 0, 'mircashback': 499}, {'id': 965385, 'capacity': 2, 'prepayment': 'NO', 'nonrefundable': 0, 'cancellation_period': 0, 'cancellation_fee': 'NO', 'breakfast': 1, 'base_price': 6990, 'prices': [6990], 'price': 6990, 'old_price': 6990, 'currency': 'RUB', 'payment_amount': 0, 'extras_variants': [], 'extras': [], 'rate_id': 45406, 'deals': [], 'cancellation_type': 'free', 'credit_card': 0, 'bonus': 350, 'miles': 417, 'min_stay': 1, 'platichastyami': 0, 'mircashback': 699}, {'id': 965395, 'capacity': 2, 'prepayment': 'NO', 'nonrefundable': 0, 'cancellation_period': 0, 'cancellation_fee': 'NO', 'breakfast': 9, 'base_price': 6990, 'prices': [6990], 'price': 6990, 'old_price': 6990, 'currency': 'RUB', 'payment_amount': 0, 'extras_variants': [], 'extras': [], 'rate_id': 45407, 'deals': [], 'cancellation_type': 'free', 'credit_card': 0, 'bonus': 350, 'miles': 417, 'min_stay': 1, 'platichastyami': 0, 'mircashback': 699}, {'id': '965384P', 'capacity': 1, 'prepayment': 'FULL', 'nonrefundable': 0, 'cancellation_period': 0, 'cancellation_fee': 'NO', 'breakfast': 1, 'base_price': 5990, 'prices': [5990], 'price': 5990, 'old_price': 5990, 'currency': 'RUB', 'payment_amount': 5990, 'extras_variants': [], 'extras': [], 'rate_id': 45406, 'deals': [], 'cancellation_type': 'free', 'credit_card': 0, 'bonus': 300, 'miles': 357, 'min_stay': 1, 'platichastyami': 0, 'mircashback': 599}, {'id': '965394P', 'capacity': 1, 'prepayment': 'FULL', 'nonrefundable': 0, 'cancellation_period': 0, 'cancellation_fee': 'NO', 'breakfast': 9, 'base_price': 5990, 'prices': [5990], 'price': 5990, 'old_price': 5990, 'currency': 'RUB', 'payment_amount': 5990, 'extras_variants': [], 'extras': [], 'rate_id': 45407, 'deals': [], 'cancellation_type': 'free', 'credit_card': 0, 'bonus': 300, 'miles': 357, 'min_stay': 1, 'platichastyami': 0, 'mircashback': 599}, {'id': '965385P', 'capacity': 2, 'prepayment': 'FULL', 'nonrefundable': 0, 'cancellation_period': 0, 'cancellation_fee': 'NO', 'breakfast': 1, 'base_price': 6990, 'prices': [6990], 'price': 6990, 'old_price': 6990, 'currency': 'RUB', 'payment_amount': 6990, 'extras_variants': [], 'extras': [], 'rate_id': 45406, 'deals': [], 'cancellation_type': 'free', 'credit_card': 0, 'bonus': 350, 'miles': 417, 'min_stay': 1, 'platichastyami': 0, 'mircashback': 699}, {'id': '965395P', 'capacity': 2, 'prepayment': 'FULL', 'nonrefundable': 0, 'cancellation_period': 0, 'cancellation_fee': 'NO', 'breakfast': 9, 'base_price': 6990, 'prices': [6990], 'price': 6990, 'old_price': 6990, 'currency': 'RUB', 'payment_amount': 6990, 'extras_variants': [], 'extras': [], 'rate_id': 45407, 'deals': [], 'cancellation_type': 'free', 'credit_card': 0, 'bonus': 350, 'miles': 417, 'min_stay': 1, 'platichastyami': 0, 'mircashback': 699}]",4990.0,297,658332_101hotels,2026-08-26
2251984,,Студия,2,1,0,1,Двухместный,2,1,[{'double': 1}],"[{'id': '10179', 'number': '1', 'min_age': '0', 'max_age': '17', 'is_extra_bed': '0', 'extra_bed_type_id': '0'}]","[{'id': 608483, 'capacity': 1, 'prepayment': 'FULL', 'nonrefundable': 0, 'cancellation_period': 1, 'cancellation_fee': 'FIRST', 'breakfast': 0, 'base_price': 5550, 'prices': [5550], 'price': 5550, 'old_price': 5550, 'currency': 'RUB', 'payment_amount': 5550, 'extras_variants': [], 'extras': {'10179': {'id': 10179, 'number': 1, 'extra_bed_type_id': 0, 'age': [0, 17], 'extra_bed': 0, 'free': 1}}, 'rate_id': 21859, 'deals': [], 'cancellation_type': 'special', 'credit_card': 1, 'bonus': 278, 'miles': 333, 'min_stay': 1, 'platichastyami': 0, 'mircashback': 555}, {'id': 965386, 'capacity': 1, 'prepayment': 'NO', 'nonrefundable': 0, 'cancellation_period': 0, 'cancellation_fee': 'NO', 'breakfast': 1, 'base_price': 6550, 'prices': [6550], 'price': 6550, 'old_price': 6550, 'currency': 'RUB', 'payment_amount': 0, 'extras_variants': [], 'extras': {'10179': {'id': 10179, 'number': 1, 'extra_bed_type_id': 0, 'age': [0, 17], 'extra_bed': 0, 'free': 1}}, 'rate_id': 45406, 'deals': [], 'cancellation_type': 'free', 'credit_card': 0, 'bonus': 328, 'miles': 393, 'min_stay': 1, 'platichastyami': 0, 'mircashback': 655}, {'id': 965396, 'capacity': 1, 'prepayment': 'NO', 'nonrefundable': 0, 'cancellation_period': 0, 'cancellation_fee': 'NO', 'breakfast': 9, 'base_price': 6550, 'prices': [6550], 'price': 6550, 'old_price': 6550, 'currency': 'RUB', 'payment_amount': 0, 'extras_variants': [], 'extras': {'10179': {'id': 10179, 'number': 1, 'extra_bed_type_id': 0, 'age': [0, 17], 'extra_bed': 0, 'free': 1}}, 'rate_id': 45407, 'deals': [], 'cancellation_type': 'free', 'credit_card': 0, 'bonus': 328, 'miles': 393, 'min_stay': 1, 'platichastyami': 0, 'mircashback': 655}, {'id': 608513, 'capacity': 2, 'prepayment': 'FULL', 'nonrefundable': 0, 'cancellation_period': 1, 'cancellation_fee': 'FIRST', 'breakfast': 0, 'base_price': 5550, 'prices': [5550], 'price': 5550, 'old_price': 5550, 'currency': 'RUB', 'payment_amount': 5550, 'extras_variants': [], 'extras': {'10179': {'id': 10179, 'number': 1, 'extra_bed_type_id': 0, 'age': [0, 17], 'extra_bed': 0, 'free': 1}}, 'rate_id': 21859, 'deals': [], 'cancellation_type': 'special', 'credit_card': 1, 'bonus': 278, 'miles': 333, 'min_stay': 1, 'platichastyami': 0, 'mircashback': 555}, {'id': 965387, 'capacity': 2, 'prepayment': 'NO', 'nonrefundable': 0, 'cancellation_period': 0, 'cancellation_fee': 'NO', 'breakfast': 1, 'base_price': 7550, 'prices': [7550], 'price': 7550, 'old_price': 7550, 'currency': 'RUB', 'payment_amount': 0, 'extras_variants': [], 'extras': {'10179': {'id': 10179, 'number': 1, 'extra_bed_type_id': 0, 'age': [0, 17], 'extra_bed': 0, 'free': 1}}, 'rate_id': 45406, 'deals': [], 'cancellation_type': 'free', 'credit_card': 0, 'bonus': 378, 'miles': 453, 'min_stay': 1, 'platichastyami': 0, 'mircashback': 755}, {'id': 965397, 'capacity': 2, 'prepayment': 'NO', 'nonrefundable': 0, 'cancellation_period': 0, 'cancellation_fee': 'NO', 'breakfast': 9, 'base_price': 7550, 'prices': [7550], 'price': 7550, 'old_price': 7550, 'currency': 'RUB', 'payment_amount': 0, 'extras_variants': [], 'extras': {'10179': {'id': 10179, 'number': 1, 'extra_bed_type_id': 0, 'age': [0, 17], 'extra_bed': 0, 'free': 1}}, 'rate_id': 45407, 'deals': [], 'cancellation_type': 'free', 'credit_card': 0, 'bonus': 378, 'miles': 453, 'min_stay': 1, 'platichastyami': 0, 'mircashback': 755}, {'id': '965386P', 'capacity': 1, 'prepayment': 'FULL', 'nonrefundable': 0, 'cancellation_period': 0, 'cancellation_fee': 'NO', 'breakfast': 1, 'base_price': 6550, 'prices': [6550], 'price': 6550, 'old_price': 6550, 'currency': 'RUB', 'payment_amount': 6550, 'extras_variants': [], 'extras': {'10179': {'id': 10179, 'number': 1, 'extra_bed_type_id': 0, 'age': [0, 17], 'extra_bed': 0, 'free': 1}}, 'rate_id': 45406, 'deals': [], 'cancellation_type': 'free', 'credit_card': 0, 'bonus': 328, 'miles': 393, 'min_stay': 1, 'platichastyami': 0, 'mircashback': 655}, {'id': '965396P', 'capacity': 1, 'prepayment': 'FULL', 'nonrefundable': 0, 'cancellation_period': 0, 'cancellation_fee': 'NO', 'breakfast': 9, 'base_price': 6550, 'prices': [6550], 'price': 6550, 'old_price': 6550, 'currency': 'RUB', 'payment_amount': 6550, 'extras_variants': [], 'extras': {'10179': {'id': 10179, 'number': 1, 'extra_bed_type_id': 0, 'age': [0, 17], 'extra_bed': 0, 'free': 1}}, 'rate_id': 45407, 'deals': [], 'cancellation_type': 'free', 'credit_card': 0, 'bonus': 328, 'miles': 393, 'min_stay': 1, 'platichastyami': 0, 'mircashback': 655}, {'id': '965387P', 'capacity': 2, 'prepayment': 'FULL', 'nonrefundable': 0, 'cancellation_period': 0, 'cancellation_fee': 'NO', 'breakfast': 1, 'base_price': 7550, 'prices': [7550], 'price': 7550, 'old_price': 7550, 'currency': 'RUB', 'payment_amount': 7550, 'extras_variants': [], 'extras': {'10179': {'id': 10179, 'number': 1, 'extra_bed_type_id': 0, 'age': [0, 17], 'extra_bed': 0, 'free': 1}}, 'rate_id': 45406, 'deals': [], 'cancellation_type': 'free', 'credit_card': 0, 'bonus': 378, 'miles': 453, 'min_stay': 1, 'platichastyami': 0, 'mircashback': 755}, {'id': '965397P', 'capacity': 2, 'prepayment': 'FULL', 'nonrefundable': 0, 'cancellation_period': 0, 'cancellation_fee': 'NO', 'breakfast': 9, 'base_price': 7550, 'prices': [7550], 'price': 7550, 'old_price': 7550, 'currency': 'RUB', 'payment_amount': 7550, 'extras_variants': [], 'extras': {'10179': {'id': 10179, 'number': 1, 'extra_bed_type_id': 0, 'age': [0, 17], 'extra_bed': 0, 'free': 1}}, 'rate_id': 45407, 'deals': [], 'cancellation_type': 'free', 'credit_card': 0, 'bonus': 378, 'miles': 453, 'min_stay': 1, 'platichastyami': 0, 'mircashback': 755}]",5550.0,333,658332_101hotels,2026-08-26
2255148,,Номер «Стандарт +»,1,0,0,0,Одноместный,1,2,[{'single': 1}],[],"[{'id': 645872, 'capacity': 1, 'prepayment': 'FULL', 'nonrefundable': 0, 'cancellation_period': 3, 'cancellation_fee': 'FIRST', 'breakfast': 0, 'base_price': 1700, 'prices': [1700], 'price': 1700, 'old_price': 1700, 'currency': 'RUB', 'payment_amount': 1700, 'extras_variants': [], 'extras': [], 'rate_id': 24566, 'deals': [], 'cancellation_type': 'special', 'credit_card': 1, 'bonus': 85, 'miles': 102, 'min_stay': 1, 'platichastyami': 0, 'mircashback': 170}]",1700.0,102,659250_101hotels,2026-08-26
2255278,,Комфорт,1,0,0,1,Одноместный,1,4,[{'single': 1}],[],"[{'id': 645873, 'capacity': 1, 'prepayment': 'FULL', 'nonrefundable': 0, 'cancellation_period': 3, 'cancellation_fee': 'FIRST', 'breakfast': 0, 'base_price': 2700, 'prices': [2700], 'price': 2700, 'old_price': 2700, 'currency': 'RUB', 'payment_amount': 2700, 'extras_variants': [], 'extras': [], 'rate_id': 24566, 'deals': [], 'cancellation_type': 'special', 'credit_card': 1, 'bonus': 135, 'miles': 162, 'min_stay': 1, 'platichastyami': 0, 'mircashback': 270}]",2700.0,162,659250_101hotels,2026-08-26
2255279,,Номер Комфорт +,2,0,0,1,Двухместный,2,2,[{'double': 1}],[],"[{'id': 645874, 'capacity': 1, 'prepayment': 'FULL', 'nonrefundable': 0, 'cancellation_period': 3, 'cancellation_fee': 'FIRST', 'breakfast': 0, 'base_price': 3500, 'prices': [3500], 'price': 3500, 'old_price': 3500, 'currency': 'RUB', 'payment_amount': 3500, 'extras_variants': [], 'extras': [], 'rate_id': 24566, 'deals': [], 'cancellation_type': 'special', 'credit_card': 1, 'bonus': 175, 'miles': 210, 'min_stay': 1, 'platichastyami': 0, 'mircashback': 350}, {'id': 645875, 'capacity': 2, 'prepayment': 'FULL', 'nonrefundable': 0, 'cancellation_period': 3, 'cancellation_fee': 'FIRST', 'breakfast': 0, 'base_price': 3500, 'prices': [3500], 'price': 3500, 'old_price': 3500, 'currency': 'RUB', 'payment_amount': 3500, 'extras_variants': [], 'extras': [], 'rate_id': 24566, 'deals': [], 'cancellation_type': 'special', 'credit_card': 1, 'bonus': 175, 'miles': 210, 'min_stay': 1, 'platichastyami': 0, 'mircashback': 350}]",3500.0,210,659250_101hotels,2026-08-26
2255280,,,2,0,0,1,Люкс,6,1,[{'double': 1}],[],"[{'id': 645876, 'capacity': 1, 'prepayment': 'FULL', 'nonrefundable': 0, 'cancellation_period': 3, 'cancellation_fee': 'FIRST', 'breakfast': 0, 'base_price': 5500, 'prices': [5500], 'price': 5500, 'old_price': 5500, 'currency': 'RUB', 'payment_amount': 5500, 'extras_variants': [], 'extras': [], 'rate_id': 24566, 'deals': [], 'cancellation_type': 'special', 'credit_card': 1, 'bonus': 275, 'miles': 330, 'min_stay': 1, 'platichastyami': 0, 'mircashback': 550}, {'id': 645877, 'capacity': 2, 'prepayment': 'FULL', 'nonrefundable': 0, 'cancellation_period': 3, 'cancellation_fee': 'FIRST', 'breakfast': 0, 'base_price': 5500, 'prices': [5500], 'price': 5500, 'old_price': 5500, 'currency': 'RUB', 'payment_amount': 5500, 'extras_variants': [], 'extras': [], 'rate_id': 24566, 'deals': [], 'cancellation_type': 'special', 'credit_card': 1, 'bonus': 275, 'miles': 330, 'min_stay': 1, 'platichastyami': 0, 'mircashback': 550}]",5500.0,330,659250_101hotels,2026-08-26
2255281,,Люкс,2,1,0,1,Семейный,44,1,"[{'double': 1, 'sofa': 1}]",[],"[{'id': 645878, 'capacity': 1, 'prepayment': 'FULL', 'nonrefundable': 0, 'cancellation_period': 3, 'cancellation_fee': 'FIRST', 'breakfast': 0, 'base_price': 6000, 'prices': [6000], 'price': 6000, 'old_price': 6000, 'currency': 'RUB', 'payment_amount': 6000, 'extras_variants': [], 'extras': [], 'rate_id': 24566, 'deals': [], 'cancellation_type': 'special', 'credit_card': 1, 'bonus': 300, 'miles': 360, 'min_stay': 1, 'platichastyami': 0, 'mircashback': 600}, {'id': 645879, 'capacity': 2, 'prepayment': 'FULL', 'nonrefundable': 0, 'cancellation_period': 3, 'cancellation_fee': 'FIRST', 'breakfast': 0, 'base_price': 6000, 'prices': [6000], 'price': 6000, 'old_price': 6000, 'currency': 'RUB', 'payment_amount': 6000, 'extras_variants': [], 'extras': [], 'rate_id': 24566, 'deals': [], 'cancellation_type': 'special', 'credit_card': 1, 'bonus': 300, 'miles': 360, 'min_stay': 1, 'platichastyami': 0, 'mircashback': 600}]",6000.0,360,659250_101hotels,2026-08-26
2255282,,Номер Эконом,4,0,1,0,Четырехместный,34,12,[{'2-tier': 1}],[],"[{'id': 645881, 'capacity': 1, 'prepayment': 'FULL', 'nonrefundable': 0, 'cancellation_period': 3, 'cancellation_fee': 'FIRST', 'breakfast': 0, 'base_price': 800, 'prices': [800], 'price': 800, 'old_price': 800, 'currency': 'RUB', 'payment_amount': 800, 'extras_variants': [], 'extras': [], 'rate_id': 24566, 'deals': [], 'cancellation_type': 'special', 'credit_card': 1, 'bonus': 40, 'miles': 48, 'min_stay': 1, 'platichastyami': 0, 'mircashback': 80}]",800.0,48,659250_101hotels,2026-08-26
2255283,,Эконом Плюс,4,0,1,0,Четырехместный,34,20,[{'2-tier': 1}],[],"[{'id': 645882, 'capacity': 1, 'prepayment': 'FULL', 'nonrefundable': 0, 'cancellation_period': 3, 'cancellation_fee': 'FIRST', 'breakfast': 0, 'base_price': 1000, 'prices': [1000], 'price': 1000, 'old_price': 1000, 'currency': 'RUB', 'payment_amount': 1000, 'extras_variants': [], 'extras': [], 'rate_id': 24566, 'deals': [], 'cancellation_type': 'special', 'credit_card': 1, 'bonus': 50, 'miles': 60, 'min_stay': 1, 'platichastyami': 0, 'mircashback': 100}]",1000.0,60,659250_101hotels,2026-08-26
2255284,,Номер Стандарт,2,0,1,0,Двухместный,2,3,[{'single': 1}],[],"[{'id': 645883, 'capacity': 1, 'prepayment': 'FULL', 'nonrefundable': 0, 'cancellation_period': 3, 'cancellation_fee': 'FIRST', 'breakfast': 0, 'base_price': 1200, 'prices': [1200], 'price': 1200, 'old_price': 1200, 'currency': 'RUB', 'payment_amount': 1200, 'extras_variants': [], 'extras': [], 'rate_id': 24566, 'deals': [], 'cancellation_type': 'special', 'credit_card': 1, 'bonus': 60, 'miles': 72, 'min_stay': 1, 'platichastyami': 0, 'mircashback': 120}, {'id': 1107258, 'capacity': 2, 'prepayment': 'FULL', 'nonrefundable': 0, 'cancellation_period': 3, 'cancellation_fee': 'FIRST', 'breakfast': 0, 'base_price': 1200, 'prices': [1200], 'price': 1200, 'old_price': 1200, 'currency': 'RUB', 'payment_amount': 1200, 'extras_variants': [], 'extras': [], 'rate_id': 24566, 'deals': [], 'cancellation_type': 'special', 'credit_card': 1, 'bonus': 60, 'miles': 72, 'min_stay': 1, 'platichastyami': 0, 'mircashback': 120}]",1200.0,72,659250_101hotels,2026-08-26
2306063,,Делюкс,2,0,0,1,Делюкс,29,1,"[{'single': 2}, {'double': 1}]",[],"[{'id': 1088916, 'capacity': 1, 'prepayment': 'FULL', 'nonrefundable': 0, 'cancellation_period': 3, 'cancellation_fee': 'FIRST', 'breakfast': 0, 'base_price': 4500, 'prices': [4500], 'price': 4500, 'old_price': 4500, 'currency': 'RUB', 'payment_amount': 4500, 'extras_variants': [], 'extras': [], 'rate_id': 24566, 'deals': [], 'cancellation_type': 'special', 'credit_card': 1, 'bonus': 225, 'miles': 270, 'min_stay': 1, 'platichastyami': 0, 'mircashback': 450}, {'id': 1088917, 'capacity': 2, 'prepayment': 'FULL', 'nonrefundable': 0, 'cancellation_period': 3, 'cancellation_fee': 'FIRST', 'breakfast': 0, 'base_price': 4500, 'prices': [4500], 'price': 4500, 'old_price': 4500, 'currency': 'RUB', 'payment_amount': 4500, 'extras_variants': [], 'extras': [], 'rate_id': 24566, 'deals': [], 'cancellation_type': 'special', 'credit_card': 1, 'bonus': 225, 'miles': 270, 'min_stay': 1, 'platichastyami': 0, 'mircashback': 450}]",4500.0,270,659250_101hotels,2026-08-26
2309063,,Делюкс +,2,0,0,1,Полулюкс,4,2,"[{'double': 1}, {'single': 2}]",[],"[{'id': 1119036, 'capacity': 1, 'prepayment': 'FULL', 'nonrefundable': 0, 'cancellation_period': 3, 'cancellation_fee': 'FIRST', 'breakfast': 0, 'base_price': 5000, 'prices': [5000], 'price': 5000, 'old_price': 5000, 'currency': 'RUB', 'payment_amount': 5000, 'extras_variants': [], 'extras': [], 'rate_id': 24566, 'deals': [], 'cancellation_type': 'special', 'credit_card': 1, 'bonus': 250, 'miles': 300, 'min_stay': 1, 'platichastyami': 0, 'mircashback': 500}, {'id': 1119037, 'capacity': 2, 'prepayment': 'FULL', 'nonrefundable': 0, 'cancellation_period': 3, 'cancellation_fee': 'FIRST', 'breakfast': 0, 'base_price': 5000, 'prices': [5000], 'price': 5000, 'old_price': 5000, 'currency': 'RUB', 'payment_amount': 5000, 'extras_variants': [], 'extras': [], 'rate_id': 24566, 'deals': [], 'cancellation_type': 'special', 'credit_card': 1, 'bonus': 250, 'miles': 300, 'min_stay': 1, 'platichastyami': 0, 'mircashback': 500}]",5000.0,300,659250_101hotels,2026-08-26
39732,,,2,1,0,1,Полулюкс,4,1,"[{'double': 1, 'sofa': 1}]",[],"[{'id': 693010, 'capacity': 1, 'prepayment': 'NO', 'nonrefundable': 0, 'cancellation_period': 0, 'cancellation_fee': 'NO', 'breakfast': 1, 'base_price': 5500, 'prices': [5500], 'price': 5500, 'old_price': 5500, 'currency': 'RUB', 'payment_amount': 0, 'extras_variants': [], 'extras': [], 'rate_id': 27897, 'deals': [], 'cancellation_type': 'free', 'credit_card': 0, 'bonus': 275, 'miles': 330, 'min_stay': 1, 'platichastyami': 0, 'mircashback': 550}, {'id': 693011, 'capacity': 2, 'prepayment': 'NO', 'nonrefundable': 0, 'cancellation_period': 0, 'cancellation_fee': 'NO', 'breakfast': 1, 'base_price': 6000, 'prices': [6000], 'price': 6000, 'old_price': 6000, 'currency': 'RUB', 'payment_amount': 0, 'extras_variants': [], 'extras': [], 'rate_id': 27897, 'deals': [], 'cancellation_type': 'free', 'credit_card': 0, 'bonus': 300, 'miles': 360, 'min_stay': 1, 'platichastyami': 0, 'mircashback': 600}]",5500.0,330,8209_101hotels,2026-08-26
39733,,,2,1,0,1,Люкс,6,1,[{'double': 1}],[],"[{'id': 693012, 'capacity': 1, 'prepayment': 'NO', 'nonrefundable': 0, 'cancellation_period': 0, 'cancellation_fee': 'NO', 'breakfast': 1, 'base_price': 6000, 'prices': [6000], 'price': 6000, 'old_price': 6000, 'currency': 'RUB', 'payment_amount': 0, 'extras_variants': [], 'extras': [], 'rate_id': 27897, 'deals': [], 'cancellation_type': 'free', 'credit_card': 0, 'bonus': 300, 'miles': 360, 'min_stay': 1, 'platichastyami': 0, 'mircashback': 600}, {'id': 693013, 'capacity': 2, 'prepayment': 'NO', 'nonrefundable': 0, 'cancellation_period': 0, 'cancellation_fee': 'NO', 'breakfast': 1, 'base_price': 6500, 'prices': [6500], 'price': 6500, 'old_price': 6500, 'currency': 'RUB', 'payment_amount': 0, 'extras_variants': [], 'extras': [], 'rate_id': 27897, 'deals': [], 'cancellation_type': 'free', 'credit_card': 0, 'bonus': 325, 'miles': 390, 'min_stay': 1, 'platichastyami': 0, 'mircashback': 650}]",6000.0,360,8209_101hotels,2026-08-26
1572225,,"Стандарт, Twin",2,0,0,1,Двухместный,2,4,[{'single': 2}],[],"[{'id': 693819, 'capacity': 1, 'prepayment': 'NO', 'nonrefundable': 0, 'cancellation_period': 0, 'cancellation_fee': 'NO', 'breakfast': 1, 'base_price': 3800, 'prices': [3800], 'price': 3800, 'old_price': 3800, 'currency': 'RUB', 'payment_amount': 0, 'extras_variants': [], 'extras': [], 'rate_id': 27897, 'deals': [], 'cancellation_type': 'free', 'credit_card': 0, 'bonus': 190, 'miles': 228, 'min_stay': 1, 'platichastyami': 0, 'mircashback': 380}, {'id': 693820, 'capacity': 2, 'prepayment': 'NO', 'nonrefundable': 0, 'cancellation_period': 0, 'cancellation_fee': 'NO', 'breakfast': 1, 'base_price': 4500, 'prices': [4500], 'price': 4500, 'old_price': 4500, 'currency': 'RUB', 'payment_amount': 0, 'extras_variants': [], 'extras': [], 'rate_id': 27897, 'deals': [], 'cancellation_type': 'free', 'credit_card': 0, 'bonus': 225, 'miles': 270, 'min_stay': 1, 'platichastyami': 0, 'mircashback': 450}]",3800.0,228,8209_101hotels,2026-08-26
1572261,,"Делюкс, С 1 кроватью",2,0,0,1,Двухместный,2,10,[{'double': 1}],[],"[{'id': 693006, 'capacity': 1, 'prepayment': 'NO', 'nonrefundable': 0, 'cancellation_period': 0, 'cancellation_fee': 'NO', 'breakfast': 1, 'base_price': 4500, 'prices': [4500], 'price': 4500, 'old_price': 4500, 'currency': 'RUB', 'payment_amount': 0, 'extras_variants': [], 'extras': [], 'rate_id': 27897, 'deals': [], 'cancellation_type': 'free', 'credit_card': 0, 'bonus': 225, 'miles': 270, 'min_stay': 1, 'platichastyami': 0, 'mircashback': 450}, {'id': 693007, 'capacity': 2, 'prepayment': 'NO', 'nonrefundable': 0, 'cancellation_period': 0, 'cancellation_fee': 'NO', 'breakfast': 1, 'base_price': 5200, 'prices': [5200], 'price': 5200, 'old_price': 5200, 'currency': 'RUB', 'payment_amount': 0, 'extras_variants': [], 'extras': [], 'rate_id': 27897, 'deals': [], 'cancellation_type': 'free', 'credit_card': 0, 'bonus': 260, 'miles': 312, 'min_stay': 1, 'platichastyami': 0, 'mircashback': 520}]",4500.0,270,8209_101hotels,2026-08-26
1572262,,Семейный,4,0,0,1,Четырехместный,34,2,"[{'single': 2, 'double': 1}]",[],"[{'id': 693016, 'capacity': 1, 'prepayment': 'NO', 'nonrefundable': 0, 'cancellation_period': 0, 'cancellation_fee': 'NO', 'breakfast': 1, 'base_price': 6000, 'prices': [6000], 'price': 6000, 'old_price': 6000, 'currency': 'RUB', 'payment_amount': 0, 'extras_variants': [], 'extras': [], 'rate_id': 27897, 'deals': [], 'cancellation_type': 'free', 'credit_card': 0, 'bonus': 300, 'miles': 360, 'min_stay': 1, 'platichastyami': 0, 'mircashback': 600}, {'id': 693017, 'capacity': 2, 'prepayment': 'NO', 'nonrefundable': 0, 'cancellation_period': 0, 'cancellation_fee': 'NO', 'breakfast': 1, 'base_price': 6500, 'prices': [6500], 'price': 6500, 'old_price': 6500, 'currency': 'RUB', 'payment_amount': 0, 'extras_variants': [], 'extras': [], 'rate_id': 27897, 'deals': [], 'cancellation_type': 'free', 'credit_card': 0, 'bonus': 325, 'miles': 390, 'min_stay': 1, 'platichastyami': 0, 'mircashback': 650}, {'id': 693018, 'capacity': 3, 'prepayment': 'NO', 'nonrefundable': 0, 'cancellation_period': 0, 'cancellation_fee': 'NO', 'breakfast': 1, 'base_price': 7000, 'prices': [7000], 'price': 7000, 'old_price': 7000, 'currency': 'RUB', 'payment_amount': 0, 'extras_variants': [], 'extras': [], 'rate_id': 27897, 'deals': [], 'cancellation_type': 'free', 'credit_card': 0, 'bonus': 350, 'miles': 420, 'min_stay': 1, 'platichastyami': 0, 'mircashback': 700}, {'id': 693019, 'capacity': 4, 'prepayment': 'NO', 'nonrefundable': 0, 'cancellation_period': 0, 'cancellation_fee': 'NO', 'breakfast': 1, 'base_price': 8000, 'prices': [8000], 'price': 8000, 'old_price': 8000, 'currency': 'RUB', 'payment_amount': 0, 'extras_variants': [], 'extras': [], 'rate_id': 27897, 'deals': [], 'cancellation_type': 'free', 'credit_card': 0, 'bonus': 400, 'miles': 480, 'min_stay': 1, 'platichastyami': 0, 'mircashback': 800}]",6000.0,360,8209_101hotels,2026-08-26
1579299,,С 1 спальней,2,0,0,1,Люкс,6,1,[{'double': 1}],[],"[{'id': 693014, 'capacity': 1, 'prepayment': 'NO', 'nonrefundable': 0, 'cancellation_period': 0, 'cancellation_fee': 'NO', 'breakfast': 1, 'base_price': 7000, 'prices': [7000], 'price': 7000, 'old_price': 7000, 'currency': 'RUB', 'payment_amount': 0, 'extras_variants': [], 'extras': [], 'rate_id': 27897, 'deals': [], 'cancellation_type': 'free', 'credit_card': 0, 'bonus': 350, 'miles': 420, 'min_stay': 1, 'platichastyami': 0, 'mircashback': 700}, {'id': 693015, 'capacity': 2, 'prepayment': 'NO', 'nonrefundable': 0, 'cancellation_period': 0, 'cancellation_fee': 'NO', 'breakfast': 1, 'base_price': 7000, 'prices': [7000], 'price': 7000, 'old_price': 7000, 'currency': 'RUB', 'payment_amount': 0, 'extras_variants': [], 'extras': [], 'rate_id': 27897, 'deals': [], 'cancellation_type': 'free', 'credit_card': 0, 'bonus': 350, 'miles': 420, 'min_stay': 1, 'platichastyami': 0, 'mircashback': 700}]",7000.0,420,8209_101hotels,2026-08-26
2293675,,Стандарт А,2,0,0,1,Двухместный,2,2,"[{'double': 1, 'sofa': 1}]",[],"[{'id': 987485, 'capacity': 1, 'prepayment': 'FIRST', 'nonrefundable': 0, 'cancellation_period': 2, 'cancellation_fee': 'FIRST', 'breakfast': 1, 'base_price': 5200, 'prices': [5200], 'price': 5200, 'old_price': 5200, 'currency': 'RUB', 'payment_amount': 5200, 'extras_variants': [], 'extras': [], 'rate_id': 46908, 'deals': [], 'cancellation_type': 'special', 'credit_card': 1, 'bonus': 260, 'miles': 312, 'min_stay': 1, 'platichastyami': 0, 'mircashback': 520}, {'id': 1079309, 'capacity': 2, 'prepayment': 'FIRST', 'nonrefundable': 0, 'cancellation_period': 2, 'cancellation_fee': 'FIRST', 'breakfast': 1, 'base_price': 6700, 'prices': [6700], 'price': 6700, 'old_price': 6700, 'currency': 'RUB', 'payment_amount': 6700, 'extras_variants': [], 'extras': [], 'rate_id': 46908, 'deals': [], 'cancellation_type': 'special', 'credit_card': 1, 'bonus': 335, 'miles': 402, 'min_stay': 1, 'platichastyami': 0, 'mircashback': 670}]",5200.0,312,2136_101hotels,2026-08-26
2293677,,Стандарт В,1,0,0,1,Одноместный,1,1,[{'single': 1}],[],"[{'id': 987486, 'capacity': 1, 'prepayment': 'FIRST', 'nonrefundable': 0, 'cancellation_period': 2, 'cancellation_fee': 'FIRST', 'breakfast': 1, 'base_price': 4500, 'prices': [4500], 'price': 4500, 'old_price': 4500, 'currency': 'RUB', 'payment_amount': 4500, 'extras_variants': [], 'extras': [], 'rate_id': 46908, 'deals': [], 'cancellation_type': 'special', 'credit_card': 1, 'bonus': 225, 'miles': 270, 'min_stay': 1, 'platichastyami': 0, 'mircashback': 450}]",4500.0,270,2136_101hotels,2026-08-26
2293678,,Джуниор Сьюит С,2,0,0,1,Полулюкс,4,2,[{'double': 1}],[],"[{'id': 987487, 'capacity': 1, 'prepayment': 'FIRST', 'nonrefundable': 0, 'cancellation_period': 2, 'cancellation_fee': 'FIRST', 'breakfast': 1, 'base_price': 5200, 'prices': [5200], 'price': 5200, 'old_price': 5200, 'currency': 'RUB', 'payment_amount': 5200, 'extras_variants': [], 'extras': [], 'rate_id': 46908, 'deals': [], 'cancellation_type': 'special', 'credit_card': 1, 'bonus': 260, 'miles': 312, 'min_stay': 1, 'platichastyami': 0, 'mircashback': 520}, {'id': 1047837, 'capacity': 2, 'prepayment': 'FIRST', 'nonrefundable': 0, 'cancellation_period': 2, 'cancellation_fee': 'FIRST', 'breakfast': 1, 'base_price': 6700, 'prices': [6700], 'price': 6700, 'old_price': 6700, 'currency': 'RUB', 'payment_amount': 6700, 'extras_variants': [], 'extras': [], 'rate_id': 46908, 'deals': [], 'cancellation_type': 'special', 'credit_card': 1, 'bonus': 335, 'miles': 402, 'min_stay': 1, 'platichastyami': 0, 'mircashback': 670}]",5200.0,312,2136_101hotels,2026-08-26
2293680,,Джуниор Сьюит В,2,0,0,1,Полулюкс,4,2,"[{'double': 1, 'single': 1}]",[],"[{'id': 987488, 'capacity': 1, 'prepayment': 'FIRST', 'nonrefundable': 0, 'cancellation_period': 2, 'cancellation_fee': 'FIRST', 'breakfast': 1, 'base_price': 5900, 'prices': [5900], 'price': 5900, 'old_price': 5900, 'currency': 'RUB', 'payment_amount': 5900, 'extras_variants': [], 'extras': [], 'rate_id': 46908, 'deals': [], 'cancellation_type': 'special', 'credit_card': 1, 'bonus': 295, 'miles': 354, 'min_stay': 1, 'platichastyami': 0, 'mircashback': 590}, {'id': 1047838, 'capacity': 2, 'prepayment': 'FIRST', 'nonrefundable': 0, 'cancellation_period': 2, 'cancellation_fee': 'FIRST', 'breakfast': 1, 'base_price': 7400, 'prices': [7400], 'price': 7400, 'old_price': 7400, 'currency': 'RUB', 'payment_amount': 7400, 'extras_variants': [], 'extras': [], 'rate_id': 46908, 'deals': [], 'cancellation_type': 'special', 'credit_card': 1, 'bonus': 370, 'miles': 444, 'min_stay': 1, 'platichastyami': 0, 'mircashback': 740}]",5900.0,354,2136_101hotels,2026-08-26
2293681,,Джуниор Сьюит А,2,0,0,1,Люкс,6,1,[{'double': 1}],[],"[{'id': 987489, 'capacity': 1, 'prepayment': 'FIRST', 'nonrefundable': 0, 'cancellation_period': 2, 'cancellation_fee': 'FIRST', 'breakfast': 1, 'base_price': 6600, 'prices': [6600], 'price': 6600, 'old_price': 6600, 'currency': 'RUB', 'payment_amount': 6600, 'extras_variants': [], 'extras': [], 'rate_id': 46908, 'deals': [], 'cancellation_type': 'special', 'credit_card': 1, 'bonus': 330, 'miles': 396, 'min_stay': 1, 'platichastyami': 0, 'mircashback': 660}, {'id': 1047839, 'capacity': 2, 'prepayment': 'FIRST', 'nonrefundable': 0, 'cancellation_period': 2, 'cancellation_fee': 'FIRST', 'breakfast': 1, 'base_price': 8100, 'prices': [8100], 'price': 8100, 'old_price': 8100, 'currency': 'RUB', 'payment_amount': 8100, 'extras_variants': [], 'extras': [], 'rate_id': 46908, 'deals': [], 'cancellation_type': 'special', 'credit_card': 1, 'bonus': 405, 'miles': 486, 'min_stay': 1, 'platichastyami': 0, 'mircashback': 810}]",6600.0,396,2136_101hotels,2026-08-26
61023,,С 1 кроватью или 2 отдельными кроватями,2,0,0,1,Двухместный,2,9,"[{'single': 2}, {'double': 1}]",[],"[{'id': 402732, 'capacity': 1, 'prepayment': 'FIRST', 'nonrefundable': 0, 'cancellation_period': 30, 'cancellation_fee': 'FIRST', 'breakfast': 0, 'base_price': 6500, 'prices': [6500], 'price': 6500, 'old_price': 6500, 'currency': 'RUB', 'payment_amount': 6500, 'extras_variants': [], 'extras': [], 'rate_id': 7662, 'deals': [], 'cancellation_type': 'special', 'credit_card': 1, 'bonus': 325, 'miles': 390, 'min_stay': 1, 'platichastyami': 0, 'mircashback': 650}, {'id': 402733, 'capacity': 2, 'prepayment': 'FIRST', 'nonrefundable': 0, 'cancellation_period': 30, 'cancellation_fee': 'FIRST', 'breakfast': 0, 'base_price': 6500, 'prices': [6500], 'price': 6500, 'old_price': 6500, 'currency': 'RUB', 'payment_amount': 6500, 'extras_variants': [], 'extras': [], 'rate_id': 7662, 'deals': [], 'cancellation_type': 'special', 'credit_card': 1, 'bonus': 325, 'miles': 390, 'min_stay': 1, 'platichastyami': 0, 'mircashback': 650}]",6500.0,390,10553_101hotels,2026-08-26
2218439,,С одной большой кроватью,2,1,0,1,Двухместный,2,3,[{'double': 1}],[],"[{'id': 1115728, 'capacity': 1, 'prepayment': 'FIRST', 'nonrefundable': 0, 'cancellation_period': 2, 'cancellation_fee': 'FIRST', 'breakfast': 0, 'base_price': 3500, 'prices': [3500], 'price': 3500, 'old_price': 3500, 'currency': 'RUB', 'payment_amount': 3500, 'extras_variants': [], 'extras': [], 'rate_id': 55736, 'deals': [], 'cancellation_type': 'special', 'credit_card': 1, 'bonus': 175, 'miles': 210, 'min_stay': 1, 'platichastyami': 0, 'mircashback': 350}, {'id': 1115729, 'capacity': 2, 'prepayment': 'FIRST', 'nonrefundable': 0, 'cancellation_period': 2, 'cancellation_fee': 'FIRST', 'breakfast': 0, 'base_price': 3500, 'prices': [3500], 'price': 3500, 'old_price': 3500, 'currency': 'RUB', 'payment_amount': 3500, 'extras_variants': [], 'extras': [], 'rate_id': 55736, 'deals': [], 'cancellation_type': 'special', 'credit_card': 1, 'bonus': 175, 'miles': 210, 'min_stay': 1, 'platichastyami': 0, 'mircashback': 350}]",3500.0,210,650200_101hotels,2026-08-26
2218440,,Номер с раздельными кроватями,2,1,0,1,Двухместный,2,3,[{'single': 2}],[],"[{'id': 1115730, 'capacity': 1, 'prepayment': 'FIRST', 'nonrefundable': 0, 'cancellation_period': 2, 'cancellation_fee': 'FIRST', 'breakfast': 0, 'base_price': 3500, 'prices': [3500], 'price': 3500, 'old_price': 3500, 'currency': 'RUB', 'payment_amount': 3500, 'extras_variants': [], 'extras': [], 'rate_id': 55736, 'deals': [], 'cancellation_type': 'special', 'credit_card': 1, 'bonus': 175, 'miles': 210, 'min_stay': 1, 'platichastyami': 0, 'mircashback': 350}, {'id': 1115731, 'capacity': 2, 'prepayment': 'FIRST', 'nonrefundable': 0, 'cancellation_period': 2, 'cancellation_fee': 'FIRST', 'breakfast': 0, 'base_price': 3500, 'prices': [3500], 'price': 3500, 'old_price': 3500, 'currency': 'RUB', 'payment_amount': 3500, 'extras_variants': [], 'extras': [], 'rate_id': 55736, 'deals': [], 'cancellation_type': 'special', 'credit_card': 1, 'bonus': 175, 'miles': 210, 'min_stay': 1, 'platichastyami': 0, 'mircashback': 350}]",3500.0,210,650200_101hotels,2026-08-26
2218444,,,3,1,0,1,Трехместный,37,4,[{'single': 3}],[],"[{'id': 1115738, 'capacity': 1, 'prepayment': 'FIRST', 'nonrefundable': 0, 'cancellation_period': 2, 'cancellation_fee': 'FIRST', 'breakfast': 0, 'base_price': 3800, 'prices': [3800], 'price': 3800, 'old_price': 3800, 'currency': 'RUB', 'payment_amount': 3800, 'extras_variants': [], 'extras': [], 'rate_id': 55736, 'deals': [], 'cancellation_type': 'special', 'credit_card': 1, 'bonus': 190, 'miles': 228, 'min_stay': 1, 'platichastyami': 0, 'mircashback': 380}, {'id': 1115739, 'capacity': 2, 'prepayment': 'FIRST', 'nonrefundable': 0, 'cancellation_period': 2, 'cancellation_fee': 'FIRST', 'breakfast': 0, 'base_price': 3800, 'prices': [3800], 'price': 3800, 'old_price': 3800, 'currency': 'RUB', 'payment_amount': 3800, 'extras_variants': [], 'extras': [], 'rate_id': 55736, 'deals': [], 'cancellation_type': 'special', 'credit_card': 1, 'bonus': 190, 'miles': 228, 'min_stay': 1, 'platichastyami': 0, 'mircashback': 380}, {'id': 1115740, 'capacity': 3, 'prepayment': 'FIRST', 'nonrefundable': 0, 'cancellation_period': 2, 'cancellation_fee': 'FIRST', 'breakfast': 0, 'base_price': 3800, 'prices': [3800], 'price': 3800, 'old_price': 3800, 'currency': 'RUB', 'payment_amount': 3800, 'extras_variants': [], 'extras': [], 'rate_id': 55736, 'deals': [], 'cancellation_type': 'special', 'credit_card': 1, 'bonus': 190, 'miles': 228, 'min_stay': 1, 'platichastyami': 0, 'mircashback': 380}]",3800.0,228,650200_101hotels,2026-08-26
2218445,,,3,1,0,1,Семейный,44,2,[{'single': 3}],[],"[{'id': 1115741, 'capacity': 1, 'prepayment': 'FIRST', 'nonrefundable': 0, 'cancellation_period': 2, 'cancellation_fee': 'FIRST', 'breakfast': 0, 'base_price': 3800, 'prices': [3800], 'price': 3800, 'old_price': 3800, 'currency': 'RUB', 'payment_amount': 3800, 'extras_variants': [], 'extras': [], 'rate_id': 55736, 'deals': [], 'cancellation_type': 'special', 'credit_card': 1, 'bonus': 190, 'miles': 228, 'min_stay': 1, 'platichastyami': 0, 'mircashback': 380}, {'id': 1115742, 'capacity': 2, 'prepayment': 'FIRST', 'nonrefundable': 0, 'cancellation_period': 2, 'cancellation_fee': 'FIRST', 'breakfast': 0, 'base_price': 3800, 'prices': [3800], 'price': 3800, 'old_price': 3800, 'currency': 'RUB', 'payment_amount': 3800, 'extras_variants': [], 'extras': [], 'rate_id': 55736, 'deals': [], 'cancellation_type': 'special', 'credit_card': 1, 'bonus': 190, 'miles': 228, 'min_stay': 1, 'platichastyami': 0, 'mircashback': 380}, {'id': 1115743, 'capacity': 3, 'prepayment': 'FIRST', 'nonrefundable': 0, 'cancellation_period': 2, 'cancellation_fee': 'FIRST', 'breakfast': 0, 'base_price': 3800, 'prices': [3800], 'price': 3800, 'old_price': 3800, 'currency': 'RUB', 'payment_amount': 3800, 'extras_variants': [], 'extras': [], 'rate_id': 55736, 'deals': [], 'cancellation_type': 'special', 'credit_card': 1, 'bonus': 190, 'miles': 228, 'min_stay': 1, 'platichastyami': 0, 'mircashback': 380}]",3800.0,228,650200_101hotels,2026-08-26
2218448,,,4,1,0,1,Четырехместный,34,3,[{'single': 4}],[],"[{'id': 1115734, 'capacity': 1, 'prepayment': 'FIRST', 'nonrefundable': 0, 'cancellation_period': 2, 'cancellation_fee': 'FIRST', 'breakfast': 0, 'base_price': 4500, 'prices': [4500], 'price': 4500, 'old_price': 4500, 'currency': 'RUB', 'payment_amount': 4500, 'extras_variants': [], 'extras': [], 'rate_id': 55736, 'deals': [], 'cancellation_type': 'special', 'credit_card': 1, 'bonus': 225, 'miles': 270, 'min_stay': 1, 'platichastyami': 0, 'mircashback': 450}, {'id': 1115735, 'capacity': 2, 'prepayment': 'FIRST', 'nonrefundable': 0, 'cancellation_period': 2, 'cancellation_fee': 'FIRST', 'breakfast': 0, 'base_price': 4500, 'prices': [4500], 'price': 4500, 'old_price': 4500, 'currency': 'RUB', 'payment_amount': 4500, 'extras_variants': [], 'extras': [], 'rate_id': 55736, 'deals': [], 'cancellation_type': 'special', 'credit_card': 1, 'bonus': 225, 'miles': 270, 'min_stay': 1, 'platichastyami': 0, 'mircashback': 450}, {'id': 1115736, 'capacity': 3, 'prepayment': 'FIRST', 'nonrefundable': 0, 'cancellation_period': 2, 'cancellation_fee': 'FIRST', 'breakfast': 0, 'base_price': 4500, 'prices': [4500], 'price': 4500, 'old_price': 4500, 'currency': 'RUB', 'payment_amount': 4500, 'extras_variants': [], 'extras': [], 'rate_id': 55736, 'deals': [], 'cancellation_type': 'special', 'credit_card': 1, 'bonus': 225, 'miles': 270, 'min_stay': 1, 'platichastyami': 0, 'mircashback': 450}, {'id': 1115737, 'capacity': 4, 'prepayment': 'FIRST', 'nonrefundable': 0, 'cancellation_period': 2, 'cancellation_fee': 'FIRST', 'breakfast': 0, 'base_price': 4500, 'prices': [4500], 'price': 4500, 'old_price': 4500, 'currency': 'RUB', 'payment_amount': 4500, 'extras_variants': [], 'extras': [], 'rate_id': 55736, 'deals': [], 'cancellation_type': 'special', 'credit_card': 1, 'bonus': 225, 'miles': 270, 'min_stay': 1, 'platichastyami': 0, 'mircashback': 450}]",4500.0,270,650200_101hotels,2026-08-26
2299791,,С видом на Байкал,2,0,0,1,Двухместный,2,2,[{'single': 2}],[],"[{'id': 1078417, 'capacity': 1, 'prepayment': 'FULL', 'nonrefundable': 0, 'cancellation_period': 3, 'cancellation_fee': 'FIRST', 'breakfast': 1, 'base_price': 6000, 'prices': [6000], 'price': 6000, 'old_price': 6000, 'currency': 'RUB', 'payment_amount': 6000, 'extras_variants': [], 'extras': [], 'rate_id': 53187, 'deals': [], 'cancellation_type': 'special', 'credit_card': 1, 'bonus': 300, 'miles': 360, 'min_stay': 1, 'platichastyami': 0, 'mircashback': 600}, {'id': 1078418, 'capacity': 2, 'prepayment': 'FULL', 'nonrefundable': 0, 'cancellation_period': 3, 'cancellation_fee': 'FIRST', 'breakfast': 1, 'base_price': 6000, 'prices': [6000], 'price': 6000, 'old_price': 6000, 'currency': 'RUB', 'payment_amount': 6000, 'extras_variants': [], 'extras': [], 'rate_id': 53187, 'deals': [], 'cancellation_type': 'special', 'credit_card': 1, 'bonus': 300, 'miles': 360, 'min_stay': 1, 'platichastyami': 0, 'mircashback': 600}]",6000.0,360,514670_101hotels,2026-08-26
2299882,,Двухместный улучшенный,2,0,0,1,Люкс,6,2,[{'double': 1}],[],"[{'id': 1078428, 'capacity': 1, 'prepayment': 'FULL', 'nonrefundable': 0, 'cancellation_period': 3, 'cancellation_fee': 'FIRST', 'breakfast': 1, 'base_price': 6800, 'prices': [6800], 'price': 6800, 'old_price': 6800, 'currency': 'RUB', 'payment_amount': 6800, 'extras_variants': [], 'extras': [], 'rate_id': 53188, 'deals': [], 'cancellation_type': 'special', 'credit_card': 1, 'bonus': 340, 'miles': 408, 'min_stay': 1, 'platichastyami': 0, 'mircashback': 680}, {'id': 1078429, 'capacity': 2, 'prepayment': 'FULL', 'nonrefundable': 0, 'cancellation_period': 3, 'cancellation_fee': 'FIRST', 'breakfast': 1, 'base_price': 6800, 'prices': [6800], 'price': 6800, 'old_price': 6800, 'currency': 'RUB', 'payment_amount': 6800, 'extras_variants': [], 'extras': [], 'rate_id': 53188, 'deals': [], 'cancellation_type': 'special', 'credit_card': 1, 'bonus': 340, 'miles': 408, 'min_stay': 1, 'platichastyami': 0, 'mircashback': 680}]",6800.0,408,514670_101hotels,2026-08-26
2250733,,"Четырёхместный номер ""Эконом""",4,0,0,0,Четырехместный,34,1,[{'single': 4}],[],"[{'id': 592623, 'capacity': 1, 'prepayment': 'FULL', 'nonrefundable': 1, 'cancellation_period': 0, 'cancellation_fee': 'FIRST', 'breakfast': 0, 'base_price': 6000, 'prices': [6000], 'price': 6000, 'old_price': 6000, 'currency': 'RUB', 'payment_amount': 6000, 'extras_variants': [], 'extras': [], 'rate_id': 20613, 'deals': [], 'cancellation_type': 'nonrefundable', 'credit_card': 1, 'bonus': 300, 'miles': 360, 'min_stay': 1, 'platichastyami': 0, 'mircashback': 600}, {'id': 592624, 'capacity': 2, 'prepayment': 'FULL', 'nonrefundable': 1, 'cancellation_period': 0, 'cancellation_fee': 'FIRST', 'breakfast': 0, 'base_price': 6000, 'prices': [6000], 'price': 6000, 'old_price': 6000, 'currency': 'RUB', 'payment_amount': 6000, 'extras_variants': [], 'extras': [], 'rate_id': 20613, 'deals': [], 'cancellation_type': 'nonrefundable', 'credit_card': 1, 'bonus': 300, 'miles': 360, 'min_stay': 1, 'platichastyami': 0, 'mircashback': 600}, {'id': 592625, 'capacity': 3, 'prepayment': 'FULL', 'nonrefundable': 1, 'cancellation_period': 0, 'cancellation_fee': 'FIRST', 'breakfast': 0, 'base_price': 6000, 'prices': [6000], 'price': 6000, 'old_price': 6000, 'currency': 'RUB', 'payment_amount': 6000, 'extras_variants': [], 'extras': [], 'rate_id': 20613, 'deals': [], 'cancellation_type': 'nonrefundable', 'credit_card': 1, 'bonus': 300, 'miles': 360, 'min_stay': 1, 'platichastyami': 0, 'mircashback': 600}, {'id': 592626, 'capacity': 4, 'prepayment': 'FULL', 'nonrefundable': 1, 'cancellation_period': 0, 'cancellation_fee': 'FIRST', 'breakfast': 0, 'base_price': 6000, 'prices': [6000], 'price': 6000, 'old_price': 6000, 'currency': 'RUB', 'payment_amount': 6000, 'extras_variants': [], 'extras': [], 'rate_id': 20613, 'deals': [], 'cancellation_type': 'nonrefundable', 'credit_card': 1, 'bonus': 300, 'miles': 360, 'min_stay': 1, 'platichastyami': 0, 'mircashback': 600}]",6000.0,360,658131_101hotels,2026-08-26
2250734,,Семейный,4,0,0,1,Четырехместный,34,1,"[{'double': 1, 'sofa': 1}]",[],"[{'id': 592627, 'capacity': 1, 'prepayment': 'FULL', 'nonrefundable': 1, 'cancellation_period': 0, 'cancellation_fee': 'FIRST', 'breakfast': 0, 'base_price': 10000, 'prices': [10000], 'price': 10000, 'old_price': 10000, 'currency': 'RUB', 'payment_amount': 10000, 'extras_variants': [], 'extras': [], 'rate_id': 20613, 'deals': [], 'cancellation_type': 'nonrefundable', 'credit_card': 1, 'bonus': 500, 'miles': 600, 'min_stay': 1, 'platichastyami': 0, 'mircashback': 1000}, {'id': 592628, 'capacity': 2, 'prepayment': 'FULL', 'nonrefundable': 1, 'cancellation_period': 0, 'cancellation_fee': 'FIRST', 'breakfast': 0, 'base_price': 10000, 'prices': [10000], 'price': 10000, 'old_price': 10000, 'currency': 'RUB', 'payment_amount': 10000, 'extras_variants': [], 'extras': [], 'rate_id': 20613, 'deals': [], 'cancellation_type': 'nonrefundable', 'credit_card': 1, 'bonus': 500, 'miles': 600, 'min_stay': 1, 'platichastyami': 0, 'mircashback': 1000}, {'id': 592629, 'capacity': 3, 'prepayment': 'FULL', 'nonrefundable': 1, 'cancellation_period': 0, 'cancellation_fee': 'FIRST', 'breakfast': 0, 'base_price': 10000, 'prices': [10000], 'price': 10000, 'old_price': 10000, 'currency': 'RUB', 'payment_amount': 10000, 'extras_variants': [], 'extras': [], 'rate_id': 20613, 'deals': [], 'cancellation_type': 'nonrefundable', 'credit_card': 1, 'bonus': 500, 'miles': 600, 'min_stay': 1, 'platichastyami': 0, 'mircashback': 1000}, {'id': 592630, 'capacity': 4, 'prepayment': 'FULL', 'nonrefundable': 1, 'cancellation_period': 0, 'cancellation_fee': 'FIRST', 'breakfast': 0, 'base_price': 10000, 'prices': [10000], 'price': 10000, 'old_price': 10000, 'currency': 'RUB', 'payment_amount': 10000, 'extras_variants': [], 'extras': [], 'rate_id': 20613, 'deals': [], 'cancellation_type': 'nonrefundable', 'credit_card': 1, 'bonus': 500, 'miles': 600, 'min_stay': 1, 'platichastyami': 0, 'mircashback': 1000}]",10000.0,600,658131_101hotels,2026-08-26
2279190,,King Baikal view,2,0,0,1,Делюкс,29,6,[{'double': 1}],[],"[{'id': 868629, 'capacity': 1, 'prepayment': 'FIRST', 'nonrefundable': 0, 'cancellation_period': 1, 'cancellation_fee': 'FIRST', 'breakfast': 1, 'base_price': 11500, 'prices': [11500], 'price': 11500, 'old_price': 11500, 'currency': 'RUB', 'payment_amount': 11500, 'extras_variants': [], 'extras': [], 'rate_id': 39566, 'deals': [], 'cancellation_type': 'special', 'credit_card': 1, 'bonus': 575, 'miles': 690, 'min_stay': 1, 'platichastyami': 0, 'mircashback': 1150}, {'id': 868630, 'capacity': 2, 'prepayment': 'FIRST', 'nonrefundable': 0, 'cancellation_period': 1, 'cancellation_fee': 'FIRST', 'breakfast': 1, 'base_price': 13500, 'prices': [13500], 'price': 13500, 'old_price': 13500, 'currency': 'RUB', 'payment_amount': 13500, 'extras_variants': [], 'extras': [], 'rate_id': 39566, 'deals': [], 'cancellation_type': 'special', 'credit_card': 1, 'bonus': 675, 'miles': 810, 'min_stay': 1, 'platichastyami': 0, 'mircashback': 1350}]",11500.0,690,667475_101hotels,2026-08-26
2279191,,Twin Baikal view,2,0,0,1,Делюкс,29,10,[{'single': 2}],[],"[{'id': 868631, 'capacity': 1, 'prepayment': 'FIRST', 'nonrefundable': 0, 'cancellation_period': 1, 'cancellation_fee': 'FIRST', 'breakfast': 1, 'base_price': 11500, 'prices': [11500], 'price': 11500, 'old_price': 11500, 'currency': 'RUB', 'payment_amount': 11500, 'extras_variants': [], 'extras': [], 'rate_id': 39566, 'deals': [], 'cancellation_type': 'special', 'credit_card': 1, 'bonus': 575, 'miles': 690, 'min_stay': 1, 'platichastyami': 0, 'mircashback': 1150}, {'id': 868632, 'capacity': 2, 'prepayment': 'FIRST', 'nonrefundable': 0, 'cancellation_period': 1, 'cancellation_fee': 'FIRST', 'breakfast': 1, 'base_price': 13500, 'prices': [13500], 'price': 13500, 'old_price': 13500, 'currency': 'RUB', 'payment_amount': 13500, 'extras_variants': [], 'extras': [], 'rate_id': 39566, 'deals': [], 'cancellation_type': 'special', 'credit_card': 1, 'bonus': 675, 'miles': 810, 'min_stay': 1, 'platichastyami': 0, 'mircashback': 1350}]",11500.0,690,667475_101hotels,2026-08-26
2279193,,Suite,2,1,0,1,Сюит,27,1,"[{'double': 1}, {'double': 1, 's-sofa': 1}]",[],"[{'id': 868646, 'capacity': 1, 'prepayment': 'FIRST', 'nonrefundable': 0, 'cancellation_period': 1, 'cancellation_fee': 'FIRST', 'breakfast': 1, 'base_price': 26000, 'prices': [26000], 'price': 26000, 'old_price': 26000, 'currency': 'RUB', 'payment_amount': 26000, 'extras_variants': [], 'extras': [], 'rate_id': 39569, 'deals': [], 'cancellation_type': 'special', 'credit_card': 1, 'bonus': 1300, 'miles': 1560, 'min_stay': 1, 'platichastyami': 0, 'mircashback': 2600}, {'id': 868647, 'capacity': 2, 'prepayment': 'FIRST', 'nonrefundable': 0, 'cancellation_period': 1, 'cancellation_fee': 'FIRST', 'breakfast': 1, 'base_price': 28000, 'prices': [28000], 'price': 28000, 'old_price': 28000, 'currency': 'RUB', 'payment_amount': 28000, 'extras_variants': [], 'extras': [], 'rate_id': 39569, 'deals': [], 'cancellation_type': 'special', 'credit_card': 1, 'bonus': 1400, 'miles': 1680, 'min_stay': 1, 'platichastyami': 0, 'mircashback': 2800}]",26000.0,1560,667475_101hotels,2026-08-26
2279195,,King,2,0,0,1,Делюкс,29,5,[{'double': 1}],[],"[{'id': 868633, 'capacity': 1, 'prepayment': 'FIRST', 'nonrefundable': 0, 'cancellation_period': 1, 'cancellation_fee': 'FIRST', 'breakfast': 1, 'base_price': 9500, 'prices': [9500], 'price': 9500, 'old_price': 9500, 'currency': 'RUB', 'payment_amount': 9500, 'extras_variants': [], 'extras': [], 'rate_id': 39566, 'deals': [], 'cancellation_type': 'special', 'credit_card': 1, 'bonus': 475, 'miles': 570, 'min_stay': 1, 'platichastyami': 0, 'mircashback': 950}, {'id': 868634, 'capacity': 2, 'prepayment': 'FIRST', 'nonrefundable': 0, 'cancellation_period': 1, 'cancellation_fee': 'FIRST', 'breakfast': 1, 'base_price': 11500, 'prices': [11500], 'price': 11500, 'old_price': 11500, 'currency': 'RUB', 'payment_amount': 11500, 'extras_variants': [], 'extras': [], 'rate_id': 39566, 'deals': [], 'cancellation_type': 'special', 'credit_card': 1, 'bonus': 575, 'miles': 690, 'min_stay': 1, 'platichastyami': 0, 'mircashback': 1150}]",9500.0,570,667475_101hotels,2026-08-26
2300904,,Double,2,0,0,1,Двухместный,2,1,[{'double': 1}],"[{'id': '33039', 'number': '1', 'min_age': '0', 'max_age': '5', 'is_extra_bed': '0', 'extra_bed_type_id': '0'}]","[{'id': 1120293, 'capacity': 1, 'prepayment': 'FIRST', 'nonrefundable': 0, 'cancellation_period': 5, 'cancellation_fee': 'FIRST', 'breakfast': 1, 'base_price': 5250, 'prices': [5250], 'price': 4725, 'old_price': 5250, 'currency': 'RUB', 'payment_amount': 5250, 'extras_variants': [], 'extras': {'33039': {'id': 33039, 'number': 1, 'extra_bed_type_id': 0, 'age': [0, 5], 'extra_bed': 0, 'free': 1}}, 'rate_id': 56079, 'deals': ['LAST_MINUTE'], 'cancellation_type': 'special', 'credit_card': 1, 'bonus': 236, 'miles': 282, 'min_stay': 1, 'platichastyami': 0, 'mircashback': 473}, {'id': 1120294, 'capacity': 2, 'prepayment': 'FIRST', 'nonrefundable': 0, 'cancellation_period': 5, 'cancellation_fee': 'FIRST', 'breakfast': 1, 'base_price': 6500, 'prices': [6500], 'price': 5850, 'old_price': 6500, 'currency': 'RUB', 'payment_amount': 6500, 'extras_variants': [], 'extras': {'33039': {'id': 33039, 'number': 1, 'extra_bed_type_id': 0, 'age': [0, 5], 'extra_bed': 0, 'free': 1}}, 'rate_id': 56079, 'deals': ['LAST_MINUTE'], 'cancellation_type': 'special', 'credit_card': 1, 'bonus': 293, 'miles': 351, 'min_stay': 1, 'platichastyami': 0, 'mircashback': 585}]",4725.0,282,652826_101hotels,2026-08-26
2306321,,Номер Twin/Double,3,1,0,1,Трехместный,37,3,[{'single': 3}],"[{'id': '33046', 'number': '1', 'min_age': '0', 'max_age': '5', 'is_extra_bed': '0', 'extra_bed_type_id': '0'}, {'id': '33047', 'number': '1', 'min_age': '0', 'max_age': '5', 'is_extra_bed': '1', 'extra_bed_type_id': '4'}]","[{'id': 1120295, 'capacity': 1, 'prepayment': 'FIRST', 'nonrefundable': 0, 'cancellation_period': 5, 'cancellation_fee': 'FIRST', 'breakfast': 1, 'base_price': 8000, 'prices': [8000], 'price': 7200, 'old_price': 8000, 'currency': 'RUB', 'payment_amount': 8000, 'extras_variants': [], 'extras': {'33046': {'id': 33046, 'number': 1, 'extra_bed_type_id': 0, 'age': [0, 5], 'extra_bed': 0, 'free': 1}, '33047': {'id': 33047, 'number': 1, 'extra_bed_type_id': 4, 'age': [0, 5], 'extra_bed': 1, 'free': 1}}, 'rate_id': 56079, 'deals': ['LAST_MINUTE'], 'cancellation_type': 'special', 'credit_card': 1, 'bonus': 360, 'miles': 432, 'min_stay': 1, 'platichastyami': 0, 'mircashback': 720}, {'id': 1120296, 'capacity': 2, 'prepayment': 'FIRST', 'nonrefundable': 0, 'cancellation_period': 5, 'cancellation_fee': 'FIRST', 'breakfast': 1, 'base_price': 8750, 'prices': [8750], 'price': 7875, 'old_price': 8750, 'currency': 'RUB', 'payment_amount': 8750, 'extras_variants': [], 'extras': {'33046': {'id': 33046, 'number': 1, 'extra_bed_type_id': 0, 'age': [0, 5], 'extra_bed': 0, 'free': 1}, '33047': {'id': 33047, 'number': 1, 'extra_bed_type_id': 4, 'age': [0, 5], 'extra_bed': 1, 'free': 1}}, 'rate_id': 56079, 'deals': ['LAST_MINUTE'], 'cancellation_type': 'special', 'credit_card': 1, 'bonus': 394, 'miles': 471, 'min_stay': 1, 'platichastyami': 0, 'mircashback': 788}, {'id': 1120297, 'capacity': 3, 'prepayment': 'FIRST', 'nonrefundable': 0, 'cancellation_period': 5, 'cancellation_fee': 'FIRST', 'breakfast': 1, 'base_price': 9500, 'prices': [9500], 'price': 8550, 'old_price': 9500, 'currency': 'RUB', 'payment_amount': 9500, 'extras_variants': [], 'extras': {'33046': {'id': 33046, 'number': 1, 'extra_bed_type_id': 0, 'age': [0, 5], 'extra_bed': 0, 'free': 1}, '33047': {'id': 33047, 'number': 1, 'extra_bed_type_id': 4, 'age': [0, 5], 'extra_bed': 1, 'free': 1}}, 'rate_id': 56079, 'deals': ['LAST_MINUTE'], 'cancellation_type': 'special', 'credit_card': 1, 'bonus': 428, 'miles': 513, 'min_stay': 1, 'platichastyami': 0, 'mircashback': 855}]",7200.0,432,652826_101hotels,2026-08-26
2289378,,Suite,2,1,0,1,Люкс,6,2,[{'double': 1}],"[{'id': '52656', 'number': '1', 'min_age': '0', 'max_age': '18', 'is_extra_bed': '1', 'extra_bed_type_id': '3'}]","[{'id': 972080, 'capacity': 1, 'prepayment': 'FIRST', 'nonrefundable': 1, 'cancellation_period': 0, 'cancellation_fee': 'FIRST', 'breakfast': 0, 'base_price': 20700, 'prices': [20700], 'price': 20700, 'old_price': 20700, 'currency': 'RUB', 'payment_amount': 20700, 'extras_variants': [], 'extras': {'52656': {'id': 52656, 'number': 1, 'extra_bed_type_id': 3, 'age': [0, 18], 'extra_bed': 1, 'free': 1}}, 'rate_id': 45882, 'deals': [], 'cancellation_type': 'nonrefundable', 'credit_card': 1, 'bonus': 1035, 'miles': 1242, 'min_stay': 1, 'platichastyami': 0, 'mircashback': 2070}, {'id': 960546, 'capacity': 1, 'prepayment': 'FIRST', 'nonrefundable': 1, 'cancellation_period': 0, 'cancellation_fee': 'FIRST', 'breakfast': 1, 'base_price': 22200, 'prices': [22200], 'price': 22200, 'old_price': 22200, 'currency': 'RUB', 'payment_amount': 22200, 'extras_variants': [], 'extras': {'52656': {'id': 52656, 'number': 1, 'extra_bed_type_id': 3, 'age': [0, 18], 'extra_bed': 1, 'free': 1}}, 'rate_id': 45028, 'deals': [], 'cancellation_type': 'nonrefundable', 'credit_card': 1, 'bonus': 1110, 'miles': 1332, 'min_stay': 1, 'platichastyami': 0, 'mircashback': 2220}, {'id': 972081, 'capacity': 2, 'prepayment': 'FIRST', 'nonrefundable': 1, 'cancellation_period': 0, 'cancellation_fee': 'FIRST', 'breakfast': 0, 'base_price': 19200, 'prices': [19200], 'price': 19200, 'old_price': 19200, 'currency': 'RUB', 'payment_amount': 19200, 'extras_variants': [], 'extras': {'52656': {'id': 52656, 'number': 1, 'extra_bed_type_id': 3, 'age': [0, 18], 'extra_bed': 1, 'free': 1}}, 'rate_id': 45882, 'deals': [], 'cancellation_type': 'nonrefundable', 'credit_card': 1, 'bonus': 960, 'miles': 1152, 'min_stay': 1, 'platichastyami': 0, 'mircashback': 1920}, {'id': 960547, 'capacity': 2, 'prepayment': 'FIRST', 'nonrefundable': 1, 'cancellation_period': 0, 'cancellation_fee': 'FIRST', 'breakfast': 1, 'base_price': 22200, 'prices': [22200], 'price': 22200, 'old_price': 22200, 'currency': 'RUB', 'payment_amount': 22200, 'extras_variants': [], 'extras': {'52656': {'id': 52656, 'number': 1, 'extra_bed_type_id': 3, 'age': [0, 18], 'extra_bed': 1, 'free': 1}}, 'rate_id': 45028, 'deals': [], 'cancellation_type': 'nonrefundable', 'credit_card': 1, 'bonus': 1110, 'miles': 1332, 'min_stay': 1, 'platichastyami': 0, 'mircashback': 2220}]",19200.0,1152,670516_101hotels,2026-08-26
2290333,,Superior,2,1,0,1,Улучшенный,113,6,[{'double': 1}],"[{'id': '17343', 'number': '1', 'min_age': '0', 'max_age': '6', 'is_extra_bed': '1', 'extra_bed_type_id': '1'}]","[{'id': 972084, 'capacity': 1, 'prepayment': 'FIRST', 'nonrefundable': 1, 'cancellation_period': 0, 'cancellation_fee': 'FIRST', 'breakfast': 0, 'base_price': 10000, 'prices': [10000], 'price': 10000, 'old_price': 10000, 'currency': 'RUB', 'payment_amount': 10000, 'extras_variants': [], 'extras': {'17343': {'id': 17343, 'number': 1, 'extra_bed_type_id': 1, 'age': [0, 6], 'extra_bed': 1, 'free': 1}}, 'rate_id': 45882, 'deals': [], 'cancellation_type': 'nonrefundable', 'credit_card': 1, 'bonus': 500, 'miles': 600, 'min_stay': 1, 'platichastyami': 0, 'mircashback': 1000}, {'id': 972076, 'capacity': 1, 'prepayment': 'FIRST', 'nonrefundable': 1, 'cancellation_period': 0, 'cancellation_fee': 'FIRST', 'breakfast': 1, 'base_price': 11500, 'prices': [11500], 'price': 11500, 'old_price': 11500, 'currency': 'RUB', 'payment_amount': 11500, 'extras_variants': [], 'extras': {'17343': {'id': 17343, 'number': 1, 'extra_bed_type_id': 1, 'age': [0, 6], 'extra_bed': 1, 'free': 1}}, 'rate_id': 45028, 'deals': [], 'cancellation_type': 'nonrefundable', 'credit_card': 1, 'bonus': 575, 'miles': 690, 'min_stay': 1, 'platichastyami': 0, 'mircashback': 1150}, {'id': 972085, 'capacity': 2, 'prepayment': 'FIRST', 'nonrefundable': 1, 'cancellation_period': 0, 'cancellation_fee': 'FIRST', 'breakfast': 0, 'base_price': 9900, 'prices': [9900], 'price': 9900, 'old_price': 9900, 'currency': 'RUB', 'payment_amount': 9900, 'extras_variants': [], 'extras': {'17343': {'id': 17343, 'number': 1, 'extra_bed_type_id': 1, 'age': [0, 6], 'extra_bed': 1, 'free': 1}}, 'rate_id': 45882, 'deals': [], 'cancellation_type': 'nonrefundable', 'credit_card': 1, 'bonus': 495, 'miles': 594, 'min_stay': 1, 'platichastyami': 0, 'mircashback': 990}, {'id': 972077, 'capacity': 2, 'prepayment': 'FIRST', 'nonrefundable': 1, 'cancellation_period': 0, 'cancellation_fee': 'FIRST', 'breakfast': 1, 'base_price': 12900, 'prices': [12900], 'price': 12900, 'old_price': 12900, 'currency': 'RUB', 'payment_amount': 12900, 'extras_variants': [], 'extras': {'17343': {'id': 17343, 'number': 1, 'extra_bed_type_id': 1, 'age': [0, 6], 'extra_bed': 1, 'free': 1}}, 'rate_id': 45028, 'deals': [], 'cancellation_type': 'nonrefundable', 'credit_card': 1, 'bonus': 645, 'miles': 774, 'min_stay': 1, 'platichastyami': 0, 'mircashback': 1290}]",9900.0,594,670516_101hotels,2026-08-26
2290334,,Junior Suite Deluxe,2,1,0,1,Полулюкс,4,2,[{'double': 1}],"[{'id': '17342', 'number': '1', 'min_age': '0', 'max_age': '6', 'is_extra_bed': '1', 'extra_bed_type_id': '1'}]","[{'id': 972078, 'capacity': 1, 'prepayment': 'FIRST', 'nonrefundable': 1, 'cancellation_period': 0, 'cancellation_fee': 'FIRST', 'breakfast': 0, 'base_price': 9000, 'prices': [9000], 'price': 9000, 'old_price': 9000, 'currency': 'RUB', 'payment_amount': 9000, 'extras_variants': [], 'extras': {'17342': {'id': 17342, 'number': 1, 'extra_bed_type_id': 1, 'age': [0, 6], 'extra_bed': 1, 'free': 1}}, 'rate_id': 45882, 'deals': [], 'cancellation_type': 'nonrefundable', 'credit_card': 1, 'bonus': 450, 'miles': 540, 'min_stay': 1, 'platichastyami': 0, 'mircashback': 900}, {'id': 972072, 'capacity': 1, 'prepayment': 'FIRST', 'nonrefundable': 1, 'cancellation_period': 0, 'cancellation_fee': 'FIRST', 'breakfast': 1, 'base_price': 10500, 'prices': [10500], 'price': 10500, 'old_price': 10500, 'currency': 'RUB', 'payment_amount': 10500, 'extras_variants': [], 'extras': {'17342': {'id': 17342, 'number': 1, 'extra_bed_type_id': 1, 'age': [0, 6], 'extra_bed': 1, 'free': 1}}, 'rate_id': 45028, 'deals': [], 'cancellation_type': 'nonrefundable', 'credit_card': 1, 'bonus': 525, 'miles': 630, 'min_stay': 1, 'platichastyami': 0, 'mircashback': 1050}, {'id': 972079, 'capacity': 2, 'prepayment': 'FIRST', 'nonrefundable': 1, 'cancellation_period': 0, 'cancellation_fee': 'FIRST', 'breakfast': 0, 'base_price': 8800, 'prices': [8800], 'price': 8800, 'old_price': 8800, 'currency': 'RUB', 'payment_amount': 8800, 'extras_variants': [], 'extras': {'17342': {'id': 17342, 'number': 1, 'extra_bed_type_id': 1, 'age': [0, 6], 'extra_bed': 1, 'free': 1}}, 'rate_id': 45882, 'deals': [], 'cancellation_type': 'nonrefundable', 'credit_card': 1, 'bonus': 440, 'miles': 528, 'min_stay': 1, 'platichastyami': 0, 'mircashback': 880}, {'id': 972073, 'capacity': 2, 'prepayment': 'FIRST', 'nonrefundable': 1, 'cancellation_period': 0, 'cancellation_fee': 'FIRST', 'breakfast': 1, 'base_price': 11800, 'prices': [11800], 'price': 11800, 'old_price': 11800, 'currency': 'RUB', 'payment_amount': 11800, 'extras_variants': [], 'extras': {'17342': {'id': 17342, 'number': 1, 'extra_bed_type_id': 1, 'age': [0, 6], 'extra_bed': 1, 'free': 1}}, 'rate_id': 45028, 'deals': [], 'cancellation_type': 'nonrefundable', 'credit_card': 1, 'bonus': 590, 'miles': 708, 'min_stay': 1, 'platichastyami': 0, 'mircashback': 1180}]",8800.0,528,670516_101hotels,2026-08-26
2290335,,Junior Suite,2,0,0,1,Сюит,27,4,[{'double': 1}],[],"[{'id': 972082, 'capacity': 1, 'prepayment': 'FIRST', 'nonrefundable': 1, 'cancellation_period': 0, 'cancellation_fee': 'FIRST', 'breakfast': 0, 'base_price': 7900, 'prices': [7900], 'price': 7900, 'old_price': 7900, 'currency': 'RUB', 'payment_amount': 7900, 'extras_variants': [], 'extras': [], 'rate_id': 45882, 'deals': [], 'cancellation_type': 'nonrefundable', 'credit_card': 1, 'bonus': 395, 'miles': 474, 'min_stay': 1, 'platichastyami': 0, 'mircashback': 790}, {'id': 972074, 'capacity': 1, 'prepayment': 'FIRST', 'nonrefundable': 1, 'cancellation_period': 0, 'cancellation_fee': 'FIRST', 'breakfast': 1, 'base_price': 9400, 'prices': [9400], 'price': 9400, 'old_price': 9400, 'currency': 'RUB', 'payment_amount': 9400, 'extras_variants': [], 'extras': [], 'rate_id': 45028, 'deals': [], 'cancellation_type': 'nonrefundable', 'credit_card': 1, 'bonus': 470, 'miles': 564, 'min_stay': 1, 'platichastyami': 0, 'mircashback': 940}, {'id': 972083, 'capacity': 2, 'prepayment': 'FIRST', 'nonrefundable': 1, 'cancellation_period': 0, 'cancellation_fee': 'FIRST', 'breakfast': 0, 'base_price': 7800, 'prices': [7800], 'price': 7800, 'old_price': 7800, 'currency': 'RUB', 'payment_amount': 7800, 'extras_variants': [], 'extras': [], 'rate_id': 45882, 'deals': [], 'cancellation_type': 'nonrefundable', 'credit_card': 1, 'bonus': 390, 'miles': 468, 'min_stay': 1, 'platichastyami': 0, 'mircashback': 780}, {'id': 972075, 'capacity': 2, 'prepayment': 'FIRST', 'nonrefundable': 1, 'cancellation_period': 0, 'cancellation_fee': 'FIRST', 'breakfast': 1, 'base_price': 10800, 'prices': [10800], 'price': 10800, 'old_price': 10800, 'currency': 'RUB', 'payment_amount': 10800, 'extras_variants': [], 'extras': [], 'rate_id': 45028, 'deals': [], 'cancellation_type': 'nonrefundable', 'credit_card': 1, 'bonus': 540, 'miles': 648, 'min_stay': 1, 'platichastyami': 0, 'mircashback': 1080}]",7800.0,468,670516_101hotels,2026-08-26
2292327,,Трехместный номер №21,3,0,0,1,Трёхместный и более,3,1,"[{'single': 1, 'double': 1}]",[],"[{'id': 975345, 'capacity': 1, 'prepayment': 'FULL', 'nonrefundable': 0, 'cancellation_period': 0, 'cancellation_fee': 'NO', 'breakfast': 0, 'base_price': 7500, 'prices': [7500], 'price': 7500, 'old_price': 7500, 'currency': 'RUB', 'payment_amount': 7500, 'extras_variants': [], 'extras': [], 'rate_id': 46088, 'deals': [], 'cancellation_type': 'free', 'credit_card': 1, 'bonus': 375, 'miles': 450, 'min_stay': 1, 'platichastyami': 0, 'mircashback': 750}, {'id': 975346, 'capacity': 2, 'prepayment': 'FULL', 'nonrefundable': 0, 'cancellation_period': 0, 'cancellation_fee': 'NO', 'breakfast': 0, 'base_price': 7500, 'prices': [7500], 'price': 7500, 'old_price': 7500, 'currency': 'RUB', 'payment_amount': 7500, 'extras_variants': [], 'extras': [], 'rate_id': 46088, 'deals': [], 'cancellation_type': 'free', 'credit_card': 1, 'bonus': 375, 'miles': 450, 'min_stay': 1, 'platichastyami': 0, 'mircashback': 750}, {'id': 975347, 'capacity': 3, 'prepayment': 'FULL', 'nonrefundable': 0, 'cancellation_period': 0, 'cancellation_fee': 'NO', 'breakfast': 0, 'base_price': 7500, 'prices': [7500], 'price': 7500, 'old_price': 7500, 'currency': 'RUB', 'payment_amount': 7500, 'extras_variants': [], 'extras': [], 'rate_id': 46088, 'deals': [], 'cancellation_type': 'free', 'credit_card': 1, 'bonus': 375, 'miles': 450, 'min_stay': 1, 'platichastyami': 0, 'mircashback': 750}]",7500.0,450,10535_101hotels,2026-08-26
2292328,,Трехместный номер №22,3,0,0,1,Трёхместный и более,3,1,"[{'single': 1, 'double': 1}]",[],"[{'id': 975354, 'capacity': 1, 'prepayment': 'FULL', 'nonrefundable': 0, 'cancellation_period': 0, 'cancellation_fee': 'NO', 'breakfast': 0, 'base_price': 7500, 'prices': [7500], 'price': 7500, 'old_price': 7500, 'currency': 'RUB', 'payment_amount': 7500, 'extras_variants': [], 'extras': [], 'rate_id': 46088, 'deals': [], 'cancellation_type': 'free', 'credit_card': 1, 'bonus': 375, 'miles': 450, 'min_stay': 1, 'platichastyami': 0, 'mircashback': 750}, {'id': 975355, 'capacity': 2, 'prepayment': 'FULL', 'nonrefundable': 0, 'cancellation_period': 0, 'cancellation_fee': 'NO', 'breakfast': 0, 'base_price': 7500, 'prices': [7500], 'price': 7500, 'old_price': 7500, 'currency': 'RUB', 'payment_amount': 7500, 'extras_variants': [], 'extras': [], 'rate_id': 46088, 'deals': [], 'cancellation_type': 'free', 'credit_card': 1, 'bonus': 375, 'miles': 450, 'min_stay': 1, 'platichastyami': 0, 'mircashback': 750}, {'id': 975356, 'capacity': 3, 'prepayment': 'FULL', 'nonrefundable': 0, 'cancellation_period': 0, 'cancellation_fee': 'NO', 'breakfast': 0, 'base_price': 7500, 'prices': [7500], 'price': 7500, 'old_price': 7500, 'currency': 'RUB', 'payment_amount': 7500, 'extras_variants': [], 'extras': [], 'rate_id': 46088, 'deals': [], 'cancellation_type': 'free', 'credit_card': 1, 'bonus': 375, 'miles': 450, 'min_stay': 1, 'platichastyami': 0, 'mircashback': 750}]",7500.0,450,10535_101hotels,2026-08-26
2292330,,Трехместный номер №3,3,0,0,0,Трёхместный и более,3,1,[{'single': 3}],[],"[{'id': 975357, 'capacity': 1, 'prepayment': 'FULL', 'nonrefundable': 0, 'cancellation_period': 0, 'cancellation_fee': 'NO', 'breakfast': 0, 'base_price': 6000, 'prices': [6000], 'price': 6000, 'old_price': 6000, 'currency': 'RUB', 'payment_amount': 6000, 'extras_variants': [], 'extras': [], 'rate_id': 46088, 'deals': [], 'cancellation_type': 'free', 'credit_card': 1, 'bonus': 300, 'miles': 360, 'min_stay': 1, 'platichastyami': 0, 'mircashback': 600}, {'id': 975358, 'capacity': 2, 'prepayment': 'FULL', 'nonrefundable': 0, 'cancellation_period': 0, 'cancellation_fee': 'NO', 'breakfast': 0, 'base_price': 6000, 'prices': [6000], 'price': 6000, 'old_price': 6000, 'currency': 'RUB', 'payment_amount': 6000, 'extras_variants': [], 'extras': [], 'rate_id': 46088, 'deals': [], 'cancellation_type': 'free', 'credit_card': 1, 'bonus': 300, 'miles': 360, 'min_stay': 1, 'platichastyami': 0, 'mircashback': 600}, {'id': 975359, 'capacity': 3, 'prepayment': 'FULL', 'nonrefundable': 0, 'cancellation_period': 0, 'cancellation_fee': 'NO', 'breakfast': 0, 'base_price': 6000, 'prices': [6000], 'price': 6000, 'old_price': 6000, 'currency': 'RUB', 'payment_amount': 6000, 'extras_variants': [], 'extras': [], 'rate_id': 46088, 'deals': [], 'cancellation_type': 'free', 'credit_card': 1, 'bonus': 300, 'miles': 360, 'min_stay': 1, 'platichastyami': 0, 'mircashback': 600}]",6000.0,360,10535_101hotels,2026-08-26
2292332,,Двухместный номер №31,2,0,0,1,Двухместный,2,1,[{'single': 2}],[],"[{'id': 975377, 'capacity': 1, 'prepayment': 'FULL', 'nonrefundable': 0, 'cancellation_period': 0, 'cancellation_fee': 'NO', 'breakfast': 0, 'base_price': 6000, 'prices': [6000], 'price': 6000, 'old_price': 6000, 'currency': 'RUB', 'payment_amount': 6000, 'extras_variants': [], 'extras': [], 'rate_id': 46088, 'deals': [], 'cancellation_type': 'free', 'credit_card': 1, 'bonus': 300, 'miles': 360, 'min_stay': 1, 'platichastyami': 0, 'mircashback': 600}, {'id': 975378, 'capacity': 2, 'prepayment': 'FULL', 'nonrefundable': 0, 'cancellation_period': 0, 'cancellation_fee': 'NO', 'breakfast': 0, 'base_price': 6000, 'prices': [6000], 'price': 6000, 'old_price': 6000, 'currency': 'RUB', 'payment_amount': 6000, 'extras_variants': [], 'extras': [], 'rate_id': 46088, 'deals': [], 'cancellation_type': 'free', 'credit_card': 1, 'bonus': 300, 'miles': 360, 'min_stay': 1, 'platichastyami': 0, 'mircashback': 600}]",6000.0,360,10535_101hotels,2026-08-26
2292334,,Двухместный номер №32,2,0,0,1,Двухместный,2,1,[{'single': 2}],[],"[{'id': 975379, 'capacity': 1, 'prepayment': 'FULL', 'nonrefundable': 0, 'cancellation_period': 0, 'cancellation_fee': 'NO', 'breakfast': 0, 'base_price': 6000, 'prices': [6000], 'price': 6000, 'old_price': 6000, 'currency': 'RUB', 'payment_amount': 6000, 'extras_variants': [], 'extras': [], 'rate_id': 46088, 'deals': [], 'cancellation_type': 'free', 'credit_card': 1, 'bonus': 300, 'miles': 360, 'min_stay': 1, 'platichastyami': 0, 'mircashback': 600}, {'id': 975380, 'capacity': 2, 'prepayment': 'FULL', 'nonrefundable': 0, 'cancellation_period': 0, 'cancellation_fee': 'NO', 'breakfast': 0, 'base_price': 6000, 'prices': [6000], 'price': 6000, 'old_price': 6000, 'currency': 'RUB', 'payment_amount': 6000, 'extras_variants': [], 'extras': [], 'rate_id': 46088, 'deals': [], 'cancellation_type': 'free', 'credit_card': 1, 'bonus': 300, 'miles': 360, 'min_stay': 1, 'platichastyami': 0, 'mircashback': 600}]",6000.0,360,10535_101hotels,2026-08-26
2292335,,Трехместный номер №33,3,0,0,1,Трёхместный и более,3,1,[{'single': 3}],[],"[{'id': 975383, 'capacity': 1, 'prepayment': 'FULL', 'nonrefundable': 0, 'cancellation_period': 0, 'cancellation_fee': 'NO', 'breakfast': 0, 'base_price': 6000, 'prices': [6000], 'price': 6000, 'old_price': 6000, 'currency': 'RUB', 'payment_amount': 6000, 'extras_variants': [], 'extras': [], 'rate_id': 46088, 'deals': [], 'cancellation_type': 'free', 'credit_card': 1, 'bonus': 300, 'miles': 360, 'min_stay': 1, 'platichastyami': 0, 'mircashback': 600}, {'id': 975384, 'capacity': 2, 'prepayment': 'FULL', 'nonrefundable': 0, 'cancellation_period': 0, 'cancellation_fee': 'NO', 'breakfast': 0, 'base_price': 6000, 'prices': [6000], 'price': 6000, 'old_price': 6000, 'currency': 'RUB', 'payment_amount': 6000, 'extras_variants': [], 'extras': [], 'rate_id': 46088, 'deals': [], 'cancellation_type': 'free', 'credit_card': 1, 'bonus': 300, 'miles': 360, 'min_stay': 1, 'platichastyami': 0, 'mircashback': 600}, {'id': 975385, 'capacity': 3, 'prepayment': 'FULL', 'nonrefundable': 0, 'cancellation_period': 0, 'cancellation_fee': 'NO', 'breakfast': 0, 'base_price': 6000, 'prices': [6000], 'price': 6000, 'old_price': 6000, 'currency': 'RUB', 'payment_amount': 6000, 'extras_variants': [], 'extras': [], 'rate_id': 46088, 'deals': [], 'cancellation_type': 'free', 'credit_card': 1, 'bonus': 300, 'miles': 360, 'min_stay': 1, 'platichastyami': 0, 'mircashback': 600}]",6000.0,360,10535_101hotels,2026-08-26
1992332,,С 2 отдельными кроватями и видом на озеро,2,0,0,1,Двухместный,2,2,[{'single': 2}],[],"[{'id': 1120394, 'capacity': 1, 'prepayment': 'FULL', 'nonrefundable': 1, 'cancellation_period': 0, 'cancellation_fee': 'FIRST', 'breakfast': 1, 'base_price': 9000, 'prices': [9000], 'price': 9000, 'old_price': 9000, 'currency': 'RUB', 'payment_amount': 9000, 'extras_variants': [], 'extras': [], 'rate_id': 56083, 'deals': [], 'cancellation_type': 'nonrefundable', 'credit_card': 1, 'bonus': 450, 'miles': 540, 'min_stay': 1, 'platichastyami': 0, 'mircashback': 900}, {'id': 1120420, 'capacity': 1, 'prepayment': 'FULL', 'nonrefundable': 1, 'cancellation_period': 0, 'cancellation_fee': 'FIRST', 'breakfast': 1, 'base_price': 9000, 'prices': [9000], 'price': 9000, 'old_price': 9000, 'currency': 'RUB', 'payment_amount': 9000, 'extras_variants': [], 'extras': [], 'rate_id': 56085, 'deals': [], 'cancellation_type': 'nonrefundable', 'credit_card': 1, 'bonus': 450, 'miles': 540, 'min_stay': 1, 'platichastyami': 0, 'mircashback': 900}, {'id': 1120429, 'capacity': 1, 'prepayment': 'FULL', 'nonrefundable': 1, 'cancellation_period': 0, 'cancellation_fee': 'FIRST', 'breakfast': 1, 'base_price': 9000, 'prices': [9000], 'price': 9000, 'old_price': 9000, 'currency': 'RUB', 'payment_amount': 9000, 'extras_variants': [], 'extras': [], 'rate_id': 56086, 'deals': [], 'cancellation_type': 'nonrefundable', 'credit_card': 1, 'bonus': 450, 'miles': 540, 'min_stay': 1, 'platichastyami': 0, 'mircashback': 900}, {'id': 1120395, 'capacity': 2, 'prepayment': 'FULL', 'nonrefundable': 1, 'cancellation_period': 0, 'cancellation_fee': 'FIRST', 'breakfast': 1, 'base_price': 9000, 'prices': [9000], 'price': 9000, 'old_price': 9000, 'currency': 'RUB', 'payment_amount': 9000, 'extras_variants': [], 'extras': [], 'rate_id': 56083, 'deals': [], 'cancellation_type': 'nonrefundable', 'credit_card': 1, 'bonus': 450, 'miles': 540, 'min_stay': 1, 'platichastyami': 0, 'mircashback': 900}, {'id': 1120421, 'capacity': 2, 'prepayment': 'FULL', 'nonrefundable': 1, 'cancellation_period': 0, 'cancellation_fee': 'FIRST', 'breakfast': 1, 'base_price': 9000, 'prices': [9000], 'price': 9000, 'old_price': 9000, 'currency': 'RUB', 'payment_amount': 9000, 'extras_variants': [], 'extras': [], 'rate_id': 56085, 'deals': [], 'cancellation_type': 'nonrefundable', 'credit_card': 1, 'bonus': 450, 'miles': 540, 'min_stay': 1, 'platichastyami': 0, 'mircashback': 900}, {'id': 1120430, 'capacity': 2, 'prepayment': 'FULL', 'nonrefundable': 1, 'cancellation_period': 0, 'cancellation_fee': 'FIRST', 'breakfast': 1, 'base_price': 9000, 'prices': [9000], 'price': 9000, 'old_price': 9000, 'currency': 'RUB', 'payment_amount': 9000, 'extras_variants': [], 'extras': [], 'rate_id': 56086, 'deals': [], 'cancellation_type': 'nonrefundable', 'credit_card': 1, 'bonus': 450, 'miles': 540, 'min_stay': 1, 'platichastyami': 0, 'mircashback': 900}]",9000.0,540,610848_101hotels,2026-08-26
1992333,,С 2 отдельными кроватями и видом на горы,2,0,0,1,Двухместный,2,16,[{'single': 2}],[],"[{'id': 1120396, 'capacity': 1, 'prepayment': 'FULL', 'nonrefundable': 1, 'cancellation_period': 0, 'cancellation_fee': 'FIRST', 'breakfast': 1, 'base_price': 9000, 'prices': [9000], 'price': 9000, 'old_price': 9000, 'currency': 'RUB', 'payment_amount': 9000, 'extras_variants': [], 'extras': [], 'rate_id': 56083, 'deals': [], 'cancellation_type': 'nonrefundable', 'credit_card': 1, 'bonus': 450, 'miles': 540, 'min_stay': 1, 'platichastyami': 0, 'mircashback': 900}, {'id': 1120422, 'capacity': 1, 'prepayment': 'FULL', 'nonrefundable': 1, 'cancellation_period': 0, 'cancellation_fee': 'FIRST', 'breakfast': 1, 'base_price': 9000, 'prices': [9000], 'price': 9000, 'old_price': 9000, 'currency': 'RUB', 'payment_amount': 9000, 'extras_variants': [], 'extras': [], 'rate_id': 56085, 'deals': [], 'cancellation_type': 'nonrefundable', 'credit_card': 1, 'bonus': 450, 'miles': 540, 'min_stay': 1, 'platichastyami': 0, 'mircashback': 900}, {'id': 1120431, 'capacity': 1, 'prepayment': 'FULL', 'nonrefundable': 1, 'cancellation_period': 0, 'cancellation_fee': 'FIRST', 'breakfast': 1, 'base_price': 9000, 'prices': [9000], 'price': 9000, 'old_price': 9000, 'currency': 'RUB', 'payment_amount': 9000, 'extras_variants': [], 'extras': [], 'rate_id': 56086, 'deals': [], 'cancellation_type': 'nonrefundable', 'credit_card': 1, 'bonus': 450, 'miles': 540, 'min_stay': 1, 'platichastyami': 0, 'mircashback': 900}, {'id': 1120397, 'capacity': 2, 'prepayment': 'FULL', 'nonrefundable': 1, 'cancellation_period': 0, 'cancellation_fee': 'FIRST', 'breakfast': 1, 'base_price': 9000, 'prices': [9000], 'price': 9000, 'old_price': 9000, 'currency': 'RUB', 'payment_amount': 9000, 'extras_variants': [], 'extras': [], 'rate_id': 56083, 'deals': [], 'cancellation_type': 'nonrefundable', 'credit_card': 1, 'bonus': 450, 'miles': 540, 'min_stay': 1, 'platichastyami': 0, 'mircashback': 900}, {'id': 1120423, 'capacity': 2, 'prepayment': 'FULL', 'nonrefundable': 1, 'cancellation_period': 0, 'cancellation_fee': 'FIRST', 'breakfast': 1, 'base_price': 9000, 'prices': [9000], 'price': 9000, 'old_price': 9000, 'currency': 'RUB', 'payment_amount': 9000, 'extras_variants': [], 'extras': [], 'rate_id': 56085, 'deals': [], 'cancellation_type': 'nonrefundable', 'credit_card': 1, 'bonus': 450, 'miles': 540, 'min_stay': 1, 'platichastyami': 0, 'mircashback': 900}, {'id': 1120432, 'capacity': 2, 'prepayment': 'FULL', 'nonrefundable': 1, 'cancellation_period': 0, 'cancellation_fee': 'FIRST', 'breakfast': 1, 'base_price': 9000, 'prices': [9000], 'price': 9000, 'old_price': 9000, 'currency': 'RUB', 'payment_amount': 9000, 'extras_variants': [], 'extras': [], 'rate_id': 56086, 'deals': [], 'cancellation_type': 'nonrefundable', 'credit_card': 1, 'bonus': 450, 'miles': 540, 'min_stay': 1, 'platichastyami': 0, 'mircashback': 900}]",9000.0,540,610848_101hotels,2026-08-26
1992334,,Люкс с видом на озеро,2,0,0,1,Сюит,27,1,[{'g-double': 1}],[],"[{'id': 1120398, 'capacity': 1, 'prepayment': 'FULL', 'nonrefundable': 1, 'cancellation_period': 0, 'cancellation_fee': 'FIRST', 'breakfast': 1, 'base_price': 21600, 'prices': [21600], 'price': 21600, 'old_price': 21600, 'currency': 'RUB', 'payment_amount': 21600, 'extras_variants': [], 'extras': [], 'rate_id': 56083, 'deals': [], 'cancellation_type': 'nonrefundable', 'credit_card': 1, 'bonus': 1080, 'miles': 1296, 'min_stay': 1, 'platichastyami': 0, 'mircashback': 2160}, {'id': 1120424, 'capacity': 1, 'prepayment': 'FULL', 'nonrefundable': 1, 'cancellation_period': 0, 'cancellation_fee': 'FIRST', 'breakfast': 1, 'base_price': 21600, 'prices': [21600], 'price': 21600, 'old_price': 21600, 'currency': 'RUB', 'payment_amount': 21600, 'extras_variants': [], 'extras': [], 'rate_id': 56085, 'deals': [], 'cancellation_type': 'nonrefundable', 'credit_card': 1, 'bonus': 1080, 'miles': 1296, 'min_stay': 1, 'platichastyami': 0, 'mircashback': 2160}, {'id': 1120433, 'capacity': 1, 'prepayment': 'FULL', 'nonrefundable': 1, 'cancellation_period': 0, 'cancellation_fee': 'FIRST', 'breakfast': 1, 'base_price': 21600, 'prices': [21600], 'price': 21600, 'old_price': 21600, 'currency': 'RUB', 'payment_amount': 21600, 'extras_variants': [], 'extras': [], 'rate_id': 56086, 'deals': [], 'cancellation_type': 'nonrefundable', 'credit_card': 1, 'bonus': 1080, 'miles': 1296, 'min_stay': 1, 'platichastyami': 0, 'mircashback': 2160}, {'id': 1120399, 'capacity': 2, 'prepayment': 'FULL', 'nonrefundable': 1, 'cancellation_period': 0, 'cancellation_fee': 'FIRST', 'breakfast': 1, 'base_price': 21600, 'prices': [21600], 'price': 21600, 'old_price': 21600, 'currency': 'RUB', 'payment_amount': 21600, 'extras_variants': [], 'extras': [], 'rate_id': 56083, 'deals': [], 'cancellation_type': 'nonrefundable', 'credit_card': 1, 'bonus': 1080, 'miles': 1296, 'min_stay': 1, 'platichastyami': 0, 'mircashback': 2160}, {'id': 1120425, 'capacity': 2, 'prepayment': 'FULL', 'nonrefundable': 1, 'cancellation_period': 0, 'cancellation_fee': 'FIRST', 'breakfast': 1, 'base_price': 21600, 'prices': [21600], 'price': 21600, 'old_price': 21600, 'currency': 'RUB', 'payment_amount': 21600, 'extras_variants': [], 'extras': [], 'rate_id': 56085, 'deals': [], 'cancellation_type': 'nonrefundable', 'credit_card': 1, 'bonus': 1080, 'miles': 1296, 'min_stay': 1, 'platichastyami': 0, 'mircashback': 2160}, {'id': 1120434, 'capacity': 2, 'prepayment': 'FULL', 'nonrefundable': 1, 'cancellation_period': 0, 'cancellation_fee': 'FIRST', 'breakfast': 1, 'base_price': 21600, 'prices': [21600], 'price': 21600, 'old_price': 21600, 'currency': 'RUB', 'payment_amount': 21600, 'extras_variants': [], 'extras': [], 'rate_id': 56086, 'deals': [], 'cancellation_type': 'nonrefundable', 'credit_card': 1, 'bonus': 1080, 'miles': 1296, 'min_stay': 1, 'platichastyami': 0, 'mircashback': 2160}]",21600.0,1296,610848_101hotels,2026-08-26
1992336,,Люкс с кроватью размера «king-size» и балконом,2,0,0,1,Сюит,27,1,"[{'single': 1}, {'g-double': 1}]",[],"[{'id': 1120400, 'capacity': 1, 'prepayment': 'FULL', 'nonrefundable': 1, 'cancellation_period': 0, 'cancellation_fee': 'FIRST', 'breakfast': 1, 'base_price': 27600, 'prices': [27600], 'price': 27600, 'old_price': 27600, 'currency': 'RUB', 'payment_amount': 27600, 'extras_variants': [], 'extras': [], 'rate_id': 56083, 'deals': [], 'cancellation_type': 'nonrefundable', 'credit_card': 1, 'bonus': 1380, 'miles': 1656, 'min_stay': 1, 'platichastyami': 0, 'mircashback': 2760}, {'id': 1120426, 'capacity': 1, 'prepayment': 'FULL', 'nonrefundable': 1, 'cancellation_period': 0, 'cancellation_fee': 'FIRST', 'breakfast': 1, 'base_price': 27600, 'prices': [27600], 'price': 27600, 'old_price': 27600, 'currency': 'RUB', 'payment_amount': 27600, 'extras_variants': [], 'extras': [], 'rate_id': 56085, 'deals': [], 'cancellation_type': 'nonrefundable', 'credit_card': 1, 'bonus': 1380, 'miles': 1656, 'min_stay': 1, 'platichastyami': 0, 'mircashback': 2760}, {'id': 1120435, 'capacity': 1, 'prepayment': 'FULL', 'nonrefundable': 1, 'cancellation_period': 0, 'cancellation_fee': 'FIRST', 'breakfast': 1, 'base_price': 27600, 'prices': [27600], 'price': 27600, 'old_price': 27600, 'currency': 'RUB', 'payment_amount': 27600, 'extras_variants': [], 'extras': [], 'rate_id': 56086, 'deals': [], 'cancellation_type': 'nonrefundable', 'credit_card': 1, 'bonus': 1380, 'miles': 1656, 'min_stay': 1, 'platichastyami': 0, 'mircashback': 2760}, {'id': 1120401, 'capacity': 2, 'prepayment': 'FULL', 'nonrefundable': 1, 'cancellation_period': 0, 'cancellation_fee': 'FIRST', 'breakfast': 1, 'base_price': 27600, 'prices': [27600], 'price': 27600, 'old_price': 27600, 'currency': 'RUB', 'payment_amount': 27600, 'extras_variants': [], 'extras': [], 'rate_id': 56083, 'deals': [], 'cancellation_type': 'nonrefundable', 'credit_card': 1, 'bonus': 1380, 'miles': 1656, 'min_stay': 1, 'platichastyami': 0, 'mircashback': 2760}, {'id': 1120427, 'capacity': 2, 'prepayment': 'FULL', 'nonrefundable': 1, 'cancellation_period': 0, 'cancellation_fee': 'FIRST', 'breakfast': 1, 'base_price': 27600, 'prices': [27600], 'price': 27600, 'old_price': 27600, 'currency': 'RUB', 'payment_amount': 27600, 'extras_variants': [], 'extras': [], 'rate_id': 56085, 'deals': [], 'cancellation_type': 'nonrefundable', 'credit_card': 1, 'bonus': 1380, 'miles': 1656, 'min_stay': 1, 'platichastyami': 0, 'mircashback': 2760}, {'id': 1120436, 'capacity': 2, 'prepayment': 'FULL', 'nonrefundable': 1, 'cancellation_period': 0, 'cancellation_fee': 'FIRST', 'breakfast': 1, 'base_price': 27600, 'prices': [27600], 'price': 27600, 'old_price': 27600, 'currency': 'RUB', 'payment_amount': 27600, 'extras_variants': [], 'extras': [], 'rate_id': 56086, 'deals': [], 'cancellation_type': 'nonrefundable', 'credit_card': 1, 'bonus': 1380, 'miles': 1656, 'min_stay': 1, 'platichastyami': 0, 'mircashback': 2760}]",27600.0,1656,610848_101hotels,2026-08-26
2244688,,"Стандарт семейный, с одной двуспальной кроватью, с видом на озеро",1,1,0,1,Двухместный,2,4,[{'double': 1}],[],"[{'id': 1120393, 'capacity': 1, 'prepayment': 'FULL', 'nonrefundable': 1, 'cancellation_period': 0, 'cancellation_fee': 'FIRST', 'breakfast': 1, 'base_price': 9000, 'prices': [9000], 'price': 9000, 'old_price': 9000, 'currency': 'RUB', 'payment_amount': 9000, 'extras_variants': [], 'extras': [], 'rate_id': 56083, 'deals': [], 'cancellation_type': 'nonrefundable', 'credit_card': 1, 'bonus': 450, 'miles': 540, 'min_stay': 1, 'platichastyami': 0, 'mircashback': 900}, {'id': 1120419, 'capacity': 1, 'prepayment': 'FULL', 'nonrefundable': 1, 'cancellation_period': 0, 'cancellation_fee': 'FIRST', 'breakfast': 1, 'base_price': 9000, 'prices': [9000], 'price': 9000, 'old_price': 9000, 'currency': 'RUB', 'payment_amount': 9000, 'extras_variants': [], 'extras': [], 'rate_id': 56085, 'deals': [], 'cancellation_type': 'nonrefundable', 'credit_card': 1, 'bonus': 450, 'miles': 540, 'min_stay': 1, 'platichastyami': 0, 'mircashback': 900}, {'id': 1120428, 'capacity': 1, 'prepayment': 'FULL', 'nonrefundable': 1, 'cancellation_period': 0, 'cancellation_fee': 'FIRST', 'breakfast': 1, 'base_price': 9000, 'prices': [9000], 'price': 9000, 'old_price': 9000, 'currency': 'RUB', 'payment_amount': 9000, 'extras_variants': [], 'extras': [], 'rate_id': 56086, 'deals': [], 'cancellation_type': 'nonrefundable', 'credit_card': 1, 'bonus': 450, 'miles': 540, 'min_stay': 1, 'platichastyami': 0, 'mircashback': 900}]",9000.0,540,610848_101hotels,2026-08-26
2238456,,Twin,2,0,0,1,Двухместный,2,4,[{'single': 2}],[],"[{'id': 1066636, 'capacity': 1, 'prepayment': 'FULL', 'nonrefundable': 0, 'cancellation_period': 0, 'cancellation_fee': 'NO', 'breakfast': 1, 'base_price': 8340, 'prices': [8340], 'price': 8340, 'old_price': 8340, 'currency': 'RUB', 'payment_amount': 8340, 'extras_variants': [], 'extras': [], 'rate_id': 52184, 'deals': [], 'cancellation_type': 'free', 'credit_card': 1, 'bonus': 417, 'miles': 498, 'min_stay': 1, 'platichastyami': 0, 'mircashback': 834}, {'id': 1066637, 'capacity': 2, 'prepayment': 'FULL', 'nonrefundable': 0, 'cancellation_period': 0, 'cancellation_fee': 'NO', 'breakfast': 1, 'base_price': 8340, 'prices': [8340], 'price': 8340, 'old_price': 8340, 'currency': 'RUB', 'payment_amount': 8340, 'extras_variants': [], 'extras': [], 'rate_id': 52184, 'deals': [], 'cancellation_type': 'free', 'credit_card': 1, 'bonus': 417, 'miles': 498, 'min_stay': 1, 'platichastyami': 0, 'mircashback': 834}]",8340.0,498,15490_101hotels,2026-08-26
2238463,,"Номер с двуспальной кроватью, камином и видом на озеро",2,0,0,1,Двухместный,2,1,[{'double': 1}],[],"[{'id': 1066638, 'capacity': 1, 'prepayment': 'FULL', 'nonrefundable': 0, 'cancellation_period': 0, 'cancellation_fee': 'NO', 'breakfast': 1, 'base_price': 12600, 'prices': [12600], 'price': 12600, 'old_price': 12600, 'currency': 'RUB', 'payment_amount': 12600, 'extras_variants': [], 'extras': [], 'rate_id': 52184, 'deals': [], 'cancellation_type': 'free', 'credit_card': 1, 'bonus': 630, 'miles': 756, 'min_stay': 1, 'platichastyami': 0, 'mircashback': 1260}, {'id': 1066639, 'capacity': 2, 'prepayment': 'FULL', 'nonrefundable': 0, 'cancellation_period': 0, 'cancellation_fee': 'NO', 'breakfast': 1, 'base_price': 12600, 'prices': [12600], 'price': 12600, 'old_price': 12600, 'currency': 'RUB', 'payment_amount': 12600, 'extras_variants': [], 'extras': [], 'rate_id': 52184, 'deals': [], 'cancellation_type': 'free', 'credit_card': 1, 'bonus': 630, 'miles': 756, 'min_stay': 1, 'platichastyami': 0, 'mircashback': 1260}]",12600.0,756,15490_101hotels,2026-08-26
2253430,,Стандартный без балкона,2,0,0,1,Двухместный,2,2,[{'single': 2}],"[{'id': '31862', 'number': '1', 'min_age': '0', 'max_age': '5', 'is_extra_bed': '0', 'extra_bed_type_id': '0'}]","[{'id': 628812, 'capacity': 1, 'prepayment': 'FIRST', 'nonrefundable': 0, 'cancellation_period': 15, 'cancellation_fee': 'FIRST', 'breakfast': 0, 'base_price': 5000, 'prices': [5000], 'price': 4250, 'old_price': 5000, 'currency': 'RUB', 'payment_amount': 5000, 'extras_variants': [], 'extras': {'31862': {'id': 31862, 'number': 1, 'extra_bed_type_id': 0, 'age': [0, 5], 'extra_bed': 0, 'free': 1}}, 'rate_id': 23223, 'deals': ['LAST_MINUTE'], 'cancellation_type': 'special', 'credit_card': 1, 'bonus': 213, 'miles': 255, 'min_stay': 1, 'platichastyami': 0, 'mircashback': 425}, {'id': 628813, 'capacity': 2, 'prepayment': 'FIRST', 'nonrefundable': 0, 'cancellation_period': 15, 'cancellation_fee': 'FIRST', 'breakfast': 0, 'base_price': 5000, 'prices': [5000], 'price': 4250, 'old_price': 5000, 'currency': 'RUB', 'payment_amount': 5000, 'extras_variants': [], 'extras': {'31862': {'id': 31862, 'number': 1, 'extra_bed_type_id': 0, 'age': [0, 5], 'extra_bed': 0, 'free': 1}}, 'rate_id': 23223, 'deals': ['LAST_MINUTE'], 'cancellation_type': 'special', 'credit_card': 1, 'bonus': 213, 'miles': 255, 'min_stay': 1, 'platichastyami': 0, 'mircashback': 425}]",4250.0,255,659075_101hotels,2026-08-26
2253434,,,3,0,0,1,Трехместный,37,2,"[{'single': 3}, {'single': 1, 'double': 1}]","[{'id': '31866', 'number': '1', 'min_age': '0', 'max_age': '5', 'is_extra_bed': '0', 'extra_bed_type_id': '0'}]","[{'id': 628916, 'capacity': 1, 'prepayment': 'FIRST', 'nonrefundable': 0, 'cancellation_period': 15, 'cancellation_fee': 'FIRST', 'breakfast': 0, 'base_price': 8100, 'prices': [8100], 'price': 8100, 'old_price': 8100, 'currency': 'RUB', 'payment_amount': 8100, 'extras_variants': [], 'extras': {'31866': {'id': 31866, 'number': 1, 'extra_bed_type_id': 0, 'age': [0, 5], 'extra_bed': 0, 'free': 1}}, 'rate_id': 23223, 'deals': [], 'cancellation_type': 'special', 'credit_card': 1, 'bonus': 405, 'miles': 486, 'min_stay': 1, 'platichastyami': 0, 'mircashback': 810}, {'id': 628917, 'capacity': 2, 'prepayment': 'FIRST', 'nonrefundable': 0, 'cancellation_period': 15, 'cancellation_fee': 'FIRST', 'breakfast': 0, 'base_price': 8100, 'prices': [8100], 'price': 8100, 'old_price': 8100, 'currency': 'RUB', 'payment_amount': 8100, 'extras_variants': [], 'extras': {'31866': {'id': 31866, 'number': 1, 'extra_bed_type_id': 0, 'age': [0, 5], 'extra_bed': 0, 'free': 1}}, 'rate_id': 23223, 'deals': [], 'cancellation_type': 'special', 'credit_card': 1, 'bonus': 405, 'miles': 486, 'min_stay': 1, 'platichastyami': 0, 'mircashback': 810}, {'id': 628918, 'capacity': 3, 'prepayment': 'FIRST', 'nonrefundable': 0, 'cancellation_period': 15, 'cancellation_fee': 'FIRST', 'breakfast': 0, 'base_price': 8100, 'prices': [8100], 'price': 8100, 'old_price': 8100, 'currency': 'RUB', 'payment_amount': 8100, 'extras_variants': [], 'extras': {'31866': {'id': 31866, 'number': 1, 'extra_bed_type_id': 0, 'age': [0, 5], 'extra_bed': 0, 'free': 1}}, 'rate_id': 23223, 'deals': [], 'cancellation_type': 'special', 'credit_card': 1, 'bonus': 405, 'miles': 486, 'min_stay': 1, 'platichastyami': 0, 'mircashback': 810}]",8100.0,486,659075_101hotels,2026-08-26
2253462,,Номер без вида,2,0,0,1,Двухместный,2,1,[{'single': 2}],"[{'id': '31870', 'number': '1', 'min_age': '0', 'max_age': '5', 'is_extra_bed': '0', 'extra_bed_type_id': '0'}]","[{'id': 628902, 'capacity': 1, 'prepayment': 'FIRST', 'nonrefundable': 0, 'cancellation_period': 15, 'cancellation_fee': 'FIRST', 'breakfast': 0, 'base_price': 5000, 'prices': [5000], 'price': 4250, 'old_price': 5000, 'currency': 'RUB', 'payment_amount': 5000, 'extras_variants': [], 'extras': {'31870': {'id': 31870, 'number': 1, 'extra_bed_type_id': 0, 'age': [0, 5], 'extra_bed': 0, 'free': 1}}, 'rate_id': 23223, 'deals': ['LAST_MINUTE'], 'cancellation_type': 'special', 'credit_card': 1, 'bonus': 213, 'miles': 255, 'min_stay': 1, 'platichastyami': 0, 'mircashback': 425}, {'id': 628903, 'capacity': 2, 'prepayment': 'FIRST', 'nonrefundable': 0, 'cancellation_period': 15, 'cancellation_fee': 'FIRST', 'breakfast': 0, 'base_price': 5000, 'prices': [5000], 'price': 4250, 'old_price': 5000, 'currency': 'RUB', 'payment_amount': 5000, 'extras_variants': [], 'extras': {'31870': {'id': 31870, 'number': 1, 'extra_bed_type_id': 0, 'age': [0, 5], 'extra_bed': 0, 'free': 1}}, 'rate_id': 23223, 'deals': ['LAST_MINUTE'], 'cancellation_type': 'special', 'credit_card': 1, 'bonus': 213, 'miles': 255, 'min_stay': 1, 'platichastyami': 0, 'mircashback': 425}]",4250.0,255,659075_101hotels,2026-08-26
2253464,,Стандартный номер с двумя отдельными кроватями,2,0,0,1,Двухместный,2,1,[{'single': 2}],"[{'id': '31868', 'number': '1', 'min_age': '0', 'max_age': '5', 'is_extra_bed': '0', 'extra_bed_type_id': '0'}]","[{'id': 628906, 'capacity': 1, 'prepayment': 'FIRST', 'nonrefundable': 0, 'cancellation_period': 15, 'cancellation_fee': 'FIRST', 'breakfast': 0, 'base_price': 6000, 'prices': [6000], 'price': 5100, 'old_price': 6000, 'currency': 'RUB', 'payment_amount': 6000, 'extras_variants': [], 'extras': {'31868': {'id': 31868, 'number': 1, 'extra_bed_type_id': 0, 'age': [0, 5], 'extra_bed': 0, 'free': 1}}, 'rate_id': 23223, 'deals': ['LAST_MINUTE'], 'cancellation_type': 'special', 'credit_card': 1, 'bonus': 255, 'miles': 306, 'min_stay': 1, 'platichastyami': 0, 'mircashback': 510}, {'id': 628907, 'capacity': 2, 'prepayment': 'FIRST', 'nonrefundable': 0, 'cancellation_period': 15, 'cancellation_fee': 'FIRST', 'breakfast': 0, 'base_price': 6000, 'prices': [6000], 'price': 5100, 'old_price': 6000, 'currency': 'RUB', 'payment_amount': 6000, 'extras_variants': [], 'extras': {'31868': {'id': 31868, 'number': 1, 'extra_bed_type_id': 0, 'age': [0, 5], 'extra_bed': 0, 'free': 1}}, 'rate_id': 23223, 'deals': ['LAST_MINUTE'], 'cancellation_type': 'special', 'credit_card': 1, 'bonus': 255, 'miles': 306, 'min_stay': 1, 'platichastyami': 0, 'mircashback': 510}]",5100.0,306,659075_101hotels,2026-08-26
2253465,,Стандартный номер с двумя отдельными кроватями и видом на Байкал,2,0,0,1,Двухместный,2,2,[{'single': 2}],"[{'id': '31867', 'number': '1', 'min_age': '0', 'max_age': '5', 'is_extra_bed': '0', 'extra_bed_type_id': '0'}]","[{'id': 628908, 'capacity': 1, 'prepayment': 'FIRST', 'nonrefundable': 0, 'cancellation_period': 15, 'cancellation_fee': 'FIRST', 'breakfast': 0, 'base_price': 6500, 'prices': [6500], 'price': 5525, 'old_price': 6500, 'currency': 'RUB', 'payment_amount': 6500, 'extras_variants': [], 'extras': {'31867': {'id': 31867, 'number': 1, 'extra_bed_type_id': 0, 'age': [0, 5], 'extra_bed': 0, 'free': 1}}, 'rate_id': 23223, 'deals': ['LAST_MINUTE'], 'cancellation_type': 'special', 'credit_card': 1, 'bonus': 276, 'miles': 330, 'min_stay': 1, 'platichastyami': 0, 'mircashback': 553}, {'id': 628909, 'capacity': 2, 'prepayment': 'FIRST', 'nonrefundable': 0, 'cancellation_period': 15, 'cancellation_fee': 'FIRST', 'breakfast': 0, 'base_price': 6500, 'prices': [6500], 'price': 5525, 'old_price': 6500, 'currency': 'RUB', 'payment_amount': 6500, 'extras_variants': [], 'extras': {'31867': {'id': 31867, 'number': 1, 'extra_bed_type_id': 0, 'age': [0, 5], 'extra_bed': 0, 'free': 1}}, 'rate_id': 23223, 'deals': ['LAST_MINUTE'], 'cancellation_type': 'special', 'credit_card': 1, 'bonus': 276, 'miles': 330, 'min_stay': 1, 'platichastyami': 0, 'mircashback': 553}]",5525.0,330,659075_101hotels,2026-08-26
2253466,,Улучшенный номер с видом на Байкал,2,0,0,1,Двухместный,2,2,[{'double': 1}],"[{'id': '31865', 'number': '1', 'min_age': '0', 'max_age': '5', 'is_extra_bed': '0', 'extra_bed_type_id': '0'}]","[{'id': 628910, 'capacity': 1, 'prepayment': 'FIRST', 'nonrefundable': 0, 'cancellation_period': 15, 'cancellation_fee': 'FIRST', 'breakfast': 0, 'base_price': 7000, 'prices': [7000], 'price': 5950, 'old_price': 7000, 'currency': 'RUB', 'payment_amount': 7000, 'extras_variants': [], 'extras': {'31865': {'id': 31865, 'number': 1, 'extra_bed_type_id': 0, 'age': [0, 5], 'extra_bed': 0, 'free': 1}}, 'rate_id': 23223, 'deals': ['LAST_MINUTE'], 'cancellation_type': 'special', 'credit_card': 1, 'bonus': 298, 'miles': 357, 'min_stay': 1, 'platichastyami': 0, 'mircashback': 595}, {'id': 628911, 'capacity': 2, 'prepayment': 'FIRST', 'nonrefundable': 0, 'cancellation_period': 15, 'cancellation_fee': 'FIRST', 'breakfast': 0, 'base_price': 7000, 'prices': [7000], 'price': 5950, 'old_price': 7000, 'currency': 'RUB', 'payment_amount': 7000, 'extras_variants': [], 'extras': {'31865': {'id': 31865, 'number': 1, 'extra_bed_type_id': 0, 'age': [0, 5], 'extra_bed': 0, 'free': 1}}, 'rate_id': 23223, 'deals': ['LAST_MINUTE'], 'cancellation_type': 'special', 'credit_card': 1, 'bonus': 298, 'miles': 357, 'min_stay': 1, 'platichastyami': 0, 'mircashback': 595}]",5950.0,357,659075_101hotels,2026-08-26
61035,,Джуниор Сюит с двуспальной кроватью,2,0,0,1,Студио,5,3,[{'double': 1}],[],"[{'id': 308440, 'capacity': 1, 'prepayment': 'FULL', 'nonrefundable': 0, 'cancellation_period': 1, 'cancellation_fee': 'FIRST', 'breakfast': 1, 'base_price': 11500, 'prices': [11500], 'price': 11500, 'old_price': 11500, 'currency': 'RUB', 'payment_amount': 11500, 'extras_variants': [], 'extras': [], 'rate_id': 2749, 'deals': [], 'cancellation_type': 'special', 'credit_card': 1, 'bonus': 575, 'miles': 690, 'min_stay': 1, 'platichastyami': 0, 'mircashback': 1150}, {'id': 308441, 'capacity': 2, 'prepayment': 'FULL', 'nonrefundable': 0, 'cancellation_period': 1, 'cancellation_fee': 'FIRST', 'breakfast': 1, 'base_price': 11500, 'prices': [11500], 'price': 11500, 'old_price': 11500, 'currency': 'RUB', 'payment_amount': 11500, 'extras_variants': [], 'extras': [], 'rate_id': 2749, 'deals': [], 'cancellation_type': 'special', 'credit_card': 1, 'bonus': 575, 'miles': 690, 'min_stay': 1, 'platichastyami': 0, 'mircashback': 1150}]",11500.0,690,10556_101hotels,2026-08-26
61037,,Стандарт с 2 отдельными кроватями (без вида),2,0,0,1,Двухместный,2,40,[{'single': 2}],[],"[{'id': 308434, 'capacity': 1, 'prepayment': 'FULL', 'nonrefundable': 0, 'cancellation_period': 1, 'cancellation_fee': 'FIRST', 'breakfast': 1, 'base_price': 9500, 'prices': [9500], 'price': 9500, 'old_price': 9500, 'currency': 'RUB', 'payment_amount': 9500, 'extras_variants': [], 'extras': [], 'rate_id': 2749, 'deals': [], 'cancellation_type': 'special', 'credit_card': 1, 'bonus': 475, 'miles': 570, 'min_stay': 1, 'platichastyami': 0, 'mircashback': 950}, {'id': 308435, 'capacity': 2, 'prepayment': 'FULL', 'nonrefundable': 0, 'cancellation_period': 1, 'cancellation_fee': 'FIRST', 'breakfast': 1, 'base_price': 9500, 'prices': [9500], 'price': 9500, 'old_price': 9500, 'currency': 'RUB', 'payment_amount': 9500, 'extras_variants': [], 'extras': [], 'rate_id': 2749, 'deals': [], 'cancellation_type': 'special', 'credit_card': 1, 'bonus': 475, 'miles': 570, 'min_stay': 1, 'platichastyami': 0, 'mircashback': 950}]",9500.0,570,10556_101hotels,2026-08-26
61038,,Люкс с двуспальной кроватью,2,0,0,1,Сюит,27,6,[{'double': 1}],[],"[{'id': 308444, 'capacity': 1, 'prepayment': 'FULL', 'nonrefundable': 0, 'cancellation_period': 1, 'cancellation_fee': 'FIRST', 'breakfast': 1, 'base_price': 13500, 'prices': [13500], 'price': 13500, 'old_price': 13500, 'currency': 'RUB', 'payment_amount': 13500, 'extras_variants': [], 'extras': [], 'rate_id': 2749, 'deals': [], 'cancellation_type': 'special', 'credit_card': 1, 'bonus': 675, 'miles': 810, 'min_stay': 1, 'platichastyami': 0, 'mircashback': 1350}, {'id': 308445, 'capacity': 2, 'prepayment': 'FULL', 'nonrefundable': 0, 'cancellation_period': 1, 'cancellation_fee': 'FIRST', 'breakfast': 1, 'base_price': 13500, 'prices': [13500], 'price': 13500, 'old_price': 13500, 'currency': 'RUB', 'payment_amount': 13500, 'extras_variants': [], 'extras': [], 'rate_id': 2749, 'deals': [], 'cancellation_type': 'special', 'credit_card': 1, 'bonus': 675, 'miles': 810, 'min_stay': 1, 'platichastyami': 0, 'mircashback': 1350}]",13500.0,810,10556_101hotels,2026-08-26
1281575,,Улучшенный стандарт,2,0,0,1,Двухместный,2,20,[{'single': 2}],[],"[{'id': 308436, 'capacity': 1, 'prepayment': 'FULL', 'nonrefundable': 0, 'cancellation_period': 1, 'cancellation_fee': 'FIRST', 'breakfast': 1, 'base_price': 10900, 'prices': [10900], 'price': 10900, 'old_price': 10900, 'currency': 'RUB', 'payment_amount': 10900, 'extras_variants': [], 'extras': [], 'rate_id': 2749, 'deals': [], 'cancellation_type': 'special', 'credit_card': 1, 'bonus': 545, 'miles': 654, 'min_stay': 1, 'platichastyami': 0, 'mircashback': 1090}, {'id': 308437, 'capacity': 2, 'prepayment': 'FULL', 'nonrefundable': 0, 'cancellation_period': 1, 'cancellation_fee': 'FIRST', 'breakfast': 1, 'base_price': 10900, 'prices': [10900], 'price': 10900, 'old_price': 10900, 'currency': 'RUB', 'payment_amount': 10900, 'extras_variants': [], 'extras': [], 'rate_id': 2749, 'deals': [], 'cancellation_type': 'special', 'credit_card': 1, 'bonus': 545, 'miles': 654, 'min_stay': 1, 'platichastyami': 0, 'mircashback': 1090}]",10900.0,654,10556_101hotels,2026-08-26
1281578,,Двухкомнатный с 2 раздельными кроватями и 1 большой кроватью (без вида),4,0,0,1,Четырехместный,34,3,"[{'single': 2, 'double': 1}]",[],"[{'id': 308446, 'capacity': 1, 'prepayment': 'FULL', 'nonrefundable': 0, 'cancellation_period': 1, 'cancellation_fee': 'FIRST', 'breakfast': 1, 'base_price': 17000, 'prices': [17000], 'price': 17000, 'old_price': 17000, 'currency': 'RUB', 'payment_amount': 17000, 'extras_variants': [], 'extras': [], 'rate_id': 2749, 'deals': [], 'cancellation_type': 'special', 'credit_card': 1, 'bonus': 850, 'miles': 1020, 'min_stay': 1, 'platichastyami': 0, 'mircashback': 1700}, {'id': 308447, 'capacity': 2, 'prepayment': 'FULL', 'nonrefundable': 0, 'cancellation_period': 1, 'cancellation_fee': 'FIRST', 'breakfast': 1, 'base_price': 17000, 'prices': [17000], 'price': 17000, 'old_price': 17000, 'currency': 'RUB', 'payment_amount': 17000, 'extras_variants': [], 'extras': [], 'rate_id': 2749, 'deals': [], 'cancellation_type': 'special', 'credit_card': 1, 'bonus': 850, 'miles': 1020, 'min_stay': 1, 'platichastyami': 0, 'mircashback': 1700}, {'id': 308448, 'capacity': 3, 'prepayment': 'FULL', 'nonrefundable': 0, 'cancellation_period': 1, 'cancellation_fee': 'FIRST', 'breakfast': 1, 'base_price': 17000, 'prices': [17000], 'price': 17000, 'old_price': 17000, 'currency': 'RUB', 'payment_amount': 17000, 'extras_variants': [], 'extras': [], 'rate_id': 2749, 'deals': [], 'cancellation_type': 'special', 'credit_card': 1, 'bonus': 850, 'miles': 1020, 'min_stay': 1, 'platichastyami': 0, 'mircashback': 1700}, {'id': 308449, 'capacity': 4, 'prepayment': 'FULL', 'nonrefundable': 0, 'cancellation_period': 1, 'cancellation_fee': 'FIRST', 'breakfast': 1, 'base_price': 17000, 'prices': [17000], 'price': 17000, 'old_price': 17000, 'currency': 'RUB', 'payment_amount': 17000, 'extras_variants': [], 'extras': [], 'rate_id': 2749, 'deals': [], 'cancellation_type': 'special', 'credit_card': 1, 'bonus': 850, 'miles': 1020, 'min_stay': 1, 'platichastyami': 0, 'mircashback': 1700}]",17000.0,1020,10556_101hotels,2026-08-26
2316526,,Джуниор Сюит с раздельными кроватями,2,0,0,1,Студио,5,14,[{'single': 2}],[],"[{'id': 1189267, 'capacity': 1, 'prepayment': 'FULL', 'nonrefundable': 0, 'cancellation_period': 1, 'cancellation_fee': 'FIRST', 'breakfast': 1, 'base_price': 11500, 'prices': [11500], 'price': 11500, 'old_price': 11500, 'currency': 'RUB', 'payment_amount': 11500, 'extras_variants': [], 'extras': [], 'rate_id': 2749, 'deals': [], 'cancellation_type': 'special', 'credit_card': 1, 'bonus': 575, 'miles': 690, 'min_stay': 1, 'platichastyami': 0, 'mircashback': 1150}, {'id': 1189268, 'capacity': 2, 'prepayment': 'FULL', 'nonrefundable': 0, 'cancellation_period': 1, 'cancellation_fee': 'FIRST', 'breakfast': 1, 'base_price': 11500, 'prices': [11500], 'price': 11500, 'old_price': 11500, 'currency': 'RUB', 'payment_amount': 11500, 'extras_variants': [], 'extras': [], 'rate_id': 2749, 'deals': [], 'cancellation_type': 'special', 'credit_card': 1, 'bonus': 575, 'miles': 690, 'min_stay': 1, 'platichastyami': 0, 'mircashback': 1150}]",11500.0,690,10556_101hotels,2026-08-26
2316527,,Люкс с раздельными кроватями,2,0,0,1,Сюит,27,2,[{'single': 2}],[],"[{'id': 1189269, 'capacity': 1, 'prepayment': 'FULL', 'nonrefundable': 0, 'cancellation_period': 1, 'cancellation_fee': 'FIRST', 'breakfast': 1, 'base_price': 13500, 'prices': [13500], 'price': 13500, 'old_price': 13500, 'currency': 'RUB', 'payment_amount': 13500, 'extras_variants': [], 'extras': [], 'rate_id': 2749, 'deals': [], 'cancellation_type': 'special', 'credit_card': 1, 'bonus': 675, 'miles': 810, 'min_stay': 1, 'platichastyami': 0, 'mircashback': 1350}, {'id': 1189270, 'capacity': 2, 'prepayment': 'FULL', 'nonrefundable': 0, 'cancellation_period': 1, 'cancellation_fee': 'FIRST', 'breakfast': 1, 'base_price': 13500, 'prices': [13500], 'price': 13500, 'old_price': 13500, 'currency': 'RUB', 'payment_amount': 13500, 'extras_variants': [], 'extras': [], 'rate_id': 2749, 'deals': [], 'cancellation_type': 'special', 'credit_card': 1, 'bonus': 675, 'miles': 810, 'min_stay': 1, 'platichastyami': 0, 'mircashback': 1350}]",13500.0,810,10556_101hotels,2026-08-26
79510,,Номер с 2 отдельными кроватями и душем,2,0,0,1,Двухместный,2,5,[{'single': 2}],[],"[{'id': 403796, 'capacity': 1, 'prepayment': 'NO', 'nonrefundable': 0, 'cancellation_period': 0, 'cancellation_fee': 'NO', 'breakfast': 0, 'base_price': 7300, 'prices': [7300], 'price': 7300, 'old_price': 7300, 'currency': 'RUB', 'payment_amount': 0, 'extras_variants': [], 'extras': [], 'rate_id': 7725, 'deals': [], 'cancellation_type': 'free', 'credit_card': 0, 'bonus': 365, 'miles': 438, 'min_stay': 1, 'platichastyami': 0, 'mircashback': 730}, {'id': 403797, 'capacity': 2, 'prepayment': 'NO', 'nonrefundable': 0, 'cancellation_period': 0, 'cancellation_fee': 'NO', 'breakfast': 0, 'base_price': 7300, 'prices': [7300], 'price': 7300, 'old_price': 7300, 'currency': 'RUB', 'payment_amount': 0, 'extras_variants': [], 'extras': [], 'rate_id': 7725, 'deals': [], 'cancellation_type': 'free', 'credit_card': 0, 'bonus': 365, 'miles': 438, 'min_stay': 1, 'platichastyami': 0, 'mircashback': 730}]",7300.0,438,15486_101hotels,2026-08-26
79512,,Улучшенный,2,0,0,1,Студио,5,1,[{'single': 2}],[],"[{'id': 403800, 'capacity': 1, 'prepayment': 'NO', 'nonrefundable': 0, 'cancellation_period': 0, 'cancellation_fee': 'NO', 'breakfast': 0, 'base_price': 10700, 'prices': [10700], 'price': 10700, 'old_price': 10700, 'currency': 'RUB', 'payment_amount': 0, 'extras_variants': [], 'extras': [], 'rate_id': 7725, 'deals': [], 'cancellation_type': 'free', 'credit_card': 0, 'bonus': 535, 'miles': 642, 'min_stay': 1, 'platichastyami': 0, 'mircashback': 1070}, {'id': 403801, 'capacity': 2, 'prepayment': 'NO', 'nonrefundable': 0, 'cancellation_period': 0, 'cancellation_fee': 'NO', 'breakfast': 0, 'base_price': 10700, 'prices': [10700], 'price': 10700, 'old_price': 10700, 'currency': 'RUB', 'payment_amount': 0, 'extras_variants': [], 'extras': [], 'rate_id': 7725, 'deals': [], 'cancellation_type': 'free', 'credit_card': 0, 'bonus': 535, 'miles': 642, 'min_stay': 1, 'platichastyami': 0, 'mircashback': 1070}]",10700.0,642,15486_101hotels,2026-08-26
79513,,С 1 спальней,2,0,0,1,Апартаменты,14,1,[{'g-double': 1}],[],"[{'id': 403802, 'capacity': 1, 'prepayment': 'NO', 'nonrefundable': 0, 'cancellation_period': 0, 'cancellation_fee': 'NO', 'breakfast': 0, 'base_price': 10700, 'prices': [10700], 'price': 10700, 'old_price': 10700, 'currency': 'RUB', 'payment_amount': 0, 'extras_variants': [], 'extras': [], 'rate_id': 7725, 'deals': [], 'cancellation_type': 'free', 'credit_card': 0, 'bonus': 535, 'miles': 642, 'min_stay': 1, 'platichastyami': 0, 'mircashback': 1070}, {'id': 403803, 'capacity': 2, 'prepayment': 'NO', 'nonrefundable': 0, 'cancellation_period': 0, 'cancellation_fee': 'NO', 'breakfast': 0, 'base_price': 10700, 'prices': [10700], 'price': 10700, 'old_price': 10700, 'currency': 'RUB', 'payment_amount': 0, 'extras_variants': [], 'extras': [], 'rate_id': 7725, 'deals': [], 'cancellation_type': 'free', 'credit_card': 0, 'bonus': 535, 'miles': 642, 'min_stay': 1, 'platichastyami': 0, 'mircashback': 1070}]",10700.0,642,15486_101hotels,2026-08-26
2208004,,Улучшенный номер с 2 отдельными кроватями и видом на море,2,0,0,1,Двухместный,2,4,[{'single': 2}],[],"[{'id': 403798, 'capacity': 1, 'prepayment': 'NO', 'nonrefundable': 0, 'cancellation_period': 0, 'cancellation_fee': 'NO', 'breakfast': 0, 'base_price': 7100, 'prices': [7100], 'price': 7100, 'old_price': 7100, 'currency': 'RUB', 'payment_amount': 0, 'extras_variants': [], 'extras': [], 'rate_id': 7725, 'deals': [], 'cancellation_type': 'free', 'credit_card': 0, 'bonus': 355, 'miles': 426, 'min_stay': 1, 'platichastyami': 0, 'mircashback': 710}, {'id': 403799, 'capacity': 2, 'prepayment': 'NO', 'nonrefundable': 0, 'cancellation_period': 0, 'cancellation_fee': 'NO', 'breakfast': 0, 'base_price': 7100, 'prices': [7100], 'price': 7100, 'old_price': 7100, 'currency': 'RUB', 'payment_amount': 0, 'extras_variants': [], 'extras': [], 'rate_id': 7725, 'deals': [], 'cancellation_type': 'free', 'credit_card': 0, 'bonus': 355, 'miles': 426, 'min_stay': 1, 'platichastyami': 0, 'mircashback': 710}]",7100.0,426,15486_101hotels,2026-08-26
2017246,,Двухместный номер-студио Делюкс с 1 кроватью,2,2,0,1,Сюит,27,1,"[{'double': 1}, {'sofa': 1}]","[{'id': '33787', 'number': '2', 'min_age': '0', 'max_age': '3', 'is_extra_bed': '0', 'extra_bed_type_id': '0'}]","[{'id': 931032, 'capacity': 1, 'prepayment': 'FIRST', 'nonrefundable': 1, 'cancellation_period': 0, 'cancellation_fee': 'FIRST', 'breakfast': 0, 'base_price': 8500, 'prices': [8500], 'price': 8500, 'old_price': 8500, 'currency': 'RUB', 'payment_amount': 8500, 'extras_variants': [], 'extras': {'33787': {'id': 33787, 'number': 2, 'extra_bed_type_id': 0, 'age': [0, 3], 'extra_bed': 0, 'free': 1}}, 'rate_id': 43034, 'deals': [], 'cancellation_type': 'nonrefundable', 'credit_card': 1, 'bonus': 425, 'miles': 510, 'min_stay': 1, 'platichastyami': 0, 'mircashback': 850}, {'id': 931033, 'capacity': 2, 'prepayment': 'FIRST', 'nonrefundable': 1, 'cancellation_period': 0, 'cancellation_fee': 'FIRST', 'breakfast': 0, 'base_price': 8500, 'prices': [8500], 'price': 8500, 'old_price': 8500, 'currency': 'RUB', 'payment_amount': 8500, 'extras_variants': [], 'extras': {'33787': {'id': 33787, 'number': 2, 'extra_bed_type_id': 0, 'age': [0, 3], 'extra_bed': 0, 'free': 1}}, 'rate_id': 43034, 'deals': [], 'cancellation_type': 'nonrefundable', 'credit_card': 1, 'bonus': 425, 'miles': 510, 'min_stay': 1, 'platichastyami': 0, 'mircashback': 850}]",8500.0,510,625719_101hotels,2026-08-26
2017247,,Делюкс 2,2,2,0,1,Двухместный,2,1,"[{'double': 1, 'sofa': 1}]","[{'id': '33784', 'number': '2', 'min_age': '0', 'max_age': '3', 'is_extra_bed': '0', 'extra_bed_type_id': '0'}]","[{'id': 931018, 'capacity': 1, 'prepayment': 'FIRST', 'nonrefundable': 1, 'cancellation_period': 0, 'cancellation_fee': 'FIRST', 'breakfast': 0, 'base_price': 7500, 'prices': [7500], 'price': 7500, 'old_price': 7500, 'currency': 'RUB', 'payment_amount': 7500, 'extras_variants': [], 'extras': {'33784': {'id': 33784, 'number': 2, 'extra_bed_type_id': 0, 'age': [0, 3], 'extra_bed': 0, 'free': 1}}, 'rate_id': 43034, 'deals': [], 'cancellation_type': 'nonrefundable', 'credit_card': 1, 'bonus': 375, 'miles': 450, 'min_stay': 1, 'platichastyami': 0, 'mircashback': 750}, {'id': 931019, 'capacity': 2, 'prepayment': 'FIRST', 'nonrefundable': 1, 'cancellation_period': 0, 'cancellation_fee': 'FIRST', 'breakfast': 0, 'base_price': 7500, 'prices': [7500], 'price': 7500, 'old_price': 7500, 'currency': 'RUB', 'payment_amount': 7500, 'extras_variants': [], 'extras': {'33784': {'id': 33784, 'number': 2, 'extra_bed_type_id': 0, 'age': [0, 3], 'extra_bed': 0, 'free': 1}}, 'rate_id': 43034, 'deals': [], 'cancellation_type': 'nonrefundable', 'credit_card': 1, 'bonus': 375, 'miles': 450, 'min_stay': 1, 'platichastyami': 0, 'mircashback': 750}]",7500.0,450,625719_101hotels,2026-08-26
2220530,,2 с видом на горы,2,2,0,1,Делюкс,29,1,"[{'single': 1, 'double': 1}]","[{'id': '33788', 'number': '2', 'min_age': '0', 'max_age': '3', 'is_extra_bed': '0', 'extra_bed_type_id': '0'}]","[{'id': 931036, 'capacity': 1, 'prepayment': 'FIRST', 'nonrefundable': 1, 'cancellation_period': 0, 'cancellation_fee': 'FIRST', 'breakfast': 0, 'base_price': 6500, 'prices': [6500], 'price': 6500, 'old_price': 6500, 'currency': 'RUB', 'payment_amount': 6500, 'extras_variants': [], 'extras': {'33788': {'id': 33788, 'number': 2, 'extra_bed_type_id': 0, 'age': [0, 3], 'extra_bed': 0, 'free': 1}}, 'rate_id': 43034, 'deals': [], 'cancellation_type': 'nonrefundable', 'credit_card': 1, 'bonus': 325, 'miles': 390, 'min_stay': 1, 'platichastyami': 0, 'mircashback': 650}, {'id': 931037, 'capacity': 2, 'prepayment': 'FIRST', 'nonrefundable': 1, 'cancellation_period': 0, 'cancellation_fee': 'FIRST', 'breakfast': 0, 'base_price': 6500, 'prices': [6500], 'price': 6500, 'old_price': 6500, 'currency': 'RUB', 'payment_amount': 6500, 'extras_variants': [], 'extras': {'33788': {'id': 33788, 'number': 2, 'extra_bed_type_id': 0, 'age': [0, 3], 'extra_bed': 0, 'free': 1}}, 'rate_id': 43034, 'deals': [], 'cancellation_type': 'nonrefundable', 'credit_card': 1, 'bonus': 325, 'miles': 390, 'min_stay': 1, 'platichastyami': 0, 'mircashback': 650}]",6500.0,390,625719_101hotels,2026-08-26
2289607,,8,3,1,0,1,Апартаменты,14,1,"[{'double': 1, 'sofa': 1}]","[{'id': '33785', 'number': '2', 'min_age': '0', 'max_age': '3', 'is_extra_bed': '0', 'extra_bed_type_id': '0'}]","[{'id': 1134699, 'capacity': 1, 'prepayment': 'FIRST', 'nonrefundable': 1, 'cancellation_period': 0, 'cancellation_fee': 'FIRST', 'breakfast': 0, 'base_price': 8500, 'prices': [8500], 'price': 8500, 'old_price': 8500, 'currency': 'RUB', 'payment_amount': 8500, 'extras_variants': [], 'extras': {'33785': {'id': 33785, 'number': 2, 'extra_bed_type_id': 0, 'age': [0, 3], 'extra_bed': 0, 'free': 1}}, 'rate_id': 43034, 'deals': [], 'cancellation_type': 'nonrefundable', 'credit_card': 1, 'bonus': 425, 'miles': 510, 'min_stay': 1, 'platichastyami': 0, 'mircashback': 850}, {'id': 1134700, 'capacity': 2, 'prepayment': 'FIRST', 'nonrefundable': 1, 'cancellation_period': 0, 'cancellation_fee': 'FIRST', 'breakfast': 0, 'base_price': 8500, 'prices': [8500], 'price': 8500, 'old_price': 8500, 'currency': 'RUB', 'payment_amount': 8500, 'extras_variants': [], 'extras': {'33785': {'id': 33785, 'number': 2, 'extra_bed_type_id': 0, 'age': [0, 3], 'extra_bed': 0, 'free': 1}}, 'rate_id': 43034, 'deals': [], 'cancellation_type': 'nonrefundable', 'credit_card': 1, 'bonus': 425, 'miles': 510, 'min_stay': 1, 'platichastyami': 0, 'mircashback': 850}, {'id': 1134701, 'capacity': 3, 'prepayment': 'FIRST', 'nonrefundable': 1, 'cancellation_period': 0, 'cancellation_fee': 'FIRST', 'breakfast': 0, 'base_price': 10000, 'prices': [10000], 'price': 10000, 'old_price': 10000, 'currency': 'RUB', 'payment_amount': 10000, 'extras_variants': [], 'extras': {'33785': {'id': 33785, 'number': 2, 'extra_bed_type_id': 0, 'age': [0, 3], 'extra_bed': 0, 'free': 1}}, 'rate_id': 43034, 'deals': [], 'cancellation_type': 'nonrefundable', 'credit_card': 1, 'bonus': 500, 'miles': 600, 'min_stay': 1, 'platichastyami': 0, 'mircashback': 1000}]",8500.0,510,625719_101hotels,2026-08-26
2310705,,Афрейм на Байкале,4,1,0,1,Дом,56,1,"[{'double': 1}, {'sofa': 1}]","[{'id': '33793', 'number': '2', 'min_age': '0', 'max_age': '12', 'is_extra_bed': '0', 'extra_bed_type_id': '0'}]","[{'id': 1134702, 'capacity': 1, 'prepayment': 'FIRST', 'nonrefundable': 1, 'cancellation_period': 0, 'cancellation_fee': 'FIRST', 'breakfast': 0, 'base_price': 15000, 'prices': [15000], 'price': 15000, 'old_price': 15000, 'currency': 'RUB', 'payment_amount': 15000, 'extras_variants': [], 'extras': {'33793': {'id': 33793, 'number': 2, 'extra_bed_type_id': 0, 'age': [0, 12], 'extra_bed': 0, 'free': 1}}, 'rate_id': 43034, 'deals': [], 'cancellation_type': 'nonrefundable', 'credit_card': 1, 'bonus': 750, 'miles': 900, 'min_stay': 1, 'platichastyami': 0, 'mircashback': 1500}, {'id': 1134703, 'capacity': 2, 'prepayment': 'FIRST', 'nonrefundable': 1, 'cancellation_period': 0, 'cancellation_fee': 'FIRST', 'breakfast': 0, 'base_price': 15000, 'prices': [15000], 'price': 15000, 'old_price': 15000, 'currency': 'RUB', 'payment_amount': 15000, 'extras_variants': [], 'extras': {'33793': {'id': 33793, 'number': 2, 'extra_bed_type_id': 0, 'age': [0, 12], 'extra_bed': 0, 'free': 1}}, 'rate_id': 43034, 'deals': [], 'cancellation_type': 'nonrefundable', 'credit_card': 1, 'bonus': 750, 'miles': 900, 'min_stay': 1, 'platichastyami': 0, 'mircashback': 1500}, {'id': 1134704, 'capacity': 3, 'prepayment': 'FIRST', 'nonrefundable': 1, 'cancellation_period': 0, 'cancellation_fee': 'FIRST', 'breakfast': 0, 'base_price': 15000, 'prices': [15000], 'price': 15000, 'old_price': 15000, 'currency': 'RUB', 'payment_amount': 15000, 'extras_variants': [], 'extras': {'33793': {'id': 33793, 'number': 2, 'extra_bed_type_id': 0, 'age': [0, 12], 'extra_bed': 0, 'free': 1}}, 'rate_id': 43034, 'deals': [], 'cancellation_type': 'nonrefundable', 'credit_card': 1, 'bonus': 750, 'miles': 900, 'min_stay': 1, 'platichastyami': 0, 'mircashback': 1500}, {'id': 1134705, 'capacity': 4, 'prepayment': 'FIRST', 'nonrefundable': 1, 'cancellation_period': 0, 'cancellation_fee': 'FIRST', 'breakfast': 0, 'base_price': 15000, 'prices': [15000], 'price': 15000, 'old_price': 15000, 'currency': 'RUB', 'payment_amount': 15000, 'extras_variants': [], 'extras': {'33793': {'id': 33793, 'number': 2, 'extra_bed_type_id': 0, 'age': [0, 12], 'extra_bed': 0, 'free': 1}}, 'rate_id': 43034, 'deals': [], 'cancellation_type': 'nonrefundable', 'credit_card': 1, 'bonus': 750, 'miles': 900, 'min_stay': 1, 'platichastyami': 0, 'mircashback': 1500}]",15000.0,900,625719_101hotels,2026-08-26
1311622,,Стандарт,2,0,0,1,Двухместный,2,4,[{'double': 1}],[],"[{'id': 493673, 'capacity': 1, 'prepayment': 'FIRST', 'nonrefundable': 0, 'cancellation_period': 3, 'cancellation_fee': 'FIRST', 'breakfast': 1, 'base_price': 6600, 'prices': [6600], 'price': 6600, 'old_price': 6600, 'currency': 'RUB', 'payment_amount': 6600, 'extras_variants': [], 'extras': [], 'rate_id': 13904, 'deals': [], 'cancellation_type': 'special', 'credit_card': 1, 'bonus': 330, 'miles': 396, 'min_stay': 1, 'platichastyami': 0, 'mircashback': 660}, {'id': 493674, 'capacity': 2, 'prepayment': 'FIRST', 'nonrefundable': 0, 'cancellation_period': 3, 'cancellation_fee': 'FIRST', 'breakfast': 1, 'base_price': 7600, 'prices': [7600], 'price': 7600, 'old_price': 7600, 'currency': 'RUB', 'payment_amount': 7600, 'extras_variants': [], 'extras': [], 'rate_id': 13904, 'deals': [], 'cancellation_type': 'special', 'credit_card': 1, 'bonus': 380, 'miles': 456, 'min_stay': 1, 'platichastyami': 0, 'mircashback': 760}]",6600.0,396,411742_101hotels,2026-08-26
1311624,,Стандарт улучшенный,2,1,0,1,Двухместный,2,4,"[{'single': 2}, {'double': 1}]","[{'id': '41933', 'number': '1', 'min_age': '0', 'max_age': '2', 'is_extra_bed': '1', 'extra_bed_type_id': '4'}]","[{'id': 493677, 'capacity': 1, 'prepayment': 'FIRST', 'nonrefundable': 0, 'cancellation_period': 3, 'cancellation_fee': 'FIRST', 'breakfast': 1, 'base_price': 7000, 'prices': [7000], 'price': 7000, 'old_price': 7000, 'currency': 'RUB', 'payment_amount': 7000, 'extras_variants': [], 'extras': {'41933': {'id': 41933, 'number': 1, 'extra_bed_type_id': 4, 'age': [0, 2], 'extra_bed': 1, 'free': 1}}, 'rate_id': 13904, 'deals': [], 'cancellation_type': 'special', 'credit_card': 1, 'bonus': 350, 'miles': 420, 'min_stay': 1, 'platichastyami': 0, 'mircashback': 700}, {'id': 493678, 'capacity': 2, 'prepayment': 'FIRST', 'nonrefundable': 0, 'cancellation_period': 3, 'cancellation_fee': 'FIRST', 'breakfast': 1, 'base_price': 8000, 'prices': [8000], 'price': 8000, 'old_price': 8000, 'currency': 'RUB', 'payment_amount': 8000, 'extras_variants': [], 'extras': {'41933': {'id': 41933, 'number': 1, 'extra_bed_type_id': 4, 'age': [0, 2], 'extra_bed': 1, 'free': 1}}, 'rate_id': 13904, 'deals': [], 'cancellation_type': 'special', 'credit_card': 1, 'bonus': 400, 'miles': 480, 'min_stay': 1, 'platichastyami': 0, 'mircashback': 800}]",7000.0,420,411742_101hotels,2026-08-26
1311625,,Джуниор Сьют,2,1,0,1,Студио,5,4,"[{'single': 2}, {'double': 1}]","[{'id': '829', 'number': '1', 'min_age': '0', 'max_age': '2', 'is_extra_bed': '1', 'extra_bed_type_id': '4'}]","[{'id': 493679, 'capacity': 1, 'prepayment': 'FIRST', 'nonrefundable': 0, 'cancellation_period': 3, 'cancellation_fee': 'FIRST', 'breakfast': 1, 'base_price': 11500, 'prices': [11500], 'price': 11500, 'old_price': 11500, 'currency': 'RUB', 'payment_amount': 11500, 'extras_variants': [], 'extras': {'829': {'id': 829, 'number': 1, 'extra_bed_type_id': 4, 'age': [0, 2], 'extra_bed': 1, 'free': 1}}, 'rate_id': 13904, 'deals': [], 'cancellation_type': 'special', 'credit_card': 1, 'bonus': 575, 'miles': 690, 'min_stay': 1, 'platichastyami': 0, 'mircashback': 1150}, {'id': 493680, 'capacity': 2, 'prepayment': 'FIRST', 'nonrefundable': 0, 'cancellation_period': 3, 'cancellation_fee': 'FIRST', 'breakfast': 1, 'base_price': 11500, 'prices': [11500], 'price': 11500, 'old_price': 11500, 'currency': 'RUB', 'payment_amount': 11500, 'extras_variants': [], 'extras': {'829': {'id': 829, 'number': 1, 'extra_bed_type_id': 4, 'age': [0, 2], 'extra_bed': 1, 'free': 1}}, 'rate_id': 13904, 'deals': [], 'cancellation_type': 'special', 'credit_card': 1, 'bonus': 575, 'miles': 690, 'min_stay': 1, 'platichastyami': 0, 'mircashback': 1150}]",11500.0,690,411742_101hotels,2026-08-26
1311626,,Двухкомнатный номер,2,2,0,1,Люкс,6,1,"[{'single': 2}, {'double': 1}]","[{'id': '41934', 'number': '1', 'min_age': '0', 'max_age': '2', 'is_extra_bed': '1', 'extra_bed_type_id': '4'}]","[{'id': 493681, 'capacity': 1, 'prepayment': 'FIRST', 'nonrefundable': 0, 'cancellation_period': 3, 'cancellation_fee': 'FIRST', 'breakfast': 1, 'base_price': 13500, 'prices': [13500], 'price': 13500, 'old_price': 13500, 'currency': 'RUB', 'payment_amount': 13500, 'extras_variants': [], 'extras': {'41934': {'id': 41934, 'number': 1, 'extra_bed_type_id': 4, 'age': [0, 2], 'extra_bed': 1, 'free': 1}}, 'rate_id': 13904, 'deals': [], 'cancellation_type': 'special', 'credit_card': 1, 'bonus': 675, 'miles': 810, 'min_stay': 1, 'platichastyami': 0, 'mircashback': 1350}, {'id': 493682, 'capacity': 2, 'prepayment': 'FIRST', 'nonrefundable': 0, 'cancellation_period': 3, 'cancellation_fee': 'FIRST', 'breakfast': 1, 'base_price': 13500, 'prices': [13500], 'price': 13500, 'old_price': 13500, 'currency': 'RUB', 'payment_amount': 13500, 'extras_variants': [], 'extras': {'41934': {'id': 41934, 'number': 1, 'extra_bed_type_id': 4, 'age': [0, 2], 'extra_bed': 1, 'free': 1}}, 'rate_id': 13904, 'deals': [], 'cancellation_type': 'special', 'credit_card': 1, 'bonus': 675, 'miles': 810, 'min_stay': 1, 'platichastyami': 0, 'mircashback': 1350}]",13500.0,810,411742_101hotels,2026-08-26
2278075,,"Номер высшей категории ""Джуниор Сюит""  - Премиальный",2,2,0,1,Полулюкс,4,1,"[{'single': 2}, {'double': 1}]",[],"[{'id': 835105, 'capacity': 1, 'prepayment': 'FIRST', 'nonrefundable': 0, 'cancellation_period': 3, 'cancellation_fee': 'FIRST', 'breakfast': 1, 'base_price': 15000, 'prices': [15000], 'price': 15000, 'old_price': 15000, 'currency': 'RUB', 'payment_amount': 15000, 'extras_variants': [], 'extras': [], 'rate_id': 13904, 'deals': [], 'cancellation_type': 'special', 'credit_card': 1, 'bonus': 750, 'miles': 900, 'min_stay': 1, 'platichastyami': 0, 'mircashback': 1500}, {'id': 835106, 'capacity': 2, 'prepayment': 'FIRST', 'nonrefundable': 0, 'cancellation_period': 3, 'cancellation_fee': 'FIRST', 'breakfast': 1, 'base_price': 15000, 'prices': [15000], 'price': 15000, 'old_price': 15000, 'currency': 'RUB', 'payment_amount': 15000, 'extras_variants': [], 'extras': [], 'rate_id': 13904, 'deals': [], 'cancellation_type': 'special', 'credit_card': 1, 'bonus': 750, 'miles': 900, 'min_stay': 1, 'platichastyami': 0, 'mircashback': 1500}]",15000.0,900,411742_101hotels,2026-08-26
61067,,Делюкс с двумя односпальными кроватями,2,1,0,1,Двухместный,2,2,[{'single': 2}],"[{'id': '6143', 'number': '1', 'min_age': '0', 'max_age': '1', 'is_extra_bed': '1', 'extra_bed_type_id': '4'}]","[{'id': 1034459, 'capacity': 1, 'prepayment': 'FIRST', 'nonrefundable': 1, 'cancellation_period': 0, 'cancellation_fee': 'FIRST', 'breakfast': 0, 'base_price': 7000, 'prices': [7000], 'price': 7000, 'old_price': 7000, 'currency': 'RUB', 'payment_amount': 7000, 'extras_variants': [], 'extras': {'6143': {'id': 6143, 'number': 1, 'extra_bed_type_id': 4, 'age': [0, 1], 'extra_bed': 1, 'free': 1}}, 'rate_id': 50196, 'deals': [], 'cancellation_type': 'nonrefundable', 'credit_card': 1, 'bonus': 350, 'miles': 420, 'min_stay': 1, 'platichastyami': 0, 'mircashback': 700}, {'id': 1039805, 'capacity': 1, 'prepayment': 'FIRST', 'nonrefundable': 1, 'cancellation_period': 0, 'cancellation_fee': 'FIRST', 'breakfast': 0, 'base_price': 10100, 'prices': [10100], 'price': 8080, 'old_price': 10100, 'currency': 'RUB', 'payment_amount': 10100, 'extras_variants': [], 'extras': {'6143': {'id': 6143, 'number': 1, 'extra_bed_type_id': 4, 'age': [0, 1], 'extra_bed': 1, 'free': 1}}, 'rate_id': 50565, 'deals': ['BASE'], 'cancellation_type': 'nonrefundable', 'credit_card': 1, 'bonus': 404, 'miles': 483, 'min_stay': 1, 'platichastyami': 0, 'mircashback': 808}, {'id': 1034460, 'capacity': 2, 'prepayment': 'FIRST', 'nonrefundable': 1, 'cancellation_period': 0, 'cancellation_fee': 'FIRST', 'breakfast': 0, 'base_price': 7000, 'prices': [7000], 'price': 7000, 'old_price': 7000, 'currency': 'RUB', 'payment_amount': 7000, 'extras_variants': [], 'extras': {'6143': {'id': 6143, 'number': 1, 'extra_bed_type_id': 4, 'age': [0, 1], 'extra_bed': 1, 'free': 1}}, 'rate_id': 50196, 'deals': [], 'cancellation_type': 'nonrefundable', 'credit_card': 1, 'bonus': 350, 'miles': 420, 'min_stay': 1, 'platichastyami': 0, 'mircashback': 700}, {'id': 1039806, 'capacity': 2, 'prepayment': 'FIRST', 'nonrefundable': 1, 'cancellation_period': 0, 'cancellation_fee': 'FIRST', 'breakfast': 0, 'base_price': 10100, 'prices': [10100], 'price': 8080, 'old_price': 10100, 'currency': 'RUB', 'payment_amount': 10100, 'extras_variants': [], 'extras': {'6143': {'id': 6143, 'number': 1, 'extra_bed_type_id': 4, 'age': [0, 1], 'extra_bed': 1, 'free': 1}}, 'rate_id': 50565, 'deals': ['BASE'], 'cancellation_type': 'nonrefundable', 'credit_card': 1, 'bonus': 404, 'miles': 483, 'min_stay': 1, 'platichastyami': 0, 'mircashback': 808}]",7000.0,420,10564_101hotels,2026-08-26
61068,,Люкс,4,2,0,1,Сюит,27,1,"[{'double': 1}, {'double': 1}]","[{'id': '42003', 'number': '1', 'min_age': '0', 'max_age': '7', 'is_extra_bed': '0', 'extra_bed_type_id': '0'}]","[{'id': 1034463, 'capacity': 1, 'prepayment': 'FIRST', 'nonrefundable': 1, 'cancellation_period': 0, 'cancellation_fee': 'FIRST', 'breakfast': 0, 'base_price': 11000, 'prices': [11000], 'price': 11000, 'old_price': 11000, 'currency': 'RUB', 'payment_amount': 11000, 'extras_variants': [], 'extras': {'42003': {'id': 42003, 'number': 1, 'extra_bed_type_id': 0, 'age': [0, 7], 'extra_bed': 0, 'free': 1}}, 'rate_id': 50196, 'deals': [], 'cancellation_type': 'nonrefundable', 'credit_card': 1, 'bonus': 550, 'miles': 660, 'min_stay': 1, 'platichastyami': 0, 'mircashback': 1100}, {'id': 1034464, 'capacity': 2, 'prepayment': 'FIRST', 'nonrefundable': 1, 'cancellation_period': 0, 'cancellation_fee': 'FIRST', 'breakfast': 0, 'base_price': 11000, 'prices': [11000], 'price': 11000, 'old_price': 11000, 'currency': 'RUB', 'payment_amount': 11000, 'extras_variants': [], 'extras': {'42003': {'id': 42003, 'number': 1, 'extra_bed_type_id': 0, 'age': [0, 7], 'extra_bed': 0, 'free': 1}}, 'rate_id': 50196, 'deals': [], 'cancellation_type': 'nonrefundable', 'credit_card': 1, 'bonus': 550, 'miles': 660, 'min_stay': 1, 'platichastyami': 0, 'mircashback': 1100}, {'id': 1034465, 'capacity': 3, 'prepayment': 'FIRST', 'nonrefundable': 1, 'cancellation_period': 0, 'cancellation_fee': 'FIRST', 'breakfast': 0, 'base_price': 11000, 'prices': [11000], 'price': 11000, 'old_price': 11000, 'currency': 'RUB', 'payment_amount': 11000, 'extras_variants': [], 'extras': {'42003': {'id': 42003, 'number': 1, 'extra_bed_type_id': 0, 'age': [0, 7], 'extra_bed': 0, 'free': 1}}, 'rate_id': 50196, 'deals': [], 'cancellation_type': 'nonrefundable', 'credit_card': 1, 'bonus': 550, 'miles': 660, 'min_stay': 1, 'platichastyami': 0, 'mircashback': 1100}, {'id': 1034466, 'capacity': 4, 'prepayment': 'FIRST', 'nonrefundable': 1, 'cancellation_period': 0, 'cancellation_fee': 'FIRST', 'breakfast': 0, 'base_price': 11000, 'prices': [11000], 'price': 11000, 'old_price': 11000, 'currency': 'RUB', 'payment_amount': 11000, 'extras_variants': [], 'extras': {'42003': {'id': 42003, 'number': 1, 'extra_bed_type_id': 0, 'age': [0, 7], 'extra_bed': 0, 'free': 1}}, 'rate_id': 50196, 'deals': [], 'cancellation_type': 'nonrefundable', 'credit_card': 1, 'bonus': 550, 'miles': 660, 'min_stay': 1, 'platichastyami': 0, 'mircashback': 1100}]",11000.0,660,10564_101hotels,2026-08-26
1573905,,,4,2,0,1,Семейный,44,1,"[{'single': 2, 'double': 1}, {'single': 4}]","[{'id': '42002', 'number': '1', 'min_age': '0', 'max_age': '7', 'is_extra_bed': '0', 'extra_bed_type_id': '0'}]","[{'id': 1034467, 'capacity': 1, 'prepayment': 'FIRST', 'nonrefundable': 1, 'cancellation_period': 0, 'cancellation_fee': 'FIRST', 'breakfast': 0, 'base_price': 12000, 'prices': [12000], 'price': 12000, 'old_price': 12000, 'currency': 'RUB', 'payment_amount': 12000, 'extras_variants': [], 'extras': {'42002': {'id': 42002, 'number': 1, 'extra_bed_type_id': 0, 'age': [0, 7], 'extra_bed': 0, 'free': 1}}, 'rate_id': 50196, 'deals': [], 'cancellation_type': 'nonrefundable', 'credit_card': 1, 'bonus': 600, 'miles': 720, 'min_stay': 1, 'platichastyami': 0, 'mircashback': 1200}, {'id': 1034468, 'capacity': 2, 'prepayment': 'FIRST', 'nonrefundable': 1, 'cancellation_period': 0, 'cancellation_fee': 'FIRST', 'breakfast': 0, 'base_price': 12000, 'prices': [12000], 'price': 12000, 'old_price': 12000, 'currency': 'RUB', 'payment_amount': 12000, 'extras_variants': [], 'extras': {'42002': {'id': 42002, 'number': 1, 'extra_bed_type_id': 0, 'age': [0, 7], 'extra_bed': 0, 'free': 1}}, 'rate_id': 50196, 'deals': [], 'cancellation_type': 'nonrefundable', 'credit_card': 1, 'bonus': 600, 'miles': 720, 'min_stay': 1, 'platichastyami': 0, 'mircashback': 1200}, {'id': 1034469, 'capacity': 3, 'prepayment': 'FIRST', 'nonrefundable': 1, 'cancellation_period': 0, 'cancellation_fee': 'FIRST', 'breakfast': 0, 'base_price': 12000, 'prices': [12000], 'price': 12000, 'old_price': 12000, 'currency': 'RUB', 'payment_amount': 12000, 'extras_variants': [], 'extras': {'42002': {'id': 42002, 'number': 1, 'extra_bed_type_id': 0, 'age': [0, 7], 'extra_bed': 0, 'free': 1}}, 'rate_id': 50196, 'deals': [], 'cancellation_type': 'nonrefundable', 'credit_card': 1, 'bonus': 600, 'miles': 720, 'min_stay': 1, 'platichastyami': 0, 'mircashback': 1200}, {'id': 1034470, 'capacity': 4, 'prepayment': 'FIRST', 'nonrefundable': 1, 'cancellation_period': 0, 'cancellation_fee': 'FIRST', 'breakfast': 0, 'base_price': 12000, 'prices': [12000], 'price': 12000, 'old_price': 12000, 'currency': 'RUB', 'payment_amount': 12000, 'extras_variants': [], 'extras': {'42002': {'id': 42002, 'number': 1, 'extra_bed_type_id': 0, 'age': [0, 7], 'extra_bed': 0, 'free': 1}}, 'rate_id': 50196, 'deals': [], 'cancellation_type': 'nonrefundable', 'credit_card': 1, 'bonus': 600, 'miles': 720, 'min_stay': 1, 'platichastyami': 0, 'mircashback': 1200}]",12000.0,720,10564_101hotels,2026-08-26
2227221,,Делюкс с одной двуспальной кроватью,2,1,0,1,Двухместный,2,1,[{'double': 1}],"[{'id': '42001', 'number': '1', 'min_age': '0', 'max_age': '7', 'is_extra_bed': '0', 'extra_bed_type_id': '0'}]","[{'id': 1034461, 'capacity': 1, 'prepayment': 'FIRST', 'nonrefundable': 1, 'cancellation_period': 0, 'cancellation_fee': 'FIRST', 'breakfast': 0, 'base_price': 7000, 'prices': [7000], 'price': 7000, 'old_price': 7000, 'currency': 'RUB', 'payment_amount': 7000, 'extras_variants': [], 'extras': {'42001': {'id': 42001, 'number': 1, 'extra_bed_type_id': 0, 'age': [0, 7], 'extra_bed': 0, 'free': 1}}, 'rate_id': 50196, 'deals': [], 'cancellation_type': 'nonrefundable', 'credit_card': 1, 'bonus': 350, 'miles': 420, 'min_stay': 1, 'platichastyami': 0, 'mircashback': 700}, {'id': 1034462, 'capacity': 2, 'prepayment': 'FIRST', 'nonrefundable': 1, 'cancellation_period': 0, 'cancellation_fee': 'FIRST', 'breakfast': 0, 'base_price': 7000, 'prices': [7000], 'price': 7000, 'old_price': 7000, 'currency': 'RUB', 'payment_amount': 7000, 'extras_variants': [], 'extras': {'42001': {'id': 42001, 'number': 1, 'extra_bed_type_id': 0, 'age': [0, 7], 'extra_bed': 0, 'free': 1}}, 'rate_id': 50196, 'deals': [], 'cancellation_type': 'nonrefundable', 'credit_card': 1, 'bonus': 350, 'miles': 420, 'min_stay': 1, 'platichastyami': 0, 'mircashback': 700}]",7000.0,420,10564_101hotels,2026-08-26
5692,,Стандарт с видом,1,0,0,1,Одноместный,1,1,[{'single': 1}],[],"[{'id': 1031129, 'capacity': 1, 'prepayment': 'FULL', 'nonrefundable': 0, 'cancellation_period': 1, 'cancellation_fee': 'FIRST', 'breakfast': 0, 'base_price': 9100, 'prices': [9100], 'price': 9100, 'old_price': 9100, 'currency': 'RUB', 'payment_amount': 9100, 'extras_variants': [], 'extras': [], 'rate_id': 49936, 'deals': [], 'cancellation_type': 'special', 'credit_card': 1, 'bonus': 455, 'miles': 546, 'min_stay': 1, 'platichastyami': 0, 'mircashback': 910}, {'id': 1229228, 'capacity': 1, 'prepayment': 'FULL', 'nonrefundable': 0, 'cancellation_period': 1, 'cancellation_fee': 'FIRST', 'breakfast': 1, 'base_price': 10780, 'prices': [10780], 'price': 10780, 'old_price': 10780, 'currency': 'RUB', 'payment_amount': 10780, 'extras_variants': [], 'extras': [], 'rate_id': 63272, 'deals': [], 'cancellation_type': 'special', 'credit_card': 1, 'bonus': 539, 'miles': 645, 'min_stay': 1, 'platichastyami': 0, 'mircashback': 1078}]",9100.0,546,219_101hotels,2026-08-26
5694,,Стандарт,2,1,0,1,Двухместный,2,6,[{'single': 2}],"[{'id': '49342', 'number': '1', 'min_age': '0', 'max_age': '14', 'is_extra_bed': '1', 'extra_bed_type_id': '3'}]","[{'id': 1031131, 'capacity': 1, 'prepayment': 'FULL', 'nonrefundable': 0, 'cancellation_period': 1, 'cancellation_fee': 'FIRST', 'breakfast': 0, 'base_price': 12700, 'prices': [12700], 'price': 12700, 'old_price': 12700, 'currency': 'RUB', 'payment_amount': 12700, 'extras_variants': [], 'extras': {'49342': {'id': 49342, 'number': 1, 'extra_bed_type_id': 3, 'age': [0, 14], 'extra_bed': 1, 'free': 1}}, 'rate_id': 49936, 'deals': [], 'cancellation_type': 'special', 'credit_card': 1, 'bonus': 635, 'miles': 762, 'min_stay': 1, 'platichastyami': 0, 'mircashback': 1270}, {'id': 1229222, 'capacity': 1, 'prepayment': 'FULL', 'nonrefundable': 0, 'cancellation_period': 1, 'cancellation_fee': 'FIRST', 'breakfast': 1, 'base_price': 14380, 'prices': [14380], 'price': 14380, 'old_price': 14380, 'currency': 'RUB', 'payment_amount': 14380, 'extras_variants': [], 'extras': {'49342': {'id': 49342, 'number': 1, 'extra_bed_type_id': 3, 'age': [0, 14], 'extra_bed': 1, 'free': 1}}, 'rate_id': 63272, 'deals': [], 'cancellation_type': 'special', 'credit_card': 1, 'bonus': 719, 'miles': 861, 'min_stay': 1, 'platichastyami': 0, 'mircashback': 1438}, {'id': 1031132, 'capacity': 2, 'prepayment': 'FULL', 'nonrefundable': 0, 'cancellation_period': 1, 'cancellation_fee': 'FIRST', 'breakfast': 0, 'base_price': 13300, 'prices': [13300], 'price': 13300, 'old_price': 13300, 'currency': 'RUB', 'payment_amount': 13300, 'extras_variants': [], 'extras': {'49342': {'id': 49342, 'number': 1, 'extra_bed_type_id': 3, 'age': [0, 14], 'extra_bed': 1, 'free': 1}}, 'rate_id': 49936, 'deals': [], 'cancellation_type': 'special', 'credit_card': 1, 'bonus': 665, 'miles': 798, 'min_stay': 1, 'platichastyami': 0, 'mircashback': 1330}, {'id': 1229223, 'capacity': 2, 'prepayment': 'FULL', 'nonrefundable': 0, 'cancellation_period': 1, 'cancellation_fee': 'FIRST', 'breakfast': 1, 'base_price': 16660, 'prices': [16660], 'price': 16660, 'old_price': 16660, 'currency': 'RUB', 'payment_amount': 16660, 'extras_variants': [], 'extras': {'49342': {'id': 49342, 'number': 1, 'extra_bed_type_id': 3, 'age': [0, 14], 'extra_bed': 1, 'free': 1}}, 'rate_id': 63272, 'deals': [], 'cancellation_type': 'special', 'credit_card': 1, 'bonus': 833, 'miles': 999, 'min_stay': 1, 'platichastyami': 0, 'mircashback': 1666}]",12700.0,762,219_101hotels,2026-08-26
5696,,Стандарт+ с видом и балконом,2,1,0,1,Двухместный,2,2,[{'single': 2}],"[{'id': '49344', 'number': '1', 'min_age': '0', 'max_age': '14', 'is_extra_bed': '1', 'extra_bed_type_id': '3'}]","[{'id': 1031135, 'capacity': 1, 'prepayment': 'FULL', 'nonrefundable': 0, 'cancellation_period': 1, 'cancellation_fee': 'FIRST', 'breakfast': 0, 'base_price': 14900, 'prices': [14900], 'price': 14900, 'old_price': 14900, 'currency': 'RUB', 'payment_amount': 14900, 'extras_variants': [], 'extras': {'49344': {'id': 49344, 'number': 1, 'extra_bed_type_id': 3, 'age': [0, 14], 'extra_bed': 1, 'free': 1}}, 'rate_id': 49936, 'deals': [], 'cancellation_type': 'special', 'credit_card': 1, 'bonus': 745, 'miles': 894, 'min_stay': 1, 'platichastyami': 0, 'mircashback': 1490}, {'id': 1229230, 'capacity': 1, 'prepayment': 'FULL', 'nonrefundable': 0, 'cancellation_period': 1, 'cancellation_fee': 'FIRST', 'breakfast': 1, 'base_price': 16580, 'prices': [16580], 'price': 16580, 'old_price': 16580, 'currency': 'RUB', 'payment_amount': 16580, 'extras_variants': [], 'extras': {'49344': {'id': 49344, 'number': 1, 'extra_bed_type_id': 3, 'age': [0, 14], 'extra_bed': 1, 'free': 1}}, 'rate_id': 63272, 'deals': [], 'cancellation_type': 'special', 'credit_card': 1, 'bonus': 829, 'miles': 993, 'min_stay': 1, 'platichastyami': 0, 'mircashback': 1658}, {'id': 1031136, 'capacity': 2, 'prepayment': 'FULL', 'nonrefundable': 0, 'cancellation_period': 1, 'cancellation_fee': 'FIRST', 'breakfast': 0, 'base_price': 15500, 'prices': [15500], 'price': 15500, 'old_price': 15500, 'currency': 'RUB', 'payment_amount': 15500, 'extras_variants': [], 'extras': {'49344': {'id': 49344, 'number': 1, 'extra_bed_type_id': 3, 'age': [0, 14], 'extra_bed': 1, 'free': 1}}, 'rate_id': 49936, 'deals': [], 'cancellation_type': 'special', 'credit_card': 1, 'bonus': 775, 'miles': 930, 'min_stay': 1, 'platichastyami': 0, 'mircashback': 1550}, {'id': 1229231, 'capacity': 2, 'prepayment': 'FULL', 'nonrefundable': 0, 'cancellation_period': 1, 'cancellation_fee': 'FIRST', 'breakfast': 1, 'base_price': 18860, 'prices': [18860], 'price': 18860, 'old_price': 18860, 'currency': 'RUB', 'payment_amount': 18860, 'extras_variants': [], 'extras': {'49344': {'id': 49344, 'number': 1, 'extra_bed_type_id': 3, 'age': [0, 14], 'extra_bed': 1, 'free': 1}}, 'rate_id': 63272, 'deals': [], 'cancellation_type': 'special', 'credit_card': 1, 'bonus': 943, 'miles': 1131, 'min_stay': 1, 'platichastyami': 0, 'mircashback': 1886}]",14900.0,894,219_101hotels,2026-08-26
5697,,Джуниор сюит,2,2,0,1,Студио,5,2,[{'double': 1}],"[{'id': '50103', 'number': '2', 'min_age': '0', 'max_age': '14', 'is_extra_bed': '1', 'extra_bed_type_id': '1'}]","[{'id': 1031139, 'capacity': 1, 'prepayment': 'FULL', 'nonrefundable': 0, 'cancellation_period': 1, 'cancellation_fee': 'FIRST', 'breakfast': 0, 'base_price': 17900, 'prices': [17900], 'price': 17900, 'old_price': 17900, 'currency': 'RUB', 'payment_amount': 17900, 'extras_variants': [], 'extras': {'50103': {'id': 50103, 'number': 2, 'extra_bed_type_id': 1, 'age': [0, 14], 'extra_bed': 1, 'free': 1}}, 'rate_id': 49936, 'deals': [], 'cancellation_type': 'special', 'credit_card': 1, 'bonus': 895, 'miles': 1074, 'min_stay': 1, 'platichastyami': 0, 'mircashback': 1790}, {'id': 1229216, 'capacity': 1, 'prepayment': 'FULL', 'nonrefundable': 0, 'cancellation_period': 1, 'cancellation_fee': 'FIRST', 'breakfast': 1, 'base_price': 19580, 'prices': [19580], 'price': 19580, 'old_price': 19580, 'currency': 'RUB', 'payment_amount': 19580, 'extras_variants': [], 'extras': {'50103': {'id': 50103, 'number': 2, 'extra_bed_type_id': 1, 'age': [0, 14], 'extra_bed': 1, 'free': 1}}, 'rate_id': 63272, 'deals': [], 'cancellation_type': 'special', 'credit_card': 1, 'bonus': 979, 'miles': 1173, 'min_stay': 1, 'platichastyami': 0, 'mircashback': 1958}, {'id': 1031140, 'capacity': 2, 'prepayment': 'FULL', 'nonrefundable': 0, 'cancellation_period': 1, 'cancellation_fee': 'FIRST', 'breakfast': 0, 'base_price': 18400, 'prices': [18400], 'price': 18400, 'old_price': 18400, 'currency': 'RUB', 'payment_amount': 18400, 'extras_variants': [], 'extras': {'50103': {'id': 50103, 'number': 2, 'extra_bed_type_id': 1, 'age': [0, 14], 'extra_bed': 1, 'free': 1}}, 'rate_id': 49936, 'deals': [], 'cancellation_type': 'special', 'credit_card': 1, 'bonus': 920, 'miles': 1104, 'min_stay': 1, 'platichastyami': 0, 'mircashback': 1840}, {'id': 1229217, 'capacity': 2, 'prepayment': 'FULL', 'nonrefundable': 0, 'cancellation_period': 1, 'cancellation_fee': 'FIRST', 'breakfast': 1, 'base_price': 21760, 'prices': [21760], 'price': 21760, 'old_price': 21760, 'currency': 'RUB', 'payment_amount': 21760, 'extras_variants': [], 'extras': {'50103': {'id': 50103, 'number': 2, 'extra_bed_type_id': 1, 'age': [0, 14], 'extra_bed': 1, 'free': 1}}, 'rate_id': 63272, 'deals': [], 'cancellation_type': 'special', 'credit_card': 1, 'bonus': 1088, 'miles': 1305, 'min_stay': 1, 'platichastyami': 0, 'mircashback': 2176}]",17900.0,1074,219_101hotels,2026-08-26
5698,,Люкс,2,2,0,1,Люкс,6,2,[{'double': 1}],"[{'id': '50107', 'number': '1', 'min_age': '0', 'max_age': '14', 'is_extra_bed': '1', 'extra_bed_type_id': '1'}]","[{'id': 1031141, 'capacity': 1, 'prepayment': 'FULL', 'nonrefundable': 0, 'cancellation_period': 1, 'cancellation_fee': 'FIRST', 'breakfast': 0, 'base_price': 20000, 'prices': [20000], 'price': 20000, 'old_price': 20000, 'currency': 'RUB', 'payment_amount': 20000, 'extras_variants': [], 'extras': {'50107': {'id': 50107, 'number': 1, 'extra_bed_type_id': 1, 'age': [0, 14], 'extra_bed': 1, 'free': 1}}, 'rate_id': 49936, 'deals': [], 'cancellation_type': 'special', 'credit_card': 1, 'bonus': 1000, 'miles': 1200, 'min_stay': 1, 'platichastyami': 0, 'mircashback': 2000}, {'id': 1229218, 'capacity': 1, 'prepayment': 'FULL', 'nonrefundable': 0, 'cancellation_period': 1, 'cancellation_fee': 'FIRST', 'breakfast': 1, 'base_price': 21680, 'prices': [21680], 'price': 21680, 'old_price': 21680, 'currency': 'RUB', 'payment_amount': 21680, 'extras_variants': [], 'extras': {'50107': {'id': 50107, 'number': 1, 'extra_bed_type_id': 1, 'age': [0, 14], 'extra_bed': 1, 'free': 1}}, 'rate_id': 63272, 'deals': [], 'cancellation_type': 'special', 'credit_card': 1, 'bonus': 1084, 'miles': 1299, 'min_stay': 1, 'platichastyami': 0, 'mircashback': 2168}, {'id': 1031142, 'capacity': 2, 'prepayment': 'FULL', 'nonrefundable': 0, 'cancellation_period': 1, 'cancellation_fee': 'FIRST', 'breakfast': 0, 'base_price': 20600, 'prices': [20600], 'price': 20600, 'old_price': 20600, 'currency': 'RUB', 'payment_amount': 20600, 'extras_variants': [], 'extras': {'50107': {'id': 50107, 'number': 1, 'extra_bed_type_id': 1, 'age': [0, 14], 'extra_bed': 1, 'free': 1}}, 'rate_id': 49936, 'deals': [], 'cancellation_type': 'special', 'credit_card': 1, 'bonus': 1030, 'miles': 1236, 'min_stay': 1, 'platichastyami': 0, 'mircashback': 2060}, {'id': 1229219, 'capacity': 2, 'prepayment': 'FULL', 'nonrefundable': 0, 'cancellation_period': 1, 'cancellation_fee': 'FIRST', 'breakfast': 1, 'base_price': 23960, 'prices': [23960], 'price': 23960, 'old_price': 23960, 'currency': 'RUB', 'payment_amount': 23960, 'extras_variants': [], 'extras': {'50107': {'id': 50107, 'number': 1, 'extra_bed_type_id': 1, 'age': [0, 14], 'extra_bed': 1, 'free': 1}}, 'rate_id': 63272, 'deals': [], 'cancellation_type': 'special', 'credit_card': 1, 'bonus': 1198, 'miles': 1437, 'min_stay': 1, 'platichastyami': 0, 'mircashback': 2396}]",20000.0,1200,219_101hotels,2026-08-26
32581,,Стандарт+,1,0,0,1,Одноместный,1,2,[{'single': 1}],[],"[{'id': 1031130, 'capacity': 1, 'prepayment': 'FULL', 'nonrefundable': 0, 'cancellation_period': 1, 'cancellation_fee': 'FIRST', 'breakfast': 0, 'base_price': 9500, 'prices': [9500], 'price': 9500, 'old_price': 9500, 'currency': 'RUB', 'payment_amount': 9500, 'extras_variants': [], 'extras': [], 'rate_id': 49936, 'deals': [], 'cancellation_type': 'special', 'credit_card': 1, 'bonus': 475, 'miles': 570, 'min_stay': 1, 'platichastyami': 0, 'mircashback': 950}, {'id': 1229229, 'capacity': 1, 'prepayment': 'FULL', 'nonrefundable': 0, 'cancellation_period': 1, 'cancellation_fee': 'FIRST', 'breakfast': 1, 'base_price': 11180, 'prices': [11180], 'price': 11180, 'old_price': 11180, 'currency': 'RUB', 'payment_amount': 11180, 'extras_variants': [], 'extras': [], 'rate_id': 63272, 'deals': [], 'cancellation_type': 'special', 'credit_card': 1, 'bonus': 559, 'miles': 669, 'min_stay': 1, 'platichastyami': 0, 'mircashback': 1118}]",9500.0,570,219_101hotels,2026-08-26
75155,,Стандарт с балконом,2,1,0,1,Двухместный,2,2,[{'single': 2}],"[{'id': '49345', 'number': '1', 'min_age': '0', 'max_age': '14', 'is_extra_bed': '1', 'extra_bed_type_id': '3'}]","[{'id': 1031137, 'capacity': 1, 'prepayment': 'FULL', 'nonrefundable': 0, 'cancellation_period': 1, 'cancellation_fee': 'FIRST', 'breakfast': 0, 'base_price': 13700, 'prices': [13700], 'price': 13700, 'old_price': 13700, 'currency': 'RUB', 'payment_amount': 13700, 'extras_variants': [], 'extras': {'49345': {'id': 49345, 'number': 1, 'extra_bed_type_id': 3, 'age': [0, 14], 'extra_bed': 1, 'free': 1}}, 'rate_id': 49936, 'deals': [], 'cancellation_type': 'special', 'credit_card': 1, 'bonus': 685, 'miles': 822, 'min_stay': 1, 'platichastyami': 0, 'mircashback': 1370}, {'id': 1229226, 'capacity': 1, 'prepayment': 'FULL', 'nonrefundable': 0, 'cancellation_period': 1, 'cancellation_fee': 'FIRST', 'breakfast': 1, 'base_price': 15380, 'prices': [15380], 'price': 15380, 'old_price': 15380, 'currency': 'RUB', 'payment_amount': 15380, 'extras_variants': [], 'extras': {'49345': {'id': 49345, 'number': 1, 'extra_bed_type_id': 3, 'age': [0, 14], 'extra_bed': 1, 'free': 1}}, 'rate_id': 63272, 'deals': [], 'cancellation_type': 'special', 'credit_card': 1, 'bonus': 769, 'miles': 921, 'min_stay': 1, 'platichastyami': 0, 'mircashback': 1538}, {'id': 1031138, 'capacity': 2, 'prepayment': 'FULL', 'nonrefundable': 0, 'cancellation_period': 1, 'cancellation_fee': 'FIRST', 'breakfast': 0, 'base_price': 14300, 'prices': [14300], 'price': 14300, 'old_price': 14300, 'currency': 'RUB', 'payment_amount': 14300, 'extras_variants': [], 'extras': {'49345': {'id': 49345, 'number': 1, 'extra_bed_type_id': 3, 'age': [0, 14], 'extra_bed': 1, 'free': 1}}, 'rate_id': 49936, 'deals': [], 'cancellation_type': 'special', 'credit_card': 1, 'bonus': 715, 'miles': 858, 'min_stay': 1, 'platichastyami': 0, 'mircashback': 1430}, {'id': 1229227, 'capacity': 2, 'prepayment': 'FULL', 'nonrefundable': 0, 'cancellation_period': 1, 'cancellation_fee': 'FIRST', 'breakfast': 1, 'base_price': 17660, 'prices': [17660], 'price': 17660, 'old_price': 17660, 'currency': 'RUB', 'payment_amount': 17660, 'extras_variants': [], 'extras': {'49345': {'id': 49345, 'number': 1, 'extra_bed_type_id': 3, 'age': [0, 14], 'extra_bed': 1, 'free': 1}}, 'rate_id': 63272, 'deals': [], 'cancellation_type': 'special', 'credit_card': 1, 'bonus': 883, 'miles': 1059, 'min_stay': 1, 'platichastyami': 0, 'mircashback': 1766}]",13700.0,822,219_101hotels,2026-08-26
5827,,Стандарт,1,0,0,1,Одноместный,1,3,[{'single': 1}],[],"[{'id': 1021599, 'capacity': 1, 'prepayment': 'FULL', 'nonrefundable': 0, 'cancellation_period': 1, 'cancellation_fee': 'FIRST', 'breakfast': 1, 'base_price': 4000, 'prices': [4000], 'price': 4000, 'old_price': 4000, 'currency': 'RUB', 'payment_amount': 4000, 'extras_variants': [], 'extras': [], 'rate_id': 49270, 'deals': [], 'cancellation_type': 'special', 'credit_card': 1, 'bonus': 200, 'miles': 240, 'min_stay': 1, 'platichastyami': 0, 'mircashback': 400}]",4000.0,240,2270_101hotels,2026-08-26
5830,,Стандарт,2,0,0,1,Двухместный,2,15,[{'single': 2}],[],"[{'id': 1021600, 'capacity': 1, 'prepayment': 'FULL', 'nonrefundable': 0, 'cancellation_period': 1, 'cancellation_fee': 'FIRST', 'breakfast': 1, 'base_price': 7125, 'prices': [7125], 'price': 7125, 'old_price': 7125, 'currency': 'RUB', 'payment_amount': 7125, 'extras_variants': [], 'extras': [], 'rate_id': 49270, 'deals': [], 'cancellation_type': 'special', 'credit_card': 1, 'bonus': 356, 'miles': 426, 'min_stay': 1, 'platichastyami': 0, 'mircashback': 713}, {'id': 1021601, 'capacity': 2, 'prepayment': 'FULL', 'nonrefundable': 0, 'cancellation_period': 1, 'cancellation_fee': 'FIRST', 'breakfast': 1, 'base_price': 7125, 'prices': [7125], 'price': 7125, 'old_price': 7125, 'currency': 'RUB', 'payment_amount': 7125, 'extras_variants': [], 'extras': [], 'rate_id': 49270, 'deals': [], 'cancellation_type': 'special', 'credit_card': 1, 'bonus': 356, 'miles': 426, 'min_stay': 1, 'platichastyami': 0, 'mircashback': 713}]",7125.0,426,2270_101hotels,2026-08-26
2234329,,,2,1,0,1,Семейный,44,2,"[{'double': 1, 'sofa': 1}]",[],"[{'id': 1021608, 'capacity': 1, 'prepayment': 'FULL', 'nonrefundable': 0, 'cancellation_period': 1, 'cancellation_fee': 'FIRST', 'breakfast': 1, 'base_price': 9500, 'prices': [9500], 'price': 9500, 'old_price': 9500, 'currency': 'RUB', 'payment_amount': 9500, 'extras_variants': [], 'extras': [], 'rate_id': 49270, 'deals': [], 'cancellation_type': 'special', 'credit_card': 1, 'bonus': 475, 'miles': 570, 'min_stay': 1, 'platichastyami': 0, 'mircashback': 950}, {'id': 1021609, 'capacity': 2, 'prepayment': 'FULL', 'nonrefundable': 0, 'cancellation_period': 1, 'cancellation_fee': 'FIRST', 'breakfast': 1, 'base_price': 9500, 'prices': [9500], 'price': 9500, 'old_price': 9500, 'currency': 'RUB', 'payment_amount': 9500, 'extras_variants': [], 'extras': [], 'rate_id': 49270, 'deals': [], 'cancellation_type': 'special', 'credit_card': 1, 'bonus': 475, 'miles': 570, 'min_stay': 1, 'platichastyami': 0, 'mircashback': 950}]",9500.0,570,2270_101hotels,2026-08-26
2234330,,Бизнес,2,1,0,1,Полулюкс,4,2,[{'single': 2}],[],"[{'id': 1021602, 'capacity': 1, 'prepayment': 'FULL', 'nonrefundable': 0, 'cancellation_period': 1, 'cancellation_fee': 'FIRST', 'breakfast': 1, 'base_price': 9500, 'prices': [9500], 'price': 9500, 'old_price': 9500, 'currency': 'RUB', 'payment_amount': 9500, 'extras_variants': [], 'extras': [], 'rate_id': 49270, 'deals': [], 'cancellation_type': 'special', 'credit_card': 1, 'bonus': 475, 'miles': 570, 'min_stay': 1, 'platichastyami': 0, 'mircashback': 950}, {'id': 1021603, 'capacity': 2, 'prepayment': 'FULL', 'nonrefundable': 0, 'cancellation_period': 1, 'cancellation_fee': 'FIRST', 'breakfast': 1, 'base_price': 9500, 'prices': [9500], 'price': 9500, 'old_price': 9500, 'currency': 'RUB', 'payment_amount': 9500, 'extras_variants': [], 'extras': [], 'rate_id': 49270, 'deals': [], 'cancellation_type': 'special', 'credit_card': 1, 'bonus': 475, 'miles': 570, 'min_stay': 1, 'platichastyami': 0, 'mircashback': 950}]",9500.0,570,2270_101hotels,2026-08-26
2234331,,Джуниор сюит (с двуспальной кроватью),2,1,0,1,Люкс,6,1,"[{'double': 1, 'sofa': 1}]",[],"[{'id': 1021604, 'capacity': 1, 'prepayment': 'FULL', 'nonrefundable': 0, 'cancellation_period': 1, 'cancellation_fee': 'FIRST', 'breakfast': 1, 'base_price': 10750, 'prices': [10750], 'price': 10750, 'old_price': 10750, 'currency': 'RUB', 'payment_amount': 10750, 'extras_variants': [], 'extras': [], 'rate_id': 49270, 'deals': [], 'cancellation_type': 'special', 'credit_card': 1, 'bonus': 538, 'miles': 645, 'min_stay': 1, 'platichastyami': 0, 'mircashback': 1075}, {'id': 1021605, 'capacity': 2, 'prepayment': 'FULL', 'nonrefundable': 0, 'cancellation_period': 1, 'cancellation_fee': 'FIRST', 'breakfast': 1, 'base_price': 10750, 'prices': [10750], 'price': 10750, 'old_price': 10750, 'currency': 'RUB', 'payment_amount': 10750, 'extras_variants': [], 'extras': [], 'rate_id': 49270, 'deals': [], 'cancellation_type': 'special', 'credit_card': 1, 'bonus': 538, 'miles': 645, 'min_stay': 1, 'platichastyami': 0, 'mircashback': 1075}]",10750.0,645,2270_101hotels,2026-08-26
2234332,,Джуниор сюит (с двумя раздельными кроватями),2,1,0,1,Люкс,6,1,"[{'single': 2, 'sofa': 1}]",[],"[{'id': 1021606, 'capacity': 1, 'prepayment': 'FULL', 'nonrefundable': 0, 'cancellation_period': 1, 'cancellation_fee': 'FIRST', 'breakfast': 1, 'base_price': 10750, 'prices': [10750], 'price': 10750, 'old_price': 10750, 'currency': 'RUB', 'payment_amount': 10750, 'extras_variants': [], 'extras': [], 'rate_id': 49270, 'deals': [], 'cancellation_type': 'special', 'credit_card': 1, 'bonus': 538, 'miles': 645, 'min_stay': 1, 'platichastyami': 0, 'mircashback': 1075}, {'id': 1021607, 'capacity': 2, 'prepayment': 'FULL', 'nonrefundable': 0, 'cancellation_period': 1, 'cancellation_fee': 'FIRST', 'breakfast': 1, 'base_price': 10750, 'prices': [10750], 'price': 10750, 'old_price': 10750, 'currency': 'RUB', 'payment_amount': 10750, 'extras_variants': [], 'extras': [], 'rate_id': 49270, 'deals': [], 'cancellation_type': 'special', 'credit_card': 1, 'bonus': 538, 'miles': 645, 'min_stay': 1, 'platichastyami': 0, 'mircashback': 1075}]",10750.0,645,2270_101hotels,2026-08-26
142516,,Двухэтажный с 3 спальнями,8,2,0,1,Коттедж,15,2,"[{'double': 3, 'sofa': 1}, {'double': 1}, {'double': 1}]",[],"[{'id': 378249, 'capacity': 1, 'prepayment': 'FULL', 'nonrefundable': 0, 'cancellation_period': 3, 'cancellation_fee': 'FIRST', 'breakfast': 1, 'base_price': 48600, 'prices': [48600], 'price': 48600, 'old_price': 48600, 'currency': 'RUB', 'payment_amount': 48600, 'extras_variants': [], 'extras': [], 'rate_id': 6256, 'deals': [], 'cancellation_type': 'special', 'credit_card': 1, 'bonus': 2430, 'miles': 2916, 'min_stay': 1, 'platichastyami': 0, 'mircashback': 4860}, {'id': 378250, 'capacity': 2, 'prepayment': 'FULL', 'nonrefundable': 0, 'cancellation_period': 3, 'cancellation_fee': 'FIRST', 'breakfast': 1, 'base_price': 48600, 'prices': [48600], 'price': 48600, 'old_price': 48600, 'currency': 'RUB', 'payment_amount': 48600, 'extras_variants': [], 'extras': [], 'rate_id': 6256, 'deals': [], 'cancellation_type': 'special', 'credit_card': 1, 'bonus': 2430, 'miles': 2916, 'min_stay': 1, 'platichastyami': 0, 'mircashback': 4860}, {'id': 378251, 'capacity': 3, 'prepayment': 'FULL', 'nonrefundable': 0, 'cancellation_period': 3, 'cancellation_fee': 'FIRST', 'breakfast': 1, 'base_price': 48600, 'prices': [48600], 'price': 48600, 'old_price': 48600, 'currency': 'RUB', 'payment_amount': 48600, 'extras_variants': [], 'extras': [], 'rate_id': 6256, 'deals': [], 'cancellation_type': 'special', 'credit_card': 1, 'bonus': 2430, 'miles': 2916, 'min_stay': 1, 'platichastyami': 0, 'mircashback': 4860}, {'id': 378252, 'capacity': 4, 'prepayment': 'FULL', 'nonrefundable': 0, 'cancellation_period': 3, 'cancellation_fee': 'FIRST', 'breakfast': 1, 'base_price': 48600, 'prices': [48600], 'price': 48600, 'old_price': 48600, 'currency': 'RUB', 'payment_amount': 48600, 'extras_variants': [], 'extras': [], 'rate_id': 6256, 'deals': [], 'cancellation_type': 'special', 'credit_card': 1, 'bonus': 2430, 'miles': 2916, 'min_stay': 1, 'platichastyami': 0, 'mircashback': 4860}, {'id': 378253, 'capacity': 5, 'prepayment': 'FULL', 'nonrefundable': 0, 'cancellation_period': 3, 'cancellation_fee': 'FIRST', 'breakfast': 1, 'base_price': 48600, 'prices': [48600], 'price': 48600, 'old_price': 48600, 'currency': 'RUB', 'payment_amount': 48600, 'extras_variants': [], 'extras': [], 'rate_id': 6256, 'deals': [], 'cancellation_type': 'special', 'credit_card': 1, 'bonus': 2430, 'miles': 2916, 'min_stay': 1, 'platichastyami': 0, 'mircashback': 4860}, {'id': 378254, 'capacity': 6, 'prepayment': 'FULL', 'nonrefundable': 0, 'cancellation_period': 3, 'cancellation_fee': 'FIRST', 'breakfast': 1, 'base_price': 48600, 'prices': [48600], 'price': 48600, 'old_price': 48600, 'currency': 'RUB', 'payment_amount': 48600, 'extras_variants': [], 'extras': [], 'rate_id': 6256, 'deals': [], 'cancellation_type': 'special', 'credit_card': 1, 'bonus': 2430, 'miles': 2916, 'min_stay': 1, 'platichastyami': 0, 'mircashback': 4860}, {'id': 378255, 'capacity': 7, 'prepayment': 'FULL', 'nonrefundable': 0, 'cancellation_period': 3, 'cancellation_fee': 'FIRST', 'breakfast': 1, 'base_price': 48600, 'prices': [48600], 'price': 48600, 'old_price': 48600, 'currency': 'RUB', 'payment_amount': 48600, 'extras_variants': [], 'extras': [], 'rate_id': 6256, 'deals': [], 'cancellation_type': 'special', 'credit_card': 1, 'bonus': 2430, 'miles': 2916, 'min_stay': 1, 'platichastyami': 0, 'mircashback': 4860}, {'id': 378256, 'capacity': 8, 'prepayment': 'FULL', 'nonrefundable': 0, 'cancellation_period': 3, 'cancellation_fee': 'FIRST', 'breakfast': 1, 'base_price': 48600, 'prices': [48600], 'price': 48600, 'old_price': 48600, 'currency': 'RUB', 'payment_amount': 48600, 'extras_variants': [], 'extras': [], 'rate_id': 6256, 'deals': [], 'cancellation_type': 'special', 'credit_card': 1, 'bonus': 2430, 'miles': 2916, 'min_stay': 1, 'platichastyami': 0, 'mircashback': 4860}]",48600.0,2916,33872_101hotels,2026-08-26
142517,,Одноэтажный 2 спальнями,3,1,0,1,Коттедж,15,2,"[{'single': 1, 'double': 1}]",[],"[{'id': 378246, 'capacity': 1, 'prepayment': 'FULL', 'nonrefundable': 0, 'cancellation_period': 3, 'cancellation_fee': 'FIRST', 'breakfast': 1, 'base_price': 23600, 'prices': [23600], 'price': 23600, 'old_price': 23600, 'currency': 'RUB', 'payment_amount': 23600, 'extras_variants': [], 'extras': [], 'rate_id': 6256, 'deals': [], 'cancellation_type': 'special', 'credit_card': 1, 'bonus': 1180, 'miles': 1416, 'min_stay': 1, 'platichastyami': 0, 'mircashback': 2360}, {'id': 378247, 'capacity': 2, 'prepayment': 'FULL', 'nonrefundable': 0, 'cancellation_period': 3, 'cancellation_fee': 'FIRST', 'breakfast': 1, 'base_price': 23600, 'prices': [23600], 'price': 23600, 'old_price': 23600, 'currency': 'RUB', 'payment_amount': 23600, 'extras_variants': [], 'extras': [], 'rate_id': 6256, 'deals': [], 'cancellation_type': 'special', 'credit_card': 1, 'bonus': 1180, 'miles': 1416, 'min_stay': 1, 'platichastyami': 0, 'mircashback': 2360}, {'id': 378248, 'capacity': 3, 'prepayment': 'FULL', 'nonrefundable': 0, 'cancellation_period': 3, 'cancellation_fee': 'FIRST', 'breakfast': 1, 'base_price': 23600, 'prices': [23600], 'price': 23600, 'old_price': 23600, 'currency': 'RUB', 'payment_amount': 23600, 'extras_variants': [], 'extras': [], 'rate_id': 6256, 'deals': [], 'cancellation_type': 'special', 'credit_card': 1, 'bonus': 1180, 'miles': 1416, 'min_stay': 1, 'platichastyami': 0, 'mircashback': 2360}]",23600.0,1416,33872_101hotels,2026-08-26
142518,,Стандарт,2,1,0,1,Двухместный,2,11,"[{'double': 1}, {'double': 1}]",[],"[{'id': 378240, 'capacity': 1, 'prepayment': 'FULL', 'nonrefundable': 0, 'cancellation_period': 3, 'cancellation_fee': 'FIRST', 'breakfast': 1, 'base_price': 11600, 'prices': [11600], 'price': 11600, 'old_price': 11600, 'currency': 'RUB', 'payment_amount': 11600, 'extras_variants': [], 'extras': [], 'rate_id': 6256, 'deals': [], 'cancellation_type': 'special', 'credit_card': 1, 'bonus': 580, 'miles': 696, 'min_stay': 1, 'platichastyami': 0, 'mircashback': 1160}, {'id': 378241, 'capacity': 2, 'prepayment': 'FULL', 'nonrefundable': 0, 'cancellation_period': 3, 'cancellation_fee': 'FIRST', 'breakfast': 1, 'base_price': 11600, 'prices': [11600], 'price': 11600, 'old_price': 11600, 'currency': 'RUB', 'payment_amount': 11600, 'extras_variants': [], 'extras': [], 'rate_id': 6256, 'deals': [], 'cancellation_type': 'special', 'credit_card': 1, 'bonus': 580, 'miles': 696, 'min_stay': 1, 'platichastyami': 0, 'mircashback': 1160}]",11600.0,696,33872_101hotels,2026-08-26
142519,,Люкс,2,1,0,1,Сюит,27,1,"[{'double': 1}, {'sofa': 1}]",[],"[{'id': 378242, 'capacity': 1, 'prepayment': 'FULL', 'nonrefundable': 0, 'cancellation_period': 3, 'cancellation_fee': 'FIRST', 'breakfast': 1, 'base_price': 18600, 'prices': [18600], 'price': 18600, 'old_price': 18600, 'currency': 'RUB', 'payment_amount': 18600, 'extras_variants': [], 'extras': [], 'rate_id': 6256, 'deals': [], 'cancellation_type': 'special', 'credit_card': 1, 'bonus': 930, 'miles': 1116, 'min_stay': 1, 'platichastyami': 0, 'mircashback': 1860}, {'id': 378243, 'capacity': 2, 'prepayment': 'FULL', 'nonrefundable': 0, 'cancellation_period': 3, 'cancellation_fee': 'FIRST', 'breakfast': 1, 'base_price': 18600, 'prices': [18600], 'price': 18600, 'old_price': 18600, 'currency': 'RUB', 'payment_amount': 18600, 'extras_variants': [], 'extras': [], 'rate_id': 6256, 'deals': [], 'cancellation_type': 'special', 'credit_card': 1, 'bonus': 930, 'miles': 1116, 'min_stay': 1, 'platichastyami': 0, 'mircashback': 1860}]",18600.0,1116,33872_101hotels,2026-08-26
142520,,,2,0,0,1,Бунгало,30,3,[{'double': 1}],[],"[{'id': 378257, 'capacity': 1, 'prepayment': 'FULL', 'nonrefundable': 0, 'cancellation_period': 3, 'cancellation_fee': 'FIRST', 'breakfast': 1, 'base_price': 20600, 'prices': [20600], 'price': 20600, 'old_price': 20600, 'currency': 'RUB', 'payment_amount': 20600, 'extras_variants': [], 'extras': [], 'rate_id': 6256, 'deals': [], 'cancellation_type': 'special', 'credit_card': 1, 'bonus': 1030, 'miles': 1236, 'min_stay': 1, 'platichastyami': 0, 'mircashback': 2060}, {'id': 378258, 'capacity': 2, 'prepayment': 'FULL', 'nonrefundable': 0, 'cancellation_period': 3, 'cancellation_fee': 'FIRST', 'breakfast': 1, 'base_price': 20600, 'prices': [20600], 'price': 20600, 'old_price': 20600, 'currency': 'RUB', 'payment_amount': 20600, 'extras_variants': [], 'extras': [], 'rate_id': 6256, 'deals': [], 'cancellation_type': 'special', 'credit_card': 1, 'bonus': 1030, 'miles': 1236, 'min_stay': 1, 'platichastyami': 0, 'mircashback': 2060}]",20600.0,1236,33872_101hotels,2026-08-26
142521,,Двухкомнатный люкс,4,0,0,1,Сюит,27,2,"[{'double': 1}, {'double': 1}]",[],"[{'id': 378244, 'capacity': 1, 'prepayment': 'FULL', 'nonrefundable': 0, 'cancellation_period': 3, 'cancellation_fee': 'FIRST', 'breakfast': 1, 'base_price': 20600, 'prices': [20600], 'price': 20600, 'old_price': 20600, 'currency': 'RUB', 'payment_amount': 20600, 'extras_variants': [], 'extras': [], 'rate_id': 6256, 'deals': [], 'cancellation_type': 'special', 'credit_card': 1, 'bonus': 1030, 'miles': 1236, 'min_stay': 1, 'platichastyami': 0, 'mircashback': 2060}, {'id': 378245, 'capacity': 2, 'prepayment': 'FULL', 'nonrefundable': 0, 'cancellation_period': 3, 'cancellation_fee': 'FIRST', 'breakfast': 1, 'base_price': 20600, 'prices': [20600], 'price': 20600, 'old_price': 20600, 'currency': 'RUB', 'payment_amount': 20600, 'extras_variants': [], 'extras': [], 'rate_id': 6256, 'deals': [], 'cancellation_type': 'special', 'credit_card': 1, 'bonus': 1030, 'miles': 1236, 'min_stay': 1, 'platichastyami': 0, 'mircashback': 2060}, {'id': 651707, 'capacity': 3, 'prepayment': 'FULL', 'nonrefundable': 0, 'cancellation_period': 3, 'cancellation_fee': 'FIRST', 'breakfast': 1, 'base_price': 20600, 'prices': [20600], 'price': 20600, 'old_price': 20600, 'currency': 'RUB', 'payment_amount': 20600, 'extras_variants': [], 'extras': [], 'rate_id': 6256, 'deals': [], 'cancellation_type': 'special', 'credit_card': 1, 'bonus': 1030, 'miles': 1236, 'min_stay': 1, 'platichastyami': 0, 'mircashback': 2060}, {'id': 963072, 'capacity': 4, 'prepayment': 'FULL', 'nonrefundable': 0, 'cancellation_period': 3, 'cancellation_fee': 'FIRST', 'breakfast': 1, 'base_price': 20600, 'prices': [20600], 'price': 20600, 'old_price': 20600, 'currency': 'RUB', 'payment_amount': 20600, 'extras_variants': [], 'extras': [], 'rate_id': 6256, 'deals': [], 'cancellation_type': 'special', 'credit_card': 1, 'bonus': 1030, 'miles': 1236, 'min_stay': 1, 'platichastyami': 0, 'mircashback': 2060}]",20600.0,1236,33872_101hotels,2026-08-26
1870574,,Стандартный номер с 1 кроватью или 2 отдельными кроватями,2,0,0,1,Двухместный,2,1,[{'single': 2}],[],"[{'id': 251393, 'capacity': 1, 'prepayment': 'NO', 'nonrefundable': 0, 'cancellation_period': 0, 'cancellation_fee': 'NO', 'breakfast': 1, 'base_price': 6600, 'prices': [6600], 'price': 6600, 'old_price': 6600, 'currency': 'RUB', 'payment_amount': 0, 'extras_variants': [], 'extras': [], 'rate_id': 259, 'deals': [], 'cancellation_type': 'free', 'credit_card': 0, 'bonus': 330, 'miles': 396, 'min_stay': 1, 'platichastyami': 0, 'mircashback': 660}, {'id': 544736, 'capacity': 1, 'prepayment': 'NO', 'nonrefundable': 0, 'cancellation_period': 0, 'cancellation_fee': 'NO', 'breakfast': 2, 'base_price': 6940, 'prices': [6940], 'price': 6940, 'old_price': 6940, 'currency': 'RUB', 'payment_amount': 0, 'extras_variants': [], 'extras': [], 'rate_id': 17193, 'deals': [], 'cancellation_type': 'free', 'credit_card': 0, 'bonus': 347, 'miles': 414, 'min_stay': 1, 'platichastyami': 0, 'mircashback': 694}, {'id': 251394, 'capacity': 2, 'prepayment': 'NO', 'nonrefundable': 0, 'cancellation_period': 0, 'cancellation_fee': 'NO', 'breakfast': 1, 'base_price': 7800, 'prices': [7800], 'price': 7800, 'old_price': 7800, 'currency': 'RUB', 'payment_amount': 0, 'extras_variants': [], 'extras': [], 'rate_id': 259, 'deals': [], 'cancellation_type': 'free', 'credit_card': 0, 'bonus': 390, 'miles': 468, 'min_stay': 1, 'platichastyami': 0, 'mircashback': 780}, {'id': 544737, 'capacity': 2, 'prepayment': 'NO', 'nonrefundable': 0, 'cancellation_period': 0, 'cancellation_fee': 'NO', 'breakfast': 2, 'base_price': 9020, 'prices': [9020], 'price': 9020, 'old_price': 9020, 'currency': 'RUB', 'payment_amount': 0, 'extras_variants': [], 'extras': [], 'rate_id': 17193, 'deals': [], 'cancellation_type': 'free', 'credit_card': 0, 'bonus': 451, 'miles': 540, 'min_stay': 1, 'platichastyami': 0, 'mircashback': 902}, {'id': '251393P', 'capacity': 1, 'prepayment': 'FULL', 'nonrefundable': 0, 'cancellation_period': 0, 'cancellation_fee': 'NO', 'breakfast': 1, 'base_price': 6600, 'prices': [6600], 'price': 6600, 'old_price': 6600, 'currency': 'RUB', 'payment_amount': 6600, 'extras_variants': [], 'extras': [], 'rate_id': 259, 'deals': [], 'cancellation_type': 'free', 'credit_card': 0, 'bonus': 330, 'miles': 396, 'min_stay': 1, 'platichastyami': 0, 'mircashback': 660}, {'id': '251394P', 'capacity': 2, 'prepayment': 'FULL', 'nonrefundable': 0, 'cancellation_period': 0, 'cancellation_fee': 'NO', 'breakfast': 1, 'base_price': 7800, 'prices': [7800], 'price': 7800, 'old_price': 7800, 'currency': 'RUB', 'payment_amount': 7800, 'extras_variants': [], 'extras': [], 'rate_id': 259, 'deals': [], 'cancellation_type': 'free', 'credit_card': 0, 'bonus': 390, 'miles': 468, 'min_stay': 1, 'platichastyami': 0, 'mircashback': 780}]",6600.0,396,560073_101hotels,2026-08-26
1870576,,Джуниор Сюит,2,0,0,1,Двухместный,2,2,[{'single': 2}],[],"[{'id': 251397, 'capacity': 1, 'prepayment': 'NO', 'nonrefundable': 0, 'cancellation_period': 0, 'cancellation_fee': 'NO', 'breakfast': 1, 'base_price': 7200, 'prices': [7200], 'price': 7200, 'old_price': 7200, 'currency': 'RUB', 'payment_amount': 0, 'extras_variants': [], 'extras': [], 'rate_id': 259, 'deals': [], 'cancellation_type': 'free', 'credit_card': 0, 'bonus': 360, 'miles': 432, 'min_stay': 1, 'platichastyami': 0, 'mircashback': 720}, {'id': 544740, 'capacity': 1, 'prepayment': 'NO', 'nonrefundable': 0, 'cancellation_period': 0, 'cancellation_fee': 'NO', 'breakfast': 2, 'base_price': 7480, 'prices': [7480], 'price': 7480, 'old_price': 7480, 'currency': 'RUB', 'payment_amount': 0, 'extras_variants': [], 'extras': [], 'rate_id': 17193, 'deals': [], 'cancellation_type': 'free', 'credit_card': 0, 'bonus': 374, 'miles': 447, 'min_stay': 1, 'platichastyami': 0, 'mircashback': 748}, {'id': 251398, 'capacity': 2, 'prepayment': 'NO', 'nonrefundable': 0, 'cancellation_period': 0, 'cancellation_fee': 'NO', 'breakfast': 1, 'base_price': 8400, 'prices': [8400], 'price': 8400, 'old_price': 8400, 'currency': 'RUB', 'payment_amount': 0, 'extras_variants': [], 'extras': [], 'rate_id': 259, 'deals': [], 'cancellation_type': 'free', 'credit_card': 0, 'bonus': 420, 'miles': 504, 'min_stay': 1, 'platichastyami': 0, 'mircashback': 840}, {'id': 544741, 'capacity': 2, 'prepayment': 'NO', 'nonrefundable': 0, 'cancellation_period': 0, 'cancellation_fee': 'NO', 'breakfast': 2, 'base_price': 9560, 'prices': [9560], 'price': 9560, 'old_price': 9560, 'currency': 'RUB', 'payment_amount': 0, 'extras_variants': [], 'extras': [], 'rate_id': 17193, 'deals': [], 'cancellation_type': 'free', 'credit_card': 0, 'bonus': 478, 'miles': 573, 'min_stay': 1, 'platichastyami': 0, 'mircashback': 956}, {'id': '251397P', 'capacity': 1, 'prepayment': 'FULL', 'nonrefundable': 0, 'cancellation_period': 0, 'cancellation_fee': 'NO', 'breakfast': 1, 'base_price': 7200, 'prices': [7200], 'price': 7200, 'old_price': 7200, 'currency': 'RUB', 'payment_amount': 7200, 'extras_variants': [], 'extras': [], 'rate_id': 259, 'deals': [], 'cancellation_type': 'free', 'credit_card': 0, 'bonus': 360, 'miles': 432, 'min_stay': 1, 'platichastyami': 0, 'mircashback': 720}, {'id': '251398P', 'capacity': 2, 'prepayment': 'FULL', 'nonrefundable': 0, 'cancellation_period': 0, 'cancellation_fee': 'NO', 'breakfast': 1, 'base_price': 8400, 'prices': [8400], 'price': 8400, 'old_price': 8400, 'currency': 'RUB', 'payment_amount': 8400, 'extras_variants': [], 'extras': [], 'rate_id': 259, 'deals': [], 'cancellation_type': 'free', 'credit_card': 0, 'bonus': 420, 'miles': 504, 'min_stay': 1, 'platichastyami': 0, 'mircashback': 840}]",7200.0,432,560073_101hotels,2026-08-26
1870577,,Джуниор Сюит «Дизайнерский»,2,0,0,1,Семейный,44,2,[{'double': 1}],[],"[{'id': 251401, 'capacity': 1, 'prepayment': 'NO', 'nonrefundable': 0, 'cancellation_period': 0, 'cancellation_fee': 'NO', 'breakfast': 1, 'base_price': 10000, 'prices': [10000], 'price': 10000, 'old_price': 10000, 'currency': 'RUB', 'payment_amount': 0, 'extras_variants': [], 'extras': [], 'rate_id': 259, 'deals': [], 'cancellation_type': 'free', 'credit_card': 0, 'bonus': 500, 'miles': 600, 'min_stay': 1, 'platichastyami': 0, 'mircashback': 1000}, {'id': 544744, 'capacity': 1, 'prepayment': 'NO', 'nonrefundable': 0, 'cancellation_period': 0, 'cancellation_fee': 'NO', 'breakfast': 2, 'base_price': 10200, 'prices': [10200], 'price': 10200, 'old_price': 10200, 'currency': 'RUB', 'payment_amount': 0, 'extras_variants': [], 'extras': [], 'rate_id': 17193, 'deals': [], 'cancellation_type': 'free', 'credit_card': 0, 'bonus': 510, 'miles': 612, 'min_stay': 1, 'platichastyami': 0, 'mircashback': 1020}, {'id': 251402, 'capacity': 2, 'prepayment': 'NO', 'nonrefundable': 0, 'cancellation_period': 0, 'cancellation_fee': 'NO', 'breakfast': 1, 'base_price': 11200, 'prices': [11200], 'price': 11200, 'old_price': 11200, 'currency': 'RUB', 'payment_amount': 0, 'extras_variants': [], 'extras': [], 'rate_id': 259, 'deals': [], 'cancellation_type': 'free', 'credit_card': 0, 'bonus': 560, 'miles': 672, 'min_stay': 1, 'platichastyami': 0, 'mircashback': 1120}, {'id': 544745, 'capacity': 2, 'prepayment': 'NO', 'nonrefundable': 0, 'cancellation_period': 0, 'cancellation_fee': 'NO', 'breakfast': 2, 'base_price': 12080, 'prices': [12080], 'price': 12080, 'old_price': 12080, 'currency': 'RUB', 'payment_amount': 0, 'extras_variants': [], 'extras': [], 'rate_id': 17193, 'deals': [], 'cancellation_type': 'free', 'credit_card': 0, 'bonus': 604, 'miles': 723, 'min_stay': 1, 'platichastyami': 0, 'mircashback': 1208}, {'id': '251401P', 'capacity': 1, 'prepayment': 'FULL', 'nonrefundable': 0, 'cancellation_period': 0, 'cancellation_fee': 'NO', 'breakfast': 1, 'base_price': 10000, 'prices': [10000], 'price': 10000, 'old_price': 10000, 'currency': 'RUB', 'payment_amount': 10000, 'extras_variants': [], 'extras': [], 'rate_id': 259, 'deals': [], 'cancellation_type': 'free', 'credit_card': 0, 'bonus': 500, 'miles': 600, 'min_stay': 1, 'platichastyami': 0, 'mircashback': 1000}, {'id': '251402P', 'capacity': 2, 'prepayment': 'FULL', 'nonrefundable': 0, 'cancellation_period': 0, 'cancellation_fee': 'NO', 'breakfast': 1, 'base_price': 11200, 'prices': [11200], 'price': 11200, 'old_price': 11200, 'currency': 'RUB', 'payment_amount': 11200, 'extras_variants': [], 'extras': [], 'rate_id': 259, 'deals': [], 'cancellation_type': 'free', 'credit_card': 0, 'bonus': 560, 'miles': 672, 'min_stay': 1, 'platichastyami': 0, 'mircashback': 1120}]",10000.0,600,560073_101hotels,2026-08-26
1870578,,Джуниор Сюит «Плюс»,2,0,0,1,Двухместный,2,1,"[{'sofa': 1, 'g-double': 1}]",[],"[{'id': 544742, 'capacity': 1, 'prepayment': 'NO', 'nonrefundable': 0, 'cancellation_period': 0, 'cancellation_fee': 'NO', 'breakfast': 2, 'base_price': 8020, 'prices': [8020], 'price': 8020, 'old_price': 8020, 'currency': 'RUB', 'payment_amount': 0, 'extras_variants': [], 'extras': [], 'rate_id': 17193, 'deals': [], 'cancellation_type': 'free', 'credit_card': 0, 'bonus': 401, 'miles': 480, 'min_stay': 1, 'platichastyami': 0, 'mircashback': 802}, {'id': 544743, 'capacity': 2, 'prepayment': 'NO', 'nonrefundable': 0, 'cancellation_period': 0, 'cancellation_fee': 'NO', 'breakfast': 2, 'base_price': 10100, 'prices': [10100], 'price': 10100, 'old_price': 10100, 'currency': 'RUB', 'payment_amount': 0, 'extras_variants': [], 'extras': [], 'rate_id': 17193, 'deals': [], 'cancellation_type': 'free', 'credit_card': 0, 'bonus': 505, 'miles': 606, 'min_stay': 1, 'platichastyami': 0, 'mircashback': 1010}]",8020.0,480,560073_101hotels,2026-08-26
194848,,"Стандарт, Double",2,1,0,1,Двухместный,2,22,[{'double': 1}],[],"[{'id': 722611, 'capacity': 1, 'prepayment': 'NO', 'nonrefundable': 0, 'cancellation_period': 0, 'cancellation_fee': 'NO', 'breakfast': 1, 'base_price': 5600, 'prices': [5600], 'price': 5600, 'old_price': 0, 'currency': 'RUB', 'payment_amount': 0, 'extras_variants': [], 'extras': [], 'rate_id': 30319, 'deals': [], 'cancellation_type': 'free', 'credit_card': 0, 'bonus': 280, 'miles': 336, 'min_stay': 1, 'platichastyami': 0, 'mircashback': 560}, {'id': 722612, 'capacity': 2, 'prepayment': 'NO', 'nonrefundable': 0, 'cancellation_period': 0, 'cancellation_fee': 'NO', 'breakfast': 1, 'base_price': 5600, 'prices': [5600], 'price': 5600, 'old_price': 0, 'currency': 'RUB', 'payment_amount': 0, 'extras_variants': [], 'extras': [], 'rate_id': 30319, 'deals': [], 'cancellation_type': 'free', 'credit_card': 0, 'bonus': 280, 'miles': 336, 'min_stay': 1, 'platichastyami': 0, 'mircashback': 560}]",5600.0,336,48009_101hotels,2026-08-26
194860,,"Улучшенный, Double",2,1,0,1,Двухместный,2,10,[{'double': 1}],[],"[{'id': 722613, 'capacity': 1, 'prepayment': 'NO', 'nonrefundable': 0, 'cancellation_period': 0, 'cancellation_fee': 'NO', 'breakfast': 1, 'base_price': 6600, 'prices': [6600], 'price': 6600, 'old_price': 0, 'currency': 'RUB', 'payment_amount': 0, 'extras_variants': [], 'extras': [], 'rate_id': 30319, 'deals': [], 'cancellation_type': 'free', 'credit_card': 0, 'bonus': 330, 'miles': 396, 'min_stay': 1, 'platichastyami': 0, 'mircashback': 660}, {'id': 722614, 'capacity': 2, 'prepayment': 'NO', 'nonrefundable': 0, 'cancellation_period': 0, 'cancellation_fee': 'NO', 'breakfast': 1, 'base_price': 6600, 'prices': [6600], 'price': 6600, 'old_price': 0, 'currency': 'RUB', 'payment_amount': 0, 'extras_variants': [], 'extras': [], 'rate_id': 30319, 'deals': [], 'cancellation_type': 'free', 'credit_card': 0, 'bonus': 330, 'miles': 396, 'min_stay': 1, 'platichastyami': 0, 'mircashback': 660}]",6600.0,396,48009_101hotels,2026-08-26
194868,,Twin,2,1,0,1,Полулюкс,4,7,[{'single': 2}],[],"[{'id': 722619, 'capacity': 1, 'prepayment': 'NO', 'nonrefundable': 0, 'cancellation_period': 0, 'cancellation_fee': 'NO', 'breakfast': 1, 'base_price': 8200, 'prices': [8200], 'price': 8200, 'old_price': 0, 'currency': 'RUB', 'payment_amount': 0, 'extras_variants': [], 'extras': [], 'rate_id': 30319, 'deals': [], 'cancellation_type': 'free', 'credit_card': 0, 'bonus': 410, 'miles': 492, 'min_stay': 1, 'platichastyami': 0, 'mircashback': 820}, {'id': 722620, 'capacity': 2, 'prepayment': 'NO', 'nonrefundable': 0, 'cancellation_period': 0, 'cancellation_fee': 'NO', 'breakfast': 1, 'base_price': 8200, 'prices': [8200], 'price': 8200, 'old_price': 0, 'currency': 'RUB', 'payment_amount': 0, 'extras_variants': [], 'extras': [], 'rate_id': 30319, 'deals': [], 'cancellation_type': 'free', 'credit_card': 0, 'bonus': 410, 'miles': 492, 'min_stay': 1, 'platichastyami': 0, 'mircashback': 820}]",8200.0,492,48009_101hotels,2026-08-26
194876,,Double,2,1,0,1,Люкс,6,7,[{'double': 1}],[],"[{'id': 722623, 'capacity': 1, 'prepayment': 'NO', 'nonrefundable': 0, 'cancellation_period': 0, 'cancellation_fee': 'NO', 'breakfast': 1, 'base_price': 9300, 'prices': [9300], 'price': 9300, 'old_price': 0, 'currency': 'RUB', 'payment_amount': 0, 'extras_variants': [], 'extras': [], 'rate_id': 30319, 'deals': [], 'cancellation_type': 'free', 'credit_card': 0, 'bonus': 465, 'miles': 558, 'min_stay': 1, 'platichastyami': 0, 'mircashback': 930}, {'id': 722624, 'capacity': 2, 'prepayment': 'NO', 'nonrefundable': 0, 'cancellation_period': 0, 'cancellation_fee': 'NO', 'breakfast': 1, 'base_price': 9300, 'prices': [9300], 'price': 9300, 'old_price': 0, 'currency': 'RUB', 'payment_amount': 0, 'extras_variants': [], 'extras': [], 'rate_id': 30319, 'deals': [], 'cancellation_type': 'free', 'credit_card': 0, 'bonus': 465, 'miles': 558, 'min_stay': 1, 'platichastyami': 0, 'mircashback': 930}]",9300.0,558,48009_101hotels,2026-08-26
219796,,"Улучшенный, Twin",2,1,0,1,Двухместный,2,4,[{'single': 2}],[],"[{'id': 722615, 'capacity': 1, 'prepayment': 'NO', 'nonrefundable': 0, 'cancellation_period': 0, 'cancellation_fee': 'NO', 'breakfast': 1, 'base_price': 6600, 'prices': [6600], 'price': 6600, 'old_price': 0, 'currency': 'RUB', 'payment_amount': 0, 'extras_variants': [], 'extras': [], 'rate_id': 30319, 'deals': [], 'cancellation_type': 'free', 'credit_card': 0, 'bonus': 330, 'miles': 396, 'min_stay': 1, 'platichastyami': 0, 'mircashback': 660}, {'id': 722616, 'capacity': 2, 'prepayment': 'NO', 'nonrefundable': 0, 'cancellation_period': 0, 'cancellation_fee': 'NO', 'breakfast': 1, 'base_price': 6600, 'prices': [6600], 'price': 6600, 'old_price': 0, 'currency': 'RUB', 'payment_amount': 0, 'extras_variants': [], 'extras': [], 'rate_id': 30319, 'deals': [], 'cancellation_type': 'free', 'credit_card': 0, 'bonus': 330, 'miles': 396, 'min_stay': 1, 'platichastyami': 0, 'mircashback': 660}]",6600.0,396,48009_101hotels,2026-08-26
219915,,"Стандарт, Twin",2,1,0,1,Двухместный,2,13,[{'single': 2}],[],"[{'id': 722617, 'capacity': 1, 'prepayment': 'NO', 'nonrefundable': 0, 'cancellation_period': 0, 'cancellation_fee': 'NO', 'breakfast': 1, 'base_price': 5600, 'prices': [5600], 'price': 5600, 'old_price': 0, 'currency': 'RUB', 'payment_amount': 0, 'extras_variants': [], 'extras': [], 'rate_id': 30319, 'deals': [], 'cancellation_type': 'free', 'credit_card': 0, 'bonus': 280, 'miles': 336, 'min_stay': 1, 'platichastyami': 0, 'mircashback': 560}, {'id': 722618, 'capacity': 2, 'prepayment': 'NO', 'nonrefundable': 0, 'cancellation_period': 0, 'cancellation_fee': 'NO', 'breakfast': 1, 'base_price': 5600, 'prices': [5600], 'price': 5600, 'old_price': 0, 'currency': 'RUB', 'payment_amount': 0, 'extras_variants': [], 'extras': [], 'rate_id': 30319, 'deals': [], 'cancellation_type': 'free', 'credit_card': 0, 'bonus': 280, 'miles': 336, 'min_stay': 1, 'platichastyami': 0, 'mircashback': 560}]",5600.0,336,48009_101hotels,2026-08-26
1550129,,Twin,2,1,0,1,Люкс,6,4,[{'single': 2}],[],"[{'id': 722625, 'capacity': 1, 'prepayment': 'NO', 'nonrefundable': 0, 'cancellation_period': 0, 'cancellation_fee': 'NO', 'breakfast': 1, 'base_price': 9300, 'prices': [9300], 'price': 9300, 'old_price': 0, 'currency': 'RUB', 'payment_amount': 0, 'extras_variants': [], 'extras': [], 'rate_id': 30319, 'deals': [], 'cancellation_type': 'free', 'credit_card': 0, 'bonus': 465, 'miles': 558, 'min_stay': 1, 'platichastyami': 0, 'mircashback': 930}, {'id': 722626, 'capacity': 2, 'prepayment': 'NO', 'nonrefundable': 0, 'cancellation_period': 0, 'cancellation_fee': 'NO', 'breakfast': 1, 'base_price': 9300, 'prices': [9300], 'price': 9300, 'old_price': 0, 'currency': 'RUB', 'payment_amount': 0, 'extras_variants': [], 'extras': [], 'rate_id': 30319, 'deals': [], 'cancellation_type': 'free', 'credit_card': 0, 'bonus': 465, 'miles': 558, 'min_stay': 1, 'platichastyami': 0, 'mircashback': 930}]",9300.0,558,48009_101hotels,2026-08-26
1550130,,Double,2,1,0,1,Полулюкс,4,4,[{'double': 1}],[],"[{'id': 722621, 'capacity': 1, 'prepayment': 'NO', 'nonrefundable': 0, 'cancellation_period': 0, 'cancellation_fee': 'NO', 'breakfast': 1, 'base_price': 8200, 'prices': [8200], 'price': 8200, 'old_price': 0, 'currency': 'RUB', 'payment_amount': 0, 'extras_variants': [], 'extras': [], 'rate_id': 30319, 'deals': [], 'cancellation_type': 'free', 'credit_card': 0, 'bonus': 410, 'miles': 492, 'min_stay': 1, 'platichastyami': 0, 'mircashback': 820}, {'id': 722622, 'capacity': 2, 'prepayment': 'NO', 'nonrefundable': 0, 'cancellation_period': 0, 'cancellation_fee': 'NO', 'breakfast': 1, 'base_price': 8200, 'prices': [8200], 'price': 8200, 'old_price': 0, 'currency': 'RUB', 'payment_amount': 0, 'extras_variants': [], 'extras': [], 'rate_id': 30319, 'deals': [], 'cancellation_type': 'free', 'credit_card': 0, 'bonus': 410, 'miles': 492, 'min_stay': 1, 'platichastyami': 0, 'mircashback': 820}]",8200.0,492,48009_101hotels,2026-08-26
126150,,Стандартный Twin,2,0,0,1,Двухместный,2,1,[{'single': 2}],[],"[{'id': 718699, 'capacity': 1, 'prepayment': 'FIRST', 'nonrefundable': 0, 'cancellation_period': 1, 'cancellation_fee': 'FIRST', 'breakfast': 1, 'base_price': 6000, 'prices': [6000], 'price': 5100, 'old_price': 0, 'currency': 'RUB', 'payment_amount': 6000, 'extras_variants': [], 'extras': [], 'rate_id': 29919, 'deals': ['BASE'], 'cancellation_type': 'special', 'credit_card': 1, 'bonus': 255, 'miles': 306, 'min_stay': 1, 'platichastyami': 0, 'mircashback': 510}, {'id': 718700, 'capacity': 2, 'prepayment': 'FIRST', 'nonrefundable': 0, 'cancellation_period': 1, 'cancellation_fee': 'FIRST', 'breakfast': 1, 'base_price': 6000, 'prices': [6000], 'price': 5100, 'old_price': 0, 'currency': 'RUB', 'payment_amount': 6000, 'extras_variants': [], 'extras': [], 'rate_id': 29919, 'deals': ['BASE'], 'cancellation_type': 'special', 'credit_card': 1, 'bonus': 255, 'miles': 306, 'min_stay': 1, 'platichastyami': 0, 'mircashback': 510}]",5100.0,306,29907_101hotels,2026-08-26
74037,,Стандартный номер с 2 отдельными кроватями,2,0,0,1,Двухместный,2,5,[{'single': 2}],[],"[{'id': 574192, 'capacity': 1, 'prepayment': 'NO', 'nonrefundable': 0, 'cancellation_period': 0, 'cancellation_fee': 'NO', 'breakfast': 0, 'base_price': 3500, 'prices': [3500], 'price': 3500, 'old_price': 3500, 'currency': 'RUB', 'payment_amount': 0, 'extras_variants': [], 'extras': [], 'rate_id': 19257, 'deals': [], 'cancellation_type': 'free', 'credit_card': 0, 'bonus': 175, 'miles': 210, 'min_stay': 1, 'platichastyami': 0, 'mircashback': 350}, {'id': 574193, 'capacity': 2, 'prepayment': 'NO', 'nonrefundable': 0, 'cancellation_period': 0, 'cancellation_fee': 'NO', 'breakfast': 0, 'base_price': 3500, 'prices': [3500], 'price': 3500, 'old_price': 3500, 'currency': 'RUB', 'payment_amount': 0, 'extras_variants': [], 'extras': [], 'rate_id': 19257, 'deals': [], 'cancellation_type': 'free', 'credit_card': 0, 'bonus': 175, 'miles': 210, 'min_stay': 1, 'platichastyami': 0, 'mircashback': 350}, {'id': '574192P', 'capacity': 1, 'prepayment': 'FULL', 'nonrefundable': 0, 'cancellation_period': 0, 'cancellation_fee': 'NO', 'breakfast': 0, 'base_price': 3500, 'prices': [3500], 'price': 3500, 'old_price': 3500, 'currency': 'RUB', 'payment_amount': 3500, 'extras_variants': [], 'extras': [], 'rate_id': 19257, 'deals': [], 'cancellation_type': 'free', 'credit_card': 0, 'bonus': 175, 'miles': 210, 'min_stay': 1, 'platichastyami': 0, 'mircashback': 350}, {'id': '574193P', 'capacity': 2, 'prepayment': 'FULL', 'nonrefundable': 0, 'cancellation_period': 0, 'cancellation_fee': 'NO', 'breakfast': 0, 'base_price': 3500, 'prices': [3500], 'price': 3500, 'old_price': 3500, 'currency': 'RUB', 'payment_amount': 3500, 'extras_variants': [], 'extras': [], 'rate_id': 19257, 'deals': [], 'cancellation_type': 'free', 'credit_card': 0, 'bonus': 175, 'miles': 210, 'min_stay': 1, 'platichastyami': 0, 'mircashback': 350}]",3500.0,210,14080_101hotels,2026-08-26
74039,,Улучшенный номер с 2 отдельными кроватями,2,0,0,1,Двухместный,2,6,[{'single': 2}],[],"[{'id': 574196, 'capacity': 1, 'prepayment': 'NO', 'nonrefundable': 0, 'cancellation_period': 0, 'cancellation_fee': 'NO', 'breakfast': 0, 'base_price': 3900, 'prices': [3900], 'price': 3900, 'old_price': 3900, 'currency': 'RUB', 'payment_amount': 0, 'extras_variants': [], 'extras': [], 'rate_id': 19257, 'deals': [], 'cancellation_type': 'free', 'credit_card': 0, 'bonus': 195, 'miles': 234, 'min_stay': 1, 'platichastyami': 0, 'mircashback': 390}, {'id': 574197, 'capacity': 2, 'prepayment': 'NO', 'nonrefundable': 0, 'cancellation_period': 0, 'cancellation_fee': 'NO', 'breakfast': 0, 'base_price': 3900, 'prices': [3900], 'price': 3900, 'old_price': 3900, 'currency': 'RUB', 'payment_amount': 0, 'extras_variants': [], 'extras': [], 'rate_id': 19257, 'deals': [], 'cancellation_type': 'free', 'credit_card': 0, 'bonus': 195, 'miles': 234, 'min_stay': 1, 'platichastyami': 0, 'mircashback': 390}, {'id': '574196P', 'capacity': 1, 'prepayment': 'FULL', 'nonrefundable': 0, 'cancellation_period': 0, 'cancellation_fee': 'NO', 'breakfast': 0, 'base_price': 3900, 'prices': [3900], 'price': 3900, 'old_price': 3900, 'currency': 'RUB', 'payment_amount': 3900, 'extras_variants': [], 'extras': [], 'rate_id': 19257, 'deals': [], 'cancellation_type': 'free', 'credit_card': 0, 'bonus': 195, 'miles': 234, 'min_stay': 1, 'platichastyami': 0, 'mircashback': 390}, {'id': '574197P', 'capacity': 2, 'prepayment': 'FULL', 'nonrefundable': 0, 'cancellation_period': 0, 'cancellation_fee': 'NO', 'breakfast': 0, 'base_price': 3900, 'prices': [3900], 'price': 3900, 'old_price': 3900, 'currency': 'RUB', 'payment_amount': 3900, 'extras_variants': [], 'extras': [], 'rate_id': 19257, 'deals': [], 'cancellation_type': 'free', 'credit_card': 0, 'bonus': 195, 'miles': 234, 'min_stay': 1, 'platichastyami': 0, 'mircashback': 390}]",3900.0,234,14080_101hotels,2026-08-26
74041,,Стандарт премиум,2,0,0,1,Сюит,27,1,"[{'double': 1, 'sofa': 1}]",[],"[{'id': 574198, 'capacity': 1, 'prepayment': 'NO', 'nonrefundable': 0, 'cancellation_period': 0, 'cancellation_fee': 'NO', 'breakfast': 0, 'base_price': 6800, 'prices': [6800], 'price': 6800, 'old_price': 6800, 'currency': 'RUB', 'payment_amount': 0, 'extras_variants': [], 'extras': [], 'rate_id': 19257, 'deals': [], 'cancellation_type': 'free', 'credit_card': 0, 'bonus': 340, 'miles': 408, 'min_stay': 1, 'platichastyami': 0, 'mircashback': 680}, {'id': 574199, 'capacity': 2, 'prepayment': 'NO', 'nonrefundable': 0, 'cancellation_period': 0, 'cancellation_fee': 'NO', 'breakfast': 0, 'base_price': 6800, 'prices': [6800], 'price': 6800, 'old_price': 6800, 'currency': 'RUB', 'payment_amount': 0, 'extras_variants': [], 'extras': [], 'rate_id': 19257, 'deals': [], 'cancellation_type': 'free', 'credit_card': 0, 'bonus': 340, 'miles': 408, 'min_stay': 1, 'platichastyami': 0, 'mircashback': 680}, {'id': '574198P', 'capacity': 1, 'prepayment': 'FULL', 'nonrefundable': 0, 'cancellation_period': 0, 'cancellation_fee': 'NO', 'breakfast': 0, 'base_price': 6800, 'prices': [6800], 'price': 6800, 'old_price': 6800, 'currency': 'RUB', 'payment_amount': 6800, 'extras_variants': [], 'extras': [], 'rate_id': 19257, 'deals': [], 'cancellation_type': 'free', 'credit_card': 0, 'bonus': 340, 'miles': 408, 'min_stay': 1, 'platichastyami': 0, 'mircashback': 680}, {'id': '574199P', 'capacity': 2, 'prepayment': 'FULL', 'nonrefundable': 0, 'cancellation_period': 0, 'cancellation_fee': 'NO', 'breakfast': 0, 'base_price': 6800, 'prices': [6800], 'price': 6800, 'old_price': 6800, 'currency': 'RUB', 'payment_amount': 6800, 'extras_variants': [], 'extras': [], 'rate_id': 19257, 'deals': [], 'cancellation_type': 'free', 'credit_card': 0, 'bonus': 340, 'miles': 408, 'min_stay': 1, 'platichastyami': 0, 'mircashback': 680}]",6800.0,408,14080_101hotels,2026-08-26
5699,,Бизнес-Стандарт,1,0,0,1,Одноместный,1,9,[{'single': 1}],"[{'id': '32225', 'number': '1', 'min_age': '0', 'max_age': '7', 'is_extra_bed': '0', 'extra_bed_type_id': '0'}]","[{'id': 505518, 'capacity': 1, 'prepayment': 'NO', 'nonrefundable': 0, 'cancellation_period': 0, 'cancellation_fee': 'NO', 'breakfast': 0, 'base_price': 5750, 'prices': [5750], 'price': 5750, 'old_price': 0, 'currency': 'RUB', 'payment_amount': 0, 'extras_variants': [], 'extras': {'32225': {'id': 32225, 'number': 1, 'extra_bed_type_id': 0, 'age': [0, 7], 'extra_bed': 0, 'free': 1}}, 'rate_id': 14781, 'deals': [], 'cancellation_type': 'free', 'credit_card': 0, 'bonus': 288, 'miles': 345, 'min_stay': 1, 'platichastyami': 0, 'mircashback': 575}, {'id': 289365, 'capacity': 1, 'prepayment': 'NO', 'nonrefundable': 0, 'cancellation_period': 0, 'cancellation_fee': 'NO', 'breakfast': 6, 'base_price': 6000, 'prices': [6000], 'price': 6000, 'old_price': 0, 'currency': 'RUB', 'payment_amount': 0, 'extras_variants': [], 'extras': {'32225': {'id': 32225, 'number': 1, 'extra_bed_type_id': 0, 'age': [0, 7], 'extra_bed': 0, 'free': 1}}, 'rate_id': 1933, 'deals': [], 'cancellation_type': 'free', 'credit_card': 0, 'bonus': 300, 'miles': 360, 'min_stay': 1, 'platichastyami': 0, 'mircashback': 600}]",5750.0,345,220_101hotels,2026-08-26
5701,,Стандарт,1,0,0,1,Одноместный,1,6,[{'single': 1}],"[{'id': '32231', 'number': '1', 'min_age': '0', 'max_age': '7', 'is_extra_bed': '0', 'extra_bed_type_id': '0'}]","[{'id': 505519, 'capacity': 1, 'prepayment': 'NO', 'nonrefundable': 0, 'cancellation_period': 0, 'cancellation_fee': 'NO', 'breakfast': 0, 'base_price': 5250, 'prices': [5250], 'price': 5250, 'old_price': 0, 'currency': 'RUB', 'payment_amount': 0, 'extras_variants': [], 'extras': {'32231': {'id': 32231, 'number': 1, 'extra_bed_type_id': 0, 'age': [0, 7], 'extra_bed': 0, 'free': 1}}, 'rate_id': 14781, 'deals': [], 'cancellation_type': 'free', 'credit_card': 0, 'bonus': 263, 'miles': 315, 'min_stay': 1, 'platichastyami': 0, 'mircashback': 525}, {'id': 289354, 'capacity': 1, 'prepayment': 'NO', 'nonrefundable': 0, 'cancellation_period': 0, 'cancellation_fee': 'NO', 'breakfast': 6, 'base_price': 5500, 'prices': [5500], 'price': 5500, 'old_price': 0, 'currency': 'RUB', 'payment_amount': 0, 'extras_variants': [], 'extras': {'32231': {'id': 32231, 'number': 1, 'extra_bed_type_id': 0, 'age': [0, 7], 'extra_bed': 0, 'free': 1}}, 'rate_id': 1933, 'deals': [], 'cancellation_type': 'free', 'credit_card': 0, 'bonus': 275, 'miles': 330, 'min_stay': 1, 'platichastyami': 0, 'mircashback': 550}]",5250.0,315,220_101hotels,2026-08-26
5708,,Бизнес-Стандарт 2 кровати,2,0,0,1,Двухместный,2,18,[{'single': 2}],"[{'id': '32230', 'number': '1', 'min_age': '0', 'max_age': '7', 'is_extra_bed': '0', 'extra_bed_type_id': '0'}]","[{'id': 505520, 'capacity': 1, 'prepayment': 'NO', 'nonrefundable': 0, 'cancellation_period': 0, 'cancellation_fee': 'NO', 'breakfast': 0, 'base_price': 6650, 'prices': [6650], 'price': 6650, 'old_price': 0, 'currency': 'RUB', 'payment_amount': 0, 'extras_variants': [], 'extras': {'32230': {'id': 32230, 'number': 1, 'extra_bed_type_id': 0, 'age': [0, 7], 'extra_bed': 0, 'free': 1}}, 'rate_id': 14781, 'deals': [], 'cancellation_type': 'free', 'credit_card': 0, 'bonus': 333, 'miles': 399, 'min_stay': 1, 'platichastyami': 0, 'mircashback': 665}, {'id': 289355, 'capacity': 1, 'prepayment': 'NO', 'nonrefundable': 0, 'cancellation_period': 0, 'cancellation_fee': 'NO', 'breakfast': 6, 'base_price': 6900, 'prices': [6900], 'price': 6900, 'old_price': 0, 'currency': 'RUB', 'payment_amount': 0, 'extras_variants': [], 'extras': {'32230': {'id': 32230, 'number': 1, 'extra_bed_type_id': 0, 'age': [0, 7], 'extra_bed': 0, 'free': 1}}, 'rate_id': 1933, 'deals': [], 'cancellation_type': 'free', 'credit_card': 0, 'bonus': 345, 'miles': 414, 'min_stay': 1, 'platichastyami': 0, 'mircashback': 690}, {'id': 505521, 'capacity': 2, 'prepayment': 'NO', 'nonrefundable': 0, 'cancellation_period': 0, 'cancellation_fee': 'NO', 'breakfast': 0, 'base_price': 7200, 'prices': [7200], 'price': 7200, 'old_price': 0, 'currency': 'RUB', 'payment_amount': 0, 'extras_variants': [], 'extras': {'32230': {'id': 32230, 'number': 1, 'extra_bed_type_id': 0, 'age': [0, 7], 'extra_bed': 0, 'free': 1}}, 'rate_id': 14781, 'deals': [], 'cancellation_type': 'free', 'credit_card': 0, 'bonus': 360, 'miles': 432, 'min_stay': 1, 'platichastyami': 0, 'mircashback': 720}, {'id': 289356, 'capacity': 2, 'prepayment': 'NO', 'nonrefundable': 0, 'cancellation_period': 0, 'cancellation_fee': 'NO', 'breakfast': 6, 'base_price': 7700, 'prices': [7700], 'price': 7700, 'old_price': 0, 'currency': 'RUB', 'payment_amount': 0, 'extras_variants': [], 'extras': {'32230': {'id': 32230, 'number': 1, 'extra_bed_type_id': 0, 'age': [0, 7], 'extra_bed': 0, 'free': 1}}, 'rate_id': 1933, 'deals': [], 'cancellation_type': 'free', 'credit_card': 0, 'bonus': 385, 'miles': 462, 'min_stay': 1, 'platichastyami': 0, 'mircashback': 770}]",6650.0,399,220_101hotels,2026-08-26
5713,,Стандарт,2,0,0,1,Двухместный,2,7,[{'single': 2}],"[{'id': '32227', 'number': '1', 'min_age': '0', 'max_age': '7', 'is_extra_bed': '0', 'extra_bed_type_id': '0'}]","[{'id': 505522, 'capacity': 1, 'prepayment': 'NO', 'nonrefundable': 0, 'cancellation_period': 0, 'cancellation_fee': 'NO', 'breakfast': 0, 'base_price': 6050, 'prices': [6050], 'price': 6050, 'old_price': 0, 'currency': 'RUB', 'payment_amount': 0, 'extras_variants': [], 'extras': {'32227': {'id': 32227, 'number': 1, 'extra_bed_type_id': 0, 'age': [0, 7], 'extra_bed': 0, 'free': 1}}, 'rate_id': 14781, 'deals': [], 'cancellation_type': 'free', 'credit_card': 0, 'bonus': 303, 'miles': 363, 'min_stay': 1, 'platichastyami': 0, 'mircashback': 605}, {'id': 289357, 'capacity': 1, 'prepayment': 'NO', 'nonrefundable': 0, 'cancellation_period': 0, 'cancellation_fee': 'NO', 'breakfast': 6, 'base_price': 6300, 'prices': [6300], 'price': 6300, 'old_price': 0, 'currency': 'RUB', 'payment_amount': 0, 'extras_variants': [], 'extras': {'32227': {'id': 32227, 'number': 1, 'extra_bed_type_id': 0, 'age': [0, 7], 'extra_bed': 0, 'free': 1}}, 'rate_id': 1933, 'deals': [], 'cancellation_type': 'free', 'credit_card': 0, 'bonus': 315, 'miles': 378, 'min_stay': 1, 'platichastyami': 0, 'mircashback': 630}, {'id': 505523, 'capacity': 2, 'prepayment': 'NO', 'nonrefundable': 0, 'cancellation_period': 0, 'cancellation_fee': 'NO', 'breakfast': 0, 'base_price': 6600, 'prices': [6600], 'price': 6600, 'old_price': 0, 'currency': 'RUB', 'payment_amount': 0, 'extras_variants': [], 'extras': {'32227': {'id': 32227, 'number': 1, 'extra_bed_type_id': 0, 'age': [0, 7], 'extra_bed': 0, 'free': 1}}, 'rate_id': 14781, 'deals': [], 'cancellation_type': 'free', 'credit_card': 0, 'bonus': 330, 'miles': 396, 'min_stay': 1, 'platichastyami': 0, 'mircashback': 660}, {'id': 289358, 'capacity': 2, 'prepayment': 'NO', 'nonrefundable': 0, 'cancellation_period': 0, 'cancellation_fee': 'NO', 'breakfast': 6, 'base_price': 7100, 'prices': [7100], 'price': 7100, 'old_price': 0, 'currency': 'RUB', 'payment_amount': 0, 'extras_variants': [], 'extras': {'32227': {'id': 32227, 'number': 1, 'extra_bed_type_id': 0, 'age': [0, 7], 'extra_bed': 0, 'free': 1}}, 'rate_id': 1933, 'deals': [], 'cancellation_type': 'free', 'credit_card': 0, 'bonus': 355, 'miles': 426, 'min_stay': 1, 'platichastyami': 0, 'mircashback': 710}]",6050.0,363,220_101hotels,2026-08-26
5722,,Джуниор Сюит,2,1,0,1,Делюкс,29,5,[{'double': 1}],"[{'id': '32232', 'number': '1', 'min_age': '0', 'max_age': '7', 'is_extra_bed': '0', 'extra_bed_type_id': '0'}]","[{'id': 505528, 'capacity': 1, 'prepayment': 'NO', 'nonrefundable': 0, 'cancellation_period': 0, 'cancellation_fee': 'NO', 'breakfast': 0, 'base_price': 8850, 'prices': [8850], 'price': 8850, 'old_price': 0, 'currency': 'RUB', 'payment_amount': 0, 'extras_variants': [], 'extras': {'32232': {'id': 32232, 'number': 1, 'extra_bed_type_id': 0, 'age': [0, 7], 'extra_bed': 0, 'free': 1}}, 'rate_id': 14781, 'deals': [], 'cancellation_type': 'free', 'credit_card': 0, 'bonus': 443, 'miles': 531, 'min_stay': 1, 'platichastyami': 0, 'mircashback': 885}, {'id': 289363, 'capacity': 1, 'prepayment': 'NO', 'nonrefundable': 0, 'cancellation_period': 0, 'cancellation_fee': 'NO', 'breakfast': 6, 'base_price': 9100, 'prices': [9100], 'price': 9100, 'old_price': 0, 'currency': 'RUB', 'payment_amount': 0, 'extras_variants': [], 'extras': {'32232': {'id': 32232, 'number': 1, 'extra_bed_type_id': 0, 'age': [0, 7], 'extra_bed': 0, 'free': 1}}, 'rate_id': 1933, 'deals': [], 'cancellation_type': 'free', 'credit_card': 0, 'bonus': 455, 'miles': 546, 'min_stay': 1, 'platichastyami': 0, 'mircashback': 910}, {'id': 505529, 'capacity': 2, 'prepayment': 'NO', 'nonrefundable': 0, 'cancellation_period': 0, 'cancellation_fee': 'NO', 'breakfast': 0, 'base_price': 9600, 'prices': [9600], 'price': 9600, 'old_price': 0, 'currency': 'RUB', 'payment_amount': 0, 'extras_variants': [], 'extras': {'32232': {'id': 32232, 'number': 1, 'extra_bed_type_id': 0, 'age': [0, 7], 'extra_bed': 0, 'free': 1}}, 'rate_id': 14781, 'deals': [], 'cancellation_type': 'free', 'credit_card': 0, 'bonus': 480, 'miles': 576, 'min_stay': 1, 'platichastyami': 0, 'mircashback': 960}, {'id': 289364, 'capacity': 2, 'prepayment': 'NO', 'nonrefundable': 0, 'cancellation_period': 0, 'cancellation_fee': 'NO', 'breakfast': 6, 'base_price': 10100, 'prices': [10100], 'price': 10100, 'old_price': 0, 'currency': 'RUB', 'payment_amount': 0, 'extras_variants': [], 'extras': {'32232': {'id': 32232, 'number': 1, 'extra_bed_type_id': 0, 'age': [0, 7], 'extra_bed': 0, 'free': 1}}, 'rate_id': 1933, 'deals': [], 'cancellation_type': 'free', 'credit_card': 0, 'bonus': 505, 'miles': 606, 'min_stay': 1, 'platichastyami': 0, 'mircashback': 1010}]",8850.0,531,220_101hotels,2026-08-26
31429,,Бизнес Стандарт 1 кровать,2,0,0,1,Двухместный,2,9,[{'double': 1}],"[{'id': '32229', 'number': '1', 'min_age': '0', 'max_age': '7', 'is_extra_bed': '0', 'extra_bed_type_id': '0'}]","[{'id': 505524, 'capacity': 1, 'prepayment': 'NO', 'nonrefundable': 0, 'cancellation_period': 0, 'cancellation_fee': 'NO', 'breakfast': 0, 'base_price': 6650, 'prices': [6650], 'price': 6650, 'old_price': 0, 'currency': 'RUB', 'payment_amount': 0, 'extras_variants': [], 'extras': {'32229': {'id': 32229, 'number': 1, 'extra_bed_type_id': 0, 'age': [0, 7], 'extra_bed': 0, 'free': 1}}, 'rate_id': 14781, 'deals': [], 'cancellation_type': 'free', 'credit_card': 0, 'bonus': 333, 'miles': 399, 'min_stay': 1, 'platichastyami': 0, 'mircashback': 665}, {'id': 289359, 'capacity': 1, 'prepayment': 'NO', 'nonrefundable': 0, 'cancellation_period': 0, 'cancellation_fee': 'NO', 'breakfast': 6, 'base_price': 6900, 'prices': [6900], 'price': 6900, 'old_price': 0, 'currency': 'RUB', 'payment_amount': 0, 'extras_variants': [], 'extras': {'32229': {'id': 32229, 'number': 1, 'extra_bed_type_id': 0, 'age': [0, 7], 'extra_bed': 0, 'free': 1}}, 'rate_id': 1933, 'deals': [], 'cancellation_type': 'free', 'credit_card': 0, 'bonus': 345, 'miles': 414, 'min_stay': 1, 'platichastyami': 0, 'mircashback': 690}, {'id': 505525, 'capacity': 2, 'prepayment': 'NO', 'nonrefundable': 0, 'cancellation_period': 0, 'cancellation_fee': 'NO', 'breakfast': 0, 'base_price': 7200, 'prices': [7200], 'price': 7200, 'old_price': 0, 'currency': 'RUB', 'payment_amount': 0, 'extras_variants': [], 'extras': {'32229': {'id': 32229, 'number': 1, 'extra_bed_type_id': 0, 'age': [0, 7], 'extra_bed': 0, 'free': 1}}, 'rate_id': 14781, 'deals': [], 'cancellation_type': 'free', 'credit_card': 0, 'bonus': 360, 'miles': 432, 'min_stay': 1, 'platichastyami': 0, 'mircashback': 720}, {'id': 289360, 'capacity': 2, 'prepayment': 'NO', 'nonrefundable': 0, 'cancellation_period': 0, 'cancellation_fee': 'NO', 'breakfast': 6, 'base_price': 7700, 'prices': [7700], 'price': 7700, 'old_price': 0, 'currency': 'RUB', 'payment_amount': 0, 'extras_variants': [], 'extras': {'32229': {'id': 32229, 'number': 1, 'extra_bed_type_id': 0, 'age': [0, 7], 'extra_bed': 0, 'free': 1}}, 'rate_id': 1933, 'deals': [], 'cancellation_type': 'free', 'credit_card': 0, 'bonus': 385, 'miles': 462, 'min_stay': 1, 'platichastyami': 0, 'mircashback': 770}]",6650.0,399,220_101hotels,2026-08-26
31430,,,2,0,0,1,Люкс,6,2,[{'double': 1}],"[{'id': '32224', 'number': '1', 'min_age': '0', 'max_age': '7', 'is_extra_bed': '0', 'extra_bed_type_id': '0'}]","[{'id': 505526, 'capacity': 1, 'prepayment': 'NO', 'nonrefundable': 0, 'cancellation_period': 0, 'cancellation_fee': 'NO', 'breakfast': 0, 'base_price': 9850, 'prices': [9850], 'price': 9850, 'old_price': 0, 'currency': 'RUB', 'payment_amount': 0, 'extras_variants': [], 'extras': {'32224': {'id': 32224, 'number': 1, 'extra_bed_type_id': 0, 'age': [0, 7], 'extra_bed': 0, 'free': 1}}, 'rate_id': 14781, 'deals': [], 'cancellation_type': 'free', 'credit_card': 0, 'bonus': 493, 'miles': 591, 'min_stay': 1, 'platichastyami': 0, 'mircashback': 985}, {'id': 289361, 'capacity': 1, 'prepayment': 'NO', 'nonrefundable': 0, 'cancellation_period': 0, 'cancellation_fee': 'NO', 'breakfast': 6, 'base_price': 10100, 'prices': [10100], 'price': 10100, 'old_price': 0, 'currency': 'RUB', 'payment_amount': 0, 'extras_variants': [], 'extras': {'32224': {'id': 32224, 'number': 1, 'extra_bed_type_id': 0, 'age': [0, 7], 'extra_bed': 0, 'free': 1}}, 'rate_id': 1933, 'deals': [], 'cancellation_type': 'free', 'credit_card': 0, 'bonus': 505, 'miles': 606, 'min_stay': 1, 'platichastyami': 0, 'mircashback': 1010}, {'id': 505527, 'capacity': 2, 'prepayment': 'NO', 'nonrefundable': 0, 'cancellation_period': 0, 'cancellation_fee': 'NO', 'breakfast': 0, 'base_price': 10700, 'prices': [10700], 'price': 10700, 'old_price': 0, 'currency': 'RUB', 'payment_amount': 0, 'extras_variants': [], 'extras': {'32224': {'id': 32224, 'number': 1, 'extra_bed_type_id': 0, 'age': [0, 7], 'extra_bed': 0, 'free': 1}}, 'rate_id': 14781, 'deals': [], 'cancellation_type': 'free', 'credit_card': 0, 'bonus': 535, 'miles': 642, 'min_stay': 1, 'platichastyami': 0, 'mircashback': 1070}, {'id': 289362, 'capacity': 2, 'prepayment': 'NO', 'nonrefundable': 0, 'cancellation_period': 0, 'cancellation_fee': 'NO', 'breakfast': 6, 'base_price': 11200, 'prices': [11200], 'price': 11200, 'old_price': 0, 'currency': 'RUB', 'payment_amount': 0, 'extras_variants': [], 'extras': {'32224': {'id': 32224, 'number': 1, 'extra_bed_type_id': 0, 'age': [0, 7], 'extra_bed': 0, 'free': 1}}, 'rate_id': 1933, 'deals': [], 'cancellation_type': 'free', 'credit_card': 0, 'bonus': 560, 'miles': 672, 'min_stay': 1, 'platichastyami': 0, 'mircashback': 1120}]",9850.0,591,220_101hotels,2026-08-26
2286098,,Business Suite,2,2,0,1,Сюит,27,4,"[{'double': 1, 'sofa': 1}]","[{'id': '15506', 'number': '1', 'min_age': '0', 'max_age': '7', 'is_extra_bed': '0', 'extra_bed_type_id': '0'}]","[{'id': 922259, 'capacity': 1, 'prepayment': 'NO', 'nonrefundable': 0, 'cancellation_period': 0, 'cancellation_fee': 'NO', 'breakfast': 0, 'base_price': 12200, 'prices': [12200], 'price': 12200, 'old_price': 12200, 'currency': 'RUB', 'payment_amount': 0, 'extras_variants': [], 'extras': {'15506': {'id': 15506, 'number': 1, 'extra_bed_type_id': 0, 'age': [0, 7], 'extra_bed': 0, 'free': 1}}, 'rate_id': 283, 'deals': [], 'cancellation_type': 'free', 'credit_card': 0, 'bonus': 610, 'miles': 732, 'min_stay': 1, 'platichastyami': 0, 'mircashback': 1220}, {'id': 922257, 'capacity': 1, 'prepayment': 'NO', 'nonrefundable': 0, 'cancellation_period': 0, 'cancellation_fee': 'NO', 'breakfast': 1, 'base_price': 13700, 'prices': [13700], 'price': 13700, 'old_price': 13700, 'currency': 'RUB', 'payment_amount': 0, 'extras_variants': [], 'extras': {'15506': {'id': 15506, 'number': 1, 'extra_bed_type_id': 0, 'age': [0, 7], 'extra_bed': 0, 'free': 1}}, 'rate_id': 282, 'deals': [], 'cancellation_type': 'free', 'credit_card': 0, 'bonus': 685, 'miles': 822, 'min_stay': 1, 'platichastyami': 0, 'mircashback': 1370}, {'id': 922260, 'capacity': 2, 'prepayment': 'NO', 'nonrefundable': 0, 'cancellation_period': 0, 'cancellation_fee': 'NO', 'breakfast': 0, 'base_price': 13200, 'prices': [13200], 'price': 13200, 'old_price': 13200, 'currency': 'RUB', 'payment_amount': 0, 'extras_variants': [], 'extras': {'15506': {'id': 15506, 'number': 1, 'extra_bed_type_id': 0, 'age': [0, 7], 'extra_bed': 0, 'free': 1}}, 'rate_id': 283, 'deals': [], 'cancellation_type': 'free', 'credit_card': 0, 'bonus': 660, 'miles': 792, 'min_stay': 1, 'platichastyami': 0, 'mircashback': 1320}, {'id': 922258, 'capacity': 2, 'prepayment': 'NO', 'nonrefundable': 0, 'cancellation_period': 0, 'cancellation_fee': 'NO', 'breakfast': 1, 'base_price': 16200, 'prices': [16200], 'price': 16200, 'old_price': 16200, 'currency': 'RUB', 'payment_amount': 0, 'extras_variants': [], 'extras': {'15506': {'id': 15506, 'number': 1, 'extra_bed_type_id': 0, 'age': [0, 7], 'extra_bed': 0, 'free': 1}}, 'rate_id': 282, 'deals': [], 'cancellation_type': 'free', 'credit_card': 0, 'bonus': 810, 'miles': 972, 'min_stay': 1, 'platichastyami': 0, 'mircashback': 1620}, {'id': '922259P', 'capacity': 1, 'prepayment': 'FULL', 'nonrefundable': 0, 'cancellation_period': 0, 'cancellation_fee': 'NO', 'breakfast': 0, 'base_price': 12200, 'prices': [12200], 'price': 12200, 'old_price': 12200, 'currency': 'RUB', 'payment_amount': 12200, 'extras_variants': [], 'extras': {'15506': {'id': 15506, 'number': 1, 'extra_bed_type_id': 0, 'age': [0, 7], 'extra_bed': 0, 'free': 1}}, 'rate_id': 283, 'deals': [], 'cancellation_type': 'free', 'credit_card': 0, 'bonus': 610, 'miles': 732, 'min_stay': 1, 'platichastyami': 0, 'mircashback': 1220}, {'id': '922257P', 'capacity': 1, 'prepayment': 'FULL', 'nonrefundable': 0, 'cancellation_period': 0, 'cancellation_fee': 'NO', 'breakfast': 1, 'base_price': 13700, 'prices': [13700], 'price': 13700, 'old_price': 13700, 'currency': 'RUB', 'payment_amount': 13700, 'extras_variants': [], 'extras': {'15506': {'id': 15506, 'number': 1, 'extra_bed_type_id': 0, 'age': [0, 7], 'extra_bed': 0, 'free': 1}}, 'rate_id': 282, 'deals': [], 'cancellation_type': 'free', 'credit_card': 0, 'bonus': 685, 'miles': 822, 'min_stay': 1, 'platichastyami': 0, 'mircashback': 1370}, {'id': '922260P', 'capacity': 2, 'prepayment': 'FULL', 'nonrefundable': 0, 'cancellation_period': 0, 'cancellation_fee': 'NO', 'breakfast': 0, 'base_price': 13200, 'prices': [13200], 'price': 13200, 'old_price': 13200, 'currency': 'RUB', 'payment_amount': 13200, 'extras_variants': [], 'extras': {'15506': {'id': 15506, 'number': 1, 'extra_bed_type_id': 0, 'age': [0, 7], 'extra_bed': 0, 'free': 1}}, 'rate_id': 283, 'deals': [], 'cancellation_type': 'free', 'credit_card': 0, 'bonus': 660, 'miles': 792, 'min_stay': 1, 'platichastyami': 0, 'mircashback': 1320}, {'id': '922258P', 'capacity': 2, 'prepayment': 'FULL', 'nonrefundable': 0, 'cancellation_period': 0, 'cancellation_fee': 'NO', 'breakfast': 1, 'base_price': 16200, 'prices': [16200], 'price': 16200, 'old_price': 16200, 'currency': 'RUB', 'payment_amount': 16200, 'extras_variants': [], 'extras': {'15506': {'id': 15506, 'number': 1, 'extra_bed_type_id': 0, 'age': [0, 7], 'extra_bed': 0, 'free': 1}}, 'rate_id': 282, 'deals': [], 'cancellation_type': 'free', 'credit_card': 0, 'bonus': 810, 'miles': 972, 'min_stay': 1, 'platichastyami': 0, 'mircashback': 1620}]",12200.0,732,560072_101hotels,2026-08-26
70634,,Джуниор Сьют,2,1,0,1,Двухместный,2,5,[{'double': 1}],[],"[{'id': 680190, 'capacity': 1, 'prepayment': 'NO', 'nonrefundable': 0, 'cancellation_period': 0, 'cancellation_fee': 'NO', 'breakfast': 0, 'base_price': 9955, 'prices': [9955], 'price': 8959.5, 'old_price': 0, 'currency': 'RUB', 'payment_amount': 0, 'extras_variants': [], 'extras': [], 'rate_id': 27028, 'deals': ['BASE'], 'cancellation_type': 'free', 'credit_card': 0, 'bonus': 448, 'miles': 537, 'min_stay': 1, 'platichastyami': 0, 'mircashback': 896}, {'id': 643047, 'capacity': 1, 'prepayment': 'FIRST', 'nonrefundable': 0, 'cancellation_period': 0, 'cancellation_fee': 'NO', 'breakfast': 1, 'base_price': 10340, 'prices': [10340], 'price': 9306, 'old_price': 0, 'currency': 'RUB', 'payment_amount': 10340, 'extras_variants': [], 'extras': [], 'rate_id': 24319, 'deals': ['BASE'], 'cancellation_type': 'free', 'credit_card': 1, 'bonus': 465, 'miles': 558, 'min_stay': 1, 'platichastyami': 0, 'mircashback': 931}, {'id': 680191, 'capacity': 2, 'prepayment': 'NO', 'nonrefundable': 0, 'cancellation_period': 0, 'cancellation_fee': 'NO', 'breakfast': 0, 'base_price': 10890, 'prices': [10890], 'price': 9801, 'old_price': 0, 'currency': 'RUB', 'payment_amount': 0, 'extras_variants': [], 'extras': [], 'rate_id': 27028, 'deals': ['BASE'], 'cancellation_type': 'free', 'credit_card': 0, 'bonus': 490, 'miles': 588, 'min_stay': 1, 'platichastyami': 0, 'mircashback': 980}, {'id': 643048, 'capacity': 2, 'prepayment': 'FIRST', 'nonrefundable': 0, 'cancellation_period': 0, 'cancellation_fee': 'NO', 'breakfast': 1, 'base_price': 11660, 'prices': [11660], 'price': 10494, 'old_price': 0, 'currency': 'RUB', 'payment_amount': 11660, 'extras_variants': [], 'extras': [], 'rate_id': 24319, 'deals': ['BASE'], 'cancellation_type': 'free', 'credit_card': 1, 'bonus': 525, 'miles': 627, 'min_stay': 1, 'platichastyami': 0, 'mircashback': 1049}]",8959.5,537,13173_101hotels,2026-08-26
70635,,Стандарт,2,0,0,1,Двухместный,2,31,[{'single': 2}],[],"[{'id': 680192, 'capacity': 1, 'prepayment': 'NO', 'nonrefundable': 0, 'cancellation_period': 0, 'cancellation_fee': 'NO', 'breakfast': 0, 'base_price': 7755, 'prices': [7755], 'price': 6979.5, 'old_price': 0, 'currency': 'RUB', 'payment_amount': 0, 'extras_variants': [], 'extras': [], 'rate_id': 27028, 'deals': ['BASE'], 'cancellation_type': 'free', 'credit_card': 0, 'bonus': 349, 'miles': 417, 'min_stay': 1, 'platichastyami': 0, 'mircashback': 698}, {'id': 643049, 'capacity': 1, 'prepayment': 'FIRST', 'nonrefundable': 0, 'cancellation_period': 0, 'cancellation_fee': 'NO', 'breakfast': 1, 'base_price': 8140, 'prices': [8140], 'price': 7326, 'old_price': 0, 'currency': 'RUB', 'payment_amount': 8140, 'extras_variants': [], 'extras': [], 'rate_id': 24319, 'deals': ['BASE'], 'cancellation_type': 'free', 'credit_card': 1, 'bonus': 366, 'miles': 438, 'min_stay': 1, 'platichastyami': 0, 'mircashback': 733}, {'id': 680193, 'capacity': 2, 'prepayment': 'NO', 'nonrefundable': 0, 'cancellation_period': 0, 'cancellation_fee': 'NO', 'breakfast': 0, 'base_price': 8690, 'prices': [8690], 'price': 7821, 'old_price': 0, 'currency': 'RUB', 'payment_amount': 0, 'extras_variants': [], 'extras': [], 'rate_id': 27028, 'deals': ['BASE'], 'cancellation_type': 'free', 'credit_card': 0, 'bonus': 391, 'miles': 468, 'min_stay': 1, 'platichastyami': 0, 'mircashback': 782}, {'id': 643050, 'capacity': 2, 'prepayment': 'FIRST', 'nonrefundable': 0, 'cancellation_period': 0, 'cancellation_fee': 'NO', 'breakfast': 1, 'base_price': 9460, 'prices': [9460], 'price': 8514, 'old_price': 0, 'currency': 'RUB', 'payment_amount': 9460, 'extras_variants': [], 'extras': [], 'rate_id': 24319, 'deals': ['BASE'], 'cancellation_type': 'free', 'credit_card': 1, 'bonus': 426, 'miles': 510, 'min_stay': 1, 'platichastyami': 0, 'mircashback': 851}]",6979.5,417,13173_101hotels,2026-08-26
70636,,Представительский,2,2,0,1,Люкс,6,2,[{'double': 1}],"[{'id': '6030', 'number': '1', 'min_age': '6', 'max_age': '18', 'is_extra_bed': '0', 'extra_bed_type_id': '0'}]","[{'id': 680198, 'capacity': 1, 'prepayment': 'NO', 'nonrefundable': 0, 'cancellation_period': 0, 'cancellation_fee': 'NO', 'breakfast': 0, 'base_price': 15565, 'prices': [15565], 'price': 14008.5, 'old_price': 0, 'currency': 'RUB', 'payment_amount': 0, 'extras_variants': [], 'extras': {'6030': {'id': 6030, 'number': 1, 'extra_bed_type_id': 0, 'age': [6, 18], 'extra_bed': 0, 'free': 1}}, 'rate_id': 27028, 'deals': ['BASE'], 'cancellation_type': 'free', 'credit_card': 0, 'bonus': 700, 'miles': 840, 'min_stay': 1, 'platichastyami': 0, 'mircashback': 1401}, {'id': 643055, 'capacity': 1, 'prepayment': 'FIRST', 'nonrefundable': 0, 'cancellation_period': 0, 'cancellation_fee': 'NO', 'breakfast': 1, 'base_price': 15950, 'prices': [15950], 'price': 14355, 'old_price': 0, 'currency': 'RUB', 'payment_amount': 15950, 'extras_variants': [], 'extras': {'6030': {'id': 6030, 'number': 1, 'extra_bed_type_id': 0, 'age': [6, 18], 'extra_bed': 0, 'free': 1}}, 'rate_id': 24319, 'deals': ['BASE'], 'cancellation_type': 'free', 'credit_card': 1, 'bonus': 718, 'miles': 861, 'min_stay': 1, 'platichastyami': 0, 'mircashback': 1436}, {'id': 680199, 'capacity': 2, 'prepayment': 'NO', 'nonrefundable': 0, 'cancellation_period': 0, 'cancellation_fee': 'NO', 'breakfast': 0, 'base_price': 16500, 'prices': [16500], 'price': 14850, 'old_price': 0, 'currency': 'RUB', 'payment_amount': 0, 'extras_variants': [], 'extras': {'6030': {'id': 6030, 'number': 1, 'extra_bed_type_id': 0, 'age': [6, 18], 'extra_bed': 0, 'free': 1}}, 'rate_id': 27028, 'deals': ['BASE'], 'cancellation_type': 'free', 'credit_card': 0, 'bonus': 743, 'miles': 891, 'min_stay': 1, 'platichastyami': 0, 'mircashback': 1485}, {'id': 643056, 'capacity': 2, 'prepayment': 'FIRST', 'nonrefundable': 0, 'cancellation_period': 0, 'cancellation_fee': 'NO', 'breakfast': 1, 'base_price': 17270, 'prices': [17270], 'price': 15543, 'old_price': 0, 'currency': 'RUB', 'payment_amount': 17270, 'extras_variants': [], 'extras': {'6030': {'id': 6030, 'number': 1, 'extra_bed_type_id': 0, 'age': [6, 18], 'extra_bed': 0, 'free': 1}}, 'rate_id': 24319, 'deals': ['BASE'], 'cancellation_type': 'free', 'credit_card': 1, 'bonus': 777, 'miles': 930, 'min_stay': 1, 'platichastyami': 0, 'mircashback': 1554}]",14008.5,840,13173_101hotels,2026-08-26
70637,,Президентский,2,2,0,1,Люкс,6,5,[{'double': 1}],[],"[{'id': 680200, 'capacity': 1, 'prepayment': 'NO', 'nonrefundable': 0, 'cancellation_period': 0, 'cancellation_fee': 'NO', 'breakfast': 0, 'base_price': 16665, 'prices': [16665], 'price': 14998.5, 'old_price': 0, 'currency': 'RUB', 'payment_amount': 0, 'extras_variants': [], 'extras': [], 'rate_id': 27028, 'deals': ['BASE'], 'cancellation_type': 'free', 'credit_card': 0, 'bonus': 750, 'miles': 897, 'min_stay': 1, 'platichastyami': 0, 'mircashback': 1500}, {'id': 643057, 'capacity': 1, 'prepayment': 'FIRST', 'nonrefundable': 0, 'cancellation_period': 0, 'cancellation_fee': 'NO', 'breakfast': 1, 'base_price': 17050, 'prices': [17050], 'price': 15345, 'old_price': 0, 'currency': 'RUB', 'payment_amount': 17050, 'extras_variants': [], 'extras': [], 'rate_id': 24319, 'deals': ['BASE'], 'cancellation_type': 'free', 'credit_card': 1, 'bonus': 767, 'miles': 918, 'min_stay': 1, 'platichastyami': 0, 'mircashback': 1535}, {'id': 680201, 'capacity': 2, 'prepayment': 'NO', 'nonrefundable': 0, 'cancellation_period': 0, 'cancellation_fee': 'NO', 'breakfast': 0, 'base_price': 17600, 'prices': [17600], 'price': 15840, 'old_price': 0, 'currency': 'RUB', 'payment_amount': 0, 'extras_variants': [], 'extras': [], 'rate_id': 27028, 'deals': ['BASE'], 'cancellation_type': 'free', 'credit_card': 0, 'bonus': 792, 'miles': 948, 'min_stay': 1, 'platichastyami': 0, 'mircashback': 1584}, {'id': 643058, 'capacity': 2, 'prepayment': 'FIRST', 'nonrefundable': 0, 'cancellation_period': 0, 'cancellation_fee': 'NO', 'breakfast': 1, 'base_price': 18370, 'prices': [18370], 'price': 16533, 'old_price': 0, 'currency': 'RUB', 'payment_amount': 18370, 'extras_variants': [], 'extras': [], 'rate_id': 24319, 'deals': ['BASE'], 'cancellation_type': 'free', 'credit_card': 1, 'bonus': 827, 'miles': 990, 'min_stay': 1, 'platichastyami': 0, 'mircashback': 1653}]",14998.5,897,13173_101hotels,2026-08-26
72266,,Семейный,2,3,0,1,Люкс,6,2,"[{'double': 1, 'sofa': 1}]",[],"[{'id': 680202, 'capacity': 1, 'prepayment': 'NO', 'nonrefundable': 0, 'cancellation_period': 0, 'cancellation_fee': 'NO', 'breakfast': 0, 'base_price': 14465, 'prices': [14465], 'price': 13018.5, 'old_price': 0, 'currency': 'RUB', 'payment_amount': 0, 'extras_variants': [], 'extras': [], 'rate_id': 27028, 'deals': ['BASE'], 'cancellation_type': 'free', 'credit_card': 0, 'bonus': 651, 'miles': 780, 'min_stay': 1, 'platichastyami': 0, 'mircashback': 1302}, {'id': 643059, 'capacity': 1, 'prepayment': 'FIRST', 'nonrefundable': 0, 'cancellation_period': 0, 'cancellation_fee': 'NO', 'breakfast': 1, 'base_price': 14850, 'prices': [14850], 'price': 13365, 'old_price': 0, 'currency': 'RUB', 'payment_amount': 14850, 'extras_variants': [], 'extras': [], 'rate_id': 24319, 'deals': ['BASE'], 'cancellation_type': 'free', 'credit_card': 1, 'bonus': 668, 'miles': 801, 'min_stay': 1, 'platichastyami': 0, 'mircashback': 1337}, {'id': 680203, 'capacity': 2, 'prepayment': 'NO', 'nonrefundable': 0, 'cancellation_period': 0, 'cancellation_fee': 'NO', 'breakfast': 0, 'base_price': 15400, 'prices': [15400], 'price': 13860, 'old_price': 0, 'currency': 'RUB', 'payment_amount': 0, 'extras_variants': [], 'extras': [], 'rate_id': 27028, 'deals': ['BASE'], 'cancellation_type': 'free', 'credit_card': 0, 'bonus': 693, 'miles': 831, 'min_stay': 1, 'platichastyami': 0, 'mircashback': 1386}, {'id': 643060, 'capacity': 2, 'prepayment': 'FIRST', 'nonrefundable': 0, 'cancellation_period': 0, 'cancellation_fee': 'NO', 'breakfast': 1, 'base_price': 16170, 'prices': [16170], 'price': 14553, 'old_price': 0, 'currency': 'RUB', 'payment_amount': 16170, 'extras_variants': [], 'extras': [], 'rate_id': 24319, 'deals': ['BASE'], 'cancellation_type': 'free', 'credit_card': 1, 'bonus': 728, 'miles': 873, 'min_stay': 1, 'platichastyami': 0, 'mircashback': 1455}]",13018.5,780,13173_101hotels,2026-08-26
72267,,Супериор,2,1,0,1,Двухместный,2,18,[{'single': 2}],[],"[{'id': 680194, 'capacity': 1, 'prepayment': 'NO', 'nonrefundable': 0, 'cancellation_period': 0, 'cancellation_fee': 'NO', 'breakfast': 0, 'base_price': 8855, 'prices': [8855], 'price': 7969.5, 'old_price': 0, 'currency': 'RUB', 'payment_amount': 0, 'extras_variants': [], 'extras': [], 'rate_id': 27028, 'deals': ['BASE'], 'cancellation_type': 'free', 'credit_card': 0, 'bonus': 398, 'miles': 477, 'min_stay': 1, 'platichastyami': 0, 'mircashback': 797}, {'id': 643051, 'capacity': 1, 'prepayment': 'FIRST', 'nonrefundable': 0, 'cancellation_period': 0, 'cancellation_fee': 'NO', 'breakfast': 1, 'base_price': 9240, 'prices': [9240], 'price': 8316, 'old_price': 0, 'currency': 'RUB', 'payment_amount': 9240, 'extras_variants': [], 'extras': [], 'rate_id': 24319, 'deals': ['BASE'], 'cancellation_type': 'free', 'credit_card': 1, 'bonus': 416, 'miles': 498, 'min_stay': 1, 'platichastyami': 0, 'mircashback': 832}, {'id': 680195, 'capacity': 2, 'prepayment': 'NO', 'nonrefundable': 0, 'cancellation_period': 0, 'cancellation_fee': 'NO', 'breakfast': 0, 'base_price': 9790, 'prices': [9790], 'price': 8811, 'old_price': 0, 'currency': 'RUB', 'payment_amount': 0, 'extras_variants': [], 'extras': [], 'rate_id': 27028, 'deals': ['BASE'], 'cancellation_type': 'free', 'credit_card': 0, 'bonus': 441, 'miles': 528, 'min_stay': 1, 'platichastyami': 0, 'mircashback': 881}, {'id': 643052, 'capacity': 2, 'prepayment': 'FIRST', 'nonrefundable': 0, 'cancellation_period': 0, 'cancellation_fee': 'NO', 'breakfast': 1, 'base_price': 10560, 'prices': [10560], 'price': 9504, 'old_price': 0, 'currency': 'RUB', 'payment_amount': 10560, 'extras_variants': [], 'extras': [], 'rate_id': 24319, 'deals': ['BASE'], 'cancellation_type': 'free', 'credit_card': 1, 'bonus': 475, 'miles': 570, 'min_stay': 1, 'platichastyami': 0, 'mircashback': 950}]",7969.5,477,13173_101hotels,2026-08-26
123237,,Cтандарт +,2,0,0,1,Двухместный,2,19,[{'single': 2}],[],"[{'id': 680196, 'capacity': 1, 'prepayment': 'NO', 'nonrefundable': 0, 'cancellation_period': 0, 'cancellation_fee': 'NO', 'breakfast': 0, 'base_price': 8305, 'prices': [8305], 'price': 7474.5, 'old_price': 0, 'currency': 'RUB', 'payment_amount': 0, 'extras_variants': [], 'extras': [], 'rate_id': 27028, 'deals': ['BASE'], 'cancellation_type': 'free', 'credit_card': 0, 'bonus': 374, 'miles': 447, 'min_stay': 1, 'platichastyami': 0, 'mircashback': 747}, {'id': 643053, 'capacity': 1, 'prepayment': 'FIRST', 'nonrefundable': 0, 'cancellation_period': 0, 'cancellation_fee': 'NO', 'breakfast': 1, 'base_price': 8690, 'prices': [8690], 'price': 7821, 'old_price': 0, 'currency': 'RUB', 'payment_amount': 8690, 'extras_variants': [], 'extras': [], 'rate_id': 24319, 'deals': ['BASE'], 'cancellation_type': 'free', 'credit_card': 1, 'bonus': 391, 'miles': 468, 'min_stay': 1, 'platichastyami': 0, 'mircashback': 782}, {'id': 680197, 'capacity': 2, 'prepayment': 'NO', 'nonrefundable': 0, 'cancellation_period': 0, 'cancellation_fee': 'NO', 'breakfast': 0, 'base_price': 9240, 'prices': [9240], 'price': 8316, 'old_price': 0, 'currency': 'RUB', 'payment_amount': 0, 'extras_variants': [], 'extras': [], 'rate_id': 27028, 'deals': ['BASE'], 'cancellation_type': 'free', 'credit_card': 0, 'bonus': 416, 'miles': 498, 'min_stay': 1, 'platichastyami': 0, 'mircashback': 832}, {'id': 643054, 'capacity': 2, 'prepayment': 'FIRST', 'nonrefundable': 0, 'cancellation_period': 0, 'cancellation_fee': 'NO', 'breakfast': 1, 'base_price': 10010, 'prices': [10010], 'price': 9009, 'old_price': 0, 'currency': 'RUB', 'payment_amount': 10010, 'extras_variants': [], 'extras': [], 'rate_id': 24319, 'deals': ['BASE'], 'cancellation_type': 'free', 'credit_card': 1, 'bonus': 450, 'miles': 540, 'min_stay': 1, 'platichastyami': 0, 'mircashback': 901}]",7474.5,447,13173_101hotels,2026-08-26
21257,,Стандарт,3,0,0,1,Трехместный,37,2,[{'single': 3}],"[{'id': '27697', 'number': '1', 'min_age': '1', 'max_age': '5', 'is_extra_bed': '0', 'extra_bed_type_id': '0'}]","[{'id': 1051942, 'capacity': 1, 'prepayment': 'FIRST', 'nonrefundable': 0, 'cancellation_period': 1, 'cancellation_fee': 'FIRST', 'breakfast': 1, 'base_price': 3400, 'prices': [3400], 'price': 3400, 'old_price': 3400, 'currency': 'RUB', 'payment_amount': 3400, 'extras_variants': [], 'extras': {'27697': {'id': 27697, 'number': 1, 'extra_bed_type_id': 0, 'age': [1, 5], 'extra_bed': 0, 'free': 1}}, 'rate_id': 51374, 'deals': [], 'cancellation_type': 'special', 'credit_card': 1, 'bonus': 170, 'miles': 204, 'min_stay': 1, 'platichastyami': 0, 'mircashback': 340}, {'id': 246940, 'capacity': 1, 'prepayment': 'FIRST', 'nonrefundable': 0, 'cancellation_period': 1, 'cancellation_fee': 'FIRST', 'breakfast': 0, 'base_price': 4000, 'prices': [4000], 'price': 4000, 'old_price': 4000, 'currency': 'RUB', 'payment_amount': 4000, 'extras_variants': [], 'extras': {'27697': {'id': 27697, 'number': 1, 'extra_bed_type_id': 0, 'age': [1, 5], 'extra_bed': 0, 'free': 1}}, 'rate_id': 116, 'deals': [], 'cancellation_type': 'special', 'credit_card': 1, 'bonus': 200, 'miles': 240, 'min_stay': 1, 'platichastyami': 0, 'mircashback': 400}, {'id': 1051943, 'capacity': 2, 'prepayment': 'FIRST', 'nonrefundable': 0, 'cancellation_period': 1, 'cancellation_fee': 'FIRST', 'breakfast': 1, 'base_price': 3800, 'prices': [3800], 'price': 3800, 'old_price': 3800, 'currency': 'RUB', 'payment_amount': 3800, 'extras_variants': [], 'extras': {'27697': {'id': 27697, 'number': 1, 'extra_bed_type_id': 0, 'age': [1, 5], 'extra_bed': 0, 'free': 1}}, 'rate_id': 51374, 'deals': [], 'cancellation_type': 'special', 'credit_card': 1, 'bonus': 190, 'miles': 228, 'min_stay': 1, 'platichastyami': 0, 'mircashback': 380}, {'id': 246941, 'capacity': 2, 'prepayment': 'FIRST', 'nonrefundable': 0, 'cancellation_period': 1, 'cancellation_fee': 'FIRST', 'breakfast': 0, 'base_price': 4000, 'prices': [4000], 'price': 4000, 'old_price': 4000, 'currency': 'RUB', 'payment_amount': 4000, 'extras_variants': [], 'extras': {'27697': {'id': 27697, 'number': 1, 'extra_bed_type_id': 0, 'age': [1, 5], 'extra_bed': 0, 'free': 1}}, 'rate_id': 116, 'deals': [], 'cancellation_type': 'special', 'credit_card': 1, 'bonus': 200, 'miles': 240, 'min_stay': 1, 'platichastyami': 0, 'mircashback': 400}, {'id': 246942, 'capacity': 3, 'prepayment': 'FIRST', 'nonrefundable': 0, 'cancellation_period': 1, 'cancellation_fee': 'FIRST', 'breakfast': 0, 'base_price': 4000, 'prices': [4000], 'price': 4000, 'old_price': 4000, 'currency': 'RUB', 'payment_amount': 4000, 'extras_variants': [], 'extras': {'27697': {'id': 27697, 'number': 1, 'extra_bed_type_id': 0, 'age': [1, 5], 'extra_bed': 0, 'free': 1}}, 'rate_id': 116, 'deals': [], 'cancellation_type': 'special', 'credit_card': 1, 'bonus': 200, 'miles': 240, 'min_stay': 1, 'platichastyami': 0, 'mircashback': 400}, {'id': 1051944, 'capacity': 3, 'prepayment': 'FIRST', 'nonrefundable': 0, 'cancellation_period': 1, 'cancellation_fee': 'FIRST', 'breakfast': 1, 'base_price': 4900, 'prices': [4900], 'price': 4900, 'old_price': 4900, 'currency': 'RUB', 'payment_amount': 4900, 'extras_variants': [], 'extras': {'27697': {'id': 27697, 'number': 1, 'extra_bed_type_id': 0, 'age': [1, 5], 'extra_bed': 0, 'free': 1}}, 'rate_id': 51374, 'deals': [], 'cancellation_type': 'special', 'credit_card': 1, 'bonus': 245, 'miles': 294, 'min_stay': 1, 'platichastyami': 0, 'mircashback': 490}]",3400.0,204,4398_101hotels,2026-08-26
21258,,Стандарт Твин,2,0,0,1,Двухместный,2,1,"[{'single': 2}, {'double': 1}]","[{'id': '36773', 'number': '1', 'min_age': '1', 'max_age': '5', 'is_extra_bed': '0', 'extra_bed_type_id': '0'}]","[{'id': 246928, 'capacity': 1, 'prepayment': 'FIRST', 'nonrefundable': 0, 'cancellation_period': 1, 'cancellation_fee': 'FIRST', 'breakfast': 0, 'base_price': 3500, 'prices': [3500], 'price': 3500, 'old_price': 3500, 'currency': 'RUB', 'payment_amount': 3500, 'extras_variants': [], 'extras': {'36773': {'id': 36773, 'number': 1, 'extra_bed_type_id': 0, 'age': [1, 5], 'extra_bed': 0, 'free': 1}}, 'rate_id': 116, 'deals': [], 'cancellation_type': 'special', 'credit_card': 1, 'bonus': 175, 'miles': 210, 'min_stay': 1, 'platichastyami': 0, 'mircashback': 350}, {'id': 1051934, 'capacity': 1, 'prepayment': 'FIRST', 'nonrefundable': 0, 'cancellation_period': 1, 'cancellation_fee': 'FIRST', 'breakfast': 1, 'base_price': 4100, 'prices': [4100], 'price': 4100, 'old_price': 4100, 'currency': 'RUB', 'payment_amount': 4100, 'extras_variants': [], 'extras': {'36773': {'id': 36773, 'number': 1, 'extra_bed_type_id': 0, 'age': [1, 5], 'extra_bed': 0, 'free': 1}}, 'rate_id': 51374, 'deals': [], 'cancellation_type': 'special', 'credit_card': 1, 'bonus': 205, 'miles': 246, 'min_stay': 1, 'platichastyami': 0, 'mircashback': 410}, {'id': 246929, 'capacity': 2, 'prepayment': 'FIRST', 'nonrefundable': 0, 'cancellation_period': 1, 'cancellation_fee': 'FIRST', 'breakfast': 0, 'base_price': 3500, 'prices': [3500], 'price': 3500, 'old_price': 3500, 'currency': 'RUB', 'payment_amount': 3500, 'extras_variants': [], 'extras': {'36773': {'id': 36773, 'number': 1, 'extra_bed_type_id': 0, 'age': [1, 5], 'extra_bed': 0, 'free': 1}}, 'rate_id': 116, 'deals': [], 'cancellation_type': 'special', 'credit_card': 1, 'bonus': 175, 'miles': 210, 'min_stay': 1, 'platichastyami': 0, 'mircashback': 350}, {'id': 1051935, 'capacity': 2, 'prepayment': 'FIRST', 'nonrefundable': 0, 'cancellation_period': 1, 'cancellation_fee': 'FIRST', 'breakfast': 1, 'base_price': 4100, 'prices': [4100], 'price': 4100, 'old_price': 4100, 'currency': 'RUB', 'payment_amount': 4100, 'extras_variants': [], 'extras': {'36773': {'id': 36773, 'number': 1, 'extra_bed_type_id': 0, 'age': [1, 5], 'extra_bed': 0, 'free': 1}}, 'rate_id': 51374, 'deals': [], 'cancellation_type': 'special', 'credit_card': 1, 'bonus': 205, 'miles': 246, 'min_stay': 1, 'platichastyami': 0, 'mircashback': 410}]",3500.0,210,4398_101hotels,2026-08-26
27383,,Эконом Твин,2,0,0,0,Двухместный,2,1,[{'single': 2}],"[{'id': '51072', 'number': '1', 'min_age': '1', 'max_age': '5', 'is_extra_bed': '0', 'extra_bed_type_id': '0'}]","[{'id': 246930, 'capacity': 1, 'prepayment': 'FIRST', 'nonrefundable': 0, 'cancellation_period': 1, 'cancellation_fee': 'FIRST', 'breakfast': 0, 'base_price': 2500, 'prices': [2500], 'price': 2500, 'old_price': 2500, 'currency': 'RUB', 'payment_amount': 2500, 'extras_variants': [], 'extras': {'51072': {'id': 51072, 'number': 1, 'extra_bed_type_id': 0, 'age': [1, 5], 'extra_bed': 0, 'free': 1}}, 'rate_id': 116, 'deals': [], 'cancellation_type': 'special', 'credit_card': 1, 'bonus': 125, 'miles': 150, 'min_stay': 1, 'platichastyami': 0, 'mircashback': 250}, {'id': 246931, 'capacity': 2, 'prepayment': 'FIRST', 'nonrefundable': 0, 'cancellation_period': 1, 'cancellation_fee': 'FIRST', 'breakfast': 0, 'base_price': 2500, 'prices': [2500], 'price': 2500, 'old_price': 2500, 'currency': 'RUB', 'payment_amount': 2500, 'extras_variants': [], 'extras': {'51072': {'id': 51072, 'number': 1, 'extra_bed_type_id': 0, 'age': [1, 5], 'extra_bed': 0, 'free': 1}}, 'rate_id': 116, 'deals': [], 'cancellation_type': 'special', 'credit_card': 1, 'bonus': 125, 'miles': 150, 'min_stay': 1, 'platichastyami': 0, 'mircashback': 250}]",2500.0,150,4398_101hotels,2026-08-26
1263836,,Стандарт Макси,2,0,0,1,Двухместный,2,6,"[{'single': 2}, {'single': 2}]","[{'id': '36771', 'number': '1', 'min_age': '1', 'max_age': '5', 'is_extra_bed': '0', 'extra_bed_type_id': '0'}]","[{'id': 246932, 'capacity': 1, 'prepayment': 'FIRST', 'nonrefundable': 0, 'cancellation_period': 1, 'cancellation_fee': 'FIRST', 'breakfast': 0, 'base_price': 4100, 'prices': [4100], 'price': 4100, 'old_price': 4100, 'currency': 'RUB', 'payment_amount': 4100, 'extras_variants': [], 'extras': {'36771': {'id': 36771, 'number': 1, 'extra_bed_type_id': 0, 'age': [1, 5], 'extra_bed': 0, 'free': 1}}, 'rate_id': 116, 'deals': [], 'cancellation_type': 'special', 'credit_card': 1, 'bonus': 205, 'miles': 246, 'min_stay': 1, 'platichastyami': 0, 'mircashback': 410}, {'id': 1051936, 'capacity': 1, 'prepayment': 'FIRST', 'nonrefundable': 0, 'cancellation_period': 1, 'cancellation_fee': 'FIRST', 'breakfast': 1, 'base_price': 4700, 'prices': [4700], 'price': 4700, 'old_price': 4700, 'currency': 'RUB', 'payment_amount': 4700, 'extras_variants': [], 'extras': {'36771': {'id': 36771, 'number': 1, 'extra_bed_type_id': 0, 'age': [1, 5], 'extra_bed': 0, 'free': 1}}, 'rate_id': 51374, 'deals': [], 'cancellation_type': 'special', 'credit_card': 1, 'bonus': 235, 'miles': 282, 'min_stay': 1, 'platichastyami': 0, 'mircashback': 470}, {'id': 246933, 'capacity': 2, 'prepayment': 'FIRST', 'nonrefundable': 0, 'cancellation_period': 1, 'cancellation_fee': 'FIRST', 'breakfast': 0, 'base_price': 4100, 'prices': [4100], 'price': 4100, 'old_price': 4100, 'currency': 'RUB', 'payment_amount': 4100, 'extras_variants': [], 'extras': {'36771': {'id': 36771, 'number': 1, 'extra_bed_type_id': 0, 'age': [1, 5], 'extra_bed': 0, 'free': 1}}, 'rate_id': 116, 'deals': [], 'cancellation_type': 'special', 'credit_card': 1, 'bonus': 205, 'miles': 246, 'min_stay': 1, 'platichastyami': 0, 'mircashback': 410}, {'id': 1051937, 'capacity': 2, 'prepayment': 'FIRST', 'nonrefundable': 0, 'cancellation_period': 1, 'cancellation_fee': 'FIRST', 'breakfast': 1, 'base_price': 4700, 'prices': [4700], 'price': 4700, 'old_price': 4700, 'currency': 'RUB', 'payment_amount': 4700, 'extras_variants': [], 'extras': {'36771': {'id': 36771, 'number': 1, 'extra_bed_type_id': 0, 'age': [1, 5], 'extra_bed': 0, 'free': 1}}, 'rate_id': 51374, 'deals': [], 'cancellation_type': 'special', 'credit_card': 1, 'bonus': 235, 'miles': 282, 'min_stay': 1, 'platichastyami': 0, 'mircashback': 470}]",4100.0,246,4398_101hotels,2026-08-26
1567289,,Стандартный номер с 2 отдельными кроватями,2,0,0,1,Двухместный,2,3,"[{'single': 2}, {'single': 1}]","[{'id': '34012', 'number': '2', 'min_age': '1', 'max_age': '12', 'is_extra_bed': '0', 'extra_bed_type_id': '0'}]","[{'id': 521478, 'capacity': 1, 'prepayment': 'FIRST', 'nonrefundable': 0, 'cancellation_period': 1, 'cancellation_fee': 'FIRST', 'breakfast': 0, 'base_price': 3200, 'prices': [3200], 'price': 3200, 'old_price': 3200, 'currency': 'RUB', 'payment_amount': 3200, 'extras_variants': [], 'extras': {'34012': {'id': 34012, 'number': 2, 'extra_bed_type_id': 0, 'age': [1, 12], 'extra_bed': 0, 'free': 1}}, 'rate_id': 15769, 'deals': [], 'cancellation_type': 'special', 'credit_card': 1, 'bonus': 160, 'miles': 192, 'min_stay': 1, 'platichastyami': 0, 'mircashback': 320}, {'id': 521479, 'capacity': 2, 'prepayment': 'FIRST', 'nonrefundable': 0, 'cancellation_period': 1, 'cancellation_fee': 'FIRST', 'breakfast': 0, 'base_price': 4500, 'prices': [4500], 'price': 4500, 'old_price': 4500, 'currency': 'RUB', 'payment_amount': 4500, 'extras_variants': [], 'extras': {'34012': {'id': 34012, 'number': 2, 'extra_bed_type_id': 0, 'age': [1, 12], 'extra_bed': 0, 'free': 1}}, 'rate_id': 15769, 'deals': [], 'cancellation_type': 'special', 'credit_card': 1, 'bonus': 225, 'miles': 270, 'min_stay': 1, 'platichastyami': 0, 'mircashback': 450}]",3200.0,192,485325_101hotels,2026-08-26
2298981,,Семейный номер повышенной комфортности,4,0,0,1,Четырехместный,34,1,"[{'single': 2, 'double': 1, 'sofa': 1}]","[{'id': '33232', 'number': '1', 'min_age': '0', 'max_age': '2', 'is_extra_bed': '0', 'extra_bed_type_id': '0'}]","[{'id': 1031233, 'capacity': 1, 'prepayment': 'FIRST', 'nonrefundable': 0, 'cancellation_period': 1, 'cancellation_fee': 'FIRST', 'breakfast': 0, 'base_price': 6000, 'prices': [6000], 'price': 6000, 'old_price': 6000, 'currency': 'RUB', 'payment_amount': 6000, 'extras_variants': [], 'extras': {'33232': {'id': 33232, 'number': 1, 'extra_bed_type_id': 0, 'age': [0, 2], 'extra_bed': 0, 'free': 1}}, 'rate_id': 15769, 'deals': [], 'cancellation_type': 'special', 'credit_card': 1, 'bonus': 300, 'miles': 360, 'min_stay': 1, 'platichastyami': 0, 'mircashback': 600}, {'id': 1031234, 'capacity': 2, 'prepayment': 'FIRST', 'nonrefundable': 0, 'cancellation_period': 1, 'cancellation_fee': 'FIRST', 'breakfast': 0, 'base_price': 7000, 'prices': [7000], 'price': 7000, 'old_price': 7000, 'currency': 'RUB', 'payment_amount': 7000, 'extras_variants': [], 'extras': {'33232': {'id': 33232, 'number': 1, 'extra_bed_type_id': 0, 'age': [0, 2], 'extra_bed': 0, 'free': 1}}, 'rate_id': 15769, 'deals': [], 'cancellation_type': 'special', 'credit_card': 1, 'bonus': 350, 'miles': 420, 'min_stay': 1, 'platichastyami': 0, 'mircashback': 700}, {'id': 1031235, 'capacity': 3, 'prepayment': 'FIRST', 'nonrefundable': 0, 'cancellation_period': 1, 'cancellation_fee': 'FIRST', 'breakfast': 0, 'base_price': 8000, 'prices': [8000], 'price': 8000, 'old_price': 8000, 'currency': 'RUB', 'payment_amount': 8000, 'extras_variants': [], 'extras': {'33232': {'id': 33232, 'number': 1, 'extra_bed_type_id': 0, 'age': [0, 2], 'extra_bed': 0, 'free': 1}}, 'rate_id': 15769, 'deals': [], 'cancellation_type': 'special', 'credit_card': 1, 'bonus': 400, 'miles': 480, 'min_stay': 1, 'platichastyami': 0, 'mircashback': 800}, {'id': 1031236, 'capacity': 4, 'prepayment': 'FIRST', 'nonrefundable': 0, 'cancellation_period': 1, 'cancellation_fee': 'FIRST', 'breakfast': 0, 'base_price': 8000, 'prices': [8000], 'price': 8000, 'old_price': 8000, 'currency': 'RUB', 'payment_amount': 8000, 'extras_variants': [], 'extras': {'33232': {'id': 33232, 'number': 1, 'extra_bed_type_id': 0, 'age': [0, 2], 'extra_bed': 0, 'free': 1}}, 'rate_id': 15769, 'deals': [], 'cancellation_type': 'special', 'credit_card': 1, 'bonus': 400, 'miles': 480, 'min_stay': 1, 'platichastyami': 0, 'mircashback': 800}]",6000.0,360,485325_101hotels,2026-08-26
2250993,,Стандарт,2,1,0,1,Двухместный,2,1,[{'double': 1}],"[{'id': '13542', 'number': '1', 'min_age': '0', 'max_age': '8', 'is_extra_bed': '0', 'extra_bed_type_id': '0'}]","[{'id': 597114, 'capacity': 1, 'prepayment': 'NO', 'nonrefundable': 0, 'cancellation_period': 0, 'cancellation_fee': 'NO', 'breakfast': 0, 'base_price': 4200, 'prices': [4200], 'price': 4200, 'old_price': 4200, 'currency': 'RUB', 'payment_amount': 0, 'extras_variants': [], 'extras': {'13542': {'id': 13542, 'number': 1, 'extra_bed_type_id': 0, 'age': [0, 8], 'extra_bed': 0, 'free': 1}}, 'rate_id': 20949, 'deals': [], 'cancellation_type': 'free', 'credit_card': 0, 'bonus': 210, 'miles': 252, 'min_stay': 1, 'platichastyami': 0, 'mircashback': 420}, {'id': 597115, 'capacity': 2, 'prepayment': 'NO', 'nonrefundable': 0, 'cancellation_period': 0, 'cancellation_fee': 'NO', 'breakfast': 0, 'base_price': 4200, 'prices': [4200], 'price': 4200, 'old_price': 4200, 'currency': 'RUB', 'payment_amount': 0, 'extras_variants': [], 'extras': {'13542': {'id': 13542, 'number': 1, 'extra_bed_type_id': 0, 'age': [0, 8], 'extra_bed': 0, 'free': 1}}, 'rate_id': 20949, 'deals': [], 'cancellation_type': 'free', 'credit_card': 0, 'bonus': 210, 'miles': 252, 'min_stay': 1, 'platichastyami': 0, 'mircashback': 420}]",4200.0,252,658204_101hotels,2026-08-26
2250995,,,4,1,0,1,Семейный,44,1,"[{'double': 1, 'sofa': 1}]","[{'id': '13541', 'number': '1', 'min_age': '0', 'max_age': '7', 'is_extra_bed': '0', 'extra_bed_type_id': '0'}]","[{'id': 597187, 'capacity': 1, 'prepayment': 'NO', 'nonrefundable': 0, 'cancellation_period': 0, 'cancellation_fee': 'NO', 'breakfast': 0, 'base_price': 6700, 'prices': [6700], 'price': 6700, 'old_price': 6700, 'currency': 'RUB', 'payment_amount': 0, 'extras_variants': [], 'extras': {'13541': {'id': 13541, 'number': 1, 'extra_bed_type_id': 0, 'age': [0, 7], 'extra_bed': 0, 'free': 1}}, 'rate_id': 20949, 'deals': [], 'cancellation_type': 'free', 'credit_card': 0, 'bonus': 335, 'miles': 402, 'min_stay': 1, 'platichastyami': 0, 'mircashback': 670}, {'id': 597188, 'capacity': 2, 'prepayment': 'NO', 'nonrefundable': 0, 'cancellation_period': 0, 'cancellation_fee': 'NO', 'breakfast': 0, 'base_price': 6700, 'prices': [6700], 'price': 6700, 'old_price': 6700, 'currency': 'RUB', 'payment_amount': 0, 'extras_variants': [], 'extras': {'13541': {'id': 13541, 'number': 1, 'extra_bed_type_id': 0, 'age': [0, 7], 'extra_bed': 0, 'free': 1}}, 'rate_id': 20949, 'deals': [], 'cancellation_type': 'free', 'credit_card': 0, 'bonus': 335, 'miles': 402, 'min_stay': 1, 'platichastyami': 0, 'mircashback': 670}, {'id': 597189, 'capacity': 3, 'prepayment': 'NO', 'nonrefundable': 0, 'cancellation_period': 0, 'cancellation_fee': 'NO', 'breakfast': 0, 'base_price': 6700, 'prices': [6700], 'price': 6700, 'old_price': 6700, 'currency': 'RUB', 'payment_amount': 0, 'extras_variants': [], 'extras': {'13541': {'id': 13541, 'number': 1, 'extra_bed_type_id': 0, 'age': [0, 7], 'extra_bed': 0, 'free': 1}}, 'rate_id': 20949, 'deals': [], 'cancellation_type': 'free', 'credit_card': 0, 'bonus': 335, 'miles': 402, 'min_stay': 1, 'platichastyami': 0, 'mircashback': 670}, {'id': 597190, 'capacity': 4, 'prepayment': 'NO', 'nonrefundable': 0, 'cancellation_period': 0, 'cancellation_fee': 'NO', 'breakfast': 0, 'base_price': 6700, 'prices': [6700], 'price': 6700, 'old_price': 6700, 'currency': 'RUB', 'payment_amount': 0, 'extras_variants': [], 'extras': {'13541': {'id': 13541, 'number': 1, 'extra_bed_type_id': 0, 'age': [0, 7], 'extra_bed': 0, 'free': 1}}, 'rate_id': 20949, 'deals': [], 'cancellation_type': 'free', 'credit_card': 0, 'bonus': 335, 'miles': 402, 'min_stay': 1, 'platichastyami': 0, 'mircashback': 670}]",6700.0,402,658204_101hotels,2026-08-26
602834,,Стандарт с двумя раздельными кроватями,2,0,0,1,Двухместный,2,7,[{'single': 2}],[],"[{'id': 663182, 'capacity': 1, 'prepayment': 'FIRST', 'nonrefundable': 0, 'cancellation_period': 2, 'cancellation_fee': 'FIRST', 'breakfast': 0, 'base_price': 4420, 'prices': [4420], 'price': 4420, 'old_price': 0, 'currency': 'RUB', 'payment_amount': 4420, 'extras_variants': [], 'extras': [], 'rate_id': 25839, 'deals': [], 'cancellation_type': 'special', 'credit_card': 1, 'bonus': 221, 'miles': 264, 'min_stay': 1, 'platichastyami': 0, 'mircashback': 442}, {'id': 663183, 'capacity': 2, 'prepayment': 'FIRST', 'nonrefundable': 0, 'cancellation_period': 2, 'cancellation_fee': 'FIRST', 'breakfast': 0, 'base_price': 4420, 'prices': [4420], 'price': 4420, 'old_price': 0, 'currency': 'RUB', 'payment_amount': 4420, 'extras_variants': [], 'extras': [], 'rate_id': 25839, 'deals': [], 'cancellation_type': 'special', 'credit_card': 1, 'bonus': 221, 'miles': 264, 'min_stay': 1, 'platichastyami': 0, 'mircashback': 442}]",4420.0,264,189360_101hotels,2026-08-26
602836,,,3,0,0,1,Люкс,6,2,[{'double': 1}],[],"[{'id': 663187, 'capacity': 1, 'prepayment': 'FIRST', 'nonrefundable': 0, 'cancellation_period': 2, 'cancellation_fee': 'FIRST', 'breakfast': 0, 'base_price': 7680, 'prices': [7680], 'price': 7680, 'old_price': 0, 'currency': 'RUB', 'payment_amount': 7680, 'extras_variants': [], 'extras': [], 'rate_id': 25839, 'deals': [], 'cancellation_type': 'special', 'credit_card': 1, 'bonus': 384, 'miles': 459, 'min_stay': 1, 'platichastyami': 0, 'mircashback': 768}, {'id': 663188, 'capacity': 2, 'prepayment': 'FIRST', 'nonrefundable': 0, 'cancellation_period': 2, 'cancellation_fee': 'FIRST', 'breakfast': 0, 'base_price': 7680, 'prices': [7680], 'price': 7680, 'old_price': 0, 'currency': 'RUB', 'payment_amount': 7680, 'extras_variants': [], 'extras': [], 'rate_id': 25839, 'deals': [], 'cancellation_type': 'special', 'credit_card': 1, 'bonus': 384, 'miles': 459, 'min_stay': 1, 'platichastyami': 0, 'mircashback': 768}, {'id': 663189, 'capacity': 3, 'prepayment': 'FIRST', 'nonrefundable': 0, 'cancellation_period': 2, 'cancellation_fee': 'FIRST', 'breakfast': 0, 'base_price': 7680, 'prices': [7680], 'price': 7680, 'old_price': 0, 'currency': 'RUB', 'payment_amount': 7680, 'extras_variants': [], 'extras': [], 'rate_id': 25839, 'deals': [], 'cancellation_type': 'special', 'credit_card': 1, 'bonus': 384, 'miles': 459, 'min_stay': 1, 'platichastyami': 0, 'mircashback': 768}]",7680.0,459,189360_101hotels,2026-08-26
2268589,,,2,1,0,1,Делюкс,29,2,[{'double': 1}],[],"[{'id': 748749, 'capacity': 1, 'prepayment': 'FIRST', 'nonrefundable': 0, 'cancellation_period': 2, 'cancellation_fee': 'FIRST', 'breakfast': 0, 'base_price': 7050, 'prices': [7050], 'price': 7050, 'old_price': 0, 'currency': 'RUB', 'payment_amount': 7050, 'extras_variants': [], 'extras': [], 'rate_id': 25839, 'deals': [], 'cancellation_type': 'special', 'credit_card': 1, 'bonus': 353, 'miles': 423, 'min_stay': 1, 'platichastyami': 0, 'mircashback': 705}, {'id': 748750, 'capacity': 2, 'prepayment': 'FIRST', 'nonrefundable': 0, 'cancellation_period': 2, 'cancellation_fee': 'FIRST', 'breakfast': 0, 'base_price': 7050, 'prices': [7050], 'price': 7050, 'old_price': 0, 'currency': 'RUB', 'payment_amount': 7050, 'extras_variants': [], 'extras': [], 'rate_id': 25839, 'deals': [], 'cancellation_type': 'special', 'credit_card': 1, 'bonus': 353, 'miles': 423, 'min_stay': 1, 'platichastyami': 0, 'mircashback': 705}]",7050.0,423,189360_101hotels,2026-08-26
2247929,,Номер 3,3,0,0,0,Трехместный,37,1,"[{'single': 2, 'f-chair': 1}]","[{'id': '47505', 'number': '1', 'min_age': '0', 'max_age': '7', 'is_extra_bed': '0', 'extra_bed_type_id': '0'}]","[{'id': 552464, 'capacity': 1, 'prepayment': 'FIRST', 'nonrefundable': 0, 'cancellation_period': 1, 'cancellation_fee': 'FIRST', 'breakfast': 0, 'base_price': 1920, 'prices': [1920], 'price': 1920, 'old_price': 1920, 'currency': 'RUB', 'payment_amount': 1920, 'extras_variants': [], 'extras': {'47505': {'id': 47505, 'number': 1, 'extra_bed_type_id': 0, 'age': [0, 7], 'extra_bed': 0, 'free': 1}}, 'rate_id': 17619, 'deals': [], 'cancellation_type': 'special', 'credit_card': 1, 'bonus': 96, 'miles': 114, 'min_stay': 1, 'platichastyami': 0, 'mircashback': 192}, {'id': 552465, 'capacity': 2, 'prepayment': 'FIRST', 'nonrefundable': 0, 'cancellation_period': 1, 'cancellation_fee': 'FIRST', 'breakfast': 0, 'base_price': 3120, 'prices': [3120], 'price': 3120, 'old_price': 3120, 'currency': 'RUB', 'payment_amount': 3120, 'extras_variants': [], 'extras': {'47505': {'id': 47505, 'number': 1, 'extra_bed_type_id': 0, 'age': [0, 7], 'extra_bed': 0, 'free': 1}}, 'rate_id': 17619, 'deals': [], 'cancellation_type': 'special', 'credit_card': 1, 'bonus': 156, 'miles': 186, 'min_stay': 1, 'platichastyami': 0, 'mircashback': 312}, {'id': 1206481, 'capacity': 3, 'prepayment': 'FIRST', 'nonrefundable': 0, 'cancellation_period': 1, 'cancellation_fee': 'FIRST', 'breakfast': 0, 'base_price': 4320, 'prices': [4320], 'price': 4320, 'old_price': 4320, 'currency': 'RUB', 'payment_amount': 4320, 'extras_variants': [], 'extras': {'47505': {'id': 47505, 'number': 1, 'extra_bed_type_id': 0, 'age': [0, 7], 'extra_bed': 0, 'free': 1}}, 'rate_id': 17619, 'deals': [], 'cancellation_type': 'special', 'credit_card': 1, 'bonus': 216, 'miles': 258, 'min_stay': 1, 'platichastyami': 0, 'mircashback': 432}]",1920.0,114,657407_101hotels,2026-08-26
2247930,,Улучшенный двухместный номер 6,2,0,0,1,Делюкс,29,1,[{'double': 1}],"[{'id': '47548', 'number': '1', 'min_age': '0', 'max_age': '6', 'is_extra_bed': '0', 'extra_bed_type_id': '0'}]","[{'id': 552468, 'capacity': 1, 'prepayment': 'FIRST', 'nonrefundable': 0, 'cancellation_period': 1, 'cancellation_fee': 'FIRST', 'breakfast': 0, 'base_price': 3600, 'prices': [3600], 'price': 3600, 'old_price': 3600, 'currency': 'RUB', 'payment_amount': 3600, 'extras_variants': [], 'extras': {'47548': {'id': 47548, 'number': 1, 'extra_bed_type_id': 0, 'age': [0, 6], 'extra_bed': 0, 'free': 1}}, 'rate_id': 17619, 'deals': [], 'cancellation_type': 'special', 'credit_card': 1, 'bonus': 180, 'miles': 216, 'min_stay': 1, 'platichastyami': 0, 'mircashback': 360}, {'id': 552469, 'capacity': 2, 'prepayment': 'FIRST', 'nonrefundable': 0, 'cancellation_period': 1, 'cancellation_fee': 'FIRST', 'breakfast': 0, 'base_price': 4200, 'prices': [4200], 'price': 4200, 'old_price': 4200, 'currency': 'RUB', 'payment_amount': 4200, 'extras_variants': [], 'extras': {'47548': {'id': 47548, 'number': 1, 'extra_bed_type_id': 0, 'age': [0, 6], 'extra_bed': 0, 'free': 1}}, 'rate_id': 17619, 'deals': [], 'cancellation_type': 'special', 'credit_card': 1, 'bonus': 210, 'miles': 252, 'min_stay': 1, 'platichastyami': 0, 'mircashback': 420}]",3600.0,216,657407_101hotels,2026-08-26
2247932,,Улучшенный трехместный 7,2,2,0,1,Полулюкс,4,1,"[{'double': 1, 'sofa': 1}]","[{'id': '47546', 'number': '1', 'min_age': '0', 'max_age': '6', 'is_extra_bed': '0', 'extra_bed_type_id': '0'}]","[{'id': 552466, 'capacity': 1, 'prepayment': 'FIRST', 'nonrefundable': 0, 'cancellation_period': 1, 'cancellation_fee': 'FIRST', 'breakfast': 0, 'base_price': 4200, 'prices': [4200], 'price': 4200, 'old_price': 4200, 'currency': 'RUB', 'payment_amount': 4200, 'extras_variants': [], 'extras': {'47546': {'id': 47546, 'number': 1, 'extra_bed_type_id': 0, 'age': [0, 6], 'extra_bed': 0, 'free': 1}}, 'rate_id': 17619, 'deals': [], 'cancellation_type': 'special', 'credit_card': 1, 'bonus': 210, 'miles': 252, 'min_stay': 1, 'platichastyami': 0, 'mircashback': 420}, {'id': 552467, 'capacity': 2, 'prepayment': 'FIRST', 'nonrefundable': 0, 'cancellation_period': 1, 'cancellation_fee': 'FIRST', 'breakfast': 0, 'base_price': 5400, 'prices': [5400], 'price': 5400, 'old_price': 5400, 'currency': 'RUB', 'payment_amount': 5400, 'extras_variants': [], 'extras': {'47546': {'id': 47546, 'number': 1, 'extra_bed_type_id': 0, 'age': [0, 6], 'extra_bed': 0, 'free': 1}}, 'rate_id': 17619, 'deals': [], 'cancellation_type': 'special', 'credit_card': 1, 'bonus': 270, 'miles': 324, 'min_stay': 1, 'platichastyami': 0, 'mircashback': 540}]",4200.0,252,657407_101hotels,2026-08-26
2247933,,Номер 4,6,0,1,0,Шестиместный,36,3,"[{'2-tier': 1}, {'2-tier': 1}]","[{'id': '47545', 'number': '1', 'min_age': '0', 'max_age': '6', 'is_extra_bed': '0', 'extra_bed_type_id': '0'}]","[{'id': 552463, 'capacity': 1, 'prepayment': 'NO', 'nonrefundable': 0, 'cancellation_period': 0, 'cancellation_fee': 'NO', 'breakfast': 0, 'base_price': 1440, 'prices': [1440], 'price': 1440, 'old_price': 1440, 'currency': 'RUB', 'payment_amount': 0, 'extras_variants': [], 'extras': {'47545': {'id': 47545, 'number': 1, 'extra_bed_type_id': 0, 'age': [0, 6], 'extra_bed': 0, 'free': 1}}, 'rate_id': 17655, 'deals': [], 'cancellation_type': 'free', 'credit_card': 0, 'bonus': 72, 'miles': 84, 'min_stay': 1, 'platichastyami': 0, 'mircashback': 144}, {'id': '552463P', 'capacity': 1, 'prepayment': 'FULL', 'nonrefundable': 0, 'cancellation_period': 0, 'cancellation_fee': 'NO', 'breakfast': 0, 'base_price': 1440, 'prices': [1440], 'price': 1440, 'old_price': 1440, 'currency': 'RUB', 'payment_amount': 1440, 'extras_variants': [], 'extras': {'47545': {'id': 47545, 'number': 1, 'extra_bed_type_id': 0, 'age': [0, 6], 'extra_bed': 0, 'free': 1}}, 'rate_id': 17655, 'deals': [], 'cancellation_type': 'free', 'credit_card': 0, 'bonus': 72, 'miles': 84, 'min_stay': 1, 'platichastyami': 0, 'mircashback': 144}]",1440.0,84,657407_101hotels,2026-08-26
2275870,,Номер 1,2,1,0,0,Трехместный,37,1,"[{'single': 2, 'f-chair': 1}]","[{'id': '47547', 'number': '1', 'min_age': '0', 'max_age': '6', 'is_extra_bed': '0', 'extra_bed_type_id': '0'}]","[{'id': 801847, 'capacity': 1, 'prepayment': 'FIRST', 'nonrefundable': 0, 'cancellation_period': 1, 'cancellation_fee': 'FIRST', 'breakfast': 0, 'base_price': 1920, 'prices': [1920], 'price': 1920, 'old_price': 1920, 'currency': 'RUB', 'payment_amount': 1920, 'extras_variants': [], 'extras': {'47547': {'id': 47547, 'number': 1, 'extra_bed_type_id': 0, 'age': [0, 6], 'extra_bed': 0, 'free': 1}}, 'rate_id': 17619, 'deals': [], 'cancellation_type': 'special', 'credit_card': 1, 'bonus': 96, 'miles': 114, 'min_stay': 1, 'platichastyami': 0, 'mircashback': 192}, {'id': 801848, 'capacity': 2, 'prepayment': 'FIRST', 'nonrefundable': 0, 'cancellation_period': 1, 'cancellation_fee': 'FIRST', 'breakfast': 0, 'base_price': 3120, 'prices': [3120], 'price': 3120, 'old_price': 3120, 'currency': 'RUB', 'payment_amount': 3120, 'extras_variants': [], 'extras': {'47547': {'id': 47547, 'number': 1, 'extra_bed_type_id': 0, 'age': [0, 6], 'extra_bed': 0, 'free': 1}}, 'rate_id': 17619, 'deals': [], 'cancellation_type': 'special', 'credit_card': 1, 'bonus': 156, 'miles': 186, 'min_stay': 1, 'platichastyami': 0, 'mircashback': 312}]",1920.0,114,657407_101hotels,2026-08-26
1855148,,Классик / Classic,2,0,0,1,Номер,45,3,[{'double': 1}],"[{'id': '10497', 'number': '1', 'min_age': '0', 'max_age': '4', 'is_extra_bed': '0', 'extra_bed_type_id': '0'}]","[{'id': 1171660, 'capacity': 1, 'prepayment': 'FULL', 'nonrefundable': 0, 'cancellation_period': 3, 'cancellation_fee': 'FIRST', 'breakfast': 1, 'base_price': 22500, 'prices': [22500], 'price': 22500, 'old_price': 22500, 'currency': 'RUB', 'payment_amount': 22500, 'extras_variants': [], 'extras': {'10497': {'id': 10497, 'number': 1, 'extra_bed_type_id': 0, 'age': [0, 4], 'extra_bed': 0, 'free': 1}}, 'rate_id': 59650, 'deals': [], 'cancellation_type': 'special', 'credit_card': 1, 'bonus': 1125, 'miles': 1350, 'min_stay': 1, 'platichastyami': 0, 'mircashback': 2250}, {'id': 493475, 'capacity': 1, 'prepayment': 'NO', 'nonrefundable': 0, 'cancellation_period': 0, 'cancellation_fee': 'NO', 'breakfast': 1, 'base_price': 23625, 'prices': [23625], 'price': 23625, 'old_price': 23625, 'currency': 'RUB', 'payment_amount': 0, 'extras_variants': [], 'extras': {'10497': {'id': 10497, 'number': 1, 'extra_bed_type_id': 0, 'age': [0, 4], 'extra_bed': 0, 'free': 1}}, 'rate_id': 13890, 'deals': [], 'cancellation_type': 'free', 'credit_card': 0, 'bonus': 1181, 'miles': 1416, 'min_stay': 1, 'platichastyami': 0, 'mircashback': 2363}, {'id': 1171661, 'capacity': 2, 'prepayment': 'FULL', 'nonrefundable': 0, 'cancellation_period': 3, 'cancellation_fee': 'FIRST', 'breakfast': 1, 'base_price': 22500, 'prices': [22500], 'price': 22500, 'old_price': 22500, 'currency': 'RUB', 'payment_amount': 22500, 'extras_variants': [], 'extras': {'10497': {'id': 10497, 'number': 1, 'extra_bed_type_id': 0, 'age': [0, 4], 'extra_bed': 0, 'free': 1}}, 'rate_id': 59650, 'deals': [], 'cancellation_type': 'special', 'credit_card': 1, 'bonus': 1125, 'miles': 1350, 'min_stay': 1, 'platichastyami': 0, 'mircashback': 2250}, {'id': 493476, 'capacity': 2, 'prepayment': 'NO', 'nonrefundable': 0, 'cancellation_period': 0, 'cancellation_fee': 'NO', 'breakfast': 1, 'base_price': 23625, 'prices': [23625], 'price': 23625, 'old_price': 23625, 'currency': 'RUB', 'payment_amount': 0, 'extras_variants': [], 'extras': {'10497': {'id': 10497, 'number': 1, 'extra_bed_type_id': 0, 'age': [0, 4], 'extra_bed': 0, 'free': 1}}, 'rate_id': 13890, 'deals': [], 'cancellation_type': 'free', 'credit_card': 0, 'bonus': 1181, 'miles': 1416, 'min_stay': 1, 'platichastyami': 0, 'mircashback': 2363}]",22500.0,1350,556415_101hotels,2026-08-26
1855149,,Комфорт / Comfort,2,1,0,1,Номер,45,7,"[{'single': 2}, {'double': 1}]","[{'id': '10498', 'number': '1', 'min_age': '0', 'max_age': '4', 'is_extra_bed': '1', 'extra_bed_type_id': '4'}]","[{'id': 1171662, 'capacity': 1, 'prepayment': 'FULL', 'nonrefundable': 0, 'cancellation_period': 3, 'cancellation_fee': 'FIRST', 'breakfast': 1, 'base_price': 24500, 'prices': [24500], 'price': 24500, 'old_price': 24500, 'currency': 'RUB', 'payment_amount': 24500, 'extras_variants': [], 'extras': {'10498': {'id': 10498, 'number': 1, 'extra_bed_type_id': 4, 'age': [0, 4], 'extra_bed': 1, 'free': 1}}, 'rate_id': 59650, 'deals': [], 'cancellation_type': 'special', 'credit_card': 1, 'bonus': 1225, 'miles': 1470, 'min_stay': 1, 'platichastyami': 0, 'mircashback': 2450}, {'id': 493477, 'capacity': 1, 'prepayment': 'NO', 'nonrefundable': 0, 'cancellation_period': 0, 'cancellation_fee': 'NO', 'breakfast': 1, 'base_price': 25725, 'prices': [25725], 'price': 25725, 'old_price': 25725, 'currency': 'RUB', 'payment_amount': 0, 'extras_variants': [], 'extras': {'10498': {'id': 10498, 'number': 1, 'extra_bed_type_id': 4, 'age': [0, 4], 'extra_bed': 1, 'free': 1}}, 'rate_id': 13890, 'deals': [], 'cancellation_type': 'free', 'credit_card': 0, 'bonus': 1286, 'miles': 1542, 'min_stay': 1, 'platichastyami': 0, 'mircashback': 2573}, {'id': 1171663, 'capacity': 2, 'prepayment': 'FULL', 'nonrefundable': 0, 'cancellation_period': 3, 'cancellation_fee': 'FIRST', 'breakfast': 1, 'base_price': 24500, 'prices': [24500], 'price': 24500, 'old_price': 24500, 'currency': 'RUB', 'payment_amount': 24500, 'extras_variants': [], 'extras': {'10498': {'id': 10498, 'number': 1, 'extra_bed_type_id': 4, 'age': [0, 4], 'extra_bed': 1, 'free': 1}}, 'rate_id': 59650, 'deals': [], 'cancellation_type': 'special', 'credit_card': 1, 'bonus': 1225, 'miles': 1470, 'min_stay': 1, 'platichastyami': 0, 'mircashback': 2450}, {'id': 493478, 'capacity': 2, 'prepayment': 'NO', 'nonrefundable': 0, 'cancellation_period': 0, 'cancellation_fee': 'NO', 'breakfast': 1, 'base_price': 25725, 'prices': [25725], 'price': 25725, 'old_price': 25725, 'currency': 'RUB', 'payment_amount': 0, 'extras_variants': [], 'extras': {'10498': {'id': 10498, 'number': 1, 'extra_bed_type_id': 4, 'age': [0, 4], 'extra_bed': 1, 'free': 1}}, 'rate_id': 13890, 'deals': [], 'cancellation_type': 'free', 'credit_card': 0, 'bonus': 1286, 'miles': 1542, 'min_stay': 1, 'platichastyami': 0, 'mircashback': 2573}]",24500.0,1470,556415_101hotels,2026-08-26
1855150,,Джуниор Сюит Бизнес / Junior Suite Business,2,1,0,1,Номер,45,1,"[{'single': 2}, {'double': 1}]","[{'id': '10504', 'number': '1', 'min_age': '0', 'max_age': '4', 'is_extra_bed': '1', 'extra_bed_type_id': '4'}, {'id': '10505', 'number': '1', 'min_age': '0', 'max_age': '4', 'is_extra_bed': '1', 'extra_bed_type_id': '1'}]","[{'id': 1171664, 'capacity': 1, 'prepayment': 'FULL', 'nonrefundable': 0, 'cancellation_period': 3, 'cancellation_fee': 'FIRST', 'breakfast': 1, 'base_price': 28500, 'prices': [28500], 'price': 28500, 'old_price': 28500, 'currency': 'RUB', 'payment_amount': 28500, 'extras_variants': [], 'extras': {'10504': {'id': 10504, 'number': 1, 'extra_bed_type_id': 4, 'age': [0, 4], 'extra_bed': 1, 'free': 1}, '10505': {'id': 10505, 'number': 1, 'extra_bed_type_id': 1, 'age': [0, 4], 'extra_bed': 1, 'free': 1}}, 'rate_id': 59650, 'deals': [], 'cancellation_type': 'special', 'credit_card': 1, 'bonus': 1425, 'miles': 1710, 'min_stay': 1, 'platichastyami': 0, 'mircashback': 2850}, {'id': 493479, 'capacity': 1, 'prepayment': 'NO', 'nonrefundable': 0, 'cancellation_period': 0, 'cancellation_fee': 'NO', 'breakfast': 1, 'base_price': 29925, 'prices': [29925], 'price': 29925, 'old_price': 29925, 'currency': 'RUB', 'payment_amount': 0, 'extras_variants': [], 'extras': {'10504': {'id': 10504, 'number': 1, 'extra_bed_type_id': 4, 'age': [0, 4], 'extra_bed': 1, 'free': 1}, '10505': {'id': 10505, 'number': 1, 'extra_bed_type_id': 1, 'age': [0, 4], 'extra_bed': 1, 'free': 1}}, 'rate_id': 13890, 'deals': [], 'cancellation_type': 'free', 'credit_card': 0, 'bonus': 1496, 'miles': 1794, 'min_stay': 1, 'platichastyami': 0, 'mircashback': 2993}, {'id': 1171665, 'capacity': 2, 'prepayment': 'FULL', 'nonrefundable': 0, 'cancellation_period': 3, 'cancellation_fee': 'FIRST', 'breakfast': 1, 'base_price': 28500, 'prices': [28500], 'price': 28500, 'old_price': 28500, 'currency': 'RUB', 'payment_amount': 28500, 'extras_variants': [], 'extras': {'10504': {'id': 10504, 'number': 1, 'extra_bed_type_id': 4, 'age': [0, 4], 'extra_bed': 1, 'free': 1}, '10505': {'id': 10505, 'number': 1, 'extra_bed_type_id': 1, 'age': [0, 4], 'extra_bed': 1, 'free': 1}}, 'rate_id': 59650, 'deals': [], 'cancellation_type': 'special', 'credit_card': 1, 'bonus': 1425, 'miles': 1710, 'min_stay': 1, 'platichastyami': 0, 'mircashback': 2850}, {'id': 493480, 'capacity': 2, 'prepayment': 'NO', 'nonrefundable': 0, 'cancellation_period': 0, 'cancellation_fee': 'NO', 'breakfast': 1, 'base_price': 29925, 'prices': [29925], 'price': 29925, 'old_price': 29925, 'currency': 'RUB', 'payment_amount': 0, 'extras_variants': [], 'extras': {'10504': {'id': 10504, 'number': 1, 'extra_bed_type_id': 4, 'age': [0, 4], 'extra_bed': 1, 'free': 1}, '10505': {'id': 10505, 'number': 1, 'extra_bed_type_id': 1, 'age': [0, 4], 'extra_bed': 1, 'free': 1}}, 'rate_id': 13890, 'deals': [], 'cancellation_type': 'free', 'credit_card': 0, 'bonus': 1496, 'miles': 1794, 'min_stay': 1, 'platichastyami': 0, 'mircashback': 2993}]",28500.0,1710,556415_101hotels,2026-08-26
1855151,,Люкс Премьер / Lux Premier,2,1,0,1,Номер,45,1,"[{'single': 1}, {'g-double': 1}]","[{'id': '10501', 'number': '1', 'min_age': '0', 'max_age': '4', 'is_extra_bed': '1', 'extra_bed_type_id': '4'}, {'id': '10502', 'number': '1', 'min_age': '0', 'max_age': '4', 'is_extra_bed': '1', 'extra_bed_type_id': '1'}]","[{'id': 1171666, 'capacity': 1, 'prepayment': 'FULL', 'nonrefundable': 0, 'cancellation_period': 3, 'cancellation_fee': 'FIRST', 'breakfast': 1, 'base_price': 38500, 'prices': [38500], 'price': 38500, 'old_price': 38500, 'currency': 'RUB', 'payment_amount': 38500, 'extras_variants': [], 'extras': {'10501': {'id': 10501, 'number': 1, 'extra_bed_type_id': 4, 'age': [0, 4], 'extra_bed': 1, 'free': 1}, '10502': {'id': 10502, 'number': 1, 'extra_bed_type_id': 1, 'age': [0, 4], 'extra_bed': 1, 'free': 1}}, 'rate_id': 59650, 'deals': [], 'cancellation_type': 'special', 'credit_card': 1, 'bonus': 1925, 'miles': 2310, 'min_stay': 1, 'platichastyami': 0, 'mircashback': 3850}, {'id': 493481, 'capacity': 1, 'prepayment': 'NO', 'nonrefundable': 0, 'cancellation_period': 0, 'cancellation_fee': 'NO', 'breakfast': 1, 'base_price': 40425, 'prices': [40425], 'price': 40425, 'old_price': 40425, 'currency': 'RUB', 'payment_amount': 0, 'extras_variants': [], 'extras': {'10501': {'id': 10501, 'number': 1, 'extra_bed_type_id': 4, 'age': [0, 4], 'extra_bed': 1, 'free': 1}, '10502': {'id': 10502, 'number': 1, 'extra_bed_type_id': 1, 'age': [0, 4], 'extra_bed': 1, 'free': 1}}, 'rate_id': 13890, 'deals': [], 'cancellation_type': 'free', 'credit_card': 0, 'bonus': 2021, 'miles': 2424, 'min_stay': 1, 'platichastyami': 0, 'mircashback': 4043}, {'id': 1171667, 'capacity': 2, 'prepayment': 'FULL', 'nonrefundable': 0, 'cancellation_period': 3, 'cancellation_fee': 'FIRST', 'breakfast': 1, 'base_price': 38500, 'prices': [38500], 'price': 38500, 'old_price': 38500, 'currency': 'RUB', 'payment_amount': 38500, 'extras_variants': [], 'extras': {'10501': {'id': 10501, 'number': 1, 'extra_bed_type_id': 4, 'age': [0, 4], 'extra_bed': 1, 'free': 1}, '10502': {'id': 10502, 'number': 1, 'extra_bed_type_id': 1, 'age': [0, 4], 'extra_bed': 1, 'free': 1}}, 'rate_id': 59650, 'deals': [], 'cancellation_type': 'special', 'credit_card': 1, 'bonus': 1925, 'miles': 2310, 'min_stay': 1, 'platichastyami': 0, 'mircashback': 3850}, {'id': 493482, 'capacity': 2, 'prepayment': 'NO', 'nonrefundable': 0, 'cancellation_period': 0, 'cancellation_fee': 'NO', 'breakfast': 1, 'base_price': 40425, 'prices': [40425], 'price': 40425, 'old_price': 40425, 'currency': 'RUB', 'payment_amount': 0, 'extras_variants': [], 'extras': {'10501': {'id': 10501, 'number': 1, 'extra_bed_type_id': 4, 'age': [0, 4], 'extra_bed': 1, 'free': 1}, '10502': {'id': 10502, 'number': 1, 'extra_bed_type_id': 1, 'age': [0, 4], 'extra_bed': 1, 'free': 1}}, 'rate_id': 13890, 'deals': [], 'cancellation_type': 'free', 'credit_card': 0, 'bonus': 2021, 'miles': 2424, 'min_stay': 1, 'platichastyami': 0, 'mircashback': 4043}]",38500.0,2310,556415_101hotels,2026-08-26
1567278,,Twin,2,0,0,1,Двухместный,2,3,"[{'single': 2}, {'g-double': 1}]",[],"[{'id': 946701, 'capacity': 1, 'prepayment': 'FIRST', 'nonrefundable': 1, 'cancellation_period': 0, 'cancellation_fee': 'FIRST', 'breakfast': 0, 'base_price': 4600, 'prices': [4600], 'price': 4600, 'old_price': 4600, 'currency': 'RUB', 'payment_amount': 4600, 'extras_variants': [], 'extras': [], 'rate_id': 44088, 'deals': [], 'cancellation_type': 'nonrefundable', 'credit_card': 1, 'bonus': 230, 'miles': 276, 'min_stay': 1, 'platichastyami': 0, 'mircashback': 460}, {'id': 250516, 'capacity': 1, 'prepayment': 'FULL', 'nonrefundable': 0, 'cancellation_period': 0, 'cancellation_fee': 'NO', 'breakfast': 1, 'base_price': 5750, 'prices': [5750], 'price': 4887.5, 'old_price': 5750, 'currency': 'RUB', 'payment_amount': 5750, 'extras_variants': [], 'extras': [], 'rate_id': 210, 'deals': ['LAST_MINUTE'], 'cancellation_type': 'free', 'credit_card': 1, 'bonus': 244, 'miles': 291, 'min_stay': 1, 'platichastyami': 0, 'mircashback': 489}, {'id': 946702, 'capacity': 2, 'prepayment': 'FIRST', 'nonrefundable': 1, 'cancellation_period': 0, 'cancellation_fee': 'FIRST', 'breakfast': 0, 'base_price': 5200, 'prices': [5200], 'price': 5200, 'old_price': 5200, 'currency': 'RUB', 'payment_amount': 5200, 'extras_variants': [], 'extras': [], 'rate_id': 44088, 'deals': [], 'cancellation_type': 'nonrefundable', 'credit_card': 1, 'bonus': 260, 'miles': 312, 'min_stay': 1, 'platichastyami': 0, 'mircashback': 520}, {'id': 250517, 'capacity': 2, 'prepayment': 'FULL', 'nonrefundable': 0, 'cancellation_period': 0, 'cancellation_fee': 'NO', 'breakfast': 1, 'base_price': 6500, 'prices': [6500], 'price': 5525, 'old_price': 6500, 'currency': 'RUB', 'payment_amount': 6500, 'extras_variants': [], 'extras': [], 'rate_id': 210, 'deals': ['LAST_MINUTE'], 'cancellation_type': 'free', 'credit_card': 1, 'bonus': 276, 'miles': 330, 'min_stay': 1, 'platichastyami': 0, 'mircashback': 553}]",4600.0,276,485323_101hotels,2026-08-26
1567279,,,3,0,0,1,Семейный,44,1,"[{'single': 3}, {'single': 1, 'g-double': 1}]",[],"[{'id': 946708, 'capacity': 1, 'prepayment': 'FIRST', 'nonrefundable': 1, 'cancellation_period': 0, 'cancellation_fee': 'FIRST', 'breakfast': 0, 'base_price': 4700, 'prices': [4700], 'price': 4700, 'old_price': 4700, 'currency': 'RUB', 'payment_amount': 4700, 'extras_variants': [], 'extras': [], 'rate_id': 44088, 'deals': [], 'cancellation_type': 'nonrefundable', 'credit_card': 1, 'bonus': 235, 'miles': 282, 'min_stay': 1, 'platichastyami': 0, 'mircashback': 470}, {'id': 250523, 'capacity': 1, 'prepayment': 'FULL', 'nonrefundable': 0, 'cancellation_period': 0, 'cancellation_fee': 'NO', 'breakfast': 1, 'base_price': 5875, 'prices': [5875], 'price': 4993.75, 'old_price': 5875, 'currency': 'RUB', 'payment_amount': 5875, 'extras_variants': [], 'extras': [], 'rate_id': 210, 'deals': ['LAST_MINUTE'], 'cancellation_type': 'free', 'credit_card': 1, 'bonus': 250, 'miles': 297, 'min_stay': 1, 'platichastyami': 0, 'mircashback': 499}, {'id': 946709, 'capacity': 2, 'prepayment': 'FIRST', 'nonrefundable': 1, 'cancellation_period': 0, 'cancellation_fee': 'FIRST', 'breakfast': 0, 'base_price': 5300, 'prices': [5300], 'price': 5300, 'old_price': 5300, 'currency': 'RUB', 'payment_amount': 5300, 'extras_variants': [], 'extras': [], 'rate_id': 44088, 'deals': [], 'cancellation_type': 'nonrefundable', 'credit_card': 1, 'bonus': 265, 'miles': 318, 'min_stay': 1, 'platichastyami': 0, 'mircashback': 530}, {'id': 250524, 'capacity': 2, 'prepayment': 'FULL', 'nonrefundable': 0, 'cancellation_period': 0, 'cancellation_fee': 'NO', 'breakfast': 1, 'base_price': 6625, 'prices': [6625], 'price': 5631.25, 'old_price': 6625, 'currency': 'RUB', 'payment_amount': 6625, 'extras_variants': [], 'extras': [], 'rate_id': 210, 'deals': ['LAST_MINUTE'], 'cancellation_type': 'free', 'credit_card': 1, 'bonus': 282, 'miles': 336, 'min_stay': 1, 'platichastyami': 0, 'mircashback': 563}, {'id': 946710, 'capacity': 3, 'prepayment': 'FIRST', 'nonrefundable': 1, 'cancellation_period': 0, 'cancellation_fee': 'FIRST', 'breakfast': 0, 'base_price': 6000, 'prices': [6000], 'price': 6000, 'old_price': 6000, 'currency': 'RUB', 'payment_amount': 6000, 'extras_variants': [], 'extras': [], 'rate_id': 44088, 'deals': [], 'cancellation_type': 'nonrefundable', 'credit_card': 1, 'bonus': 300, 'miles': 360, 'min_stay': 1, 'platichastyami': 0, 'mircashback': 600}, {'id': 250525, 'capacity': 3, 'prepayment': 'FULL', 'nonrefundable': 0, 'cancellation_period': 0, 'cancellation_fee': 'NO', 'breakfast': 1, 'base_price': 7500, 'prices': [7500], 'price': 6375, 'old_price': 7500, 'currency': 'RUB', 'payment_amount': 7500, 'extras_variants': [], 'extras': [], 'rate_id': 210, 'deals': ['LAST_MINUTE'], 'cancellation_type': 'free', 'credit_card': 1, 'bonus': 319, 'miles': 381, 'min_stay': 1, 'platichastyami': 0, 'mircashback': 638}]",4700.0,282,485323_101hotels,2026-08-26
1567280,,,3,0,0,1,Апартаменты,14,1,"[{'single': 1, 'double': 1, 'sofa': 1}]",[],"[{'id': 946705, 'capacity': 1, 'prepayment': 'FIRST', 'nonrefundable': 1, 'cancellation_period': 0, 'cancellation_fee': 'FIRST', 'breakfast': 0, 'base_price': 7000, 'prices': [7000], 'price': 7000, 'old_price': 7000, 'currency': 'RUB', 'payment_amount': 7000, 'extras_variants': [], 'extras': [], 'rate_id': 44088, 'deals': [], 'cancellation_type': 'nonrefundable', 'credit_card': 1, 'bonus': 350, 'miles': 420, 'min_stay': 1, 'platichastyami': 0, 'mircashback': 700}, {'id': 250520, 'capacity': 1, 'prepayment': 'FULL', 'nonrefundable': 0, 'cancellation_period': 0, 'cancellation_fee': 'NO', 'breakfast': 1, 'base_price': 8750, 'prices': [8750], 'price': 7437.5, 'old_price': 8750, 'currency': 'RUB', 'payment_amount': 8750, 'extras_variants': [], 'extras': [], 'rate_id': 210, 'deals': ['LAST_MINUTE'], 'cancellation_type': 'free', 'credit_card': 1, 'bonus': 372, 'miles': 444, 'min_stay': 1, 'platichastyami': 0, 'mircashback': 744}, {'id': 946706, 'capacity': 2, 'prepayment': 'FIRST', 'nonrefundable': 1, 'cancellation_period': 0, 'cancellation_fee': 'FIRST', 'breakfast': 0, 'base_price': 8000, 'prices': [8000], 'price': 8000, 'old_price': 8000, 'currency': 'RUB', 'payment_amount': 8000, 'extras_variants': [], 'extras': [], 'rate_id': 44088, 'deals': [], 'cancellation_type': 'nonrefundable', 'credit_card': 1, 'bonus': 400, 'miles': 480, 'min_stay': 1, 'platichastyami': 0, 'mircashback': 800}, {'id': 250521, 'capacity': 2, 'prepayment': 'FULL', 'nonrefundable': 0, 'cancellation_period': 0, 'cancellation_fee': 'NO', 'breakfast': 1, 'base_price': 10000, 'prices': [10000], 'price': 8500, 'old_price': 10000, 'currency': 'RUB', 'payment_amount': 10000, 'extras_variants': [], 'extras': [], 'rate_id': 210, 'deals': ['LAST_MINUTE'], 'cancellation_type': 'free', 'credit_card': 1, 'bonus': 425, 'miles': 510, 'min_stay': 1, 'platichastyami': 0, 'mircashback': 850}, {'id': 946707, 'capacity': 3, 'prepayment': 'FIRST', 'nonrefundable': 1, 'cancellation_period': 0, 'cancellation_fee': 'FIRST', 'breakfast': 0, 'base_price': 9000, 'prices': [9000], 'price': 9000, 'old_price': 9000, 'currency': 'RUB', 'payment_amount': 9000, 'extras_variants': [], 'extras': [], 'rate_id': 44088, 'deals': [], 'cancellation_type': 'nonrefundable', 'credit_card': 1, 'bonus': 450, 'miles': 540, 'min_stay': 1, 'platichastyami': 0, 'mircashback': 900}, {'id': 250522, 'capacity': 3, 'prepayment': 'FULL', 'nonrefundable': 0, 'cancellation_period': 0, 'cancellation_fee': 'NO', 'breakfast': 1, 'base_price': 11250, 'prices': [11250], 'price': 9562.5, 'old_price': 11250, 'currency': 'RUB', 'payment_amount': 11250, 'extras_variants': [], 'extras': [], 'rate_id': 210, 'deals': ['LAST_MINUTE'], 'cancellation_type': 'free', 'credit_card': 1, 'bonus': 478, 'miles': 573, 'min_stay': 1, 'platichastyami': 0, 'mircashback': 956}]",7000.0,420,485323_101hotels,2026-08-26
2252627,,Хохлома,2,0,0,1,Двухместный,2,1,[{'single': 2}],[],"[{'id': 616341, 'capacity': 1, 'prepayment': 'FULL', 'nonrefundable': 0, 'cancellation_period': 1, 'cancellation_fee': 'FIRST', 'breakfast': 0, 'base_price': 2750, 'prices': [2750], 'price': 2475, 'old_price': 2750, 'currency': 'RUB', 'payment_amount': 2750, 'extras_variants': [], 'extras': [], 'rate_id': 22443, 'deals': ['LAST_MINUTE'], 'cancellation_type': 'special', 'credit_card': 1, 'bonus': 124, 'miles': 147, 'min_stay': 1, 'platichastyami': 0, 'mircashback': 248}, {'id': 1234994, 'capacity': 1, 'prepayment': 'NO', 'nonrefundable': 0, 'cancellation_period': 0, 'cancellation_fee': 'NO', 'breakfast': 0, 'base_price': 2750, 'prices': [2750], 'price': 2750, 'old_price': 2750, 'currency': 'RUB', 'payment_amount': 0, 'extras_variants': [], 'extras': [], 'rate_id': 63685, 'deals': [], 'cancellation_type': 'free', 'credit_card': 0, 'bonus': 138, 'miles': 165, 'min_stay': 1, 'platichastyami': 0, 'mircashback': 275}, {'id': 616342, 'capacity': 2, 'prepayment': 'FULL', 'nonrefundable': 0, 'cancellation_period': 1, 'cancellation_fee': 'FIRST', 'breakfast': 0, 'base_price': 2750, 'prices': [2750], 'price': 2475, 'old_price': 2750, 'currency': 'RUB', 'payment_amount': 2750, 'extras_variants': [], 'extras': [], 'rate_id': 22443, 'deals': ['LAST_MINUTE'], 'cancellation_type': 'special', 'credit_card': 1, 'bonus': 124, 'miles': 147, 'min_stay': 1, 'platichastyami': 0, 'mircashback': 248}, {'id': 1234995, 'capacity': 2, 'prepayment': 'NO', 'nonrefundable': 0, 'cancellation_period': 0, 'cancellation_fee': 'NO', 'breakfast': 0, 'base_price': 2750, 'prices': [2750], 'price': 2750, 'old_price': 2750, 'currency': 'RUB', 'payment_amount': 0, 'extras_variants': [], 'extras': [], 'rate_id': 63685, 'deals': [], 'cancellation_type': 'free', 'credit_card': 0, 'bonus': 138, 'miles': 165, 'min_stay': 1, 'platichastyami': 0, 'mircashback': 275}, {'id': '1234994P', 'capacity': 1, 'prepayment': 'FULL', 'nonrefundable': 0, 'cancellation_period': 0, 'cancellation_fee': 'NO', 'breakfast': 0, 'base_price': 2750, 'prices': [2750], 'price': 2750, 'old_price': 2750, 'currency': 'RUB', 'payment_amount': 2750, 'extras_variants': [], 'extras': [], 'rate_id': 63685, 'deals': [], 'cancellation_type': 'free', 'credit_card': 0, 'bonus': 138, 'miles': 165, 'min_stay': 1, 'platichastyami': 0, 'mircashback': 275}, {'id': '1234995P', 'capacity': 2, 'prepayment': 'FULL', 'nonrefundable': 0, 'cancellation_period': 0, 'cancellation_fee': 'NO', 'breakfast': 0, 'base_price': 2750, 'prices': [2750], 'price': 2750, 'old_price': 2750, 'currency': 'RUB', 'payment_amount': 2750, 'extras_variants': [], 'extras': [], 'rate_id': 63685, 'deals': [], 'cancellation_type': 'free', 'credit_card': 0, 'bonus': 138, 'miles': 165, 'min_stay': 1, 'platichastyami': 0, 'mircashback': 275}]",2475.0,147,658823_101hotels,2026-08-26
2252914,,Ангара,2,3,0,1,Семейный,44,1,"[{'double': 1, 'sofa': 1}]","[{'id': '52968', 'number': '1', 'min_age': '0', 'max_age': '5', 'is_extra_bed': '0', 'extra_bed_type_id': '0'}]","[{'id': 621914, 'capacity': 1, 'prepayment': 'FIRST', 'nonrefundable': 0, 'cancellation_period': 1, 'cancellation_fee': 'FIRST', 'breakfast': 0, 'base_price': 3300, 'prices': [3300], 'price': 2970, 'old_price': 3300, 'currency': 'RUB', 'payment_amount': 3300, 'extras_variants': [], 'extras': {'52968': {'id': 52968, 'number': 1, 'extra_bed_type_id': 0, 'age': [0, 5], 'extra_bed': 0, 'free': 1}}, 'rate_id': 22805, 'deals': ['LAST_MINUTE'], 'cancellation_type': 'special', 'credit_card': 1, 'bonus': 149, 'miles': 177, 'min_stay': 1, 'platichastyami': 0, 'mircashback': 297}, {'id': 1234846, 'capacity': 1, 'prepayment': 'FIRST', 'nonrefundable': 0, 'cancellation_period': 0, 'cancellation_fee': 'NO', 'breakfast': 0, 'base_price': 3300, 'prices': [3300], 'price': 3300, 'old_price': 3300, 'currency': 'RUB', 'payment_amount': 3300, 'extras_variants': [], 'extras': {'52968': {'id': 52968, 'number': 1, 'extra_bed_type_id': 0, 'age': [0, 5], 'extra_bed': 0, 'free': 1}}, 'rate_id': 63678, 'deals': [], 'cancellation_type': 'free', 'credit_card': 1, 'bonus': 165, 'miles': 198, 'min_stay': 1, 'platichastyami': 0, 'mircashback': 330}, {'id': 1234990, 'capacity': 1, 'prepayment': 'NO', 'nonrefundable': 0, 'cancellation_period': 0, 'cancellation_fee': 'NO', 'breakfast': 0, 'base_price': 3300, 'prices': [3300], 'price': 3300, 'old_price': 3300, 'currency': 'RUB', 'payment_amount': 0, 'extras_variants': [], 'extras': {'52968': {'id': 52968, 'number': 1, 'extra_bed_type_id': 0, 'age': [0, 5], 'extra_bed': 0, 'free': 1}}, 'rate_id': 63685, 'deals': [], 'cancellation_type': 'free', 'credit_card': 0, 'bonus': 165, 'miles': 198, 'min_stay': 1, 'platichastyami': 0, 'mircashback': 330}, {'id': 621915, 'capacity': 2, 'prepayment': 'FIRST', 'nonrefundable': 0, 'cancellation_period': 1, 'cancellation_fee': 'FIRST', 'breakfast': 0, 'base_price': 3300, 'prices': [3300], 'price': 2970, 'old_price': 3300, 'currency': 'RUB', 'payment_amount': 3300, 'extras_variants': [], 'extras': {'52968': {'id': 52968, 'number': 1, 'extra_bed_type_id': 0, 'age': [0, 5], 'extra_bed': 0, 'free': 1}}, 'rate_id': 22805, 'deals': ['LAST_MINUTE'], 'cancellation_type': 'special', 'credit_card': 1, 'bonus': 149, 'miles': 177, 'min_stay': 1, 'platichastyami': 0, 'mircashback': 297}, {'id': 1234847, 'capacity': 2, 'prepayment': 'FIRST', 'nonrefundable': 0, 'cancellation_period': 0, 'cancellation_fee': 'NO', 'breakfast': 0, 'base_price': 3300, 'prices': [3300], 'price': 3300, 'old_price': 3300, 'currency': 'RUB', 'payment_amount': 3300, 'extras_variants': [], 'extras': {'52968': {'id': 52968, 'number': 1, 'extra_bed_type_id': 0, 'age': [0, 5], 'extra_bed': 0, 'free': 1}}, 'rate_id': 63678, 'deals': [], 'cancellation_type': 'free', 'credit_card': 1, 'bonus': 165, 'miles': 198, 'min_stay': 1, 'platichastyami': 0, 'mircashback': 330}, {'id': 1234991, 'capacity': 2, 'prepayment': 'NO', 'nonrefundable': 0, 'cancellation_period': 0, 'cancellation_fee': 'NO', 'breakfast': 0, 'base_price': 3300, 'prices': [3300], 'price': 3300, 'old_price': 3300, 'currency': 'RUB', 'payment_amount': 0, 'extras_variants': [], 'extras': {'52968': {'id': 52968, 'number': 1, 'extra_bed_type_id': 0, 'age': [0, 5], 'extra_bed': 0, 'free': 1}}, 'rate_id': 63685, 'deals': [], 'cancellation_type': 'free', 'credit_card': 0, 'bonus': 165, 'miles': 198, 'min_stay': 1, 'platichastyami': 0, 'mircashback': 330}, {'id': '1234990P', 'capacity': 1, 'prepayment': 'FULL', 'nonrefundable': 0, 'cancellation_period': 0, 'cancellation_fee': 'NO', 'breakfast': 0, 'base_price': 3300, 'prices': [3300], 'price': 3300, 'old_price': 3300, 'currency': 'RUB', 'payment_amount': 3300, 'extras_variants': [], 'extras': {'52968': {'id': 52968, 'number': 1, 'extra_bed_type_id': 0, 'age': [0, 5], 'extra_bed': 0, 'free': 1}}, 'rate_id': 63685, 'deals': [], 'cancellation_type': 'free', 'credit_card': 0, 'bonus': 165, 'miles': 198, 'min_stay': 1, 'platichastyami': 0, 'mircashback': 330}, {'id': '1234991P', 'capacity': 2, 'prepayment': 'FULL', 'nonrefundable': 0, 'cancellation_period': 0, 'cancellation_fee': 'NO', 'breakfast': 0, 'base_price': 3300, 'prices': [3300], 'price': 3300, 'old_price': 3300, 'currency': 'RUB', 'payment_amount': 3300, 'extras_variants': [], 'extras': {'52968': {'id': 52968, 'number': 1, 'extra_bed_type_id': 0, 'age': [0, 5], 'extra_bed': 0, 'free': 1}}, 'rate_id': 63685, 'deals': [], 'cancellation_type': 'free', 'credit_card': 0, 'bonus': 165, 'miles': 198, 'min_stay': 1, 'platichastyami': 0, 'mircashback': 330}]",2970.0,177,658823_101hotels,2026-08-26
2298934,,Джуниор Сьюит,2,1,0,1,Полулюкс,4,1,"[{'single': 2}, {'double': 1}]","[{'id': '21622', 'number': '1', 'min_age': '0', 'max_age': '18', 'is_extra_bed': '1', 'extra_bed_type_id': '3'}, {'id': '21623', 'number': '1', 'min_age': '0', 'max_age': '5', 'is_extra_bed': '0', 'extra_bed_type_id': '0'}]","[{'id': 1055045, 'capacity': 1, 'prepayment': 'NO', 'nonrefundable': 0, 'cancellation_period': 0, 'cancellation_fee': 'NO', 'breakfast': 0, 'base_price': 12000, 'prices': [12000], 'price': 12000, 'old_price': 12000, 'currency': 'RUB', 'payment_amount': 0, 'extras_variants': [], 'extras': {'21622': {'id': 21622, 'number': 1, 'extra_bed_type_id': 3, 'age': [0, 18], 'extra_bed': 1, 'free': 1}, '21623': {'id': 21623, 'number': 1, 'extra_bed_type_id': 0, 'age': [0, 5], 'extra_bed': 0, 'free': 1}}, 'rate_id': 51587, 'deals': [], 'cancellation_type': 'free', 'credit_card': 0, 'bonus': 600, 'miles': 720, 'min_stay': 1, 'platichastyami': 0, 'mircashback': 1200}, {'id': 1039027, 'capacity': 1, 'prepayment': 'FIRST', 'nonrefundable': 0, 'cancellation_period': 2, 'cancellation_fee': 'FIRST', 'breakfast': 1, 'base_price': 13000, 'prices': [13000], 'price': 13000, 'old_price': 13000, 'currency': 'RUB', 'payment_amount': 13000, 'extras_variants': [], 'extras': {'21622': {'id': 21622, 'number': 1, 'extra_bed_type_id': 3, 'age': [0, 18], 'extra_bed': 1, 'free': 1}, '21623': {'id': 21623, 'number': 1, 'extra_bed_type_id': 0, 'age': [0, 5], 'extra_bed': 0, 'free': 1}}, 'rate_id': 50509, 'deals': [], 'cancellation_type': 'special', 'credit_card': 1, 'bonus': 650, 'miles': 780, 'min_stay': 1, 'platichastyami': 0, 'mircashback': 1300}, {'id': 1108827, 'capacity': 1, 'prepayment': 'FIRST', 'nonrefundable': 0, 'cancellation_period': 1, 'cancellation_fee': 'FIRST', 'breakfast': 2, 'base_price': 14500, 'prices': [14500], 'price': 14500, 'old_price': 14500, 'currency': 'RUB', 'payment_amount': 14500, 'extras_variants': [], 'extras': {'21622': {'id': 21622, 'number': 1, 'extra_bed_type_id': 3, 'age': [0, 18], 'extra_bed': 1, 'free': 1}, '21623': {'id': 21623, 'number': 1, 'extra_bed_type_id': 0, 'age': [0, 5], 'extra_bed': 0, 'free': 1}}, 'rate_id': 55278, 'deals': [], 'cancellation_type': 'special', 'credit_card': 1, 'bonus': 725, 'miles': 870, 'min_stay': 1, 'platichastyami': 0, 'mircashback': 1450}, {'id': 1055046, 'capacity': 2, 'prepayment': 'NO', 'nonrefundable': 0, 'cancellation_period': 0, 'cancellation_fee': 'NO', 'breakfast': 0, 'base_price': 12000, 'prices': [12000], 'price': 12000, 'old_price': 12000, 'currency': 'RUB', 'payment_amount': 0, 'extras_variants': [], 'extras': {'21622': {'id': 21622, 'number': 1, 'extra_bed_type_id': 3, 'age': [0, 18], 'extra_bed': 1, 'free': 1}, '21623': {'id': 21623, 'number': 1, 'extra_bed_type_id': 0, 'age': [0, 5], 'extra_bed': 0, 'free': 1}}, 'rate_id': 51587, 'deals': [], 'cancellation_type': 'free', 'credit_card': 0, 'bonus': 600, 'miles': 720, 'min_stay': 1, 'platichastyami': 0, 'mircashback': 1200}, {'id': 1039028, 'capacity': 2, 'prepayment': 'FIRST', 'nonrefundable': 0, 'cancellation_period': 2, 'cancellation_fee': 'FIRST', 'breakfast': 1, 'base_price': 14000, 'prices': [14000], 'price': 14000, 'old_price': 14000, 'currency': 'RUB', 'payment_amount': 14000, 'extras_variants': [], 'extras': {'21622': {'id': 21622, 'number': 1, 'extra_bed_type_id': 3, 'age': [0, 18], 'extra_bed': 1, 'free': 1}, '21623': {'id': 21623, 'number': 1, 'extra_bed_type_id': 0, 'age': [0, 5], 'extra_bed': 0, 'free': 1}}, 'rate_id': 50509, 'deals': [], 'cancellation_type': 'special', 'credit_card': 1, 'bonus': 700, 'miles': 840, 'min_stay': 1, 'platichastyami': 0, 'mircashback': 1400}, {'id': 1108828, 'capacity': 2, 'prepayment': 'FIRST', 'nonrefundable': 0, 'cancellation_period': 1, 'cancellation_fee': 'FIRST', 'breakfast': 2, 'base_price': 17000, 'prices': [17000], 'price': 17000, 'old_price': 17000, 'currency': 'RUB', 'payment_amount': 17000, 'extras_variants': [], 'extras': {'21622': {'id': 21622, 'number': 1, 'extra_bed_type_id': 3, 'age': [0, 18], 'extra_bed': 1, 'free': 1}, '21623': {'id': 21623, 'number': 1, 'extra_bed_type_id': 0, 'age': [0, 5], 'extra_bed': 0, 'free': 1}}, 'rate_id': 55278, 'deals': [], 'cancellation_type': 'special', 'credit_card': 1, 'bonus': 850, 'miles': 1020, 'min_stay': 1, 'platichastyami': 0, 'mircashback': 1700}, {'id': '1055045P', 'capacity': 1, 'prepayment': 'FULL', 'nonrefundable': 0, 'cancellation_period': 0, 'cancellation_fee': 'NO', 'breakfast': 0, 'base_price': 12000, 'prices': [12000], 'price': 12000, 'old_price': 12000, 'currency': 'RUB', 'payment_amount': 12000, 'extras_variants': [], 'extras': {'21622': {'id': 21622, 'number': 1, 'extra_bed_type_id': 3, 'age': [0, 18], 'extra_bed': 1, 'free': 1}, '21623': {'id': 21623, 'number': 1, 'extra_bed_type_id': 0, 'age': [0, 5], 'extra_bed': 0, 'free': 1}}, 'rate_id': 51587, 'deals': [], 'cancellation_type': 'free', 'credit_card': 0, 'bonus': 600, 'miles': 720, 'min_stay': 1, 'platichastyami': 0, 'mircashback': 1200}, {'id': '1055046P', 'capacity': 2, 'prepayment': 'FULL', 'nonrefundable': 0, 'cancellation_period': 0, 'cancellation_fee': 'NO', 'breakfast': 0, 'base_price': 12000, 'prices': [12000], 'price': 12000, 'old_price': 12000, 'currency': 'RUB', 'payment_amount': 12000, 'extras_variants': [], 'extras': {'21622': {'id': 21622, 'number': 1, 'extra_bed_type_id': 3, 'age': [0, 18], 'extra_bed': 1, 'free': 1}, '21623': {'id': 21623, 'number': 1, 'extra_bed_type_id': 0, 'age': [0, 5], 'extra_bed': 0, 'free': 1}}, 'rate_id': 51587, 'deals': [], 'cancellation_type': 'free', 'credit_card': 0, 'bonus': 600, 'miles': 720, 'min_stay': 1, 'platichastyami': 0, 'mircashback': 1200}]",12000.0,720,672991_101hotels,2026-08-26
1788428,,"Стандарт, Twin",2,1,0,1,Двухместный,2,9,[{'single': 2}],[],"[{'id': 604111, 'capacity': 1, 'prepayment': 'NO', 'nonrefundable': 0, 'cancellation_period': 0, 'cancellation_fee': 'NO', 'breakfast': 0, 'base_price': 3000, 'prices': [3000], 'price': 3000, 'old_price': 3000, 'currency': 'RUB', 'payment_amount': 0, 'extras_variants': [], 'extras': [], 'rate_id': 21502, 'deals': [], 'cancellation_type': 'free', 'credit_card': 0, 'bonus': 150, 'miles': 180, 'min_stay': 1, 'platichastyami': 0, 'mircashback': 300}, {'id': 604112, 'capacity': 2, 'prepayment': 'NO', 'nonrefundable': 0, 'cancellation_period': 0, 'cancellation_fee': 'NO', 'breakfast': 0, 'base_price': 3000, 'prices': [3000], 'price': 3000, 'old_price': 3000, 'currency': 'RUB', 'payment_amount': 0, 'extras_variants': [], 'extras': [], 'rate_id': 21502, 'deals': [], 'cancellation_type': 'free', 'credit_card': 0, 'bonus': 150, 'miles': 180, 'min_stay': 1, 'platichastyami': 0, 'mircashback': 300}, {'id': '604111P', 'capacity': 1, 'prepayment': 'FULL', 'nonrefundable': 0, 'cancellation_period': 0, 'cancellation_fee': 'NO', 'breakfast': 0, 'base_price': 3000, 'prices': [3000], 'price': 3000, 'old_price': 3000, 'currency': 'RUB', 'payment_amount': 3000, 'extras_variants': [], 'extras': [], 'rate_id': 21502, 'deals': [], 'cancellation_type': 'free', 'credit_card': 0, 'bonus': 150, 'miles': 180, 'min_stay': 1, 'platichastyami': 0, 'mircashback': 300}, {'id': '604112P', 'capacity': 2, 'prepayment': 'FULL', 'nonrefundable': 0, 'cancellation_period': 0, 'cancellation_fee': 'NO', 'breakfast': 0, 'base_price': 3000, 'prices': [3000], 'price': 3000, 'old_price': 3000, 'currency': 'RUB', 'payment_amount': 3000, 'extras_variants': [], 'extras': [], 'rate_id': 21502, 'deals': [], 'cancellation_type': 'free', 'credit_card': 0, 'bonus': 150, 'miles': 180, 'min_stay': 1, 'platichastyami': 0, 'mircashback': 300}]",3000.0,180,7190_101hotels,2026-08-26
1788429,,"Стандарт, Double",2,1,0,1,Двухместный,2,1,[{'double': 1}],[],"[{'id': 604113, 'capacity': 1, 'prepayment': 'NO', 'nonrefundable': 0, 'cancellation_period': 0, 'cancellation_fee': 'NO', 'breakfast': 0, 'base_price': 3000, 'prices': [3000], 'price': 3000, 'old_price': 3000, 'currency': 'RUB', 'payment_amount': 0, 'extras_variants': [], 'extras': [], 'rate_id': 21502, 'deals': [], 'cancellation_type': 'free', 'credit_card': 0, 'bonus': 150, 'miles': 180, 'min_stay': 1, 'platichastyami': 0, 'mircashback': 300}, {'id': 604114, 'capacity': 2, 'prepayment': 'NO', 'nonrefundable': 0, 'cancellation_period': 0, 'cancellation_fee': 'NO', 'breakfast': 0, 'base_price': 3000, 'prices': [3000], 'price': 3000, 'old_price': 3000, 'currency': 'RUB', 'payment_amount': 0, 'extras_variants': [], 'extras': [], 'rate_id': 21502, 'deals': [], 'cancellation_type': 'free', 'credit_card': 0, 'bonus': 150, 'miles': 180, 'min_stay': 1, 'platichastyami': 0, 'mircashback': 300}, {'id': '604113P', 'capacity': 1, 'prepayment': 'FULL', 'nonrefundable': 0, 'cancellation_period': 0, 'cancellation_fee': 'NO', 'breakfast': 0, 'base_price': 3000, 'prices': [3000], 'price': 3000, 'old_price': 3000, 'currency': 'RUB', 'payment_amount': 3000, 'extras_variants': [], 'extras': [], 'rate_id': 21502, 'deals': [], 'cancellation_type': 'free', 'credit_card': 0, 'bonus': 150, 'miles': 180, 'min_stay': 1, 'platichastyami': 0, 'mircashback': 300}, {'id': '604114P', 'capacity': 2, 'prepayment': 'FULL', 'nonrefundable': 0, 'cancellation_period': 0, 'cancellation_fee': 'NO', 'breakfast': 0, 'base_price': 3000, 'prices': [3000], 'price': 3000, 'old_price': 3000, 'currency': 'RUB', 'payment_amount': 3000, 'extras_variants': [], 'extras': [], 'rate_id': 21502, 'deals': [], 'cancellation_type': 'free', 'credit_card': 0, 'bonus': 150, 'miles': 180, 'min_stay': 1, 'platichastyami': 0, 'mircashback': 300}]",3000.0,180,7190_101hotels,2026-08-26
1788431,,"Стандарт, С 1 кроватью и балконом",2,0,0,1,Двухместный,2,1,[{'double': 1}],[],"[{'id': 604115, 'capacity': 1, 'prepayment': 'NO', 'nonrefundable': 0, 'cancellation_period': 0, 'cancellation_fee': 'NO', 'breakfast': 0, 'base_price': 3200, 'prices': [3200], 'price': 3200, 'old_price': 3200, 'currency': 'RUB', 'payment_amount': 0, 'extras_variants': [], 'extras': [], 'rate_id': 21502, 'deals': [], 'cancellation_type': 'free', 'credit_card': 0, 'bonus': 160, 'miles': 192, 'min_stay': 1, 'platichastyami': 0, 'mircashback': 320}, {'id': 604116, 'capacity': 2, 'prepayment': 'NO', 'nonrefundable': 0, 'cancellation_period': 0, 'cancellation_fee': 'NO', 'breakfast': 0, 'base_price': 3200, 'prices': [3200], 'price': 3200, 'old_price': 3200, 'currency': 'RUB', 'payment_amount': 0, 'extras_variants': [], 'extras': [], 'rate_id': 21502, 'deals': [], 'cancellation_type': 'free', 'credit_card': 0, 'bonus': 160, 'miles': 192, 'min_stay': 1, 'platichastyami': 0, 'mircashback': 320}, {'id': '604115P', 'capacity': 1, 'prepayment': 'FULL', 'nonrefundable': 0, 'cancellation_period': 0, 'cancellation_fee': 'NO', 'breakfast': 0, 'base_price': 3200, 'prices': [3200], 'price': 3200, 'old_price': 3200, 'currency': 'RUB', 'payment_amount': 3200, 'extras_variants': [], 'extras': [], 'rate_id': 21502, 'deals': [], 'cancellation_type': 'free', 'credit_card': 0, 'bonus': 160, 'miles': 192, 'min_stay': 1, 'platichastyami': 0, 'mircashback': 320}, {'id': '604116P', 'capacity': 2, 'prepayment': 'FULL', 'nonrefundable': 0, 'cancellation_period': 0, 'cancellation_fee': 'NO', 'breakfast': 0, 'base_price': 3200, 'prices': [3200], 'price': 3200, 'old_price': 3200, 'currency': 'RUB', 'payment_amount': 3200, 'extras_variants': [], 'extras': [], 'rate_id': 21502, 'deals': [], 'cancellation_type': 'free', 'credit_card': 0, 'bonus': 160, 'miles': 192, 'min_stay': 1, 'platichastyami': 0, 'mircashback': 320}]",3200.0,192,7190_101hotels,2026-08-26
1788432,,"Стандарт, С 1 кроватью и диваном",2,1,0,1,Двухместный,2,2,[{'double': 1}],[],"[{'id': 604117, 'capacity': 1, 'prepayment': 'NO', 'nonrefundable': 0, 'cancellation_period': 0, 'cancellation_fee': 'NO', 'breakfast': 0, 'base_price': 3500, 'prices': [3500], 'price': 3500, 'old_price': 3500, 'currency': 'RUB', 'payment_amount': 0, 'extras_variants': [], 'extras': [], 'rate_id': 21502, 'deals': [], 'cancellation_type': 'free', 'credit_card': 0, 'bonus': 175, 'miles': 210, 'min_stay': 1, 'platichastyami': 0, 'mircashback': 350}, {'id': 604118, 'capacity': 2, 'prepayment': 'NO', 'nonrefundable': 0, 'cancellation_period': 0, 'cancellation_fee': 'NO', 'breakfast': 0, 'base_price': 3500, 'prices': [3500], 'price': 3500, 'old_price': 3500, 'currency': 'RUB', 'payment_amount': 0, 'extras_variants': [], 'extras': [], 'rate_id': 21502, 'deals': [], 'cancellation_type': 'free', 'credit_card': 0, 'bonus': 175, 'miles': 210, 'min_stay': 1, 'platichastyami': 0, 'mircashback': 350}, {'id': '604117P', 'capacity': 1, 'prepayment': 'FULL', 'nonrefundable': 0, 'cancellation_period': 0, 'cancellation_fee': 'NO', 'breakfast': 0, 'base_price': 3500, 'prices': [3500], 'price': 3500, 'old_price': 3500, 'currency': 'RUB', 'payment_amount': 3500, 'extras_variants': [], 'extras': [], 'rate_id': 21502, 'deals': [], 'cancellation_type': 'free', 'credit_card': 0, 'bonus': 175, 'miles': 210, 'min_stay': 1, 'platichastyami': 0, 'mircashback': 350}, {'id': '604118P', 'capacity': 2, 'prepayment': 'FULL', 'nonrefundable': 0, 'cancellation_period': 0, 'cancellation_fee': 'NO', 'breakfast': 0, 'base_price': 3500, 'prices': [3500], 'price': 3500, 'old_price': 3500, 'currency': 'RUB', 'payment_amount': 3500, 'extras_variants': [], 'extras': [], 'rate_id': 21502, 'deals': [], 'cancellation_type': 'free', 'credit_card': 0, 'bonus': 175, 'miles': 210, 'min_stay': 1, 'platichastyami': 0, 'mircashback': 350}]",3500.0,210,7190_101hotels,2026-08-26
5684,,,2,1,0,1,Делюкс,29,1,[{'double': 1}],[],"[{'id': 1162721, 'capacity': 1, 'prepayment': 'FULL', 'nonrefundable': 0, 'cancellation_period': 0, 'cancellation_fee': 'NO', 'breakfast': 1, 'base_price': 20000, 'prices': [20000], 'price': 20000, 'old_price': 20000, 'currency': 'RUB', 'payment_amount': 20000, 'extras_variants': [], 'extras': [], 'rate_id': 59051, 'deals': [], 'cancellation_type': 'free', 'credit_card': 1, 'bonus': 1000, 'miles': 1200, 'min_stay': 1, 'platichastyami': 0, 'mircashback': 2000}, {'id': 1162722, 'capacity': 2, 'prepayment': 'FULL', 'nonrefundable': 0, 'cancellation_period': 0, 'cancellation_fee': 'NO', 'breakfast': 1, 'base_price': 22000, 'prices': [22000], 'price': 22000, 'old_price': 22000, 'currency': 'RUB', 'payment_amount': 22000, 'extras_variants': [], 'extras': [], 'rate_id': 59051, 'deals': [], 'cancellation_type': 'free', 'credit_card': 1, 'bonus': 1100, 'miles': 1320, 'min_stay': 1, 'platichastyami': 0, 'mircashback': 2200}]",20000.0,1200,607_101hotels,2026-08-26
5685,,,2,1,0,1,Студио,5,4,[{'double': 1}],[],"[{'id': 1162715, 'capacity': 1, 'prepayment': 'FULL', 'nonrefundable': 0, 'cancellation_period': 0, 'cancellation_fee': 'NO', 'breakfast': 1, 'base_price': 23300, 'prices': [23300], 'price': 23300, 'old_price': 23300, 'currency': 'RUB', 'payment_amount': 23300, 'extras_variants': [], 'extras': [], 'rate_id': 59051, 'deals': [], 'cancellation_type': 'free', 'credit_card': 1, 'bonus': 1165, 'miles': 1398, 'min_stay': 1, 'platichastyami': 0, 'mircashback': 2330}, {'id': 1162716, 'capacity': 2, 'prepayment': 'FULL', 'nonrefundable': 0, 'cancellation_period': 0, 'cancellation_fee': 'NO', 'breakfast': 1, 'base_price': 25300, 'prices': [25300], 'price': 25300, 'old_price': 25300, 'currency': 'RUB', 'payment_amount': 25300, 'extras_variants': [], 'extras': [], 'rate_id': 59051, 'deals': [], 'cancellation_type': 'free', 'credit_card': 1, 'bonus': 1265, 'miles': 1518, 'min_stay': 1, 'platichastyami': 0, 'mircashback': 2530}]",23300.0,1398,607_101hotels,2026-08-26
5688,,,2,1,0,1,Люкс,6,2,[{'double': 1}],[],"[{'id': 1162717, 'capacity': 1, 'prepayment': 'FULL', 'nonrefundable': 0, 'cancellation_period': 0, 'cancellation_fee': 'NO', 'breakfast': 1, 'base_price': 31000, 'prices': [31000], 'price': 31000, 'old_price': 31000, 'currency': 'RUB', 'payment_amount': 31000, 'extras_variants': [], 'extras': [], 'rate_id': 59051, 'deals': [], 'cancellation_type': 'free', 'credit_card': 1, 'bonus': 1550, 'miles': 1860, 'min_stay': 1, 'platichastyami': 0, 'mircashback': 3100}, {'id': 1162718, 'capacity': 2, 'prepayment': 'FULL', 'nonrefundable': 0, 'cancellation_period': 0, 'cancellation_fee': 'NO', 'breakfast': 1, 'base_price': 36000, 'prices': [36000], 'price': 36000, 'old_price': 36000, 'currency': 'RUB', 'payment_amount': 36000, 'extras_variants': [], 'extras': [], 'rate_id': 59051, 'deals': [], 'cancellation_type': 'free', 'credit_card': 1, 'bonus': 1800, 'miles': 2160, 'min_stay': 1, 'platichastyami': 0, 'mircashback': 3600}]",31000.0,1860,607_101hotels,2026-08-26
5693,,,2,1,0,1,Апартаменты,14,1,[{'double': 1}],[],"[{'id': 1162719, 'capacity': 1, 'prepayment': 'FULL', 'nonrefundable': 0, 'cancellation_period': 0, 'cancellation_fee': 'NO', 'breakfast': 1, 'base_price': 51000, 'prices': [51000], 'price': 51000, 'old_price': 51000, 'currency': 'RUB', 'payment_amount': 51000, 'extras_variants': [], 'extras': [], 'rate_id': 59051, 'deals': [], 'cancellation_type': 'free', 'credit_card': 1, 'bonus': 2550, 'miles': 3060, 'min_stay': 1, 'platichastyami': 0, 'mircashback': 5100}, {'id': 1162720, 'capacity': 2, 'prepayment': 'FULL', 'nonrefundable': 0, 'cancellation_period': 0, 'cancellation_fee': 'NO', 'breakfast': 1, 'base_price': 56000, 'prices': [56000], 'price': 56000, 'old_price': 56000, 'currency': 'RUB', 'payment_amount': 56000, 'extras_variants': [], 'extras': [], 'rate_id': 59051, 'deals': [], 'cancellation_type': 'free', 'credit_card': 1, 'bonus': 2800, 'miles': 3360, 'min_stay': 1, 'platichastyami': 0, 'mircashback': 5600}]",51000.0,3060,607_101hotels,2026-08-26
77897,,Стандарт,3,0,0,1,Трехместный,37,3,[{'single': 3}],"[{'id': '42703', 'number': '1', 'min_age': '0', 'max_age': '3', 'is_extra_bed': '0', 'extra_bed_type_id': '0'}]","[{'id': 763207, 'capacity': 1, 'prepayment': 'FULL', 'nonrefundable': 0, 'cancellation_period': 2, 'cancellation_fee': 'FIRST', 'breakfast': 0, 'base_price': 3300, 'prices': [3300], 'price': 3300, 'old_price': 3300, 'currency': 'RUB', 'payment_amount': 3300, 'extras_variants': [], 'extras': {'42703': {'id': 42703, 'number': 1, 'extra_bed_type_id': 0, 'age': [0, 3], 'extra_bed': 0, 'free': 1}}, 'rate_id': 33577, 'deals': [], 'cancellation_type': 'special', 'credit_card': 1, 'bonus': 165, 'miles': 198, 'min_stay': 1, 'platichastyami': 0, 'mircashback': 330}, {'id': 763208, 'capacity': 2, 'prepayment': 'FULL', 'nonrefundable': 0, 'cancellation_period': 2, 'cancellation_fee': 'FIRST', 'breakfast': 0, 'base_price': 3900, 'prices': [3900], 'price': 3900, 'old_price': 3900, 'currency': 'RUB', 'payment_amount': 3900, 'extras_variants': [], 'extras': {'42703': {'id': 42703, 'number': 1, 'extra_bed_type_id': 0, 'age': [0, 3], 'extra_bed': 0, 'free': 1}}, 'rate_id': 33577, 'deals': [], 'cancellation_type': 'special', 'credit_card': 1, 'bonus': 195, 'miles': 234, 'min_stay': 1, 'platichastyami': 0, 'mircashback': 390}, {'id': 763209, 'capacity': 3, 'prepayment': 'FULL', 'nonrefundable': 0, 'cancellation_period': 2, 'cancellation_fee': 'FIRST', 'breakfast': 0, 'base_price': 4500, 'prices': [4500], 'price': 4500, 'old_price': 4500, 'currency': 'RUB', 'payment_amount': 4500, 'extras_variants': [], 'extras': {'42703': {'id': 42703, 'number': 1, 'extra_bed_type_id': 0, 'age': [0, 3], 'extra_bed': 0, 'free': 1}}, 'rate_id': 33577, 'deals': [], 'cancellation_type': 'special', 'credit_card': 1, 'bonus': 225, 'miles': 270, 'min_stay': 1, 'platichastyami': 0, 'mircashback': 450}]",3300.0,198,14970_101hotels,2026-08-26
79722,,Стандарт,2,0,0,1,Двухместный,2,3,[{'single': 2}],"[{'id': '42700', 'number': '1', 'min_age': '0', 'max_age': '3', 'is_extra_bed': '0', 'extra_bed_type_id': '0'}]","[{'id': 763193, 'capacity': 1, 'prepayment': 'FULL', 'nonrefundable': 0, 'cancellation_period': 2, 'cancellation_fee': 'FIRST', 'breakfast': 0, 'base_price': 3300, 'prices': [3300], 'price': 3300, 'old_price': 3300, 'currency': 'RUB', 'payment_amount': 3300, 'extras_variants': [], 'extras': {'42700': {'id': 42700, 'number': 1, 'extra_bed_type_id': 0, 'age': [0, 3], 'extra_bed': 0, 'free': 1}}, 'rate_id': 33576, 'deals': [], 'cancellation_type': 'special', 'credit_card': 1, 'bonus': 165, 'miles': 198, 'min_stay': 1, 'platichastyami': 0, 'mircashback': 330}, {'id': 763194, 'capacity': 2, 'prepayment': 'FULL', 'nonrefundable': 0, 'cancellation_period': 2, 'cancellation_fee': 'FIRST', 'breakfast': 0, 'base_price': 3900, 'prices': [3900], 'price': 3900, 'old_price': 3900, 'currency': 'RUB', 'payment_amount': 3900, 'extras_variants': [], 'extras': {'42700': {'id': 42700, 'number': 1, 'extra_bed_type_id': 0, 'age': [0, 3], 'extra_bed': 0, 'free': 1}}, 'rate_id': 33576, 'deals': [], 'cancellation_type': 'special', 'credit_card': 1, 'bonus': 195, 'miles': 234, 'min_stay': 1, 'platichastyami': 0, 'mircashback': 390}]",3300.0,198,14970_101hotels,2026-08-26
2249149,,Мужское койко-место в 4 местном номере,4,0,1,0,Четырехместный,34,2,[{'single': 1}],"[{'id': '42702', 'number': '1', 'min_age': '0', 'max_age': '3', 'is_extra_bed': '0', 'extra_bed_type_id': '0'}]","[{'id': 763216, 'capacity': 1, 'prepayment': 'FULL', 'nonrefundable': 0, 'cancellation_period': 2, 'cancellation_fee': 'FIRST', 'breakfast': 0, 'base_price': 1500, 'prices': [1500], 'price': 1500, 'old_price': 1500, 'currency': 'RUB', 'payment_amount': 1500, 'extras_variants': [], 'extras': {'42702': {'id': 42702, 'number': 1, 'extra_bed_type_id': 0, 'age': [0, 3], 'extra_bed': 0, 'free': 1}}, 'rate_id': 33578, 'deals': [], 'cancellation_type': 'special', 'credit_card': 1, 'bonus': 75, 'miles': 90, 'min_stay': 1, 'platichastyami': 0, 'mircashback': 150}]",1500.0,90,14970_101hotels,2026-08-26
2304770,,Женское койко место в 4 местном номер,4,0,1,0,Четырехместный,34,2,[{'single': 1}],"[{'id': '52105', 'number': '1', 'min_age': '0', 'max_age': '3', 'is_extra_bed': '0', 'extra_bed_type_id': '0'}]","[{'id': 1077245, 'capacity': 1, 'prepayment': 'FIRST', 'nonrefundable': 0, 'cancellation_period': 2, 'cancellation_fee': 'FIRST', 'breakfast': 0, 'base_price': 1500, 'prices': [1500], 'price': 1500, 'old_price': 1500, 'currency': 'RUB', 'payment_amount': 1500, 'extras_variants': [], 'extras': {'52105': {'id': 52105, 'number': 1, 'extra_bed_type_id': 0, 'age': [0, 3], 'extra_bed': 0, 'free': 1}}, 'rate_id': 53105, 'deals': [], 'cancellation_type': 'special', 'credit_card': 1, 'bonus': 75, 'miles': 90, 'min_stay': 1, 'platichastyami': 0, 'mircashback': 150}]",1500.0,90,14970_101hotels,2026-08-26
2321990,,Койко-место,1,0,1,0,Трехместный Мужской,100,7,[{'single': 1}],[],"[{'id': 1230122, 'capacity': 1, 'prepayment': 'FULL', 'nonrefundable': 0, 'cancellation_period': 2, 'cancellation_fee': 'FIRST', 'breakfast': 0, 'base_price': 1500, 'prices': [1500], 'price': 1500, 'old_price': 1500, 'currency': 'RUB', 'payment_amount': 1500, 'extras_variants': [], 'extras': [], 'rate_id': 33578, 'deals': [], 'cancellation_type': 'special', 'credit_card': 1, 'bonus': 75, 'miles': 90, 'min_stay': 1, 'platichastyami': 0, 'mircashback': 150}]",1500.0,90,14970_101hotels,2026-08-26
62091,,С двухъярусной кроватью,2,0,1,0,Двухместный,2,1,[{'2-tier': 1}],[],"[{'id': 709490, 'capacity': 1, 'prepayment': 'FULL', 'nonrefundable': 0, 'cancellation_period': 1, 'cancellation_fee': 'FIRST', 'breakfast': 0, 'base_price': 1850, 'prices': [1850], 'price': 1850, 'old_price': 1850, 'currency': 'RUB', 'payment_amount': 1850, 'extras_variants': [], 'extras': [], 'rate_id': 29229, 'deals': [], 'cancellation_type': 'special', 'credit_card': 1, 'bonus': 93, 'miles': 111, 'min_stay': 1, 'platichastyami': 0, 'mircashback': 185}]",1850.0,111,10672_101hotels,2026-08-26
62675,,"Койко-место в Мужском номере, С балконом",6,0,0,0,Шестиместный,36,2,[{'2-tier': 1}],[],"[{'id': 709494, 'capacity': 1, 'prepayment': 'FULL', 'nonrefundable': 0, 'cancellation_period': 1, 'cancellation_fee': 'FIRST', 'breakfast': 0, 'base_price': 1000, 'prices': [1000], 'price': 1000, 'old_price': 1000, 'currency': 'RUB', 'payment_amount': 1000, 'extras_variants': [], 'extras': [], 'rate_id': 29229, 'deals': [], 'cancellation_type': 'special', 'credit_card': 1, 'bonus': 50, 'miles': 60, 'min_stay': 1, 'platichastyami': 0, 'mircashback': 100}]",1000.0,60,10672_101hotels,2026-08-26
1855138,,Стандартный  номер,1,0,0,1,Одноместный,1,1,[{'single': 1}],[],"[{'id': 1119378, 'capacity': 1, 'prepayment': 'FULL', 'nonrefundable': 0, 'cancellation_period': 0, 'cancellation_fee': 'NO', 'breakfast': 1, 'base_price': 2850, 'prices': [2850], 'price': 2850, 'old_price': 2850, 'currency': 'RUB', 'payment_amount': 2850, 'extras_variants': [], 'extras': [], 'rate_id': 56011, 'deals': [], 'cancellation_type': 'free', 'credit_card': 1, 'bonus': 143, 'miles': 171, 'min_stay': 1, 'platichastyami': 0, 'mircashback': 285}]",2850.0,171,508922_101hotels,2026-08-26
28779,,Стандарт Double,2,0,0,1,Двухместный,2,1,[{'double': 1}],[],"[{'id': 254614, 'capacity': 1, 'prepayment': 'FIRST', 'nonrefundable': 1, 'cancellation_period': 0, 'cancellation_fee': 'FIRST', 'breakfast': 1, 'base_price': 4800, 'prices': [4800], 'price': 4800, 'old_price': 4800, 'currency': 'RUB', 'payment_amount': 4800, 'extras_variants': [], 'extras': [], 'rate_id': 401, 'deals': [], 'cancellation_type': 'nonrefundable', 'credit_card': 1, 'bonus': 240, 'miles': 288, 'min_stay': 1, 'platichastyami': 0, 'mircashback': 480}, {'id': 254615, 'capacity': 2, 'prepayment': 'FIRST', 'nonrefundable': 1, 'cancellation_period': 0, 'cancellation_fee': 'FIRST', 'breakfast': 1, 'base_price': 5600, 'prices': [5600], 'price': 5600, 'old_price': 5600, 'currency': 'RUB', 'payment_amount': 5600, 'extras_variants': [], 'extras': [], 'rate_id': 401, 'deals': [], 'cancellation_type': 'nonrefundable', 'credit_card': 1, 'bonus': 280, 'miles': 336, 'min_stay': 1, 'platichastyami': 0, 'mircashback': 560}]",4800.0,288,6013_101hotels,2026-08-26
28780,,Стандарт Twin,2,0,0,1,Двухместный,2,4,[{'single': 2}],[],"[{'id': 254616, 'capacity': 1, 'prepayment': 'FIRST', 'nonrefundable': 1, 'cancellation_period': 0, 'cancellation_fee': 'FIRST', 'breakfast': 1, 'base_price': 4800, 'prices': [4800], 'price': 4800, 'old_price': 4800, 'currency': 'RUB', 'payment_amount': 4800, 'extras_variants': [], 'extras': [], 'rate_id': 401, 'deals': [], 'cancellation_type': 'nonrefundable', 'credit_card': 1, 'bonus': 240, 'miles': 288, 'min_stay': 1, 'platichastyami': 0, 'mircashback': 480}, {'id': 254617, 'capacity': 2, 'prepayment': 'FIRST', 'nonrefundable': 1, 'cancellation_period': 0, 'cancellation_fee': 'FIRST', 'breakfast': 1, 'base_price': 5600, 'prices': [5600], 'price': 5600, 'old_price': 5600, 'currency': 'RUB', 'payment_amount': 5600, 'extras_variants': [], 'extras': [], 'rate_id': 401, 'deals': [], 'cancellation_type': 'nonrefundable', 'credit_card': 1, 'bonus': 280, 'miles': 336, 'min_stay': 1, 'platichastyami': 0, 'mircashback': 560}]",4800.0,288,6013_101hotels,2026-08-26
28781,,Классик,3,1,0,1,Трехместный,37,1,"[{'single': 2, 'sofa': 1}, {'double': 1, 'sofa': 1}]",[],"[{'id': 254622, 'capacity': 1, 'prepayment': 'FIRST', 'nonrefundable': 1, 'cancellation_period': 0, 'cancellation_fee': 'FIRST', 'breakfast': 1, 'base_price': 5600, 'prices': [5600], 'price': 5600, 'old_price': 5600, 'currency': 'RUB', 'payment_amount': 5600, 'extras_variants': [], 'extras': [], 'rate_id': 401, 'deals': [], 'cancellation_type': 'nonrefundable', 'credit_card': 1, 'bonus': 280, 'miles': 336, 'min_stay': 1, 'platichastyami': 0, 'mircashback': 560}, {'id': 254623, 'capacity': 2, 'prepayment': 'FIRST', 'nonrefundable': 1, 'cancellation_period': 0, 'cancellation_fee': 'FIRST', 'breakfast': 1, 'base_price': 6600, 'prices': [6600], 'price': 6600, 'old_price': 6600, 'currency': 'RUB', 'payment_amount': 6600, 'extras_variants': [], 'extras': [], 'rate_id': 401, 'deals': [], 'cancellation_type': 'nonrefundable', 'credit_card': 1, 'bonus': 330, 'miles': 396, 'min_stay': 1, 'platichastyami': 0, 'mircashback': 660}, {'id': 254624, 'capacity': 3, 'prepayment': 'FIRST', 'nonrefundable': 1, 'cancellation_period': 0, 'cancellation_fee': 'FIRST', 'breakfast': 1, 'base_price': 7200, 'prices': [7200], 'price': 7200, 'old_price': 7200, 'currency': 'RUB', 'payment_amount': 7200, 'extras_variants': [], 'extras': [], 'rate_id': 401, 'deals': [], 'cancellation_type': 'nonrefundable', 'credit_card': 1, 'bonus': 360, 'miles': 432, 'min_stay': 1, 'platichastyami': 0, 'mircashback': 720}]",5600.0,336,6013_101hotels,2026-08-26
28782,,Комфорт,2,0,0,1,Студио,5,1,[{'double': 1}],[],"[{'id': 254618, 'capacity': 1, 'prepayment': 'FIRST', 'nonrefundable': 1, 'cancellation_period': 0, 'cancellation_fee': 'FIRST', 'breakfast': 1, 'base_price': 5600, 'prices': [5600], 'price': 5600, 'old_price': 5600, 'currency': 'RUB', 'payment_amount': 5600, 'extras_variants': [], 'extras': [], 'rate_id': 401, 'deals': [], 'cancellation_type': 'nonrefundable', 'credit_card': 1, 'bonus': 280, 'miles': 336, 'min_stay': 1, 'platichastyami': 0, 'mircashback': 560}, {'id': 254619, 'capacity': 2, 'prepayment': 'FIRST', 'nonrefundable': 1, 'cancellation_period': 0, 'cancellation_fee': 'FIRST', 'breakfast': 1, 'base_price': 6600, 'prices': [6600], 'price': 6600, 'old_price': 6600, 'currency': 'RUB', 'payment_amount': 6600, 'extras_variants': [], 'extras': [], 'rate_id': 401, 'deals': [], 'cancellation_type': 'nonrefundable', 'credit_card': 1, 'bonus': 330, 'miles': 396, 'min_stay': 1, 'platichastyami': 0, 'mircashback': 660}]",5600.0,336,6013_101hotels,2026-08-26
28783,,Джуниор-Сюит,2,2,0,1,Люкс,6,3,[{'double': 1}],[],"[{'id': 254620, 'capacity': 1, 'prepayment': 'FIRST', 'nonrefundable': 1, 'cancellation_period': 0, 'cancellation_fee': 'FIRST', 'breakfast': 1, 'base_price': 6600, 'prices': [6600], 'price': 6600, 'old_price': 6600, 'currency': 'RUB', 'payment_amount': 6600, 'extras_variants': [], 'extras': [], 'rate_id': 401, 'deals': [], 'cancellation_type': 'nonrefundable', 'credit_card': 1, 'bonus': 330, 'miles': 396, 'min_stay': 1, 'platichastyami': 0, 'mircashback': 660}, {'id': 254621, 'capacity': 2, 'prepayment': 'FIRST', 'nonrefundable': 1, 'cancellation_period': 0, 'cancellation_fee': 'FIRST', 'breakfast': 1, 'base_price': 7200, 'prices': [7200], 'price': 7200, 'old_price': 7200, 'currency': 'RUB', 'payment_amount': 7200, 'extras_variants': [], 'extras': [], 'rate_id': 401, 'deals': [], 'cancellation_type': 'nonrefundable', 'credit_card': 1, 'bonus': 360, 'miles': 432, 'min_stay': 1, 'platichastyami': 0, 'mircashback': 720}]",6600.0,396,6013_101hotels,2026-08-26
2285216,,Джуниор Сюит с сауной,2,2,0,1,Полулюкс,4,1,"[{'double': 1}, {'single': 2}]",[],"[{'id': 913251, 'capacity': 1, 'prepayment': 'FIRST', 'nonrefundable': 1, 'cancellation_period': 0, 'cancellation_fee': 'FIRST', 'breakfast': 1, 'base_price': 8600, 'prices': [8600], 'price': 8600, 'old_price': 8600, 'currency': 'RUB', 'payment_amount': 8600, 'extras_variants': [], 'extras': [], 'rate_id': 401, 'deals': [], 'cancellation_type': 'nonrefundable', 'credit_card': 1, 'bonus': 430, 'miles': 516, 'min_stay': 1, 'platichastyami': 0, 'mircashback': 860}, {'id': 913252, 'capacity': 2, 'prepayment': 'FIRST', 'nonrefundable': 1, 'cancellation_period': 0, 'cancellation_fee': 'FIRST', 'breakfast': 1, 'base_price': 9200, 'prices': [9200], 'price': 9200, 'old_price': 9200, 'currency': 'RUB', 'payment_amount': 9200, 'extras_variants': [], 'extras': [], 'rate_id': 401, 'deals': [], 'cancellation_type': 'nonrefundable', 'credit_card': 1, 'bonus': 460, 'miles': 552, 'min_stay': 1, 'platichastyami': 0, 'mircashback': 920}]",8600.0,516,6013_101hotels,2026-08-26
2274221,,Стандарт,4,0,0,0,Семейный,44,1,"[{'single': 2, 'double': 1}]","[{'id': '10353', 'number': '1', 'min_age': '0', 'max_age': '2', 'is_extra_bed': '0', 'extra_bed_type_id': '0'}]","[{'id': 789978, 'capacity': 1, 'prepayment': 'NO', 'nonrefundable': 0, 'cancellation_period': 0, 'cancellation_fee': 'NO', 'breakfast': 0, 'base_price': 2900, 'prices': [2900], 'price': 2900, 'old_price': 2900, 'currency': 'RUB', 'payment_amount': 0, 'extras_variants': [], 'extras': {'10353': {'id': 10353, 'number': 1, 'extra_bed_type_id': 0, 'age': [0, 2], 'extra_bed': 0, 'free': 1}}, 'rate_id': 35596, 'deals': [], 'cancellation_type': 'free', 'credit_card': 0, 'bonus': 145, 'miles': 174, 'min_stay': 1, 'platichastyami': 0, 'mircashback': 290}, {'id': 789979, 'capacity': 2, 'prepayment': 'NO', 'nonrefundable': 0, 'cancellation_period': 0, 'cancellation_fee': 'NO', 'breakfast': 0, 'base_price': 3900, 'prices': [3900], 'price': 3900, 'old_price': 3900, 'currency': 'RUB', 'payment_amount': 0, 'extras_variants': [], 'extras': {'10353': {'id': 10353, 'number': 1, 'extra_bed_type_id': 0, 'age': [0, 2], 'extra_bed': 0, 'free': 1}}, 'rate_id': 35596, 'deals': [], 'cancellation_type': 'free', 'credit_card': 0, 'bonus': 195, 'miles': 234, 'min_stay': 1, 'platichastyami': 0, 'mircashback': 390}, {'id': 789980, 'capacity': 3, 'prepayment': 'NO', 'nonrefundable': 0, 'cancellation_period': 0, 'cancellation_fee': 'NO', 'breakfast': 0, 'base_price': 5400, 'prices': [5400], 'price': 5400, 'old_price': 5400, 'currency': 'RUB', 'payment_amount': 0, 'extras_variants': [], 'extras': {'10353': {'id': 10353, 'number': 1, 'extra_bed_type_id': 0, 'age': [0, 2], 'extra_bed': 0, 'free': 1}}, 'rate_id': 35596, 'deals': [], 'cancellation_type': 'free', 'credit_card': 0, 'bonus': 270, 'miles': 324, 'min_stay': 1, 'platichastyami': 0, 'mircashback': 540}, {'id': 789981, 'capacity': 4, 'prepayment': 'NO', 'nonrefundable': 0, 'cancellation_period': 0, 'cancellation_fee': 'NO', 'breakfast': 0, 'base_price': 6900, 'prices': [6900], 'price': 6900, 'old_price': 6900, 'currency': 'RUB', 'payment_amount': 0, 'extras_variants': [], 'extras': {'10353': {'id': 10353, 'number': 1, 'extra_bed_type_id': 0, 'age': [0, 2], 'extra_bed': 0, 'free': 1}}, 'rate_id': 35596, 'deals': [], 'cancellation_type': 'free', 'credit_card': 0, 'bonus': 345, 'miles': 414, 'min_stay': 1, 'platichastyami': 0, 'mircashback': 690}, {'id': '789978P', 'capacity': 1, 'prepayment': 'FULL', 'nonrefundable': 0, 'cancellation_period': 0, 'cancellation_fee': 'NO', 'breakfast': 0, 'base_price': 2900, 'prices': [2900], 'price': 2900, 'old_price': 2900, 'currency': 'RUB', 'payment_amount': 2900, 'extras_variants': [], 'extras': {'10353': {'id': 10353, 'number': 1, 'extra_bed_type_id': 0, 'age': [0, 2], 'extra_bed': 0, 'free': 1}}, 'rate_id': 35596, 'deals': [], 'cancellation_type': 'free', 'credit_card': 0, 'bonus': 145, 'miles': 174, 'min_stay': 1, 'platichastyami': 0, 'mircashback': 290}, {'id': '789979P', 'capacity': 2, 'prepayment': 'FULL', 'nonrefundable': 0, 'cancellation_period': 0, 'cancellation_fee': 'NO', 'breakfast': 0, 'base_price': 3900, 'prices': [3900], 'price': 3900, 'old_price': 3900, 'currency': 'RUB', 'payment_amount': 3900, 'extras_variants': [], 'extras': {'10353': {'id': 10353, 'number': 1, 'extra_bed_type_id': 0, 'age': [0, 2], 'extra_bed': 0, 'free': 1}}, 'rate_id': 35596, 'deals': [], 'cancellation_type': 'free', 'credit_card': 0, 'bonus': 195, 'miles': 234, 'min_stay': 1, 'platichastyami': 0, 'mircashback': 390}, {'id': '789980P', 'capacity': 3, 'prepayment': 'FULL', 'nonrefundable': 0, 'cancellation_period': 0, 'cancellation_fee': 'NO', 'breakfast': 0, 'base_price': 5400, 'prices': [5400], 'price': 5400, 'old_price': 5400, 'currency': 'RUB', 'payment_amount': 5400, 'extras_variants': [], 'extras': {'10353': {'id': 10353, 'number': 1, 'extra_bed_type_id': 0, 'age': [0, 2], 'extra_bed': 0, 'free': 1}}, 'rate_id': 35596, 'deals': [], 'cancellation_type': 'free', 'credit_card': 0, 'bonus': 270, 'miles': 324, 'min_stay': 1, 'platichastyami': 0, 'mircashback': 540}, {'id': '789981P', 'capacity': 4, 'prepayment': 'FULL', 'nonrefundable': 0, 'cancellation_period': 0, 'cancellation_fee': 'NO', 'breakfast': 0, 'base_price': 6900, 'prices': [6900], 'price': 6900, 'old_price': 6900, 'currency': 'RUB', 'payment_amount': 6900, 'extras_variants': [], 'extras': {'10353': {'id': 10353, 'number': 1, 'extra_bed_type_id': 0, 'age': [0, 2], 'extra_bed': 0, 'free': 1}}, 'rate_id': 35596, 'deals': [], 'cancellation_type': 'free', 'credit_card': 0, 'bonus': 345, 'miles': 414, 'min_stay': 1, 'platichastyami': 0, 'mircashback': 690}]",2900.0,174,666294_101hotels,2026-08-26
2274222,,Комфорт,4,0,0,1,Семейный,44,1,"[{'double': 1, '2-tier': 1}]","[{'id': '10352', 'number': '1', 'min_age': '0', 'max_age': '2', 'is_extra_bed': '0', 'extra_bed_type_id': '0'}]","[{'id': 789990, 'capacity': 1, 'prepayment': 'NO', 'nonrefundable': 0, 'cancellation_period': 0, 'cancellation_fee': 'NO', 'breakfast': 0, 'base_price': 3500, 'prices': [3500], 'price': 3500, 'old_price': 3500, 'currency': 'RUB', 'payment_amount': 0, 'extras_variants': [], 'extras': {'10352': {'id': 10352, 'number': 1, 'extra_bed_type_id': 0, 'age': [0, 2], 'extra_bed': 0, 'free': 1}}, 'rate_id': 35596, 'deals': [], 'cancellation_type': 'free', 'credit_card': 0, 'bonus': 175, 'miles': 210, 'min_stay': 1, 'platichastyami': 0, 'mircashback': 350}, {'id': 789991, 'capacity': 2, 'prepayment': 'NO', 'nonrefundable': 0, 'cancellation_period': 0, 'cancellation_fee': 'NO', 'breakfast': 0, 'base_price': 4500, 'prices': [4500], 'price': 4500, 'old_price': 4500, 'currency': 'RUB', 'payment_amount': 0, 'extras_variants': [], 'extras': {'10352': {'id': 10352, 'number': 1, 'extra_bed_type_id': 0, 'age': [0, 2], 'extra_bed': 0, 'free': 1}}, 'rate_id': 35596, 'deals': [], 'cancellation_type': 'free', 'credit_card': 0, 'bonus': 225, 'miles': 270, 'min_stay': 1, 'platichastyami': 0, 'mircashback': 450}, {'id': 789992, 'capacity': 3, 'prepayment': 'NO', 'nonrefundable': 0, 'cancellation_period': 0, 'cancellation_fee': 'NO', 'breakfast': 0, 'base_price': 6000, 'prices': [6000], 'price': 6000, 'old_price': 6000, 'currency': 'RUB', 'payment_amount': 0, 'extras_variants': [], 'extras': {'10352': {'id': 10352, 'number': 1, 'extra_bed_type_id': 0, 'age': [0, 2], 'extra_bed': 0, 'free': 1}}, 'rate_id': 35596, 'deals': [], 'cancellation_type': 'free', 'credit_card': 0, 'bonus': 300, 'miles': 360, 'min_stay': 1, 'platichastyami': 0, 'mircashback': 600}, {'id': 789993, 'capacity': 4, 'prepayment': 'NO', 'nonrefundable': 0, 'cancellation_period': 0, 'cancellation_fee': 'NO', 'breakfast': 0, 'base_price': 7500, 'prices': [7500], 'price': 7500, 'old_price': 7500, 'currency': 'RUB', 'payment_amount': 0, 'extras_variants': [], 'extras': {'10352': {'id': 10352, 'number': 1, 'extra_bed_type_id': 0, 'age': [0, 2], 'extra_bed': 0, 'free': 1}}, 'rate_id': 35596, 'deals': [], 'cancellation_type': 'free', 'credit_card': 0, 'bonus': 375, 'miles': 450, 'min_stay': 1, 'platichastyami': 0, 'mircashback': 750}, {'id': '789990P', 'capacity': 1, 'prepayment': 'FULL', 'nonrefundable': 0, 'cancellation_period': 0, 'cancellation_fee': 'NO', 'breakfast': 0, 'base_price': 3500, 'prices': [3500], 'price': 3500, 'old_price': 3500, 'currency': 'RUB', 'payment_amount': 3500, 'extras_variants': [], 'extras': {'10352': {'id': 10352, 'number': 1, 'extra_bed_type_id': 0, 'age': [0, 2], 'extra_bed': 0, 'free': 1}}, 'rate_id': 35596, 'deals': [], 'cancellation_type': 'free', 'credit_card': 0, 'bonus': 175, 'miles': 210, 'min_stay': 1, 'platichastyami': 0, 'mircashback': 350}, {'id': '789991P', 'capacity': 2, 'prepayment': 'FULL', 'nonrefundable': 0, 'cancellation_period': 0, 'cancellation_fee': 'NO', 'breakfast': 0, 'base_price': 4500, 'prices': [4500], 'price': 4500, 'old_price': 4500, 'currency': 'RUB', 'payment_amount': 4500, 'extras_variants': [], 'extras': {'10352': {'id': 10352, 'number': 1, 'extra_bed_type_id': 0, 'age': [0, 2], 'extra_bed': 0, 'free': 1}}, 'rate_id': 35596, 'deals': [], 'cancellation_type': 'free', 'credit_card': 0, 'bonus': 225, 'miles': 270, 'min_stay': 1, 'platichastyami': 0, 'mircashback': 450}, {'id': '789992P', 'capacity': 3, 'prepayment': 'FULL', 'nonrefundable': 0, 'cancellation_period': 0, 'cancellation_fee': 'NO', 'breakfast': 0, 'base_price': 6000, 'prices': [6000], 'price': 6000, 'old_price': 6000, 'currency': 'RUB', 'payment_amount': 6000, 'extras_variants': [], 'extras': {'10352': {'id': 10352, 'number': 1, 'extra_bed_type_id': 0, 'age': [0, 2], 'extra_bed': 0, 'free': 1}}, 'rate_id': 35596, 'deals': [], 'cancellation_type': 'free', 'credit_card': 0, 'bonus': 300, 'miles': 360, 'min_stay': 1, 'platichastyami': 0, 'mircashback': 600}, {'id': '789993P', 'capacity': 4, 'prepayment': 'FULL', 'nonrefundable': 0, 'cancellation_period': 0, 'cancellation_fee': 'NO', 'breakfast': 0, 'base_price': 7500, 'prices': [7500], 'price': 7500, 'old_price': 7500, 'currency': 'RUB', 'payment_amount': 7500, 'extras_variants': [], 'extras': {'10352': {'id': 10352, 'number': 1, 'extra_bed_type_id': 0, 'age': [0, 2], 'extra_bed': 0, 'free': 1}}, 'rate_id': 35596, 'deals': [], 'cancellation_type': 'free', 'credit_card': 0, 'bonus': 375, 'miles': 450, 'min_stay': 1, 'platichastyami': 0, 'mircashback': 750}]",3500.0,210,666294_101hotels,2026-08-26
2274226,,Койко-место в женсокм номере,1,0,1,0,Восьмиместный Женский,77,7,[{'2-tier': 1}],[],"[{'id': 790332, 'capacity': 1, 'prepayment': 'NO', 'nonrefundable': 0, 'cancellation_period': 0, 'cancellation_fee': 'NO', 'breakfast': 0, 'base_price': 1700, 'prices': [1700], 'price': 1700, 'old_price': 1700, 'currency': 'RUB', 'payment_amount': 0, 'extras_variants': [], 'extras': [], 'rate_id': 35596, 'deals': [], 'cancellation_type': 'free', 'credit_card': 0, 'bonus': 85, 'miles': 102, 'min_stay': 1, 'platichastyami': 0, 'mircashback': 170}, {'id': '790332P', 'capacity': 1, 'prepayment': 'FULL', 'nonrefundable': 0, 'cancellation_period': 0, 'cancellation_fee': 'NO', 'breakfast': 0, 'base_price': 1700, 'prices': [1700], 'price': 1700, 'old_price': 1700, 'currency': 'RUB', 'payment_amount': 1700, 'extras_variants': [], 'extras': [], 'rate_id': 35596, 'deals': [], 'cancellation_type': 'free', 'credit_card': 0, 'bonus': 85, 'miles': 102, 'min_stay': 1, 'platichastyami': 0, 'mircashback': 170}]",1700.0,102,666294_101hotels,2026-08-26
2274230,,Койко-место в мужском номере,1,0,1,0,Восьмиместный Мужской,76,6,[{'2-tier': 1}],[],"[{'id': 790011, 'capacity': 1, 'prepayment': 'NO', 'nonrefundable': 0, 'cancellation_period': 0, 'cancellation_fee': 'NO', 'breakfast': 0, 'base_price': 1700, 'prices': [1700], 'price': 1700, 'old_price': 1700, 'currency': 'RUB', 'payment_amount': 0, 'extras_variants': [], 'extras': [], 'rate_id': 35596, 'deals': [], 'cancellation_type': 'free', 'credit_card': 0, 'bonus': 85, 'miles': 102, 'min_stay': 1, 'platichastyami': 0, 'mircashback': 170}, {'id': '790011P', 'capacity': 1, 'prepayment': 'FULL', 'nonrefundable': 0, 'cancellation_period': 0, 'cancellation_fee': 'NO', 'breakfast': 0, 'base_price': 1700, 'prices': [1700], 'price': 1700, 'old_price': 1700, 'currency': 'RUB', 'payment_amount': 1700, 'extras_variants': [], 'extras': [], 'rate_id': 35596, 'deals': [], 'cancellation_type': 'free', 'credit_card': 0, 'bonus': 85, 'miles': 102, 'min_stay': 1, 'platichastyami': 0, 'mircashback': 170}]",1700.0,102,666294_101hotels,2026-08-26
2318718,,Облака,2,0,0,1,Апартаменты,14,1,[{'single': 2}],"[{'id': '47478', 'number': '1', 'min_age': '0', 'max_age': '18', 'is_extra_bed': '0', 'extra_bed_type_id': '0'}]","[{'id': 1206378, 'capacity': 1, 'prepayment': 'FULL', 'nonrefundable': 0, 'cancellation_period': 0, 'cancellation_fee': 'NO', 'breakfast': 0, 'base_price': 3900, 'prices': [3900], 'price': 3705, 'old_price': 3900, 'currency': 'RUB', 'payment_amount': 3900, 'extras_variants': [], 'extras': {'47478': {'id': 47478, 'number': 1, 'extra_bed_type_id': 0, 'age': [0, 18], 'extra_bed': 0, 'free': 1}}, 'rate_id': 61745, 'deals': ['LAST_MINUTE'], 'cancellation_type': 'free', 'credit_card': 1, 'bonus': 185, 'miles': 222, 'min_stay': 1, 'platichastyami': 0, 'mircashback': 371}, {'id': 1206379, 'capacity': 2, 'prepayment': 'FULL', 'nonrefundable': 0, 'cancellation_period': 0, 'cancellation_fee': 'NO', 'breakfast': 0, 'base_price': 3900, 'prices': [3900], 'price': 3705, 'old_price': 3900, 'currency': 'RUB', 'payment_amount': 3900, 'extras_variants': [], 'extras': {'47478': {'id': 47478, 'number': 1, 'extra_bed_type_id': 0, 'age': [0, 18], 'extra_bed': 0, 'free': 1}}, 'rate_id': 61745, 'deals': ['LAST_MINUTE'], 'cancellation_type': 'free', 'credit_card': 1, 'bonus': 185, 'miles': 222, 'min_stay': 1, 'platichastyami': 0, 'mircashback': 371}]",3705.0,222,677494_101hotels,2026-08-26
2318726,,Высота,2,0,0,1,Апартаменты,14,1,[{'double': 1}],"[{'id': '47486', 'number': '1', 'min_age': '0', 'max_age': '18', 'is_extra_bed': '0', 'extra_bed_type_id': '0'}]","[{'id': 1206380, 'capacity': 1, 'prepayment': 'FULL', 'nonrefundable': 0, 'cancellation_period': 0, 'cancellation_fee': 'NO', 'breakfast': 0, 'base_price': 3900, 'prices': [3900], 'price': 3705, 'old_price': 3900, 'currency': 'RUB', 'payment_amount': 3900, 'extras_variants': [], 'extras': {'47486': {'id': 47486, 'number': 1, 'extra_bed_type_id': 0, 'age': [0, 18], 'extra_bed': 0, 'free': 1}}, 'rate_id': 61745, 'deals': ['LAST_MINUTE'], 'cancellation_type': 'free', 'credit_card': 1, 'bonus': 185, 'miles': 222, 'min_stay': 1, 'platichastyami': 0, 'mircashback': 371}, {'id': 1206381, 'capacity': 2, 'prepayment': 'FULL', 'nonrefundable': 0, 'cancellation_period': 0, 'cancellation_fee': 'NO', 'breakfast': 0, 'base_price': 3900, 'prices': [3900], 'price': 3705, 'old_price': 3900, 'currency': 'RUB', 'payment_amount': 3900, 'extras_variants': [], 'extras': {'47486': {'id': 47486, 'number': 1, 'extra_bed_type_id': 0, 'age': [0, 18], 'extra_bed': 0, 'free': 1}}, 'rate_id': 61745, 'deals': ['LAST_MINUTE'], 'cancellation_type': 'free', 'credit_card': 1, 'bonus': 185, 'miles': 222, 'min_stay': 1, 'platichastyami': 0, 'mircashback': 371}]",3705.0,222,677494_101hotels,2026-08-26
1217582,,Кровать в общем номере для мужчин №2,1,0,1,1,Восьмиместный Мужской,76,3,[{'single': 1}],[],"[{'id': 375797, 'capacity': 1, 'prepayment': 'FIRST', 'nonrefundable': 0, 'cancellation_period': 1, 'cancellation_fee': 'FIRST', 'breakfast': 0, 'base_price': 1100, 'prices': [1100], 'price': 935, 'old_price': 1100, 'currency': 'RUB', 'payment_amount': 1100, 'extras_variants': [], 'extras': [], 'rate_id': 6123, 'deals': ['LAST_MINUTE'], 'cancellation_type': 'special', 'credit_card': 1, 'bonus': 47, 'miles': 54, 'min_stay': 1, 'platichastyami': 0, 'mircashback': 94}]",935.0,54,378505_101hotels,2026-08-26
1217584,,Кровать в общем номере для женщин №7,6,0,1,0,Шестиместный,36,1,[{'single': 1}],"[{'id': '48824', 'number': '1', 'min_age': '0', 'max_age': '7', 'is_extra_bed': '0', 'extra_bed_type_id': '0'}]","[{'id': 375793, 'capacity': 1, 'prepayment': 'FIRST', 'nonrefundable': 0, 'cancellation_period': 1, 'cancellation_fee': 'FIRST', 'breakfast': 0, 'base_price': 1100, 'prices': [1100], 'price': 935, 'old_price': 1100, 'currency': 'RUB', 'payment_amount': 1100, 'extras_variants': [], 'extras': {'48824': {'id': 48824, 'number': 1, 'extra_bed_type_id': 0, 'age': [0, 7], 'extra_bed': 0, 'free': 1}}, 'rate_id': 6123, 'deals': ['LAST_MINUTE'], 'cancellation_type': 'special', 'credit_card': 1, 'bonus': 47, 'miles': 54, 'min_stay': 1, 'platichastyami': 0, 'mircashback': 94}]",935.0,54,378505_101hotels,2026-08-26
1217585,,"Четырехместный смешанный номер (муж, жен), семейный №4, №5",4,0,1,0,Четырехместный,34,5,[{'single': 1}],"[{'id': '48823', 'number': '1', 'min_age': '0', 'max_age': '7', 'is_extra_bed': '0', 'extra_bed_type_id': '0'}]","[{'id': 375789, 'capacity': 1, 'prepayment': 'FIRST', 'nonrefundable': 0, 'cancellation_period': 1, 'cancellation_fee': 'FIRST', 'breakfast': 0, 'base_price': 1200, 'prices': [1200], 'price': 1020, 'old_price': 1200, 'currency': 'RUB', 'payment_amount': 1200, 'extras_variants': [], 'extras': {'48823': {'id': 48823, 'number': 1, 'extra_bed_type_id': 0, 'age': [0, 7], 'extra_bed': 0, 'free': 1}}, 'rate_id': 6123, 'deals': ['LAST_MINUTE'], 'cancellation_type': 'special', 'credit_card': 1, 'bonus': 51, 'miles': 60, 'min_stay': 1, 'platichastyami': 0, 'mircashback': 102}]",1020.0,60,378505_101hotels,2026-08-26
2301500,,Кровать в общем номере для мужчин №3,1,0,1,0,Восьмиместный Мужской,76,5,[{'single': 1}],[],"[{'id': 1051132, 'capacity': 1, 'prepayment': 'FIRST', 'nonrefundable': 0, 'cancellation_period': 1, 'cancellation_fee': 'FIRST', 'breakfast': 0, 'base_price': 1100, 'prices': [1100], 'price': 935, 'old_price': 1100, 'currency': 'RUB', 'payment_amount': 1100, 'extras_variants': [], 'extras': [], 'rate_id': 6123, 'deals': ['LAST_MINUTE'], 'cancellation_type': 'special', 'credit_card': 1, 'bonus': 47, 'miles': 54, 'min_stay': 1, 'platichastyami': 0, 'mircashback': 94}]",935.0,54,378505_101hotels,2026-08-26
2284046,,Эконом,2,0,0,0,Двухместный,2,2,[{'double': 1}],[],"[{'id': 891385, 'capacity': 1, 'prepayment': 'FIRST', 'nonrefundable': 1, 'cancellation_period': 0, 'cancellation_fee': 'FIRST', 'breakfast': 0, 'base_price': 2600, 'prices': [2600], 'price': 2600, 'old_price': 2600, 'currency': 'RUB', 'payment_amount': 2600, 'extras_variants': [], 'extras': [], 'rate_id': 41146, 'deals': [], 'cancellation_type': 'nonrefundable', 'credit_card': 1, 'bonus': 130, 'miles': 156, 'min_stay': 1, 'platichastyami': 0, 'mircashback': 260}, {'id': 891387, 'capacity': 1, 'prepayment': 'NO', 'nonrefundable': 0, 'cancellation_period': 0, 'cancellation_fee': 'NO', 'breakfast': 0, 'base_price': 2600, 'prices': [2600], 'price': 2600, 'old_price': 2600, 'currency': 'RUB', 'payment_amount': 0, 'extras_variants': [], 'extras': [], 'rate_id': 41147, 'deals': [], 'cancellation_type': 'free', 'credit_card': 0, 'bonus': 130, 'miles': 156, 'min_stay': 1, 'platichastyami': 0, 'mircashback': 260}, {'id': 891386, 'capacity': 2, 'prepayment': 'FIRST', 'nonrefundable': 1, 'cancellation_period': 0, 'cancellation_fee': 'FIRST', 'breakfast': 0, 'base_price': 2700, 'prices': [2700], 'price': 2700, 'old_price': 2700, 'currency': 'RUB', 'payment_amount': 2700, 'extras_variants': [], 'extras': [], 'rate_id': 41146, 'deals': [], 'cancellation_type': 'nonrefundable', 'credit_card': 1, 'bonus': 135, 'miles': 162, 'min_stay': 1, 'platichastyami': 0, 'mircashback': 270}, {'id': 891388, 'capacity': 2, 'prepayment': 'NO', 'nonrefundable': 0, 'cancellation_period': 0, 'cancellation_fee': 'NO', 'breakfast': 0, 'base_price': 2700, 'prices': [2700], 'price': 2700, 'old_price': 2700, 'currency': 'RUB', 'payment_amount': 0, 'extras_variants': [], 'extras': [], 'rate_id': 41147, 'deals': [], 'cancellation_type': 'free', 'credit_card': 0, 'bonus': 135, 'miles': 162, 'min_stay': 1, 'platichastyami': 0, 'mircashback': 270}]",2600.0,156,669236_101hotels,2026-08-26
2289970,,Двухместный номер Комфорт,2,1,0,1,Семейный,44,1,"[{'single': 1, 'double': 1}, {'single': 1, 'double': 1}]",[],"[{'id': 956973, 'capacity': 1, 'prepayment': 'FIRST', 'nonrefundable': 1, 'cancellation_period': 0, 'cancellation_fee': 'FIRST', 'breakfast': 0, 'base_price': 4300, 'prices': [4300], 'price': 4300, 'old_price': 4300, 'currency': 'RUB', 'payment_amount': 4300, 'extras_variants': [], 'extras': [], 'rate_id': 41146, 'deals': [], 'cancellation_type': 'nonrefundable', 'credit_card': 1, 'bonus': 215, 'miles': 258, 'min_stay': 1, 'platichastyami': 0, 'mircashback': 430}, {'id': 956979, 'capacity': 1, 'prepayment': 'NO', 'nonrefundable': 0, 'cancellation_period': 0, 'cancellation_fee': 'NO', 'breakfast': 0, 'base_price': 4300, 'prices': [4300], 'price': 4300, 'old_price': 4300, 'currency': 'RUB', 'payment_amount': 0, 'extras_variants': [], 'extras': [], 'rate_id': 41147, 'deals': [], 'cancellation_type': 'free', 'credit_card': 0, 'bonus': 215, 'miles': 258, 'min_stay': 1, 'platichastyami': 0, 'mircashback': 430}, {'id': 956974, 'capacity': 2, 'prepayment': 'FIRST', 'nonrefundable': 1, 'cancellation_period': 0, 'cancellation_fee': 'FIRST', 'breakfast': 0, 'base_price': 4300, 'prices': [4300], 'price': 4300, 'old_price': 4300, 'currency': 'RUB', 'payment_amount': 4300, 'extras_variants': [], 'extras': [], 'rate_id': 41146, 'deals': [], 'cancellation_type': 'nonrefundable', 'credit_card': 1, 'bonus': 215, 'miles': 258, 'min_stay': 1, 'platichastyami': 0, 'mircashback': 430}, {'id': 956980, 'capacity': 2, 'prepayment': 'NO', 'nonrefundable': 0, 'cancellation_period': 0, 'cancellation_fee': 'NO', 'breakfast': 0, 'base_price': 4300, 'prices': [4300], 'price': 4300, 'old_price': 4300, 'currency': 'RUB', 'payment_amount': 0, 'extras_variants': [], 'extras': [], 'rate_id': 41147, 'deals': [], 'cancellation_type': 'free', 'credit_card': 0, 'bonus': 215, 'miles': 258, 'min_stay': 1, 'platichastyami': 0, 'mircashback': 430}]",4300.0,258,669236_101hotels,2026-08-26
2289971,,Комфорт,2,1,0,1,Трехместный,37,1,"[{'single': 1, 'double': 1}, {'single': 1, 'double': 1}]",[],"[{'id': 956971, 'capacity': 1, 'prepayment': 'FIRST', 'nonrefundable': 1, 'cancellation_period': 0, 'cancellation_fee': 'FIRST', 'breakfast': 0, 'base_price': 4300, 'prices': [4300], 'price': 4300, 'old_price': 4300, 'currency': 'RUB', 'payment_amount': 4300, 'extras_variants': [], 'extras': [], 'rate_id': 41146, 'deals': [], 'cancellation_type': 'nonrefundable', 'credit_card': 1, 'bonus': 215, 'miles': 258, 'min_stay': 1, 'platichastyami': 0, 'mircashback': 430}, {'id': 956977, 'capacity': 1, 'prepayment': 'NO', 'nonrefundable': 0, 'cancellation_period': 0, 'cancellation_fee': 'NO', 'breakfast': 0, 'base_price': 4300, 'prices': [4300], 'price': 4300, 'old_price': 4300, 'currency': 'RUB', 'payment_amount': 0, 'extras_variants': [], 'extras': [], 'rate_id': 41147, 'deals': [], 'cancellation_type': 'free', 'credit_card': 0, 'bonus': 215, 'miles': 258, 'min_stay': 1, 'platichastyami': 0, 'mircashback': 430}, {'id': 956972, 'capacity': 2, 'prepayment': 'FIRST', 'nonrefundable': 1, 'cancellation_period': 0, 'cancellation_fee': 'FIRST', 'breakfast': 0, 'base_price': 4300, 'prices': [4300], 'price': 4300, 'old_price': 4300, 'currency': 'RUB', 'payment_amount': 4300, 'extras_variants': [], 'extras': [], 'rate_id': 41146, 'deals': [], 'cancellation_type': 'nonrefundable', 'credit_card': 1, 'bonus': 215, 'miles': 258, 'min_stay': 1, 'platichastyami': 0, 'mircashback': 430}, {'id': 956978, 'capacity': 2, 'prepayment': 'NO', 'nonrefundable': 0, 'cancellation_period': 0, 'cancellation_fee': 'NO', 'breakfast': 0, 'base_price': 4300, 'prices': [4300], 'price': 4300, 'old_price': 4300, 'currency': 'RUB', 'payment_amount': 0, 'extras_variants': [], 'extras': [], 'rate_id': 41147, 'deals': [], 'cancellation_type': 'free', 'credit_card': 0, 'bonus': 215, 'miles': 258, 'min_stay': 1, 'platichastyami': 0, 'mircashback': 430}]",4300.0,258,669236_101hotels,2026-08-26
33534,,,2,0,0,1,Полулюкс,4,1,[{'double': 1}],"[{'id': '3521', 'number': '1', 'min_age': '1', 'max_age': '5', 'is_extra_bed': '0', 'extra_bed_type_id': '0'}]","[{'id': 310377, 'capacity': 1, 'prepayment': 'NO', 'nonrefundable': 0, 'cancellation_period': 0, 'cancellation_fee': 'NO', 'breakfast': 1, 'base_price': 4000, 'prices': [4000], 'price': 4000, 'old_price': 4000, 'currency': 'RUB', 'payment_amount': 0, 'extras_variants': [], 'extras': {'3521': {'id': 3521, 'number': 1, 'extra_bed_type_id': 0, 'age': [1, 5], 'extra_bed': 0, 'free': 1}}, 'rate_id': 2848, 'deals': [], 'cancellation_type': 'free', 'credit_card': 0, 'bonus': 200, 'miles': 240, 'min_stay': 1, 'platichastyami': 0, 'mircashback': 400}, {'id': 310378, 'capacity': 2, 'prepayment': 'NO', 'nonrefundable': 0, 'cancellation_period': 0, 'cancellation_fee': 'NO', 'breakfast': 1, 'base_price': 4000, 'prices': [4000], 'price': 4000, 'old_price': 4000, 'currency': 'RUB', 'payment_amount': 0, 'extras_variants': [], 'extras': {'3521': {'id': 3521, 'number': 1, 'extra_bed_type_id': 0, 'age': [1, 5], 'extra_bed': 0, 'free': 1}}, 'rate_id': 2848, 'deals': [], 'cancellation_type': 'free', 'credit_card': 0, 'bonus': 200, 'miles': 240, 'min_stay': 1, 'platichastyami': 0, 'mircashback': 400}]",4000.0,240,7044_101hotels,2026-08-26
5771,,Классик,1,0,0,1,Одноместный,1,2,[{'single': 1}],[],"[{'id': 1184988, 'capacity': 1, 'prepayment': 'NO', 'nonrefundable': 0, 'cancellation_period': 0, 'cancellation_fee': 'NO', 'breakfast': 1, 'base_price': 5300, 'prices': [5300], 'price': 5300, 'old_price': 0, 'currency': 'RUB', 'payment_amount': 0, 'extras_variants': [], 'extras': [], 'rate_id': 60454, 'deals': [], 'cancellation_type': 'free', 'credit_card': 0, 'bonus': 265, 'miles': 318, 'min_stay': 1, 'platichastyami': 0, 'mircashback': 530}]",5300.0,318,228_101hotels,2026-08-26
5774,,Комфорт,1,0,0,1,Одноместный,1,2,[{'single': 1}],[],"[{'id': 1184989, 'capacity': 1, 'prepayment': 'NO', 'nonrefundable': 0, 'cancellation_period': 0, 'cancellation_fee': 'NO', 'breakfast': 1, 'base_price': 5800, 'prices': [5800], 'price': 5800, 'old_price': 0, 'currency': 'RUB', 'payment_amount': 0, 'extras_variants': [], 'extras': [], 'rate_id': 60454, 'deals': [], 'cancellation_type': 'free', 'credit_card': 0, 'bonus': 290, 'miles': 348, 'min_stay': 1, 'platichastyami': 0, 'mircashback': 580}]",5800.0,348,228_101hotels,2026-08-26
5778,,Гранд Улучшенный,2,0,0,1,Двухместный,2,2,[{'single': 2}],[],"[{'id': 1184991, 'capacity': 1, 'prepayment': 'NO', 'nonrefundable': 0, 'cancellation_period': 0, 'cancellation_fee': 'NO', 'breakfast': 1, 'base_price': 6800, 'prices': [6800], 'price': 6800, 'old_price': 0, 'currency': 'RUB', 'payment_amount': 0, 'extras_variants': [], 'extras': [], 'rate_id': 60454, 'deals': [], 'cancellation_type': 'free', 'credit_card': 0, 'bonus': 340, 'miles': 408, 'min_stay': 1, 'platichastyami': 0, 'mircashback': 680}, {'id': 1184992, 'capacity': 2, 'prepayment': 'NO', 'nonrefundable': 0, 'cancellation_period': 0, 'cancellation_fee': 'NO', 'breakfast': 1, 'base_price': 6800, 'prices': [6800], 'price': 6800, 'old_price': 0, 'currency': 'RUB', 'payment_amount': 0, 'extras_variants': [], 'extras': [], 'rate_id': 60454, 'deals': [], 'cancellation_type': 'free', 'credit_card': 0, 'bonus': 340, 'miles': 408, 'min_stay': 1, 'platichastyami': 0, 'mircashback': 680}]",6800.0,408,228_101hotels,2026-08-26
5780,,Бизнес Улучшенный,2,0,0,1,Двухместный,2,5,"[{'single': 2}, {'double': 1}]",[],"[{'id': 1184993, 'capacity': 1, 'prepayment': 'NO', 'nonrefundable': 0, 'cancellation_period': 0, 'cancellation_fee': 'NO', 'breakfast': 1, 'base_price': 6300, 'prices': [6300], 'price': 6300, 'old_price': 0, 'currency': 'RUB', 'payment_amount': 0, 'extras_variants': [], 'extras': [], 'rate_id': 60454, 'deals': [], 'cancellation_type': 'free', 'credit_card': 0, 'bonus': 315, 'miles': 378, 'min_stay': 1, 'platichastyami': 0, 'mircashback': 630}, {'id': 1184994, 'capacity': 2, 'prepayment': 'NO', 'nonrefundable': 0, 'cancellation_period': 0, 'cancellation_fee': 'NO', 'breakfast': 1, 'base_price': 6300, 'prices': [6300], 'price': 6300, 'old_price': 0, 'currency': 'RUB', 'payment_amount': 0, 'extras_variants': [], 'extras': [], 'rate_id': 60454, 'deals': [], 'cancellation_type': 'free', 'credit_card': 0, 'bonus': 315, 'miles': 378, 'min_stay': 1, 'platichastyami': 0, 'mircashback': 630}]",6300.0,378,228_101hotels,2026-08-26
5783,,Джуниор «Купеческий»,2,0,0,1,Сюит,27,1,[{'double': 1}],[],"[{'id': 1184999, 'capacity': 1, 'prepayment': 'NO', 'nonrefundable': 0, 'cancellation_period': 0, 'cancellation_fee': 'NO', 'breakfast': 1, 'base_price': 9500, 'prices': [9500], 'price': 9500, 'old_price': 0, 'currency': 'RUB', 'payment_amount': 0, 'extras_variants': [], 'extras': [], 'rate_id': 60454, 'deals': [], 'cancellation_type': 'free', 'credit_card': 0, 'bonus': 475, 'miles': 570, 'min_stay': 1, 'platichastyami': 0, 'mircashback': 950}, {'id': 1185000, 'capacity': 2, 'prepayment': 'NO', 'nonrefundable': 0, 'cancellation_period': 0, 'cancellation_fee': 'NO', 'breakfast': 1, 'base_price': 9500, 'prices': [9500], 'price': 9500, 'old_price': 0, 'currency': 'RUB', 'payment_amount': 0, 'extras_variants': [], 'extras': [], 'rate_id': 60454, 'deals': [], 'cancellation_type': 'free', 'credit_card': 0, 'bonus': 475, 'miles': 570, 'min_stay': 1, 'platichastyami': 0, 'mircashback': 950}]",9500.0,570,228_101hotels,2026-08-26
5787,,"Дворянский, Генерал-губернаторский",2,0,0,1,Люкс,6,1,[{'double': 1}],[],"[{'id': 1184997, 'capacity': 1, 'prepayment': 'NO', 'nonrefundable': 0, 'cancellation_period': 0, 'cancellation_fee': 'NO', 'breakfast': 1, 'base_price': 12900, 'prices': [12900], 'price': 12900, 'old_price': 0, 'currency': 'RUB', 'payment_amount': 0, 'extras_variants': [], 'extras': [], 'rate_id': 60454, 'deals': [], 'cancellation_type': 'free', 'credit_card': 0, 'bonus': 645, 'miles': 774, 'min_stay': 1, 'platichastyami': 0, 'mircashback': 1290}, {'id': 1184998, 'capacity': 2, 'prepayment': 'NO', 'nonrefundable': 0, 'cancellation_period': 0, 'cancellation_fee': 'NO', 'breakfast': 1, 'base_price': 12900, 'prices': [12900], 'price': 12900, 'old_price': 0, 'currency': 'RUB', 'payment_amount': 0, 'extras_variants': [], 'extras': [], 'rate_id': 60454, 'deals': [], 'cancellation_type': 'free', 'credit_card': 0, 'bonus': 645, 'miles': 774, 'min_stay': 1, 'platichastyami': 0, 'mircashback': 1290}]",12900.0,774,228_101hotels,2026-08-26
1248432,,Классик-М (Мансарда),1,0,0,1,Одноместный,1,5,[{'single': 1}],[],"[{'id': 1184990, 'capacity': 1, 'prepayment': 'NO', 'nonrefundable': 0, 'cancellation_period': 0, 'cancellation_fee': 'NO', 'breakfast': 1, 'base_price': 5100, 'prices': [5100], 'price': 5100, 'old_price': 0, 'currency': 'RUB', 'payment_amount': 0, 'extras_variants': [], 'extras': [], 'rate_id': 60454, 'deals': [], 'cancellation_type': 'free', 'credit_card': 0, 'bonus': 255, 'miles': 306, 'min_stay': 1, 'platichastyami': 0, 'mircashback': 510}]",5100.0,306,228_101hotels,2026-08-26
2312209,,"Двухместный ""Бизнес - М"" (мансарда)",2,0,0,1,Двухместный,2,1,[{'double': 1}],[],"[{'id': 1184995, 'capacity': 1, 'prepayment': 'NO', 'nonrefundable': 0, 'cancellation_period': 0, 'cancellation_fee': 'NO', 'breakfast': 1, 'base_price': 6000, 'prices': [6000], 'price': 6000, 'old_price': 0, 'currency': 'RUB', 'payment_amount': 0, 'extras_variants': [], 'extras': [], 'rate_id': 60454, 'deals': [], 'cancellation_type': 'free', 'credit_card': 0, 'bonus': 300, 'miles': 360, 'min_stay': 1, 'platichastyami': 0, 'mircashback': 600}, {'id': 1184996, 'capacity': 2, 'prepayment': 'NO', 'nonrefundable': 0, 'cancellation_period': 0, 'cancellation_fee': 'NO', 'breakfast': 1, 'base_price': 6000, 'prices': [6000], 'price': 6000, 'old_price': 0, 'currency': 'RUB', 'payment_amount': 0, 'extras_variants': [], 'extras': [], 'rate_id': 60454, 'deals': [], 'cancellation_type': 'free', 'credit_card': 0, 'bonus': 300, 'miles': 360, 'min_stay': 1, 'platichastyami': 0, 'mircashback': 600}]",6000.0,360,228_101hotels,2026-08-26
82026,,Номер с одной двуспальной или двумя односпальными кроватями,2,0,0,1,Двухместный,2,15,"[{'single': 2}, {'double': 1}]","[{'id': '38103', 'number': '1', 'min_age': '0', 'max_age': '7', 'is_extra_bed': '0', 'extra_bed_type_id': '0'}]","[{'id': 713678, 'capacity': 1, 'prepayment': 'NO', 'nonrefundable': 0, 'cancellation_period': 0, 'cancellation_fee': 'NO', 'breakfast': 1, 'base_price': 4500, 'prices': [4500], 'price': 4500, 'old_price': 4500, 'currency': 'RUB', 'payment_amount': 0, 'extras_variants': [], 'extras': {'38103': {'id': 38103, 'number': 1, 'extra_bed_type_id': 0, 'age': [0, 7], 'extra_bed': 0, 'free': 1}}, 'rate_id': 29549, 'deals': [], 'cancellation_type': 'free', 'credit_card': 0, 'bonus': 225, 'miles': 270, 'min_stay': 1, 'platichastyami': 0, 'mircashback': 450}, {'id': 713679, 'capacity': 2, 'prepayment': 'NO', 'nonrefundable': 0, 'cancellation_period': 0, 'cancellation_fee': 'NO', 'breakfast': 1, 'base_price': 4500, 'prices': [4500], 'price': 4500, 'old_price': 4500, 'currency': 'RUB', 'payment_amount': 0, 'extras_variants': [], 'extras': {'38103': {'id': 38103, 'number': 1, 'extra_bed_type_id': 0, 'age': [0, 7], 'extra_bed': 0, 'free': 1}}, 'rate_id': 29549, 'deals': [], 'cancellation_type': 'free', 'credit_card': 0, 'bonus': 225, 'miles': 270, 'min_stay': 1, 'platichastyami': 0, 'mircashback': 450}, {'id': '713678P', 'capacity': 1, 'prepayment': 'FULL', 'nonrefundable': 0, 'cancellation_period': 0, 'cancellation_fee': 'NO', 'breakfast': 1, 'base_price': 4500, 'prices': [4500], 'price': 4500, 'old_price': 4500, 'currency': 'RUB', 'payment_amount': 4500, 'extras_variants': [], 'extras': {'38103': {'id': 38103, 'number': 1, 'extra_bed_type_id': 0, 'age': [0, 7], 'extra_bed': 0, 'free': 1}}, 'rate_id': 29549, 'deals': [], 'cancellation_type': 'free', 'credit_card': 0, 'bonus': 225, 'miles': 270, 'min_stay': 1, 'platichastyami': 0, 'mircashback': 450}, {'id': '713679P', 'capacity': 2, 'prepayment': 'FULL', 'nonrefundable': 0, 'cancellation_period': 0, 'cancellation_fee': 'NO', 'breakfast': 1, 'base_price': 4500, 'prices': [4500], 'price': 4500, 'old_price': 4500, 'currency': 'RUB', 'payment_amount': 4500, 'extras_variants': [], 'extras': {'38103': {'id': 38103, 'number': 1, 'extra_bed_type_id': 0, 'age': [0, 7], 'extra_bed': 0, 'free': 1}}, 'rate_id': 29549, 'deals': [], 'cancellation_type': 'free', 'credit_card': 0, 'bonus': 225, 'miles': 270, 'min_stay': 1, 'platichastyami': 0, 'mircashback': 450}]",4500.0,270,16033_101hotels,2026-08-26
82028,,,3,0,0,1,Трехместный,37,2,[{'single': 3}],[],"[{'id': 713682, 'capacity': 1, 'prepayment': 'NO', 'nonrefundable': 0, 'cancellation_period': 0, 'cancellation_fee': 'NO', 'breakfast': 1, 'base_price': 5000, 'prices': [5000], 'price': 5000, 'old_price': 5000, 'currency': 'RUB', 'payment_amount': 0, 'extras_variants': [], 'extras': [], 'rate_id': 29549, 'deals': [], 'cancellation_type': 'free', 'credit_card': 0, 'bonus': 250, 'miles': 300, 'min_stay': 1, 'platichastyami': 0, 'mircashback': 500}, {'id': 713683, 'capacity': 2, 'prepayment': 'NO', 'nonrefundable': 0, 'cancellation_period': 0, 'cancellation_fee': 'NO', 'breakfast': 1, 'base_price': 5000, 'prices': [5000], 'price': 5000, 'old_price': 5000, 'currency': 'RUB', 'payment_amount': 0, 'extras_variants': [], 'extras': [], 'rate_id': 29549, 'deals': [], 'cancellation_type': 'free', 'credit_card': 0, 'bonus': 250, 'miles': 300, 'min_stay': 1, 'platichastyami': 0, 'mircashback': 500}, {'id': 713684, 'capacity': 3, 'prepayment': 'NO', 'nonrefundable': 0, 'cancellation_period': 0, 'cancellation_fee': 'NO', 'breakfast': 1, 'base_price': 5000, 'prices': [5000], 'price': 5000, 'old_price': 5000, 'currency': 'RUB', 'payment_amount': 0, 'extras_variants': [], 'extras': [], 'rate_id': 29549, 'deals': [], 'cancellation_type': 'free', 'credit_card': 0, 'bonus': 250, 'miles': 300, 'min_stay': 1, 'platichastyami': 0, 'mircashback': 500}, {'id': '713682P', 'capacity': 1, 'prepayment': 'FULL', 'nonrefundable': 0, 'cancellation_period': 0, 'cancellation_fee': 'NO', 'breakfast': 1, 'base_price': 5000, 'prices': [5000], 'price': 5000, 'old_price': 5000, 'currency': 'RUB', 'payment_amount': 5000, 'extras_variants': [], 'extras': [], 'rate_id': 29549, 'deals': [], 'cancellation_type': 'free', 'credit_card': 0, 'bonus': 250, 'miles': 300, 'min_stay': 1, 'platichastyami': 0, 'mircashback': 500}, {'id': '713683P', 'capacity': 2, 'prepayment': 'FULL', 'nonrefundable': 0, 'cancellation_period': 0, 'cancellation_fee': 'NO', 'breakfast': 1, 'base_price': 5000, 'prices': [5000], 'price': 5000, 'old_price': 5000, 'currency': 'RUB', 'payment_amount': 5000, 'extras_variants': [], 'extras': [], 'rate_id': 29549, 'deals': [], 'cancellation_type': 'free', 'credit_card': 0, 'bonus': 250, 'miles': 300, 'min_stay': 1, 'platichastyami': 0, 'mircashback': 500}, {'id': '713684P', 'capacity': 3, 'prepayment': 'FULL', 'nonrefundable': 0, 'cancellation_period': 0, 'cancellation_fee': 'NO', 'breakfast': 1, 'base_price': 5000, 'prices': [5000], 'price': 5000, 'old_price': 5000, 'currency': 'RUB', 'payment_amount': 5000, 'extras_variants': [], 'extras': [], 'rate_id': 29549, 'deals': [], 'cancellation_type': 'free', 'credit_card': 0, 'bonus': 250, 'miles': 300, 'min_stay': 1, 'platichastyami': 0, 'mircashback': 500}]",5000.0,300,16033_101hotels,2026-08-26
5785,,Улучшенный,2,0,0,1,Двухместный,2,48,"[{'double': 1}, {'single': 2}]",[],"[{'id': 1191309, 'capacity': 1, 'prepayment': 'FULL', 'nonrefundable': 0, 'cancellation_period': 0, 'cancellation_fee': 'NO', 'breakfast': 0, 'base_price': 5100, 'prices': [5100], 'price': 5100, 'old_price': 5100, 'currency': 'RUB', 'payment_amount': 5100, 'extras_variants': [], 'extras': [], 'rate_id': 60821, 'deals': [], 'cancellation_type': 'free', 'credit_card': 1, 'bonus': 255, 'miles': 306, 'min_stay': 1, 'platichastyami': 0, 'mircashback': 510}, {'id': 598041, 'capacity': 1, 'prepayment': 'FULL', 'nonrefundable': 1, 'cancellation_period': 0, 'cancellation_fee': 'FIRST', 'breakfast': 1, 'base_price': 5900, 'prices': [5900], 'price': 5900, 'old_price': 5900, 'currency': 'RUB', 'payment_amount': 5900, 'extras_variants': [], 'extras': [], 'rate_id': 21056, 'deals': [], 'cancellation_type': 'nonrefundable', 'credit_card': 1, 'bonus': 295, 'miles': 354, 'min_stay': 1, 'platichastyami': 0, 'mircashback': 590}, {'id': 1191310, 'capacity': 2, 'prepayment': 'FULL', 'nonrefundable': 0, 'cancellation_period': 0, 'cancellation_fee': 'NO', 'breakfast': 0, 'base_price': 5600, 'prices': [5600], 'price': 5600, 'old_price': 5600, 'currency': 'RUB', 'payment_amount': 5600, 'extras_variants': [], 'extras': [], 'rate_id': 60821, 'deals': [], 'cancellation_type': 'free', 'credit_card': 1, 'bonus': 280, 'miles': 336, 'min_stay': 1, 'platichastyami': 0, 'mircashback': 560}, {'id': 598042, 'capacity': 2, 'prepayment': 'FULL', 'nonrefundable': 1, 'cancellation_period': 0, 'cancellation_fee': 'FIRST', 'breakfast': 1, 'base_price': 7000, 'prices': [7000], 'price': 7000, 'old_price': 7000, 'currency': 'RUB', 'payment_amount': 7000, 'extras_variants': [], 'extras': [], 'rate_id': 21056, 'deals': [], 'cancellation_type': 'nonrefundable', 'credit_card': 1, 'bonus': 350, 'miles': 420, 'min_stay': 1, 'platichastyami': 0, 'mircashback': 700}]",5100.0,306,224_101hotels,2026-08-26
5789,,Стандарт,2,0,0,1,Двухместный,2,4,"[{'double': 1}, {'single': 2}]",[],"[{'id': 1191311, 'capacity': 1, 'prepayment': 'FULL', 'nonrefundable': 0, 'cancellation_period': 0, 'cancellation_fee': 'NO', 'breakfast': 0, 'base_price': 4100, 'prices': [4100], 'price': 4100, 'old_price': 4100, 'currency': 'RUB', 'payment_amount': 4100, 'extras_variants': [], 'extras': [], 'rate_id': 60821, 'deals': [], 'cancellation_type': 'free', 'credit_card': 1, 'bonus': 205, 'miles': 246, 'min_stay': 1, 'platichastyami': 0, 'mircashback': 410}, {'id': 598043, 'capacity': 1, 'prepayment': 'FULL', 'nonrefundable': 1, 'cancellation_period': 0, 'cancellation_fee': 'FIRST', 'breakfast': 1, 'base_price': 4900, 'prices': [4900], 'price': 4900, 'old_price': 4900, 'currency': 'RUB', 'payment_amount': 4900, 'extras_variants': [], 'extras': [], 'rate_id': 21056, 'deals': [], 'cancellation_type': 'nonrefundable', 'credit_card': 1, 'bonus': 245, 'miles': 294, 'min_stay': 1, 'platichastyami': 0, 'mircashback': 490}, {'id': 1191312, 'capacity': 2, 'prepayment': 'FULL', 'nonrefundable': 0, 'cancellation_period': 0, 'cancellation_fee': 'NO', 'breakfast': 0, 'base_price': 4600, 'prices': [4600], 'price': 4600, 'old_price': 4600, 'currency': 'RUB', 'payment_amount': 4600, 'extras_variants': [], 'extras': [], 'rate_id': 60821, 'deals': [], 'cancellation_type': 'free', 'credit_card': 1, 'bonus': 230, 'miles': 276, 'min_stay': 1, 'platichastyami': 0, 'mircashback': 460}, {'id': 598044, 'capacity': 2, 'prepayment': 'FULL', 'nonrefundable': 1, 'cancellation_period': 0, 'cancellation_fee': 'FIRST', 'breakfast': 1, 'base_price': 6000, 'prices': [6000], 'price': 6000, 'old_price': 6000, 'currency': 'RUB', 'payment_amount': 6000, 'extras_variants': [], 'extras': [], 'rate_id': 21056, 'deals': [], 'cancellation_type': 'nonrefundable', 'credit_card': 1, 'bonus': 300, 'miles': 360, 'min_stay': 1, 'platichastyami': 0, 'mircashback': 600}]",4100.0,246,224_101hotels,2026-08-26
5790,,Супериор,2,0,0,1,Студио,5,8,"[{'single': 2}, {'double': 1}]",[],"[{'id': 1191313, 'capacity': 1, 'prepayment': 'FULL', 'nonrefundable': 0, 'cancellation_period': 0, 'cancellation_fee': 'NO', 'breakfast': 0, 'base_price': 5900, 'prices': [5900], 'price': 5900, 'old_price': 5900, 'currency': 'RUB', 'payment_amount': 5900, 'extras_variants': [], 'extras': [], 'rate_id': 60821, 'deals': [], 'cancellation_type': 'free', 'credit_card': 1, 'bonus': 295, 'miles': 354, 'min_stay': 1, 'platichastyami': 0, 'mircashback': 590}, {'id': 598045, 'capacity': 1, 'prepayment': 'FULL', 'nonrefundable': 1, 'cancellation_period': 0, 'cancellation_fee': 'FIRST', 'breakfast': 1, 'base_price': 6700, 'prices': [6700], 'price': 6700, 'old_price': 6700, 'currency': 'RUB', 'payment_amount': 6700, 'extras_variants': [], 'extras': [], 'rate_id': 21056, 'deals': [], 'cancellation_type': 'nonrefundable', 'credit_card': 1, 'bonus': 335, 'miles': 402, 'min_stay': 1, 'platichastyami': 0, 'mircashback': 670}, {'id': 1191314, 'capacity': 2, 'prepayment': 'FULL', 'nonrefundable': 0, 'cancellation_period': 0, 'cancellation_fee': 'NO', 'breakfast': 0, 'base_price': 6400, 'prices': [6400], 'price': 6400, 'old_price': 6400, 'currency': 'RUB', 'payment_amount': 6400, 'extras_variants': [], 'extras': [], 'rate_id': 60821, 'deals': [], 'cancellation_type': 'free', 'credit_card': 1, 'bonus': 320, 'miles': 384, 'min_stay': 1, 'platichastyami': 0, 'mircashback': 640}, {'id': 598046, 'capacity': 2, 'prepayment': 'FULL', 'nonrefundable': 1, 'cancellation_period': 0, 'cancellation_fee': 'FIRST', 'breakfast': 1, 'base_price': 7800, 'prices': [7800], 'price': 7800, 'old_price': 7800, 'currency': 'RUB', 'payment_amount': 7800, 'extras_variants': [], 'extras': [], 'rate_id': 21056, 'deals': [], 'cancellation_type': 'nonrefundable', 'credit_card': 1, 'bonus': 390, 'miles': 468, 'min_stay': 1, 'platichastyami': 0, 'mircashback': 780}]",5900.0,354,224_101hotels,2026-08-26
5791,,Джуниор Сюит,2,0,0,1,Студио,5,1,"[{'single': 2}, {'double': 1}]",[],"[{'id': 1191315, 'capacity': 1, 'prepayment': 'FULL', 'nonrefundable': 0, 'cancellation_period': 0, 'cancellation_fee': 'NO', 'breakfast': 0, 'base_price': 6900, 'prices': [6900], 'price': 6900, 'old_price': 6900, 'currency': 'RUB', 'payment_amount': 6900, 'extras_variants': [], 'extras': [], 'rate_id': 60821, 'deals': [], 'cancellation_type': 'free', 'credit_card': 1, 'bonus': 345, 'miles': 414, 'min_stay': 1, 'platichastyami': 0, 'mircashback': 690}, {'id': 598047, 'capacity': 1, 'prepayment': 'FULL', 'nonrefundable': 1, 'cancellation_period': 0, 'cancellation_fee': 'FIRST', 'breakfast': 1, 'base_price': 7700, 'prices': [7700], 'price': 7700, 'old_price': 7700, 'currency': 'RUB', 'payment_amount': 7700, 'extras_variants': [], 'extras': [], 'rate_id': 21056, 'deals': [], 'cancellation_type': 'nonrefundable', 'credit_card': 1, 'bonus': 385, 'miles': 462, 'min_stay': 1, 'platichastyami': 0, 'mircashback': 770}, {'id': 1191316, 'capacity': 2, 'prepayment': 'FULL', 'nonrefundable': 0, 'cancellation_period': 0, 'cancellation_fee': 'NO', 'breakfast': 0, 'base_price': 7400, 'prices': [7400], 'price': 7400, 'old_price': 7400, 'currency': 'RUB', 'payment_amount': 7400, 'extras_variants': [], 'extras': [], 'rate_id': 60821, 'deals': [], 'cancellation_type': 'free', 'credit_card': 1, 'bonus': 370, 'miles': 444, 'min_stay': 1, 'platichastyami': 0, 'mircashback': 740}, {'id': 598048, 'capacity': 2, 'prepayment': 'FULL', 'nonrefundable': 1, 'cancellation_period': 0, 'cancellation_fee': 'FIRST', 'breakfast': 1, 'base_price': 8800, 'prices': [8800], 'price': 8800, 'old_price': 8800, 'currency': 'RUB', 'payment_amount': 8800, 'extras_variants': [], 'extras': [], 'rate_id': 21056, 'deals': [], 'cancellation_type': 'nonrefundable', 'credit_card': 1, 'bonus': 440, 'miles': 528, 'min_stay': 1, 'platichastyami': 0, 'mircashback': 880}]",6900.0,414,224_101hotels,2026-08-26
5794,,,2,0,0,1,Делюкс,29,1,"[{'single': 2}, {'double': 1}]",[],"[{'id': 1191321, 'capacity': 1, 'prepayment': 'FULL', 'nonrefundable': 0, 'cancellation_period': 0, 'cancellation_fee': 'NO', 'breakfast': 0, 'base_price': 7700, 'prices': [7700], 'price': 7700, 'old_price': 7700, 'currency': 'RUB', 'payment_amount': 7700, 'extras_variants': [], 'extras': [], 'rate_id': 60821, 'deals': [], 'cancellation_type': 'free', 'credit_card': 1, 'bonus': 385, 'miles': 462, 'min_stay': 1, 'platichastyami': 0, 'mircashback': 770}, {'id': 598053, 'capacity': 1, 'prepayment': 'FULL', 'nonrefundable': 1, 'cancellation_period': 0, 'cancellation_fee': 'FIRST', 'breakfast': 1, 'base_price': 8500, 'prices': [8500], 'price': 8500, 'old_price': 8500, 'currency': 'RUB', 'payment_amount': 8500, 'extras_variants': [], 'extras': [], 'rate_id': 21056, 'deals': [], 'cancellation_type': 'nonrefundable', 'credit_card': 1, 'bonus': 425, 'miles': 510, 'min_stay': 1, 'platichastyami': 0, 'mircashback': 850}, {'id': 1191322, 'capacity': 2, 'prepayment': 'FULL', 'nonrefundable': 0, 'cancellation_period': 0, 'cancellation_fee': 'NO', 'breakfast': 0, 'base_price': 8100, 'prices': [8100], 'price': 8100, 'old_price': 8100, 'currency': 'RUB', 'payment_amount': 8100, 'extras_variants': [], 'extras': [], 'rate_id': 60821, 'deals': [], 'cancellation_type': 'free', 'credit_card': 1, 'bonus': 405, 'miles': 486, 'min_stay': 1, 'platichastyami': 0, 'mircashback': 810}, {'id': 598054, 'capacity': 2, 'prepayment': 'FULL', 'nonrefundable': 1, 'cancellation_period': 0, 'cancellation_fee': 'FIRST', 'breakfast': 1, 'base_price': 9500, 'prices': [9500], 'price': 9500, 'old_price': 9500, 'currency': 'RUB', 'payment_amount': 9500, 'extras_variants': [], 'extras': [], 'rate_id': 21056, 'deals': [], 'cancellation_type': 'nonrefundable', 'credit_card': 1, 'bonus': 475, 'miles': 570, 'min_stay': 1, 'platichastyami': 0, 'mircashback': 950}]",7700.0,462,224_101hotels,2026-08-26
56003,,,4,1,0,1,Полулюкс,4,1,"[{'double': 1, 'sofa': 1}]",[],"[{'id': 710338, 'capacity': 1, 'prepayment': 'FIRST', 'nonrefundable': 0, 'cancellation_period': 1, 'cancellation_fee': 'FIRST', 'breakfast': 0, 'base_price': 3500, 'prices': [3500], 'price': 3500, 'old_price': 3500, 'currency': 'RUB', 'payment_amount': 3500, 'extras_variants': [], 'extras': [], 'rate_id': 29287, 'deals': [], 'cancellation_type': 'special', 'credit_card': 1, 'bonus': 175, 'miles': 210, 'min_stay': 1, 'platichastyami': 0, 'mircashback': 350}, {'id': 710330, 'capacity': 1, 'prepayment': 'FIRST', 'nonrefundable': 0, 'cancellation_period': 1, 'cancellation_fee': 'FIRST', 'breakfast': 1, 'base_price': 4000, 'prices': [4000], 'price': 4000, 'old_price': 4000, 'currency': 'RUB', 'payment_amount': 4000, 'extras_variants': [], 'extras': [], 'rate_id': 29286, 'deals': [], 'cancellation_type': 'special', 'credit_card': 1, 'bonus': 200, 'miles': 240, 'min_stay': 1, 'platichastyami': 0, 'mircashback': 400}, {'id': 710339, 'capacity': 2, 'prepayment': 'FIRST', 'nonrefundable': 0, 'cancellation_period': 1, 'cancellation_fee': 'FIRST', 'breakfast': 0, 'base_price': 3500, 'prices': [3500], 'price': 3500, 'old_price': 3500, 'currency': 'RUB', 'payment_amount': 3500, 'extras_variants': [], 'extras': [], 'rate_id': 29287, 'deals': [], 'cancellation_type': 'special', 'credit_card': 1, 'bonus': 175, 'miles': 210, 'min_stay': 1, 'platichastyami': 0, 'mircashback': 350}, {'id': 710331, 'capacity': 2, 'prepayment': 'FIRST', 'nonrefundable': 0, 'cancellation_period': 1, 'cancellation_fee': 'FIRST', 'breakfast': 1, 'base_price': 4000, 'prices': [4000], 'price': 4000, 'old_price': 4000, 'currency': 'RUB', 'payment_amount': 4000, 'extras_variants': [], 'extras': [], 'rate_id': 29286, 'deals': [], 'cancellation_type': 'special', 'credit_card': 1, 'bonus': 200, 'miles': 240, 'min_stay': 1, 'platichastyami': 0, 'mircashback': 400}, {'id': 710340, 'capacity': 3, 'prepayment': 'FIRST', 'nonrefundable': 0, 'cancellation_period': 1, 'cancellation_fee': 'FIRST', 'breakfast': 0, 'base_price': 3500, 'prices': [3500], 'price': 3500, 'old_price': 3500, 'currency': 'RUB', 'payment_amount': 3500, 'extras_variants': [], 'extras': [], 'rate_id': 29287, 'deals': [], 'cancellation_type': 'special', 'credit_card': 1, 'bonus': 175, 'miles': 210, 'min_stay': 1, 'platichastyami': 0, 'mircashback': 350}, {'id': 710332, 'capacity': 3, 'prepayment': 'FIRST', 'nonrefundable': 0, 'cancellation_period': 1, 'cancellation_fee': 'FIRST', 'breakfast': 1, 'base_price': 4000, 'prices': [4000], 'price': 4000, 'old_price': 4000, 'currency': 'RUB', 'payment_amount': 4000, 'extras_variants': [], 'extras': [], 'rate_id': 29286, 'deals': [], 'cancellation_type': 'special', 'credit_card': 1, 'bonus': 200, 'miles': 240, 'min_stay': 1, 'platichastyami': 0, 'mircashback': 400}, {'id': 710341, 'capacity': 4, 'prepayment': 'FIRST', 'nonrefundable': 0, 'cancellation_period': 1, 'cancellation_fee': 'FIRST', 'breakfast': 0, 'base_price': 3500, 'prices': [3500], 'price': 3500, 'old_price': 3500, 'currency': 'RUB', 'payment_amount': 3500, 'extras_variants': [], 'extras': [], 'rate_id': 29287, 'deals': [], 'cancellation_type': 'special', 'credit_card': 1, 'bonus': 175, 'miles': 210, 'min_stay': 1, 'platichastyami': 0, 'mircashback': 350}, {'id': 710333, 'capacity': 4, 'prepayment': 'FIRST', 'nonrefundable': 0, 'cancellation_period': 1, 'cancellation_fee': 'FIRST', 'breakfast': 1, 'base_price': 4000, 'prices': [4000], 'price': 4000, 'old_price': 4000, 'currency': 'RUB', 'payment_amount': 4000, 'extras_variants': [], 'extras': [], 'rate_id': 29286, 'deals': [], 'cancellation_type': 'special', 'credit_card': 1, 'bonus': 200, 'miles': 240, 'min_stay': 1, 'platichastyami': 0, 'mircashback': 400}]",3500.0,210,218_101hotels,2026-08-26
1478821,,Семейный 2+1,3,0,0,1,Апартаменты,14,3,"[{'single': 1, 'double': 1}]","[{'id': '12855', 'number': '1', 'min_age': '0', 'max_age': '7', 'is_extra_bed': '0', 'extra_bed_type_id': '0'}]","[{'id': 397249, 'capacity': 1, 'prepayment': 'FULL', 'nonrefundable': 0, 'cancellation_period': 1, 'cancellation_fee': 'FIRST', 'breakfast': 0, 'base_price': 4200, 'prices': [4200], 'price': 4200, 'old_price': 4200, 'currency': 'RUB', 'payment_amount': 4200, 'extras_variants': [], 'extras': {'12855': {'id': 12855, 'number': 1, 'extra_bed_type_id': 0, 'age': [0, 7], 'extra_bed': 0, 'free': 1}}, 'rate_id': 7311, 'deals': [], 'cancellation_type': 'special', 'credit_card': 1, 'bonus': 210, 'miles': 252, 'min_stay': 1, 'platichastyami': 0, 'mircashback': 420}, {'id': 397276, 'capacity': 1, 'prepayment': 'FULL', 'nonrefundable': 0, 'cancellation_period': 1, 'cancellation_fee': 'FIRST', 'breakfast': 1, 'base_price': 4700, 'prices': [4700], 'price': 4700, 'old_price': 4700, 'currency': 'RUB', 'payment_amount': 4700, 'extras_variants': [], 'extras': {'12855': {'id': 12855, 'number': 1, 'extra_bed_type_id': 0, 'age': [0, 7], 'extra_bed': 0, 'free': 1}}, 'rate_id': 7312, 'deals': [], 'cancellation_type': 'special', 'credit_card': 1, 'bonus': 235, 'miles': 282, 'min_stay': 1, 'platichastyami': 0, 'mircashback': 470}, {'id': 397250, 'capacity': 2, 'prepayment': 'FULL', 'nonrefundable': 0, 'cancellation_period': 1, 'cancellation_fee': 'FIRST', 'breakfast': 0, 'base_price': 4200, 'prices': [4200], 'price': 4200, 'old_price': 4200, 'currency': 'RUB', 'payment_amount': 4200, 'extras_variants': [], 'extras': {'12855': {'id': 12855, 'number': 1, 'extra_bed_type_id': 0, 'age': [0, 7], 'extra_bed': 0, 'free': 1}}, 'rate_id': 7311, 'deals': [], 'cancellation_type': 'special', 'credit_card': 1, 'bonus': 210, 'miles': 252, 'min_stay': 1, 'platichastyami': 0, 'mircashback': 420}, {'id': 397277, 'capacity': 2, 'prepayment': 'FULL', 'nonrefundable': 0, 'cancellation_period': 1, 'cancellation_fee': 'FIRST', 'breakfast': 1, 'base_price': 5200, 'prices': [5200], 'price': 5200, 'old_price': 5200, 'currency': 'RUB', 'payment_amount': 5200, 'extras_variants': [], 'extras': {'12855': {'id': 12855, 'number': 1, 'extra_bed_type_id': 0, 'age': [0, 7], 'extra_bed': 0, 'free': 1}}, 'rate_id': 7312, 'deals': [], 'cancellation_type': 'special', 'credit_card': 1, 'bonus': 260, 'miles': 312, 'min_stay': 1, 'platichastyami': 0, 'mircashback': 520}, {'id': 397251, 'capacity': 3, 'prepayment': 'FULL', 'nonrefundable': 0, 'cancellation_period': 1, 'cancellation_fee': 'FIRST', 'breakfast': 0, 'base_price': 5400, 'prices': [5400], 'price': 5400, 'old_price': 5400, 'currency': 'RUB', 'payment_amount': 5400, 'extras_variants': [], 'extras': {'12855': {'id': 12855, 'number': 1, 'extra_bed_type_id': 0, 'age': [0, 7], 'extra_bed': 0, 'free': 1}}, 'rate_id': 7311, 'deals': [], 'cancellation_type': 'special', 'credit_card': 1, 'bonus': 270, 'miles': 324, 'min_stay': 1, 'platichastyami': 0, 'mircashback': 540}, {'id': 397278, 'capacity': 3, 'prepayment': 'FULL', 'nonrefundable': 0, 'cancellation_period': 1, 'cancellation_fee': 'FIRST', 'breakfast': 1, 'base_price': 6900, 'prices': [6900], 'price': 6900, 'old_price': 6900, 'currency': 'RUB', 'payment_amount': 6900, 'extras_variants': [], 'extras': {'12855': {'id': 12855, 'number': 1, 'extra_bed_type_id': 0, 'age': [0, 7], 'extra_bed': 0, 'free': 1}}, 'rate_id': 7312, 'deals': [], 'cancellation_type': 'special', 'credit_card': 1, 'bonus': 345, 'miles': 414, 'min_stay': 1, 'platichastyami': 0, 'mircashback': 690}]",4200.0,252,462906_101hotels,2026-08-26
1552619,,Комфорт,1,0,0,1,Одноместный,1,1,[{'single': 1}],[],"[{'id': 397243, 'capacity': 1, 'prepayment': 'FULL', 'nonrefundable': 0, 'cancellation_period': 1, 'cancellation_fee': 'FIRST', 'breakfast': 0, 'base_price': 4200, 'prices': [4200], 'price': 4200, 'old_price': 4200, 'currency': 'RUB', 'payment_amount': 4200, 'extras_variants': [], 'extras': [], 'rate_id': 7311, 'deals': [], 'cancellation_type': 'special', 'credit_card': 1, 'bonus': 210, 'miles': 252, 'min_stay': 1, 'platichastyami': 0, 'mircashback': 420}, {'id': 397270, 'capacity': 1, 'prepayment': 'FULL', 'nonrefundable': 0, 'cancellation_period': 1, 'cancellation_fee': 'FIRST', 'breakfast': 1, 'base_price': 4700, 'prices': [4700], 'price': 4700, 'old_price': 4700, 'currency': 'RUB', 'payment_amount': 4700, 'extras_variants': [], 'extras': [], 'rate_id': 7312, 'deals': [], 'cancellation_type': 'special', 'credit_card': 1, 'bonus': 235, 'miles': 282, 'min_stay': 1, 'platichastyami': 0, 'mircashback': 470}]",4200.0,252,462906_101hotels,2026-08-26
1552621,,2+2,4,0,0,1,Семейный,44,1,[{'double': 2}],[],"[{'id': 397262, 'capacity': 1, 'prepayment': 'FULL', 'nonrefundable': 0, 'cancellation_period': 1, 'cancellation_fee': 'FIRST', 'breakfast': 0, 'base_price': 4200, 'prices': [4200], 'price': 4200, 'old_price': 4200, 'currency': 'RUB', 'payment_amount': 4200, 'extras_variants': [], 'extras': [], 'rate_id': 7311, 'deals': [], 'cancellation_type': 'special', 'credit_card': 1, 'bonus': 210, 'miles': 252, 'min_stay': 1, 'platichastyami': 0, 'mircashback': 420}, {'id': 397289, 'capacity': 1, 'prepayment': 'FULL', 'nonrefundable': 0, 'cancellation_period': 1, 'cancellation_fee': 'FIRST', 'breakfast': 1, 'base_price': 4700, 'prices': [4700], 'price': 4700, 'old_price': 4700, 'currency': 'RUB', 'payment_amount': 4700, 'extras_variants': [], 'extras': [], 'rate_id': 7312, 'deals': [], 'cancellation_type': 'special', 'credit_card': 1, 'bonus': 235, 'miles': 282, 'min_stay': 1, 'platichastyami': 0, 'mircashback': 470}, {'id': 397263, 'capacity': 2, 'prepayment': 'FULL', 'nonrefundable': 0, 'cancellation_period': 1, 'cancellation_fee': 'FIRST', 'breakfast': 0, 'base_price': 4200, 'prices': [4200], 'price': 4200, 'old_price': 4200, 'currency': 'RUB', 'payment_amount': 4200, 'extras_variants': [], 'extras': [], 'rate_id': 7311, 'deals': [], 'cancellation_type': 'special', 'credit_card': 1, 'bonus': 210, 'miles': 252, 'min_stay': 1, 'platichastyami': 0, 'mircashback': 420}, {'id': 397290, 'capacity': 2, 'prepayment': 'FULL', 'nonrefundable': 0, 'cancellation_period': 1, 'cancellation_fee': 'FIRST', 'breakfast': 1, 'base_price': 5200, 'prices': [5200], 'price': 5200, 'old_price': 5200, 'currency': 'RUB', 'payment_amount': 5200, 'extras_variants': [], 'extras': [], 'rate_id': 7312, 'deals': [], 'cancellation_type': 'special', 'credit_card': 1, 'bonus': 260, 'miles': 312, 'min_stay': 1, 'platichastyami': 0, 'mircashback': 520}, {'id': 397264, 'capacity': 3, 'prepayment': 'FULL', 'nonrefundable': 0, 'cancellation_period': 1, 'cancellation_fee': 'FIRST', 'breakfast': 0, 'base_price': 5400, 'prices': [5400], 'price': 5400, 'old_price': 5400, 'currency': 'RUB', 'payment_amount': 5400, 'extras_variants': [], 'extras': [], 'rate_id': 7311, 'deals': [], 'cancellation_type': 'special', 'credit_card': 1, 'bonus': 270, 'miles': 324, 'min_stay': 1, 'platichastyami': 0, 'mircashback': 540}, {'id': 397291, 'capacity': 3, 'prepayment': 'FULL', 'nonrefundable': 0, 'cancellation_period': 1, 'cancellation_fee': 'FIRST', 'breakfast': 1, 'base_price': 6900, 'prices': [6900], 'price': 6900, 'old_price': 6900, 'currency': 'RUB', 'payment_amount': 6900, 'extras_variants': [], 'extras': [], 'rate_id': 7312, 'deals': [], 'cancellation_type': 'special', 'credit_card': 1, 'bonus': 345, 'miles': 414, 'min_stay': 1, 'platichastyami': 0, 'mircashback': 690}, {'id': 397265, 'capacity': 4, 'prepayment': 'FULL', 'nonrefundable': 0, 'cancellation_period': 1, 'cancellation_fee': 'FIRST', 'breakfast': 0, 'base_price': 5400, 'prices': [5400], 'price': 5400, 'old_price': 5400, 'currency': 'RUB', 'payment_amount': 5400, 'extras_variants': [], 'extras': [], 'rate_id': 7311, 'deals': [], 'cancellation_type': 'special', 'credit_card': 1, 'bonus': 270, 'miles': 324, 'min_stay': 1, 'platichastyami': 0, 'mircashback': 540}, {'id': 397292, 'capacity': 4, 'prepayment': 'FULL', 'nonrefundable': 0, 'cancellation_period': 1, 'cancellation_fee': 'FIRST', 'breakfast': 1, 'base_price': 7400, 'prices': [7400], 'price': 7400, 'old_price': 7400, 'currency': 'RUB', 'payment_amount': 7400, 'extras_variants': [], 'extras': [], 'rate_id': 7312, 'deals': [], 'cancellation_type': 'special', 'credit_card': 1, 'bonus': 370, 'miles': 444, 'min_stay': 1, 'platichastyami': 0, 'mircashback': 740}]",4200.0,252,462906_101hotels,2026-08-26
1923101,,Трехместный Стандарт,3,0,0,1,Трехместный,37,1,[{'single': 3}],[],"[{'id': 397256, 'capacity': 1, 'prepayment': 'FULL', 'nonrefundable': 0, 'cancellation_period': 1, 'cancellation_fee': 'FIRST', 'breakfast': 0, 'base_price': 3000, 'prices': [3000], 'price': 3000, 'old_price': 3000, 'currency': 'RUB', 'payment_amount': 3000, 'extras_variants': [], 'extras': [], 'rate_id': 7311, 'deals': [], 'cancellation_type': 'special', 'credit_card': 1, 'bonus': 150, 'miles': 180, 'min_stay': 1, 'platichastyami': 0, 'mircashback': 300}, {'id': 397283, 'capacity': 1, 'prepayment': 'FULL', 'nonrefundable': 0, 'cancellation_period': 1, 'cancellation_fee': 'FIRST', 'breakfast': 1, 'base_price': 3500, 'prices': [3500], 'price': 3500, 'old_price': 3500, 'currency': 'RUB', 'payment_amount': 3500, 'extras_variants': [], 'extras': [], 'rate_id': 7312, 'deals': [], 'cancellation_type': 'special', 'credit_card': 1, 'bonus': 175, 'miles': 210, 'min_stay': 1, 'platichastyami': 0, 'mircashback': 350}, {'id': 397257, 'capacity': 2, 'prepayment': 'FULL', 'nonrefundable': 0, 'cancellation_period': 1, 'cancellation_fee': 'FIRST', 'breakfast': 0, 'base_price': 3600, 'prices': [3600], 'price': 3600, 'old_price': 3600, 'currency': 'RUB', 'payment_amount': 3600, 'extras_variants': [], 'extras': [], 'rate_id': 7311, 'deals': [], 'cancellation_type': 'special', 'credit_card': 1, 'bonus': 180, 'miles': 216, 'min_stay': 1, 'platichastyami': 0, 'mircashback': 360}, {'id': 397284, 'capacity': 2, 'prepayment': 'FULL', 'nonrefundable': 0, 'cancellation_period': 1, 'cancellation_fee': 'FIRST', 'breakfast': 1, 'base_price': 4600, 'prices': [4600], 'price': 4600, 'old_price': 4600, 'currency': 'RUB', 'payment_amount': 4600, 'extras_variants': [], 'extras': [], 'rate_id': 7312, 'deals': [], 'cancellation_type': 'special', 'credit_card': 1, 'bonus': 230, 'miles': 276, 'min_stay': 1, 'platichastyami': 0, 'mircashback': 460}, {'id': 397258, 'capacity': 3, 'prepayment': 'FULL', 'nonrefundable': 0, 'cancellation_period': 1, 'cancellation_fee': 'FIRST', 'breakfast': 0, 'base_price': 4200, 'prices': [4200], 'price': 4200, 'old_price': 4200, 'currency': 'RUB', 'payment_amount': 4200, 'extras_variants': [], 'extras': [], 'rate_id': 7311, 'deals': [], 'cancellation_type': 'special', 'credit_card': 1, 'bonus': 210, 'miles': 252, 'min_stay': 1, 'platichastyami': 0, 'mircashback': 420}, {'id': 397285, 'capacity': 3, 'prepayment': 'FULL', 'nonrefundable': 0, 'cancellation_period': 1, 'cancellation_fee': 'FIRST', 'breakfast': 1, 'base_price': 5700, 'prices': [5700], 'price': 5700, 'old_price': 5700, 'currency': 'RUB', 'payment_amount': 5700, 'extras_variants': [], 'extras': [], 'rate_id': 7312, 'deals': [], 'cancellation_type': 'special', 'credit_card': 1, 'bonus': 285, 'miles': 342, 'min_stay': 1, 'platichastyami': 0, 'mircashback': 570}]",3000.0,180,462906_101hotels,2026-08-26
1923102,,Стандарт,4,0,0,1,Четырехместный,34,2,[{'single': 4}],[],"[{'id': 397252, 'capacity': 1, 'prepayment': 'FULL', 'nonrefundable': 0, 'cancellation_period': 1, 'cancellation_fee': 'FIRST', 'breakfast': 0, 'base_price': 3000, 'prices': [3000], 'price': 3000, 'old_price': 3000, 'currency': 'RUB', 'payment_amount': 3000, 'extras_variants': [], 'extras': [], 'rate_id': 7311, 'deals': [], 'cancellation_type': 'special', 'credit_card': 1, 'bonus': 150, 'miles': 180, 'min_stay': 1, 'platichastyami': 0, 'mircashback': 300}, {'id': 397279, 'capacity': 1, 'prepayment': 'FULL', 'nonrefundable': 0, 'cancellation_period': 1, 'cancellation_fee': 'FIRST', 'breakfast': 1, 'base_price': 3500, 'prices': [3500], 'price': 3500, 'old_price': 3500, 'currency': 'RUB', 'payment_amount': 3500, 'extras_variants': [], 'extras': [], 'rate_id': 7312, 'deals': [], 'cancellation_type': 'special', 'credit_card': 1, 'bonus': 175, 'miles': 210, 'min_stay': 1, 'platichastyami': 0, 'mircashback': 350}, {'id': 397253, 'capacity': 2, 'prepayment': 'FULL', 'nonrefundable': 0, 'cancellation_period': 1, 'cancellation_fee': 'FIRST', 'breakfast': 0, 'base_price': 3600, 'prices': [3600], 'price': 3600, 'old_price': 3600, 'currency': 'RUB', 'payment_amount': 3600, 'extras_variants': [], 'extras': [], 'rate_id': 7311, 'deals': [], 'cancellation_type': 'special', 'credit_card': 1, 'bonus': 180, 'miles': 216, 'min_stay': 1, 'platichastyami': 0, 'mircashback': 360}, {'id': 397280, 'capacity': 2, 'prepayment': 'FULL', 'nonrefundable': 0, 'cancellation_period': 1, 'cancellation_fee': 'FIRST', 'breakfast': 1, 'base_price': 4600, 'prices': [4600], 'price': 4600, 'old_price': 4600, 'currency': 'RUB', 'payment_amount': 4600, 'extras_variants': [], 'extras': [], 'rate_id': 7312, 'deals': [], 'cancellation_type': 'special', 'credit_card': 1, 'bonus': 230, 'miles': 276, 'min_stay': 1, 'platichastyami': 0, 'mircashback': 460}, {'id': 397254, 'capacity': 3, 'prepayment': 'FULL', 'nonrefundable': 0, 'cancellation_period': 1, 'cancellation_fee': 'FIRST', 'breakfast': 0, 'base_price': 4200, 'prices': [4200], 'price': 4200, 'old_price': 4200, 'currency': 'RUB', 'payment_amount': 4200, 'extras_variants': [], 'extras': [], 'rate_id': 7311, 'deals': [], 'cancellation_type': 'special', 'credit_card': 1, 'bonus': 210, 'miles': 252, 'min_stay': 1, 'platichastyami': 0, 'mircashback': 420}, {'id': 397281, 'capacity': 3, 'prepayment': 'FULL', 'nonrefundable': 0, 'cancellation_period': 1, 'cancellation_fee': 'FIRST', 'breakfast': 1, 'base_price': 5700, 'prices': [5700], 'price': 5700, 'old_price': 5700, 'currency': 'RUB', 'payment_amount': 5700, 'extras_variants': [], 'extras': [], 'rate_id': 7312, 'deals': [], 'cancellation_type': 'special', 'credit_card': 1, 'bonus': 285, 'miles': 342, 'min_stay': 1, 'platichastyami': 0, 'mircashback': 570}, {'id': 397255, 'capacity': 4, 'prepayment': 'FULL', 'nonrefundable': 0, 'cancellation_period': 1, 'cancellation_fee': 'FIRST', 'breakfast': 0, 'base_price': 4800, 'prices': [4800], 'price': 4800, 'old_price': 4800, 'currency': 'RUB', 'payment_amount': 4800, 'extras_variants': [], 'extras': [], 'rate_id': 7311, 'deals': [], 'cancellation_type': 'special', 'credit_card': 1, 'bonus': 240, 'miles': 288, 'min_stay': 1, 'platichastyami': 0, 'mircashback': 480}, {'id': 397282, 'capacity': 4, 'prepayment': 'FULL', 'nonrefundable': 0, 'cancellation_period': 1, 'cancellation_fee': 'FIRST', 'breakfast': 1, 'base_price': 6800, 'prices': [6800], 'price': 6800, 'old_price': 6800, 'currency': 'RUB', 'payment_amount': 6800, 'extras_variants': [], 'extras': [], 'rate_id': 7312, 'deals': [], 'cancellation_type': 'special', 'credit_card': 1, 'bonus': 340, 'miles': 408, 'min_stay': 1, 'platichastyami': 0, 'mircashback': 680}]",3000.0,180,462906_101hotels,2026-08-26
2182001,,Семейный 2+1+1,4,0,0,1,Четырехместный,34,1,"[{'single': 2, 'double': 1}]",[],"[{'id': 397259, 'capacity': 1, 'prepayment': 'FULL', 'nonrefundable': 0, 'cancellation_period': 1, 'cancellation_fee': 'FIRST', 'breakfast': 0, 'base_price': 4200, 'prices': [4200], 'price': 4200, 'old_price': 4200, 'currency': 'RUB', 'payment_amount': 4200, 'extras_variants': [], 'extras': [], 'rate_id': 7311, 'deals': [], 'cancellation_type': 'special', 'credit_card': 1, 'bonus': 210, 'miles': 252, 'min_stay': 1, 'platichastyami': 0, 'mircashback': 420}, {'id': 397286, 'capacity': 1, 'prepayment': 'FULL', 'nonrefundable': 0, 'cancellation_period': 1, 'cancellation_fee': 'FIRST', 'breakfast': 1, 'base_price': 4700, 'prices': [4700], 'price': 4700, 'old_price': 4700, 'currency': 'RUB', 'payment_amount': 4700, 'extras_variants': [], 'extras': [], 'rate_id': 7312, 'deals': [], 'cancellation_type': 'special', 'credit_card': 1, 'bonus': 235, 'miles': 282, 'min_stay': 1, 'platichastyami': 0, 'mircashback': 470}, {'id': 397260, 'capacity': 2, 'prepayment': 'FULL', 'nonrefundable': 0, 'cancellation_period': 1, 'cancellation_fee': 'FIRST', 'breakfast': 0, 'base_price': 4200, 'prices': [4200], 'price': 4200, 'old_price': 4200, 'currency': 'RUB', 'payment_amount': 4200, 'extras_variants': [], 'extras': [], 'rate_id': 7311, 'deals': [], 'cancellation_type': 'special', 'credit_card': 1, 'bonus': 210, 'miles': 252, 'min_stay': 1, 'platichastyami': 0, 'mircashback': 420}, {'id': 397287, 'capacity': 2, 'prepayment': 'FULL', 'nonrefundable': 0, 'cancellation_period': 1, 'cancellation_fee': 'FIRST', 'breakfast': 1, 'base_price': 5200, 'prices': [5200], 'price': 5200, 'old_price': 5200, 'currency': 'RUB', 'payment_amount': 5200, 'extras_variants': [], 'extras': [], 'rate_id': 7312, 'deals': [], 'cancellation_type': 'special', 'credit_card': 1, 'bonus': 260, 'miles': 312, 'min_stay': 1, 'platichastyami': 0, 'mircashback': 520}, {'id': 397261, 'capacity': 3, 'prepayment': 'FULL', 'nonrefundable': 0, 'cancellation_period': 1, 'cancellation_fee': 'FIRST', 'breakfast': 0, 'base_price': 5400, 'prices': [5400], 'price': 5400, 'old_price': 5400, 'currency': 'RUB', 'payment_amount': 5400, 'extras_variants': [], 'extras': [], 'rate_id': 7311, 'deals': [], 'cancellation_type': 'special', 'credit_card': 1, 'bonus': 270, 'miles': 324, 'min_stay': 1, 'platichastyami': 0, 'mircashback': 540}, {'id': 397288, 'capacity': 3, 'prepayment': 'FULL', 'nonrefundable': 0, 'cancellation_period': 1, 'cancellation_fee': 'FIRST', 'breakfast': 1, 'base_price': 6900, 'prices': [6900], 'price': 6900, 'old_price': 6900, 'currency': 'RUB', 'payment_amount': 6900, 'extras_variants': [], 'extras': [], 'rate_id': 7312, 'deals': [], 'cancellation_type': 'special', 'credit_card': 1, 'bonus': 345, 'miles': 414, 'min_stay': 1, 'platichastyami': 0, 'mircashback': 690}, {'id': 849840, 'capacity': 4, 'prepayment': 'FULL', 'nonrefundable': 0, 'cancellation_period': 1, 'cancellation_fee': 'FIRST', 'breakfast': 0, 'base_price': 5400, 'prices': [5400], 'price': 5400, 'old_price': 5400, 'currency': 'RUB', 'payment_amount': 5400, 'extras_variants': [], 'extras': [], 'rate_id': 7311, 'deals': [], 'cancellation_type': 'special', 'credit_card': 1, 'bonus': 270, 'miles': 324, 'min_stay': 1, 'platichastyami': 0, 'mircashback': 540}, {'id': 849841, 'capacity': 4, 'prepayment': 'FULL', 'nonrefundable': 0, 'cancellation_period': 1, 'cancellation_fee': 'FIRST', 'breakfast': 1, 'base_price': 7400, 'prices': [7400], 'price': 7400, 'old_price': 7400, 'currency': 'RUB', 'payment_amount': 7400, 'extras_variants': [], 'extras': [], 'rate_id': 7312, 'deals': [], 'cancellation_type': 'special', 'credit_card': 1, 'bonus': 370, 'miles': 444, 'min_stay': 1, 'platichastyami': 0, 'mircashback': 740}]",4200.0,252,462906_101hotels,2026-08-26
2206701,,С диваном,4,0,0,1,Семейный,44,2,"[{'double': 1, 'sofa': 1}]",[],"[{'id': 397266, 'capacity': 1, 'prepayment': 'FULL', 'nonrefundable': 0, 'cancellation_period': 1, 'cancellation_fee': 'FIRST', 'breakfast': 0, 'base_price': 4200, 'prices': [4200], 'price': 4200, 'old_price': 4200, 'currency': 'RUB', 'payment_amount': 4200, 'extras_variants': [], 'extras': [], 'rate_id': 7311, 'deals': [], 'cancellation_type': 'special', 'credit_card': 1, 'bonus': 210, 'miles': 252, 'min_stay': 1, 'platichastyami': 0, 'mircashback': 420}, {'id': 397293, 'capacity': 1, 'prepayment': 'FULL', 'nonrefundable': 0, 'cancellation_period': 1, 'cancellation_fee': 'FIRST', 'breakfast': 1, 'base_price': 4700, 'prices': [4700], 'price': 4700, 'old_price': 4700, 'currency': 'RUB', 'payment_amount': 4700, 'extras_variants': [], 'extras': [], 'rate_id': 7312, 'deals': [], 'cancellation_type': 'special', 'credit_card': 1, 'bonus': 235, 'miles': 282, 'min_stay': 1, 'platichastyami': 0, 'mircashback': 470}, {'id': 397267, 'capacity': 2, 'prepayment': 'FULL', 'nonrefundable': 0, 'cancellation_period': 1, 'cancellation_fee': 'FIRST', 'breakfast': 0, 'base_price': 4200, 'prices': [4200], 'price': 4200, 'old_price': 4200, 'currency': 'RUB', 'payment_amount': 4200, 'extras_variants': [], 'extras': [], 'rate_id': 7311, 'deals': [], 'cancellation_type': 'special', 'credit_card': 1, 'bonus': 210, 'miles': 252, 'min_stay': 1, 'platichastyami': 0, 'mircashback': 420}, {'id': 397294, 'capacity': 2, 'prepayment': 'FULL', 'nonrefundable': 0, 'cancellation_period': 1, 'cancellation_fee': 'FIRST', 'breakfast': 1, 'base_price': 5200, 'prices': [5200], 'price': 5200, 'old_price': 5200, 'currency': 'RUB', 'payment_amount': 5200, 'extras_variants': [], 'extras': [], 'rate_id': 7312, 'deals': [], 'cancellation_type': 'special', 'credit_card': 1, 'bonus': 260, 'miles': 312, 'min_stay': 1, 'platichastyami': 0, 'mircashback': 520}, {'id': 397268, 'capacity': 3, 'prepayment': 'FULL', 'nonrefundable': 0, 'cancellation_period': 1, 'cancellation_fee': 'FIRST', 'breakfast': 0, 'base_price': 5400, 'prices': [5400], 'price': 5400, 'old_price': 5400, 'currency': 'RUB', 'payment_amount': 5400, 'extras_variants': [], 'extras': [], 'rate_id': 7311, 'deals': [], 'cancellation_type': 'special', 'credit_card': 1, 'bonus': 270, 'miles': 324, 'min_stay': 1, 'platichastyami': 0, 'mircashback': 540}, {'id': 397295, 'capacity': 3, 'prepayment': 'FULL', 'nonrefundable': 0, 'cancellation_period': 1, 'cancellation_fee': 'FIRST', 'breakfast': 1, 'base_price': 6900, 'prices': [6900], 'price': 6900, 'old_price': 6900, 'currency': 'RUB', 'payment_amount': 6900, 'extras_variants': [], 'extras': [], 'rate_id': 7312, 'deals': [], 'cancellation_type': 'special', 'credit_card': 1, 'bonus': 345, 'miles': 414, 'min_stay': 1, 'platichastyami': 0, 'mircashback': 690}, {'id': 397269, 'capacity': 4, 'prepayment': 'FULL', 'nonrefundable': 0, 'cancellation_period': 1, 'cancellation_fee': 'FIRST', 'breakfast': 0, 'base_price': 5400, 'prices': [5400], 'price': 5400, 'old_price': 5400, 'currency': 'RUB', 'payment_amount': 5400, 'extras_variants': [], 'extras': [], 'rate_id': 7311, 'deals': [], 'cancellation_type': 'special', 'credit_card': 1, 'bonus': 270, 'miles': 324, 'min_stay': 1, 'platichastyami': 0, 'mircashback': 540}, {'id': 397296, 'capacity': 4, 'prepayment': 'FULL', 'nonrefundable': 0, 'cancellation_period': 1, 'cancellation_fee': 'FIRST', 'breakfast': 1, 'base_price': 7400, 'prices': [7400], 'price': 7400, 'old_price': 7400, 'currency': 'RUB', 'payment_amount': 7400, 'extras_variants': [], 'extras': [], 'rate_id': 7312, 'deals': [], 'cancellation_type': 'special', 'credit_card': 1, 'bonus': 370, 'miles': 444, 'min_stay': 1, 'platichastyami': 0, 'mircashback': 740}]",4200.0,252,462906_101hotels,2026-08-26
2260293,,Стандарт,7,0,0,1,Семиместный,42,1,[{'single': 7}],[],"[{'id': 691912, 'capacity': 1, 'prepayment': 'FULL', 'nonrefundable': 0, 'cancellation_period': 1, 'cancellation_fee': 'FIRST', 'breakfast': 0, 'base_price': 6000, 'prices': [6000], 'price': 6000, 'old_price': 6000, 'currency': 'RUB', 'payment_amount': 6000, 'extras_variants': [], 'extras': [], 'rate_id': 7311, 'deals': [], 'cancellation_type': 'special', 'credit_card': 1, 'bonus': 300, 'miles': 360, 'min_stay': 1, 'platichastyami': 0, 'mircashback': 600}, {'id': 691905, 'capacity': 1, 'prepayment': 'FULL', 'nonrefundable': 0, 'cancellation_period': 1, 'cancellation_fee': 'FIRST', 'breakfast': 1, 'base_price': 6500, 'prices': [6500], 'price': 6500, 'old_price': 6500, 'currency': 'RUB', 'payment_amount': 6500, 'extras_variants': [], 'extras': [], 'rate_id': 7312, 'deals': [], 'cancellation_type': 'special', 'credit_card': 1, 'bonus': 325, 'miles': 390, 'min_stay': 1, 'platichastyami': 0, 'mircashback': 650}, {'id': 691913, 'capacity': 2, 'prepayment': 'FULL', 'nonrefundable': 0, 'cancellation_period': 1, 'cancellation_fee': 'FIRST', 'breakfast': 0, 'base_price': 6000, 'prices': [6000], 'price': 6000, 'old_price': 6000, 'currency': 'RUB', 'payment_amount': 6000, 'extras_variants': [], 'extras': [], 'rate_id': 7311, 'deals': [], 'cancellation_type': 'special', 'credit_card': 1, 'bonus': 300, 'miles': 360, 'min_stay': 1, 'platichastyami': 0, 'mircashback': 600}, {'id': 691906, 'capacity': 2, 'prepayment': 'FULL', 'nonrefundable': 0, 'cancellation_period': 1, 'cancellation_fee': 'FIRST', 'breakfast': 1, 'base_price': 7000, 'prices': [7000], 'price': 7000, 'old_price': 7000, 'currency': 'RUB', 'payment_amount': 7000, 'extras_variants': [], 'extras': [], 'rate_id': 7312, 'deals': [], 'cancellation_type': 'special', 'credit_card': 1, 'bonus': 350, 'miles': 420, 'min_stay': 1, 'platichastyami': 0, 'mircashback': 700}, {'id': 691914, 'capacity': 3, 'prepayment': 'FULL', 'nonrefundable': 0, 'cancellation_period': 1, 'cancellation_fee': 'FIRST', 'breakfast': 0, 'base_price': 6000, 'prices': [6000], 'price': 6000, 'old_price': 6000, 'currency': 'RUB', 'payment_amount': 6000, 'extras_variants': [], 'extras': [], 'rate_id': 7311, 'deals': [], 'cancellation_type': 'special', 'credit_card': 1, 'bonus': 300, 'miles': 360, 'min_stay': 1, 'platichastyami': 0, 'mircashback': 600}, {'id': 691907, 'capacity': 3, 'prepayment': 'FULL', 'nonrefundable': 0, 'cancellation_period': 1, 'cancellation_fee': 'FIRST', 'breakfast': 1, 'base_price': 7500, 'prices': [7500], 'price': 7500, 'old_price': 7500, 'currency': 'RUB', 'payment_amount': 7500, 'extras_variants': [], 'extras': [], 'rate_id': 7312, 'deals': [], 'cancellation_type': 'special', 'credit_card': 1, 'bonus': 375, 'miles': 450, 'min_stay': 1, 'platichastyami': 0, 'mircashback': 750}, {'id': 691915, 'capacity': 4, 'prepayment': 'FULL', 'nonrefundable': 0, 'cancellation_period': 1, 'cancellation_fee': 'FIRST', 'breakfast': 0, 'base_price': 6000, 'prices': [6000], 'price': 6000, 'old_price': 6000, 'currency': 'RUB', 'payment_amount': 6000, 'extras_variants': [], 'extras': [], 'rate_id': 7311, 'deals': [], 'cancellation_type': 'special', 'credit_card': 1, 'bonus': 300, 'miles': 360, 'min_stay': 1, 'platichastyami': 0, 'mircashback': 600}, {'id': 691908, 'capacity': 4, 'prepayment': 'FULL', 'nonrefundable': 0, 'cancellation_period': 1, 'cancellation_fee': 'FIRST', 'breakfast': 1, 'base_price': 8000, 'prices': [8000], 'price': 8000, 'old_price': 8000, 'currency': 'RUB', 'payment_amount': 8000, 'extras_variants': [], 'extras': [], 'rate_id': 7312, 'deals': [], 'cancellation_type': 'special', 'credit_card': 1, 'bonus': 400, 'miles': 480, 'min_stay': 1, 'platichastyami': 0, 'mircashback': 800}, {'id': 691916, 'capacity': 5, 'prepayment': 'FULL', 'nonrefundable': 0, 'cancellation_period': 1, 'cancellation_fee': 'FIRST', 'breakfast': 0, 'base_price': 6000, 'prices': [6000], 'price': 6000, 'old_price': 6000, 'currency': 'RUB', 'payment_amount': 6000, 'extras_variants': [], 'extras': [], 'rate_id': 7311, 'deals': [], 'cancellation_type': 'special', 'credit_card': 1, 'bonus': 300, 'miles': 360, 'min_stay': 1, 'platichastyami': 0, 'mircashback': 600}, {'id': 691909, 'capacity': 5, 'prepayment': 'FULL', 'nonrefundable': 0, 'cancellation_period': 1, 'cancellation_fee': 'FIRST', 'breakfast': 1, 'base_price': 8500, 'prices': [8500], 'price': 8500, 'old_price': 8500, 'currency': 'RUB', 'payment_amount': 8500, 'extras_variants': [], 'extras': [], 'rate_id': 7312, 'deals': [], 'cancellation_type': 'special', 'credit_card': 1, 'bonus': 425, 'miles': 510, 'min_stay': 1, 'platichastyami': 0, 'mircashback': 850}, {'id': 691917, 'capacity': 6, 'prepayment': 'FULL', 'nonrefundable': 0, 'cancellation_period': 1, 'cancellation_fee': 'FIRST', 'breakfast': 0, 'base_price': 7200, 'prices': [7200], 'price': 7200, 'old_price': 7200, 'currency': 'RUB', 'payment_amount': 7200, 'extras_variants': [], 'extras': [], 'rate_id': 7311, 'deals': [], 'cancellation_type': 'special', 'credit_card': 1, 'bonus': 360, 'miles': 432, 'min_stay': 1, 'platichastyami': 0, 'mircashback': 720}, {'id': 691910, 'capacity': 6, 'prepayment': 'FULL', 'nonrefundable': 0, 'cancellation_period': 1, 'cancellation_fee': 'FIRST', 'breakfast': 1, 'base_price': 10200, 'prices': [10200], 'price': 10200, 'old_price': 10200, 'currency': 'RUB', 'payment_amount': 10200, 'extras_variants': [], 'extras': [], 'rate_id': 7312, 'deals': [], 'cancellation_type': 'special', 'credit_card': 1, 'bonus': 510, 'miles': 612, 'min_stay': 1, 'platichastyami': 0, 'mircashback': 1020}, {'id': 691918, 'capacity': 7, 'prepayment': 'FULL', 'nonrefundable': 0, 'cancellation_period': 1, 'cancellation_fee': 'FIRST', 'breakfast': 0, 'base_price': 8400, 'prices': [8400], 'price': 8400, 'old_price': 8400, 'currency': 'RUB', 'payment_amount': 8400, 'extras_variants': [], 'extras': [], 'rate_id': 7311, 'deals': [], 'cancellation_type': 'special', 'credit_card': 1, 'bonus': 420, 'miles': 504, 'min_stay': 1, 'platichastyami': 0, 'mircashback': 840}, {'id': 691911, 'capacity': 7, 'prepayment': 'FULL', 'nonrefundable': 0, 'cancellation_period': 1, 'cancellation_fee': 'FIRST', 'breakfast': 1, 'base_price': 11900, 'prices': [11900], 'price': 11900, 'old_price': 11900, 'currency': 'RUB', 'payment_amount': 11900, 'extras_variants': [], 'extras': [], 'rate_id': 7312, 'deals': [], 'cancellation_type': 'special', 'credit_card': 1, 'bonus': 595, 'miles': 714, 'min_stay': 1, 'platichastyami': 0, 'mircashback': 1190}]",6000.0,360,462906_101hotels,2026-08-26
2283711,,Стандарт,2,0,0,1,Двухместный,2,1,[{'single': 2}],[],"[{'id': 887085, 'capacity': 1, 'prepayment': 'FULL', 'nonrefundable': 0, 'cancellation_period': 1, 'cancellation_fee': 'FIRST', 'breakfast': 0, 'base_price': 3000, 'prices': [3000], 'price': 3000, 'old_price': 3000, 'currency': 'RUB', 'payment_amount': 3000, 'extras_variants': [], 'extras': [], 'rate_id': 7311, 'deals': [], 'cancellation_type': 'special', 'credit_card': 1, 'bonus': 150, 'miles': 180, 'min_stay': 1, 'platichastyami': 0, 'mircashback': 300}, {'id': 887087, 'capacity': 1, 'prepayment': 'FULL', 'nonrefundable': 0, 'cancellation_period': 1, 'cancellation_fee': 'FIRST', 'breakfast': 1, 'base_price': 3500, 'prices': [3500], 'price': 3500, 'old_price': 3500, 'currency': 'RUB', 'payment_amount': 3500, 'extras_variants': [], 'extras': [], 'rate_id': 7312, 'deals': [], 'cancellation_type': 'special', 'credit_card': 1, 'bonus': 175, 'miles': 210, 'min_stay': 1, 'platichastyami': 0, 'mircashback': 350}, {'id': 887086, 'capacity': 2, 'prepayment': 'FULL', 'nonrefundable': 0, 'cancellation_period': 1, 'cancellation_fee': 'FIRST', 'breakfast': 0, 'base_price': 3600, 'prices': [3600], 'price': 3600, 'old_price': 3600, 'currency': 'RUB', 'payment_amount': 3600, 'extras_variants': [], 'extras': [], 'rate_id': 7311, 'deals': [], 'cancellation_type': 'special', 'credit_card': 1, 'bonus': 180, 'miles': 216, 'min_stay': 1, 'platichastyami': 0, 'mircashback': 360}, {'id': 887088, 'capacity': 2, 'prepayment': 'FULL', 'nonrefundable': 0, 'cancellation_period': 1, 'cancellation_fee': 'FIRST', 'breakfast': 1, 'base_price': 4600, 'prices': [4600], 'price': 4600, 'old_price': 4600, 'currency': 'RUB', 'payment_amount': 4600, 'extras_variants': [], 'extras': [], 'rate_id': 7312, 'deals': [], 'cancellation_type': 'special', 'credit_card': 1, 'bonus': 230, 'miles': 276, 'min_stay': 1, 'platichastyami': 0, 'mircashback': 460}]",3000.0,180,462906_101hotels,2026-08-26
2314153,,Эконом,4,0,0,1,Четырехместный,34,1,[{'single': 4}],[],"[{'id': 1168356, 'capacity': 1, 'prepayment': 'FULL', 'nonrefundable': 0, 'cancellation_period': 1, 'cancellation_fee': 'FIRST', 'breakfast': 0, 'base_price': 2400, 'prices': [2400], 'price': 2400, 'old_price': 2400, 'currency': 'RUB', 'payment_amount': 2400, 'extras_variants': [], 'extras': [], 'rate_id': 7311, 'deals': [], 'cancellation_type': 'special', 'credit_card': 1, 'bonus': 120, 'miles': 144, 'min_stay': 1, 'platichastyami': 0, 'mircashback': 240}, {'id': 1168352, 'capacity': 1, 'prepayment': 'FULL', 'nonrefundable': 0, 'cancellation_period': 1, 'cancellation_fee': 'FIRST', 'breakfast': 1, 'base_price': 2900, 'prices': [2900], 'price': 2900, 'old_price': 2900, 'currency': 'RUB', 'payment_amount': 2900, 'extras_variants': [], 'extras': [], 'rate_id': 7312, 'deals': [], 'cancellation_type': 'special', 'credit_card': 1, 'bonus': 145, 'miles': 174, 'min_stay': 1, 'platichastyami': 0, 'mircashback': 290}, {'id': 1168357, 'capacity': 2, 'prepayment': 'FULL', 'nonrefundable': 0, 'cancellation_period': 1, 'cancellation_fee': 'FIRST', 'breakfast': 0, 'base_price': 3000, 'prices': [3000], 'price': 3000, 'old_price': 3000, 'currency': 'RUB', 'payment_amount': 3000, 'extras_variants': [], 'extras': [], 'rate_id': 7311, 'deals': [], 'cancellation_type': 'special', 'credit_card': 1, 'bonus': 150, 'miles': 180, 'min_stay': 1, 'platichastyami': 0, 'mircashback': 300}, {'id': 1168353, 'capacity': 2, 'prepayment': 'FULL', 'nonrefundable': 0, 'cancellation_period': 1, 'cancellation_fee': 'FIRST', 'breakfast': 1, 'base_price': 4000, 'prices': [4000], 'price': 4000, 'old_price': 4000, 'currency': 'RUB', 'payment_amount': 4000, 'extras_variants': [], 'extras': [], 'rate_id': 7312, 'deals': [], 'cancellation_type': 'special', 'credit_card': 1, 'bonus': 200, 'miles': 240, 'min_stay': 1, 'platichastyami': 0, 'mircashback': 400}, {'id': 1168358, 'capacity': 3, 'prepayment': 'FULL', 'nonrefundable': 0, 'cancellation_period': 1, 'cancellation_fee': 'FIRST', 'breakfast': 0, 'base_price': 3600, 'prices': [3600], 'price': 3600, 'old_price': 3600, 'currency': 'RUB', 'payment_amount': 3600, 'extras_variants': [], 'extras': [], 'rate_id': 7311, 'deals': [], 'cancellation_type': 'special', 'credit_card': 1, 'bonus': 180, 'miles': 216, 'min_stay': 1, 'platichastyami': 0, 'mircashback': 360}, {'id': 1168354, 'capacity': 3, 'prepayment': 'FULL', 'nonrefundable': 0, 'cancellation_period': 1, 'cancellation_fee': 'FIRST', 'breakfast': 1, 'base_price': 5100, 'prices': [5100], 'price': 5100, 'old_price': 5100, 'currency': 'RUB', 'payment_amount': 5100, 'extras_variants': [], 'extras': [], 'rate_id': 7312, 'deals': [], 'cancellation_type': 'special', 'credit_card': 1, 'bonus': 255, 'miles': 306, 'min_stay': 1, 'platichastyami': 0, 'mircashback': 510}, {'id': 1168359, 'capacity': 4, 'prepayment': 'FULL', 'nonrefundable': 0, 'cancellation_period': 1, 'cancellation_fee': 'FIRST', 'breakfast': 0, 'base_price': 4200, 'prices': [4200], 'price': 4200, 'old_price': 4200, 'currency': 'RUB', 'payment_amount': 4200, 'extras_variants': [], 'extras': [], 'rate_id': 7311, 'deals': [], 'cancellation_type': 'special', 'credit_card': 1, 'bonus': 210, 'miles': 252, 'min_stay': 1, 'platichastyami': 0, 'mircashback': 420}, {'id': 1168355, 'capacity': 4, 'prepayment': 'FULL', 'nonrefundable': 0, 'cancellation_period': 1, 'cancellation_fee': 'FIRST', 'breakfast': 1, 'base_price': 6200, 'prices': [6200], 'price': 6200, 'old_price': 6200, 'currency': 'RUB', 'payment_amount': 6200, 'extras_variants': [], 'extras': [], 'rate_id': 7312, 'deals': [], 'cancellation_type': 'special', 'credit_card': 1, 'bonus': 310, 'miles': 372, 'min_stay': 1, 'platichastyami': 0, 'mircashback': 620}]",2400.0,144,462906_101hotels,2026-08-26
1736289,,,2,2,0,1,Люкс,6,1,"[{'double': 1, 'sofa': 1}]","[{'id': '28904', 'number': '2', 'min_age': '0', 'max_age': '5', 'is_extra_bed': '0', 'extra_bed_type_id': '0'}, {'id': '28905', 'number': '1', 'min_age': '3', 'max_age': '17', 'is_extra_bed': '1', 'extra_bed_type_id': '1'}]","[{'id': 279306, 'capacity': 1, 'prepayment': 'FIRST', 'nonrefundable': 0, 'cancellation_period': 1, 'cancellation_fee': 'FIRST', 'breakfast': 7, 'base_price': 5550, 'prices': [5550], 'price': 5550, 'old_price': 5550, 'currency': 'RUB', 'payment_amount': 5550, 'extras_variants': [], 'extras': {'28904': {'id': 28904, 'number': 2, 'extra_bed_type_id': 0, 'age': [0, 5], 'extra_bed': 0, 'free': 1}, '28905': {'id': 28905, 'number': 1, 'extra_bed_type_id': 1, 'age': [3, 17], 'extra_bed': 1, 'free': 1}}, 'rate_id': 1560, 'deals': [], 'cancellation_type': 'special', 'credit_card': 1, 'bonus': 278, 'miles': 333, 'min_stay': 1, 'platichastyami': 0, 'mircashback': 555}, {'id': 279307, 'capacity': 2, 'prepayment': 'FIRST', 'nonrefundable': 0, 'cancellation_period': 1, 'cancellation_fee': 'FIRST', 'breakfast': 7, 'base_price': 6660, 'prices': [6660], 'price': 6660, 'old_price': 6660, 'currency': 'RUB', 'payment_amount': 6660, 'extras_variants': [], 'extras': {'28904': {'id': 28904, 'number': 2, 'extra_bed_type_id': 0, 'age': [0, 5], 'extra_bed': 0, 'free': 1}, '28905': {'id': 28905, 'number': 1, 'extra_bed_type_id': 1, 'age': [3, 17], 'extra_bed': 1, 'free': 1}}, 'rate_id': 1560, 'deals': [], 'cancellation_type': 'special', 'credit_card': 1, 'bonus': 333, 'miles': 399, 'min_stay': 1, 'platichastyami': 0, 'mircashback': 666}]",5550.0,333,514527_101hotels,2026-08-26
1736290,,Комфорт с 2 отдельными кроватями,2,1,0,1,Двухместный,2,2,[{'single': 2}],"[{'id': '28902', 'number': '2', 'min_age': '0', 'max_age': '5', 'is_extra_bed': '0', 'extra_bed_type_id': '0'}]","[{'id': 279299, 'capacity': 1, 'prepayment': 'FIRST', 'nonrefundable': 0, 'cancellation_period': 1, 'cancellation_fee': 'FIRST', 'breakfast': 7, 'base_price': 4440, 'prices': [4440], 'price': 4440, 'old_price': 4440, 'currency': 'RUB', 'payment_amount': 4440, 'extras_variants': [], 'extras': {'28902': {'id': 28902, 'number': 2, 'extra_bed_type_id': 0, 'age': [0, 5], 'extra_bed': 0, 'free': 1}}, 'rate_id': 1560, 'deals': [], 'cancellation_type': 'special', 'credit_card': 1, 'bonus': 222, 'miles': 264, 'min_stay': 1, 'platichastyami': 0, 'mircashback': 444}, {'id': 279328, 'capacity': 2, 'prepayment': 'FIRST', 'nonrefundable': 0, 'cancellation_period': 1, 'cancellation_fee': 'FIRST', 'breakfast': 7, 'base_price': 5550, 'prices': [5550], 'price': 5550, 'old_price': 5550, 'currency': 'RUB', 'payment_amount': 5550, 'extras_variants': [], 'extras': {'28902': {'id': 28902, 'number': 2, 'extra_bed_type_id': 0, 'age': [0, 5], 'extra_bed': 0, 'free': 1}}, 'rate_id': 1560, 'deals': [], 'cancellation_type': 'special', 'credit_card': 1, 'bonus': 278, 'miles': 333, 'min_stay': 1, 'platichastyami': 0, 'mircashback': 555}]",4440.0,264,514527_101hotels,2026-08-26
2210718,,Стандартный номер,1,0,0,1,Одноместный,1,3,[{'single': 1}],"[{'id': '9564', 'number': '1', 'min_age': '0', 'max_age': '5', 'is_extra_bed': '0', 'extra_bed_type_id': '0'}]","[{'id': 279298, 'capacity': 1, 'prepayment': 'FIRST', 'nonrefundable': 0, 'cancellation_period': 1, 'cancellation_fee': 'FIRST', 'breakfast': 7, 'base_price': 3330, 'prices': [3330], 'price': 3330, 'old_price': 3330, 'currency': 'RUB', 'payment_amount': 3330, 'extras_variants': [], 'extras': {'9564': {'id': 9564, 'number': 1, 'extra_bed_type_id': 0, 'age': [0, 5], 'extra_bed': 0, 'free': 1}}, 'rate_id': 1560, 'deals': [], 'cancellation_type': 'special', 'credit_card': 1, 'bonus': 167, 'miles': 198, 'min_stay': 1, 'platichastyami': 0, 'mircashback': 333}]",3330.0,198,514527_101hotels,2026-08-26
2210762,,,2,1,0,1,Полулюкс,4,1,[{'double': 1}],"[{'id': '3863', 'number': '1', 'min_age': '0', 'max_age': '5', 'is_extra_bed': '0', 'extra_bed_type_id': '0'}, {'id': '3864', 'number': '1', 'min_age': '3', 'max_age': '17', 'is_extra_bed': '1', 'extra_bed_type_id': '3'}]","[{'id': 279304, 'capacity': 1, 'prepayment': 'FIRST', 'nonrefundable': 0, 'cancellation_period': 1, 'cancellation_fee': 'FIRST', 'breakfast': 7, 'base_price': 4995, 'prices': [4995], 'price': 4995, 'old_price': 4995, 'currency': 'RUB', 'payment_amount': 4995, 'extras_variants': [], 'extras': {'3863': {'id': 3863, 'number': 1, 'extra_bed_type_id': 0, 'age': [0, 5], 'extra_bed': 0, 'free': 1}, '3864': {'id': 3864, 'number': 1, 'extra_bed_type_id': 3, 'age': [3, 17], 'extra_bed': 1, 'free': 1}}, 'rate_id': 1560, 'deals': [], 'cancellation_type': 'special', 'credit_card': 1, 'bonus': 250, 'miles': 297, 'min_stay': 1, 'platichastyami': 0, 'mircashback': 500}, {'id': 279305, 'capacity': 2, 'prepayment': 'FIRST', 'nonrefundable': 0, 'cancellation_period': 1, 'cancellation_fee': 'FIRST', 'breakfast': 7, 'base_price': 6105, 'prices': [6105], 'price': 6105, 'old_price': 6105, 'currency': 'RUB', 'payment_amount': 6105, 'extras_variants': [], 'extras': {'3863': {'id': 3863, 'number': 1, 'extra_bed_type_id': 0, 'age': [0, 5], 'extra_bed': 0, 'free': 1}, '3864': {'id': 3864, 'number': 1, 'extra_bed_type_id': 3, 'age': [3, 17], 'extra_bed': 1, 'free': 1}}, 'rate_id': 1560, 'deals': [], 'cancellation_type': 'special', 'credit_card': 1, 'bonus': 305, 'miles': 366, 'min_stay': 1, 'platichastyami': 0, 'mircashback': 611}]",4995.0,297,514527_101hotels,2026-08-26
2233174,,Стандарт,2,1,0,1,Двухместный,2,2,[{'single': 2}],[],"[{'id': 421374, 'capacity': 1, 'prepayment': 'FULL', 'nonrefundable': 0, 'cancellation_period': 3, 'cancellation_fee': 'FIRST', 'breakfast': 0, 'base_price': 3000, 'prices': [3000], 'price': 3000, 'old_price': 3000, 'currency': 'RUB', 'payment_amount': 3000, 'extras_variants': [], 'extras': [], 'rate_id': 8877, 'deals': [], 'cancellation_type': 'special', 'credit_card': 1, 'bonus': 150, 'miles': 180, 'min_stay': 1, 'platichastyami': 0, 'mircashback': 300}, {'id': 421375, 'capacity': 2, 'prepayment': 'FULL', 'nonrefundable': 0, 'cancellation_period': 3, 'cancellation_fee': 'FIRST', 'breakfast': 0, 'base_price': 3500, 'prices': [3500], 'price': 3500, 'old_price': 3500, 'currency': 'RUB', 'payment_amount': 3500, 'extras_variants': [], 'extras': [], 'rate_id': 8877, 'deals': [], 'cancellation_type': 'special', 'credit_card': 1, 'bonus': 175, 'miles': 210, 'min_stay': 1, 'platichastyami': 0, 'mircashback': 350}]",3000.0,180,654332_101hotels,2026-08-26
2233175,,Комфорт,2,1,0,1,Двухместный,2,2,[{'double': 1}],"[{'id': '15524', 'number': '1', 'min_age': '0', 'max_age': '2', 'is_extra_bed': '0', 'extra_bed_type_id': '0'}]","[{'id': 421376, 'capacity': 1, 'prepayment': 'FULL', 'nonrefundable': 0, 'cancellation_period': 3, 'cancellation_fee': 'FIRST', 'breakfast': 0, 'base_price': 3500, 'prices': [3500], 'price': 3500, 'old_price': 3500, 'currency': 'RUB', 'payment_amount': 3500, 'extras_variants': [], 'extras': {'15524': {'id': 15524, 'number': 1, 'extra_bed_type_id': 0, 'age': [0, 2], 'extra_bed': 0, 'free': 1}}, 'rate_id': 8877, 'deals': [], 'cancellation_type': 'special', 'credit_card': 1, 'bonus': 175, 'miles': 210, 'min_stay': 1, 'platichastyami': 0, 'mircashback': 350}, {'id': 421377, 'capacity': 2, 'prepayment': 'FULL', 'nonrefundable': 0, 'cancellation_period': 3, 'cancellation_fee': 'FIRST', 'breakfast': 0, 'base_price': 4000, 'prices': [4000], 'price': 4000, 'old_price': 4000, 'currency': 'RUB', 'payment_amount': 4000, 'extras_variants': [], 'extras': {'15524': {'id': 15524, 'number': 1, 'extra_bed_type_id': 0, 'age': [0, 2], 'extra_bed': 0, 'free': 1}}, 'rate_id': 8877, 'deals': [], 'cancellation_type': 'special', 'credit_card': 1, 'bonus': 200, 'miles': 240, 'min_stay': 1, 'platichastyami': 0, 'mircashback': 400}]",3500.0,210,654332_101hotels,2026-08-26
2233178,,Эконом,2,0,0,0,Двухместный,2,2,[{'single': 2}],[],"[{'id': 421378, 'capacity': 1, 'prepayment': 'FULL', 'nonrefundable': 0, 'cancellation_period': 3, 'cancellation_fee': 'FIRST', 'breakfast': 0, 'base_price': 2500, 'prices': [2500], 'price': 2500, 'old_price': 2500, 'currency': 'RUB', 'payment_amount': 2500, 'extras_variants': [], 'extras': [], 'rate_id': 8877, 'deals': [], 'cancellation_type': 'special', 'credit_card': 1, 'bonus': 125, 'miles': 150, 'min_stay': 1, 'platichastyami': 0, 'mircashback': 250}, {'id': 421379, 'capacity': 2, 'prepayment': 'FULL', 'nonrefundable': 0, 'cancellation_period': 3, 'cancellation_fee': 'FIRST', 'breakfast': 0, 'base_price': 3000, 'prices': [3000], 'price': 3000, 'old_price': 3000, 'currency': 'RUB', 'payment_amount': 3000, 'extras_variants': [], 'extras': [], 'rate_id': 8877, 'deals': [], 'cancellation_type': 'special', 'credit_card': 1, 'bonus': 150, 'miles': 180, 'min_stay': 1, 'platichastyami': 0, 'mircashback': 300}]",2500.0,150,654332_101hotels,2026-08-26
2233182,,Эконом (женский),4,0,1,0,Четырехместный,34,3,[{'2-tier': 1}],[],"[{'id': 421380, 'capacity': 1, 'prepayment': 'FULL', 'nonrefundable': 0, 'cancellation_period': 3, 'cancellation_fee': 'FIRST', 'breakfast': 0, 'base_price': 1100, 'prices': [1100], 'price': 1100, 'old_price': 1100, 'currency': 'RUB', 'payment_amount': 1100, 'extras_variants': [], 'extras': [], 'rate_id': 8877, 'deals': [], 'cancellation_type': 'special', 'credit_card': 1, 'bonus': 55, 'miles': 66, 'min_stay': 1, 'platichastyami': 0, 'mircashback': 110}]",1100.0,66,654332_101hotels,2026-08-26
2322901,,Шестиместный  смешанный,6,0,1,0,Шестиместный,36,6,[{'single': 1}],[],"[{'id': 1237323, 'capacity': 1, 'prepayment': 'FULL', 'nonrefundable': 0, 'cancellation_period': 3, 'cancellation_fee': 'FIRST', 'breakfast': 0, 'base_price': 1000, 'prices': [1000], 'price': 1000, 'old_price': 1000, 'currency': 'RUB', 'payment_amount': 1000, 'extras_variants': [], 'extras': [], 'rate_id': 8877, 'deals': [], 'cancellation_type': 'special', 'credit_card': 1, 'bonus': 50, 'miles': 60, 'min_stay': 1, 'platichastyami': 0, 'mircashback': 100}]",1000.0,60,654332_101hotels,2026-08-26
2322902,,Восьмиместный смешанный,8,0,1,0,Восьмиместный,38,7,[{'single': 1}],[],"[{'id': 1237324, 'capacity': 1, 'prepayment': 'FULL', 'nonrefundable': 0, 'cancellation_period': 3, 'cancellation_fee': 'FIRST', 'breakfast': 0, 'base_price': 900, 'prices': [900], 'price': 900, 'old_price': 900, 'currency': 'RUB', 'payment_amount': 900, 'extras_variants': [], 'extras': [], 'rate_id': 8877, 'deals': [], 'cancellation_type': 'special', 'credit_card': 1, 'bonus': 45, 'miles': 54, 'min_stay': 1, 'platichastyami': 0, 'mircashback': 90}]",900.0,54,654332_101hotels,2026-08-26
2322903,,Деятиместный смешанный,10,0,1,0,Десятиместный,39,17,[{'single': 1}],[],"[{'id': 1237325, 'capacity': 1, 'prepayment': 'FULL', 'nonrefundable': 0, 'cancellation_period': 3, 'cancellation_fee': 'FIRST', 'breakfast': 0, 'base_price': 800, 'prices': [800], 'price': 800, 'old_price': 800, 'currency': 'RUB', 'payment_amount': 800, 'extras_variants': [], 'extras': [], 'rate_id': 8877, 'deals': [], 'cancellation_type': 'special', 'credit_card': 1, 'bonus': 40, 'miles': 48, 'min_stay': 1, 'platichastyami': 0, 'mircashback': 80}]",800.0,48,654332_101hotels,2026-08-26
19575,,Стандарт Double,2,0,0,1,Двухместный,2,2,[{'double': 1}],"[{'id': '4633', 'number': '1', 'min_age': '0', 'max_age': '6', 'is_extra_bed': '0', 'extra_bed_type_id': '0'}]","[{'id': 661642, 'capacity': 1, 'prepayment': 'FULL', 'nonrefundable': 0, 'cancellation_period': 1, 'cancellation_fee': 'FIRST', 'breakfast': 0, 'base_price': 4750, 'prices': [4750], 'price': 4750, 'old_price': 4750, 'currency': 'RUB', 'payment_amount': 4750, 'extras_variants': [], 'extras': {'4633': {'id': 4633, 'number': 1, 'extra_bed_type_id': 0, 'age': [0, 6], 'extra_bed': 0, 'free': 1}}, 'rate_id': 25742, 'deals': [], 'cancellation_type': 'special', 'credit_card': 1, 'bonus': 238, 'miles': 285, 'min_stay': 1, 'platichastyami': 0, 'mircashback': 475}, {'id': 706386, 'capacity': 1, 'prepayment': 'FIRST', 'nonrefundable': 0, 'cancellation_period': 1, 'cancellation_fee': 'FIRST', 'breakfast': 1, 'base_price': 5500, 'prices': [5500], 'price': 5500, 'old_price': 5500, 'currency': 'RUB', 'payment_amount': 5500, 'extras_variants': [], 'extras': {'4633': {'id': 4633, 'number': 1, 'extra_bed_type_id': 0, 'age': [0, 6], 'extra_bed': 0, 'free': 1}}, 'rate_id': 28923, 'deals': [], 'cancellation_type': 'special', 'credit_card': 1, 'bonus': 275, 'miles': 330, 'min_stay': 1, 'platichastyami': 0, 'mircashback': 550}, {'id': 659522, 'capacity': 1, 'prepayment': 'NO', 'nonrefundable': 0, 'cancellation_period': 0, 'cancellation_fee': 'NO', 'breakfast': 1, 'base_price': 5610, 'prices': [5610], 'price': 5610, 'old_price': 5610, 'currency': 'RUB', 'payment_amount': 0, 'extras_variants': [], 'extras': {'4633': {'id': 4633, 'number': 1, 'extra_bed_type_id': 0, 'age': [0, 6], 'extra_bed': 0, 'free': 1}}, 'rate_id': 25605, 'deals': [], 'cancellation_type': 'free', 'credit_card': 0, 'bonus': 281, 'miles': 336, 'min_stay': 1, 'platichastyami': 0, 'mircashback': 561}, {'id': 661643, 'capacity': 2, 'prepayment': 'FULL', 'nonrefundable': 0, 'cancellation_period': 1, 'cancellation_fee': 'FIRST', 'breakfast': 0, 'base_price': 5000, 'prices': [5000], 'price': 5000, 'old_price': 5000, 'currency': 'RUB', 'payment_amount': 5000, 'extras_variants': [], 'extras': {'4633': {'id': 4633, 'number': 1, 'extra_bed_type_id': 0, 'age': [0, 6], 'extra_bed': 0, 'free': 1}}, 'rate_id': 25742, 'deals': [], 'cancellation_type': 'special', 'credit_card': 1, 'bonus': 250, 'miles': 300, 'min_stay': 1, 'platichastyami': 0, 'mircashback': 500}, {'id': 706387, 'capacity': 2, 'prepayment': 'FIRST', 'nonrefundable': 0, 'cancellation_period': 1, 'cancellation_fee': 'FIRST', 'breakfast': 1, 'base_price': 6500, 'prices': [6500], 'price': 6500, 'old_price': 6500, 'currency': 'RUB', 'payment_amount': 6500, 'extras_variants': [], 'extras': {'4633': {'id': 4633, 'number': 1, 'extra_bed_type_id': 0, 'age': [0, 6], 'extra_bed': 0, 'free': 1}}, 'rate_id': 28923, 'deals': [], 'cancellation_type': 'special', 'credit_card': 1, 'bonus': 325, 'miles': 390, 'min_stay': 1, 'platichastyami': 0, 'mircashback': 650}, {'id': 659523, 'capacity': 2, 'prepayment': 'NO', 'nonrefundable': 0, 'cancellation_period': 0, 'cancellation_fee': 'NO', 'breakfast': 1, 'base_price': 6630, 'prices': [6630], 'price': 6630, 'old_price': 6630, 'currency': 'RUB', 'payment_amount': 0, 'extras_variants': [], 'extras': {'4633': {'id': 4633, 'number': 1, 'extra_bed_type_id': 0, 'age': [0, 6], 'extra_bed': 0, 'free': 1}}, 'rate_id': 25605, 'deals': [], 'cancellation_type': 'free', 'credit_card': 0, 'bonus': 332, 'miles': 396, 'min_stay': 1, 'platichastyami': 0, 'mircashback': 663}]",4750.0,285,4060_101hotels,2026-08-26
19576,,Стандарт Twin,2,0,0,1,Двухместный,2,6,[{'single': 2}],"[{'id': '4632', 'number': '1', 'min_age': '0', 'max_age': '6', 'is_extra_bed': '0', 'extra_bed_type_id': '0'}]","[{'id': 661644, 'capacity': 1, 'prepayment': 'FULL', 'nonrefundable': 0, 'cancellation_period': 1, 'cancellation_fee': 'FIRST', 'breakfast': 0, 'base_price': 4750, 'prices': [4750], 'price': 4750, 'old_price': 4750, 'currency': 'RUB', 'payment_amount': 4750, 'extras_variants': [], 'extras': {'4632': {'id': 4632, 'number': 1, 'extra_bed_type_id': 0, 'age': [0, 6], 'extra_bed': 0, 'free': 1}}, 'rate_id': 25742, 'deals': [], 'cancellation_type': 'special', 'credit_card': 1, 'bonus': 238, 'miles': 285, 'min_stay': 1, 'platichastyami': 0, 'mircashback': 475}, {'id': 706388, 'capacity': 1, 'prepayment': 'FIRST', 'nonrefundable': 0, 'cancellation_period': 1, 'cancellation_fee': 'FIRST', 'breakfast': 1, 'base_price': 5500, 'prices': [5500], 'price': 5500, 'old_price': 5500, 'currency': 'RUB', 'payment_amount': 5500, 'extras_variants': [], 'extras': {'4632': {'id': 4632, 'number': 1, 'extra_bed_type_id': 0, 'age': [0, 6], 'extra_bed': 0, 'free': 1}}, 'rate_id': 28923, 'deals': [], 'cancellation_type': 'special', 'credit_card': 1, 'bonus': 275, 'miles': 330, 'min_stay': 1, 'platichastyami': 0, 'mircashback': 550}, {'id': 659524, 'capacity': 1, 'prepayment': 'NO', 'nonrefundable': 0, 'cancellation_period': 0, 'cancellation_fee': 'NO', 'breakfast': 1, 'base_price': 5610, 'prices': [5610], 'price': 5610, 'old_price': 5610, 'currency': 'RUB', 'payment_amount': 0, 'extras_variants': [], 'extras': {'4632': {'id': 4632, 'number': 1, 'extra_bed_type_id': 0, 'age': [0, 6], 'extra_bed': 0, 'free': 1}}, 'rate_id': 25605, 'deals': [], 'cancellation_type': 'free', 'credit_card': 0, 'bonus': 281, 'miles': 336, 'min_stay': 1, 'platichastyami': 0, 'mircashback': 561}, {'id': 661645, 'capacity': 2, 'prepayment': 'FULL', 'nonrefundable': 0, 'cancellation_period': 1, 'cancellation_fee': 'FIRST', 'breakfast': 0, 'base_price': 5000, 'prices': [5000], 'price': 5000, 'old_price': 5000, 'currency': 'RUB', 'payment_amount': 5000, 'extras_variants': [], 'extras': {'4632': {'id': 4632, 'number': 1, 'extra_bed_type_id': 0, 'age': [0, 6], 'extra_bed': 0, 'free': 1}}, 'rate_id': 25742, 'deals': [], 'cancellation_type': 'special', 'credit_card': 1, 'bonus': 250, 'miles': 300, 'min_stay': 1, 'platichastyami': 0, 'mircashback': 500}, {'id': 706389, 'capacity': 2, 'prepayment': 'FIRST', 'nonrefundable': 0, 'cancellation_period': 1, 'cancellation_fee': 'FIRST', 'breakfast': 1, 'base_price': 6500, 'prices': [6500], 'price': 6500, 'old_price': 6500, 'currency': 'RUB', 'payment_amount': 6500, 'extras_variants': [], 'extras': {'4632': {'id': 4632, 'number': 1, 'extra_bed_type_id': 0, 'age': [0, 6], 'extra_bed': 0, 'free': 1}}, 'rate_id': 28923, 'deals': [], 'cancellation_type': 'special', 'credit_card': 1, 'bonus': 325, 'miles': 390, 'min_stay': 1, 'platichastyami': 0, 'mircashback': 650}, {'id': 659525, 'capacity': 2, 'prepayment': 'NO', 'nonrefundable': 0, 'cancellation_period': 0, 'cancellation_fee': 'NO', 'breakfast': 1, 'base_price': 6630, 'prices': [6630], 'price': 6630, 'old_price': 6630, 'currency': 'RUB', 'payment_amount': 0, 'extras_variants': [], 'extras': {'4632': {'id': 4632, 'number': 1, 'extra_bed_type_id': 0, 'age': [0, 6], 'extra_bed': 0, 'free': 1}}, 'rate_id': 25605, 'deals': [], 'cancellation_type': 'free', 'credit_card': 0, 'bonus': 332, 'miles': 396, 'min_stay': 1, 'platichastyami': 0, 'mircashback': 663}]",4750.0,285,4060_101hotels,2026-08-26
46273,,Junior Suite,2,0,0,1,Полулюкс,4,1,[{'double': 1}],[],"[{'id': 661648, 'capacity': 1, 'prepayment': 'FULL', 'nonrefundable': 0, 'cancellation_period': 1, 'cancellation_fee': 'FIRST', 'breakfast': 0, 'base_price': 6750, 'prices': [6750], 'price': 6750, 'old_price': 6750, 'currency': 'RUB', 'payment_amount': 6750, 'extras_variants': [], 'extras': [], 'rate_id': 25742, 'deals': [], 'cancellation_type': 'special', 'credit_card': 1, 'bonus': 338, 'miles': 405, 'min_stay': 1, 'platichastyami': 0, 'mircashback': 675}, {'id': 706393, 'capacity': 1, 'prepayment': 'FIRST', 'nonrefundable': 0, 'cancellation_period': 1, 'cancellation_fee': 'FIRST', 'breakfast': 1, 'base_price': 7500, 'prices': [7500], 'price': 7500, 'old_price': 7500, 'currency': 'RUB', 'payment_amount': 7500, 'extras_variants': [], 'extras': [], 'rate_id': 28923, 'deals': [], 'cancellation_type': 'special', 'credit_card': 1, 'bonus': 375, 'miles': 450, 'min_stay': 1, 'platichastyami': 0, 'mircashback': 750}, {'id': 659528, 'capacity': 1, 'prepayment': 'NO', 'nonrefundable': 0, 'cancellation_period': 0, 'cancellation_fee': 'NO', 'breakfast': 1, 'base_price': 7650, 'prices': [7650], 'price': 7650, 'old_price': 7650, 'currency': 'RUB', 'payment_amount': 0, 'extras_variants': [], 'extras': [], 'rate_id': 25605, 'deals': [], 'cancellation_type': 'free', 'credit_card': 0, 'bonus': 383, 'miles': 459, 'min_stay': 1, 'platichastyami': 0, 'mircashback': 765}, {'id': 661649, 'capacity': 2, 'prepayment': 'FULL', 'nonrefundable': 0, 'cancellation_period': 1, 'cancellation_fee': 'FIRST', 'breakfast': 0, 'base_price': 7000, 'prices': [7000], 'price': 7000, 'old_price': 7000, 'currency': 'RUB', 'payment_amount': 7000, 'extras_variants': [], 'extras': [], 'rate_id': 25742, 'deals': [], 'cancellation_type': 'special', 'credit_card': 1, 'bonus': 350, 'miles': 420, 'min_stay': 1, 'platichastyami': 0, 'mircashback': 700}, {'id': 706394, 'capacity': 2, 'prepayment': 'FIRST', 'nonrefundable': 0, 'cancellation_period': 1, 'cancellation_fee': 'FIRST', 'breakfast': 1, 'base_price': 8500, 'prices': [8500], 'price': 8500, 'old_price': 8500, 'currency': 'RUB', 'payment_amount': 8500, 'extras_variants': [], 'extras': [], 'rate_id': 28923, 'deals': [], 'cancellation_type': 'special', 'credit_card': 1, 'bonus': 425, 'miles': 510, 'min_stay': 1, 'platichastyami': 0, 'mircashback': 850}, {'id': 659529, 'capacity': 2, 'prepayment': 'NO', 'nonrefundable': 0, 'cancellation_period': 0, 'cancellation_fee': 'NO', 'breakfast': 1, 'base_price': 8670, 'prices': [8670], 'price': 8670, 'old_price': 8670, 'currency': 'RUB', 'payment_amount': 0, 'extras_variants': [], 'extras': [], 'rate_id': 25605, 'deals': [], 'cancellation_type': 'free', 'credit_card': 0, 'bonus': 434, 'miles': 519, 'min_stay': 1, 'platichastyami': 0, 'mircashback': 867}]",6750.0,405,4060_101hotels,2026-08-26
1749939,,Улучшенный,2,1,0,1,Двухместный,2,2,"[{'single': 2, 'f-chair': 1}, {'double': 1, 'f-chair': 1}]","[{'id': '20449', 'number': '1', 'min_age': '0', 'max_age': '6', 'is_extra_bed': '0', 'extra_bed_type_id': '0'}]","[{'id': 661646, 'capacity': 1, 'prepayment': 'FULL', 'nonrefundable': 0, 'cancellation_period': 1, 'cancellation_fee': 'FIRST', 'breakfast': 0, 'base_price': 5750, 'prices': [5750], 'price': 5750, 'old_price': 5750, 'currency': 'RUB', 'payment_amount': 5750, 'extras_variants': [], 'extras': {'20449': {'id': 20449, 'number': 1, 'extra_bed_type_id': 0, 'age': [0, 6], 'extra_bed': 0, 'free': 1}}, 'rate_id': 25742, 'deals': [], 'cancellation_type': 'special', 'credit_card': 1, 'bonus': 288, 'miles': 345, 'min_stay': 1, 'platichastyami': 0, 'mircashback': 575}, {'id': 706390, 'capacity': 1, 'prepayment': 'FIRST', 'nonrefundable': 0, 'cancellation_period': 1, 'cancellation_fee': 'FIRST', 'breakfast': 1, 'base_price': 6500, 'prices': [6500], 'price': 6500, 'old_price': 6500, 'currency': 'RUB', 'payment_amount': 6500, 'extras_variants': [], 'extras': {'20449': {'id': 20449, 'number': 1, 'extra_bed_type_id': 0, 'age': [0, 6], 'extra_bed': 0, 'free': 1}}, 'rate_id': 28923, 'deals': [], 'cancellation_type': 'special', 'credit_card': 1, 'bonus': 325, 'miles': 390, 'min_stay': 1, 'platichastyami': 0, 'mircashback': 650}, {'id': 659526, 'capacity': 1, 'prepayment': 'NO', 'nonrefundable': 0, 'cancellation_period': 0, 'cancellation_fee': 'NO', 'breakfast': 1, 'base_price': 6630, 'prices': [6630], 'price': 6630, 'old_price': 6630, 'currency': 'RUB', 'payment_amount': 0, 'extras_variants': [], 'extras': {'20449': {'id': 20449, 'number': 1, 'extra_bed_type_id': 0, 'age': [0, 6], 'extra_bed': 0, 'free': 1}}, 'rate_id': 25605, 'deals': [], 'cancellation_type': 'free', 'credit_card': 0, 'bonus': 332, 'miles': 396, 'min_stay': 1, 'platichastyami': 0, 'mircashback': 663}, {'id': 661647, 'capacity': 2, 'prepayment': 'FULL', 'nonrefundable': 0, 'cancellation_period': 1, 'cancellation_fee': 'FIRST', 'breakfast': 0, 'base_price': 6000, 'prices': [6000], 'price': 6000, 'old_price': 6000, 'currency': 'RUB', 'payment_amount': 6000, 'extras_variants': [], 'extras': {'20449': {'id': 20449, 'number': 1, 'extra_bed_type_id': 0, 'age': [0, 6], 'extra_bed': 0, 'free': 1}}, 'rate_id': 25742, 'deals': [], 'cancellation_type': 'special', 'credit_card': 1, 'bonus': 300, 'miles': 360, 'min_stay': 1, 'platichastyami': 0, 'mircashback': 600}, {'id': 706391, 'capacity': 2, 'prepayment': 'FIRST', 'nonrefundable': 0, 'cancellation_period': 1, 'cancellation_fee': 'FIRST', 'breakfast': 1, 'base_price': 7500, 'prices': [7500], 'price': 7500, 'old_price': 7500, 'currency': 'RUB', 'payment_amount': 7500, 'extras_variants': [], 'extras': {'20449': {'id': 20449, 'number': 1, 'extra_bed_type_id': 0, 'age': [0, 6], 'extra_bed': 0, 'free': 1}}, 'rate_id': 28923, 'deals': [], 'cancellation_type': 'special', 'credit_card': 1, 'bonus': 375, 'miles': 450, 'min_stay': 1, 'platichastyami': 0, 'mircashback': 750}, {'id': 659527, 'capacity': 2, 'prepayment': 'NO', 'nonrefundable': 0, 'cancellation_period': 0, 'cancellation_fee': 'NO', 'breakfast': 1, 'base_price': 7650, 'prices': [7650], 'price': 7650, 'old_price': 7650, 'currency': 'RUB', 'payment_amount': 0, 'extras_variants': [], 'extras': {'20449': {'id': 20449, 'number': 1, 'extra_bed_type_id': 0, 'age': [0, 6], 'extra_bed': 0, 'free': 1}}, 'rate_id': 25605, 'deals': [], 'cancellation_type': 'free', 'credit_card': 0, 'bonus': 383, 'miles': 459, 'min_stay': 1, 'platichastyami': 0, 'mircashback': 765}]",5750.0,345,4060_101hotels,2026-08-26
2291430,,Апартаменты с видом на город,2,3,0,1,Апартаменты,14,1,[{'double': 1}],"[{'id': '26110', 'number': '1', 'min_age': '0', 'max_age': '7', 'is_extra_bed': '0', 'extra_bed_type_id': '0'}]","[{'id': 970451, 'capacity': 1, 'prepayment': 'FULL', 'nonrefundable': 0, 'cancellation_period': 0, 'cancellation_fee': 'NO', 'breakfast': 0, 'base_price': 16300, 'prices': [16300], 'price': 14670, 'old_price': 16300, 'currency': 'RUB', 'payment_amount': 16300, 'extras_variants': [], 'extras': {'26110': {'id': 26110, 'number': 1, 'extra_bed_type_id': 0, 'age': [0, 7], 'extra_bed': 0, 'free': 1}}, 'rate_id': 45650, 'deals': ['BASE'], 'cancellation_type': 'free', 'credit_card': 1, 'bonus': 734, 'miles': 879, 'min_stay': 1, 'platichastyami': 0, 'mircashback': 1467}, {'id': 970461, 'capacity': 1, 'prepayment': 'FULL', 'nonrefundable': 0, 'cancellation_period': 0, 'cancellation_fee': 'NO', 'breakfast': 1, 'base_price': 17300, 'prices': [17300], 'price': 17300, 'old_price': 17300, 'currency': 'RUB', 'payment_amount': 17300, 'extras_variants': [], 'extras': {'26110': {'id': 26110, 'number': 1, 'extra_bed_type_id': 0, 'age': [0, 7], 'extra_bed': 0, 'free': 1}}, 'rate_id': 45649, 'deals': [], 'cancellation_type': 'free', 'credit_card': 1, 'bonus': 865, 'miles': 1038, 'min_stay': 1, 'platichastyami': 0, 'mircashback': 1730}, {'id': 970452, 'capacity': 2, 'prepayment': 'FULL', 'nonrefundable': 0, 'cancellation_period': 0, 'cancellation_fee': 'NO', 'breakfast': 0, 'base_price': 17300, 'prices': [17300], 'price': 15570, 'old_price': 17300, 'currency': 'RUB', 'payment_amount': 17300, 'extras_variants': [], 'extras': {'26110': {'id': 26110, 'number': 1, 'extra_bed_type_id': 0, 'age': [0, 7], 'extra_bed': 0, 'free': 1}}, 'rate_id': 45650, 'deals': ['BASE'], 'cancellation_type': 'free', 'credit_card': 1, 'bonus': 779, 'miles': 933, 'min_stay': 1, 'platichastyami': 0, 'mircashback': 1557}, {'id': 970462, 'capacity': 2, 'prepayment': 'FULL', 'nonrefundable': 0, 'cancellation_period': 0, 'cancellation_fee': 'NO', 'breakfast': 1, 'base_price': 18300, 'prices': [18300], 'price': 18300, 'old_price': 18300, 'currency': 'RUB', 'payment_amount': 18300, 'extras_variants': [], 'extras': {'26110': {'id': 26110, 'number': 1, 'extra_bed_type_id': 0, 'age': [0, 7], 'extra_bed': 0, 'free': 1}}, 'rate_id': 45649, 'deals': [], 'cancellation_type': 'free', 'credit_card': 1, 'bonus': 915, 'miles': 1098, 'min_stay': 1, 'platichastyami': 0, 'mircashback': 1830}]",14670.0,879,671064_101hotels,2026-08-26
2315988,,Эконом,2,0,0,1,Двухместный,2,1,[{'double': 1}],"[{'id': '51168', 'number': '1', 'min_age': '0', 'max_age': '14', 'is_extra_bed': '0', 'extra_bed_type_id': '0'}]","[{'id': 1203170, 'capacity': 1, 'prepayment': 'FULL', 'nonrefundable': 0, 'cancellation_period': 1, 'cancellation_fee': 'FIRST', 'breakfast': 0, 'base_price': 4400, 'prices': [4400], 'price': 3960, 'old_price': 4400, 'currency': 'RUB', 'payment_amount': 4400, 'extras_variants': [], 'extras': {'51168': {'id': 51168, 'number': 1, 'extra_bed_type_id': 0, 'age': [0, 14], 'extra_bed': 0, 'free': 1}}, 'rate_id': 61553, 'deals': ['LAST_MINUTE'], 'cancellation_type': 'special', 'credit_card': 1, 'bonus': 198, 'miles': 237, 'min_stay': 1, 'platichastyami': 0, 'mircashback': 396}, {'id': 1225025, 'capacity': 2, 'prepayment': 'FULL', 'nonrefundable': 0, 'cancellation_period': 1, 'cancellation_fee': 'FIRST', 'breakfast': 0, 'base_price': 4400, 'prices': [4400], 'price': 3960, 'old_price': 4400, 'currency': 'RUB', 'payment_amount': 4400, 'extras_variants': [], 'extras': {'51168': {'id': 51168, 'number': 1, 'extra_bed_type_id': 0, 'age': [0, 14], 'extra_bed': 0, 'free': 1}}, 'rate_id': 61553, 'deals': ['LAST_MINUTE'], 'cancellation_type': 'special', 'credit_card': 1, 'bonus': 198, 'miles': 237, 'min_stay': 1, 'platichastyami': 0, 'mircashback': 396}]",3960.0,237,676828_101hotels,2026-08-26
2316009,,Стандарт,2,0,0,1,Двухместный,2,5,[{'double': 1}],[],"[{'id': 1203172, 'capacity': 1, 'prepayment': 'FULL', 'nonrefundable': 0, 'cancellation_period': 1, 'cancellation_fee': 'FIRST', 'breakfast': 0, 'base_price': 5500, 'prices': [5500], 'price': 4950, 'old_price': 5500, 'currency': 'RUB', 'payment_amount': 5500, 'extras_variants': [], 'extras': [], 'rate_id': 61553, 'deals': ['LAST_MINUTE'], 'cancellation_type': 'special', 'credit_card': 1, 'bonus': 248, 'miles': 297, 'min_stay': 1, 'platichastyami': 0, 'mircashback': 495}, {'id': 1203173, 'capacity': 2, 'prepayment': 'FULL', 'nonrefundable': 0, 'cancellation_period': 1, 'cancellation_fee': 'FIRST', 'breakfast': 0, 'base_price': 5500, 'prices': [5500], 'price': 4950, 'old_price': 5500, 'currency': 'RUB', 'payment_amount': 5500, 'extras_variants': [], 'extras': [], 'rate_id': 61553, 'deals': ['LAST_MINUTE'], 'cancellation_type': 'special', 'credit_card': 1, 'bonus': 248, 'miles': 297, 'min_stay': 1, 'platichastyami': 0, 'mircashback': 495}]",4950.0,297,676828_101hotels,2026-08-26
2316012,,Комфорт,2,0,0,1,Двухместный,2,2,[{'double': 1}],[],"[{'id': 1203174, 'capacity': 1, 'prepayment': 'FULL', 'nonrefundable': 0, 'cancellation_period': 1, 'cancellation_fee': 'FIRST', 'breakfast': 0, 'base_price': 6600, 'prices': [6600], 'price': 5940, 'old_price': 6600, 'currency': 'RUB', 'payment_amount': 6600, 'extras_variants': [], 'extras': [], 'rate_id': 61553, 'deals': ['LAST_MINUTE'], 'cancellation_type': 'special', 'credit_card': 1, 'bonus': 297, 'miles': 354, 'min_stay': 1, 'platichastyami': 0, 'mircashback': 594}, {'id': 1203175, 'capacity': 2, 'prepayment': 'FULL', 'nonrefundable': 0, 'cancellation_period': 1, 'cancellation_fee': 'FIRST', 'breakfast': 0, 'base_price': 6600, 'prices': [6600], 'price': 5940, 'old_price': 6600, 'currency': 'RUB', 'payment_amount': 6600, 'extras_variants': [], 'extras': [], 'rate_id': 61553, 'deals': ['LAST_MINUTE'], 'cancellation_type': 'special', 'credit_card': 1, 'bonus': 297, 'miles': 354, 'min_stay': 1, 'platichastyami': 0, 'mircashback': 594}]",5940.0,354,676828_101hotels,2026-08-26
2316046,,Люкс,2,0,0,1,Двухместный,2,1,[{'double': 1}],[],"[{'id': 1203171, 'capacity': 1, 'prepayment': 'FULL', 'nonrefundable': 0, 'cancellation_period': 1, 'cancellation_fee': 'FIRST', 'breakfast': 0, 'base_price': 7700, 'prices': [7700], 'price': 6930, 'old_price': 7700, 'currency': 'RUB', 'payment_amount': 7700, 'extras_variants': [], 'extras': [], 'rate_id': 61553, 'deals': ['LAST_MINUTE'], 'cancellation_type': 'special', 'credit_card': 1, 'bonus': 347, 'miles': 414, 'min_stay': 1, 'platichastyami': 0, 'mircashback': 693}, {'id': 1225024, 'capacity': 2, 'prepayment': 'FULL', 'nonrefundable': 0, 'cancellation_period': 1, 'cancellation_fee': 'FIRST', 'breakfast': 0, 'base_price': 7700, 'prices': [7700], 'price': 6930, 'old_price': 7700, 'currency': 'RUB', 'payment_amount': 7700, 'extras_variants': [], 'extras': [], 'rate_id': 61553, 'deals': ['LAST_MINUTE'], 'cancellation_type': 'special', 'credit_card': 1, 'bonus': 347, 'miles': 414, 'min_stay': 1, 'platichastyami': 0, 'mircashback': 693}]",6930.0,414,676828_101hotels,2026-08-26
2303794,,Уютные апартаменты рядом с Аэропортом,4,0,0,1,Апартаменты,14,1,"[{'double': 1, 'sofa': 1}]",[],"[{'id': 1068890, 'capacity': 1, 'prepayment': 'FULL', 'nonrefundable': 0, 'cancellation_period': 0, 'cancellation_fee': 'NO', 'breakfast': 0, 'base_price': 4725, 'prices': [4725], 'price': 4488.75, 'old_price': 4725, 'currency': 'RUB', 'payment_amount': 4725, 'extras_variants': [], 'extras': [], 'rate_id': 52525, 'deals': ['LAST_MINUTE'], 'cancellation_type': 'free', 'credit_card': 1, 'bonus': 224, 'miles': 267, 'min_stay': 1, 'platichastyami': 0, 'mircashback': 449}, {'id': 1068891, 'capacity': 2, 'prepayment': 'FULL', 'nonrefundable': 0, 'cancellation_period': 0, 'cancellation_fee': 'NO', 'breakfast': 0, 'base_price': 4725, 'prices': [4725], 'price': 4488.75, 'old_price': 4725, 'currency': 'RUB', 'payment_amount': 4725, 'extras_variants': [], 'extras': [], 'rate_id': 52525, 'deals': ['LAST_MINUTE'], 'cancellation_type': 'free', 'credit_card': 1, 'bonus': 224, 'miles': 267, 'min_stay': 1, 'platichastyami': 0, 'mircashback': 449}, {'id': 1068892, 'capacity': 3, 'prepayment': 'FULL', 'nonrefundable': 0, 'cancellation_period': 0, 'cancellation_fee': 'NO', 'breakfast': 0, 'base_price': 5225, 'prices': [5225], 'price': 4963.75, 'old_price': 5225, 'currency': 'RUB', 'payment_amount': 5225, 'extras_variants': [], 'extras': [], 'rate_id': 52525, 'deals': ['LAST_MINUTE'], 'cancellation_type': 'free', 'credit_card': 1, 'bonus': 248, 'miles': 297, 'min_stay': 1, 'platichastyami': 0, 'mircashback': 496}, {'id': 1068893, 'capacity': 4, 'prepayment': 'FULL', 'nonrefundable': 0, 'cancellation_period': 0, 'cancellation_fee': 'NO', 'breakfast': 0, 'base_price': 5725, 'prices': [5725], 'price': 5438.75, 'old_price': 5725, 'currency': 'RUB', 'payment_amount': 5725, 'extras_variants': [], 'extras': [], 'rate_id': 52525, 'deals': ['LAST_MINUTE'], 'cancellation_type': 'free', 'credit_card': 1, 'bonus': 272, 'miles': 324, 'min_stay': 1, 'platichastyami': 0, 'mircashback': 544}]",4488.75,267,674055_101hotels,2026-08-26
2284180,,Стихия,2,0,0,1,Апартаменты,14,1,[{'double': 1}],[],"[{'id': 892472, 'capacity': 1, 'prepayment': 'FULL', 'nonrefundable': 0, 'cancellation_period': 0, 'cancellation_fee': 'NO', 'breakfast': 0, 'base_price': 4050, 'prices': [4050], 'price': 3847.5, 'old_price': 4050, 'currency': 'RUB', 'payment_amount': 4050, 'extras_variants': [], 'extras': [], 'rate_id': 41220, 'deals': ['LAST_MINUTE'], 'cancellation_type': 'free', 'credit_card': 1, 'bonus': 192, 'miles': 228, 'min_stay': 1, 'platichastyami': 0, 'mircashback': 385}, {'id': 892473, 'capacity': 2, 'prepayment': 'FULL', 'nonrefundable': 0, 'cancellation_period': 0, 'cancellation_fee': 'NO', 'breakfast': 0, 'base_price': 4050, 'prices': [4050], 'price': 3847.5, 'old_price': 4050, 'currency': 'RUB', 'payment_amount': 4050, 'extras_variants': [], 'extras': [], 'rate_id': 41220, 'deals': ['LAST_MINUTE'], 'cancellation_type': 'free', 'credit_card': 1, 'bonus': 192, 'miles': 228, 'min_stay': 1, 'platichastyami': 0, 'mircashback': 385}]",3847.5,228,669305_101hotels,2026-08-26
2290057,,Новая студия Тишь для лечения и отдыха,2,1,0,1,Двухместный,2,1,"[{'double': 1, 's-sofa': 1}]","[{'id': '17655', 'number': '1', 'min_age': '0', 'max_age': '18', 'is_extra_bed': '1', 'extra_bed_type_id': '1'}]","[{'id': 965212, 'capacity': 1, 'prepayment': 'FULL', 'nonrefundable': 0, 'cancellation_period': 0, 'cancellation_fee': 'NO', 'breakfast': 0, 'base_price': 3600, 'prices': [3600], 'price': 3420, 'old_price': 3600, 'currency': 'RUB', 'payment_amount': 3600, 'extras_variants': [], 'extras': {'17655': {'id': 17655, 'number': 1, 'extra_bed_type_id': 1, 'age': [0, 18], 'extra_bed': 1, 'free': 1}}, 'rate_id': 45396, 'deals': ['LAST_MINUTE'], 'cancellation_type': 'free', 'credit_card': 1, 'bonus': 171, 'miles': 204, 'min_stay': 1, 'platichastyami': 0, 'mircashback': 342}, {'id': 965213, 'capacity': 2, 'prepayment': 'FULL', 'nonrefundable': 0, 'cancellation_period': 0, 'cancellation_fee': 'NO', 'breakfast': 0, 'base_price': 3600, 'prices': [3600], 'price': 3420, 'old_price': 3600, 'currency': 'RUB', 'payment_amount': 3600, 'extras_variants': [], 'extras': {'17655': {'id': 17655, 'number': 1, 'extra_bed_type_id': 1, 'age': [0, 18], 'extra_bed': 1, 'free': 1}}, 'rate_id': 45396, 'deals': ['LAST_MINUTE'], 'cancellation_type': 'free', 'credit_card': 1, 'bonus': 171, 'miles': 204, 'min_stay': 1, 'platichastyami': 0, 'mircashback': 342}]",3420.0,204,670703_101hotels,2026-08-26
2290058,,Новая студия Благодать,2,1,0,1,Двухместный,2,1,"[{'double': 1, 's-sofa': 1}]","[{'id': '17657', 'number': '1', 'min_age': '0', 'max_age': '18', 'is_extra_bed': '1', 'extra_bed_type_id': '1'}]","[{'id': 965214, 'capacity': 1, 'prepayment': 'FULL', 'nonrefundable': 0, 'cancellation_period': 0, 'cancellation_fee': 'NO', 'breakfast': 0, 'base_price': 3313, 'prices': [3313], 'price': 3147.35, 'old_price': 3313, 'currency': 'RUB', 'payment_amount': 3313, 'extras_variants': [], 'extras': {'17657': {'id': 17657, 'number': 1, 'extra_bed_type_id': 1, 'age': [0, 18], 'extra_bed': 1, 'free': 1}}, 'rate_id': 45396, 'deals': ['LAST_MINUTE'], 'cancellation_type': 'free', 'credit_card': 1, 'bonus': 157, 'miles': 186, 'min_stay': 1, 'platichastyami': 0, 'mircashback': 315}, {'id': 965215, 'capacity': 2, 'prepayment': 'FULL', 'nonrefundable': 0, 'cancellation_period': 0, 'cancellation_fee': 'NO', 'breakfast': 0, 'base_price': 3313, 'prices': [3313], 'price': 3147.35, 'old_price': 3313, 'currency': 'RUB', 'payment_amount': 3313, 'extras_variants': [], 'extras': {'17657': {'id': 17657, 'number': 1, 'extra_bed_type_id': 1, 'age': [0, 18], 'extra_bed': 1, 'free': 1}}, 'rate_id': 45396, 'deals': ['LAST_MINUTE'], 'cancellation_type': 'free', 'credit_card': 1, 'bonus': 157, 'miles': 186, 'min_stay': 1, 'platichastyami': 0, 'mircashback': 315}]",3147.35,186,670703_101hotels,2026-08-26
2290063,,Новая студия Гладь,2,1,0,1,Двухместный,2,1,"[{'single': 2, 'f-chair': 1}]","[{'id': '17656', 'number': '1', 'min_age': '0', 'max_age': '18', 'is_extra_bed': '1', 'extra_bed_type_id': '2'}]","[{'id': 965216, 'capacity': 1, 'prepayment': 'FULL', 'nonrefundable': 0, 'cancellation_period': 0, 'cancellation_fee': 'NO', 'breakfast': 0, 'base_price': 3000, 'prices': [3000], 'price': 2850, 'old_price': 3000, 'currency': 'RUB', 'payment_amount': 3000, 'extras_variants': [], 'extras': {'17656': {'id': 17656, 'number': 1, 'extra_bed_type_id': 2, 'age': [0, 18], 'extra_bed': 1, 'free': 1}}, 'rate_id': 45396, 'deals': ['LAST_MINUTE'], 'cancellation_type': 'free', 'credit_card': 1, 'bonus': 143, 'miles': 171, 'min_stay': 1, 'platichastyami': 0, 'mircashback': 285}, {'id': 965217, 'capacity': 2, 'prepayment': 'FULL', 'nonrefundable': 0, 'cancellation_period': 0, 'cancellation_fee': 'NO', 'breakfast': 0, 'base_price': 3000, 'prices': [3000], 'price': 2850, 'old_price': 3000, 'currency': 'RUB', 'payment_amount': 3000, 'extras_variants': [], 'extras': {'17656': {'id': 17656, 'number': 1, 'extra_bed_type_id': 2, 'age': [0, 18], 'extra_bed': 1, 'free': 1}}, 'rate_id': 45396, 'deals': ['LAST_MINUTE'], 'cancellation_type': 'free', 'credit_card': 1, 'bonus': 143, 'miles': 171, 'min_stay': 1, 'platichastyami': 0, 'mircashback': 285}]",2850.0,171,670703_101hotels,2026-08-26
2274283,,Апартаменты Лето,2,0,0,1,Двухместный,2,1,[{'single': 2}],[],"[{'id': 790262, 'capacity': 1, 'prepayment': 'FULL', 'nonrefundable': 0, 'cancellation_period': 0, 'cancellation_fee': 'NO', 'breakfast': 0, 'base_price': 3900, 'prices': [3900], 'price': 3705, 'old_price': 3900, 'currency': 'RUB', 'payment_amount': 3900, 'extras_variants': [], 'extras': [], 'rate_id': 35631, 'deals': ['LAST_MINUTE'], 'cancellation_type': 'free', 'credit_card': 1, 'bonus': 185, 'miles': 222, 'min_stay': 1, 'platichastyami': 0, 'mircashback': 371}, {'id': 790263, 'capacity': 2, 'prepayment': 'FULL', 'nonrefundable': 0, 'cancellation_period': 0, 'cancellation_fee': 'NO', 'breakfast': 0, 'base_price': 3900, 'prices': [3900], 'price': 3705, 'old_price': 3900, 'currency': 'RUB', 'payment_amount': 3900, 'extras_variants': [], 'extras': [], 'rate_id': 35631, 'deals': ['LAST_MINUTE'], 'cancellation_type': 'free', 'credit_card': 1, 'bonus': 185, 'miles': 222, 'min_stay': 1, 'platichastyami': 0, 'mircashback': 371}]",3705.0,222,666215_101hotels,2026-08-26
2274285,,Апартаменты Озеро,2,0,0,1,Двухместный,2,1,[{'double': 1}],[],"[{'id': 790264, 'capacity': 1, 'prepayment': 'FULL', 'nonrefundable': 0, 'cancellation_period': 0, 'cancellation_fee': 'NO', 'breakfast': 0, 'base_price': 3750, 'prices': [3750], 'price': 3562.5, 'old_price': 3750, 'currency': 'RUB', 'payment_amount': 3750, 'extras_variants': [], 'extras': [], 'rate_id': 35631, 'deals': ['LAST_MINUTE'], 'cancellation_type': 'free', 'credit_card': 1, 'bonus': 178, 'miles': 213, 'min_stay': 1, 'platichastyami': 0, 'mircashback': 356}, {'id': 790265, 'capacity': 2, 'prepayment': 'FULL', 'nonrefundable': 0, 'cancellation_period': 0, 'cancellation_fee': 'NO', 'breakfast': 0, 'base_price': 3750, 'prices': [3750], 'price': 3562.5, 'old_price': 3750, 'currency': 'RUB', 'payment_amount': 3750, 'extras_variants': [], 'extras': [], 'rate_id': 35631, 'deals': ['LAST_MINUTE'], 'cancellation_type': 'free', 'credit_card': 1, 'bonus': 178, 'miles': 213, 'min_stay': 1, 'platichastyami': 0, 'mircashback': 356}]",3562.5,213,666215_101hotels,2026-08-26
2274286,,Апартаменты Экзотика,2,0,0,1,Двухместный,2,1,[{'double': 1}],[],"[{'id': 790266, 'capacity': 1, 'prepayment': 'FULL', 'nonrefundable': 0, 'cancellation_period': 0, 'cancellation_fee': 'NO', 'breakfast': 0, 'base_price': 3900, 'prices': [3900], 'price': 3705, 'old_price': 3900, 'currency': 'RUB', 'payment_amount': 3900, 'extras_variants': [], 'extras': [], 'rate_id': 35631, 'deals': ['LAST_MINUTE'], 'cancellation_type': 'free', 'credit_card': 1, 'bonus': 185, 'miles': 222, 'min_stay': 1, 'platichastyami': 0, 'mircashback': 371}, {'id': 790267, 'capacity': 2, 'prepayment': 'FULL', 'nonrefundable': 0, 'cancellation_period': 0, 'cancellation_fee': 'NO', 'breakfast': 0, 'base_price': 3900, 'prices': [3900], 'price': 3705, 'old_price': 3900, 'currency': 'RUB', 'payment_amount': 3900, 'extras_variants': [], 'extras': [], 'rate_id': 35631, 'deals': ['LAST_MINUTE'], 'cancellation_type': 'free', 'credit_card': 1, 'bonus': 185, 'miles': 222, 'min_stay': 1, 'platichastyami': 0, 'mircashback': 371}]",3705.0,222,666215_101hotels,2026-08-26
1754408,,С 2 отдельными кроватями,2,0,0,1,Двухместный,2,10,[{'single': 2}],[],"[{'id': 857249, 'capacity': 1, 'prepayment': 'FIRST', 'nonrefundable': 0, 'cancellation_period': 0, 'cancellation_fee': 'NO', 'breakfast': 0, 'base_price': 2850, 'prices': [2850], 'price': 2850, 'old_price': 2850, 'currency': 'RUB', 'payment_amount': 2850, 'extras_variants': [], 'extras': [], 'rate_id': 39085, 'deals': [], 'cancellation_type': 'free', 'credit_card': 1, 'bonus': 143, 'miles': 171, 'min_stay': 1, 'platichastyami': 0, 'mircashback': 285}, {'id': 857250, 'capacity': 2, 'prepayment': 'FIRST', 'nonrefundable': 0, 'cancellation_period': 0, 'cancellation_fee': 'NO', 'breakfast': 0, 'base_price': 2950, 'prices': [2950], 'price': 2950, 'old_price': 2950, 'currency': 'RUB', 'payment_amount': 2950, 'extras_variants': [], 'extras': [], 'rate_id': 39085, 'deals': [], 'cancellation_type': 'free', 'credit_card': 1, 'bonus': 148, 'miles': 177, 'min_stay': 1, 'platichastyami': 0, 'mircashback': 295}]",2850.0,171,514851_101hotels,2026-08-26
1754409,,,2,0,0,1,Семейный,44,7,[{'single': 1}],[],"[{'id': 857256, 'capacity': 1, 'prepayment': 'FIRST', 'nonrefundable': 0, 'cancellation_period': 0, 'cancellation_fee': 'NO', 'breakfast': 0, 'base_price': 2600, 'prices': [2600], 'price': 2600, 'old_price': 2600, 'currency': 'RUB', 'payment_amount': 2600, 'extras_variants': [], 'extras': [], 'rate_id': 39085, 'deals': [], 'cancellation_type': 'free', 'credit_card': 1, 'bonus': 130, 'miles': 156, 'min_stay': 1, 'platichastyami': 0, 'mircashback': 260}, {'id': 857257, 'capacity': 2, 'prepayment': 'FIRST', 'nonrefundable': 0, 'cancellation_period': 0, 'cancellation_fee': 'NO', 'breakfast': 0, 'base_price': 2700, 'prices': [2700], 'price': 2700, 'old_price': 2700, 'currency': 'RUB', 'payment_amount': 2700, 'extras_variants': [], 'extras': [], 'rate_id': 39085, 'deals': [], 'cancellation_type': 'free', 'credit_card': 1, 'bonus': 135, 'miles': 162, 'min_stay': 1, 'platichastyami': 0, 'mircashback': 270}]",2600.0,156,514851_101hotels,2026-08-26
1754411,,Люкс,3,1,0,1,Сюит,27,1,"[{'double': 1}, {'sofa': 1}]",[],"[{'id': 857251, 'capacity': 1, 'prepayment': 'FIRST', 'nonrefundable': 0, 'cancellation_period': 0, 'cancellation_fee': 'NO', 'breakfast': 0, 'base_price': 3600, 'prices': [3600], 'price': 3600, 'old_price': 3600, 'currency': 'RUB', 'payment_amount': 3600, 'extras_variants': [], 'extras': [], 'rate_id': 39085, 'deals': [], 'cancellation_type': 'free', 'credit_card': 1, 'bonus': 180, 'miles': 216, 'min_stay': 1, 'platichastyami': 0, 'mircashback': 360}, {'id': 857252, 'capacity': 2, 'prepayment': 'FIRST', 'nonrefundable': 0, 'cancellation_period': 0, 'cancellation_fee': 'NO', 'breakfast': 0, 'base_price': 3700, 'prices': [3700], 'price': 3700, 'old_price': 3700, 'currency': 'RUB', 'payment_amount': 3700, 'extras_variants': [], 'extras': [], 'rate_id': 39085, 'deals': [], 'cancellation_type': 'free', 'credit_card': 1, 'bonus': 185, 'miles': 222, 'min_stay': 1, 'platichastyami': 0, 'mircashback': 370}, {'id': 857259, 'capacity': 3, 'prepayment': 'FIRST', 'nonrefundable': 0, 'cancellation_period': 0, 'cancellation_fee': 'NO', 'breakfast': 0, 'base_price': 5300, 'prices': [5300], 'price': 5300, 'old_price': 5300, 'currency': 'RUB', 'payment_amount': 5300, 'extras_variants': [], 'extras': [], 'rate_id': 39085, 'deals': [], 'cancellation_type': 'free', 'credit_card': 1, 'bonus': 265, 'miles': 318, 'min_stay': 1, 'platichastyami': 0, 'mircashback': 530}]",3600.0,216,514851_101hotels,2026-08-26
1754412,,Кровать в общем номере,3,0,1,0,Трехместный,37,4,[{'single': 1}],[],"[{'id': 857253, 'capacity': 1, 'prepayment': 'FIRST', 'nonrefundable': 0, 'cancellation_period': 0, 'cancellation_fee': 'NO', 'breakfast': 0, 'base_price': 1200, 'prices': [1200], 'price': 1200, 'old_price': 1200, 'currency': 'RUB', 'payment_amount': 1200, 'extras_variants': [], 'extras': [], 'rate_id': 39085, 'deals': [], 'cancellation_type': 'free', 'credit_card': 1, 'bonus': 60, 'miles': 72, 'min_stay': 1, 'platichastyami': 0, 'mircashback': 120}]",1200.0,72,514851_101hotels,2026-08-26
1754413,,Кровать в общем номере,8,0,1,0,Восьмиместный,38,8,[{'single': 1}],[],"[{'id': 857258, 'capacity': 1, 'prepayment': 'FIRST', 'nonrefundable': 0, 'cancellation_period': 0, 'cancellation_fee': 'NO', 'breakfast': 0, 'base_price': 1200, 'prices': [1200], 'price': 1200, 'old_price': 1200, 'currency': 'RUB', 'payment_amount': 1200, 'extras_variants': [], 'extras': [], 'rate_id': 39085, 'deals': [], 'cancellation_type': 'free', 'credit_card': 1, 'bonus': 60, 'miles': 72, 'min_stay': 1, 'platichastyami': 0, 'mircashback': 120}]",1200.0,72,514851_101hotels,2026-08-26
1334467,,"Стандарт, Double/Twin",2,0,0,1,Двухместный,2,2,"[{'single': 2}, {'double': 1}]",[],"[{'id': 755001, 'capacity': 1, 'prepayment': 'NO', 'nonrefundable': 0, 'cancellation_period': 0, 'cancellation_fee': 'NO', 'breakfast': 1, 'base_price': 8900, 'prices': [8900], 'price': 8900, 'old_price': 8900, 'currency': 'RUB', 'payment_amount': 0, 'extras_variants': [], 'extras': [], 'rate_id': 32986, 'deals': [], 'cancellation_type': 'free', 'credit_card': 0, 'bonus': 445, 'miles': 534, 'min_stay': 1, 'platichastyami': 0, 'mircashback': 890}, {'id': 755002, 'capacity': 2, 'prepayment': 'NO', 'nonrefundable': 0, 'cancellation_period': 0, 'cancellation_fee': 'NO', 'breakfast': 1, 'base_price': 9900, 'prices': [9900], 'price': 9900, 'old_price': 9900, 'currency': 'RUB', 'payment_amount': 0, 'extras_variants': [], 'extras': [], 'rate_id': 32986, 'deals': [], 'cancellation_type': 'free', 'credit_card': 0, 'bonus': 495, 'miles': 594, 'min_stay': 1, 'platichastyami': 0, 'mircashback': 990}]",8900.0,534,406989_101hotels,2026-08-26
2269881,,Дизайнерский - Ретро,2,0,0,1,Двухместный,2,2,[{'double': 1}],[],"[{'id': 755000, 'capacity': 1, 'prepayment': 'NO', 'nonrefundable': 0, 'cancellation_period': 0, 'cancellation_fee': 'NO', 'breakfast': 1, 'base_price': 8900, 'prices': [8900], 'price': 8900, 'old_price': 8900, 'currency': 'RUB', 'payment_amount': 0, 'extras_variants': [], 'extras': [], 'rate_id': 32986, 'deals': [], 'cancellation_type': 'free', 'credit_card': 0, 'bonus': 445, 'miles': 534, 'min_stay': 1, 'platichastyami': 0, 'mircashback': 890}, {'id': 755014, 'capacity': 2, 'prepayment': 'NO', 'nonrefundable': 0, 'cancellation_period': 0, 'cancellation_fee': 'NO', 'breakfast': 1, 'base_price': 9900, 'prices': [9900], 'price': 9900, 'old_price': 9900, 'currency': 'RUB', 'payment_amount': 0, 'extras_variants': [], 'extras': [], 'rate_id': 32986, 'deals': [], 'cancellation_type': 'free', 'credit_card': 0, 'bonus': 495, 'miles': 594, 'min_stay': 1, 'platichastyami': 0, 'mircashback': 990}]",8900.0,534,406989_101hotels,2026-08-26
2269883,,Улучшенный стандартный,2,0,0,1,Двухместный,2,1,"[{'single': 2}, {'double': 2}]",[],"[{'id': 755003, 'capacity': 1, 'prepayment': 'NO', 'nonrefundable': 0, 'cancellation_period': 0, 'cancellation_fee': 'NO', 'breakfast': 1, 'base_price': 8900, 'prices': [8900], 'price': 8900, 'old_price': 8900, 'currency': 'RUB', 'payment_amount': 0, 'extras_variants': [], 'extras': [], 'rate_id': 32986, 'deals': [], 'cancellation_type': 'free', 'credit_card': 0, 'bonus': 445, 'miles': 534, 'min_stay': 1, 'platichastyami': 0, 'mircashback': 890}, {'id': 755004, 'capacity': 2, 'prepayment': 'NO', 'nonrefundable': 0, 'cancellation_period': 0, 'cancellation_fee': 'NO', 'breakfast': 1, 'base_price': 9900, 'prices': [9900], 'price': 9900, 'old_price': 9900, 'currency': 'RUB', 'payment_amount': 0, 'extras_variants': [], 'extras': [], 'rate_id': 32986, 'deals': [], 'cancellation_type': 'free', 'credit_card': 0, 'bonus': 495, 'miles': 594, 'min_stay': 1, 'platichastyami': 0, 'mircashback': 990}]",8900.0,534,406989_101hotels,2026-08-26
2241251,,С ванной,2,0,0,1,Полулюкс,4,1,[{'double': 1}],[],"[{'id': 475023, 'capacity': 1, 'prepayment': 'FIRST', 'nonrefundable': 0, 'cancellation_period': 7, 'cancellation_fee': 'FIRST', 'breakfast': 0, 'base_price': 9200, 'prices': [9200], 'price': 8280, 'old_price': 9200, 'currency': 'RUB', 'payment_amount': 9200, 'extras_variants': [], 'extras': [], 'rate_id': 12700, 'deals': ['LAST_MINUTE'], 'cancellation_type': 'special', 'credit_card': 1, 'bonus': 414, 'miles': 495, 'min_stay': 1, 'platichastyami': 0, 'mircashback': 828}, {'id': 475014, 'capacity': 1, 'prepayment': 'FIRST', 'nonrefundable': 0, 'cancellation_period': 7, 'cancellation_fee': 'FIRST', 'breakfast': 1, 'base_price': 10800, 'prices': [10800], 'price': 10800, 'old_price': 10800, 'currency': 'RUB', 'payment_amount': 10800, 'extras_variants': [], 'extras': [], 'rate_id': 12699, 'deals': [], 'cancellation_type': 'special', 'credit_card': 1, 'bonus': 540, 'miles': 648, 'min_stay': 1, 'platichastyami': 0, 'mircashback': 1080}, {'id': 475024, 'capacity': 2, 'prepayment': 'FIRST', 'nonrefundable': 0, 'cancellation_period': 7, 'cancellation_fee': 'FIRST', 'breakfast': 0, 'base_price': 9200, 'prices': [9200], 'price': 8280, 'old_price': 9200, 'currency': 'RUB', 'payment_amount': 9200, 'extras_variants': [], 'extras': [], 'rate_id': 12700, 'deals': ['LAST_MINUTE'], 'cancellation_type': 'special', 'credit_card': 1, 'bonus': 414, 'miles': 495, 'min_stay': 1, 'platichastyami': 0, 'mircashback': 828}, {'id': 475015, 'capacity': 2, 'prepayment': 'FIRST', 'nonrefundable': 0, 'cancellation_period': 7, 'cancellation_fee': 'FIRST', 'breakfast': 1, 'base_price': 10800, 'prices': [10800], 'price': 10800, 'old_price': 10800, 'currency': 'RUB', 'payment_amount': 10800, 'extras_variants': [], 'extras': [], 'rate_id': 12699, 'deals': [], 'cancellation_type': 'special', 'credit_card': 1, 'bonus': 540, 'miles': 648, 'min_stay': 1, 'platichastyami': 0, 'mircashback': 1080}]",8280.0,495,649990_101hotels,2026-08-26
1336388,,Стандарт для людей с ограниченными возможностями,2,1,0,1,Двухместный,2,1,"[{'single': 2}, {'double': 1}]","[{'id': '52691', 'number': '1', 'min_age': '0', 'max_age': '6', 'is_extra_bed': '0', 'extra_bed_type_id': '0'}, {'id': '52692', 'number': '1', 'min_age': '0', 'max_age': '6', 'is_extra_bed': '1', 'extra_bed_type_id': '3'}]","[{'id': 594736, 'capacity': 1, 'prepayment': 'NO', 'nonrefundable': 0, 'cancellation_period': 0, 'cancellation_fee': 'NO', 'breakfast': 0, 'base_price': 7900, 'prices': [7900], 'price': 7900, 'old_price': 7900, 'currency': 'RUB', 'payment_amount': 0, 'extras_variants': [], 'extras': {'52691': {'id': 52691, 'number': 1, 'extra_bed_type_id': 0, 'age': [0, 6], 'extra_bed': 0, 'free': 1}, '52692': {'id': 52692, 'number': 1, 'extra_bed_type_id': 3, 'age': [0, 6], 'extra_bed': 1, 'free': 1}}, 'rate_id': 20742, 'deals': [], 'cancellation_type': 'free', 'credit_card': 0, 'bonus': 395, 'miles': 474, 'min_stay': 1, 'platichastyami': 0, 'mircashback': 790}, {'id': 594727, 'capacity': 1, 'prepayment': 'NO', 'nonrefundable': 0, 'cancellation_period': 0, 'cancellation_fee': 'NO', 'breakfast': 6, 'base_price': 8600, 'prices': [8600], 'price': 8600, 'old_price': 8600, 'currency': 'RUB', 'payment_amount': 0, 'extras_variants': [], 'extras': {'52691': {'id': 52691, 'number': 1, 'extra_bed_type_id': 0, 'age': [0, 6], 'extra_bed': 0, 'free': 1}, '52692': {'id': 52692, 'number': 1, 'extra_bed_type_id': 3, 'age': [0, 6], 'extra_bed': 1, 'free': 1}}, 'rate_id': 20741, 'deals': [], 'cancellation_type': 'free', 'credit_card': 0, 'bonus': 430, 'miles': 516, 'min_stay': 1, 'platichastyami': 0, 'mircashback': 860}, {'id': 594737, 'capacity': 2, 'prepayment': 'NO', 'nonrefundable': 0, 'cancellation_period': 0, 'cancellation_fee': 'NO', 'breakfast': 0, 'base_price': 8900, 'prices': [8900], 'price': 8900, 'old_price': 8900, 'currency': 'RUB', 'payment_amount': 0, 'extras_variants': [], 'extras': {'52691': {'id': 52691, 'number': 1, 'extra_bed_type_id': 0, 'age': [0, 6], 'extra_bed': 0, 'free': 1}, '52692': {'id': 52692, 'number': 1, 'extra_bed_type_id': 3, 'age': [0, 6], 'extra_bed': 1, 'free': 1}}, 'rate_id': 20742, 'deals': [], 'cancellation_type': 'free', 'credit_card': 0, 'bonus': 445, 'miles': 534, 'min_stay': 1, 'platichastyami': 0, 'mircashback': 890}, {'id': 594728, 'capacity': 2, 'prepayment': 'NO', 'nonrefundable': 0, 'cancellation_period': 0, 'cancellation_fee': 'NO', 'breakfast': 6, 'base_price': 10300, 'prices': [10300], 'price': 10300, 'old_price': 10300, 'currency': 'RUB', 'payment_amount': 0, 'extras_variants': [], 'extras': {'52691': {'id': 52691, 'number': 1, 'extra_bed_type_id': 0, 'age': [0, 6], 'extra_bed': 0, 'free': 1}, '52692': {'id': 52692, 'number': 1, 'extra_bed_type_id': 3, 'age': [0, 6], 'extra_bed': 1, 'free': 1}}, 'rate_id': 20741, 'deals': [], 'cancellation_type': 'free', 'credit_card': 0, 'bonus': 515, 'miles': 618, 'min_stay': 1, 'platichastyami': 0, 'mircashback': 1030}, {'id': '594736P', 'capacity': 1, 'prepayment': 'FULL', 'nonrefundable': 0, 'cancellation_period': 0, 'cancellation_fee': 'NO', 'breakfast': 0, 'base_price': 7900, 'prices': [7900], 'price': 7900, 'old_price': 7900, 'currency': 'RUB', 'payment_amount': 7900, 'extras_variants': [], 'extras': {'52691': {'id': 52691, 'number': 1, 'extra_bed_type_id': 0, 'age': [0, 6], 'extra_bed': 0, 'free': 1}, '52692': {'id': 52692, 'number': 1, 'extra_bed_type_id': 3, 'age': [0, 6], 'extra_bed': 1, 'free': 1}}, 'rate_id': 20742, 'deals': [], 'cancellation_type': 'free', 'credit_card': 0, 'bonus': 395, 'miles': 474, 'min_stay': 1, 'platichastyami': 0, 'mircashback': 790}, {'id': '594727P', 'capacity': 1, 'prepayment': 'FULL', 'nonrefundable': 0, 'cancellation_period': 0, 'cancellation_fee': 'NO', 'breakfast': 6, 'base_price': 8600, 'prices': [8600], 'price': 8600, 'old_price': 8600, 'currency': 'RUB', 'payment_amount': 8600, 'extras_variants': [], 'extras': {'52691': {'id': 52691, 'number': 1, 'extra_bed_type_id': 0, 'age': [0, 6], 'extra_bed': 0, 'free': 1}, '52692': {'id': 52692, 'number': 1, 'extra_bed_type_id': 3, 'age': [0, 6], 'extra_bed': 1, 'free': 1}}, 'rate_id': 20741, 'deals': [], 'cancellation_type': 'free', 'credit_card': 0, 'bonus': 430, 'miles': 516, 'min_stay': 1, 'platichastyami': 0, 'mircashback': 860}, {'id': '594737P', 'capacity': 2, 'prepayment': 'FULL', 'nonrefundable': 0, 'cancellation_period': 0, 'cancellation_fee': 'NO', 'breakfast': 0, 'base_price': 8900, 'prices': [8900], 'price': 8900, 'old_price': 8900, 'currency': 'RUB', 'payment_amount': 8900, 'extras_variants': [], 'extras': {'52691': {'id': 52691, 'number': 1, 'extra_bed_type_id': 0, 'age': [0, 6], 'extra_bed': 0, 'free': 1}, '52692': {'id': 52692, 'number': 1, 'extra_bed_type_id': 3, 'age': [0, 6], 'extra_bed': 1, 'free': 1}}, 'rate_id': 20742, 'deals': [], 'cancellation_type': 'free', 'credit_card': 0, 'bonus': 445, 'miles': 534, 'min_stay': 1, 'platichastyami': 0, 'mircashback': 890}, {'id': '594728P', 'capacity': 2, 'prepayment': 'FULL', 'nonrefundable': 0, 'cancellation_period': 0, 'cancellation_fee': 'NO', 'breakfast': 6, 'base_price': 10300, 'prices': [10300], 'price': 10300, 'old_price': 10300, 'currency': 'RUB', 'payment_amount': 10300, 'extras_variants': [], 'extras': {'52691': {'id': 52691, 'number': 1, 'extra_bed_type_id': 0, 'age': [0, 6], 'extra_bed': 0, 'free': 1}, '52692': {'id': 52692, 'number': 1, 'extra_bed_type_id': 3, 'age': [0, 6], 'extra_bed': 1, 'free': 1}}, 'rate_id': 20741, 'deals': [], 'cancellation_type': 'free', 'credit_card': 0, 'bonus': 515, 'miles': 618, 'min_stay': 1, 'platichastyami': 0, 'mircashback': 1030}]",7900.0,474,421457_101hotels,2026-08-26
1336395,,Полулюкс,2,1,0,1,Двухместный,2,6,"[{'single': 2}, {'double': 1}]","[{'id': '52695', 'number': '1', 'min_age': '0', 'max_age': '6', 'is_extra_bed': '1', 'extra_bed_type_id': '3'}, {'id': '52696', 'number': '1', 'min_age': '0', 'max_age': '6', 'is_extra_bed': '0', 'extra_bed_type_id': '0'}]","[{'id': 594738, 'capacity': 1, 'prepayment': 'NO', 'nonrefundable': 0, 'cancellation_period': 0, 'cancellation_fee': 'NO', 'breakfast': 0, 'base_price': 7900, 'prices': [7900], 'price': 7900, 'old_price': 7900, 'currency': 'RUB', 'payment_amount': 0, 'extras_variants': [], 'extras': {'52695': {'id': 52695, 'number': 1, 'extra_bed_type_id': 3, 'age': [0, 6], 'extra_bed': 1, 'free': 1}, '52696': {'id': 52696, 'number': 1, 'extra_bed_type_id': 0, 'age': [0, 6], 'extra_bed': 0, 'free': 1}}, 'rate_id': 20742, 'deals': [], 'cancellation_type': 'free', 'credit_card': 0, 'bonus': 395, 'miles': 474, 'min_stay': 1, 'platichastyami': 0, 'mircashback': 790}, {'id': 594729, 'capacity': 1, 'prepayment': 'NO', 'nonrefundable': 0, 'cancellation_period': 0, 'cancellation_fee': 'NO', 'breakfast': 6, 'base_price': 8600, 'prices': [8600], 'price': 8600, 'old_price': 8600, 'currency': 'RUB', 'payment_amount': 0, 'extras_variants': [], 'extras': {'52695': {'id': 52695, 'number': 1, 'extra_bed_type_id': 3, 'age': [0, 6], 'extra_bed': 1, 'free': 1}, '52696': {'id': 52696, 'number': 1, 'extra_bed_type_id': 0, 'age': [0, 6], 'extra_bed': 0, 'free': 1}}, 'rate_id': 20741, 'deals': [], 'cancellation_type': 'free', 'credit_card': 0, 'bonus': 430, 'miles': 516, 'min_stay': 1, 'platichastyami': 0, 'mircashback': 860}, {'id': 594739, 'capacity': 2, 'prepayment': 'NO', 'nonrefundable': 0, 'cancellation_period': 0, 'cancellation_fee': 'NO', 'breakfast': 0, 'base_price': 8900, 'prices': [8900], 'price': 8900, 'old_price': 8900, 'currency': 'RUB', 'payment_amount': 0, 'extras_variants': [], 'extras': {'52695': {'id': 52695, 'number': 1, 'extra_bed_type_id': 3, 'age': [0, 6], 'extra_bed': 1, 'free': 1}, '52696': {'id': 52696, 'number': 1, 'extra_bed_type_id': 0, 'age': [0, 6], 'extra_bed': 0, 'free': 1}}, 'rate_id': 20742, 'deals': [], 'cancellation_type': 'free', 'credit_card': 0, 'bonus': 445, 'miles': 534, 'min_stay': 1, 'platichastyami': 0, 'mircashback': 890}, {'id': 594730, 'capacity': 2, 'prepayment': 'NO', 'nonrefundable': 0, 'cancellation_period': 0, 'cancellation_fee': 'NO', 'breakfast': 6, 'base_price': 10300, 'prices': [10300], 'price': 10300, 'old_price': 10300, 'currency': 'RUB', 'payment_amount': 0, 'extras_variants': [], 'extras': {'52695': {'id': 52695, 'number': 1, 'extra_bed_type_id': 3, 'age': [0, 6], 'extra_bed': 1, 'free': 1}, '52696': {'id': 52696, 'number': 1, 'extra_bed_type_id': 0, 'age': [0, 6], 'extra_bed': 0, 'free': 1}}, 'rate_id': 20741, 'deals': [], 'cancellation_type': 'free', 'credit_card': 0, 'bonus': 515, 'miles': 618, 'min_stay': 1, 'platichastyami': 0, 'mircashback': 1030}, {'id': '594738P', 'capacity': 1, 'prepayment': 'FULL', 'nonrefundable': 0, 'cancellation_period': 0, 'cancellation_fee': 'NO', 'breakfast': 0, 'base_price': 7900, 'prices': [7900], 'price': 7900, 'old_price': 7900, 'currency': 'RUB', 'payment_amount': 7900, 'extras_variants': [], 'extras': {'52695': {'id': 52695, 'number': 1, 'extra_bed_type_id': 3, 'age': [0, 6], 'extra_bed': 1, 'free': 1}, '52696': {'id': 52696, 'number': 1, 'extra_bed_type_id': 0, 'age': [0, 6], 'extra_bed': 0, 'free': 1}}, 'rate_id': 20742, 'deals': [], 'cancellation_type': 'free', 'credit_card': 0, 'bonus': 395, 'miles': 474, 'min_stay': 1, 'platichastyami': 0, 'mircashback': 790}, {'id': '594729P', 'capacity': 1, 'prepayment': 'FULL', 'nonrefundable': 0, 'cancellation_period': 0, 'cancellation_fee': 'NO', 'breakfast': 6, 'base_price': 8600, 'prices': [8600], 'price': 8600, 'old_price': 8600, 'currency': 'RUB', 'payment_amount': 8600, 'extras_variants': [], 'extras': {'52695': {'id': 52695, 'number': 1, 'extra_bed_type_id': 3, 'age': [0, 6], 'extra_bed': 1, 'free': 1}, '52696': {'id': 52696, 'number': 1, 'extra_bed_type_id': 0, 'age': [0, 6], 'extra_bed': 0, 'free': 1}}, 'rate_id': 20741, 'deals': [], 'cancellation_type': 'free', 'credit_card': 0, 'bonus': 430, 'miles': 516, 'min_stay': 1, 'platichastyami': 0, 'mircashback': 860}, {'id': '594739P', 'capacity': 2, 'prepayment': 'FULL', 'nonrefundable': 0, 'cancellation_period': 0, 'cancellation_fee': 'NO', 'breakfast': 0, 'base_price': 8900, 'prices': [8900], 'price': 8900, 'old_price': 8900, 'currency': 'RUB', 'payment_amount': 8900, 'extras_variants': [], 'extras': {'52695': {'id': 52695, 'number': 1, 'extra_bed_type_id': 3, 'age': [0, 6], 'extra_bed': 1, 'free': 1}, '52696': {'id': 52696, 'number': 1, 'extra_bed_type_id': 0, 'age': [0, 6], 'extra_bed': 0, 'free': 1}}, 'rate_id': 20742, 'deals': [], 'cancellation_type': 'free', 'credit_card': 0, 'bonus': 445, 'miles': 534, 'min_stay': 1, 'platichastyami': 0, 'mircashback': 890}, {'id': '594730P', 'capacity': 2, 'prepayment': 'FULL', 'nonrefundable': 0, 'cancellation_period': 0, 'cancellation_fee': 'NO', 'breakfast': 6, 'base_price': 10300, 'prices': [10300], 'price': 10300, 'old_price': 10300, 'currency': 'RUB', 'payment_amount': 10300, 'extras_variants': [], 'extras': {'52695': {'id': 52695, 'number': 1, 'extra_bed_type_id': 3, 'age': [0, 6], 'extra_bed': 1, 'free': 1}, '52696': {'id': 52696, 'number': 1, 'extra_bed_type_id': 0, 'age': [0, 6], 'extra_bed': 0, 'free': 1}}, 'rate_id': 20741, 'deals': [], 'cancellation_type': 'free', 'credit_card': 0, 'bonus': 515, 'miles': 618, 'min_stay': 1, 'platichastyami': 0, 'mircashback': 1030}]",7900.0,474,421457_101hotels,2026-08-26
1336396,,Люкс,2,1,0,1,Двухместный,2,1,"[{'single': 2}, {'double': 1}]","[{'id': '52697', 'number': '1', 'min_age': '0', 'max_age': '6', 'is_extra_bed': '0', 'extra_bed_type_id': '0'}, {'id': '52698', 'number': '1', 'min_age': '0', 'max_age': '6', 'is_extra_bed': '1', 'extra_bed_type_id': '3'}]","[{'id': 594731, 'capacity': 1, 'prepayment': 'NO', 'nonrefundable': 0, 'cancellation_period': 0, 'cancellation_fee': 'NO', 'breakfast': 6, 'base_price': 11000, 'prices': [11000], 'price': 11000, 'old_price': 11000, 'currency': 'RUB', 'payment_amount': 0, 'extras_variants': [], 'extras': {'52697': {'id': 52697, 'number': 1, 'extra_bed_type_id': 0, 'age': [0, 6], 'extra_bed': 0, 'free': 1}, '52698': {'id': 52698, 'number': 1, 'extra_bed_type_id': 3, 'age': [0, 6], 'extra_bed': 1, 'free': 1}}, 'rate_id': 20741, 'deals': [], 'cancellation_type': 'free', 'credit_card': 0, 'bonus': 550, 'miles': 660, 'min_stay': 1, 'platichastyami': 0, 'mircashback': 1100}, {'id': 594732, 'capacity': 2, 'prepayment': 'NO', 'nonrefundable': 0, 'cancellation_period': 0, 'cancellation_fee': 'NO', 'breakfast': 6, 'base_price': 12400, 'prices': [12400], 'price': 12400, 'old_price': 12400, 'currency': 'RUB', 'payment_amount': 0, 'extras_variants': [], 'extras': {'52697': {'id': 52697, 'number': 1, 'extra_bed_type_id': 0, 'age': [0, 6], 'extra_bed': 0, 'free': 1}, '52698': {'id': 52698, 'number': 1, 'extra_bed_type_id': 3, 'age': [0, 6], 'extra_bed': 1, 'free': 1}}, 'rate_id': 20741, 'deals': [], 'cancellation_type': 'free', 'credit_card': 0, 'bonus': 620, 'miles': 744, 'min_stay': 1, 'platichastyami': 0, 'mircashback': 1240}, {'id': '594731P', 'capacity': 1, 'prepayment': 'FULL', 'nonrefundable': 0, 'cancellation_period': 0, 'cancellation_fee': 'NO', 'breakfast': 6, 'base_price': 11000, 'prices': [11000], 'price': 11000, 'old_price': 11000, 'currency': 'RUB', 'payment_amount': 11000, 'extras_variants': [], 'extras': {'52697': {'id': 52697, 'number': 1, 'extra_bed_type_id': 0, 'age': [0, 6], 'extra_bed': 0, 'free': 1}, '52698': {'id': 52698, 'number': 1, 'extra_bed_type_id': 3, 'age': [0, 6], 'extra_bed': 1, 'free': 1}}, 'rate_id': 20741, 'deals': [], 'cancellation_type': 'free', 'credit_card': 0, 'bonus': 550, 'miles': 660, 'min_stay': 1, 'platichastyami': 0, 'mircashback': 1100}, {'id': '594732P', 'capacity': 2, 'prepayment': 'FULL', 'nonrefundable': 0, 'cancellation_period': 0, 'cancellation_fee': 'NO', 'breakfast': 6, 'base_price': 12400, 'prices': [12400], 'price': 12400, 'old_price': 12400, 'currency': 'RUB', 'payment_amount': 12400, 'extras_variants': [], 'extras': {'52697': {'id': 52697, 'number': 1, 'extra_bed_type_id': 0, 'age': [0, 6], 'extra_bed': 0, 'free': 1}, '52698': {'id': 52698, 'number': 1, 'extra_bed_type_id': 3, 'age': [0, 6], 'extra_bed': 1, 'free': 1}}, 'rate_id': 20741, 'deals': [], 'cancellation_type': 'free', 'credit_card': 0, 'bonus': 620, 'miles': 744, 'min_stay': 1, 'platichastyami': 0, 'mircashback': 1240}]",11000.0,660,421457_101hotels,2026-08-26
2308950,,Семейный,2,1,0,1,Номер,45,1,"[{'single': 2}, {'double': 1}]","[{'id': '52693', 'number': '1', 'min_age': '0', 'max_age': '6', 'is_extra_bed': '1', 'extra_bed_type_id': '3'}, {'id': '52694', 'number': '1', 'min_age': '0', 'max_age': '6', 'is_extra_bed': '0', 'extra_bed_type_id': '0'}]","[{'id': 1117298, 'capacity': 1, 'prepayment': 'NO', 'nonrefundable': 0, 'cancellation_period': 0, 'cancellation_fee': 'NO', 'breakfast': 0, 'base_price': 7400, 'prices': [7400], 'price': 7400, 'old_price': 7400, 'currency': 'RUB', 'payment_amount': 0, 'extras_variants': [], 'extras': {'52693': {'id': 52693, 'number': 1, 'extra_bed_type_id': 3, 'age': [0, 6], 'extra_bed': 1, 'free': 1}, '52694': {'id': 52694, 'number': 1, 'extra_bed_type_id': 0, 'age': [0, 6], 'extra_bed': 0, 'free': 1}}, 'rate_id': 20742, 'deals': [], 'cancellation_type': 'free', 'credit_card': 0, 'bonus': 370, 'miles': 444, 'min_stay': 1, 'platichastyami': 0, 'mircashback': 740}, {'id': 1117300, 'capacity': 1, 'prepayment': 'NO', 'nonrefundable': 0, 'cancellation_period': 0, 'cancellation_fee': 'NO', 'breakfast': 6, 'base_price': 8100, 'prices': [8100], 'price': 8100, 'old_price': 8100, 'currency': 'RUB', 'payment_amount': 0, 'extras_variants': [], 'extras': {'52693': {'id': 52693, 'number': 1, 'extra_bed_type_id': 3, 'age': [0, 6], 'extra_bed': 1, 'free': 1}, '52694': {'id': 52694, 'number': 1, 'extra_bed_type_id': 0, 'age': [0, 6], 'extra_bed': 0, 'free': 1}}, 'rate_id': 20741, 'deals': [], 'cancellation_type': 'free', 'credit_card': 0, 'bonus': 405, 'miles': 486, 'min_stay': 1, 'platichastyami': 0, 'mircashback': 810}, {'id': 1117299, 'capacity': 2, 'prepayment': 'NO', 'nonrefundable': 0, 'cancellation_period': 0, 'cancellation_fee': 'NO', 'breakfast': 0, 'base_price': 8800, 'prices': [8800], 'price': 8800, 'old_price': 8800, 'currency': 'RUB', 'payment_amount': 0, 'extras_variants': [], 'extras': {'52693': {'id': 52693, 'number': 1, 'extra_bed_type_id': 3, 'age': [0, 6], 'extra_bed': 1, 'free': 1}, '52694': {'id': 52694, 'number': 1, 'extra_bed_type_id': 0, 'age': [0, 6], 'extra_bed': 0, 'free': 1}}, 'rate_id': 20742, 'deals': [], 'cancellation_type': 'free', 'credit_card': 0, 'bonus': 440, 'miles': 528, 'min_stay': 1, 'platichastyami': 0, 'mircashback': 880}, {'id': 1117301, 'capacity': 2, 'prepayment': 'NO', 'nonrefundable': 0, 'cancellation_period': 0, 'cancellation_fee': 'NO', 'breakfast': 6, 'base_price': 10200, 'prices': [10200], 'price': 10200, 'old_price': 10200, 'currency': 'RUB', 'payment_amount': 0, 'extras_variants': [], 'extras': {'52693': {'id': 52693, 'number': 1, 'extra_bed_type_id': 3, 'age': [0, 6], 'extra_bed': 1, 'free': 1}, '52694': {'id': 52694, 'number': 1, 'extra_bed_type_id': 0, 'age': [0, 6], 'extra_bed': 0, 'free': 1}}, 'rate_id': 20741, 'deals': [], 'cancellation_type': 'free', 'credit_card': 0, 'bonus': 510, 'miles': 612, 'min_stay': 1, 'platichastyami': 0, 'mircashback': 1020}, {'id': '1117298P', 'capacity': 1, 'prepayment': 'FULL', 'nonrefundable': 0, 'cancellation_period': 0, 'cancellation_fee': 'NO', 'breakfast': 0, 'base_price': 7400, 'prices': [7400], 'price': 7400, 'old_price': 7400, 'currency': 'RUB', 'payment_amount': 7400, 'extras_variants': [], 'extras': {'52693': {'id': 52693, 'number': 1, 'extra_bed_type_id': 3, 'age': [0, 6], 'extra_bed': 1, 'free': 1}, '52694': {'id': 52694, 'number': 1, 'extra_bed_type_id': 0, 'age': [0, 6], 'extra_bed': 0, 'free': 1}}, 'rate_id': 20742, 'deals': [], 'cancellation_type': 'free', 'credit_card': 0, 'bonus': 370, 'miles': 444, 'min_stay': 1, 'platichastyami': 0, 'mircashback': 740}, {'id': '1117300P', 'capacity': 1, 'prepayment': 'FULL', 'nonrefundable': 0, 'cancellation_period': 0, 'cancellation_fee': 'NO', 'breakfast': 6, 'base_price': 8100, 'prices': [8100], 'price': 8100, 'old_price': 8100, 'currency': 'RUB', 'payment_amount': 8100, 'extras_variants': [], 'extras': {'52693': {'id': 52693, 'number': 1, 'extra_bed_type_id': 3, 'age': [0, 6], 'extra_bed': 1, 'free': 1}, '52694': {'id': 52694, 'number': 1, 'extra_bed_type_id': 0, 'age': [0, 6], 'extra_bed': 0, 'free': 1}}, 'rate_id': 20741, 'deals': [], 'cancellation_type': 'free', 'credit_card': 0, 'bonus': 405, 'miles': 486, 'min_stay': 1, 'platichastyami': 0, 'mircashback': 810}, {'id': '1117299P', 'capacity': 2, 'prepayment': 'FULL', 'nonrefundable': 0, 'cancellation_period': 0, 'cancellation_fee': 'NO', 'breakfast': 0, 'base_price': 8800, 'prices': [8800], 'price': 8800, 'old_price': 8800, 'currency': 'RUB', 'payment_amount': 8800, 'extras_variants': [], 'extras': {'52693': {'id': 52693, 'number': 1, 'extra_bed_type_id': 3, 'age': [0, 6], 'extra_bed': 1, 'free': 1}, '52694': {'id': 52694, 'number': 1, 'extra_bed_type_id': 0, 'age': [0, 6], 'extra_bed': 0, 'free': 1}}, 'rate_id': 20742, 'deals': [], 'cancellation_type': 'free', 'credit_card': 0, 'bonus': 440, 'miles': 528, 'min_stay': 1, 'platichastyami': 0, 'mircashback': 880}, {'id': '1117301P', 'capacity': 2, 'prepayment': 'FULL', 'nonrefundable': 0, 'cancellation_period': 0, 'cancellation_fee': 'NO', 'breakfast': 6, 'base_price': 10200, 'prices': [10200], 'price': 10200, 'old_price': 10200, 'currency': 'RUB', 'payment_amount': 10200, 'extras_variants': [], 'extras': {'52693': {'id': 52693, 'number': 1, 'extra_bed_type_id': 3, 'age': [0, 6], 'extra_bed': 1, 'free': 1}, '52694': {'id': 52694, 'number': 1, 'extra_bed_type_id': 0, 'age': [0, 6], 'extra_bed': 0, 'free': 1}}, 'rate_id': 20741, 'deals': [], 'cancellation_type': 'free', 'credit_card': 0, 'bonus': 510, 'miles': 612, 'min_stay': 1, 'platichastyami': 0, 'mircashback': 1020}]",7400.0,444,421457_101hotels,2026-08-26
2232995,,Стандарт,2,1,0,1,Двухместный,2,11,[{'single': 2}],"[{'id': '53434', 'number': '1', 'min_age': '3', 'max_age': '12', 'is_extra_bed': '1', 'extra_bed_type_id': '3'}]","[{'id': 419432, 'capacity': 1, 'prepayment': 'FIRST', 'nonrefundable': 0, 'cancellation_period': 1, 'cancellation_fee': 'FIRST', 'breakfast': 0, 'base_price': 3000, 'prices': [3000], 'price': 2850, 'old_price': 3000, 'currency': 'RUB', 'payment_amount': 3000, 'extras_variants': [], 'extras': {'53434': {'id': 53434, 'number': 1, 'extra_bed_type_id': 3, 'age': [3, 12], 'extra_bed': 1, 'free': 1}}, 'rate_id': 8712, 'deals': ['LAST_MINUTE'], 'cancellation_type': 'special', 'credit_card': 1, 'bonus': 143, 'miles': 171, 'min_stay': 1, 'platichastyami': 0, 'mircashback': 285}, {'id': 419433, 'capacity': 2, 'prepayment': 'FIRST', 'nonrefundable': 0, 'cancellation_period': 1, 'cancellation_fee': 'FIRST', 'breakfast': 0, 'base_price': 3000, 'prices': [3000], 'price': 2850, 'old_price': 3000, 'currency': 'RUB', 'payment_amount': 3000, 'extras_variants': [], 'extras': {'53434': {'id': 53434, 'number': 1, 'extra_bed_type_id': 3, 'age': [3, 12], 'extra_bed': 1, 'free': 1}}, 'rate_id': 8712, 'deals': ['LAST_MINUTE'], 'cancellation_type': 'special', 'credit_card': 1, 'bonus': 143, 'miles': 171, 'min_stay': 1, 'platichastyami': 0, 'mircashback': 285}]",2850.0,171,654278_101hotels,2026-08-26
2232999,,,2,1,0,1,Люкс,6,1,[{'single': 1}],[],"[{'id': 428952, 'capacity': 1, 'prepayment': 'FIRST', 'nonrefundable': 0, 'cancellation_period': 1, 'cancellation_fee': 'FIRST', 'breakfast': 0, 'base_price': 4000, 'prices': [4000], 'price': 3800, 'old_price': 4000, 'currency': 'RUB', 'payment_amount': 4000, 'extras_variants': [], 'extras': [], 'rate_id': 8712, 'deals': ['LAST_MINUTE'], 'cancellation_type': 'special', 'credit_card': 1, 'bonus': 190, 'miles': 228, 'min_stay': 1, 'platichastyami': 0, 'mircashback': 380}, {'id': 428953, 'capacity': 2, 'prepayment': 'FIRST', 'nonrefundable': 0, 'cancellation_period': 1, 'cancellation_fee': 'FIRST', 'breakfast': 0, 'base_price': 4000, 'prices': [4000], 'price': 3800, 'old_price': 4000, 'currency': 'RUB', 'payment_amount': 4000, 'extras_variants': [], 'extras': [], 'rate_id': 8712, 'deals': ['LAST_MINUTE'], 'cancellation_type': 'special', 'credit_card': 1, 'bonus': 190, 'miles': 228, 'min_stay': 1, 'platichastyami': 0, 'mircashback': 380}]",3800.0,228,654278_101hotels,2026-08-26
34486,,Стандарт,1,0,0,1,Одноместный,1,4,[{'single': 1}],[],"[{'id': 496273, 'capacity': 1, 'prepayment': 'FIRST', 'nonrefundable': 0, 'cancellation_period': 0, 'cancellation_fee': 'NO', 'breakfast': 0, 'base_price': 4500, 'prices': [4500], 'price': 4500, 'old_price': 0, 'currency': 'RUB', 'payment_amount': 4500, 'extras_variants': [], 'extras': [], 'rate_id': 14079, 'deals': [], 'cancellation_type': 'free', 'credit_card': 1, 'bonus': 225, 'miles': 270, 'min_stay': 1, 'platichastyami': 0, 'mircashback': 450}, {'id': 496265, 'capacity': 1, 'prepayment': 'FIRST', 'nonrefundable': 0, 'cancellation_period': 0, 'cancellation_fee': 'NO', 'breakfast': 1, 'base_price': 4980, 'prices': [4980], 'price': 4482, 'old_price': 0, 'currency': 'RUB', 'payment_amount': 4980, 'extras_variants': [], 'extras': [], 'rate_id': 14078, 'deals': ['LAST_MINUTE'], 'cancellation_type': 'free', 'credit_card': 1, 'bonus': 224, 'miles': 267, 'min_stay': 1, 'platichastyami': 0, 'mircashback': 448}]",4482.0,267,7178_101hotels,2026-08-26
34488,,Комфорт,2,0,0,1,Двухместный,2,5,"[{'single': 2}, {'double': 1}]","[{'id': '29389', 'number': '1', 'min_age': '0', 'max_age': '7', 'is_extra_bed': '0', 'extra_bed_type_id': '0'}]","[{'id': 496275, 'capacity': 1, 'prepayment': 'FIRST', 'nonrefundable': 0, 'cancellation_period': 0, 'cancellation_fee': 'NO', 'breakfast': 0, 'base_price': 4920, 'prices': [4920], 'price': 4920, 'old_price': 0, 'currency': 'RUB', 'payment_amount': 4920, 'extras_variants': [], 'extras': {'29389': {'id': 29389, 'number': 1, 'extra_bed_type_id': 0, 'age': [0, 7], 'extra_bed': 0, 'free': 1}}, 'rate_id': 14079, 'deals': [], 'cancellation_type': 'free', 'credit_card': 1, 'bonus': 246, 'miles': 294, 'min_stay': 1, 'platichastyami': 0, 'mircashback': 492}, {'id': 496267, 'capacity': 1, 'prepayment': 'FIRST', 'nonrefundable': 0, 'cancellation_period': 0, 'cancellation_fee': 'NO', 'breakfast': 1, 'base_price': 5400, 'prices': [5400], 'price': 4860, 'old_price': 0, 'currency': 'RUB', 'payment_amount': 5400, 'extras_variants': [], 'extras': {'29389': {'id': 29389, 'number': 1, 'extra_bed_type_id': 0, 'age': [0, 7], 'extra_bed': 0, 'free': 1}}, 'rate_id': 14078, 'deals': ['LAST_MINUTE'], 'cancellation_type': 'free', 'credit_card': 1, 'bonus': 243, 'miles': 291, 'min_stay': 1, 'platichastyami': 0, 'mircashback': 486}, {'id': 496276, 'capacity': 2, 'prepayment': 'FIRST', 'nonrefundable': 0, 'cancellation_period': 0, 'cancellation_fee': 'NO', 'breakfast': 0, 'base_price': 5160, 'prices': [5160], 'price': 5160, 'old_price': 0, 'currency': 'RUB', 'payment_amount': 5160, 'extras_variants': [], 'extras': {'29389': {'id': 29389, 'number': 1, 'extra_bed_type_id': 0, 'age': [0, 7], 'extra_bed': 0, 'free': 1}}, 'rate_id': 14079, 'deals': [], 'cancellation_type': 'free', 'credit_card': 1, 'bonus': 258, 'miles': 309, 'min_stay': 1, 'platichastyami': 0, 'mircashback': 516}, {'id': 496268, 'capacity': 2, 'prepayment': 'FIRST', 'nonrefundable': 0, 'cancellation_period': 0, 'cancellation_fee': 'NO', 'breakfast': 1, 'base_price': 6120, 'prices': [6120], 'price': 5508, 'old_price': 0, 'currency': 'RUB', 'payment_amount': 6120, 'extras_variants': [], 'extras': {'29389': {'id': 29389, 'number': 1, 'extra_bed_type_id': 0, 'age': [0, 7], 'extra_bed': 0, 'free': 1}}, 'rate_id': 14078, 'deals': ['LAST_MINUTE'], 'cancellation_type': 'free', 'credit_card': 1, 'bonus': 275, 'miles': 330, 'min_stay': 1, 'platichastyami': 0, 'mircashback': 551}]",4860.0,291,7178_101hotels,2026-08-26
34489,,Трёхместный,3,0,0,1,Полулюкс,4,3,"[{'single': 2}, {'double': 1}]","[{'id': '44941', 'number': '1', 'min_age': '0', 'max_age': '7', 'is_extra_bed': '0', 'extra_bed_type_id': '0'}]","[{'id': 496279, 'capacity': 1, 'prepayment': 'FIRST', 'nonrefundable': 0, 'cancellation_period': 0, 'cancellation_fee': 'NO', 'breakfast': 0, 'base_price': 5400, 'prices': [5400], 'price': 5400, 'old_price': 0, 'currency': 'RUB', 'payment_amount': 5400, 'extras_variants': [], 'extras': {'44941': {'id': 44941, 'number': 1, 'extra_bed_type_id': 0, 'age': [0, 7], 'extra_bed': 0, 'free': 1}}, 'rate_id': 14079, 'deals': [], 'cancellation_type': 'free', 'credit_card': 1, 'bonus': 270, 'miles': 324, 'min_stay': 1, 'platichastyami': 0, 'mircashback': 540}, {'id': 496271, 'capacity': 1, 'prepayment': 'FIRST', 'nonrefundable': 0, 'cancellation_period': 0, 'cancellation_fee': 'NO', 'breakfast': 1, 'base_price': 5880, 'prices': [5880], 'price': 5292, 'old_price': 0, 'currency': 'RUB', 'payment_amount': 5880, 'extras_variants': [], 'extras': {'44941': {'id': 44941, 'number': 1, 'extra_bed_type_id': 0, 'age': [0, 7], 'extra_bed': 0, 'free': 1}}, 'rate_id': 14078, 'deals': ['LAST_MINUTE'], 'cancellation_type': 'free', 'credit_card': 1, 'bonus': 265, 'miles': 315, 'min_stay': 1, 'platichastyami': 0, 'mircashback': 529}, {'id': 496280, 'capacity': 2, 'prepayment': 'FIRST', 'nonrefundable': 0, 'cancellation_period': 0, 'cancellation_fee': 'NO', 'breakfast': 0, 'base_price': 5640, 'prices': [5640], 'price': 5640, 'old_price': 0, 'currency': 'RUB', 'payment_amount': 5640, 'extras_variants': [], 'extras': {'44941': {'id': 44941, 'number': 1, 'extra_bed_type_id': 0, 'age': [0, 7], 'extra_bed': 0, 'free': 1}}, 'rate_id': 14079, 'deals': [], 'cancellation_type': 'free', 'credit_card': 1, 'bonus': 282, 'miles': 336, 'min_stay': 1, 'platichastyami': 0, 'mircashback': 564}, {'id': 496272, 'capacity': 2, 'prepayment': 'FIRST', 'nonrefundable': 0, 'cancellation_period': 0, 'cancellation_fee': 'NO', 'breakfast': 1, 'base_price': 6600, 'prices': [6600], 'price': 5940, 'old_price': 0, 'currency': 'RUB', 'payment_amount': 6600, 'extras_variants': [], 'extras': {'44941': {'id': 44941, 'number': 1, 'extra_bed_type_id': 0, 'age': [0, 7], 'extra_bed': 0, 'free': 1}}, 'rate_id': 14078, 'deals': ['LAST_MINUTE'], 'cancellation_type': 'free', 'credit_card': 1, 'bonus': 297, 'miles': 354, 'min_stay': 1, 'platichastyami': 0, 'mircashback': 594}, {'id': 1194106, 'capacity': 3, 'prepayment': 'FIRST', 'nonrefundable': 0, 'cancellation_period': 0, 'cancellation_fee': 'NO', 'breakfast': 0, 'base_price': 7080, 'prices': [7080], 'price': 7080, 'old_price': 0, 'currency': 'RUB', 'payment_amount': 7080, 'extras_variants': [], 'extras': {'44941': {'id': 44941, 'number': 1, 'extra_bed_type_id': 0, 'age': [0, 7], 'extra_bed': 0, 'free': 1}}, 'rate_id': 14079, 'deals': [], 'cancellation_type': 'free', 'credit_card': 1, 'bonus': 354, 'miles': 423, 'min_stay': 1, 'platichastyami': 0, 'mircashback': 708}, {'id': 1194105, 'capacity': 3, 'prepayment': 'FIRST', 'nonrefundable': 0, 'cancellation_period': 0, 'cancellation_fee': 'NO', 'breakfast': 1, 'base_price': 8520, 'prices': [8520], 'price': 8520, 'old_price': 0, 'currency': 'RUB', 'payment_amount': 8520, 'extras_variants': [], 'extras': {'44941': {'id': 44941, 'number': 1, 'extra_bed_type_id': 0, 'age': [0, 7], 'extra_bed': 0, 'free': 1}}, 'rate_id': 14078, 'deals': [], 'cancellation_type': 'free', 'credit_card': 1, 'bonus': 426, 'miles': 510, 'min_stay': 1, 'platichastyami': 0, 'mircashback': 852}]",5292.0,315,7178_101hotels,2026-08-26
128227,,Стандарт,2,0,0,1,Двухместный,2,2,"[{'single': 2}, {'double': 1}]","[{'id': '29390', 'number': '1', 'min_age': '0', 'max_age': '7', 'is_extra_bed': '0', 'extra_bed_type_id': '0'}]","[{'id': 496277, 'capacity': 1, 'prepayment': 'FIRST', 'nonrefundable': 0, 'cancellation_period': 0, 'cancellation_fee': 'NO', 'breakfast': 0, 'base_price': 4500, 'prices': [4500], 'price': 4500, 'old_price': 0, 'currency': 'RUB', 'payment_amount': 4500, 'extras_variants': [], 'extras': {'29390': {'id': 29390, 'number': 1, 'extra_bed_type_id': 0, 'age': [0, 7], 'extra_bed': 0, 'free': 1}}, 'rate_id': 14079, 'deals': [], 'cancellation_type': 'free', 'credit_card': 1, 'bonus': 225, 'miles': 270, 'min_stay': 1, 'platichastyami': 0, 'mircashback': 450}, {'id': 496269, 'capacity': 1, 'prepayment': 'FIRST', 'nonrefundable': 0, 'cancellation_period': 0, 'cancellation_fee': 'NO', 'breakfast': 1, 'base_price': 4980, 'prices': [4980], 'price': 4482, 'old_price': 0, 'currency': 'RUB', 'payment_amount': 4980, 'extras_variants': [], 'extras': {'29390': {'id': 29390, 'number': 1, 'extra_bed_type_id': 0, 'age': [0, 7], 'extra_bed': 0, 'free': 1}}, 'rate_id': 14078, 'deals': ['LAST_MINUTE'], 'cancellation_type': 'free', 'credit_card': 1, 'bonus': 224, 'miles': 267, 'min_stay': 1, 'platichastyami': 0, 'mircashback': 448}, {'id': 496278, 'capacity': 2, 'prepayment': 'FIRST', 'nonrefundable': 0, 'cancellation_period': 0, 'cancellation_fee': 'NO', 'breakfast': 0, 'base_price': 4740, 'prices': [4740], 'price': 4740, 'old_price': 0, 'currency': 'RUB', 'payment_amount': 4740, 'extras_variants': [], 'extras': {'29390': {'id': 29390, 'number': 1, 'extra_bed_type_id': 0, 'age': [0, 7], 'extra_bed': 0, 'free': 1}}, 'rate_id': 14079, 'deals': [], 'cancellation_type': 'free', 'credit_card': 1, 'bonus': 237, 'miles': 282, 'min_stay': 1, 'platichastyami': 0, 'mircashback': 474}, {'id': 496270, 'capacity': 2, 'prepayment': 'FIRST', 'nonrefundable': 0, 'cancellation_period': 0, 'cancellation_fee': 'NO', 'breakfast': 1, 'base_price': 5700, 'prices': [5700], 'price': 5130, 'old_price': 0, 'currency': 'RUB', 'payment_amount': 5700, 'extras_variants': [], 'extras': {'29390': {'id': 29390, 'number': 1, 'extra_bed_type_id': 0, 'age': [0, 7], 'extra_bed': 0, 'free': 1}}, 'rate_id': 14078, 'deals': ['LAST_MINUTE'], 'cancellation_type': 'free', 'credit_card': 1, 'bonus': 257, 'miles': 306, 'min_stay': 1, 'platichastyami': 0, 'mircashback': 513}]",4482.0,267,7178_101hotels,2026-08-26
2275530,,Капсульная кровать  в женском номере,6,1,1,0,Шестиместный,36,4,[{'2-tier': 1}],[],"[{'id': 799707, 'capacity': 1, 'prepayment': 'FIRST', 'nonrefundable': 1, 'cancellation_period': 0, 'cancellation_fee': 'FIRST', 'breakfast': 0, 'base_price': 1300, 'prices': [1300], 'price': 1105, 'old_price': 1300, 'currency': 'RUB', 'payment_amount': 1300, 'extras_variants': [], 'extras': [], 'rate_id': 36336, 'deals': ['LAST_MINUTE'], 'cancellation_type': 'nonrefundable', 'credit_card': 1, 'bonus': 55, 'miles': 66, 'min_stay': 1, 'platichastyami': 0, 'mircashback': 111}]",1105.0,66,666722_101hotels,2026-08-26
2275533,,Капсульная кровать в мужском номере,8,1,1,0,Восьмиместный,38,7,[{'single': 1}],"[{'id': '24092', 'number': '1', 'min_age': '0', 'max_age': '7', 'is_extra_bed': '0', 'extra_bed_type_id': '0'}]","[{'id': 1074873, 'capacity': 1, 'prepayment': 'FIRST', 'nonrefundable': 1, 'cancellation_period': 0, 'cancellation_fee': 'FIRST', 'breakfast': 0, 'base_price': 1300, 'prices': [1300], 'price': 1105, 'old_price': 1300, 'currency': 'RUB', 'payment_amount': 1300, 'extras_variants': [], 'extras': {'24092': {'id': 24092, 'number': 1, 'extra_bed_type_id': 0, 'age': [0, 7], 'extra_bed': 0, 'free': 1}}, 'rate_id': 36336, 'deals': ['LAST_MINUTE'], 'cancellation_type': 'nonrefundable', 'credit_card': 1, 'bonus': 55, 'miles': 66, 'min_stay': 1, 'platichastyami': 0, 'mircashback': 111}]",1105.0,66,666722_101hotels,2026-08-26
2275541,,Семейный номер,4,1,1,0,Четырехместный,34,1,"[{'single': 4, 'f-chair': 1}]",[],"[{'id': 1074870, 'capacity': 2, 'prepayment': 'FIRST', 'nonrefundable': 1, 'cancellation_period': 0, 'cancellation_fee': 'FIRST', 'breakfast': 0, 'base_price': 3200, 'prices': [3200], 'price': 2720, 'old_price': 3200, 'currency': 'RUB', 'payment_amount': 3200, 'extras_variants': [], 'extras': [], 'rate_id': 36336, 'deals': ['LAST_MINUTE'], 'cancellation_type': 'nonrefundable', 'credit_card': 1, 'bonus': 136, 'miles': 162, 'min_stay': 1, 'platichastyami': 0, 'mircashback': 272}, {'id': 1074878, 'capacity': 2, 'prepayment': 'FIRST', 'nonrefundable': 1, 'cancellation_period': 0, 'cancellation_fee': 'FIRST', 'breakfast': 0, 'base_price': 3200, 'prices': [3200], 'price': 3200, 'old_price': 3200, 'currency': 'RUB', 'payment_amount': 3200, 'extras_variants': [], 'extras': [], 'rate_id': 36346, 'deals': [], 'cancellation_type': 'nonrefundable', 'credit_card': 1, 'bonus': 160, 'miles': 192, 'min_stay': 1, 'platichastyami': 0, 'mircashback': 320}, {'id': 1074871, 'capacity': 3, 'prepayment': 'FIRST', 'nonrefundable': 1, 'cancellation_period': 0, 'cancellation_fee': 'FIRST', 'breakfast': 0, 'base_price': 3800, 'prices': [3800], 'price': 3230, 'old_price': 3800, 'currency': 'RUB', 'payment_amount': 3800, 'extras_variants': [], 'extras': [], 'rate_id': 36336, 'deals': ['LAST_MINUTE'], 'cancellation_type': 'nonrefundable', 'credit_card': 1, 'bonus': 162, 'miles': 192, 'min_stay': 1, 'platichastyami': 0, 'mircashback': 323}, {'id': 1074879, 'capacity': 3, 'prepayment': 'FIRST', 'nonrefundable': 1, 'cancellation_period': 0, 'cancellation_fee': 'FIRST', 'breakfast': 0, 'base_price': 3800, 'prices': [3800], 'price': 3800, 'old_price': 3800, 'currency': 'RUB', 'payment_amount': 3800, 'extras_variants': [], 'extras': [], 'rate_id': 36346, 'deals': [], 'cancellation_type': 'nonrefundable', 'credit_card': 1, 'bonus': 190, 'miles': 228, 'min_stay': 1, 'platichastyami': 0, 'mircashback': 380}, {'id': 1074872, 'capacity': 4, 'prepayment': 'FIRST', 'nonrefundable': 1, 'cancellation_period': 0, 'cancellation_fee': 'FIRST', 'breakfast': 0, 'base_price': 5000, 'prices': [5000], 'price': 4250, 'old_price': 5000, 'currency': 'RUB', 'payment_amount': 5000, 'extras_variants': [], 'extras': [], 'rate_id': 36336, 'deals': ['LAST_MINUTE'], 'cancellation_type': 'nonrefundable', 'credit_card': 1, 'bonus': 213, 'miles': 255, 'min_stay': 1, 'platichastyami': 0, 'mircashback': 425}, {'id': 1074880, 'capacity': 4, 'prepayment': 'FIRST', 'nonrefundable': 1, 'cancellation_period': 0, 'cancellation_fee': 'FIRST', 'breakfast': 0, 'base_price': 5000, 'prices': [5000], 'price': 5000, 'old_price': 5000, 'currency': 'RUB', 'payment_amount': 5000, 'extras_variants': [], 'extras': [], 'rate_id': 36346, 'deals': [], 'cancellation_type': 'nonrefundable', 'credit_card': 1, 'bonus': 250, 'miles': 300, 'min_stay': 1, 'platichastyami': 0, 'mircashback': 500}]",2720.0,162,666722_101hotels,2026-08-26
2275549,,Семейный номер,2,2,0,0,Двухместный,2,2,"[{'double': 1, 'sofa': 1}, {'double': 2}]",[],"[{'id': 799778, 'capacity': 1, 'prepayment': 'FIRST', 'nonrefundable': 1, 'cancellation_period': 0, 'cancellation_fee': 'FIRST', 'breakfast': 0, 'base_price': 2600, 'prices': [2600], 'price': 2600, 'old_price': 2600, 'currency': 'RUB', 'payment_amount': 2600, 'extras_variants': [], 'extras': [], 'rate_id': 36346, 'deals': [], 'cancellation_type': 'nonrefundable', 'credit_card': 1, 'bonus': 130, 'miles': 156, 'min_stay': 1, 'platichastyami': 0, 'mircashback': 260}, {'id': 1074867, 'capacity': 1, 'prepayment': 'FIRST', 'nonrefundable': 1, 'cancellation_period': 0, 'cancellation_fee': 'FIRST', 'breakfast': 0, 'base_price': 2600, 'prices': [2600], 'price': 2210, 'old_price': 2600, 'currency': 'RUB', 'payment_amount': 2600, 'extras_variants': [], 'extras': [], 'rate_id': 36336, 'deals': ['LAST_MINUTE'], 'cancellation_type': 'nonrefundable', 'credit_card': 1, 'bonus': 111, 'miles': 132, 'min_stay': 1, 'platichastyami': 0, 'mircashback': 221}, {'id': 799779, 'capacity': 2, 'prepayment': 'FIRST', 'nonrefundable': 1, 'cancellation_period': 0, 'cancellation_fee': 'FIRST', 'breakfast': 0, 'base_price': 3200, 'prices': [3200], 'price': 3200, 'old_price': 3200, 'currency': 'RUB', 'payment_amount': 3200, 'extras_variants': [], 'extras': [], 'rate_id': 36346, 'deals': [], 'cancellation_type': 'nonrefundable', 'credit_card': 1, 'bonus': 160, 'miles': 192, 'min_stay': 1, 'platichastyami': 0, 'mircashback': 320}, {'id': 1074868, 'capacity': 2, 'prepayment': 'FIRST', 'nonrefundable': 1, 'cancellation_period': 0, 'cancellation_fee': 'FIRST', 'breakfast': 0, 'base_price': 3200, 'prices': [3200], 'price': 2720, 'old_price': 3200, 'currency': 'RUB', 'payment_amount': 3200, 'extras_variants': [], 'extras': [], 'rate_id': 36336, 'deals': ['LAST_MINUTE'], 'cancellation_type': 'nonrefundable', 'credit_card': 1, 'bonus': 136, 'miles': 162, 'min_stay': 1, 'platichastyami': 0, 'mircashback': 272}]",2210.0,132,666722_101hotels,2026-08-26
2254104,,Кровать в 3-местном номере эконом,3,0,1,0,Трехместный,37,3,[{'single': 1}],[],"[{'id': 635986, 'capacity': 1, 'prepayment': 'FULL', 'nonrefundable': 1, 'cancellation_period': 0, 'cancellation_fee': 'FIRST', 'breakfast': 0, 'base_price': 1970, 'prices': [1970], 'price': 1970, 'old_price': 1970, 'currency': 'RUB', 'payment_amount': 1970, 'extras_variants': [], 'extras': [], 'rate_id': 23703, 'deals': [], 'cancellation_type': 'nonrefundable', 'credit_card': 1, 'bonus': 99, 'miles': 117, 'min_stay': 1, 'platichastyami': 0, 'mircashback': 197}]",1970.0,117,658692_101hotels,2026-08-26
83986,,Twin,2,0,0,1,Двухместный,2,2,[{'single': 2}],[],"[{'id': 654322, 'capacity': 1, 'prepayment': 'NO', 'nonrefundable': 0, 'cancellation_period': 0, 'cancellation_fee': 'NO', 'breakfast': 0, 'base_price': 4000, 'prices': [4000], 'price': 4000, 'old_price': 0, 'currency': 'RUB', 'payment_amount': 0, 'extras_variants': [], 'extras': [], 'rate_id': 25215, 'deals': [], 'cancellation_type': 'free', 'credit_card': 0, 'bonus': 200, 'miles': 240, 'min_stay': 1, 'platichastyami': 0, 'mircashback': 400}, {'id': 251121, 'capacity': 1, 'prepayment': 'NO', 'nonrefundable': 0, 'cancellation_period': 0, 'cancellation_fee': 'NO', 'breakfast': 1, 'base_price': 4500, 'prices': [4500], 'price': 4500, 'old_price': 0, 'currency': 'RUB', 'payment_amount': 0, 'extras_variants': [], 'extras': [], 'rate_id': 246, 'deals': [], 'cancellation_type': 'free', 'credit_card': 0, 'bonus': 225, 'miles': 270, 'min_stay': 1, 'platichastyami': 0, 'mircashback': 450}, {'id': 654323, 'capacity': 2, 'prepayment': 'NO', 'nonrefundable': 0, 'cancellation_period': 0, 'cancellation_fee': 'NO', 'breakfast': 0, 'base_price': 4300, 'prices': [4300], 'price': 4300, 'old_price': 0, 'currency': 'RUB', 'payment_amount': 0, 'extras_variants': [], 'extras': [], 'rate_id': 25215, 'deals': [], 'cancellation_type': 'free', 'credit_card': 0, 'bonus': 215, 'miles': 258, 'min_stay': 1, 'platichastyami': 0, 'mircashback': 430}, {'id': 251122, 'capacity': 2, 'prepayment': 'NO', 'nonrefundable': 0, 'cancellation_period': 0, 'cancellation_fee': 'NO', 'breakfast': 1, 'base_price': 4900, 'prices': [4900], 'price': 4900, 'old_price': 0, 'currency': 'RUB', 'payment_amount': 0, 'extras_variants': [], 'extras': [], 'rate_id': 246, 'deals': [], 'cancellation_type': 'free', 'credit_card': 0, 'bonus': 245, 'miles': 294, 'min_stay': 1, 'platichastyami': 0, 'mircashback': 490}]",4000.0,240,17090_101hotels,2026-08-26
83988,,,2,1,0,1,Студио,5,1,"[{'double': 1}, {'single': 1, 'double': 1}]",[],"[{'id': 251131, 'capacity': 1, 'prepayment': 'NO', 'nonrefundable': 0, 'cancellation_period': 0, 'cancellation_fee': 'NO', 'breakfast': 1, 'base_price': 6500, 'prices': [6500], 'price': 6500, 'old_price': 0, 'currency': 'RUB', 'payment_amount': 0, 'extras_variants': [], 'extras': [], 'rate_id': 246, 'deals': [], 'cancellation_type': 'free', 'credit_card': 0, 'bonus': 325, 'miles': 390, 'min_stay': 1, 'platichastyami': 0, 'mircashback': 650}, {'id': 251132, 'capacity': 2, 'prepayment': 'NO', 'nonrefundable': 0, 'cancellation_period': 0, 'cancellation_fee': 'NO', 'breakfast': 1, 'base_price': 6900, 'prices': [6900], 'price': 6900, 'old_price': 0, 'currency': 'RUB', 'payment_amount': 0, 'extras_variants': [], 'extras': [], 'rate_id': 246, 'deals': [], 'cancellation_type': 'free', 'credit_card': 0, 'bonus': 345, 'miles': 414, 'min_stay': 1, 'platichastyami': 0, 'mircashback': 690}]",6500.0,390,17090_101hotels,2026-08-26
74032,,,2,0,0,1,Люкс,6,1,[{'double': 1}],[],"[{'id': 742135, 'capacity': 1, 'prepayment': 'NO', 'nonrefundable': 0, 'cancellation_period': 0, 'cancellation_fee': 'NO', 'breakfast': 0, 'base_price': 6050, 'prices': [6050], 'price': 6050, 'old_price': 0, 'currency': 'RUB', 'payment_amount': 0, 'extras_variants': [], 'extras': [], 'rate_id': 31838, 'deals': [], 'cancellation_type': 'free', 'credit_card': 0, 'bonus': 303, 'miles': 363, 'min_stay': 1, 'platichastyami': 0, 'mircashback': 605}, {'id': 742136, 'capacity': 2, 'prepayment': 'NO', 'nonrefundable': 0, 'cancellation_period': 0, 'cancellation_fee': 'NO', 'breakfast': 0, 'base_price': 6050, 'prices': [6050], 'price': 6050, 'old_price': 0, 'currency': 'RUB', 'payment_amount': 0, 'extras_variants': [], 'extras': [], 'rate_id': 31838, 'deals': [], 'cancellation_type': 'free', 'credit_card': 0, 'bonus': 303, 'miles': 363, 'min_stay': 1, 'platichastyami': 0, 'mircashback': 605}]",6050.0,363,14079_101hotels,2026-08-26
74033,,,2,0,0,1,Полулюкс,4,1,"[{'double': 1, 'sofa': 1}]",[],"[{'id': 742133, 'capacity': 1, 'prepayment': 'NO', 'nonrefundable': 0, 'cancellation_period': 0, 'cancellation_fee': 'NO', 'breakfast': 0, 'base_price': 5550, 'prices': [5550], 'price': 5550, 'old_price': 0, 'currency': 'RUB', 'payment_amount': 0, 'extras_variants': [], 'extras': [], 'rate_id': 31838, 'deals': [], 'cancellation_type': 'free', 'credit_card': 0, 'bonus': 278, 'miles': 333, 'min_stay': 1, 'platichastyami': 0, 'mircashback': 555}, {'id': 742134, 'capacity': 2, 'prepayment': 'NO', 'nonrefundable': 0, 'cancellation_period': 0, 'cancellation_fee': 'NO', 'breakfast': 0, 'base_price': 5550, 'prices': [5550], 'price': 5550, 'old_price': 0, 'currency': 'RUB', 'payment_amount': 0, 'extras_variants': [], 'extras': [], 'rate_id': 31838, 'deals': [], 'cancellation_type': 'free', 'credit_card': 0, 'bonus': 278, 'miles': 333, 'min_stay': 1, 'platichastyami': 0, 'mircashback': 555}]",5550.0,333,14079_101hotels,2026-08-26
2224104,,на 4-х,4,1,0,0,Семейный,44,3,"[{'double': 1, '2-tier': 1}]",[],"[{'id': 346385, 'capacity': 1, 'prepayment': 'NO', 'nonrefundable': 0, 'cancellation_period': 0, 'cancellation_fee': 'NO', 'breakfast': 0, 'base_price': 4500, 'prices': [4500], 'price': 4500, 'old_price': 4500, 'currency': 'RUB', 'payment_amount': 0, 'extras_variants': [], 'extras': [], 'rate_id': 4588, 'deals': [], 'cancellation_type': 'free', 'credit_card': 0, 'bonus': 225, 'miles': 270, 'min_stay': 1, 'platichastyami': 0, 'mircashback': 450}, {'id': 346386, 'capacity': 2, 'prepayment': 'NO', 'nonrefundable': 0, 'cancellation_period': 0, 'cancellation_fee': 'NO', 'breakfast': 0, 'base_price': 4500, 'prices': [4500], 'price': 4500, 'old_price': 4500, 'currency': 'RUB', 'payment_amount': 0, 'extras_variants': [], 'extras': [], 'rate_id': 4588, 'deals': [], 'cancellation_type': 'free', 'credit_card': 0, 'bonus': 225, 'miles': 270, 'min_stay': 1, 'platichastyami': 0, 'mircashback': 450}, {'id': 346387, 'capacity': 3, 'prepayment': 'NO', 'nonrefundable': 0, 'cancellation_period': 0, 'cancellation_fee': 'NO', 'breakfast': 0, 'base_price': 5000, 'prices': [5000], 'price': 5000, 'old_price': 5000, 'currency': 'RUB', 'payment_amount': 0, 'extras_variants': [], 'extras': [], 'rate_id': 4588, 'deals': [], 'cancellation_type': 'free', 'credit_card': 0, 'bonus': 250, 'miles': 300, 'min_stay': 1, 'platichastyami': 0, 'mircashback': 500}, {'id': 346388, 'capacity': 4, 'prepayment': 'NO', 'nonrefundable': 0, 'cancellation_period': 0, 'cancellation_fee': 'NO', 'breakfast': 0, 'base_price': 6500, 'prices': [6500], 'price': 6500, 'old_price': 6500, 'currency': 'RUB', 'payment_amount': 0, 'extras_variants': [], 'extras': [], 'rate_id': 4588, 'deals': [], 'cancellation_type': 'free', 'credit_card': 0, 'bonus': 325, 'miles': 390, 'min_stay': 1, 'platichastyami': 0, 'mircashback': 650}]",4500.0,270,651714_101hotels,2026-08-26
2224112,,Двухместный улучшенный номер,2,0,0,1,Полулюкс,4,2,[{'double': 1}],[],"[{'id': 346389, 'capacity': 1, 'prepayment': 'NO', 'nonrefundable': 0, 'cancellation_period': 0, 'cancellation_fee': 'NO', 'breakfast': 0, 'base_price': 4000, 'prices': [4000], 'price': 4000, 'old_price': 4000, 'currency': 'RUB', 'payment_amount': 0, 'extras_variants': [], 'extras': [], 'rate_id': 4588, 'deals': [], 'cancellation_type': 'free', 'credit_card': 0, 'bonus': 200, 'miles': 240, 'min_stay': 1, 'platichastyami': 0, 'mircashback': 400}, {'id': 346390, 'capacity': 2, 'prepayment': 'NO', 'nonrefundable': 0, 'cancellation_period': 0, 'cancellation_fee': 'NO', 'breakfast': 0, 'base_price': 4500, 'prices': [4500], 'price': 4500, 'old_price': 4500, 'currency': 'RUB', 'payment_amount': 0, 'extras_variants': [], 'extras': [], 'rate_id': 4588, 'deals': [], 'cancellation_type': 'free', 'credit_card': 0, 'bonus': 225, 'miles': 270, 'min_stay': 1, 'platichastyami': 0, 'mircashback': 450}]",4000.0,240,651714_101hotels,2026-08-26
2224116,,,2,0,0,0,Двухместный,2,4,[{'2-tier': 2}],[],"[{'id': 346391, 'capacity': 1, 'prepayment': 'NO', 'nonrefundable': 0, 'cancellation_period': 0, 'cancellation_fee': 'NO', 'breakfast': 0, 'base_price': 3000, 'prices': [3000], 'price': 3000, 'old_price': 3000, 'currency': 'RUB', 'payment_amount': 0, 'extras_variants': [], 'extras': [], 'rate_id': 4588, 'deals': [], 'cancellation_type': 'free', 'credit_card': 0, 'bonus': 150, 'miles': 180, 'min_stay': 1, 'platichastyami': 0, 'mircashback': 300}, {'id': 346392, 'capacity': 2, 'prepayment': 'NO', 'nonrefundable': 0, 'cancellation_period': 0, 'cancellation_fee': 'NO', 'breakfast': 0, 'base_price': 3500, 'prices': [3500], 'price': 3500, 'old_price': 3500, 'currency': 'RUB', 'payment_amount': 0, 'extras_variants': [], 'extras': [], 'rate_id': 4588, 'deals': [], 'cancellation_type': 'free', 'credit_card': 0, 'bonus': 175, 'miles': 210, 'min_stay': 1, 'platichastyami': 0, 'mircashback': 350}]",3000.0,180,651714_101hotels,2026-08-26
2224117,,Койко-место в номере эконом класса,4,0,1,0,Четырехместный,34,8,[{'2-tier': 1}],[],"[{'id': 347794, 'capacity': 1, 'prepayment': 'NO', 'nonrefundable': 0, 'cancellation_period': 0, 'cancellation_fee': 'NO', 'breakfast': 0, 'base_price': 1500, 'prices': [1500], 'price': 1500, 'old_price': 1500, 'currency': 'RUB', 'payment_amount': 0, 'extras_variants': [], 'extras': [], 'rate_id': 4588, 'deals': [], 'cancellation_type': 'free', 'credit_card': 0, 'bonus': 75, 'miles': 90, 'min_stay': 1, 'platichastyami': 0, 'mircashback': 150}]",1500.0,90,651714_101hotels,2026-08-26
72016,,"Twin, Эконом",2,0,0,0,Двухместный,2,1,[{'single': 2}],[],"[{'id': 560365, 'capacity': 1, 'prepayment': 'NO', 'nonrefundable': 0, 'cancellation_period': 0, 'cancellation_fee': 'NO', 'breakfast': 0, 'base_price': 3000, 'prices': [3000], 'price': 3000, 'old_price': 0, 'currency': 'RUB', 'payment_amount': 0, 'extras_variants': [], 'extras': [], 'rate_id': 18216, 'deals': [], 'cancellation_type': 'free', 'credit_card': 0, 'bonus': 150, 'miles': 180, 'min_stay': 1, 'platichastyami': 0, 'mircashback': 300}, {'id': 560366, 'capacity': 2, 'prepayment': 'NO', 'nonrefundable': 0, 'cancellation_period': 0, 'cancellation_fee': 'NO', 'breakfast': 0, 'base_price': 3000, 'prices': [3000], 'price': 3000, 'old_price': 0, 'currency': 'RUB', 'payment_amount': 0, 'extras_variants': [], 'extras': [], 'rate_id': 18216, 'deals': [], 'cancellation_type': 'free', 'credit_card': 0, 'bonus': 150, 'miles': 180, 'min_stay': 1, 'platichastyami': 0, 'mircashback': 300}]",3000.0,180,13519_101hotels,2026-08-26
72017,,Twin (вторая категория),2,0,0,1,Двухместный,2,10,[{'single': 2}],[],"[{'id': 560367, 'capacity': 1, 'prepayment': 'NO', 'nonrefundable': 0, 'cancellation_period': 0, 'cancellation_fee': 'NO', 'breakfast': 0, 'base_price': 5000, 'prices': [5000], 'price': 5000, 'old_price': 0, 'currency': 'RUB', 'payment_amount': 0, 'extras_variants': [], 'extras': [], 'rate_id': 18216, 'deals': [], 'cancellation_type': 'free', 'credit_card': 0, 'bonus': 250, 'miles': 300, 'min_stay': 1, 'platichastyami': 0, 'mircashback': 500}, {'id': 560368, 'capacity': 2, 'prepayment': 'NO', 'nonrefundable': 0, 'cancellation_period': 0, 'cancellation_fee': 'NO', 'breakfast': 0, 'base_price': 5000, 'prices': [5000], 'price': 5000, 'old_price': 0, 'currency': 'RUB', 'payment_amount': 0, 'extras_variants': [], 'extras': [], 'rate_id': 18216, 'deals': [], 'cancellation_type': 'free', 'credit_card': 0, 'bonus': 250, 'miles': 300, 'min_stay': 1, 'platichastyami': 0, 'mircashback': 500}]",5000.0,300,13519_101hotels,2026-08-26
2254042,,Двухкомнатный СЕМЕЙНЫЙ (третья категория),3,0,0,1,Трехместный,37,1,"[{'single': 1, 'double': 1}]",[],"[{'id': 635580, 'capacity': 1, 'prepayment': 'NO', 'nonrefundable': 0, 'cancellation_period': 0, 'cancellation_fee': 'NO', 'breakfast': 0, 'base_price': 6600, 'prices': [6600], 'price': 6600, 'old_price': 0, 'currency': 'RUB', 'payment_amount': 0, 'extras_variants': [], 'extras': [], 'rate_id': 18216, 'deals': [], 'cancellation_type': 'free', 'credit_card': 0, 'bonus': 330, 'miles': 396, 'min_stay': 1, 'platichastyami': 0, 'mircashback': 660}, {'id': 635581, 'capacity': 2, 'prepayment': 'NO', 'nonrefundable': 0, 'cancellation_period': 0, 'cancellation_fee': 'NO', 'breakfast': 0, 'base_price': 6600, 'prices': [6600], 'price': 6600, 'old_price': 0, 'currency': 'RUB', 'payment_amount': 0, 'extras_variants': [], 'extras': [], 'rate_id': 18216, 'deals': [], 'cancellation_type': 'free', 'credit_card': 0, 'bonus': 330, 'miles': 396, 'min_stay': 1, 'platichastyami': 0, 'mircashback': 660}, {'id': 635582, 'capacity': 3, 'prepayment': 'NO', 'nonrefundable': 0, 'cancellation_period': 0, 'cancellation_fee': 'NO', 'breakfast': 0, 'base_price': 6600, 'prices': [6600], 'price': 6600, 'old_price': 0, 'currency': 'RUB', 'payment_amount': 0, 'extras_variants': [], 'extras': [], 'rate_id': 18216, 'deals': [], 'cancellation_type': 'free', 'credit_card': 0, 'bonus': 330, 'miles': 396, 'min_stay': 1, 'platichastyami': 0, 'mircashback': 660}]",6600.0,396,13519_101hotels,2026-08-26
2254043,,Двухкомнатный (третья категория),3,0,0,1,Трехместный,37,5,[{'single': 3}],[],"[{'id': 635583, 'capacity': 1, 'prepayment': 'NO', 'nonrefundable': 0, 'cancellation_period': 0, 'cancellation_fee': 'NO', 'breakfast': 0, 'base_price': 6600, 'prices': [6600], 'price': 6600, 'old_price': 0, 'currency': 'RUB', 'payment_amount': 0, 'extras_variants': [], 'extras': [], 'rate_id': 18216, 'deals': [], 'cancellation_type': 'free', 'credit_card': 0, 'bonus': 330, 'miles': 396, 'min_stay': 1, 'platichastyami': 0, 'mircashback': 660}, {'id': 635584, 'capacity': 2, 'prepayment': 'NO', 'nonrefundable': 0, 'cancellation_period': 0, 'cancellation_fee': 'NO', 'breakfast': 0, 'base_price': 6600, 'prices': [6600], 'price': 6600, 'old_price': 0, 'currency': 'RUB', 'payment_amount': 0, 'extras_variants': [], 'extras': [], 'rate_id': 18216, 'deals': [], 'cancellation_type': 'free', 'credit_card': 0, 'bonus': 330, 'miles': 396, 'min_stay': 1, 'platichastyami': 0, 'mircashback': 660}, {'id': 635585, 'capacity': 3, 'prepayment': 'NO', 'nonrefundable': 0, 'cancellation_period': 0, 'cancellation_fee': 'NO', 'breakfast': 0, 'base_price': 6600, 'prices': [6600], 'price': 6600, 'old_price': 0, 'currency': 'RUB', 'payment_amount': 0, 'extras_variants': [], 'extras': [], 'rate_id': 18216, 'deals': [], 'cancellation_type': 'free', 'credit_card': 0, 'bonus': 330, 'miles': 396, 'min_stay': 1, 'platichastyami': 0, 'mircashback': 660}]",6600.0,396,13519_101hotels,2026-08-26
2227631,,Комната № 1,2,1,0,1,Двухместный,2,1,"[{'single': 1, 'double': 1}, {'f-chair': 1}]",[],"[{'id': 424166, 'capacity': 1, 'prepayment': 'NO', 'nonrefundable': 0, 'cancellation_period': 0, 'cancellation_fee': 'NO', 'breakfast': 0, 'base_price': 3300, 'prices': [3300], 'price': 3300, 'old_price': 3300, 'currency': 'RUB', 'payment_amount': 0, 'extras_variants': [], 'extras': [], 'rate_id': 9060, 'deals': [], 'cancellation_type': 'free', 'credit_card': 0, 'bonus': 165, 'miles': 198, 'min_stay': 1, 'platichastyami': 0}, {'id': 424167, 'capacity': 2, 'prepayment': 'NO', 'nonrefundable': 0, 'cancellation_period': 0, 'cancellation_fee': 'NO', 'breakfast': 0, 'base_price': 3900, 'prices': [3900], 'price': 3900, 'old_price': 3900, 'currency': 'RUB', 'payment_amount': 0, 'extras_variants': [], 'extras': [], 'rate_id': 9060, 'deals': [], 'cancellation_type': 'free', 'credit_card': 0, 'bonus': 195, 'miles': 234, 'min_stay': 1, 'platichastyami': 0}]",3300.0,198,610841_101hotels,2026-08-26
2227635,,Комната № 5,2,0,0,1,Двухместный,2,1,"[{'single': 1}, {'single': 1}]",[],"[{'id': 424174, 'capacity': 1, 'prepayment': 'NO', 'nonrefundable': 0, 'cancellation_period': 0, 'cancellation_fee': 'NO', 'breakfast': 0, 'base_price': 4300, 'prices': [4300], 'price': 4300, 'old_price': 4300, 'currency': 'RUB', 'payment_amount': 0, 'extras_variants': [], 'extras': [], 'rate_id': 9060, 'deals': [], 'cancellation_type': 'free', 'credit_card': 0, 'bonus': 215, 'miles': 258, 'min_stay': 1, 'platichastyami': 0}, {'id': 424175, 'capacity': 2, 'prepayment': 'NO', 'nonrefundable': 0, 'cancellation_period': 0, 'cancellation_fee': 'NO', 'breakfast': 0, 'base_price': 5300, 'prices': [5300], 'price': 5300, 'old_price': 5300, 'currency': 'RUB', 'payment_amount': 0, 'extras_variants': [], 'extras': [], 'rate_id': 9060, 'deals': [], 'cancellation_type': 'free', 'credit_card': 0, 'bonus': 265, 'miles': 318, 'min_stay': 1, 'platichastyami': 0}]",4300.0,258,610841_101hotels,2026-08-26
2227636,,Комната № 6,2,0,0,1,Двухместный,2,1,[{'single': 2}],[],"[{'id': 424176, 'capacity': 1, 'prepayment': 'NO', 'nonrefundable': 0, 'cancellation_period': 0, 'cancellation_fee': 'NO', 'breakfast': 0, 'base_price': 5500, 'prices': [5500], 'price': 5500, 'old_price': 5500, 'currency': 'RUB', 'payment_amount': 0, 'extras_variants': [], 'extras': [], 'rate_id': 9060, 'deals': [], 'cancellation_type': 'free', 'credit_card': 0, 'bonus': 275, 'miles': 330, 'min_stay': 1, 'platichastyami': 0}, {'id': 424177, 'capacity': 2, 'prepayment': 'NO', 'nonrefundable': 0, 'cancellation_period': 0, 'cancellation_fee': 'NO', 'breakfast': 0, 'base_price': 6500, 'prices': [6500], 'price': 6500, 'old_price': 6500, 'currency': 'RUB', 'payment_amount': 0, 'extras_variants': [], 'extras': [], 'rate_id': 9060, 'deals': [], 'cancellation_type': 'free', 'credit_card': 0, 'bonus': 325, 'miles': 390, 'min_stay': 1, 'platichastyami': 0}]",5500.0,330,610841_101hotels,2026-08-26
2227637,,Комната № 7,1,0,0,1,Одноместный,1,1,[{'double': 1}],[],"[{'id': 424165, 'capacity': 1, 'prepayment': 'NO', 'nonrefundable': 0, 'cancellation_period': 0, 'cancellation_fee': 'NO', 'breakfast': 0, 'base_price': 5200, 'prices': [5200], 'price': 5200, 'old_price': 5200, 'currency': 'RUB', 'payment_amount': 0, 'extras_variants': [], 'extras': [], 'rate_id': 9060, 'deals': [], 'cancellation_type': 'free', 'credit_card': 0, 'bonus': 260, 'miles': 312, 'min_stay': 1, 'platichastyami': 0}]",5200.0,312,610841_101hotels,2026-08-26
2270770,,Комната № 4,4,2,0,1,Семейный,44,1,"[{'single': 2, 'double': 2}, {'single': 1}]",[],"[{'id': 762327, 'capacity': 1, 'prepayment': 'NO', 'nonrefundable': 0, 'cancellation_period': 0, 'cancellation_fee': 'NO', 'breakfast': 0, 'base_price': 6500, 'prices': [6500], 'price': 6500, 'old_price': 6500, 'currency': 'RUB', 'payment_amount': 0, 'extras_variants': [], 'extras': [], 'rate_id': 9060, 'deals': [], 'cancellation_type': 'free', 'credit_card': 0, 'bonus': 325, 'miles': 390, 'min_stay': 1, 'platichastyami': 0}, {'id': 762328, 'capacity': 2, 'prepayment': 'NO', 'nonrefundable': 0, 'cancellation_period': 0, 'cancellation_fee': 'NO', 'breakfast': 0, 'base_price': 7000, 'prices': [7000], 'price': 7000, 'old_price': 7000, 'currency': 'RUB', 'payment_amount': 0, 'extras_variants': [], 'extras': [], 'rate_id': 9060, 'deals': [], 'cancellation_type': 'free', 'credit_card': 0, 'bonus': 350, 'miles': 420, 'min_stay': 1, 'platichastyami': 0}, {'id': 762329, 'capacity': 3, 'prepayment': 'NO', 'nonrefundable': 0, 'cancellation_period': 0, 'cancellation_fee': 'NO', 'breakfast': 0, 'base_price': 7500, 'prices': [7500], 'price': 7500, 'old_price': 7500, 'currency': 'RUB', 'payment_amount': 0, 'extras_variants': [], 'extras': [], 'rate_id': 9060, 'deals': [], 'cancellation_type': 'free', 'credit_card': 0, 'bonus': 375, 'miles': 450, 'min_stay': 1, 'platichastyami': 0}, {'id': 762330, 'capacity': 4, 'prepayment': 'NO', 'nonrefundable': 0, 'cancellation_period': 0, 'cancellation_fee': 'NO', 'breakfast': 0, 'base_price': 8000, 'prices': [8000], 'price': 8000, 'old_price': 8000, 'currency': 'RUB', 'payment_amount': 0, 'extras_variants': [], 'extras': [], 'rate_id': 9060, 'deals': [], 'cancellation_type': 'free', 'credit_card': 0, 'bonus': 400, 'miles': 480, 'min_stay': 1, 'platichastyami': 0}]",6500.0,390,610841_101hotels,2026-08-26
2270772,,Комната №  3Б,4,0,1,1,Четырехместный,34,4,[{'2-tier': 1}],[],"[{'id': 762331, 'capacity': 1, 'prepayment': 'NO', 'nonrefundable': 0, 'cancellation_period': 0, 'cancellation_fee': 'NO', 'breakfast': 0, 'base_price': 1900, 'prices': [1900], 'price': 1900, 'old_price': 1900, 'currency': 'RUB', 'payment_amount': 0, 'extras_variants': [], 'extras': [], 'rate_id': 9060, 'deals': [], 'cancellation_type': 'free', 'credit_card': 0, 'bonus': 95, 'miles': 114, 'min_stay': 1, 'platichastyami': 0}]",1900.0,114,610841_101hotels,2026-08-26
2270773,,Комната № 1 А,4,1,1,0,Четырехместный,34,2,[{'single': 1}],[],"[{'id': 762332, 'capacity': 1, 'prepayment': 'NO', 'nonrefundable': 0, 'cancellation_period': 0, 'cancellation_fee': 'NO', 'breakfast': 0, 'base_price': 1800, 'prices': [1800], 'price': 1800, 'old_price': 1800, 'currency': 'RUB', 'payment_amount': 0, 'extras_variants': [], 'extras': [], 'rate_id': 9060, 'deals': [], 'cancellation_type': 'free', 'credit_card': 0, 'bonus': 90, 'miles': 108, 'min_stay': 1, 'platichastyami': 0}]",1800.0,108,610841_101hotels,2026-08-26
2276012,,Студия без балкона,2,0,0,1,Двухместный,2,1,[{'double': 1}],[],"[{'id': 803179, 'capacity': 1, 'prepayment': 'FULL', 'nonrefundable': 0, 'cancellation_period': 0, 'cancellation_fee': 'NO', 'breakfast': 0, 'base_price': 3237, 'prices': [3237], 'price': 3237, 'old_price': 3237, 'currency': 'RUB', 'payment_amount': 3237, 'extras_variants': [], 'extras': [], 'rate_id': 30902, 'deals': [], 'cancellation_type': 'free', 'credit_card': 1, 'bonus': 162, 'miles': 192, 'min_stay': 1, 'platichastyami': 0, 'mircashback': 324}, {'id': 803180, 'capacity': 2, 'prepayment': 'FULL', 'nonrefundable': 0, 'cancellation_period': 0, 'cancellation_fee': 'NO', 'breakfast': 0, 'base_price': 3237, 'prices': [3237], 'price': 3237, 'old_price': 3237, 'currency': 'RUB', 'payment_amount': 3237, 'extras_variants': [], 'extras': [], 'rate_id': 30902, 'deals': [], 'cancellation_type': 'free', 'credit_card': 1, 'bonus': 162, 'miles': 192, 'min_stay': 1, 'platichastyami': 0, 'mircashback': 324}]",3237.0,192,662866_101hotels,2026-08-26
2276016,,Студия gray с балконом,2,0,0,1,Двухместный,2,1,[{'double': 1}],[],"[{'id': 803185, 'capacity': 1, 'prepayment': 'FULL', 'nonrefundable': 0, 'cancellation_period': 0, 'cancellation_fee': 'NO', 'breakfast': 0, 'base_price': 3237, 'prices': [3237], 'price': 3237, 'old_price': 3237, 'currency': 'RUB', 'payment_amount': 3237, 'extras_variants': [], 'extras': [], 'rate_id': 30902, 'deals': [], 'cancellation_type': 'free', 'credit_card': 1, 'bonus': 162, 'miles': 192, 'min_stay': 1, 'platichastyami': 0, 'mircashback': 324}, {'id': 803186, 'capacity': 2, 'prepayment': 'FULL', 'nonrefundable': 0, 'cancellation_period': 0, 'cancellation_fee': 'NO', 'breakfast': 0, 'base_price': 3237, 'prices': [3237], 'price': 3237, 'old_price': 3237, 'currency': 'RUB', 'payment_amount': 3237, 'extras_variants': [], 'extras': [], 'rate_id': 30902, 'deals': [], 'cancellation_type': 'free', 'credit_card': 1, 'bonus': 162, 'miles': 192, 'min_stay': 1, 'platichastyami': 0, 'mircashback': 324}]",3237.0,192,662866_101hotels,2026-08-26
2276021,,Студия yellow без балкона,2,0,0,1,Двухместный,2,1,[{'double': 1}],[],"[{'id': 803207, 'capacity': 1, 'prepayment': 'FULL', 'nonrefundable': 0, 'cancellation_period': 0, 'cancellation_fee': 'NO', 'breakfast': 0, 'base_price': 3237, 'prices': [3237], 'price': 3237, 'old_price': 3237, 'currency': 'RUB', 'payment_amount': 3237, 'extras_variants': [], 'extras': [], 'rate_id': 30902, 'deals': [], 'cancellation_type': 'free', 'credit_card': 1, 'bonus': 162, 'miles': 192, 'min_stay': 1, 'platichastyami': 0, 'mircashback': 324}, {'id': 803208, 'capacity': 2, 'prepayment': 'FULL', 'nonrefundable': 0, 'cancellation_period': 0, 'cancellation_fee': 'NO', 'breakfast': 0, 'base_price': 3237, 'prices': [3237], 'price': 3237, 'old_price': 3237, 'currency': 'RUB', 'payment_amount': 3237, 'extras_variants': [], 'extras': [], 'rate_id': 30902, 'deals': [], 'cancellation_type': 'free', 'credit_card': 1, 'bonus': 162, 'miles': 192, 'min_stay': 1, 'platichastyami': 0, 'mircashback': 324}]",3237.0,192,662866_101hotels,2026-08-26
2276001,,Студия Green,2,0,0,1,Двухместный,2,1,[{'single': 1}],[],"[{'id': 805139, 'capacity': 1, 'prepayment': 'FULL', 'nonrefundable': 0, 'cancellation_period': 0, 'cancellation_fee': 'NO', 'breakfast': 0, 'base_price': 3107, 'prices': [3107], 'price': 3107, 'old_price': 3107, 'currency': 'RUB', 'payment_amount': 3107, 'extras_variants': [], 'extras': [], 'rate_id': 36551, 'deals': [], 'cancellation_type': 'free', 'credit_card': 1, 'bonus': 155, 'miles': 186, 'min_stay': 1, 'platichastyami': 0, 'mircashback': 311}, {'id': 805140, 'capacity': 2, 'prepayment': 'FULL', 'nonrefundable': 0, 'cancellation_period': 0, 'cancellation_fee': 'NO', 'breakfast': 0, 'base_price': 3107, 'prices': [3107], 'price': 3107, 'old_price': 3107, 'currency': 'RUB', 'payment_amount': 3107, 'extras_variants': [], 'extras': [], 'rate_id': 36551, 'deals': [], 'cancellation_type': 'free', 'credit_card': 1, 'bonus': 155, 'miles': 186, 'min_stay': 1, 'platichastyami': 0, 'mircashback': 311}]",3107.0,186,662868_101hotels,2026-08-26
2271959,,Уютнaя 2-x комнaтная кваpтира «ЛАТТE» в ЦЕHТРE.,6,0,0,1,Апартаменты,14,1,"[{'double': 1, 'sofa': 2}]","[{'id': '23355', 'number': '1', 'min_age': '0', 'max_age': '4', 'is_extra_bed': '0', 'extra_bed_type_id': '0'}]","[{'id': 771573, 'capacity': 1, 'prepayment': 'FULL', 'nonrefundable': 0, 'cancellation_period': 0, 'cancellation_fee': 'NO', 'breakfast': 0, 'base_price': 6525, 'prices': [6525], 'price': 5872.5, 'old_price': 6525, 'currency': 'RUB', 'payment_amount': 6525, 'extras_variants': [], 'extras': {'23355': {'id': 23355, 'number': 1, 'extra_bed_type_id': 0, 'age': [0, 4], 'extra_bed': 0, 'free': 1}}, 'rate_id': 34269, 'deals': ['LAST_MINUTE'], 'cancellation_type': 'free', 'credit_card': 1, 'bonus': 294, 'miles': 351, 'min_stay': 1, 'platichastyami': 0, 'mircashback': 587}, {'id': 771574, 'capacity': 2, 'prepayment': 'FULL', 'nonrefundable': 0, 'cancellation_period': 0, 'cancellation_fee': 'NO', 'breakfast': 0, 'base_price': 6525, 'prices': [6525], 'price': 5872.5, 'old_price': 6525, 'currency': 'RUB', 'payment_amount': 6525, 'extras_variants': [], 'extras': {'23355': {'id': 23355, 'number': 1, 'extra_bed_type_id': 0, 'age': [0, 4], 'extra_bed': 0, 'free': 1}}, 'rate_id': 34269, 'deals': ['LAST_MINUTE'], 'cancellation_type': 'free', 'credit_card': 1, 'bonus': 294, 'miles': 351, 'min_stay': 1, 'platichastyami': 0, 'mircashback': 587}, {'id': 771575, 'capacity': 3, 'prepayment': 'FULL', 'nonrefundable': 0, 'cancellation_period': 0, 'cancellation_fee': 'NO', 'breakfast': 0, 'base_price': 6825, 'prices': [6825], 'price': 6142.5, 'old_price': 6825, 'currency': 'RUB', 'payment_amount': 6825, 'extras_variants': [], 'extras': {'23355': {'id': 23355, 'number': 1, 'extra_bed_type_id': 0, 'age': [0, 4], 'extra_bed': 0, 'free': 1}}, 'rate_id': 34269, 'deals': ['LAST_MINUTE'], 'cancellation_type': 'free', 'credit_card': 1, 'bonus': 307, 'miles': 366, 'min_stay': 1, 'platichastyami': 0, 'mircashback': 614}, {'id': 771576, 'capacity': 4, 'prepayment': 'FULL', 'nonrefundable': 0, 'cancellation_period': 0, 'cancellation_fee': 'NO', 'breakfast': 0, 'base_price': 7125, 'prices': [7125], 'price': 6412.5, 'old_price': 7125, 'currency': 'RUB', 'payment_amount': 7125, 'extras_variants': [], 'extras': {'23355': {'id': 23355, 'number': 1, 'extra_bed_type_id': 0, 'age': [0, 4], 'extra_bed': 0, 'free': 1}}, 'rate_id': 34269, 'deals': ['LAST_MINUTE'], 'cancellation_type': 'free', 'credit_card': 1, 'bonus': 321, 'miles': 384, 'min_stay': 1, 'platichastyami': 0, 'mircashback': 641}, {'id': 1043017, 'capacity': 5, 'prepayment': 'FULL', 'nonrefundable': 0, 'cancellation_period': 0, 'cancellation_fee': 'NO', 'breakfast': 0, 'base_price': 7425, 'prices': [7425], 'price': 6682.5, 'old_price': 7425, 'currency': 'RUB', 'payment_amount': 7425, 'extras_variants': [], 'extras': {'23355': {'id': 23355, 'number': 1, 'extra_bed_type_id': 0, 'age': [0, 4], 'extra_bed': 0, 'free': 1}}, 'rate_id': 34269, 'deals': ['LAST_MINUTE'], 'cancellation_type': 'free', 'credit_card': 1, 'bonus': 334, 'miles': 399, 'min_stay': 1, 'platichastyami': 0, 'mircashback': 668}, {'id': 1043018, 'capacity': 6, 'prepayment': 'FULL', 'nonrefundable': 0, 'cancellation_period': 0, 'cancellation_fee': 'NO', 'breakfast': 0, 'base_price': 7725, 'prices': [7725], 'price': 6952.5, 'old_price': 7725, 'currency': 'RUB', 'payment_amount': 7725, 'extras_variants': [], 'extras': {'23355': {'id': 23355, 'number': 1, 'extra_bed_type_id': 0, 'age': [0, 4], 'extra_bed': 0, 'free': 1}}, 'rate_id': 34269, 'deals': ['LAST_MINUTE'], 'cancellation_type': 'free', 'credit_card': 1, 'bonus': 348, 'miles': 417, 'min_stay': 1, 'platichastyami': 0, 'mircashback': 695}]",5872.5,351,665410_101hotels,2026-08-26
2272175,,ГОСТИру на улице Ленина,8,0,0,1,Апартаменты,14,1,"[{'single': 2, 'double': 1, 'sofa': 2}]","[{'id': '23337', 'number': '1', 'min_age': '0', 'max_age': '2', 'is_extra_bed': '0', 'extra_bed_type_id': '0'}]","[{'id': 773393, 'capacity': 1, 'prepayment': 'FULL', 'nonrefundable': 0, 'cancellation_period': 0, 'cancellation_fee': 'NO', 'breakfast': 0, 'base_price': 7250, 'prices': [7250], 'price': 7250, 'old_price': 7250, 'currency': 'RUB', 'payment_amount': 7250, 'extras_variants': [], 'extras': {'23337': {'id': 23337, 'number': 1, 'extra_bed_type_id': 0, 'age': [0, 2], 'extra_bed': 0, 'free': 1}}, 'rate_id': 34420, 'deals': [], 'cancellation_type': 'free', 'credit_card': 1, 'bonus': 363, 'miles': 435, 'min_stay': 1, 'platichastyami': 0, 'mircashback': 725}, {'id': 773394, 'capacity': 2, 'prepayment': 'FULL', 'nonrefundable': 0, 'cancellation_period': 0, 'cancellation_fee': 'NO', 'breakfast': 0, 'base_price': 7250, 'prices': [7250], 'price': 7250, 'old_price': 7250, 'currency': 'RUB', 'payment_amount': 7250, 'extras_variants': [], 'extras': {'23337': {'id': 23337, 'number': 1, 'extra_bed_type_id': 0, 'age': [0, 2], 'extra_bed': 0, 'free': 1}}, 'rate_id': 34420, 'deals': [], 'cancellation_type': 'free', 'credit_card': 1, 'bonus': 363, 'miles': 435, 'min_stay': 1, 'platichastyami': 0, 'mircashback': 725}, {'id': 773395, 'capacity': 3, 'prepayment': 'FULL', 'nonrefundable': 0, 'cancellation_period': 0, 'cancellation_fee': 'NO', 'breakfast': 0, 'base_price': 7550, 'prices': [7550], 'price': 7550, 'old_price': 7550, 'currency': 'RUB', 'payment_amount': 7550, 'extras_variants': [], 'extras': {'23337': {'id': 23337, 'number': 1, 'extra_bed_type_id': 0, 'age': [0, 2], 'extra_bed': 0, 'free': 1}}, 'rate_id': 34420, 'deals': [], 'cancellation_type': 'free', 'credit_card': 1, 'bonus': 378, 'miles': 453, 'min_stay': 1, 'platichastyami': 0, 'mircashback': 755}, {'id': 773396, 'capacity': 4, 'prepayment': 'FULL', 'nonrefundable': 0, 'cancellation_period': 0, 'cancellation_fee': 'NO', 'breakfast': 0, 'base_price': 7850, 'prices': [7850], 'price': 7850, 'old_price': 7850, 'currency': 'RUB', 'payment_amount': 7850, 'extras_variants': [], 'extras': {'23337': {'id': 23337, 'number': 1, 'extra_bed_type_id': 0, 'age': [0, 2], 'extra_bed': 0, 'free': 1}}, 'rate_id': 34420, 'deals': [], 'cancellation_type': 'free', 'credit_card': 1, 'bonus': 393, 'miles': 471, 'min_stay': 1, 'platichastyami': 0, 'mircashback': 785}, {'id': 773397, 'capacity': 5, 'prepayment': 'FULL', 'nonrefundable': 0, 'cancellation_period': 0, 'cancellation_fee': 'NO', 'breakfast': 0, 'base_price': 8150, 'prices': [8150], 'price': 8150, 'old_price': 8150, 'currency': 'RUB', 'payment_amount': 8150, 'extras_variants': [], 'extras': {'23337': {'id': 23337, 'number': 1, 'extra_bed_type_id': 0, 'age': [0, 2], 'extra_bed': 0, 'free': 1}}, 'rate_id': 34420, 'deals': [], 'cancellation_type': 'free', 'credit_card': 1, 'bonus': 408, 'miles': 489, 'min_stay': 1, 'platichastyami': 0, 'mircashback': 815}, {'id': 773398, 'capacity': 6, 'prepayment': 'FULL', 'nonrefundable': 0, 'cancellation_period': 0, 'cancellation_fee': 'NO', 'breakfast': 0, 'base_price': 8450, 'prices': [8450], 'price': 8450, 'old_price': 8450, 'currency': 'RUB', 'payment_amount': 8450, 'extras_variants': [], 'extras': {'23337': {'id': 23337, 'number': 1, 'extra_bed_type_id': 0, 'age': [0, 2], 'extra_bed': 0, 'free': 1}}, 'rate_id': 34420, 'deals': [], 'cancellation_type': 'free', 'credit_card': 1, 'bonus': 423, 'miles': 507, 'min_stay': 1, 'platichastyami': 0, 'mircashback': 845}, {'id': 773399, 'capacity': 7, 'prepayment': 'FULL', 'nonrefundable': 0, 'cancellation_period': 0, 'cancellation_fee': 'NO', 'breakfast': 0, 'base_price': 8750, 'prices': [8750], 'price': 8750, 'old_price': 8750, 'currency': 'RUB', 'payment_amount': 8750, 'extras_variants': [], 'extras': {'23337': {'id': 23337, 'number': 1, 'extra_bed_type_id': 0, 'age': [0, 2], 'extra_bed': 0, 'free': 1}}, 'rate_id': 34420, 'deals': [], 'cancellation_type': 'free', 'credit_card': 1, 'bonus': 438, 'miles': 525, 'min_stay': 1, 'platichastyami': 0, 'mircashback': 875}, {'id': 773400, 'capacity': 8, 'prepayment': 'FULL', 'nonrefundable': 0, 'cancellation_period': 0, 'cancellation_fee': 'NO', 'breakfast': 0, 'base_price': 9050, 'prices': [9050], 'price': 9050, 'old_price': 9050, 'currency': 'RUB', 'payment_amount': 9050, 'extras_variants': [], 'extras': {'23337': {'id': 23337, 'number': 1, 'extra_bed_type_id': 0, 'age': [0, 2], 'extra_bed': 0, 'free': 1}}, 'rate_id': 34420, 'deals': [], 'cancellation_type': 'free', 'credit_card': 1, 'bonus': 453, 'miles': 543, 'min_stay': 1, 'platichastyami': 0, 'mircashback': 905}]",7250.0,435,665409_101hotels,2026-08-26
2274112,,Апартаменты Луна,2,0,0,1,Двухместный,2,1,[{'double': 1}],[],"[{'id': 789125, 'capacity': 1, 'prepayment': 'FULL', 'nonrefundable': 0, 'cancellation_period': 0, 'cancellation_fee': 'NO', 'breakfast': 0, 'base_price': 3900, 'prices': [3900], 'price': 3705, 'old_price': 3900, 'currency': 'RUB', 'payment_amount': 3900, 'extras_variants': [], 'extras': [], 'rate_id': 35523, 'deals': ['LAST_MINUTE'], 'cancellation_type': 'free', 'credit_card': 1, 'bonus': 185, 'miles': 222, 'min_stay': 1, 'platichastyami': 0, 'mircashback': 371}, {'id': 789126, 'capacity': 2, 'prepayment': 'FULL', 'nonrefundable': 0, 'cancellation_period': 0, 'cancellation_fee': 'NO', 'breakfast': 0, 'base_price': 3900, 'prices': [3900], 'price': 3705, 'old_price': 3900, 'currency': 'RUB', 'payment_amount': 3900, 'extras_variants': [], 'extras': [], 'rate_id': 35523, 'deals': ['LAST_MINUTE'], 'cancellation_type': 'free', 'credit_card': 1, 'bonus': 185, 'miles': 222, 'min_stay': 1, 'platichastyami': 0, 'mircashback': 371}]",3705.0,222,666214_101hotels,2026-08-26
2286516,,Апартаменты рядом с Аэропортом,4,0,0,1,Апартаменты,14,1,"[{'double': 1, 'sofa': 1}]",[],"[{'id': 926458, 'capacity': 1, 'prepayment': 'FULL', 'nonrefundable': 0, 'cancellation_period': 0, 'cancellation_fee': 'NO', 'breakfast': 0, 'base_price': 4725, 'prices': [4725], 'price': 4488.75, 'old_price': 4725, 'currency': 'RUB', 'payment_amount': 4725, 'extras_variants': [], 'extras': [], 'rate_id': 42713, 'deals': ['LAST_MINUTE'], 'cancellation_type': 'free', 'credit_card': 1, 'bonus': 224, 'miles': 267, 'min_stay': 1, 'platichastyami': 0, 'mircashback': 449}, {'id': 926459, 'capacity': 2, 'prepayment': 'FULL', 'nonrefundable': 0, 'cancellation_period': 0, 'cancellation_fee': 'NO', 'breakfast': 0, 'base_price': 4725, 'prices': [4725], 'price': 4488.75, 'old_price': 4725, 'currency': 'RUB', 'payment_amount': 4725, 'extras_variants': [], 'extras': [], 'rate_id': 42713, 'deals': ['LAST_MINUTE'], 'cancellation_type': 'free', 'credit_card': 1, 'bonus': 224, 'miles': 267, 'min_stay': 1, 'platichastyami': 0, 'mircashback': 449}, {'id': 926460, 'capacity': 3, 'prepayment': 'FULL', 'nonrefundable': 0, 'cancellation_period': 0, 'cancellation_fee': 'NO', 'breakfast': 0, 'base_price': 5225, 'prices': [5225], 'price': 4963.75, 'old_price': 5225, 'currency': 'RUB', 'payment_amount': 5225, 'extras_variants': [], 'extras': [], 'rate_id': 42713, 'deals': ['LAST_MINUTE'], 'cancellation_type': 'free', 'credit_card': 1, 'bonus': 248, 'miles': 297, 'min_stay': 1, 'platichastyami': 0, 'mircashback': 496}, {'id': 926461, 'capacity': 4, 'prepayment': 'FULL', 'nonrefundable': 0, 'cancellation_period': 0, 'cancellation_fee': 'NO', 'breakfast': 0, 'base_price': 5725, 'prices': [5725], 'price': 5438.75, 'old_price': 5725, 'currency': 'RUB', 'payment_amount': 5725, 'extras_variants': [], 'extras': [], 'rate_id': 42713, 'deals': ['LAST_MINUTE'], 'cancellation_type': 'free', 'credit_card': 1, 'bonus': 272, 'miles': 324, 'min_stay': 1, 'platichastyami': 0, 'mircashback': 544}]",4488.75,267,669898_101hotels,2026-08-26
2288633,,Forest,2,0,0,1,Апартаменты,14,1,[{'double': 1}],"[{'id': '18230', 'number': '1', 'min_age': '0', 'max_age': '5', 'is_extra_bed': '0', 'extra_bed_type_id': '0'}]","[{'id': 951710, 'capacity': 1, 'prepayment': 'FULL', 'nonrefundable': 0, 'cancellation_period': 0, 'cancellation_fee': 'NO', 'breakfast': 0, 'base_price': 3705, 'prices': [3705], 'price': 3519.75, 'old_price': 3705, 'currency': 'RUB', 'payment_amount': 3705, 'extras_variants': [], 'extras': {'18230': {'id': 18230, 'number': 1, 'extra_bed_type_id': 0, 'age': [0, 5], 'extra_bed': 0, 'free': 1}}, 'rate_id': 44422, 'deals': ['LAST_MINUTE'], 'cancellation_type': 'free', 'credit_card': 1, 'bonus': 176, 'miles': 210, 'min_stay': 1, 'platichastyami': 0, 'mircashback': 352}, {'id': 951712, 'capacity': 1, 'prepayment': 'FULL', 'nonrefundable': 0, 'cancellation_period': 0, 'cancellation_fee': 'NO', 'breakfast': 0, 'base_price': 3705, 'prices': [3705], 'price': 3705, 'old_price': 3705, 'currency': 'RUB', 'payment_amount': 3705, 'extras_variants': [], 'extras': {'18230': {'id': 18230, 'number': 1, 'extra_bed_type_id': 0, 'age': [0, 5], 'extra_bed': 0, 'free': 1}}, 'rate_id': 44423, 'deals': [], 'cancellation_type': 'free', 'credit_card': 1, 'bonus': 185, 'miles': 222, 'min_stay': 1, 'platichastyami': 0, 'mircashback': 371}, {'id': 951711, 'capacity': 2, 'prepayment': 'FULL', 'nonrefundable': 0, 'cancellation_period': 0, 'cancellation_fee': 'NO', 'breakfast': 0, 'base_price': 3705, 'prices': [3705], 'price': 3519.75, 'old_price': 3705, 'currency': 'RUB', 'payment_amount': 3705, 'extras_variants': [], 'extras': {'18230': {'id': 18230, 'number': 1, 'extra_bed_type_id': 0, 'age': [0, 5], 'extra_bed': 0, 'free': 1}}, 'rate_id': 44422, 'deals': ['LAST_MINUTE'], 'cancellation_type': 'free', 'credit_card': 1, 'bonus': 176, 'miles': 210, 'min_stay': 1, 'platichastyami': 0, 'mircashback': 352}, {'id': 951713, 'capacity': 2, 'prepayment': 'FULL', 'nonrefundable': 0, 'cancellation_period': 0, 'cancellation_fee': 'NO', 'breakfast': 0, 'base_price': 3705, 'prices': [3705], 'price': 3705, 'old_price': 3705, 'currency': 'RUB', 'payment_amount': 3705, 'extras_variants': [], 'extras': {'18230': {'id': 18230, 'number': 1, 'extra_bed_type_id': 0, 'age': [0, 5], 'extra_bed': 0, 'free': 1}}, 'rate_id': 44423, 'deals': [], 'cancellation_type': 'free', 'credit_card': 1, 'bonus': 185, 'miles': 222, 'min_stay': 1, 'platichastyami': 0, 'mircashback': 371}]",3519.75,210,670249_101hotels,2026-08-26
2289834,,Апартаменты BAIKAL ATMOSPHERE,2,1,0,1,Апартаменты,14,1,"[{'double': 1, 's-sofa': 1}]","[{'id': '17654', 'number': '1', 'min_age': '0', 'max_age': '18', 'is_extra_bed': '1', 'extra_bed_type_id': '1'}]","[{'id': 955434, 'capacity': 1, 'prepayment': 'FULL', 'nonrefundable': 0, 'cancellation_period': 0, 'cancellation_fee': 'NO', 'breakfast': 0, 'base_price': 3488, 'prices': [3488], 'price': 3488, 'old_price': 3488, 'currency': 'RUB', 'payment_amount': 3488, 'extras_variants': [], 'extras': {'17654': {'id': 17654, 'number': 1, 'extra_bed_type_id': 1, 'age': [0, 18], 'extra_bed': 1, 'free': 1}}, 'rate_id': 44721, 'deals': [], 'cancellation_type': 'free', 'credit_card': 1, 'bonus': 174, 'miles': 207, 'min_stay': 1, 'platichastyami': 0, 'mircashback': 349}, {'id': 955435, 'capacity': 2, 'prepayment': 'FULL', 'nonrefundable': 0, 'cancellation_period': 0, 'cancellation_fee': 'NO', 'breakfast': 0, 'base_price': 3488, 'prices': [3488], 'price': 3488, 'old_price': 3488, 'currency': 'RUB', 'payment_amount': 3488, 'extras_variants': [], 'extras': {'17654': {'id': 17654, 'number': 1, 'extra_bed_type_id': 1, 'age': [0, 18], 'extra_bed': 1, 'free': 1}}, 'rate_id': 44721, 'deals': [], 'cancellation_type': 'free', 'credit_card': 1, 'bonus': 174, 'miles': 207, 'min_stay': 1, 'platichastyami': 0, 'mircashback': 349}]",3488.0,207,670640_101hotels,2026-08-26
2289882,,Пушкино 2,2,2,0,1,Апартаменты,14,1,[{'double': 1}],"[{'id': '17105', 'number': '2', 'min_age': '0', 'max_age': '18', 'is_extra_bed': '1', 'extra_bed_type_id': '1'}]","[{'id': 955454, 'capacity': 1, 'prepayment': 'FULL', 'nonrefundable': 0, 'cancellation_period': 0, 'cancellation_fee': 'NO', 'breakfast': 0, 'base_price': 4550, 'prices': [4550], 'price': 4322.5, 'old_price': 4550, 'currency': 'RUB', 'payment_amount': 4550, 'extras_variants': [], 'extras': {'17105': {'id': 17105, 'number': 2, 'extra_bed_type_id': 1, 'age': [0, 18], 'extra_bed': 1, 'free': 1}}, 'rate_id': 44723, 'deals': ['LAST_MINUTE'], 'cancellation_type': 'free', 'credit_card': 1, 'bonus': 216, 'miles': 258, 'min_stay': 1, 'platichastyami': 0, 'mircashback': 432}, {'id': 955456, 'capacity': 1, 'prepayment': 'FULL', 'nonrefundable': 0, 'cancellation_period': 0, 'cancellation_fee': 'NO', 'breakfast': 0, 'base_price': 4550, 'prices': [4550], 'price': 4550, 'old_price': 4550, 'currency': 'RUB', 'payment_amount': 4550, 'extras_variants': [], 'extras': {'17105': {'id': 17105, 'number': 2, 'extra_bed_type_id': 1, 'age': [0, 18], 'extra_bed': 1, 'free': 1}}, 'rate_id': 44724, 'deals': [], 'cancellation_type': 'free', 'credit_card': 1, 'bonus': 228, 'miles': 273, 'min_stay': 1, 'platichastyami': 0, 'mircashback': 455}, {'id': 955455, 'capacity': 2, 'prepayment': 'FULL', 'nonrefundable': 0, 'cancellation_period': 0, 'cancellation_fee': 'NO', 'breakfast': 0, 'base_price': 4550, 'prices': [4550], 'price': 4322.5, 'old_price': 4550, 'currency': 'RUB', 'payment_amount': 4550, 'extras_variants': [], 'extras': {'17105': {'id': 17105, 'number': 2, 'extra_bed_type_id': 1, 'age': [0, 18], 'extra_bed': 1, 'free': 1}}, 'rate_id': 44723, 'deals': ['LAST_MINUTE'], 'cancellation_type': 'free', 'credit_card': 1, 'bonus': 216, 'miles': 258, 'min_stay': 1, 'platichastyami': 0, 'mircashback': 432}, {'id': 955457, 'capacity': 2, 'prepayment': 'FULL', 'nonrefundable': 0, 'cancellation_period': 0, 'cancellation_fee': 'NO', 'breakfast': 0, 'base_price': 4550, 'prices': [4550], 'price': 4550, 'old_price': 4550, 'currency': 'RUB', 'payment_amount': 4550, 'extras_variants': [], 'extras': {'17105': {'id': 17105, 'number': 2, 'extra_bed_type_id': 1, 'age': [0, 18], 'extra_bed': 1, 'free': 1}}, 'rate_id': 44724, 'deals': [], 'cancellation_type': 'free', 'credit_card': 1, 'bonus': 228, 'miles': 273, 'min_stay': 1, 'platichastyami': 0, 'mircashback': 455}]",4322.5,258,670168_101hotels,2026-08-26
2297561,,Апартаменты Взлёт,2,0,0,1,Студио,5,1,[{'double': 1}],[],"[{'id': 1020103, 'capacity': 1, 'prepayment': 'FULL', 'nonrefundable': 0, 'cancellation_period': 0, 'cancellation_fee': 'NO', 'breakfast': 0, 'base_price': 3900, 'prices': [3900], 'price': 3705, 'old_price': 3900, 'currency': 'RUB', 'payment_amount': 3900, 'extras_variants': [], 'extras': [], 'rate_id': 49159, 'deals': ['LAST_MINUTE'], 'cancellation_type': 'free', 'credit_card': 1, 'bonus': 185, 'miles': 222, 'min_stay': 1, 'platichastyami': 0, 'mircashback': 371}, {'id': 1020104, 'capacity': 2, 'prepayment': 'FULL', 'nonrefundable': 0, 'cancellation_period': 0, 'cancellation_fee': 'NO', 'breakfast': 0, 'base_price': 3900, 'prices': [3900], 'price': 3705, 'old_price': 3900, 'currency': 'RUB', 'payment_amount': 3900, 'extras_variants': [], 'extras': [], 'rate_id': 49159, 'deals': ['LAST_MINUTE'], 'cancellation_type': 'free', 'credit_card': 1, 'bonus': 185, 'miles': 222, 'min_stay': 1, 'platichastyami': 0, 'mircashback': 371}]",3705.0,222,672593_101hotels,2026-08-26
2313267,,,2,2,0,1,Трёхместный и более,3,1,"[{'single': 1}, {'sofa': 1}, {'single': 1}]",[],"[{'id': 1158899, 'capacity': 1, 'prepayment': 'FULL', 'nonrefundable': 0, 'cancellation_period': 0, 'cancellation_fee': 'NO', 'breakfast': 0, 'base_price': 12000, 'prices': [12000], 'price': 12000, 'old_price': 12000, 'currency': 'RUB', 'payment_amount': 12000, 'extras_variants': [], 'extras': [], 'rate_id': 58773, 'deals': [], 'cancellation_type': 'free', 'credit_card': 1, 'bonus': 600, 'miles': 720, 'min_stay': 1, 'platichastyami': 0, 'mircashback': 1200}, {'id': 1158900, 'capacity': 2, 'prepayment': 'FULL', 'nonrefundable': 0, 'cancellation_period': 0, 'cancellation_fee': 'NO', 'breakfast': 0, 'base_price': 12000, 'prices': [12000], 'price': 12000, 'old_price': 12000, 'currency': 'RUB', 'payment_amount': 12000, 'extras_variants': [], 'extras': [], 'rate_id': 58773, 'deals': [], 'cancellation_type': 'free', 'credit_card': 1, 'bonus': 600, 'miles': 720, 'min_stay': 1, 'platichastyami': 0, 'mircashback': 1200}]",12000.0,720,676186_101hotels,2026-08-26
5768,,"1-категории, Стандарт",2,0,0,1,Двухместный,2,2,"[{'double': 1}, {'single': 2}]",[],"[{'id': 507732, 'capacity': 1, 'prepayment': 'FIRST', 'nonrefundable': 0, 'cancellation_period': 0, 'cancellation_fee': 'NO', 'breakfast': 1, 'base_price': 9700, 'prices': [9700], 'price': 8730, 'old_price': 0, 'currency': 'RUB', 'payment_amount': 9700, 'extras_variants': [], 'extras': [], 'rate_id': 14917, 'deals': ['LAST_MINUTE'], 'cancellation_type': 'free', 'credit_card': 1, 'bonus': 437, 'miles': 522, 'min_stay': 1, 'platichastyami': 0, 'mircashback': 873}, {'id': 507733, 'capacity': 2, 'prepayment': 'FIRST', 'nonrefundable': 0, 'cancellation_period': 0, 'cancellation_fee': 'NO', 'breakfast': 1, 'base_price': 10700, 'prices': [10700], 'price': 9630, 'old_price': 0, 'currency': 'RUB', 'payment_amount': 10700, 'extras_variants': [], 'extras': [], 'rate_id': 14917, 'deals': ['LAST_MINUTE'], 'cancellation_type': 'free', 'credit_card': 1, 'bonus': 482, 'miles': 576, 'min_stay': 1, 'platichastyami': 0, 'mircashback': 963}]",8730.0,522,227_101hotels,2026-08-26
5770,,Джуниор,2,2,0,1,Сюит,27,1,[{'double': 1}],"[{'id': '3306', 'number': '2', 'min_age': '0', 'max_age': '16', 'is_extra_bed': '0', 'extra_bed_type_id': '0'}, {'id': '3307', 'number': '2', 'min_age': '0', 'max_age': '16', 'is_extra_bed': '1', 'extra_bed_type_id': '1'}]","[{'id': 507740, 'capacity': 1, 'prepayment': 'FIRST', 'nonrefundable': 0, 'cancellation_period': 0, 'cancellation_fee': 'NO', 'breakfast': 1, 'base_price': 16100, 'prices': [16100], 'price': 14490, 'old_price': 0, 'currency': 'RUB', 'payment_amount': 16100, 'extras_variants': [], 'extras': {'3306': {'id': 3306, 'number': 2, 'extra_bed_type_id': 0, 'age': [0, 16], 'extra_bed': 0, 'free': 1}, '3307': {'id': 3307, 'number': 2, 'extra_bed_type_id': 1, 'age': [0, 16], 'extra_bed': 1, 'free': 1}}, 'rate_id': 14917, 'deals': ['LAST_MINUTE'], 'cancellation_type': 'free', 'credit_card': 1, 'bonus': 725, 'miles': 867, 'min_stay': 1, 'platichastyami': 0, 'mircashback': 1449}, {'id': 507741, 'capacity': 2, 'prepayment': 'FIRST', 'nonrefundable': 0, 'cancellation_period': 0, 'cancellation_fee': 'NO', 'breakfast': 1, 'base_price': 16100, 'prices': [16100], 'price': 14490, 'old_price': 0, 'currency': 'RUB', 'payment_amount': 16100, 'extras_variants': [], 'extras': {'3306': {'id': 3306, 'number': 2, 'extra_bed_type_id': 0, 'age': [0, 16], 'extra_bed': 0, 'free': 1}, '3307': {'id': 3307, 'number': 2, 'extra_bed_type_id': 1, 'age': [0, 16], 'extra_bed': 1, 'free': 1}}, 'rate_id': 14917, 'deals': ['LAST_MINUTE'], 'cancellation_type': 'free', 'credit_card': 1, 'bonus': 725, 'miles': 867, 'min_stay': 1, 'platichastyami': 0, 'mircashback': 1449}]",14490.0,867,227_101hotels,2026-08-26
5777,,,2,2,0,1,Люкс,6,2,[{'double': 1}],[],"[{'id': 507734, 'capacity': 1, 'prepayment': 'FIRST', 'nonrefundable': 0, 'cancellation_period': 0, 'cancellation_fee': 'NO', 'breakfast': 1, 'base_price': 25000, 'prices': [25000], 'price': 22500, 'old_price': 0, 'currency': 'RUB', 'payment_amount': 25000, 'extras_variants': [], 'extras': [], 'rate_id': 14917, 'deals': ['LAST_MINUTE'], 'cancellation_type': 'free', 'credit_card': 1, 'bonus': 1125, 'miles': 1350, 'min_stay': 1, 'platichastyami': 0, 'mircashback': 2250}, {'id': 507735, 'capacity': 2, 'prepayment': 'FIRST', 'nonrefundable': 0, 'cancellation_period': 0, 'cancellation_fee': 'NO', 'breakfast': 1, 'base_price': 25000, 'prices': [25000], 'price': 22500, 'old_price': 0, 'currency': 'RUB', 'payment_amount': 25000, 'extras_variants': [], 'extras': [], 'rate_id': 14917, 'deals': ['LAST_MINUTE'], 'cancellation_type': 'free', 'credit_card': 1, 'bonus': 1125, 'miles': 1350, 'min_stay': 1, 'platichastyami': 0, 'mircashback': 2250}]",22500.0,1350,227_101hotels,2026-08-26
5781,,Президентский,4,0,0,1,Люкс,6,1,[{'double': 2}],[],"[{'id': 507736, 'capacity': 1, 'prepayment': 'FIRST', 'nonrefundable': 0, 'cancellation_period': 0, 'cancellation_fee': 'NO', 'breakfast': 1, 'base_price': 31000, 'prices': [31000], 'price': 27900, 'old_price': 0, 'currency': 'RUB', 'payment_amount': 31000, 'extras_variants': [], 'extras': [], 'rate_id': 14917, 'deals': ['LAST_MINUTE'], 'cancellation_type': 'free', 'credit_card': 1, 'bonus': 1395, 'miles': 1674, 'min_stay': 1, 'platichastyami': 0, 'mircashback': 2790}, {'id': 507737, 'capacity': 2, 'prepayment': 'FIRST', 'nonrefundable': 0, 'cancellation_period': 0, 'cancellation_fee': 'NO', 'breakfast': 1, 'base_price': 31000, 'prices': [31000], 'price': 27900, 'old_price': 0, 'currency': 'RUB', 'payment_amount': 31000, 'extras_variants': [], 'extras': [], 'rate_id': 14917, 'deals': ['LAST_MINUTE'], 'cancellation_type': 'free', 'credit_card': 1, 'bonus': 1395, 'miles': 1674, 'min_stay': 1, 'platichastyami': 0, 'mircashback': 2790}]",27900.0,1674,227_101hotels,2026-08-26
1563526,,"Стандарт, 1-ой категории",1,0,0,1,Одноместный,1,2,[{'double': 1}],"[{'id': '425', 'number': '1', 'min_age': '1', 'max_age': '5', 'is_extra_bed': '0', 'extra_bed_type_id': '0'}]","[{'id': 507731, 'capacity': 1, 'prepayment': 'FIRST', 'nonrefundable': 0, 'cancellation_period': 0, 'cancellation_fee': 'NO', 'breakfast': 1, 'base_price': 9700, 'prices': [9700], 'price': 8730, 'old_price': 0, 'currency': 'RUB', 'payment_amount': 9700, 'extras_variants': [], 'extras': {'425': {'id': 425, 'number': 1, 'extra_bed_type_id': 0, 'age': [1, 5], 'extra_bed': 0, 'free': 1}}, 'rate_id': 14917, 'deals': ['LAST_MINUTE'], 'cancellation_type': 'free', 'credit_card': 1, 'bonus': 437, 'miles': 522, 'min_stay': 1, 'platichastyami': 0, 'mircashback': 873}]",8730.0,522,227_101hotels,2026-08-26
2310716,,Дом Русанова,2,1,0,1,Апартаменты,14,1,[{'double': 1}],[],"[{'id': 1135056, 'capacity': 1, 'prepayment': 'FULL', 'nonrefundable': 0, 'cancellation_period': 1, 'cancellation_fee': 'FIRST', 'breakfast': 0, 'base_price': 58000, 'prices': [58000], 'price': 58000, 'old_price': 58000, 'currency': 'RUB', 'payment_amount': 58000, 'extras_variants': [], 'extras': [], 'rate_id': 57158, 'deals': [], 'cancellation_type': 'special', 'credit_card': 1, 'bonus': 2900, 'miles': 3480, 'min_stay': 1, 'platichastyami': 0, 'mircashback': 5800}, {'id': 1135057, 'capacity': 2, 'prepayment': 'FULL', 'nonrefundable': 0, 'cancellation_period': 1, 'cancellation_fee': 'FIRST', 'breakfast': 0, 'base_price': 58000, 'prices': [58000], 'price': 58000, 'old_price': 58000, 'currency': 'RUB', 'payment_amount': 58000, 'extras_variants': [], 'extras': [], 'rate_id': 57158, 'deals': [], 'cancellation_type': 'special', 'credit_card': 1, 'bonus': 2900, 'miles': 3480, 'min_stay': 1, 'platichastyami': 0, 'mircashback': 5800}]",58000.0,3480,675391_101hotels,2026-08-26
2310717,,Дом Курбатова,2,1,0,1,Делюкс,29,3,[{'double': 1}],"[{'id': '33811', 'number': '1', 'min_age': '0', 'max_age': '3', 'is_extra_bed': '1', 'extra_bed_type_id': '4'}, {'id': '33812', 'number': '1', 'min_age': '0', 'max_age': '7', 'is_extra_bed': '0', 'extra_bed_type_id': '0'}]","[{'id': 1135058, 'capacity': 1, 'prepayment': 'FULL', 'nonrefundable': 0, 'cancellation_period': 1, 'cancellation_fee': 'FIRST', 'breakfast': 0, 'base_price': 32500, 'prices': [32500], 'price': 32500, 'old_price': 32500, 'currency': 'RUB', 'payment_amount': 32500, 'extras_variants': [], 'extras': {'33811': {'id': 33811, 'number': 1, 'extra_bed_type_id': 4, 'age': [0, 3], 'extra_bed': 1, 'free': 1}, '33812': {'id': 33812, 'number': 1, 'extra_bed_type_id': 0, 'age': [0, 7], 'extra_bed': 0, 'free': 1}}, 'rate_id': 57158, 'deals': [], 'cancellation_type': 'special', 'credit_card': 1, 'bonus': 1625, 'miles': 1950, 'min_stay': 1, 'platichastyami': 0, 'mircashback': 3250}, {'id': 1135059, 'capacity': 2, 'prepayment': 'FULL', 'nonrefundable': 0, 'cancellation_period': 1, 'cancellation_fee': 'FIRST', 'breakfast': 0, 'base_price': 32500, 'prices': [32500], 'price': 32500, 'old_price': 32500, 'currency': 'RUB', 'payment_amount': 32500, 'extras_variants': [], 'extras': {'33811': {'id': 33811, 'number': 1, 'extra_bed_type_id': 4, 'age': [0, 3], 'extra_bed': 1, 'free': 1}, '33812': {'id': 33812, 'number': 1, 'extra_bed_type_id': 0, 'age': [0, 7], 'extra_bed': 0, 'free': 1}}, 'rate_id': 57158, 'deals': [], 'cancellation_type': 'special', 'credit_card': 1, 'bonus': 1625, 'miles': 1950, 'min_stay': 1, 'platichastyami': 0, 'mircashback': 3250}]",32500.0,1950,675391_101hotels,2026-08-26
2310718,,Дом Курбатова,2,0,0,1,Улучшенный,113,11,"[{'single': 2}, {'double': 1}]","[{'id': '39406', 'number': '1', 'min_age': '0', 'max_age': '18', 'is_extra_bed': '0', 'extra_bed_type_id': '0'}]","[{'id': 1135060, 'capacity': 1, 'prepayment': 'FULL', 'nonrefundable': 0, 'cancellation_period': 1, 'cancellation_fee': 'FIRST', 'breakfast': 0, 'base_price': 28000, 'prices': [28000], 'price': 28000, 'old_price': 28000, 'currency': 'RUB', 'payment_amount': 28000, 'extras_variants': [], 'extras': {'39406': {'id': 39406, 'number': 1, 'extra_bed_type_id': 0, 'age': [0, 18], 'extra_bed': 0, 'free': 1}}, 'rate_id': 57158, 'deals': [], 'cancellation_type': 'special', 'credit_card': 1, 'bonus': 1400, 'miles': 1680, 'min_stay': 1, 'platichastyami': 0, 'mircashback': 2800}, {'id': 1135061, 'capacity': 2, 'prepayment': 'FULL', 'nonrefundable': 0, 'cancellation_period': 1, 'cancellation_fee': 'FIRST', 'breakfast': 0, 'base_price': 28000, 'prices': [28000], 'price': 28000, 'old_price': 28000, 'currency': 'RUB', 'payment_amount': 28000, 'extras_variants': [], 'extras': {'39406': {'id': 39406, 'number': 1, 'extra_bed_type_id': 0, 'age': [0, 18], 'extra_bed': 0, 'free': 1}}, 'rate_id': 57158, 'deals': [], 'cancellation_type': 'special', 'credit_card': 1, 'bonus': 1400, 'miles': 1680, 'min_stay': 1, 'platichastyami': 0, 'mircashback': 2800}]",28000.0,1680,675391_101hotels,2026-08-26
32287,,Twin (1 категория),2,0,0,1,Двухместный,2,7,[{'single': 2}],[],"[{'id': 684160, 'capacity': 1, 'prepayment': 'FULL', 'nonrefundable': 1, 'cancellation_period': 0, 'cancellation_fee': 'FIRST', 'breakfast': 0, 'base_price': 4400, 'prices': [4400], 'price': 4400, 'old_price': 4400, 'currency': 'RUB', 'payment_amount': 4400, 'extras_variants': [], 'extras': [], 'rate_id': 27299, 'deals': [], 'cancellation_type': 'nonrefundable', 'credit_card': 1, 'bonus': 220, 'miles': 264, 'min_stay': 1, 'platichastyami': 0, 'mircashback': 440}, {'id': 684133, 'capacity': 1, 'prepayment': 'FULL', 'nonrefundable': 1, 'cancellation_period': 0, 'cancellation_fee': 'FIRST', 'breakfast': 1, 'base_price': 5000, 'prices': [5000], 'price': 5000, 'old_price': 5000, 'currency': 'RUB', 'payment_amount': 5000, 'extras_variants': [], 'extras': [], 'rate_id': 27286, 'deals': [], 'cancellation_type': 'nonrefundable', 'credit_card': 1, 'bonus': 250, 'miles': 300, 'min_stay': 1, 'platichastyami': 0, 'mircashback': 500}, {'id': 684161, 'capacity': 2, 'prepayment': 'FULL', 'nonrefundable': 1, 'cancellation_period': 0, 'cancellation_fee': 'FIRST', 'breakfast': 0, 'base_price': 5200, 'prices': [5200], 'price': 5200, 'old_price': 5200, 'currency': 'RUB', 'payment_amount': 5200, 'extras_variants': [], 'extras': [], 'rate_id': 27299, 'deals': [], 'cancellation_type': 'nonrefundable', 'credit_card': 1, 'bonus': 260, 'miles': 312, 'min_stay': 1, 'platichastyami': 0, 'mircashback': 520}, {'id': 684134, 'capacity': 2, 'prepayment': 'FULL', 'nonrefundable': 1, 'cancellation_period': 0, 'cancellation_fee': 'FIRST', 'breakfast': 1, 'base_price': 6400, 'prices': [6400], 'price': 6400, 'old_price': 6400, 'currency': 'RUB', 'payment_amount': 6400, 'extras_variants': [], 'extras': [], 'rate_id': 27286, 'deals': [], 'cancellation_type': 'nonrefundable', 'credit_card': 1, 'bonus': 320, 'miles': 384, 'min_stay': 1, 'platichastyami': 0, 'mircashback': 640}]",4400.0,264,6855_101hotels,2026-08-26
32288,,Double (1 категория),2,0,0,1,Двухместный,2,8,[{'double': 1}],[],"[{'id': 684162, 'capacity': 1, 'prepayment': 'FULL', 'nonrefundable': 1, 'cancellation_period': 0, 'cancellation_fee': 'FIRST', 'breakfast': 0, 'base_price': 5200, 'prices': [5200], 'price': 5200, 'old_price': 5200, 'currency': 'RUB', 'payment_amount': 5200, 'extras_variants': [], 'extras': [], 'rate_id': 27299, 'deals': [], 'cancellation_type': 'nonrefundable', 'credit_card': 1, 'bonus': 260, 'miles': 312, 'min_stay': 1, 'platichastyami': 0, 'mircashback': 520}, {'id': 684135, 'capacity': 1, 'prepayment': 'FULL', 'nonrefundable': 1, 'cancellation_period': 0, 'cancellation_fee': 'FIRST', 'breakfast': 1, 'base_price': 5800, 'prices': [5800], 'price': 5800, 'old_price': 5800, 'currency': 'RUB', 'payment_amount': 5800, 'extras_variants': [], 'extras': [], 'rate_id': 27286, 'deals': [], 'cancellation_type': 'nonrefundable', 'credit_card': 1, 'bonus': 290, 'miles': 348, 'min_stay': 1, 'platichastyami': 0, 'mircashback': 580}, {'id': 684163, 'capacity': 2, 'prepayment': 'FULL', 'nonrefundable': 1, 'cancellation_period': 0, 'cancellation_fee': 'FIRST', 'breakfast': 0, 'base_price': 5200, 'prices': [5200], 'price': 5200, 'old_price': 5200, 'currency': 'RUB', 'payment_amount': 5200, 'extras_variants': [], 'extras': [], 'rate_id': 27299, 'deals': [], 'cancellation_type': 'nonrefundable', 'credit_card': 1, 'bonus': 260, 'miles': 312, 'min_stay': 1, 'platichastyami': 0, 'mircashback': 520}, {'id': 684136, 'capacity': 2, 'prepayment': 'FULL', 'nonrefundable': 1, 'cancellation_period': 0, 'cancellation_fee': 'FIRST', 'breakfast': 1, 'base_price': 6400, 'prices': [6400], 'price': 6400, 'old_price': 6400, 'currency': 'RUB', 'payment_amount': 6400, 'extras_variants': [], 'extras': [], 'rate_id': 27286, 'deals': [], 'cancellation_type': 'nonrefundable', 'credit_card': 1, 'bonus': 320, 'miles': 384, 'min_stay': 1, 'platichastyami': 0, 'mircashback': 640}]",5200.0,312,6855_101hotels,2026-08-26
102188,,Single (1 категория),1,0,0,1,Одноместный,1,1,[{'single': 1}],[],"[{'id': 684159, 'capacity': 1, 'prepayment': 'FULL', 'nonrefundable': 1, 'cancellation_period': 0, 'cancellation_fee': 'FIRST', 'breakfast': 0, 'base_price': 4000, 'prices': [4000], 'price': 4000, 'old_price': 4000, 'currency': 'RUB', 'payment_amount': 4000, 'extras_variants': [], 'extras': [], 'rate_id': 27299, 'deals': [], 'cancellation_type': 'nonrefundable', 'credit_card': 1, 'bonus': 200, 'miles': 240, 'min_stay': 1, 'platichastyami': 0, 'mircashback': 400}, {'id': 684139, 'capacity': 1, 'prepayment': 'FULL', 'nonrefundable': 1, 'cancellation_period': 0, 'cancellation_fee': 'FIRST', 'breakfast': 1, 'base_price': 4600, 'prices': [4600], 'price': 4600, 'old_price': 4600, 'currency': 'RUB', 'payment_amount': 4600, 'extras_variants': [], 'extras': [], 'rate_id': 27286, 'deals': [], 'cancellation_type': 'nonrefundable', 'credit_card': 1, 'bonus': 230, 'miles': 276, 'min_stay': 1, 'platichastyami': 0, 'mircashback': 460}]",4000.0,240,6855_101hotels,2026-08-26
1619384,,С кухней,5,0,0,1,Апартаменты,14,2,"[{'single': 1, 'double': 1, 'sofa': 1}]",[],"[{'id': 684166, 'capacity': 1, 'prepayment': 'FULL', 'nonrefundable': 1, 'cancellation_period': 0, 'cancellation_fee': 'FIRST', 'breakfast': 0, 'base_price': 8800, 'prices': [8800], 'price': 8800, 'old_price': 8800, 'currency': 'RUB', 'payment_amount': 8800, 'extras_variants': [], 'extras': [], 'rate_id': 27299, 'deals': [], 'cancellation_type': 'nonrefundable', 'credit_card': 1, 'bonus': 440, 'miles': 528, 'min_stay': 1, 'platichastyami': 0, 'mircashback': 880}, {'id': 684167, 'capacity': 2, 'prepayment': 'FULL', 'nonrefundable': 1, 'cancellation_period': 0, 'cancellation_fee': 'FIRST', 'breakfast': 0, 'base_price': 8800, 'prices': [8800], 'price': 8800, 'old_price': 8800, 'currency': 'RUB', 'payment_amount': 8800, 'extras_variants': [], 'extras': [], 'rate_id': 27299, 'deals': [], 'cancellation_type': 'nonrefundable', 'credit_card': 1, 'bonus': 440, 'miles': 528, 'min_stay': 1, 'platichastyami': 0, 'mircashback': 880}, {'id': 684168, 'capacity': 3, 'prepayment': 'FULL', 'nonrefundable': 1, 'cancellation_period': 0, 'cancellation_fee': 'FIRST', 'breakfast': 0, 'base_price': 8800, 'prices': [8800], 'price': 8800, 'old_price': 8800, 'currency': 'RUB', 'payment_amount': 8800, 'extras_variants': [], 'extras': [], 'rate_id': 27299, 'deals': [], 'cancellation_type': 'nonrefundable', 'credit_card': 1, 'bonus': 440, 'miles': 528, 'min_stay': 1, 'platichastyami': 0, 'mircashback': 880}, {'id': 684169, 'capacity': 4, 'prepayment': 'FULL', 'nonrefundable': 1, 'cancellation_period': 0, 'cancellation_fee': 'FIRST', 'breakfast': 0, 'base_price': 8800, 'prices': [8800], 'price': 8800, 'old_price': 8800, 'currency': 'RUB', 'payment_amount': 8800, 'extras_variants': [], 'extras': [], 'rate_id': 27299, 'deals': [], 'cancellation_type': 'nonrefundable', 'credit_card': 1, 'bonus': 440, 'miles': 528, 'min_stay': 1, 'platichastyami': 0, 'mircashback': 880}, {'id': 684170, 'capacity': 5, 'prepayment': 'FULL', 'nonrefundable': 1, 'cancellation_period': 0, 'cancellation_fee': 'FIRST', 'breakfast': 0, 'base_price': 8800, 'prices': [8800], 'price': 8800, 'old_price': 8800, 'currency': 'RUB', 'payment_amount': 8800, 'extras_variants': [], 'extras': [], 'rate_id': 27299, 'deals': [], 'cancellation_type': 'nonrefundable', 'credit_card': 1, 'bonus': 440, 'miles': 528, 'min_stay': 1, 'platichastyami': 0, 'mircashback': 880}]",8800.0,528,6855_101hotels,2026-08-26
2271860,,Номер первой категории Стандарт улучшенный с 1 кроватью,2,2,0,1,Двухместный,2,1,[{'double': 1}],"[{'id': '22098', 'number': '1', 'min_age': '0', 'max_age': '7', 'is_extra_bed': '1', 'extra_bed_type_id': '1'}, {'id': '22099', 'number': '1', 'min_age': '0', 'max_age': '7', 'is_extra_bed': '1', 'extra_bed_type_id': '2'}]","[{'id': 770736, 'capacity': 1, 'prepayment': 'FULL', 'nonrefundable': 0, 'cancellation_period': 1, 'cancellation_fee': 'FIRST', 'breakfast': 0, 'base_price': 7000, 'prices': [7000], 'price': 7000, 'old_price': 0, 'currency': 'RUB', 'payment_amount': 7000, 'extras_variants': [], 'extras': {'22098': {'id': 22098, 'number': 1, 'extra_bed_type_id': 1, 'age': [0, 7], 'extra_bed': 1, 'free': 1}, '22099': {'id': 22099, 'number': 1, 'extra_bed_type_id': 2, 'age': [0, 7], 'extra_bed': 1, 'free': 1}}, 'rate_id': 18577, 'deals': [], 'cancellation_type': 'special', 'credit_card': 1, 'bonus': 350, 'miles': 420, 'min_stay': 1, 'platichastyami': 0, 'mircashback': 700}, {'id': 770734, 'capacity': 1, 'prepayment': 'FULL', 'nonrefundable': 0, 'cancellation_period': 1, 'cancellation_fee': 'FIRST', 'breakfast': 1, 'base_price': 8200, 'prices': [8200], 'price': 8200, 'old_price': 0, 'currency': 'RUB', 'payment_amount': 8200, 'extras_variants': [], 'extras': {'22098': {'id': 22098, 'number': 1, 'extra_bed_type_id': 1, 'age': [0, 7], 'extra_bed': 1, 'free': 1}, '22099': {'id': 22099, 'number': 1, 'extra_bed_type_id': 2, 'age': [0, 7], 'extra_bed': 1, 'free': 1}}, 'rate_id': 18576, 'deals': [], 'cancellation_type': 'special', 'credit_card': 1, 'bonus': 410, 'miles': 492, 'min_stay': 1, 'platichastyami': 0, 'mircashback': 820}, {'id': 770737, 'capacity': 2, 'prepayment': 'FULL', 'nonrefundable': 0, 'cancellation_period': 1, 'cancellation_fee': 'FIRST', 'breakfast': 0, 'base_price': 7000, 'prices': [7000], 'price': 7000, 'old_price': 0, 'currency': 'RUB', 'payment_amount': 7000, 'extras_variants': [], 'extras': {'22098': {'id': 22098, 'number': 1, 'extra_bed_type_id': 1, 'age': [0, 7], 'extra_bed': 1, 'free': 1}, '22099': {'id': 22099, 'number': 1, 'extra_bed_type_id': 2, 'age': [0, 7], 'extra_bed': 1, 'free': 1}}, 'rate_id': 18577, 'deals': [], 'cancellation_type': 'special', 'credit_card': 1, 'bonus': 350, 'miles': 420, 'min_stay': 1, 'platichastyami': 0, 'mircashback': 700}, {'id': 770735, 'capacity': 2, 'prepayment': 'FULL', 'nonrefundable': 0, 'cancellation_period': 1, 'cancellation_fee': 'FIRST', 'breakfast': 1, 'base_price': 8200, 'prices': [8200], 'price': 8200, 'old_price': 0, 'currency': 'RUB', 'payment_amount': 8200, 'extras_variants': [], 'extras': {'22098': {'id': 22098, 'number': 1, 'extra_bed_type_id': 1, 'age': [0, 7], 'extra_bed': 1, 'free': 1}, '22099': {'id': 22099, 'number': 1, 'extra_bed_type_id': 2, 'age': [0, 7], 'extra_bed': 1, 'free': 1}}, 'rate_id': 18576, 'deals': [], 'cancellation_type': 'special', 'credit_card': 1, 'bonus': 410, 'miles': 492, 'min_stay': 1, 'platichastyami': 0, 'mircashback': 820}]",7000.0,420,8802_101hotels,2026-08-26
2271861,,Номер первой категории Стандарт улучшенный с 2 кроватями,2,2,0,1,Двухместный,2,1,[{'single': 2}],"[{'id': '22100', 'number': '2', 'min_age': '0', 'max_age': '7', 'is_extra_bed': '1', 'extra_bed_type_id': '2'}]","[{'id': 770761, 'capacity': 1, 'prepayment': 'FULL', 'nonrefundable': 0, 'cancellation_period': 1, 'cancellation_fee': 'FIRST', 'breakfast': 0, 'base_price': 7000, 'prices': [7000], 'price': 7000, 'old_price': 0, 'currency': 'RUB', 'payment_amount': 7000, 'extras_variants': [], 'extras': {'22100': {'id': 22100, 'number': 2, 'extra_bed_type_id': 2, 'age': [0, 7], 'extra_bed': 1, 'free': 1}}, 'rate_id': 18577, 'deals': [], 'cancellation_type': 'special', 'credit_card': 1, 'bonus': 350, 'miles': 420, 'min_stay': 1, 'platichastyami': 0, 'mircashback': 700}, {'id': 770759, 'capacity': 1, 'prepayment': 'FULL', 'nonrefundable': 0, 'cancellation_period': 1, 'cancellation_fee': 'FIRST', 'breakfast': 1, 'base_price': 8200, 'prices': [8200], 'price': 8200, 'old_price': 0, 'currency': 'RUB', 'payment_amount': 8200, 'extras_variants': [], 'extras': {'22100': {'id': 22100, 'number': 2, 'extra_bed_type_id': 2, 'age': [0, 7], 'extra_bed': 1, 'free': 1}}, 'rate_id': 18576, 'deals': [], 'cancellation_type': 'special', 'credit_card': 1, 'bonus': 410, 'miles': 492, 'min_stay': 1, 'platichastyami': 0, 'mircashback': 820}, {'id': 770762, 'capacity': 2, 'prepayment': 'FULL', 'nonrefundable': 0, 'cancellation_period': 1, 'cancellation_fee': 'FIRST', 'breakfast': 0, 'base_price': 7000, 'prices': [7000], 'price': 7000, 'old_price': 0, 'currency': 'RUB', 'payment_amount': 7000, 'extras_variants': [], 'extras': {'22100': {'id': 22100, 'number': 2, 'extra_bed_type_id': 2, 'age': [0, 7], 'extra_bed': 1, 'free': 1}}, 'rate_id': 18577, 'deals': [], 'cancellation_type': 'special', 'credit_card': 1, 'bonus': 350, 'miles': 420, 'min_stay': 1, 'platichastyami': 0, 'mircashback': 700}, {'id': 770760, 'capacity': 2, 'prepayment': 'FULL', 'nonrefundable': 0, 'cancellation_period': 1, 'cancellation_fee': 'FIRST', 'breakfast': 1, 'base_price': 8200, 'prices': [8200], 'price': 8200, 'old_price': 0, 'currency': 'RUB', 'payment_amount': 8200, 'extras_variants': [], 'extras': {'22100': {'id': 22100, 'number': 2, 'extra_bed_type_id': 2, 'age': [0, 7], 'extra_bed': 1, 'free': 1}}, 'rate_id': 18576, 'deals': [], 'cancellation_type': 'special', 'credit_card': 1, 'bonus': 410, 'miles': 492, 'min_stay': 1, 'platichastyami': 0, 'mircashback': 820}]",7000.0,420,8802_101hotels,2026-08-26
2271865,,Джуниор сюит Семейный 1 комнатный,2,2,0,1,Двухместный,2,1,[{'double': 1}],"[{'id': '22097', 'number': '2', 'min_age': '0', 'max_age': '7', 'is_extra_bed': '1', 'extra_bed_type_id': '2'}]","[{'id': 770775, 'capacity': 1, 'prepayment': 'FULL', 'nonrefundable': 0, 'cancellation_period': 1, 'cancellation_fee': 'FIRST', 'breakfast': 0, 'base_price': 9000, 'prices': [9000], 'price': 9000, 'old_price': 0, 'currency': 'RUB', 'payment_amount': 9000, 'extras_variants': [], 'extras': {'22097': {'id': 22097, 'number': 2, 'extra_bed_type_id': 2, 'age': [0, 7], 'extra_bed': 1, 'free': 1}}, 'rate_id': 18577, 'deals': [], 'cancellation_type': 'special', 'credit_card': 1, 'bonus': 450, 'miles': 540, 'min_stay': 1, 'platichastyami': 0, 'mircashback': 900}, {'id': 770773, 'capacity': 1, 'prepayment': 'FULL', 'nonrefundable': 0, 'cancellation_period': 1, 'cancellation_fee': 'FIRST', 'breakfast': 1, 'base_price': 10800, 'prices': [10800], 'price': 10800, 'old_price': 0, 'currency': 'RUB', 'payment_amount': 10800, 'extras_variants': [], 'extras': {'22097': {'id': 22097, 'number': 2, 'extra_bed_type_id': 2, 'age': [0, 7], 'extra_bed': 1, 'free': 1}}, 'rate_id': 18576, 'deals': [], 'cancellation_type': 'special', 'credit_card': 1, 'bonus': 540, 'miles': 648, 'min_stay': 1, 'platichastyami': 0, 'mircashback': 1080}, {'id': 770776, 'capacity': 2, 'prepayment': 'FULL', 'nonrefundable': 0, 'cancellation_period': 1, 'cancellation_fee': 'FIRST', 'breakfast': 0, 'base_price': 9000, 'prices': [9000], 'price': 9000, 'old_price': 0, 'currency': 'RUB', 'payment_amount': 9000, 'extras_variants': [], 'extras': {'22097': {'id': 22097, 'number': 2, 'extra_bed_type_id': 2, 'age': [0, 7], 'extra_bed': 1, 'free': 1}}, 'rate_id': 18577, 'deals': [], 'cancellation_type': 'special', 'credit_card': 1, 'bonus': 450, 'miles': 540, 'min_stay': 1, 'platichastyami': 0, 'mircashback': 900}, {'id': 770774, 'capacity': 2, 'prepayment': 'FULL', 'nonrefundable': 0, 'cancellation_period': 1, 'cancellation_fee': 'FIRST', 'breakfast': 1, 'base_price': 10800, 'prices': [10800], 'price': 10800, 'old_price': 0, 'currency': 'RUB', 'payment_amount': 10800, 'extras_variants': [], 'extras': {'22097': {'id': 22097, 'number': 2, 'extra_bed_type_id': 2, 'age': [0, 7], 'extra_bed': 1, 'free': 1}}, 'rate_id': 18576, 'deals': [], 'cancellation_type': 'special', 'credit_card': 1, 'bonus': 540, 'miles': 648, 'min_stay': 1, 'platichastyami': 0, 'mircashback': 1080}]",9000.0,540,8802_101hotels,2026-08-26
129464,,Стандартный двухместный номер с 1 кроватью,2,0,0,1,Двухместный,2,3,[{'double': 1}],[],"[{'id': 1181853, 'capacity': 1, 'prepayment': 'NO', 'nonrefundable': 0, 'cancellation_period': 0, 'cancellation_fee': 'NO', 'breakfast': 0, 'base_price': 3500, 'prices': [3500], 'price': 3500, 'old_price': 3500, 'currency': 'RUB', 'payment_amount': 0, 'extras_variants': [], 'extras': [], 'rate_id': 60237, 'deals': [], 'cancellation_type': 'free', 'credit_card': 0, 'bonus': 175, 'miles': 210, 'min_stay': 1, 'platichastyami': 0, 'mircashback': 350}, {'id': 1181854, 'capacity': 2, 'prepayment': 'NO', 'nonrefundable': 0, 'cancellation_period': 0, 'cancellation_fee': 'NO', 'breakfast': 0, 'base_price': 3500, 'prices': [3500], 'price': 3500, 'old_price': 3500, 'currency': 'RUB', 'payment_amount': 0, 'extras_variants': [], 'extras': [], 'rate_id': 60237, 'deals': [], 'cancellation_type': 'free', 'credit_card': 0, 'bonus': 175, 'miles': 210, 'min_stay': 1, 'platichastyami': 0, 'mircashback': 350}, {'id': '1181853P', 'capacity': 1, 'prepayment': 'FULL', 'nonrefundable': 0, 'cancellation_period': 0, 'cancellation_fee': 'NO', 'breakfast': 0, 'base_price': 3500, 'prices': [3500], 'price': 3500, 'old_price': 3500, 'currency': 'RUB', 'payment_amount': 3500, 'extras_variants': [], 'extras': [], 'rate_id': 60237, 'deals': [], 'cancellation_type': 'free', 'credit_card': 0, 'bonus': 175, 'miles': 210, 'min_stay': 1, 'platichastyami': 0, 'mircashback': 350}, {'id': '1181854P', 'capacity': 2, 'prepayment': 'FULL', 'nonrefundable': 0, 'cancellation_period': 0, 'cancellation_fee': 'NO', 'breakfast': 0, 'base_price': 3500, 'prices': [3500], 'price': 3500, 'old_price': 3500, 'currency': 'RUB', 'payment_amount': 3500, 'extras_variants': [], 'extras': [], 'rate_id': 60237, 'deals': [], 'cancellation_type': 'free', 'credit_card': 0, 'bonus': 175, 'miles': 210, 'min_stay': 1, 'platichastyami': 0, 'mircashback': 350}]",3500.0,210,30831_101hotels,2026-08-26
350966,,,2,1,0,1,Полулюкс,4,1,[{'double': 1}],[],"[{'id': 667114, 'capacity': 1, 'prepayment': 'FIRST', 'nonrefundable': 0, 'cancellation_period': 1, 'cancellation_fee': 'FIRST', 'breakfast': 0, 'base_price': 5450, 'prices': [5450], 'price': 5450, 'old_price': 5450, 'currency': 'RUB', 'payment_amount': 5450, 'extras_variants': [], 'extras': [], 'rate_id': 26114, 'deals': [], 'cancellation_type': 'special', 'credit_card': 1, 'bonus': 273, 'miles': 327, 'min_stay': 1, 'platichastyami': 0, 'mircashback': 545}, {'id': 667118, 'capacity': 1, 'prepayment': 'FIRST', 'nonrefundable': 0, 'cancellation_period': 1, 'cancellation_fee': 'FIRST', 'breakfast': 1, 'base_price': 5950, 'prices': [5950], 'price': 5950, 'old_price': 5950, 'currency': 'RUB', 'payment_amount': 5950, 'extras_variants': [], 'extras': [], 'rate_id': 26115, 'deals': [], 'cancellation_type': 'special', 'credit_card': 1, 'bonus': 298, 'miles': 357, 'min_stay': 1, 'platichastyami': 0, 'mircashback': 595}, {'id': 667122, 'capacity': 1, 'prepayment': 'FIRST', 'nonrefundable': 0, 'cancellation_period': 1, 'cancellation_fee': 'FIRST', 'breakfast': 2, 'base_price': 8160, 'prices': [8160], 'price': 8160, 'old_price': 8160, 'currency': 'RUB', 'payment_amount': 8160, 'extras_variants': [], 'extras': [], 'rate_id': 26116, 'deals': [], 'cancellation_type': 'special', 'credit_card': 1, 'bonus': 408, 'miles': 489, 'min_stay': 1, 'platichastyami': 0, 'mircashback': 816}, {'id': 667115, 'capacity': 2, 'prepayment': 'FIRST', 'nonrefundable': 0, 'cancellation_period': 1, 'cancellation_fee': 'FIRST', 'breakfast': 0, 'base_price': 6500, 'prices': [6500], 'price': 6500, 'old_price': 6500, 'currency': 'RUB', 'payment_amount': 6500, 'extras_variants': [], 'extras': [], 'rate_id': 26114, 'deals': [], 'cancellation_type': 'special', 'credit_card': 1, 'bonus': 325, 'miles': 390, 'min_stay': 1, 'platichastyami': 0, 'mircashback': 650}, {'id': 667119, 'capacity': 2, 'prepayment': 'FIRST', 'nonrefundable': 0, 'cancellation_period': 1, 'cancellation_fee': 'FIRST', 'breakfast': 1, 'base_price': 7900, 'prices': [7900], 'price': 7900, 'old_price': 7900, 'currency': 'RUB', 'payment_amount': 7900, 'extras_variants': [], 'extras': [], 'rate_id': 26115, 'deals': [], 'cancellation_type': 'special', 'credit_card': 1, 'bonus': 395, 'miles': 474, 'min_stay': 1, 'platichastyami': 0, 'mircashback': 790}, {'id': 667123, 'capacity': 2, 'prepayment': 'FIRST', 'nonrefundable': 0, 'cancellation_period': 1, 'cancellation_fee': 'FIRST', 'breakfast': 2, 'base_price': 10240, 'prices': [10240], 'price': 10240, 'old_price': 10240, 'currency': 'RUB', 'payment_amount': 10240, 'extras_variants': [], 'extras': [], 'rate_id': 26116, 'deals': [], 'cancellation_type': 'special', 'credit_card': 1, 'bonus': 512, 'miles': 612, 'min_stay': 1, 'platichastyami': 0, 'mircashback': 1024}]",5450.0,327,100517_101hotels,2026-08-26
350973,,"Стандарт, Double/Twin",2,1,0,1,Двухместный,2,10,"[{'single': 2}, {'double': 1}]",[],"[{'id': 667112, 'capacity': 1, 'prepayment': 'FIRST', 'nonrefundable': 0, 'cancellation_period': 1, 'cancellation_fee': 'FIRST', 'breakfast': 0, 'base_price': 4500, 'prices': [4500], 'price': 4500, 'old_price': 4500, 'currency': 'RUB', 'payment_amount': 4500, 'extras_variants': [], 'extras': [], 'rate_id': 26114, 'deals': [], 'cancellation_type': 'special', 'credit_card': 1, 'bonus': 225, 'miles': 270, 'min_stay': 1, 'platichastyami': 0, 'mircashback': 450}, {'id': 667116, 'capacity': 1, 'prepayment': 'FIRST', 'nonrefundable': 0, 'cancellation_period': 1, 'cancellation_fee': 'FIRST', 'breakfast': 1, 'base_price': 4900, 'prices': [4900], 'price': 4900, 'old_price': 4900, 'currency': 'RUB', 'payment_amount': 4900, 'extras_variants': [], 'extras': [], 'rate_id': 26115, 'deals': [], 'cancellation_type': 'special', 'credit_card': 1, 'bonus': 245, 'miles': 294, 'min_stay': 1, 'platichastyami': 0, 'mircashback': 490}, {'id': 667120, 'capacity': 1, 'prepayment': 'FIRST', 'nonrefundable': 0, 'cancellation_period': 1, 'cancellation_fee': 'FIRST', 'breakfast': 2, 'base_price': 6160, 'prices': [6160], 'price': 6160, 'old_price': 6160, 'currency': 'RUB', 'payment_amount': 6160, 'extras_variants': [], 'extras': [], 'rate_id': 26116, 'deals': [], 'cancellation_type': 'special', 'credit_card': 1, 'bonus': 308, 'miles': 369, 'min_stay': 1, 'platichastyami': 0, 'mircashback': 616}, {'id': 667113, 'capacity': 2, 'prepayment': 'FIRST', 'nonrefundable': 0, 'cancellation_period': 1, 'cancellation_fee': 'FIRST', 'breakfast': 0, 'base_price': 5500, 'prices': [5500], 'price': 5500, 'old_price': 5500, 'currency': 'RUB', 'payment_amount': 5500, 'extras_variants': [], 'extras': [], 'rate_id': 26114, 'deals': [], 'cancellation_type': 'special', 'credit_card': 1, 'bonus': 275, 'miles': 330, 'min_stay': 1, 'platichastyami': 0, 'mircashback': 550}, {'id': 667117, 'capacity': 2, 'prepayment': 'FIRST', 'nonrefundable': 0, 'cancellation_period': 1, 'cancellation_fee': 'FIRST', 'breakfast': 1, 'base_price': 5900, 'prices': [5900], 'price': 5900, 'old_price': 5900, 'currency': 'RUB', 'payment_amount': 5900, 'extras_variants': [], 'extras': [], 'rate_id': 26115, 'deals': [], 'cancellation_type': 'special', 'credit_card': 1, 'bonus': 295, 'miles': 354, 'min_stay': 1, 'platichastyami': 0, 'mircashback': 590}, {'id': 667121, 'capacity': 2, 'prepayment': 'FIRST', 'nonrefundable': 0, 'cancellation_period': 1, 'cancellation_fee': 'FIRST', 'breakfast': 2, 'base_price': 8240, 'prices': [8240], 'price': 8240, 'old_price': 8240, 'currency': 'RUB', 'payment_amount': 8240, 'extras_variants': [], 'extras': [], 'rate_id': 26116, 'deals': [], 'cancellation_type': 'special', 'credit_card': 1, 'bonus': 412, 'miles': 492, 'min_stay': 1, 'platichastyami': 0, 'mircashback': 824}]",4500.0,270,100517_101hotels,2026-08-26
2240037,,Две раздельные кровати,2,0,0,1,Двухместный,2,4,[{'single': 2}],[],"[{'id': 872195, 'capacity': 1, 'prepayment': 'FIRST', 'nonrefundable': 0, 'cancellation_period': 1, 'cancellation_fee': 'FIRST', 'breakfast': 0, 'base_price': 3300, 'prices': [3300], 'price': 2970, 'old_price': 3300, 'currency': 'RUB', 'payment_amount': 3300, 'extras_variants': [], 'extras': [], 'rate_id': 39867, 'deals': ['LAST_MINUTE'], 'cancellation_type': 'special', 'credit_card': 1, 'bonus': 149, 'miles': 177, 'min_stay': 1, 'platichastyami': 0, 'mircashback': 297}, {'id': 872196, 'capacity': 2, 'prepayment': 'FIRST', 'nonrefundable': 0, 'cancellation_period': 1, 'cancellation_fee': 'FIRST', 'breakfast': 0, 'base_price': 3300, 'prices': [3300], 'price': 2970, 'old_price': 3300, 'currency': 'RUB', 'payment_amount': 3300, 'extras_variants': [], 'extras': [], 'rate_id': 39867, 'deals': ['LAST_MINUTE'], 'cancellation_type': 'special', 'credit_card': 1, 'bonus': 149, 'miles': 177, 'min_stay': 1, 'platichastyami': 0, 'mircashback': 297}]",2970.0,177,655564_101hotels,2026-08-26
2310529,,Улучшенный,2,1,0,1,Двухместный,2,1,[{'double': 1}],"[{'id': '33530', 'number': '1', 'min_age': '0', 'max_age': '5', 'is_extra_bed': '0', 'extra_bed_type_id': '0'}]","[{'id': 1132772, 'capacity': 1, 'prepayment': 'FULL', 'nonrefundable': 0, 'cancellation_period': 2, 'cancellation_fee': 'FIRST', 'breakfast': 0, 'base_price': 3900, 'prices': [3900], 'price': 3900, 'old_price': 3900, 'currency': 'RUB', 'payment_amount': 3900, 'extras_variants': [], 'extras': {'33530': {'id': 33530, 'number': 1, 'extra_bed_type_id': 0, 'age': [0, 5], 'extra_bed': 0, 'free': 1}}, 'rate_id': 56994, 'deals': [], 'cancellation_type': 'special', 'credit_card': 1, 'bonus': 195, 'miles': 234, 'min_stay': 1, 'platichastyami': 0, 'mircashback': 390}, {'id': 1132773, 'capacity': 2, 'prepayment': 'FULL', 'nonrefundable': 0, 'cancellation_period': 2, 'cancellation_fee': 'FIRST', 'breakfast': 0, 'base_price': 3900, 'prices': [3900], 'price': 3900, 'old_price': 3900, 'currency': 'RUB', 'payment_amount': 3900, 'extras_variants': [], 'extras': {'33530': {'id': 33530, 'number': 1, 'extra_bed_type_id': 0, 'age': [0, 5], 'extra_bed': 0, 'free': 1}}, 'rate_id': 56994, 'deals': [], 'cancellation_type': 'special', 'credit_card': 1, 'bonus': 195, 'miles': 234, 'min_stay': 1, 'platichastyami': 0, 'mircashback': 390}]",3900.0,234,655480_101hotels,2026-08-26
2310530,,Семейный,3,0,0,1,Трёхместный и более,3,1,[{'single': 3}],"[{'id': '35273', 'number': '1', 'min_age': '0', 'max_age': '5', 'is_extra_bed': '0', 'extra_bed_type_id': '0'}]","[{'id': 1132791, 'capacity': 1, 'prepayment': 'FULL', 'nonrefundable': 0, 'cancellation_period': 2, 'cancellation_fee': 'FIRST', 'breakfast': 0, 'base_price': 4300, 'prices': [4300], 'price': 4300, 'old_price': 4300, 'currency': 'RUB', 'payment_amount': 4300, 'extras_variants': [], 'extras': {'35273': {'id': 35273, 'number': 1, 'extra_bed_type_id': 0, 'age': [0, 5], 'extra_bed': 0, 'free': 1}}, 'rate_id': 56994, 'deals': [], 'cancellation_type': 'special', 'credit_card': 1, 'bonus': 215, 'miles': 258, 'min_stay': 1, 'platichastyami': 0, 'mircashback': 430}, {'id': 1132792, 'capacity': 2, 'prepayment': 'FULL', 'nonrefundable': 0, 'cancellation_period': 2, 'cancellation_fee': 'FIRST', 'breakfast': 0, 'base_price': 4300, 'prices': [4300], 'price': 4300, 'old_price': 4300, 'currency': 'RUB', 'payment_amount': 4300, 'extras_variants': [], 'extras': {'35273': {'id': 35273, 'number': 1, 'extra_bed_type_id': 0, 'age': [0, 5], 'extra_bed': 0, 'free': 1}}, 'rate_id': 56994, 'deals': [], 'cancellation_type': 'special', 'credit_card': 1, 'bonus': 215, 'miles': 258, 'min_stay': 1, 'platichastyami': 0, 'mircashback': 430}, {'id': 1132793, 'capacity': 3, 'prepayment': 'FULL', 'nonrefundable': 0, 'cancellation_period': 2, 'cancellation_fee': 'FIRST', 'breakfast': 0, 'base_price': 4300, 'prices': [4300], 'price': 4300, 'old_price': 4300, 'currency': 'RUB', 'payment_amount': 4300, 'extras_variants': [], 'extras': {'35273': {'id': 35273, 'number': 1, 'extra_bed_type_id': 0, 'age': [0, 5], 'extra_bed': 0, 'free': 1}}, 'rate_id': 56994, 'deals': [], 'cancellation_type': 'special', 'credit_card': 1, 'bonus': 215, 'miles': 258, 'min_stay': 1, 'platichastyami': 0, 'mircashback': 430}]",4300.0,258,655480_101hotels,2026-08-26
2279578,,Джуниор Сьют,2,1,0,1,Полулюкс,4,1,[{'double': 2}],"[{'id': '12801', 'number': '1', 'min_age': '0', 'max_age': '3', 'is_extra_bed': '1', 'extra_bed_type_id': '4'}, {'id': '12802', 'number': '1', 'min_age': '3', 'max_age': '18', 'is_extra_bed': '1', 'extra_bed_type_id': '3'}]","[{'id': 854433, 'capacity': 1, 'prepayment': 'NO', 'nonrefundable': 0, 'cancellation_period': 0, 'cancellation_fee': 'NO', 'breakfast': 1, 'base_price': 62000, 'prices': [62000], 'price': 62000, 'old_price': 62000, 'currency': 'RUB', 'payment_amount': 0, 'extras_variants': [], 'extras': {'12801': {'id': 12801, 'number': 1, 'extra_bed_type_id': 4, 'age': [0, 3], 'extra_bed': 1, 'free': 1}, '12802': {'id': 12802, 'number': 1, 'extra_bed_type_id': 3, 'age': [3, 18], 'extra_bed': 1, 'free': 1}}, 'rate_id': 38528, 'deals': [], 'cancellation_type': 'free', 'credit_card': 0, 'bonus': 3100, 'miles': 3720, 'min_stay': 1, 'platichastyami': 0, 'mircashback': 6200}, {'id': 854434, 'capacity': 2, 'prepayment': 'NO', 'nonrefundable': 0, 'cancellation_period': 0, 'cancellation_fee': 'NO', 'breakfast': 1, 'base_price': 69000, 'prices': [69000], 'price': 69000, 'old_price': 69000, 'currency': 'RUB', 'payment_amount': 0, 'extras_variants': [], 'extras': {'12801': {'id': 12801, 'number': 1, 'extra_bed_type_id': 4, 'age': [0, 3], 'extra_bed': 1, 'free': 1}, '12802': {'id': 12802, 'number': 1, 'extra_bed_type_id': 3, 'age': [3, 18], 'extra_bed': 1, 'free': 1}}, 'rate_id': 38528, 'deals': [], 'cancellation_type': 'free', 'credit_card': 0, 'bonus': 3450, 'miles': 4140, 'min_stay': 1, 'platichastyami': 0, 'mircashback': 6900}]",62000.0,3720,663295_101hotels,2026-08-26
2279581,,Авангард,2,0,0,1,Апартаменты,14,1,[{'double': 1}],"[{'id': '12803', 'number': '1', 'min_age': '0', 'max_age': '3', 'is_extra_bed': '0', 'extra_bed_type_id': '0'}]","[{'id': 854441, 'capacity': 1, 'prepayment': 'NO', 'nonrefundable': 0, 'cancellation_period': 0, 'cancellation_fee': 'NO', 'breakfast': 1, 'base_price': 77000, 'prices': [77000], 'price': 77000, 'old_price': 77000, 'currency': 'RUB', 'payment_amount': 0, 'extras_variants': [], 'extras': {'12803': {'id': 12803, 'number': 1, 'extra_bed_type_id': 0, 'age': [0, 3], 'extra_bed': 0, 'free': 1}}, 'rate_id': 38528, 'deals': [], 'cancellation_type': 'free', 'credit_card': 0, 'bonus': 3850, 'miles': 4620, 'min_stay': 1, 'platichastyami': 0, 'mircashback': 7700}, {'id': 854442, 'capacity': 2, 'prepayment': 'NO', 'nonrefundable': 0, 'cancellation_period': 0, 'cancellation_fee': 'NO', 'breakfast': 1, 'base_price': 84000, 'prices': [84000], 'price': 84000, 'old_price': 84000, 'currency': 'RUB', 'payment_amount': 0, 'extras_variants': [], 'extras': {'12803': {'id': 12803, 'number': 1, 'extra_bed_type_id': 0, 'age': [0, 3], 'extra_bed': 0, 'free': 1}}, 'rate_id': 38528, 'deals': [], 'cancellation_type': 'free', 'credit_card': 0, 'bonus': 4200, 'miles': 5040, 'min_stay': 1, 'platichastyami': 0, 'mircashback': 8400}]",77000.0,4620,663295_101hotels,2026-08-26
2279586,,Президентский,2,1,0,1,Люкс,6,1,[{'double': 1}],"[{'id': '13052', 'number': '1', 'min_age': '0', 'max_age': '3', 'is_extra_bed': '1', 'extra_bed_type_id': '4'}]","[{'id': 854435, 'capacity': 1, 'prepayment': 'NO', 'nonrefundable': 0, 'cancellation_period': 0, 'cancellation_fee': 'NO', 'breakfast': 1, 'base_price': 200000, 'prices': [200000], 'price': 200000, 'old_price': 200000, 'currency': 'RUB', 'payment_amount': 0, 'extras_variants': [], 'extras': {'13052': {'id': 13052, 'number': 1, 'extra_bed_type_id': 4, 'age': [0, 3], 'extra_bed': 1, 'free': 1}}, 'rate_id': 38528, 'deals': [], 'cancellation_type': 'free', 'credit_card': 0, 'bonus': 10000, 'miles': 6000, 'min_stay': 1, 'platichastyami': 0, 'mircashback': 10000}, {'id': 854436, 'capacity': 2, 'prepayment': 'NO', 'nonrefundable': 0, 'cancellation_period': 0, 'cancellation_fee': 'NO', 'breakfast': 1, 'base_price': 215000, 'prices': [215000], 'price': 215000, 'old_price': 215000, 'currency': 'RUB', 'payment_amount': 0, 'extras_variants': [], 'extras': {'13052': {'id': 13052, 'number': 1, 'extra_bed_type_id': 4, 'age': [0, 3], 'extra_bed': 1, 'free': 1}}, 'rate_id': 38528, 'deals': [], 'cancellation_type': 'free', 'credit_card': 0, 'bonus': 10750, 'miles': 6000, 'min_stay': 1, 'platichastyami': 0, 'mircashback': 10000}]",200000.0,6000,663295_101hotels,2026-08-26
2286155,,Супериор Классик,2,0,0,1,Двухместный,2,6,"[{'single': 2}, {'double': 1}]",[],"[{'id': 922849, 'capacity': 1, 'prepayment': 'NO', 'nonrefundable': 0, 'cancellation_period': 0, 'cancellation_fee': 'NO', 'breakfast': 1, 'base_price': 46000, 'prices': [46000], 'price': 46000, 'old_price': 46000, 'currency': 'RUB', 'payment_amount': 0, 'extras_variants': [], 'extras': [], 'rate_id': 38528, 'deals': [], 'cancellation_type': 'free', 'credit_card': 0, 'bonus': 2300, 'miles': 2760, 'min_stay': 1, 'platichastyami': 0, 'mircashback': 4600}, {'id': 922850, 'capacity': 2, 'prepayment': 'NO', 'nonrefundable': 0, 'cancellation_period': 0, 'cancellation_fee': 'NO', 'breakfast': 1, 'base_price': 53000, 'prices': [53000], 'price': 53000, 'old_price': 53000, 'currency': 'RUB', 'payment_amount': 0, 'extras_variants': [], 'extras': [], 'rate_id': 38528, 'deals': [], 'cancellation_type': 'free', 'credit_card': 0, 'bonus': 2650, 'miles': 3180, 'min_stay': 1, 'platichastyami': 0, 'mircashback': 5300}]",46000.0,2760,663295_101hotels,2026-08-26
2286156,,Супериор Модерн,2,0,0,1,Двухместный,2,7,[{'double': 1}],[],"[{'id': 922853, 'capacity': 1, 'prepayment': 'NO', 'nonrefundable': 0, 'cancellation_period': 0, 'cancellation_fee': 'NO', 'breakfast': 1, 'base_price': 46000, 'prices': [46000], 'price': 46000, 'old_price': 46000, 'currency': 'RUB', 'payment_amount': 0, 'extras_variants': [], 'extras': [], 'rate_id': 38528, 'deals': [], 'cancellation_type': 'free', 'credit_card': 0, 'bonus': 2300, 'miles': 2760, 'min_stay': 1, 'platichastyami': 0, 'mircashback': 4600}, {'id': 922854, 'capacity': 2, 'prepayment': 'NO', 'nonrefundable': 0, 'cancellation_period': 0, 'cancellation_fee': 'NO', 'breakfast': 1, 'base_price': 53000, 'prices': [53000], 'price': 53000, 'old_price': 53000, 'currency': 'RUB', 'payment_amount': 0, 'extras_variants': [], 'extras': [], 'rate_id': 38528, 'deals': [], 'cancellation_type': 'free', 'credit_card': 0, 'bonus': 2650, 'miles': 3180, 'min_stay': 1, 'platichastyami': 0, 'mircashback': 5300}]",46000.0,2760,663295_101hotels,2026-08-26
2286157,,Супериор Нордик,2,0,0,1,Двухместный,2,3,"[{'single': 2}, {'double': 1}]",[],"[{'id': 922856, 'capacity': 1, 'prepayment': 'NO', 'nonrefundable': 0, 'cancellation_period': 0, 'cancellation_fee': 'NO', 'breakfast': 1, 'base_price': 46000, 'prices': [46000], 'price': 46000, 'old_price': 46000, 'currency': 'RUB', 'payment_amount': 0, 'extras_variants': [], 'extras': [], 'rate_id': 38528, 'deals': [], 'cancellation_type': 'free', 'credit_card': 0, 'bonus': 2300, 'miles': 2760, 'min_stay': 1, 'platichastyami': 0, 'mircashback': 4600}, {'id': 922857, 'capacity': 2, 'prepayment': 'NO', 'nonrefundable': 0, 'cancellation_period': 0, 'cancellation_fee': 'NO', 'breakfast': 1, 'base_price': 53000, 'prices': [53000], 'price': 53000, 'old_price': 53000, 'currency': 'RUB', 'payment_amount': 0, 'extras_variants': [], 'extras': [], 'rate_id': 38528, 'deals': [], 'cancellation_type': 'free', 'credit_card': 0, 'bonus': 2650, 'miles': 3180, 'min_stay': 1, 'platichastyami': 0, 'mircashback': 5300}]",46000.0,2760,663295_101hotels,2026-08-26
2286163,,Делюкс Модерн,2,1,0,1,Двухместный,2,3,[{'double': 1}],[],"[{'id': 922924, 'capacity': 1, 'prepayment': 'NO', 'nonrefundable': 0, 'cancellation_period': 0, 'cancellation_fee': 'NO', 'breakfast': 1, 'base_price': 50000, 'prices': [50000], 'price': 50000, 'old_price': 50000, 'currency': 'RUB', 'payment_amount': 0, 'extras_variants': [], 'extras': [], 'rate_id': 38528, 'deals': [], 'cancellation_type': 'free', 'credit_card': 0, 'bonus': 2500, 'miles': 3000, 'min_stay': 1, 'platichastyami': 0, 'mircashback': 5000}, {'id': 922925, 'capacity': 2, 'prepayment': 'NO', 'nonrefundable': 0, 'cancellation_period': 0, 'cancellation_fee': 'NO', 'breakfast': 1, 'base_price': 57000, 'prices': [57000], 'price': 57000, 'old_price': 57000, 'currency': 'RUB', 'payment_amount': 0, 'extras_variants': [], 'extras': [], 'rate_id': 38528, 'deals': [], 'cancellation_type': 'free', 'credit_card': 0, 'bonus': 2850, 'miles': 3420, 'min_stay': 1, 'platichastyami': 0, 'mircashback': 5700}]",50000.0,3000,663295_101hotels,2026-08-26
2286164,,Делюкс Нордик,2,1,0,1,Двухместный,2,1,[{'double': 2}],[],"[{'id': 922922, 'capacity': 1, 'prepayment': 'NO', 'nonrefundable': 0, 'cancellation_period': 0, 'cancellation_fee': 'NO', 'breakfast': 1, 'base_price': 50000, 'prices': [50000], 'price': 50000, 'old_price': 50000, 'currency': 'RUB', 'payment_amount': 0, 'extras_variants': [], 'extras': [], 'rate_id': 38528, 'deals': [], 'cancellation_type': 'free', 'credit_card': 0, 'bonus': 2500, 'miles': 3000, 'min_stay': 1, 'platichastyami': 0, 'mircashback': 5000}, {'id': 922923, 'capacity': 2, 'prepayment': 'NO', 'nonrefundable': 0, 'cancellation_period': 0, 'cancellation_fee': 'NO', 'breakfast': 1, 'base_price': 57000, 'prices': [57000], 'price': 57000, 'old_price': 57000, 'currency': 'RUB', 'payment_amount': 0, 'extras_variants': [], 'extras': [], 'rate_id': 38528, 'deals': [], 'cancellation_type': 'free', 'credit_card': 0, 'bonus': 2850, 'miles': 3420, 'min_stay': 1, 'platichastyami': 0, 'mircashback': 5700}]",50000.0,3000,663295_101hotels,2026-08-26
2295480,,Делюкс,2,0,0,1,Делюкс,29,2,[{'double': 1}],[],"[{'id': 1002429, 'capacity': 1, 'prepayment': 'NO', 'nonrefundable': 0, 'cancellation_period': 0, 'cancellation_fee': 'NO', 'breakfast': 1, 'base_price': 18000, 'prices': [18000], 'price': 18000, 'old_price': 18000, 'currency': 'RUB', 'payment_amount': 0, 'extras_variants': [], 'extras': [], 'rate_id': 48075, 'deals': [], 'cancellation_type': 'free', 'credit_card': 0, 'bonus': 900, 'miles': 1080, 'min_stay': 1, 'platichastyami': 0, 'mircashback': 1800}, {'id': 1002430, 'capacity': 2, 'prepayment': 'NO', 'nonrefundable': 0, 'cancellation_period': 0, 'cancellation_fee': 'NO', 'breakfast': 1, 'base_price': 18000, 'prices': [18000], 'price': 18000, 'old_price': 18000, 'currency': 'RUB', 'payment_amount': 0, 'extras_variants': [], 'extras': [], 'rate_id': 48075, 'deals': [], 'cancellation_type': 'free', 'credit_card': 0, 'bonus': 900, 'miles': 1080, 'min_stay': 1, 'platichastyami': 0, 'mircashback': 1800}, {'id': '1002429P', 'capacity': 1, 'prepayment': 'FULL', 'nonrefundable': 0, 'cancellation_period': 0, 'cancellation_fee': 'NO', 'breakfast': 1, 'base_price': 18000, 'prices': [18000], 'price': 18000, 'old_price': 18000, 'currency': 'RUB', 'payment_amount': 18000, 'extras_variants': [], 'extras': [], 'rate_id': 48075, 'deals': [], 'cancellation_type': 'free', 'credit_card': 0, 'bonus': 900, 'miles': 1080, 'min_stay': 1, 'platichastyami': 0, 'mircashback': 1800}, {'id': '1002430P', 'capacity': 2, 'prepayment': 'FULL', 'nonrefundable': 0, 'cancellation_period': 0, 'cancellation_fee': 'NO', 'breakfast': 1, 'base_price': 18000, 'prices': [18000], 'price': 18000, 'old_price': 18000, 'currency': 'RUB', 'payment_amount': 18000, 'extras_variants': [], 'extras': [], 'rate_id': 48075, 'deals': [], 'cancellation_type': 'free', 'credit_card': 0, 'bonus': 900, 'miles': 1080, 'min_stay': 1, 'platichastyami': 0, 'mircashback': 1800}]",18000.0,1080,672104_101hotels,2026-08-26
2304255,,Одноместный стандартный номер,1,0,0,1,Одноместный,1,4,[{'single': 1}],[],"[{'id': 1078310, 'capacity': 1, 'prepayment': 'NO', 'nonrefundable': 0, 'cancellation_period': 0, 'cancellation_fee': 'NO', 'breakfast': 0, 'base_price': 6440, 'prices': [6440], 'price': 6440, 'old_price': 6440, 'currency': 'RUB', 'payment_amount': 0, 'extras_variants': [], 'extras': [], 'rate_id': 53184, 'deals': [], 'cancellation_type': 'free', 'credit_card': 0, 'bonus': 322, 'miles': 384, 'min_stay': 1, 'platichastyami': 0, 'mircashback': 644}, {'id': 1072440, 'capacity': 1, 'prepayment': 'FIRST', 'nonrefundable': 1, 'cancellation_period': 0, 'cancellation_fee': 'FIRST', 'breakfast': 7, 'base_price': 6993.6, 'prices': [6993.6], 'price': 6993.6, 'old_price': 6993.6, 'currency': 'RUB', 'payment_amount': 6993.6, 'extras_variants': [], 'extras': [], 'rate_id': 52775, 'deals': [], 'cancellation_type': 'nonrefundable', 'credit_card': 1, 'bonus': 350, 'miles': 417, 'min_stay': 1, 'platichastyami': 0, 'mircashback': 699}, {'id': 1072437, 'capacity': 1, 'prepayment': 'NO', 'nonrefundable': 0, 'cancellation_period': 0, 'cancellation_fee': 'NO', 'breakfast': 7, 'base_price': 7440, 'prices': [7440], 'price': 7440, 'old_price': 7440, 'currency': 'RUB', 'payment_amount': 0, 'extras_variants': [], 'extras': [], 'rate_id': 52774, 'deals': [], 'cancellation_type': 'free', 'credit_card': 0, 'bonus': 372, 'miles': 444, 'min_stay': 1, 'platichastyami': 0, 'mircashback': 744}]",6440.0,384,673302_101hotels,2026-08-26
2304285,,Стандартный номер с двумя раздельными кроватями,2,0,0,1,Двухместный,2,2,[{'single': 2}],[],"[{'id': 1078313, 'capacity': 1, 'prepayment': 'NO', 'nonrefundable': 0, 'cancellation_period': 0, 'cancellation_fee': 'NO', 'breakfast': 0, 'base_price': 7040, 'prices': [7040], 'price': 7040, 'old_price': 7040, 'currency': 'RUB', 'payment_amount': 0, 'extras_variants': [], 'extras': [], 'rate_id': 53184, 'deals': [], 'cancellation_type': 'free', 'credit_card': 0, 'bonus': 352, 'miles': 420, 'min_stay': 1, 'platichastyami': 0, 'mircashback': 704}, {'id': 1072533, 'capacity': 1, 'prepayment': 'FIRST', 'nonrefundable': 1, 'cancellation_period': 0, 'cancellation_fee': 'FIRST', 'breakfast': 7, 'base_price': 7557.6, 'prices': [7557.6], 'price': 7557.6, 'old_price': 7557.6, 'currency': 'RUB', 'payment_amount': 7557.6, 'extras_variants': [], 'extras': [], 'rate_id': 52775, 'deals': [], 'cancellation_type': 'nonrefundable', 'credit_card': 1, 'bonus': 378, 'miles': 453, 'min_stay': 1, 'platichastyami': 0, 'mircashback': 756}, {'id': 1072529, 'capacity': 1, 'prepayment': 'NO', 'nonrefundable': 0, 'cancellation_period': 0, 'cancellation_fee': 'NO', 'breakfast': 7, 'base_price': 8040, 'prices': [8040], 'price': 8040, 'old_price': 8040, 'currency': 'RUB', 'payment_amount': 0, 'extras_variants': [], 'extras': [], 'rate_id': 52774, 'deals': [], 'cancellation_type': 'free', 'credit_card': 0, 'bonus': 402, 'miles': 480, 'min_stay': 1, 'platichastyami': 0, 'mircashback': 804}, {'id': 1078314, 'capacity': 2, 'prepayment': 'NO', 'nonrefundable': 0, 'cancellation_period': 0, 'cancellation_fee': 'NO', 'breakfast': 0, 'base_price': 8240, 'prices': [8240], 'price': 8240, 'old_price': 8240, 'currency': 'RUB', 'payment_amount': 0, 'extras_variants': [], 'extras': [], 'rate_id': 53184, 'deals': [], 'cancellation_type': 'free', 'credit_card': 0, 'bonus': 412, 'miles': 492, 'min_stay': 1, 'platichastyami': 0, 'mircashback': 824}, {'id': 1072534, 'capacity': 2, 'prepayment': 'FIRST', 'nonrefundable': 1, 'cancellation_period': 0, 'cancellation_fee': 'FIRST', 'breakfast': 7, 'base_price': 8685.6, 'prices': [8685.6], 'price': 8685.6, 'old_price': 8685.6, 'currency': 'RUB', 'payment_amount': 8685.6, 'extras_variants': [], 'extras': [], 'rate_id': 52775, 'deals': [], 'cancellation_type': 'nonrefundable', 'credit_card': 1, 'bonus': 434, 'miles': 519, 'min_stay': 1, 'platichastyami': 0, 'mircashback': 869}, {'id': 1072530, 'capacity': 2, 'prepayment': 'NO', 'nonrefundable': 0, 'cancellation_period': 0, 'cancellation_fee': 'NO', 'breakfast': 7, 'base_price': 9240, 'prices': [9240], 'price': 9240, 'old_price': 9240, 'currency': 'RUB', 'payment_amount': 0, 'extras_variants': [], 'extras': [], 'rate_id': 52774, 'deals': [], 'cancellation_type': 'free', 'credit_card': 0, 'bonus': 462, 'miles': 552, 'min_stay': 1, 'platichastyami': 0, 'mircashback': 924}]",7040.0,420,673302_101hotels,2026-08-26
2304296,,Джуниор Сюит,2,0,0,1,Семейный,44,1,"[{'single': 1}, {'double': 1}]","[{'id': '51109', 'number': '1', 'min_age': '0', 'max_age': '6', 'is_extra_bed': '0', 'extra_bed_type_id': '0'}]","[{'id': 1078317, 'capacity': 1, 'prepayment': 'NO', 'nonrefundable': 0, 'cancellation_period': 0, 'cancellation_fee': 'NO', 'breakfast': 0, 'base_price': 12200, 'prices': [12200], 'price': 12200, 'old_price': 12200, 'currency': 'RUB', 'payment_amount': 0, 'extras_variants': [], 'extras': {'51109': {'id': 51109, 'number': 1, 'extra_bed_type_id': 0, 'age': [0, 6], 'extra_bed': 0, 'free': 1}}, 'rate_id': 53184, 'deals': [], 'cancellation_type': 'free', 'credit_card': 0, 'bonus': 610, 'miles': 732, 'min_stay': 1, 'platichastyami': 0, 'mircashback': 1220}, {'id': 1072540, 'capacity': 1, 'prepayment': 'FIRST', 'nonrefundable': 1, 'cancellation_period': 0, 'cancellation_fee': 'FIRST', 'breakfast': 7, 'base_price': 12408, 'prices': [12408], 'price': 12408, 'old_price': 12408, 'currency': 'RUB', 'payment_amount': 12408, 'extras_variants': [], 'extras': {'51109': {'id': 51109, 'number': 1, 'extra_bed_type_id': 0, 'age': [0, 6], 'extra_bed': 0, 'free': 1}}, 'rate_id': 52775, 'deals': [], 'cancellation_type': 'nonrefundable', 'credit_card': 1, 'bonus': 620, 'miles': 744, 'min_stay': 1, 'platichastyami': 0, 'mircashback': 1241}, {'id': 1072538, 'capacity': 1, 'prepayment': 'NO', 'nonrefundable': 0, 'cancellation_period': 0, 'cancellation_fee': 'NO', 'breakfast': 7, 'base_price': 13200, 'prices': [13200], 'price': 13200, 'old_price': 13200, 'currency': 'RUB', 'payment_amount': 0, 'extras_variants': [], 'extras': {'51109': {'id': 51109, 'number': 1, 'extra_bed_type_id': 0, 'age': [0, 6], 'extra_bed': 0, 'free': 1}}, 'rate_id': 52774, 'deals': [], 'cancellation_type': 'free', 'credit_card': 0, 'bonus': 660, 'miles': 792, 'min_stay': 1, 'platichastyami': 0, 'mircashback': 1320}, {'id': 1078318, 'capacity': 2, 'prepayment': 'NO', 'nonrefundable': 0, 'cancellation_period': 0, 'cancellation_fee': 'NO', 'breakfast': 0, 'base_price': 12200, 'prices': [12200], 'price': 12200, 'old_price': 12200, 'currency': 'RUB', 'payment_amount': 0, 'extras_variants': [], 'extras': {'51109': {'id': 51109, 'number': 1, 'extra_bed_type_id': 0, 'age': [0, 6], 'extra_bed': 0, 'free': 1}}, 'rate_id': 53184, 'deals': [], 'cancellation_type': 'free', 'credit_card': 0, 'bonus': 610, 'miles': 732, 'min_stay': 1, 'platichastyami': 0, 'mircashback': 1220}, {'id': 1072541, 'capacity': 2, 'prepayment': 'FIRST', 'nonrefundable': 1, 'cancellation_period': 0, 'cancellation_fee': 'FIRST', 'breakfast': 7, 'base_price': 12408, 'prices': [12408], 'price': 12408, 'old_price': 12408, 'currency': 'RUB', 'payment_amount': 12408, 'extras_variants': [], 'extras': {'51109': {'id': 51109, 'number': 1, 'extra_bed_type_id': 0, 'age': [0, 6], 'extra_bed': 0, 'free': 1}}, 'rate_id': 52775, 'deals': [], 'cancellation_type': 'nonrefundable', 'credit_card': 1, 'bonus': 620, 'miles': 744, 'min_stay': 1, 'platichastyami': 0, 'mircashback': 1241}, {'id': 1072539, 'capacity': 2, 'prepayment': 'NO', 'nonrefundable': 0, 'cancellation_period': 0, 'cancellation_fee': 'NO', 'breakfast': 7, 'base_price': 13200, 'prices': [13200], 'price': 13200, 'old_price': 13200, 'currency': 'RUB', 'payment_amount': 0, 'extras_variants': [], 'extras': {'51109': {'id': 51109, 'number': 1, 'extra_bed_type_id': 0, 'age': [0, 6], 'extra_bed': 0, 'free': 1}}, 'rate_id': 52774, 'deals': [], 'cancellation_type': 'free', 'credit_card': 0, 'bonus': 660, 'miles': 792, 'min_stay': 1, 'platichastyami': 0, 'mircashback': 1320}]",12200.0,732,673302_101hotels,2026-08-26
2304301,,Люкс,2,0,0,1,Люкс,6,1,[{'double': 1}],"[{'id': '51110', 'number': '1', 'min_age': '0', 'max_age': '6', 'is_extra_bed': '0', 'extra_bed_type_id': '0'}]","[{'id': 1072555, 'capacity': 1, 'prepayment': 'FIRST', 'nonrefundable': 1, 'cancellation_period': 0, 'cancellation_fee': 'FIRST', 'breakfast': 7, 'base_price': 16920, 'prices': [16920], 'price': 16920, 'old_price': 16920, 'currency': 'RUB', 'payment_amount': 16920, 'extras_variants': [], 'extras': {'51110': {'id': 51110, 'number': 1, 'extra_bed_type_id': 0, 'age': [0, 6], 'extra_bed': 0, 'free': 1}}, 'rate_id': 52775, 'deals': [], 'cancellation_type': 'nonrefundable', 'credit_card': 1, 'bonus': 846, 'miles': 1014, 'min_stay': 1, 'platichastyami': 0, 'mircashback': 1692}, {'id': 1078315, 'capacity': 1, 'prepayment': 'NO', 'nonrefundable': 0, 'cancellation_period': 0, 'cancellation_fee': 'NO', 'breakfast': 0, 'base_price': 17000, 'prices': [17000], 'price': 17000, 'old_price': 17000, 'currency': 'RUB', 'payment_amount': 0, 'extras_variants': [], 'extras': {'51110': {'id': 51110, 'number': 1, 'extra_bed_type_id': 0, 'age': [0, 6], 'extra_bed': 0, 'free': 1}}, 'rate_id': 53184, 'deals': [], 'cancellation_type': 'free', 'credit_card': 0, 'bonus': 850, 'miles': 1020, 'min_stay': 1, 'platichastyami': 0, 'mircashback': 1700}, {'id': 1072551, 'capacity': 1, 'prepayment': 'NO', 'nonrefundable': 0, 'cancellation_period': 0, 'cancellation_fee': 'NO', 'breakfast': 7, 'base_price': 18000, 'prices': [18000], 'price': 18000, 'old_price': 18000, 'currency': 'RUB', 'payment_amount': 0, 'extras_variants': [], 'extras': {'51110': {'id': 51110, 'number': 1, 'extra_bed_type_id': 0, 'age': [0, 6], 'extra_bed': 0, 'free': 1}}, 'rate_id': 52774, 'deals': [], 'cancellation_type': 'free', 'credit_card': 0, 'bonus': 900, 'miles': 1080, 'min_stay': 1, 'platichastyami': 0, 'mircashback': 1800}, {'id': 1072556, 'capacity': 2, 'prepayment': 'FIRST', 'nonrefundable': 1, 'cancellation_period': 0, 'cancellation_fee': 'FIRST', 'breakfast': 7, 'base_price': 16920, 'prices': [16920], 'price': 16920, 'old_price': 16920, 'currency': 'RUB', 'payment_amount': 16920, 'extras_variants': [], 'extras': {'51110': {'id': 51110, 'number': 1, 'extra_bed_type_id': 0, 'age': [0, 6], 'extra_bed': 0, 'free': 1}}, 'rate_id': 52775, 'deals': [], 'cancellation_type': 'nonrefundable', 'credit_card': 1, 'bonus': 846, 'miles': 1014, 'min_stay': 1, 'platichastyami': 0, 'mircashback': 1692}, {'id': 1078316, 'capacity': 2, 'prepayment': 'NO', 'nonrefundable': 0, 'cancellation_period': 0, 'cancellation_fee': 'NO', 'breakfast': 0, 'base_price': 17000, 'prices': [17000], 'price': 17000, 'old_price': 17000, 'currency': 'RUB', 'payment_amount': 0, 'extras_variants': [], 'extras': {'51110': {'id': 51110, 'number': 1, 'extra_bed_type_id': 0, 'age': [0, 6], 'extra_bed': 0, 'free': 1}}, 'rate_id': 53184, 'deals': [], 'cancellation_type': 'free', 'credit_card': 0, 'bonus': 850, 'miles': 1020, 'min_stay': 1, 'platichastyami': 0, 'mircashback': 1700}, {'id': 1072552, 'capacity': 2, 'prepayment': 'NO', 'nonrefundable': 0, 'cancellation_period': 0, 'cancellation_fee': 'NO', 'breakfast': 7, 'base_price': 18000, 'prices': [18000], 'price': 18000, 'old_price': 18000, 'currency': 'RUB', 'payment_amount': 0, 'extras_variants': [], 'extras': {'51110': {'id': 51110, 'number': 1, 'extra_bed_type_id': 0, 'age': [0, 6], 'extra_bed': 0, 'free': 1}}, 'rate_id': 52774, 'deals': [], 'cancellation_type': 'free', 'credit_card': 0, 'bonus': 900, 'miles': 1080, 'min_stay': 1, 'platichastyami': 0, 'mircashback': 1800}]",16920.0,1014,673302_101hotels,2026-08-26
2322780,,Люкс 1901,2,1,0,1,Люкс,6,1,"[{'double': 1}, {'sofa': 1}]","[{'id': '53005', 'number': '1', 'min_age': '0', 'max_age': '6', 'is_extra_bed': '0', 'extra_bed_type_id': '0'}]","[{'id': 1235994, 'capacity': 1, 'prepayment': 'FIRST', 'nonrefundable': 1, 'cancellation_period': 0, 'cancellation_fee': 'FIRST', 'breakfast': 7, 'base_price': 20304, 'prices': [20304], 'price': 20304, 'old_price': 20304, 'currency': 'RUB', 'payment_amount': 20304, 'extras_variants': [], 'extras': {'53005': {'id': 53005, 'number': 1, 'extra_bed_type_id': 0, 'age': [0, 6], 'extra_bed': 0, 'free': 1}}, 'rate_id': 52775, 'deals': [], 'cancellation_type': 'nonrefundable', 'credit_card': 1, 'bonus': 1015, 'miles': 1218, 'min_stay': 1, 'platichastyami': 0, 'mircashback': 2030}, {'id': 1235996, 'capacity': 1, 'prepayment': 'FIRST', 'nonrefundable': 0, 'cancellation_period': 0, 'cancellation_fee': 'NO', 'breakfast': 7, 'base_price': 20520, 'prices': [20520], 'price': 20520, 'old_price': 20520, 'currency': 'RUB', 'payment_amount': 20520, 'extras_variants': [], 'extras': {'53005': {'id': 53005, 'number': 1, 'extra_bed_type_id': 0, 'age': [0, 6], 'extra_bed': 0, 'free': 1}}, 'rate_id': 52776, 'deals': [], 'cancellation_type': 'free', 'credit_card': 1, 'bonus': 1026, 'miles': 1230, 'min_stay': 1, 'platichastyami': 0, 'mircashback': 2052}, {'id': 1235998, 'capacity': 1, 'prepayment': 'NO', 'nonrefundable': 0, 'cancellation_period': 0, 'cancellation_fee': 'NO', 'breakfast': 0, 'base_price': 20600, 'prices': [20600], 'price': 20600, 'old_price': 20600, 'currency': 'RUB', 'payment_amount': 0, 'extras_variants': [], 'extras': {'53005': {'id': 53005, 'number': 1, 'extra_bed_type_id': 0, 'age': [0, 6], 'extra_bed': 0, 'free': 1}}, 'rate_id': 53184, 'deals': [], 'cancellation_type': 'free', 'credit_card': 0, 'bonus': 1030, 'miles': 1236, 'min_stay': 1, 'platichastyami': 0, 'mircashback': 2060}, {'id': 1235992, 'capacity': 1, 'prepayment': 'NO', 'nonrefundable': 0, 'cancellation_period': 0, 'cancellation_fee': 'NO', 'breakfast': 7, 'base_price': 21600, 'prices': [21600], 'price': 21600, 'old_price': 21600, 'currency': 'RUB', 'payment_amount': 0, 'extras_variants': [], 'extras': {'53005': {'id': 53005, 'number': 1, 'extra_bed_type_id': 0, 'age': [0, 6], 'extra_bed': 0, 'free': 1}}, 'rate_id': 52774, 'deals': [], 'cancellation_type': 'free', 'credit_card': 0, 'bonus': 1080, 'miles': 1296, 'min_stay': 1, 'platichastyami': 0, 'mircashback': 2160}, {'id': 1235995, 'capacity': 2, 'prepayment': 'FIRST', 'nonrefundable': 1, 'cancellation_period': 0, 'cancellation_fee': 'FIRST', 'breakfast': 7, 'base_price': 20304, 'prices': [20304], 'price': 20304, 'old_price': 20304, 'currency': 'RUB', 'payment_amount': 20304, 'extras_variants': [], 'extras': {'53005': {'id': 53005, 'number': 1, 'extra_bed_type_id': 0, 'age': [0, 6], 'extra_bed': 0, 'free': 1}}, 'rate_id': 52775, 'deals': [], 'cancellation_type': 'nonrefundable', 'credit_card': 1, 'bonus': 1015, 'miles': 1218, 'min_stay': 1, 'platichastyami': 0, 'mircashback': 2030}, {'id': 1235997, 'capacity': 2, 'prepayment': 'FIRST', 'nonrefundable': 0, 'cancellation_period': 0, 'cancellation_fee': 'NO', 'breakfast': 7, 'base_price': 20520, 'prices': [20520], 'price': 20520, 'old_price': 20520, 'currency': 'RUB', 'payment_amount': 20520, 'extras_variants': [], 'extras': {'53005': {'id': 53005, 'number': 1, 'extra_bed_type_id': 0, 'age': [0, 6], 'extra_bed': 0, 'free': 1}}, 'rate_id': 52776, 'deals': [], 'cancellation_type': 'free', 'credit_card': 1, 'bonus': 1026, 'miles': 1230, 'min_stay': 1, 'platichastyami': 0, 'mircashback': 2052}, {'id': 1235999, 'capacity': 2, 'prepayment': 'NO', 'nonrefundable': 0, 'cancellation_period': 0, 'cancellation_fee': 'NO', 'breakfast': 0, 'base_price': 20600, 'prices': [20600], 'price': 20600, 'old_price': 20600, 'currency': 'RUB', 'payment_amount': 0, 'extras_variants': [], 'extras': {'53005': {'id': 53005, 'number': 1, 'extra_bed_type_id': 0, 'age': [0, 6], 'extra_bed': 0, 'free': 1}}, 'rate_id': 53184, 'deals': [], 'cancellation_type': 'free', 'credit_card': 0, 'bonus': 1030, 'miles': 1236, 'min_stay': 1, 'platichastyami': 0, 'mircashback': 2060}, {'id': 1235993, 'capacity': 2, 'prepayment': 'NO', 'nonrefundable': 0, 'cancellation_period': 0, 'cancellation_fee': 'NO', 'breakfast': 7, 'base_price': 21600, 'prices': [21600], 'price': 21600, 'old_price': 21600, 'currency': 'RUB', 'payment_amount': 0, 'extras_variants': [], 'extras': {'53005': {'id': 53005, 'number': 1, 'extra_bed_type_id': 0, 'age': [0, 6], 'extra_bed': 0, 'free': 1}}, 'rate_id': 52774, 'deals': [], 'cancellation_type': 'free', 'credit_card': 0, 'bonus': 1080, 'miles': 1296, 'min_stay': 1, 'platichastyami': 0, 'mircashback': 2160}]",20304.0,1218,673302_101hotels,2026-08-26
2306301,,Стандарт с раздельными кроватями,2,0,0,1,Двухместный,2,4,[{'single': 2}],[],"[{'id': 1090826, 'capacity': 1, 'prepayment': 'FULL', 'nonrefundable': 0, 'cancellation_period': 5, 'cancellation_fee': 'FIRST', 'breakfast': 0, 'base_price': 5250, 'prices': [5250], 'price': 5250, 'old_price': 5250, 'currency': 'RUB', 'payment_amount': 5250, 'extras_variants': [], 'extras': [], 'rate_id': 53937, 'deals': [], 'cancellation_type': 'special', 'credit_card': 1, 'bonus': 263, 'miles': 315, 'min_stay': 1, 'platichastyami': 0, 'mircashback': 525}, {'id': 1090827, 'capacity': 2, 'prepayment': 'FULL', 'nonrefundable': 0, 'cancellation_period': 5, 'cancellation_fee': 'FIRST', 'breakfast': 0, 'base_price': 5250, 'prices': [5250], 'price': 5250, 'old_price': 5250, 'currency': 'RUB', 'payment_amount': 5250, 'extras_variants': [], 'extras': [], 'rate_id': 53937, 'deals': [], 'cancellation_type': 'special', 'credit_card': 1, 'bonus': 263, 'miles': 315, 'min_stay': 1, 'platichastyami': 0, 'mircashback': 525}]",5250.0,315,674436_101hotels,2026-08-26
2306327,,С двуспальной кроватью,2,1,0,1,Улучшенный,113,2,[{'double': 2}],"[{'id': '25344', 'number': '1', 'min_age': '1', 'max_age': '14', 'is_extra_bed': '1', 'extra_bed_type_id': '3'}]","[{'id': 1090916, 'capacity': 1, 'prepayment': 'FULL', 'nonrefundable': 0, 'cancellation_period': 5, 'cancellation_fee': 'FIRST', 'breakfast': 0, 'base_price': 7250, 'prices': [7250], 'price': 7250, 'old_price': 7250, 'currency': 'RUB', 'payment_amount': 7250, 'extras_variants': [], 'extras': {'25344': {'id': 25344, 'number': 1, 'extra_bed_type_id': 3, 'age': [1, 14], 'extra_bed': 1, 'free': 1}}, 'rate_id': 53937, 'deals': [], 'cancellation_type': 'special', 'credit_card': 1, 'bonus': 363, 'miles': 435, 'min_stay': 1, 'platichastyami': 0, 'mircashback': 725}, {'id': 1090917, 'capacity': 2, 'prepayment': 'FULL', 'nonrefundable': 0, 'cancellation_period': 5, 'cancellation_fee': 'FIRST', 'breakfast': 0, 'base_price': 7250, 'prices': [7250], 'price': 7250, 'old_price': 7250, 'currency': 'RUB', 'payment_amount': 7250, 'extras_variants': [], 'extras': {'25344': {'id': 25344, 'number': 1, 'extra_bed_type_id': 3, 'age': [1, 14], 'extra_bed': 1, 'free': 1}}, 'rate_id': 53937, 'deals': [], 'cancellation_type': 'special', 'credit_card': 1, 'bonus': 363, 'miles': 435, 'min_stay': 1, 'platichastyami': 0, 'mircashback': 725}]",7250.0,435,674436_101hotels,2026-08-26
2306328,,С двумя раздельными кроватями,2,1,0,1,Улучшенный,113,3,[{'single': 2}],"[{'id': '25345', 'number': '1', 'min_age': '1', 'max_age': '14', 'is_extra_bed': '1', 'extra_bed_type_id': '3'}]","[{'id': 1090918, 'capacity': 1, 'prepayment': 'FULL', 'nonrefundable': 0, 'cancellation_period': 5, 'cancellation_fee': 'FIRST', 'breakfast': 0, 'base_price': 7250, 'prices': [7250], 'price': 7250, 'old_price': 7250, 'currency': 'RUB', 'payment_amount': 7250, 'extras_variants': [], 'extras': {'25345': {'id': 25345, 'number': 1, 'extra_bed_type_id': 3, 'age': [1, 14], 'extra_bed': 1, 'free': 1}}, 'rate_id': 53937, 'deals': [], 'cancellation_type': 'special', 'credit_card': 1, 'bonus': 363, 'miles': 435, 'min_stay': 1, 'platichastyami': 0, 'mircashback': 725}, {'id': 1090919, 'capacity': 2, 'prepayment': 'FULL', 'nonrefundable': 0, 'cancellation_period': 5, 'cancellation_fee': 'FIRST', 'breakfast': 0, 'base_price': 7250, 'prices': [7250], 'price': 7250, 'old_price': 7250, 'currency': 'RUB', 'payment_amount': 7250, 'extras_variants': [], 'extras': {'25345': {'id': 25345, 'number': 1, 'extra_bed_type_id': 3, 'age': [1, 14], 'extra_bed': 1, 'free': 1}}, 'rate_id': 53937, 'deals': [], 'cancellation_type': 'special', 'credit_card': 1, 'bonus': 363, 'miles': 435, 'min_stay': 1, 'platichastyami': 0, 'mircashback': 725}]",7250.0,435,674436_101hotels,2026-08-26
2309530,,Комфорт DBL/TWIN,2,0,0,1,Двухместный,2,1,[{'double': 1}],[],"[{'id': 1123592, 'capacity': 1, 'prepayment': 'FIRST', 'nonrefundable': 0, 'cancellation_period': 0, 'cancellation_fee': 'NO', 'breakfast': 1, 'base_price': 8400, 'prices': [8400], 'price': 7140, 'old_price': 8400, 'currency': 'RUB', 'payment_amount': 8400, 'extras_variants': [], 'extras': [], 'rate_id': 55888, 'deals': ['LAST_MINUTE'], 'cancellation_type': 'free', 'credit_card': 1, 'bonus': 357, 'miles': 426, 'min_stay': 1, 'platichastyami': 0, 'mircashback': 714}, {'id': 1124266, 'capacity': 1, 'prepayment': 'NO', 'nonrefundable': 0, 'cancellation_period': 0, 'cancellation_fee': 'NO', 'breakfast': 0, 'base_price': 8400, 'prices': [8400], 'price': 8400, 'old_price': 8400, 'currency': 'RUB', 'payment_amount': 0, 'extras_variants': [], 'extras': [], 'rate_id': 55889, 'deals': [], 'cancellation_type': 'free', 'credit_card': 0, 'bonus': 420, 'miles': 504, 'min_stay': 1, 'platichastyami': 0, 'mircashback': 840}, {'id': 1123593, 'capacity': 2, 'prepayment': 'FIRST', 'nonrefundable': 0, 'cancellation_period': 0, 'cancellation_fee': 'NO', 'breakfast': 1, 'base_price': 9400, 'prices': [9400], 'price': 7990, 'old_price': 9400, 'currency': 'RUB', 'payment_amount': 9400, 'extras_variants': [], 'extras': [], 'rate_id': 55888, 'deals': ['LAST_MINUTE'], 'cancellation_type': 'free', 'credit_card': 1, 'bonus': 400, 'miles': 477, 'min_stay': 1, 'platichastyami': 0, 'mircashback': 799}, {'id': 1124267, 'capacity': 2, 'prepayment': 'NO', 'nonrefundable': 0, 'cancellation_period': 0, 'cancellation_fee': 'NO', 'breakfast': 0, 'base_price': 9400, 'prices': [9400], 'price': 9400, 'old_price': 9400, 'currency': 'RUB', 'payment_amount': 0, 'extras_variants': [], 'extras': [], 'rate_id': 55889, 'deals': [], 'cancellation_type': 'free', 'credit_card': 0, 'bonus': 470, 'miles': 564, 'min_stay': 1, 'platichastyami': 0, 'mircashback': 940}, {'id': '1124266P', 'capacity': 1, 'prepayment': 'FULL', 'nonrefundable': 0, 'cancellation_period': 0, 'cancellation_fee': 'NO', 'breakfast': 0, 'base_price': 8400, 'prices': [8400], 'price': 8400, 'old_price': 8400, 'currency': 'RUB', 'payment_amount': 8400, 'extras_variants': [], 'extras': [], 'rate_id': 55889, 'deals': [], 'cancellation_type': 'free', 'credit_card': 0, 'bonus': 420, 'miles': 504, 'min_stay': 1, 'platichastyami': 0, 'mircashback': 840}, {'id': '1124267P', 'capacity': 2, 'prepayment': 'FULL', 'nonrefundable': 0, 'cancellation_period': 0, 'cancellation_fee': 'NO', 'breakfast': 0, 'base_price': 9400, 'prices': [9400], 'price': 9400, 'old_price': 9400, 'currency': 'RUB', 'payment_amount': 9400, 'extras_variants': [], 'extras': [], 'rate_id': 55889, 'deals': [], 'cancellation_type': 'free', 'credit_card': 0, 'bonus': 470, 'miles': 564, 'min_stay': 1, 'platichastyami': 0, 'mircashback': 940}]",7140.0,426,674899_101hotels,2026-08-26
2309531,,Стандарт DBL,2,0,0,1,Двухместный,2,3,[{'double': 1}],[],"[{'id': 1123594, 'capacity': 1, 'prepayment': 'FIRST', 'nonrefundable': 0, 'cancellation_period': 0, 'cancellation_fee': 'NO', 'breakfast': 1, 'base_price': 7400, 'prices': [7400], 'price': 6290, 'old_price': 7400, 'currency': 'RUB', 'payment_amount': 7400, 'extras_variants': [], 'extras': [], 'rate_id': 55888, 'deals': ['LAST_MINUTE'], 'cancellation_type': 'free', 'credit_card': 1, 'bonus': 315, 'miles': 375, 'min_stay': 1, 'platichastyami': 0, 'mircashback': 629}, {'id': 1124268, 'capacity': 1, 'prepayment': 'NO', 'nonrefundable': 0, 'cancellation_period': 0, 'cancellation_fee': 'NO', 'breakfast': 0, 'base_price': 7400, 'prices': [7400], 'price': 7400, 'old_price': 7400, 'currency': 'RUB', 'payment_amount': 0, 'extras_variants': [], 'extras': [], 'rate_id': 55889, 'deals': [], 'cancellation_type': 'free', 'credit_card': 0, 'bonus': 370, 'miles': 444, 'min_stay': 1, 'platichastyami': 0, 'mircashback': 740}, {'id': 1123595, 'capacity': 2, 'prepayment': 'FIRST', 'nonrefundable': 0, 'cancellation_period': 0, 'cancellation_fee': 'NO', 'breakfast': 1, 'base_price': 8400, 'prices': [8400], 'price': 7140, 'old_price': 8400, 'currency': 'RUB', 'payment_amount': 8400, 'extras_variants': [], 'extras': [], 'rate_id': 55888, 'deals': ['LAST_MINUTE'], 'cancellation_type': 'free', 'credit_card': 1, 'bonus': 357, 'miles': 426, 'min_stay': 1, 'platichastyami': 0, 'mircashback': 714}, {'id': 1124269, 'capacity': 2, 'prepayment': 'NO', 'nonrefundable': 0, 'cancellation_period': 0, 'cancellation_fee': 'NO', 'breakfast': 0, 'base_price': 8400, 'prices': [8400], 'price': 8400, 'old_price': 8400, 'currency': 'RUB', 'payment_amount': 0, 'extras_variants': [], 'extras': [], 'rate_id': 55889, 'deals': [], 'cancellation_type': 'free', 'credit_card': 0, 'bonus': 420, 'miles': 504, 'min_stay': 1, 'platichastyami': 0, 'mircashback': 840}, {'id': '1124268P', 'capacity': 1, 'prepayment': 'FULL', 'nonrefundable': 0, 'cancellation_period': 0, 'cancellation_fee': 'NO', 'breakfast': 0, 'base_price': 7400, 'prices': [7400], 'price': 7400, 'old_price': 7400, 'currency': 'RUB', 'payment_amount': 7400, 'extras_variants': [], 'extras': [], 'rate_id': 55889, 'deals': [], 'cancellation_type': 'free', 'credit_card': 0, 'bonus': 370, 'miles': 444, 'min_stay': 1, 'platichastyami': 0, 'mircashback': 740}, {'id': '1124269P', 'capacity': 2, 'prepayment': 'FULL', 'nonrefundable': 0, 'cancellation_period': 0, 'cancellation_fee': 'NO', 'breakfast': 0, 'base_price': 8400, 'prices': [8400], 'price': 8400, 'old_price': 8400, 'currency': 'RUB', 'payment_amount': 8400, 'extras_variants': [], 'extras': [], 'rate_id': 55889, 'deals': [], 'cancellation_type': 'free', 'credit_card': 0, 'bonus': 420, 'miles': 504, 'min_stay': 1, 'platichastyami': 0, 'mircashback': 840}]",6290.0,375,674899_101hotels,2026-08-26
2309533,,Комфорт Мансарда TWIN,2,1,0,1,Трёхместный и более,3,1,[{'single': 2}],[],"[{'id': 1123597, 'capacity': 1, 'prepayment': 'FIRST', 'nonrefundable': 0, 'cancellation_period': 0, 'cancellation_fee': 'NO', 'breakfast': 1, 'base_price': 8400, 'prices': [8400], 'price': 7140, 'old_price': 8400, 'currency': 'RUB', 'payment_amount': 8400, 'extras_variants': [], 'extras': [], 'rate_id': 55888, 'deals': ['LAST_MINUTE'], 'cancellation_type': 'free', 'credit_card': 1, 'bonus': 357, 'miles': 426, 'min_stay': 1, 'platichastyami': 0, 'mircashback': 714}, {'id': 1124271, 'capacity': 1, 'prepayment': 'NO', 'nonrefundable': 0, 'cancellation_period': 0, 'cancellation_fee': 'NO', 'breakfast': 0, 'base_price': 8400, 'prices': [8400], 'price': 8400, 'old_price': 8400, 'currency': 'RUB', 'payment_amount': 0, 'extras_variants': [], 'extras': [], 'rate_id': 55889, 'deals': [], 'cancellation_type': 'free', 'credit_card': 0, 'bonus': 420, 'miles': 504, 'min_stay': 1, 'platichastyami': 0, 'mircashback': 840}, {'id': 1123598, 'capacity': 2, 'prepayment': 'FIRST', 'nonrefundable': 0, 'cancellation_period': 0, 'cancellation_fee': 'NO', 'breakfast': 1, 'base_price': 9400, 'prices': [9400], 'price': 7990, 'old_price': 9400, 'currency': 'RUB', 'payment_amount': 9400, 'extras_variants': [], 'extras': [], 'rate_id': 55888, 'deals': ['LAST_MINUTE'], 'cancellation_type': 'free', 'credit_card': 1, 'bonus': 400, 'miles': 477, 'min_stay': 1, 'platichastyami': 0, 'mircashback': 799}, {'id': 1124272, 'capacity': 2, 'prepayment': 'NO', 'nonrefundable': 0, 'cancellation_period': 0, 'cancellation_fee': 'NO', 'breakfast': 0, 'base_price': 9400, 'prices': [9400], 'price': 9400, 'old_price': 9400, 'currency': 'RUB', 'payment_amount': 0, 'extras_variants': [], 'extras': [], 'rate_id': 55889, 'deals': [], 'cancellation_type': 'free', 'credit_card': 0, 'bonus': 470, 'miles': 564, 'min_stay': 1, 'platichastyami': 0, 'mircashback': 940}, {'id': '1124271P', 'capacity': 1, 'prepayment': 'FULL', 'nonrefundable': 0, 'cancellation_period': 0, 'cancellation_fee': 'NO', 'breakfast': 0, 'base_price': 8400, 'prices': [8400], 'price': 8400, 'old_price': 8400, 'currency': 'RUB', 'payment_amount': 8400, 'extras_variants': [], 'extras': [], 'rate_id': 55889, 'deals': [], 'cancellation_type': 'free', 'credit_card': 0, 'bonus': 420, 'miles': 504, 'min_stay': 1, 'platichastyami': 0, 'mircashback': 840}, {'id': '1124272P', 'capacity': 2, 'prepayment': 'FULL', 'nonrefundable': 0, 'cancellation_period': 0, 'cancellation_fee': 'NO', 'breakfast': 0, 'base_price': 9400, 'prices': [9400], 'price': 9400, 'old_price': 9400, 'currency': 'RUB', 'payment_amount': 9400, 'extras_variants': [], 'extras': [], 'rate_id': 55889, 'deals': [], 'cancellation_type': 'free', 'credit_card': 0, 'bonus': 470, 'miles': 564, 'min_stay': 1, 'platichastyami': 0, 'mircashback': 940}]",7140.0,426,674899_101hotels,2026-08-26
2309535,,Комфорт Мансарда DBL/TWIN,2,1,0,1,Трёхместный и более,3,1,"[{'double': 1}, {'s-sofa': 1}]",[],"[{'id': 1123601, 'capacity': 1, 'prepayment': 'FIRST', 'nonrefundable': 0, 'cancellation_period': 0, 'cancellation_fee': 'NO', 'breakfast': 1, 'base_price': 8400, 'prices': [8400], 'price': 7140, 'old_price': 8400, 'currency': 'RUB', 'payment_amount': 8400, 'extras_variants': [], 'extras': [], 'rate_id': 55888, 'deals': ['LAST_MINUTE'], 'cancellation_type': 'free', 'credit_card': 1, 'bonus': 357, 'miles': 426, 'min_stay': 1, 'platichastyami': 0, 'mircashback': 714}, {'id': 1124275, 'capacity': 1, 'prepayment': 'NO', 'nonrefundable': 0, 'cancellation_period': 0, 'cancellation_fee': 'NO', 'breakfast': 0, 'base_price': 8400, 'prices': [8400], 'price': 8400, 'old_price': 8400, 'currency': 'RUB', 'payment_amount': 0, 'extras_variants': [], 'extras': [], 'rate_id': 55889, 'deals': [], 'cancellation_type': 'free', 'credit_card': 0, 'bonus': 420, 'miles': 504, 'min_stay': 1, 'platichastyami': 0, 'mircashback': 840}, {'id': 1123602, 'capacity': 2, 'prepayment': 'FIRST', 'nonrefundable': 0, 'cancellation_period': 0, 'cancellation_fee': 'NO', 'breakfast': 1, 'base_price': 9400, 'prices': [9400], 'price': 7990, 'old_price': 9400, 'currency': 'RUB', 'payment_amount': 9400, 'extras_variants': [], 'extras': [], 'rate_id': 55888, 'deals': ['LAST_MINUTE'], 'cancellation_type': 'free', 'credit_card': 1, 'bonus': 400, 'miles': 477, 'min_stay': 1, 'platichastyami': 0, 'mircashback': 799}, {'id': 1124276, 'capacity': 2, 'prepayment': 'NO', 'nonrefundable': 0, 'cancellation_period': 0, 'cancellation_fee': 'NO', 'breakfast': 0, 'base_price': 9400, 'prices': [9400], 'price': 9400, 'old_price': 9400, 'currency': 'RUB', 'payment_amount': 0, 'extras_variants': [], 'extras': [], 'rate_id': 55889, 'deals': [], 'cancellation_type': 'free', 'credit_card': 0, 'bonus': 470, 'miles': 564, 'min_stay': 1, 'platichastyami': 0, 'mircashback': 940}, {'id': '1124275P', 'capacity': 1, 'prepayment': 'FULL', 'nonrefundable': 0, 'cancellation_period': 0, 'cancellation_fee': 'NO', 'breakfast': 0, 'base_price': 8400, 'prices': [8400], 'price': 8400, 'old_price': 8400, 'currency': 'RUB', 'payment_amount': 8400, 'extras_variants': [], 'extras': [], 'rate_id': 55889, 'deals': [], 'cancellation_type': 'free', 'credit_card': 0, 'bonus': 420, 'miles': 504, 'min_stay': 1, 'platichastyami': 0, 'mircashback': 840}, {'id': '1124276P', 'capacity': 2, 'prepayment': 'FULL', 'nonrefundable': 0, 'cancellation_period': 0, 'cancellation_fee': 'NO', 'breakfast': 0, 'base_price': 9400, 'prices': [9400], 'price': 9400, 'old_price': 9400, 'currency': 'RUB', 'payment_amount': 9400, 'extras_variants': [], 'extras': [], 'rate_id': 55889, 'deals': [], 'cancellation_type': 'free', 'credit_card': 0, 'bonus': 470, 'miles': 564, 'min_stay': 1, 'platichastyami': 0, 'mircashback': 940}]",7140.0,426,674899_101hotels,2026-08-26
2319142,,Стандарт двухуровневый с одной широкой кроватью и диван кроватью,4,0,0,1,Четырехместный,34,1,"[{'double': 1, 'sofa': 1}]","[{'id': '48036', 'number': '1', 'min_age': '0', 'max_age': '5', 'is_extra_bed': '0', 'extra_bed_type_id': '0'}]","[{'id': 1209521, 'capacity': 1, 'prepayment': 'NO', 'nonrefundable': 0, 'cancellation_period': 0, 'cancellation_fee': 'NO', 'breakfast': 0, 'base_price': 5040, 'prices': [5040], 'price': 5040, 'old_price': 5040, 'currency': 'RUB', 'payment_amount': 0, 'extras_variants': [], 'extras': {'48036': {'id': 48036, 'number': 1, 'extra_bed_type_id': 0, 'age': [0, 5], 'extra_bed': 0, 'free': 1}}, 'rate_id': 61974, 'deals': [], 'cancellation_type': 'free', 'credit_card': 0, 'bonus': 252, 'miles': 300, 'min_stay': 1, 'platichastyami': 0, 'mircashback': 504}, {'id': 1209522, 'capacity': 2, 'prepayment': 'NO', 'nonrefundable': 0, 'cancellation_period': 0, 'cancellation_fee': 'NO', 'breakfast': 0, 'base_price': 5400, 'prices': [5400], 'price': 5400, 'old_price': 5400, 'currency': 'RUB', 'payment_amount': 0, 'extras_variants': [], 'extras': {'48036': {'id': 48036, 'number': 1, 'extra_bed_type_id': 0, 'age': [0, 5], 'extra_bed': 0, 'free': 1}}, 'rate_id': 61974, 'deals': [], 'cancellation_type': 'free', 'credit_card': 0, 'bonus': 270, 'miles': 324, 'min_stay': 1, 'platichastyami': 0, 'mircashback': 540}, {'id': 1209523, 'capacity': 3, 'prepayment': 'NO', 'nonrefundable': 0, 'cancellation_period': 0, 'cancellation_fee': 'NO', 'breakfast': 0, 'base_price': 5760, 'prices': [5760], 'price': 5760, 'old_price': 5760, 'currency': 'RUB', 'payment_amount': 0, 'extras_variants': [], 'extras': {'48036': {'id': 48036, 'number': 1, 'extra_bed_type_id': 0, 'age': [0, 5], 'extra_bed': 0, 'free': 1}}, 'rate_id': 61974, 'deals': [], 'cancellation_type': 'free', 'credit_card': 0, 'bonus': 288, 'miles': 345, 'min_stay': 1, 'platichastyami': 0, 'mircashback': 576}, {'id': 1209524, 'capacity': 4, 'prepayment': 'NO', 'nonrefundable': 0, 'cancellation_period': 0, 'cancellation_fee': 'NO', 'breakfast': 0, 'base_price': 6240, 'prices': [6240], 'price': 6240, 'old_price': 6240, 'currency': 'RUB', 'payment_amount': 0, 'extras_variants': [], 'extras': {'48036': {'id': 48036, 'number': 1, 'extra_bed_type_id': 0, 'age': [0, 5], 'extra_bed': 0, 'free': 1}}, 'rate_id': 61974, 'deals': [], 'cancellation_type': 'free', 'credit_card': 0, 'bonus': 312, 'miles': 372, 'min_stay': 1, 'platichastyami': 0, 'mircashback': 624}, {'id': '1209521P', 'capacity': 1, 'prepayment': 'FULL', 'nonrefundable': 0, 'cancellation_period': 0, 'cancellation_fee': 'NO', 'breakfast': 0, 'base_price': 5040, 'prices': [5040], 'price': 5040, 'old_price': 5040, 'currency': 'RUB', 'payment_amount': 5040, 'extras_variants': [], 'extras': {'48036': {'id': 48036, 'number': 1, 'extra_bed_type_id': 0, 'age': [0, 5], 'extra_bed': 0, 'free': 1}}, 'rate_id': 61974, 'deals': [], 'cancellation_type': 'free', 'credit_card': 0, 'bonus': 252, 'miles': 300, 'min_stay': 1, 'platichastyami': 0, 'mircashback': 504}, {'id': '1209522P', 'capacity': 2, 'prepayment': 'FULL', 'nonrefundable': 0, 'cancellation_period': 0, 'cancellation_fee': 'NO', 'breakfast': 0, 'base_price': 5400, 'prices': [5400], 'price': 5400, 'old_price': 5400, 'currency': 'RUB', 'payment_amount': 5400, 'extras_variants': [], 'extras': {'48036': {'id': 48036, 'number': 1, 'extra_bed_type_id': 0, 'age': [0, 5], 'extra_bed': 0, 'free': 1}}, 'rate_id': 61974, 'deals': [], 'cancellation_type': 'free', 'credit_card': 0, 'bonus': 270, 'miles': 324, 'min_stay': 1, 'platichastyami': 0, 'mircashback': 540}, {'id': '1209523P', 'capacity': 3, 'prepayment': 'FULL', 'nonrefundable': 0, 'cancellation_period': 0, 'cancellation_fee': 'NO', 'breakfast': 0, 'base_price': 5760, 'prices': [5760], 'price': 5760, 'old_price': 5760, 'currency': 'RUB', 'payment_amount': 5760, 'extras_variants': [], 'extras': {'48036': {'id': 48036, 'number': 1, 'extra_bed_type_id': 0, 'age': [0, 5], 'extra_bed': 0, 'free': 1}}, 'rate_id': 61974, 'deals': [], 'cancellation_type': 'free', 'credit_card': 0, 'bonus': 288, 'miles': 345, 'min_stay': 1, 'platichastyami': 0, 'mircashback': 576}, {'id': '1209524P', 'capacity': 4, 'prepayment': 'FULL', 'nonrefundable': 0, 'cancellation_period': 0, 'cancellation_fee': 'NO', 'breakfast': 0, 'base_price': 6240, 'prices': [6240], 'price': 6240, 'old_price': 6240, 'currency': 'RUB', 'payment_amount': 6240, 'extras_variants': [], 'extras': {'48036': {'id': 48036, 'number': 1, 'extra_bed_type_id': 0, 'age': [0, 5], 'extra_bed': 0, 'free': 1}}, 'rate_id': 61974, 'deals': [], 'cancellation_type': 'free', 'credit_card': 0, 'bonus': 312, 'miles': 372, 'min_stay': 1, 'platichastyami': 0, 'mircashback': 624}]",5040.0,300,677680_101hotels,2026-08-26
2319143,,Двухместный номер с широкой кроватью или раздельными и доп местом,2,1,0,1,Трёхместный и более,3,4,"[{'single': 1, 'f-chair': 1}, {'double': 1, 'f-chair': 1}]","[{'id': '48095', 'number': '1', 'min_age': '0', 'max_age': '3', 'is_extra_bed': '0', 'extra_bed_type_id': '0'}, {'id': '48096', 'number': '1', 'min_age': '3', 'max_age': '18', 'is_extra_bed': '1', 'extra_bed_type_id': '2'}]","[{'id': 1209525, 'capacity': 1, 'prepayment': 'NO', 'nonrefundable': 0, 'cancellation_period': 0, 'cancellation_fee': 'NO', 'breakfast': 0, 'base_price': 4440, 'prices': [4440], 'price': 4218, 'old_price': 4440, 'currency': 'RUB', 'payment_amount': 0, 'extras_variants': [], 'extras': {'48095': {'id': 48095, 'number': 1, 'extra_bed_type_id': 0, 'age': [0, 3], 'extra_bed': 0, 'free': 1}, '48096': {'id': 48096, 'number': 1, 'extra_bed_type_id': 2, 'age': [3, 18], 'extra_bed': 1, 'free': 1}}, 'rate_id': 61975, 'deals': ['LAST_MINUTE'], 'cancellation_type': 'free', 'credit_card': 0, 'bonus': 211, 'miles': 252, 'min_stay': 1, 'platichastyami': 0, 'mircashback': 422}, {'id': 1209526, 'capacity': 2, 'prepayment': 'NO', 'nonrefundable': 0, 'cancellation_period': 0, 'cancellation_fee': 'NO', 'breakfast': 0, 'base_price': 4680, 'prices': [4680], 'price': 4446, 'old_price': 4680, 'currency': 'RUB', 'payment_amount': 0, 'extras_variants': [], 'extras': {'48095': {'id': 48095, 'number': 1, 'extra_bed_type_id': 0, 'age': [0, 3], 'extra_bed': 0, 'free': 1}, '48096': {'id': 48096, 'number': 1, 'extra_bed_type_id': 2, 'age': [3, 18], 'extra_bed': 1, 'free': 1}}, 'rate_id': 61975, 'deals': ['LAST_MINUTE'], 'cancellation_type': 'free', 'credit_card': 0, 'bonus': 222, 'miles': 264, 'min_stay': 1, 'platichastyami': 0, 'mircashback': 445}, {'id': '1209525P', 'capacity': 1, 'prepayment': 'FULL', 'nonrefundable': 0, 'cancellation_period': 0, 'cancellation_fee': 'NO', 'breakfast': 0, 'base_price': 4440, 'prices': [4440], 'price': 4440, 'old_price': 4440, 'currency': 'RUB', 'payment_amount': 4440, 'extras_variants': [], 'extras': {'48095': {'id': 48095, 'number': 1, 'extra_bed_type_id': 0, 'age': [0, 3], 'extra_bed': 0, 'free': 1}, '48096': {'id': 48096, 'number': 1, 'extra_bed_type_id': 2, 'age': [3, 18], 'extra_bed': 1, 'free': 1}}, 'rate_id': 61975, 'deals': [], 'cancellation_type': 'free', 'credit_card': 0, 'bonus': 222, 'miles': 264, 'min_stay': 1, 'platichastyami': 0, 'mircashback': 444}, {'id': '1209526P', 'capacity': 2, 'prepayment': 'FULL', 'nonrefundable': 0, 'cancellation_period': 0, 'cancellation_fee': 'NO', 'breakfast': 0, 'base_price': 4680, 'prices': [4680], 'price': 4680, 'old_price': 4680, 'currency': 'RUB', 'payment_amount': 4680, 'extras_variants': [], 'extras': {'48095': {'id': 48095, 'number': 1, 'extra_bed_type_id': 0, 'age': [0, 3], 'extra_bed': 0, 'free': 1}, '48096': {'id': 48096, 'number': 1, 'extra_bed_type_id': 2, 'age': [3, 18], 'extra_bed': 1, 'free': 1}}, 'rate_id': 61975, 'deals': [], 'cancellation_type': 'free', 'credit_card': 0, 'bonus': 234, 'miles': 279, 'min_stay': 1, 'platichastyami': 0, 'mircashback': 468}]",4218.0,252,677680_101hotels,2026-08-26
5729,,Twin Room,2,1,0,1,Двухместный,2,1,[{'single': 2}],[],"[{'id': 332560, 'capacity': 1, 'prepayment': 'FULL', 'nonrefundable': 0, 'cancellation_period': 0, 'cancellation_fee': 'NO', 'breakfast': 1, 'base_price': 8800, 'prices': [8800], 'price': 8800, 'old_price': 8800, 'currency': 'RUB', 'payment_amount': 8800, 'extras_variants': [], 'extras': [], 'rate_id': 3907, 'deals': [], 'cancellation_type': 'free', 'credit_card': 1, 'bonus': 440, 'miles': 528, 'min_stay': 1, 'platichastyami': 0, 'mircashback': 880}, {'id': 332561, 'capacity': 2, 'prepayment': 'FULL', 'nonrefundable': 0, 'cancellation_period': 0, 'cancellation_fee': 'NO', 'breakfast': 1, 'base_price': 10100, 'prices': [10100], 'price': 10100, 'old_price': 10100, 'currency': 'RUB', 'payment_amount': 10100, 'extras_variants': [], 'extras': [], 'rate_id': 3907, 'deals': [], 'cancellation_type': 'free', 'credit_card': 1, 'bonus': 505, 'miles': 606, 'min_stay': 1, 'platichastyami': 0, 'mircashback': 1010}]",8800.0,528,221_101hotels,2026-08-26
45599,,Джуниор Семейный,2,1,0,1,Сюит,27,2,"[{'double': 1, 'sofa': 1}, {'single': 2, 'sofa': 1}]","[{'id': '28697', 'number': '1', 'min_age': '0', 'max_age': '7', 'is_extra_bed': '0', 'extra_bed_type_id': '0'}]","[{'id': 525925, 'capacity': 1, 'prepayment': 'NO', 'nonrefundable': 0, 'cancellation_period': 0, 'cancellation_fee': 'NO', 'breakfast': 1, 'base_price': 11650, 'prices': [11650], 'price': 11650, 'old_price': 0, 'currency': 'RUB', 'payment_amount': 0, 'extras_variants': [], 'extras': {'28697': {'id': 28697, 'number': 1, 'extra_bed_type_id': 0, 'age': [0, 7], 'extra_bed': 0, 'free': 1}}, 'rate_id': 16047, 'deals': [], 'cancellation_type': 'free', 'credit_card': 0, 'bonus': 583, 'miles': 699, 'min_stay': 1, 'platichastyami': 0, 'mircashback': 1165}, {'id': 525926, 'capacity': 2, 'prepayment': 'NO', 'nonrefundable': 0, 'cancellation_period': 0, 'cancellation_fee': 'NO', 'breakfast': 1, 'base_price': 12900, 'prices': [12900], 'price': 12900, 'old_price': 0, 'currency': 'RUB', 'payment_amount': 0, 'extras_variants': [], 'extras': {'28697': {'id': 28697, 'number': 1, 'extra_bed_type_id': 0, 'age': [0, 7], 'extra_bed': 0, 'free': 1}}, 'rate_id': 16047, 'deals': [], 'cancellation_type': 'free', 'credit_card': 0, 'bonus': 645, 'miles': 774, 'min_stay': 1, 'platichastyami': 0, 'mircashback': 1290}, {'id': '525925P', 'capacity': 1, 'prepayment': 'FULL', 'nonrefundable': 0, 'cancellation_period': 0, 'cancellation_fee': 'NO', 'breakfast': 1, 'base_price': 11650, 'prices': [11650], 'price': 11650, 'old_price': 0, 'currency': 'RUB', 'payment_amount': 11650, 'extras_variants': [], 'extras': {'28697': {'id': 28697, 'number': 1, 'extra_bed_type_id': 0, 'age': [0, 7], 'extra_bed': 0, 'free': 1}}, 'rate_id': 16047, 'deals': [], 'cancellation_type': 'free', 'credit_card': 0, 'bonus': 583, 'miles': 699, 'min_stay': 1, 'platichastyami': 0, 'mircashback': 1165}, {'id': '525926P', 'capacity': 2, 'prepayment': 'FULL', 'nonrefundable': 0, 'cancellation_period': 0, 'cancellation_fee': 'NO', 'breakfast': 1, 'base_price': 12900, 'prices': [12900], 'price': 12900, 'old_price': 0, 'currency': 'RUB', 'payment_amount': 12900, 'extras_variants': [], 'extras': {'28697': {'id': 28697, 'number': 1, 'extra_bed_type_id': 0, 'age': [0, 7], 'extra_bed': 0, 'free': 1}}, 'rate_id': 16047, 'deals': [], 'cancellation_type': 'free', 'credit_card': 0, 'bonus': 645, 'miles': 774, 'min_stay': 1, 'platichastyami': 0, 'mircashback': 1290}]",11650.0,699,231_101hotels,2026-08-26
45600,,Двухкомнатный,2,1,0,1,Люкс,6,1,"[{'double': 1, 'sofa': 1}]","[{'id': '28696', 'number': '1', 'min_age': '0', 'max_age': '7', 'is_extra_bed': '0', 'extra_bed_type_id': '0'}]","[{'id': 525919, 'capacity': 1, 'prepayment': 'NO', 'nonrefundable': 0, 'cancellation_period': 0, 'cancellation_fee': 'NO', 'breakfast': 1, 'base_price': 21500, 'prices': [21500], 'price': 21500, 'old_price': 0, 'currency': 'RUB', 'payment_amount': 0, 'extras_variants': [], 'extras': {'28696': {'id': 28696, 'number': 1, 'extra_bed_type_id': 0, 'age': [0, 7], 'extra_bed': 0, 'free': 1}}, 'rate_id': 16047, 'deals': [], 'cancellation_type': 'free', 'credit_card': 0, 'bonus': 1075, 'miles': 1290, 'min_stay': 1, 'platichastyami': 0, 'mircashback': 2150}, {'id': 525920, 'capacity': 2, 'prepayment': 'NO', 'nonrefundable': 0, 'cancellation_period': 0, 'cancellation_fee': 'NO', 'breakfast': 1, 'base_price': 21500, 'prices': [21500], 'price': 21500, 'old_price': 0, 'currency': 'RUB', 'payment_amount': 0, 'extras_variants': [], 'extras': {'28696': {'id': 28696, 'number': 1, 'extra_bed_type_id': 0, 'age': [0, 7], 'extra_bed': 0, 'free': 1}}, 'rate_id': 16047, 'deals': [], 'cancellation_type': 'free', 'credit_card': 0, 'bonus': 1075, 'miles': 1290, 'min_stay': 1, 'platichastyami': 0, 'mircashback': 2150}, {'id': '525919P', 'capacity': 1, 'prepayment': 'FULL', 'nonrefundable': 0, 'cancellation_period': 0, 'cancellation_fee': 'NO', 'breakfast': 1, 'base_price': 21500, 'prices': [21500], 'price': 21500, 'old_price': 0, 'currency': 'RUB', 'payment_amount': 21500, 'extras_variants': [], 'extras': {'28696': {'id': 28696, 'number': 1, 'extra_bed_type_id': 0, 'age': [0, 7], 'extra_bed': 0, 'free': 1}}, 'rate_id': 16047, 'deals': [], 'cancellation_type': 'free', 'credit_card': 0, 'bonus': 1075, 'miles': 1290, 'min_stay': 1, 'platichastyami': 0, 'mircashback': 2150}, {'id': '525920P', 'capacity': 2, 'prepayment': 'FULL', 'nonrefundable': 0, 'cancellation_period': 0, 'cancellation_fee': 'NO', 'breakfast': 1, 'base_price': 21500, 'prices': [21500], 'price': 21500, 'old_price': 0, 'currency': 'RUB', 'payment_amount': 21500, 'extras_variants': [], 'extras': {'28696': {'id': 28696, 'number': 1, 'extra_bed_type_id': 0, 'age': [0, 7], 'extra_bed': 0, 'free': 1}}, 'rate_id': 16047, 'deals': [], 'cancellation_type': 'free', 'credit_card': 0, 'bonus': 1075, 'miles': 1290, 'min_stay': 1, 'platichastyami': 0, 'mircashback': 2150}]",21500.0,1290,231_101hotels,2026-08-26
804880,,Джуниор Бизнес,2,1,0,1,Сюит,27,1,"[{'single': 2, 'double': 1}]","[{'id': '28701', 'number': '1', 'min_age': '0', 'max_age': '7', 'is_extra_bed': '0', 'extra_bed_type_id': '0'}]","[{'id': 525927, 'capacity': 1, 'prepayment': 'NO', 'nonrefundable': 0, 'cancellation_period': 0, 'cancellation_fee': 'NO', 'breakfast': 1, 'base_price': 11650, 'prices': [11650], 'price': 11650, 'old_price': 0, 'currency': 'RUB', 'payment_amount': 0, 'extras_variants': [], 'extras': {'28701': {'id': 28701, 'number': 1, 'extra_bed_type_id': 0, 'age': [0, 7], 'extra_bed': 0, 'free': 1}}, 'rate_id': 16047, 'deals': [], 'cancellation_type': 'free', 'credit_card': 0, 'bonus': 583, 'miles': 699, 'min_stay': 1, 'platichastyami': 0, 'mircashback': 1165}, {'id': 525928, 'capacity': 2, 'prepayment': 'NO', 'nonrefundable': 0, 'cancellation_period': 0, 'cancellation_fee': 'NO', 'breakfast': 1, 'base_price': 12900, 'prices': [12900], 'price': 12900, 'old_price': 0, 'currency': 'RUB', 'payment_amount': 0, 'extras_variants': [], 'extras': {'28701': {'id': 28701, 'number': 1, 'extra_bed_type_id': 0, 'age': [0, 7], 'extra_bed': 0, 'free': 1}}, 'rate_id': 16047, 'deals': [], 'cancellation_type': 'free', 'credit_card': 0, 'bonus': 645, 'miles': 774, 'min_stay': 1, 'platichastyami': 0, 'mircashback': 1290}, {'id': '525927P', 'capacity': 1, 'prepayment': 'FULL', 'nonrefundable': 0, 'cancellation_period': 0, 'cancellation_fee': 'NO', 'breakfast': 1, 'base_price': 11650, 'prices': [11650], 'price': 11650, 'old_price': 0, 'currency': 'RUB', 'payment_amount': 11650, 'extras_variants': [], 'extras': {'28701': {'id': 28701, 'number': 1, 'extra_bed_type_id': 0, 'age': [0, 7], 'extra_bed': 0, 'free': 1}}, 'rate_id': 16047, 'deals': [], 'cancellation_type': 'free', 'credit_card': 0, 'bonus': 583, 'miles': 699, 'min_stay': 1, 'platichastyami': 0, 'mircashback': 1165}, {'id': '525928P', 'capacity': 2, 'prepayment': 'FULL', 'nonrefundable': 0, 'cancellation_period': 0, 'cancellation_fee': 'NO', 'breakfast': 1, 'base_price': 12900, 'prices': [12900], 'price': 12900, 'old_price': 0, 'currency': 'RUB', 'payment_amount': 12900, 'extras_variants': [], 'extras': {'28701': {'id': 28701, 'number': 1, 'extra_bed_type_id': 0, 'age': [0, 7], 'extra_bed': 0, 'free': 1}}, 'rate_id': 16047, 'deals': [], 'cancellation_type': 'free', 'credit_card': 0, 'bonus': 645, 'miles': 774, 'min_stay': 1, 'platichastyami': 0, 'mircashback': 1290}]",11650.0,699,231_101hotels,2026-08-26
5843,,Стандартный Double,2,0,0,1,Двухместный,2,1,[{'double': 1}],[],"[{'id': 304044, 'capacity': 1, 'prepayment': 'NO', 'nonrefundable': 0, 'cancellation_period': 0, 'cancellation_fee': 'NO', 'breakfast': 6, 'base_price': 5200, 'prices': [5200], 'price': 5200, 'old_price': 0, 'currency': 'RUB', 'payment_amount': 0, 'extras_variants': [], 'extras': [], 'rate_id': 2581, 'deals': [], 'cancellation_type': 'free', 'credit_card': 0, 'bonus': 260, 'miles': 312, 'min_stay': 1, 'platichastyami': 0, 'mircashback': 520}, {'id': 304045, 'capacity': 2, 'prepayment': 'NO', 'nonrefundable': 0, 'cancellation_period': 0, 'cancellation_fee': 'NO', 'breakfast': 6, 'base_price': 5700, 'prices': [5700], 'price': 5700, 'old_price': 0, 'currency': 'RUB', 'payment_amount': 0, 'extras_variants': [], 'extras': [], 'rate_id': 2581, 'deals': [], 'cancellation_type': 'free', 'credit_card': 0, 'bonus': 285, 'miles': 342, 'min_stay': 1, 'platichastyami': 0, 'mircashback': 570}, {'id': '304044P', 'capacity': 1, 'prepayment': 'FULL', 'nonrefundable': 0, 'cancellation_period': 0, 'cancellation_fee': 'NO', 'breakfast': 6, 'base_price': 5200, 'prices': [5200], 'price': 5200, 'old_price': 0, 'currency': 'RUB', 'payment_amount': 5200, 'extras_variants': [], 'extras': [], 'rate_id': 2581, 'deals': [], 'cancellation_type': 'free', 'credit_card': 0, 'bonus': 260, 'miles': 312, 'min_stay': 1, 'platichastyami': 0, 'mircashback': 520}, {'id': '304045P', 'capacity': 2, 'prepayment': 'FULL', 'nonrefundable': 0, 'cancellation_period': 0, 'cancellation_fee': 'NO', 'breakfast': 6, 'base_price': 5700, 'prices': [5700], 'price': 5700, 'old_price': 0, 'currency': 'RUB', 'payment_amount': 5700, 'extras_variants': [], 'extras': [], 'rate_id': 2581, 'deals': [], 'cancellation_type': 'free', 'credit_card': 0, 'bonus': 285, 'miles': 342, 'min_stay': 1, 'platichastyami': 0, 'mircashback': 570}]",5200.0,312,605_101hotels,2026-08-26
2221448,,Улучшенный,2,1,0,1,Двухместный,2,1,[{'double': 1}],[],"[{'id': 317252, 'capacity': 1, 'prepayment': 'NO', 'nonrefundable': 0, 'cancellation_period': 0, 'cancellation_fee': 'NO', 'breakfast': 6, 'base_price': 6000, 'prices': [6000], 'price': 6000, 'old_price': 0, 'currency': 'RUB', 'payment_amount': 0, 'extras_variants': [], 'extras': [], 'rate_id': 2581, 'deals': [], 'cancellation_type': 'free', 'credit_card': 0, 'bonus': 300, 'miles': 360, 'min_stay': 1, 'platichastyami': 0, 'mircashback': 600}, {'id': 317253, 'capacity': 2, 'prepayment': 'NO', 'nonrefundable': 0, 'cancellation_period': 0, 'cancellation_fee': 'NO', 'breakfast': 6, 'base_price': 6500, 'prices': [6500], 'price': 6500, 'old_price': 0, 'currency': 'RUB', 'payment_amount': 0, 'extras_variants': [], 'extras': [], 'rate_id': 2581, 'deals': [], 'cancellation_type': 'free', 'credit_card': 0, 'bonus': 325, 'miles': 390, 'min_stay': 1, 'platichastyami': 0, 'mircashback': 650}, {'id': '317252P', 'capacity': 1, 'prepayment': 'FULL', 'nonrefundable': 0, 'cancellation_period': 0, 'cancellation_fee': 'NO', 'breakfast': 6, 'base_price': 6000, 'prices': [6000], 'price': 6000, 'old_price': 0, 'currency': 'RUB', 'payment_amount': 6000, 'extras_variants': [], 'extras': [], 'rate_id': 2581, 'deals': [], 'cancellation_type': 'free', 'credit_card': 0, 'bonus': 300, 'miles': 360, 'min_stay': 1, 'platichastyami': 0, 'mircashback': 600}, {'id': '317253P', 'capacity': 2, 'prepayment': 'FULL', 'nonrefundable': 0, 'cancellation_period': 0, 'cancellation_fee': 'NO', 'breakfast': 6, 'base_price': 6500, 'prices': [6500], 'price': 6500, 'old_price': 0, 'currency': 'RUB', 'payment_amount': 6500, 'extras_variants': [], 'extras': [], 'rate_id': 2581, 'deals': [], 'cancellation_type': 'free', 'credit_card': 0, 'bonus': 325, 'miles': 390, 'min_stay': 1, 'platichastyami': 0, 'mircashback': 650}]",6000.0,360,605_101hotels,2026-08-26
1693680,,TRPL,3,0,0,1,Трехместный,37,2,"[{'single': 1, 'double': 1}]",[],"[{'id': 267580, 'capacity': 1, 'prepayment': 'FULL', 'nonrefundable': 1, 'cancellation_period': 0, 'cancellation_fee': 'FIRST', 'breakfast': 0, 'base_price': 4300, 'prices': [4300], 'price': 4300, 'old_price': 4300, 'currency': 'RUB', 'payment_amount': 4300, 'extras_variants': [], 'extras': [], 'rate_id': 992, 'deals': [], 'cancellation_type': 'nonrefundable', 'credit_card': 1, 'bonus': 215, 'miles': 258, 'min_stay': 1, 'platichastyami': 0, 'mircashback': 430}, {'id': 267581, 'capacity': 2, 'prepayment': 'FULL', 'nonrefundable': 1, 'cancellation_period': 0, 'cancellation_fee': 'FIRST', 'breakfast': 0, 'base_price': 4300, 'prices': [4300], 'price': 4300, 'old_price': 4300, 'currency': 'RUB', 'payment_amount': 4300, 'extras_variants': [], 'extras': [], 'rate_id': 992, 'deals': [], 'cancellation_type': 'nonrefundable', 'credit_card': 1, 'bonus': 215, 'miles': 258, 'min_stay': 1, 'platichastyami': 0, 'mircashback': 430}, {'id': 267582, 'capacity': 3, 'prepayment': 'FULL', 'nonrefundable': 1, 'cancellation_period': 0, 'cancellation_fee': 'FIRST', 'breakfast': 0, 'base_price': 4400, 'prices': [4400], 'price': 4400, 'old_price': 4400, 'currency': 'RUB', 'payment_amount': 4400, 'extras_variants': [], 'extras': [], 'rate_id': 992, 'deals': [], 'cancellation_type': 'nonrefundable', 'credit_card': 1, 'bonus': 220, 'miles': 264, 'min_stay': 1, 'platichastyami': 0, 'mircashback': 440}]",4300.0,258,1970_101hotels,2026-08-26
1693681,,Джуниор Сюит Double,3,0,0,1,Студио,5,2,"[{'double': 1, 's-sofa': 1}]",[],"[{'id': 267569, 'capacity': 1, 'prepayment': 'FULL', 'nonrefundable': 1, 'cancellation_period': 0, 'cancellation_fee': 'FIRST', 'breakfast': 0, 'base_price': 6100, 'prices': [6100], 'price': 6100, 'old_price': 6100, 'currency': 'RUB', 'payment_amount': 6100, 'extras_variants': [], 'extras': [], 'rate_id': 992, 'deals': [], 'cancellation_type': 'nonrefundable', 'credit_card': 1, 'bonus': 305, 'miles': 366, 'min_stay': 1, 'platichastyami': 0, 'mircashback': 610}, {'id': 267570, 'capacity': 2, 'prepayment': 'FULL', 'nonrefundable': 1, 'cancellation_period': 0, 'cancellation_fee': 'FIRST', 'breakfast': 0, 'base_price': 6200, 'prices': [6200], 'price': 6200, 'old_price': 6200, 'currency': 'RUB', 'payment_amount': 6200, 'extras_variants': [], 'extras': [], 'rate_id': 992, 'deals': [], 'cancellation_type': 'nonrefundable', 'credit_card': 1, 'bonus': 310, 'miles': 372, 'min_stay': 1, 'platichastyami': 0, 'mircashback': 620}, {'id': 759685, 'capacity': 3, 'prepayment': 'FULL', 'nonrefundable': 1, 'cancellation_period': 0, 'cancellation_fee': 'FIRST', 'breakfast': 0, 'base_price': 6300, 'prices': [6300], 'price': 6300, 'old_price': 6300, 'currency': 'RUB', 'payment_amount': 6300, 'extras_variants': [], 'extras': [], 'rate_id': 992, 'deals': [], 'cancellation_type': 'nonrefundable', 'credit_card': 1, 'bonus': 315, 'miles': 378, 'min_stay': 1, 'platichastyami': 0, 'mircashback': 630}]",6100.0,366,1970_101hotels,2026-08-26
2265481,,Эконом,6,0,0,1,Шестиместный,36,1,[{'single': 6}],[],"[{'id': 724819, 'capacity': 1, 'prepayment': 'FULL', 'nonrefundable': 1, 'cancellation_period': 0, 'cancellation_fee': 'FIRST', 'breakfast': 0, 'base_price': 6100, 'prices': [6100], 'price': 6100, 'old_price': 6100, 'currency': 'RUB', 'payment_amount': 6100, 'extras_variants': [], 'extras': [], 'rate_id': 992, 'deals': [], 'cancellation_type': 'nonrefundable', 'credit_card': 1, 'bonus': 305, 'miles': 366, 'min_stay': 1, 'platichastyami': 0, 'mircashback': 610}, {'id': 724820, 'capacity': 2, 'prepayment': 'FULL', 'nonrefundable': 1, 'cancellation_period': 0, 'cancellation_fee': 'FIRST', 'breakfast': 0, 'base_price': 6200, 'prices': [6200], 'price': 6200, 'old_price': 6200, 'currency': 'RUB', 'payment_amount': 6200, 'extras_variants': [], 'extras': [], 'rate_id': 992, 'deals': [], 'cancellation_type': 'nonrefundable', 'credit_card': 1, 'bonus': 310, 'miles': 372, 'min_stay': 1, 'platichastyami': 0, 'mircashback': 620}, {'id': 724821, 'capacity': 3, 'prepayment': 'FULL', 'nonrefundable': 1, 'cancellation_period': 0, 'cancellation_fee': 'FIRST', 'breakfast': 0, 'base_price': 6300, 'prices': [6300], 'price': 6300, 'old_price': 6300, 'currency': 'RUB', 'payment_amount': 6300, 'extras_variants': [], 'extras': [], 'rate_id': 992, 'deals': [], 'cancellation_type': 'nonrefundable', 'credit_card': 1, 'bonus': 315, 'miles': 378, 'min_stay': 1, 'platichastyami': 0, 'mircashback': 630}, {'id': 724822, 'capacity': 4, 'prepayment': 'FULL', 'nonrefundable': 1, 'cancellation_period': 0, 'cancellation_fee': 'FIRST', 'breakfast': 0, 'base_price': 6400, 'prices': [6400], 'price': 6400, 'old_price': 6400, 'currency': 'RUB', 'payment_amount': 6400, 'extras_variants': [], 'extras': [], 'rate_id': 992, 'deals': [], 'cancellation_type': 'nonrefundable', 'credit_card': 1, 'bonus': 320, 'miles': 384, 'min_stay': 1, 'platichastyami': 0, 'mircashback': 640}, {'id': 724823, 'capacity': 5, 'prepayment': 'FULL', 'nonrefundable': 1, 'cancellation_period': 0, 'cancellation_fee': 'FIRST', 'breakfast': 0, 'base_price': 6500, 'prices': [6500], 'price': 6500, 'old_price': 6500, 'currency': 'RUB', 'payment_amount': 6500, 'extras_variants': [], 'extras': [], 'rate_id': 992, 'deals': [], 'cancellation_type': 'nonrefundable', 'credit_card': 1, 'bonus': 325, 'miles': 390, 'min_stay': 1, 'platichastyami': 0, 'mircashback': 650}, {'id': 724824, 'capacity': 6, 'prepayment': 'FULL', 'nonrefundable': 1, 'cancellation_period': 0, 'cancellation_fee': 'FIRST', 'breakfast': 0, 'base_price': 6600, 'prices': [6600], 'price': 6600, 'old_price': 6600, 'currency': 'RUB', 'payment_amount': 6600, 'extras_variants': [], 'extras': [], 'rate_id': 992, 'deals': [], 'cancellation_type': 'nonrefundable', 'credit_card': 1, 'bonus': 330, 'miles': 396, 'min_stay': 1, 'platichastyami': 0, 'mircashback': 660}]",6100.0,366,1970_101hotels,2026-08-26
59806,,Стандарт Twin,2,1,0,1,Двухместный,2,2,[{'single': 2}],[],"[{'id': 493645, 'capacity': 1, 'prepayment': 'FIRST', 'nonrefundable': 0, 'cancellation_period': 1, 'cancellation_fee': 'FIRST', 'breakfast': 1, 'base_price': 7500, 'prices': [7500], 'price': 7500, 'old_price': 7500, 'currency': 'RUB', 'payment_amount': 7500, 'extras_variants': [], 'extras': [], 'rate_id': 13902, 'deals': [], 'cancellation_type': 'special', 'credit_card': 1, 'bonus': 375, 'miles': 450, 'min_stay': 1, 'platichastyami': 0, 'mircashback': 750}, {'id': 493646, 'capacity': 2, 'prepayment': 'FIRST', 'nonrefundable': 0, 'cancellation_period': 1, 'cancellation_fee': 'FIRST', 'breakfast': 1, 'base_price': 7500, 'prices': [7500], 'price': 7500, 'old_price': 7500, 'currency': 'RUB', 'payment_amount': 7500, 'extras_variants': [], 'extras': [], 'rate_id': 13902, 'deals': [], 'cancellation_type': 'special', 'credit_card': 1, 'bonus': 375, 'miles': 450, 'min_stay': 1, 'platichastyami': 0, 'mircashback': 750}]",7500.0,450,4397_101hotels,2026-08-26
863420,,Джуниор Сюит мансарда,2,1,0,1,Студио,5,1,[{'double': 1}],[],"[{'id': 493657, 'capacity': 1, 'prepayment': 'FIRST', 'nonrefundable': 0, 'cancellation_period': 1, 'cancellation_fee': 'FIRST', 'breakfast': 1, 'base_price': 9000, 'prices': [9000], 'price': 9000, 'old_price': 9000, 'currency': 'RUB', 'payment_amount': 9000, 'extras_variants': [], 'extras': [], 'rate_id': 13902, 'deals': [], 'cancellation_type': 'special', 'credit_card': 1, 'bonus': 450, 'miles': 540, 'min_stay': 1, 'platichastyami': 0, 'mircashback': 900}, {'id': 493658, 'capacity': 2, 'prepayment': 'FIRST', 'nonrefundable': 0, 'cancellation_period': 1, 'cancellation_fee': 'FIRST', 'breakfast': 1, 'base_price': 9000, 'prices': [9000], 'price': 9000, 'old_price': 9000, 'currency': 'RUB', 'payment_amount': 9000, 'extras_variants': [], 'extras': [], 'rate_id': 13902, 'deals': [], 'cancellation_type': 'special', 'credit_card': 1, 'bonus': 450, 'miles': 540, 'min_stay': 1, 'platichastyami': 0, 'mircashback': 900}]",9000.0,540,4397_101hotels,2026-08-26
863421,,Стандарт Twin мансарда,2,0,0,1,Двухместный,2,1,[{'single': 2}],[],"[{'id': 493647, 'capacity': 1, 'prepayment': 'FIRST', 'nonrefundable': 0, 'cancellation_period': 1, 'cancellation_fee': 'FIRST', 'breakfast': 1, 'base_price': 7000, 'prices': [7000], 'price': 7000, 'old_price': 7000, 'currency': 'RUB', 'payment_amount': 7000, 'extras_variants': [], 'extras': [], 'rate_id': 13902, 'deals': [], 'cancellation_type': 'special', 'credit_card': 1, 'bonus': 350, 'miles': 420, 'min_stay': 1, 'platichastyami': 0, 'mircashback': 700}, {'id': 493648, 'capacity': 2, 'prepayment': 'FIRST', 'nonrefundable': 0, 'cancellation_period': 1, 'cancellation_fee': 'FIRST', 'breakfast': 1, 'base_price': 7000, 'prices': [7000], 'price': 7000, 'old_price': 7000, 'currency': 'RUB', 'payment_amount': 7000, 'extras_variants': [], 'extras': [], 'rate_id': 13902, 'deals': [], 'cancellation_type': 'special', 'credit_card': 1, 'bonus': 350, 'miles': 420, 'min_stay': 1, 'platichastyami': 0, 'mircashback': 700}]",7000.0,420,4397_101hotels,2026-08-26
47335,,"II категории, Улучшенный",1,0,0,1,Одноместный,1,5,[{'single': 1}],[],"[{'id': 613984, 'capacity': 1, 'prepayment': 'NO', 'nonrefundable': 0, 'cancellation_period': 0, 'cancellation_fee': 'NO', 'breakfast': 0, 'base_price': 3200, 'prices': [3200], 'price': 3200, 'old_price': 3200, 'currency': 'RUB', 'payment_amount': 0, 'extras_variants': [], 'extras': [], 'rate_id': 18378, 'deals': [], 'cancellation_type': 'free', 'credit_card': 0, 'bonus': 160, 'miles': 192, 'min_stay': 1, 'platichastyami': 0, 'mircashback': 320}, {'id': '613984P', 'capacity': 1, 'prepayment': 'FULL', 'nonrefundable': 0, 'cancellation_period': 0, 'cancellation_fee': 'NO', 'breakfast': 0, 'base_price': 3200, 'prices': [3200], 'price': 3200, 'old_price': 3200, 'currency': 'RUB', 'payment_amount': 3200, 'extras_variants': [], 'extras': [], 'rate_id': 18378, 'deals': [], 'cancellation_type': 'free', 'credit_card': 0, 'bonus': 160, 'miles': 192, 'min_stay': 1, 'platichastyami': 0, 'mircashback': 320}]",3200.0,192,9536_101hotels,2026-08-26
47336,,"II категории, Улучшенный",2,0,0,1,Двухместный,2,6,[{'single': 2}],[],"[{'id': 613985, 'capacity': 1, 'prepayment': 'NO', 'nonrefundable': 0, 'cancellation_period': 0, 'cancellation_fee': 'NO', 'breakfast': 0, 'base_price': 4500, 'prices': [4500], 'price': 4500, 'old_price': 4500, 'currency': 'RUB', 'payment_amount': 0, 'extras_variants': [], 'extras': [], 'rate_id': 18378, 'deals': [], 'cancellation_type': 'free', 'credit_card': 0, 'bonus': 225, 'miles': 270, 'min_stay': 1, 'platichastyami': 0, 'mircashback': 450}, {'id': 613986, 'capacity': 2, 'prepayment': 'NO', 'nonrefundable': 0, 'cancellation_period': 0, 'cancellation_fee': 'NO', 'breakfast': 0, 'base_price': 4500, 'prices': [4500], 'price': 4500, 'old_price': 4500, 'currency': 'RUB', 'payment_amount': 0, 'extras_variants': [], 'extras': [], 'rate_id': 18378, 'deals': [], 'cancellation_type': 'free', 'credit_card': 0, 'bonus': 225, 'miles': 270, 'min_stay': 1, 'platichastyami': 0, 'mircashback': 450}, {'id': '613985P', 'capacity': 1, 'prepayment': 'FULL', 'nonrefundable': 0, 'cancellation_period': 0, 'cancellation_fee': 'NO', 'breakfast': 0, 'base_price': 4500, 'prices': [4500], 'price': 4500, 'old_price': 4500, 'currency': 'RUB', 'payment_amount': 4500, 'extras_variants': [], 'extras': [], 'rate_id': 18378, 'deals': [], 'cancellation_type': 'free', 'credit_card': 0, 'bonus': 225, 'miles': 270, 'min_stay': 1, 'platichastyami': 0, 'mircashback': 450}, {'id': '613986P', 'capacity': 2, 'prepayment': 'FULL', 'nonrefundable': 0, 'cancellation_period': 0, 'cancellation_fee': 'NO', 'breakfast': 0, 'base_price': 4500, 'prices': [4500], 'price': 4500, 'old_price': 4500, 'currency': 'RUB', 'payment_amount': 4500, 'extras_variants': [], 'extras': [], 'rate_id': 18378, 'deals': [], 'cancellation_type': 'free', 'credit_card': 0, 'bonus': 225, 'miles': 270, 'min_stay': 1, 'platichastyami': 0, 'mircashback': 450}]",4500.0,270,9536_101hotels,2026-08-26
1607837,,"I категории, Комфорт",2,1,0,1,Двухместный,2,5,"[{'double': 1, 'sofa': 1}]",[],"[{'id': 613987, 'capacity': 1, 'prepayment': 'NO', 'nonrefundable': 0, 'cancellation_period': 0, 'cancellation_fee': 'NO', 'breakfast': 0, 'base_price': 6000, 'prices': [6000], 'price': 6000, 'old_price': 6000, 'currency': 'RUB', 'payment_amount': 0, 'extras_variants': [], 'extras': [], 'rate_id': 18378, 'deals': [], 'cancellation_type': 'free', 'credit_card': 0, 'bonus': 300, 'miles': 360, 'min_stay': 1, 'platichastyami': 0, 'mircashback': 600}, {'id': 613988, 'capacity': 2, 'prepayment': 'NO', 'nonrefundable': 0, 'cancellation_period': 0, 'cancellation_fee': 'NO', 'breakfast': 0, 'base_price': 6000, 'prices': [6000], 'price': 6000, 'old_price': 6000, 'currency': 'RUB', 'payment_amount': 0, 'extras_variants': [], 'extras': [], 'rate_id': 18378, 'deals': [], 'cancellation_type': 'free', 'credit_card': 0, 'bonus': 300, 'miles': 360, 'min_stay': 1, 'platichastyami': 0, 'mircashback': 600}, {'id': '613987P', 'capacity': 1, 'prepayment': 'FULL', 'nonrefundable': 0, 'cancellation_period': 0, 'cancellation_fee': 'NO', 'breakfast': 0, 'base_price': 6000, 'prices': [6000], 'price': 6000, 'old_price': 6000, 'currency': 'RUB', 'payment_amount': 6000, 'extras_variants': [], 'extras': [], 'rate_id': 18378, 'deals': [], 'cancellation_type': 'free', 'credit_card': 0, 'bonus': 300, 'miles': 360, 'min_stay': 1, 'platichastyami': 0, 'mircashback': 600}, {'id': '613988P', 'capacity': 2, 'prepayment': 'FULL', 'nonrefundable': 0, 'cancellation_period': 0, 'cancellation_fee': 'NO', 'breakfast': 0, 'base_price': 6000, 'prices': [6000], 'price': 6000, 'old_price': 6000, 'currency': 'RUB', 'payment_amount': 6000, 'extras_variants': [], 'extras': [], 'rate_id': 18378, 'deals': [], 'cancellation_type': 'free', 'credit_card': 0, 'bonus': 300, 'miles': 360, 'min_stay': 1, 'platichastyami': 0, 'mircashback': 600}]",6000.0,360,9536_101hotels,2026-08-26
1336522,,Стандарт с 1-спальной кроватью,1,0,0,1,Одноместный,1,5,[{'single': 1}],[],"[{'id': 379016, 'capacity': 1, 'prepayment': 'FULL', 'nonrefundable': 0, 'cancellation_period': 5, 'cancellation_fee': 'FIRST', 'breakfast': 0, 'base_price': 3800, 'prices': [3800], 'price': 3800, 'old_price': 3800, 'currency': 'RUB', 'payment_amount': 3800, 'extras_variants': [], 'extras': [], 'rate_id': 6294, 'deals': [], 'cancellation_type': 'special', 'credit_card': 1, 'bonus': 190, 'miles': 228, 'min_stay': 1, 'platichastyami': 0, 'mircashback': 380}, {'id': 379914, 'capacity': 1, 'prepayment': 'FULL', 'nonrefundable': 0, 'cancellation_period': 5, 'cancellation_fee': 'FIRST', 'breakfast': 1, 'base_price': 5000, 'prices': [5000], 'price': 5000, 'old_price': 5000, 'currency': 'RUB', 'payment_amount': 5000, 'extras_variants': [], 'extras': [], 'rate_id': 6325, 'deals': [], 'cancellation_type': 'special', 'credit_card': 1, 'bonus': 250, 'miles': 300, 'min_stay': 1, 'platichastyami': 0, 'mircashback': 500}]",3800.0,228,421726_101hotels,2026-08-26
1478819,,Стандартный номер с 2-спальной  кроватью,2,0,0,1,Двухместный,2,2,[{'double': 1}],[],"[{'id': 379020, 'capacity': 1, 'prepayment': 'FULL', 'nonrefundable': 0, 'cancellation_period': 5, 'cancellation_fee': 'FIRST', 'breakfast': 0, 'base_price': 4500, 'prices': [4500], 'price': 4500, 'old_price': 4500, 'currency': 'RUB', 'payment_amount': 4500, 'extras_variants': [], 'extras': [], 'rate_id': 6294, 'deals': [], 'cancellation_type': 'special', 'credit_card': 1, 'bonus': 225, 'miles': 270, 'min_stay': 1, 'platichastyami': 0, 'mircashback': 450}, {'id': 379918, 'capacity': 1, 'prepayment': 'FULL', 'nonrefundable': 0, 'cancellation_period': 5, 'cancellation_fee': 'FIRST', 'breakfast': 1, 'base_price': 6000, 'prices': [6000], 'price': 6000, 'old_price': 6000, 'currency': 'RUB', 'payment_amount': 6000, 'extras_variants': [], 'extras': [], 'rate_id': 6325, 'deals': [], 'cancellation_type': 'special', 'credit_card': 1, 'bonus': 300, 'miles': 360, 'min_stay': 1, 'platichastyami': 0, 'mircashback': 600}, {'id': 379021, 'capacity': 2, 'prepayment': 'FULL', 'nonrefundable': 0, 'cancellation_period': 5, 'cancellation_fee': 'FIRST', 'breakfast': 0, 'base_price': 5000, 'prices': [5000], 'price': 5000, 'old_price': 5000, 'currency': 'RUB', 'payment_amount': 5000, 'extras_variants': [], 'extras': [], 'rate_id': 6294, 'deals': [], 'cancellation_type': 'special', 'credit_card': 1, 'bonus': 250, 'miles': 300, 'min_stay': 1, 'platichastyami': 0, 'mircashback': 500}, {'id': 379919, 'capacity': 2, 'prepayment': 'FULL', 'nonrefundable': 0, 'cancellation_period': 5, 'cancellation_fee': 'FIRST', 'breakfast': 1, 'base_price': 6700, 'prices': [6700], 'price': 6700, 'old_price': 6700, 'currency': 'RUB', 'payment_amount': 6700, 'extras_variants': [], 'extras': [], 'rate_id': 6325, 'deals': [], 'cancellation_type': 'special', 'credit_card': 1, 'bonus': 335, 'miles': 402, 'min_stay': 1, 'platichastyami': 0, 'mircashback': 670}]",4500.0,270,421726_101hotels,2026-08-26
1615672,,"Стандартный номер с  2-спальной кроватью, улучшенный",1,1,0,1,Двухместный,2,1,[{'double': 1}],[],"[{'id': 379022, 'capacity': 1, 'prepayment': 'FULL', 'nonrefundable': 0, 'cancellation_period': 5, 'cancellation_fee': 'FIRST', 'breakfast': 0, 'base_price': 5000, 'prices': [5000], 'price': 5000, 'old_price': 5000, 'currency': 'RUB', 'payment_amount': 5000, 'extras_variants': [], 'extras': [], 'rate_id': 6294, 'deals': [], 'cancellation_type': 'special', 'credit_card': 1, 'bonus': 250, 'miles': 300, 'min_stay': 1, 'platichastyami': 0, 'mircashback': 500}, {'id': 379920, 'capacity': 1, 'prepayment': 'FULL', 'nonrefundable': 0, 'cancellation_period': 5, 'cancellation_fee': 'FIRST', 'breakfast': 1, 'base_price': 6200, 'prices': [6200], 'price': 6200, 'old_price': 6200, 'currency': 'RUB', 'payment_amount': 6200, 'extras_variants': [], 'extras': [], 'rate_id': 6325, 'deals': [], 'cancellation_type': 'special', 'credit_card': 1, 'bonus': 310, 'miles': 372, 'min_stay': 1, 'platichastyami': 0, 'mircashback': 620}]",5000.0,300,421726_101hotels,2026-08-26
2297061,,"Стандарт с 1,5 спальной кроватью",1,0,0,1,Одноместный,1,1,[{'single': 1}],[],"[{'id': 1016613, 'capacity': 1, 'prepayment': 'FULL', 'nonrefundable': 0, 'cancellation_period': 5, 'cancellation_fee': 'FIRST', 'breakfast': 0, 'base_price': 4000, 'prices': [4000], 'price': 4000, 'old_price': 4000, 'currency': 'RUB', 'payment_amount': 4000, 'extras_variants': [], 'extras': [], 'rate_id': 6294, 'deals': [], 'cancellation_type': 'special', 'credit_card': 1, 'bonus': 200, 'miles': 240, 'min_stay': 1, 'platichastyami': 0, 'mircashback': 400}, {'id': 1016614, 'capacity': 1, 'prepayment': 'FULL', 'nonrefundable': 0, 'cancellation_period': 5, 'cancellation_fee': 'FIRST', 'breakfast': 1, 'base_price': 5500, 'prices': [5500], 'price': 5500, 'old_price': 5500, 'currency': 'RUB', 'payment_amount': 5500, 'extras_variants': [], 'extras': [], 'rate_id': 6325, 'deals': [], 'cancellation_type': 'special', 'credit_card': 1, 'bonus': 275, 'miles': 330, 'min_stay': 1, 'platichastyami': 0, 'mircashback': 550}]",4000.0,240,421726_101hotels,2026-08-26
1787593,,Сибирская классика,4,1,0,1,Апартаменты,14,1,"[{'double': 2, 'sofa': 1}]","[{'id': '51204', 'number': '2', 'min_age': '0', 'max_age': '7', 'is_extra_bed': '0', 'extra_bed_type_id': '0'}]","[{'id': 495016, 'capacity': 1, 'prepayment': 'FIRST', 'nonrefundable': 0, 'cancellation_period': 2, 'cancellation_fee': 'FIRST', 'breakfast': 0, 'base_price': 5250, 'prices': [5250], 'price': 4462.5, 'old_price': 5250, 'currency': 'RUB', 'payment_amount': 5250, 'extras_variants': [], 'extras': {'51204': {'id': 51204, 'number': 2, 'extra_bed_type_id': 0, 'age': [0, 7], 'extra_bed': 0, 'free': 1}}, 'rate_id': 14002, 'deals': ['LAST_MINUTE'], 'cancellation_type': 'special', 'credit_card': 1, 'bonus': 223, 'miles': 267, 'min_stay': 1, 'platichastyami': 0, 'mircashback': 446}, {'id': 495017, 'capacity': 2, 'prepayment': 'FIRST', 'nonrefundable': 0, 'cancellation_period': 2, 'cancellation_fee': 'FIRST', 'breakfast': 0, 'base_price': 5250, 'prices': [5250], 'price': 4462.5, 'old_price': 5250, 'currency': 'RUB', 'payment_amount': 5250, 'extras_variants': [], 'extras': {'51204': {'id': 51204, 'number': 2, 'extra_bed_type_id': 0, 'age': [0, 7], 'extra_bed': 0, 'free': 1}}, 'rate_id': 14002, 'deals': ['LAST_MINUTE'], 'cancellation_type': 'special', 'credit_card': 1, 'bonus': 223, 'miles': 267, 'min_stay': 1, 'platichastyami': 0, 'mircashback': 446}, {'id': 495018, 'capacity': 3, 'prepayment': 'FIRST', 'nonrefundable': 0, 'cancellation_period': 2, 'cancellation_fee': 'FIRST', 'breakfast': 0, 'base_price': 5250, 'prices': [5250], 'price': 4462.5, 'old_price': 5250, 'currency': 'RUB', 'payment_amount': 5250, 'extras_variants': [], 'extras': {'51204': {'id': 51204, 'number': 2, 'extra_bed_type_id': 0, 'age': [0, 7], 'extra_bed': 0, 'free': 1}}, 'rate_id': 14002, 'deals': ['LAST_MINUTE'], 'cancellation_type': 'special', 'credit_card': 1, 'bonus': 223, 'miles': 267, 'min_stay': 1, 'platichastyami': 0, 'mircashback': 446}, {'id': 495019, 'capacity': 4, 'prepayment': 'FIRST', 'nonrefundable': 0, 'cancellation_period': 2, 'cancellation_fee': 'FIRST', 'breakfast': 0, 'base_price': 5250, 'prices': [5250], 'price': 4462.5, 'old_price': 5250, 'currency': 'RUB', 'payment_amount': 5250, 'extras_variants': [], 'extras': {'51204': {'id': 51204, 'number': 2, 'extra_bed_type_id': 0, 'age': [0, 7], 'extra_bed': 0, 'free': 1}}, 'rate_id': 14002, 'deals': ['LAST_MINUTE'], 'cancellation_type': 'special', 'credit_card': 1, 'bonus': 223, 'miles': 267, 'min_stay': 1, 'platichastyami': 0, 'mircashback': 446}]",4462.5,267,481664_101hotels,2026-08-26
2220546,,,2,1,0,1,Люкс,6,1,[{'double': 1}],[],"[{'id': 321843, 'capacity': 1, 'prepayment': 'NO', 'nonrefundable': 0, 'cancellation_period': 0, 'cancellation_fee': 'NO', 'breakfast': 1, 'base_price': 33150, 'prices': [33150], 'price': 33150, 'old_price': 33150, 'currency': 'RUB', 'payment_amount': 0, 'extras_variants': [], 'extras': [], 'rate_id': 3347, 'deals': [], 'cancellation_type': 'free', 'credit_card': 0, 'bonus': 1658, 'miles': 1989, 'min_stay': 1, 'platichastyami': 0, 'mircashback': 3315}, {'id': 321844, 'capacity': 2, 'prepayment': 'NO', 'nonrefundable': 0, 'cancellation_period': 0, 'cancellation_fee': 'NO', 'breakfast': 1, 'base_price': 36530, 'prices': [36530], 'price': 36530, 'old_price': 36530, 'currency': 'RUB', 'payment_amount': 0, 'extras_variants': [], 'extras': [], 'rate_id': 3347, 'deals': [], 'cancellation_type': 'free', 'credit_card': 0, 'bonus': 1827, 'miles': 2190, 'min_stay': 1, 'platichastyami': 0, 'mircashback': 3653}]",33150.0,1989,510842_101hotels,2026-08-26
2220555,,Амурский люкс,4,1,0,1,Семейный,44,1,"[{'single': 2, 'double': 1}, {'double': 2}]",[],"[{'id': 321849, 'capacity': 1, 'prepayment': 'NO', 'nonrefundable': 0, 'cancellation_period': 0, 'cancellation_fee': 'NO', 'breakfast': 1, 'base_price': 52390, 'prices': [52390], 'price': 52390, 'old_price': 52390, 'currency': 'RUB', 'payment_amount': 0, 'extras_variants': [], 'extras': [], 'rate_id': 3347, 'deals': [], 'cancellation_type': 'free', 'credit_card': 0, 'bonus': 2620, 'miles': 3141, 'min_stay': 1, 'platichastyami': 0, 'mircashback': 5239}, {'id': 321850, 'capacity': 2, 'prepayment': 'NO', 'nonrefundable': 0, 'cancellation_period': 0, 'cancellation_fee': 'NO', 'breakfast': 1, 'base_price': 54990, 'prices': [54990], 'price': 54990, 'old_price': 54990, 'currency': 'RUB', 'payment_amount': 0, 'extras_variants': [], 'extras': [], 'rate_id': 3347, 'deals': [], 'cancellation_type': 'free', 'credit_card': 0, 'bonus': 2750, 'miles': 3297, 'min_stay': 1, 'platichastyami': 0, 'mircashback': 5499}, {'id': 321851, 'capacity': 3, 'prepayment': 'NO', 'nonrefundable': 0, 'cancellation_period': 0, 'cancellation_fee': 'NO', 'breakfast': 1, 'base_price': 57590, 'prices': [57590], 'price': 57590, 'old_price': 57590, 'currency': 'RUB', 'payment_amount': 0, 'extras_variants': [], 'extras': [], 'rate_id': 3347, 'deals': [], 'cancellation_type': 'free', 'credit_card': 0, 'bonus': 2880, 'miles': 3453, 'min_stay': 1, 'platichastyami': 0, 'mircashback': 5759}, {'id': 321852, 'capacity': 4, 'prepayment': 'NO', 'nonrefundable': 0, 'cancellation_period': 0, 'cancellation_fee': 'NO', 'breakfast': 1, 'base_price': 60190, 'prices': [60190], 'price': 60190, 'old_price': 60190, 'currency': 'RUB', 'payment_amount': 0, 'extras_variants': [], 'extras': [], 'rate_id': 3347, 'deals': [], 'cancellation_type': 'free', 'credit_card': 0, 'bonus': 3010, 'miles': 3609, 'min_stay': 1, 'platichastyami': 0, 'mircashback': 6019}]",52390.0,3141,510842_101hotels,2026-08-26
74046,,Эконом,1,0,0,0,Двухместный,2,2,[{'double': 1}],[],"[{'id': 1174153, 'capacity': 1, 'prepayment': 'NO', 'nonrefundable': 0, 'cancellation_period': 0, 'cancellation_fee': 'NO', 'breakfast': 0, 'base_price': 3900, 'prices': [3900], 'price': 3900, 'old_price': 3900, 'currency': 'RUB', 'payment_amount': 0, 'extras_variants': [], 'extras': [], 'rate_id': 59818, 'deals': [], 'cancellation_type': 'free', 'credit_card': 0, 'bonus': 195, 'miles': 234, 'min_stay': 1, 'platichastyami': 0, 'mircashback': 390}, {'id': '1174153P', 'capacity': 1, 'prepayment': 'FULL', 'nonrefundable': 0, 'cancellation_period': 0, 'cancellation_fee': 'NO', 'breakfast': 0, 'base_price': 3900, 'prices': [3900], 'price': 3900, 'old_price': 3900, 'currency': 'RUB', 'payment_amount': 3900, 'extras_variants': [], 'extras': [], 'rate_id': 59818, 'deals': [], 'cancellation_type': 'free', 'credit_card': 0, 'bonus': 195, 'miles': 234, 'min_stay': 1, 'platichastyami': 0, 'mircashback': 390}]",3900.0,234,14081_101hotels,2026-08-26
74048,,Эконом,3,0,1,0,Трехместный,37,5,[{'single': 1}],[],"[{'id': 1174154, 'capacity': 1, 'prepayment': 'NO', 'nonrefundable': 0, 'cancellation_period': 0, 'cancellation_fee': 'NO', 'breakfast': 0, 'base_price': 2600, 'prices': [2600], 'price': 2600, 'old_price': 2600, 'currency': 'RUB', 'payment_amount': 0, 'extras_variants': [], 'extras': [], 'rate_id': 59818, 'deals': [], 'cancellation_type': 'free', 'credit_card': 0, 'bonus': 130, 'miles': 156, 'min_stay': 1, 'platichastyami': 0, 'mircashback': 260}, {'id': '1174154P', 'capacity': 1, 'prepayment': 'FULL', 'nonrefundable': 0, 'cancellation_period': 0, 'cancellation_fee': 'NO', 'breakfast': 0, 'base_price': 2600, 'prices': [2600], 'price': 2600, 'old_price': 2600, 'currency': 'RUB', 'payment_amount': 2600, 'extras_variants': [], 'extras': [], 'rate_id': 59818, 'deals': [], 'cancellation_type': 'free', 'credit_card': 0, 'bonus': 130, 'miles': 156, 'min_stay': 1, 'platichastyami': 0, 'mircashback': 260}]",2600.0,156,14081_101hotels,2026-08-26
603292,,СТАНДАРТ,1,0,0,1,Одноместный,1,1,[{'single': 1}],[],"[{'id': 1174150, 'capacity': 1, 'prepayment': 'NO', 'nonrefundable': 0, 'cancellation_period': 0, 'cancellation_fee': 'NO', 'breakfast': 0, 'base_price': 5200, 'prices': [5200], 'price': 5200, 'old_price': 5200, 'currency': 'RUB', 'payment_amount': 0, 'extras_variants': [], 'extras': [], 'rate_id': 59818, 'deals': [], 'cancellation_type': 'free', 'credit_card': 0, 'bonus': 260, 'miles': 312, 'min_stay': 1, 'platichastyami': 0, 'mircashback': 520}, {'id': '1174150P', 'capacity': 1, 'prepayment': 'FULL', 'nonrefundable': 0, 'cancellation_period': 0, 'cancellation_fee': 'NO', 'breakfast': 0, 'base_price': 5200, 'prices': [5200], 'price': 5200, 'old_price': 5200, 'currency': 'RUB', 'payment_amount': 5200, 'extras_variants': [], 'extras': [], 'rate_id': 59818, 'deals': [], 'cancellation_type': 'free', 'credit_card': 0, 'bonus': 260, 'miles': 312, 'min_stay': 1, 'platichastyami': 0, 'mircashback': 520}]",5200.0,312,14081_101hotels,2026-08-26
603293,,Стандарт с двумя кроватями,2,0,0,1,Одноместный,1,1,[{'single': 2}],[],"[{'id': 1174151, 'capacity': 1, 'prepayment': 'NO', 'nonrefundable': 0, 'cancellation_period': 0, 'cancellation_fee': 'NO', 'breakfast': 0, 'base_price': 5200, 'prices': [5200], 'price': 5200, 'old_price': 5200, 'currency': 'RUB', 'payment_amount': 0, 'extras_variants': [], 'extras': [], 'rate_id': 59818, 'deals': [], 'cancellation_type': 'free', 'credit_card': 0, 'bonus': 260, 'miles': 312, 'min_stay': 1, 'platichastyami': 0, 'mircashback': 520}, {'id': 1174152, 'capacity': 2, 'prepayment': 'NO', 'nonrefundable': 0, 'cancellation_period': 0, 'cancellation_fee': 'NO', 'breakfast': 0, 'base_price': 5200, 'prices': [5200], 'price': 5200, 'old_price': 5200, 'currency': 'RUB', 'payment_amount': 0, 'extras_variants': [], 'extras': [], 'rate_id': 59818, 'deals': [], 'cancellation_type': 'free', 'credit_card': 0, 'bonus': 260, 'miles': 312, 'min_stay': 1, 'platichastyami': 0, 'mircashback': 520}, {'id': '1174151P', 'capacity': 1, 'prepayment': 'FULL', 'nonrefundable': 0, 'cancellation_period': 0, 'cancellation_fee': 'NO', 'breakfast': 0, 'base_price': 5200, 'prices': [5200], 'price': 5200, 'old_price': 5200, 'currency': 'RUB', 'payment_amount': 5200, 'extras_variants': [], 'extras': [], 'rate_id': 59818, 'deals': [], 'cancellation_type': 'free', 'credit_card': 0, 'bonus': 260, 'miles': 312, 'min_stay': 1, 'platichastyami': 0, 'mircashback': 520}, {'id': '1174152P', 'capacity': 2, 'prepayment': 'FULL', 'nonrefundable': 0, 'cancellation_period': 0, 'cancellation_fee': 'NO', 'breakfast': 0, 'base_price': 5200, 'prices': [5200], 'price': 5200, 'old_price': 5200, 'currency': 'RUB', 'payment_amount': 5200, 'extras_variants': [], 'extras': [], 'rate_id': 59818, 'deals': [], 'cancellation_type': 'free', 'credit_card': 0, 'bonus': 260, 'miles': 312, 'min_stay': 1, 'platichastyami': 0, 'mircashback': 520}]",5200.0,312,14081_101hotels,2026-08-26
2260915,,Люкс,2,1,0,1,Двухместный,2,4,[{'double': 1}],[],"[{'id': 697771, 'capacity': 1, 'prepayment': 'FULL', 'nonrefundable': 0, 'cancellation_period': 0, 'cancellation_fee': 'NO', 'breakfast': 0, 'base_price': 5200, 'prices': [5200], 'price': 5200, 'old_price': 5200, 'currency': 'RUB', 'payment_amount': 5200, 'extras_variants': [], 'extras': [], 'rate_id': 28245, 'deals': [], 'cancellation_type': 'free', 'credit_card': 1, 'bonus': 260, 'miles': 312, 'min_stay': 1, 'platichastyami': 0, 'mircashback': 520}, {'id': 697772, 'capacity': 2, 'prepayment': 'FULL', 'nonrefundable': 0, 'cancellation_period': 0, 'cancellation_fee': 'NO', 'breakfast': 0, 'base_price': 5200, 'prices': [5200], 'price': 5200, 'old_price': 5200, 'currency': 'RUB', 'payment_amount': 5200, 'extras_variants': [], 'extras': [], 'rate_id': 28245, 'deals': [], 'cancellation_type': 'free', 'credit_card': 1, 'bonus': 260, 'miles': 312, 'min_stay': 1, 'platichastyami': 0, 'mircashback': 520}]",5200.0,312,661097_101hotels,2026-08-26
2261333,,Трехместный,3,1,0,1,Люкс,6,4,"[{'single': 1, 'double': 1}]",[],"[{'id': 701587, 'capacity': 1, 'prepayment': 'FULL', 'nonrefundable': 0, 'cancellation_period': 0, 'cancellation_fee': 'NO', 'breakfast': 0, 'base_price': 8100, 'prices': [8100], 'price': 8100, 'old_price': 8100, 'currency': 'RUB', 'payment_amount': 8100, 'extras_variants': [], 'extras': [], 'rate_id': 28245, 'deals': [], 'cancellation_type': 'free', 'credit_card': 1, 'bonus': 405, 'miles': 486, 'min_stay': 1, 'platichastyami': 0, 'mircashback': 810}, {'id': 701588, 'capacity': 2, 'prepayment': 'FULL', 'nonrefundable': 0, 'cancellation_period': 0, 'cancellation_fee': 'NO', 'breakfast': 0, 'base_price': 8100, 'prices': [8100], 'price': 8100, 'old_price': 8100, 'currency': 'RUB', 'payment_amount': 8100, 'extras_variants': [], 'extras': [], 'rate_id': 28245, 'deals': [], 'cancellation_type': 'free', 'credit_card': 1, 'bonus': 405, 'miles': 486, 'min_stay': 1, 'platichastyami': 0, 'mircashback': 810}, {'id': 701589, 'capacity': 3, 'prepayment': 'FULL', 'nonrefundable': 0, 'cancellation_period': 0, 'cancellation_fee': 'NO', 'breakfast': 0, 'base_price': 8100, 'prices': [8100], 'price': 8100, 'old_price': 8100, 'currency': 'RUB', 'payment_amount': 8100, 'extras_variants': [], 'extras': [], 'rate_id': 28245, 'deals': [], 'cancellation_type': 'free', 'credit_card': 1, 'bonus': 405, 'miles': 486, 'min_stay': 1, 'platichastyami': 0, 'mircashback': 810}]",8100.0,486,661097_101hotels,2026-08-26
2261340,,Койка эконом,4,0,1,1,Четырехместный,34,23,[{'single': 1}],[],"[{'id': 701592, 'capacity': 1, 'prepayment': 'FULL', 'nonrefundable': 0, 'cancellation_period': 0, 'cancellation_fee': 'NO', 'breakfast': 0, 'base_price': 2900, 'prices': [2900], 'price': 2900, 'old_price': 2900, 'currency': 'RUB', 'payment_amount': 2900, 'extras_variants': [], 'extras': [], 'rate_id': 28245, 'deals': [], 'cancellation_type': 'free', 'credit_card': 1, 'bonus': 145, 'miles': 174, 'min_stay': 1, 'platichastyami': 0, 'mircashback': 290}]",2900.0,174,661097_101hotels,2026-08-26
2261345,,Четырехместный,4,1,0,1,Люкс,6,2,"[{'single': 2, 'double': 1}]",[],"[{'id': 701612, 'capacity': 1, 'prepayment': 'FULL', 'nonrefundable': 0, 'cancellation_period': 0, 'cancellation_fee': 'NO', 'breakfast': 0, 'base_price': 10400, 'prices': [10400], 'price': 10400, 'old_price': 10400, 'currency': 'RUB', 'payment_amount': 10400, 'extras_variants': [], 'extras': [], 'rate_id': 28245, 'deals': [], 'cancellation_type': 'free', 'credit_card': 1, 'bonus': 520, 'miles': 624, 'min_stay': 1, 'platichastyami': 0, 'mircashback': 1040}, {'id': 701613, 'capacity': 2, 'prepayment': 'FULL', 'nonrefundable': 0, 'cancellation_period': 0, 'cancellation_fee': 'NO', 'breakfast': 0, 'base_price': 10400, 'prices': [10400], 'price': 10400, 'old_price': 10400, 'currency': 'RUB', 'payment_amount': 10400, 'extras_variants': [], 'extras': [], 'rate_id': 28245, 'deals': [], 'cancellation_type': 'free', 'credit_card': 1, 'bonus': 520, 'miles': 624, 'min_stay': 1, 'platichastyami': 0, 'mircashback': 1040}, {'id': 701614, 'capacity': 3, 'prepayment': 'FULL', 'nonrefundable': 0, 'cancellation_period': 0, 'cancellation_fee': 'NO', 'breakfast': 0, 'base_price': 10400, 'prices': [10400], 'price': 10400, 'old_price': 10400, 'currency': 'RUB', 'payment_amount': 10400, 'extras_variants': [], 'extras': [], 'rate_id': 28245, 'deals': [], 'cancellation_type': 'free', 'credit_card': 1, 'bonus': 520, 'miles': 624, 'min_stay': 1, 'platichastyami': 0, 'mircashback': 1040}, {'id': 701615, 'capacity': 4, 'prepayment': 'FULL', 'nonrefundable': 0, 'cancellation_period': 0, 'cancellation_fee': 'NO', 'breakfast': 0, 'base_price': 10400, 'prices': [10400], 'price': 10400, 'old_price': 10400, 'currency': 'RUB', 'payment_amount': 10400, 'extras_variants': [], 'extras': [], 'rate_id': 28245, 'deals': [], 'cancellation_type': 'free', 'credit_card': 1, 'bonus': 520, 'miles': 624, 'min_stay': 1, 'platichastyami': 0, 'mircashback': 1040}]",10400.0,624,661097_101hotels,2026-08-26
74052,,Апартаменты - Люкс с гидромассажной ванной 304,2,0,0,1,Сюит,27,1,"[{'double': 1, 's-sofa': 1}]",[],"[{'id': 1232035, 'capacity': 1, 'prepayment': 'FULL', 'nonrefundable': 0, 'cancellation_period': 1, 'cancellation_fee': 'FIRST', 'breakfast': 0, 'base_price': 10165, 'prices': [10165], 'price': 9148.5, 'old_price': 10165, 'currency': 'RUB', 'payment_amount': 10165, 'extras_variants': [], 'extras': [], 'rate_id': 63506, 'deals': ['LAST_MINUTE'], 'cancellation_type': 'special', 'credit_card': 1, 'bonus': 457, 'miles': 546, 'min_stay': 1, 'platichastyami': 0, 'mircashback': 915}, {'id': 1232036, 'capacity': 2, 'prepayment': 'FULL', 'nonrefundable': 0, 'cancellation_period': 1, 'cancellation_fee': 'FIRST', 'breakfast': 0, 'base_price': 11770, 'prices': [11770], 'price': 10593, 'old_price': 11770, 'currency': 'RUB', 'payment_amount': 11770, 'extras_variants': [], 'extras': [], 'rate_id': 63506, 'deals': ['LAST_MINUTE'], 'cancellation_type': 'special', 'credit_card': 1, 'bonus': 530, 'miles': 633, 'min_stay': 1, 'platichastyami': 0, 'mircashback': 1059}]",9148.5,546,14082_101hotels,2026-08-26
74057,,Двухместные апартаменты с кухней 302,2,0,0,1,Двухместный,2,1,[{'double': 1}],[],"[{'id': 1232063, 'capacity': 1, 'prepayment': 'FULL', 'nonrefundable': 0, 'cancellation_period': 1, 'cancellation_fee': 'FIRST', 'breakfast': 0, 'base_price': 3210, 'prices': [3210], 'price': 2889, 'old_price': 3210, 'currency': 'RUB', 'payment_amount': 3210, 'extras_variants': [], 'extras': [], 'rate_id': 63506, 'deals': ['LAST_MINUTE'], 'cancellation_type': 'special', 'credit_card': 1, 'bonus': 144, 'miles': 171, 'min_stay': 1, 'platichastyami': 0, 'mircashback': 289}, {'id': 1232064, 'capacity': 2, 'prepayment': 'FULL', 'nonrefundable': 0, 'cancellation_period': 1, 'cancellation_fee': 'FIRST', 'breakfast': 0, 'base_price': 3745, 'prices': [3745], 'price': 3370.5, 'old_price': 3745, 'currency': 'RUB', 'payment_amount': 3745, 'extras_variants': [], 'extras': [], 'rate_id': 63506, 'deals': ['LAST_MINUTE'], 'cancellation_type': 'special', 'credit_card': 1, 'bonus': 169, 'miles': 201, 'min_stay': 1, 'platichastyami': 0, 'mircashback': 337}]",2889.0,171,14082_101hotels,2026-08-26
2322361,,Двухкомнатные апартаменты 102,4,0,0,1,Апартаменты,14,2,"[{'double': 1, 'sofa': 1}]",[],"[{'id': 1232049, 'capacity': 1, 'prepayment': 'FULL', 'nonrefundable': 0, 'cancellation_period': 1, 'cancellation_fee': 'FIRST', 'breakfast': 0, 'base_price': 3210, 'prices': [3210], 'price': 2889, 'old_price': 3210, 'currency': 'RUB', 'payment_amount': 3210, 'extras_variants': [], 'extras': [], 'rate_id': 63506, 'deals': ['LAST_MINUTE'], 'cancellation_type': 'special', 'credit_card': 1, 'bonus': 144, 'miles': 171, 'min_stay': 1, 'platichastyami': 0, 'mircashback': 289}, {'id': 1232050, 'capacity': 2, 'prepayment': 'FULL', 'nonrefundable': 0, 'cancellation_period': 1, 'cancellation_fee': 'FIRST', 'breakfast': 0, 'base_price': 3745, 'prices': [3745], 'price': 3370.5, 'old_price': 3745, 'currency': 'RUB', 'payment_amount': 3745, 'extras_variants': [], 'extras': [], 'rate_id': 63506, 'deals': ['LAST_MINUTE'], 'cancellation_type': 'special', 'credit_card': 1, 'bonus': 169, 'miles': 201, 'min_stay': 1, 'platichastyami': 0, 'mircashback': 337}, {'id': 1232051, 'capacity': 3, 'prepayment': 'FULL', 'nonrefundable': 0, 'cancellation_period': 1, 'cancellation_fee': 'FIRST', 'breakfast': 0, 'base_price': 4280, 'prices': [4280], 'price': 3852, 'old_price': 4280, 'currency': 'RUB', 'payment_amount': 4280, 'extras_variants': [], 'extras': [], 'rate_id': 63506, 'deals': ['LAST_MINUTE'], 'cancellation_type': 'special', 'credit_card': 1, 'bonus': 193, 'miles': 231, 'min_stay': 1, 'platichastyami': 0, 'mircashback': 385}, {'id': 1232052, 'capacity': 4, 'prepayment': 'FULL', 'nonrefundable': 0, 'cancellation_period': 1, 'cancellation_fee': 'FIRST', 'breakfast': 0, 'base_price': 4815, 'prices': [4815], 'price': 4333.5, 'old_price': 4815, 'currency': 'RUB', 'payment_amount': 4815, 'extras_variants': [], 'extras': [], 'rate_id': 63506, 'deals': ['LAST_MINUTE'], 'cancellation_type': 'special', 'credit_card': 1, 'bonus': 217, 'miles': 258, 'min_stay': 1, 'platichastyami': 0, 'mircashback': 433}]",2889.0,171,14082_101hotels,2026-08-26
2322362,,Двухкомнатные апартаменты 104,5,0,0,1,Апартаменты,14,1,"[{'double': 1, 'sofa': 2}]",[],"[{'id': 1232053, 'capacity': 1, 'prepayment': 'FULL', 'nonrefundable': 0, 'cancellation_period': 1, 'cancellation_fee': 'FIRST', 'breakfast': 0, 'base_price': 4280, 'prices': [4280], 'price': 3852, 'old_price': 4280, 'currency': 'RUB', 'payment_amount': 4280, 'extras_variants': [], 'extras': [], 'rate_id': 63506, 'deals': ['LAST_MINUTE'], 'cancellation_type': 'special', 'credit_card': 1, 'bonus': 193, 'miles': 231, 'min_stay': 1, 'platichastyami': 0, 'mircashback': 385}, {'id': 1232054, 'capacity': 2, 'prepayment': 'FULL', 'nonrefundable': 0, 'cancellation_period': 1, 'cancellation_fee': 'FIRST', 'breakfast': 0, 'base_price': 4815, 'prices': [4815], 'price': 4333.5, 'old_price': 4815, 'currency': 'RUB', 'payment_amount': 4815, 'extras_variants': [], 'extras': [], 'rate_id': 63506, 'deals': ['LAST_MINUTE'], 'cancellation_type': 'special', 'credit_card': 1, 'bonus': 217, 'miles': 258, 'min_stay': 1, 'platichastyami': 0, 'mircashback': 433}, {'id': 1232055, 'capacity': 3, 'prepayment': 'FULL', 'nonrefundable': 0, 'cancellation_period': 1, 'cancellation_fee': 'FIRST', 'breakfast': 0, 'base_price': 5350, 'prices': [5350], 'price': 4815, 'old_price': 5350, 'currency': 'RUB', 'payment_amount': 5350, 'extras_variants': [], 'extras': [], 'rate_id': 63506, 'deals': ['LAST_MINUTE'], 'cancellation_type': 'special', 'credit_card': 1, 'bonus': 241, 'miles': 288, 'min_stay': 1, 'platichastyami': 0, 'mircashback': 482}, {'id': 1232056, 'capacity': 4, 'prepayment': 'FULL', 'nonrefundable': 0, 'cancellation_period': 1, 'cancellation_fee': 'FIRST', 'breakfast': 0, 'base_price': 5885, 'prices': [5885], 'price': 5296.5, 'old_price': 5885, 'currency': 'RUB', 'payment_amount': 5885, 'extras_variants': [], 'extras': [], 'rate_id': 63506, 'deals': ['LAST_MINUTE'], 'cancellation_type': 'special', 'credit_card': 1, 'bonus': 265, 'miles': 315, 'min_stay': 1, 'platichastyami': 0, 'mircashback': 530}, {'id': 1232057, 'capacity': 5, 'prepayment': 'FULL', 'nonrefundable': 0, 'cancellation_period': 1, 'cancellation_fee': 'FIRST', 'breakfast': 0, 'base_price': 6420, 'prices': [6420], 'price': 5778, 'old_price': 6420, 'currency': 'RUB', 'payment_amount': 6420, 'extras_variants': [], 'extras': [], 'rate_id': 63506, 'deals': ['LAST_MINUTE'], 'cancellation_type': 'special', 'credit_card': 1, 'bonus': 289, 'miles': 345, 'min_stay': 1, 'platichastyami': 0, 'mircashback': 578}]",3852.0,231,14082_101hotels,2026-08-26
2322363,,Двухкомнатные апартаменты 107,5,0,0,1,Апартаменты,14,2,"[{'double': 1, 'sofa': 2}]",[],"[{'id': 1232058, 'capacity': 1, 'prepayment': 'FULL', 'nonrefundable': 0, 'cancellation_period': 1, 'cancellation_fee': 'FIRST', 'breakfast': 0, 'base_price': 4280, 'prices': [4280], 'price': 3852, 'old_price': 4280, 'currency': 'RUB', 'payment_amount': 4280, 'extras_variants': [], 'extras': [], 'rate_id': 63506, 'deals': ['LAST_MINUTE'], 'cancellation_type': 'special', 'credit_card': 1, 'bonus': 193, 'miles': 231, 'min_stay': 1, 'platichastyami': 0, 'mircashback': 385}, {'id': 1232059, 'capacity': 2, 'prepayment': 'FULL', 'nonrefundable': 0, 'cancellation_period': 1, 'cancellation_fee': 'FIRST', 'breakfast': 0, 'base_price': 4815, 'prices': [4815], 'price': 4333.5, 'old_price': 4815, 'currency': 'RUB', 'payment_amount': 4815, 'extras_variants': [], 'extras': [], 'rate_id': 63506, 'deals': ['LAST_MINUTE'], 'cancellation_type': 'special', 'credit_card': 1, 'bonus': 217, 'miles': 258, 'min_stay': 1, 'platichastyami': 0, 'mircashback': 433}, {'id': 1232060, 'capacity': 3, 'prepayment': 'FULL', 'nonrefundable': 0, 'cancellation_period': 1, 'cancellation_fee': 'FIRST', 'breakfast': 0, 'base_price': 5350, 'prices': [5350], 'price': 4815, 'old_price': 5350, 'currency': 'RUB', 'payment_amount': 5350, 'extras_variants': [], 'extras': [], 'rate_id': 63506, 'deals': ['LAST_MINUTE'], 'cancellation_type': 'special', 'credit_card': 1, 'bonus': 241, 'miles': 288, 'min_stay': 1, 'platichastyami': 0, 'mircashback': 482}, {'id': 1232061, 'capacity': 4, 'prepayment': 'FULL', 'nonrefundable': 0, 'cancellation_period': 1, 'cancellation_fee': 'FIRST', 'breakfast': 0, 'base_price': 5885, 'prices': [5885], 'price': 5296.5, 'old_price': 5885, 'currency': 'RUB', 'payment_amount': 5885, 'extras_variants': [], 'extras': [], 'rate_id': 63506, 'deals': ['LAST_MINUTE'], 'cancellation_type': 'special', 'credit_card': 1, 'bonus': 265, 'miles': 315, 'min_stay': 1, 'platichastyami': 0, 'mircashback': 530}, {'id': 1232062, 'capacity': 5, 'prepayment': 'FULL', 'nonrefundable': 0, 'cancellation_period': 1, 'cancellation_fee': 'FIRST', 'breakfast': 0, 'base_price': 6420, 'prices': [6420], 'price': 5778, 'old_price': 6420, 'currency': 'RUB', 'payment_amount': 6420, 'extras_variants': [], 'extras': [], 'rate_id': 63506, 'deals': ['LAST_MINUTE'], 'cancellation_type': 'special', 'credit_card': 1, 'bonus': 289, 'miles': 345, 'min_stay': 1, 'platichastyami': 0, 'mircashback': 578}]",3852.0,231,14082_101hotels,2026-08-26
2322574,,Уютная квартира вблизи вокзала Иркутск 105,3,0,0,1,Квартира,33,3,"[{'double': 1, 'sofa': 1}]",[],"[{'id': 1233721, 'capacity': 1, 'prepayment': 'FULL', 'nonrefundable': 0, 'cancellation_period': 1, 'cancellation_fee': 'FIRST', 'breakfast': 0, 'base_price': 2675, 'prices': [2675], 'price': 2675, 'old_price': 2675, 'currency': 'RUB', 'payment_amount': 2675, 'extras_variants': [], 'extras': [], 'rate_id': 63506, 'deals': [], 'cancellation_type': 'special', 'credit_card': 1, 'bonus': 134, 'miles': 159, 'min_stay': 1, 'platichastyami': 0, 'mircashback': 268}, {'id': 1233722, 'capacity': 2, 'prepayment': 'FULL', 'nonrefundable': 0, 'cancellation_period': 1, 'cancellation_fee': 'FIRST', 'breakfast': 0, 'base_price': 3210, 'prices': [3210], 'price': 3210, 'old_price': 3210, 'currency': 'RUB', 'payment_amount': 3210, 'extras_variants': [], 'extras': [], 'rate_id': 63506, 'deals': [], 'cancellation_type': 'special', 'credit_card': 1, 'bonus': 161, 'miles': 192, 'min_stay': 1, 'platichastyami': 0, 'mircashback': 321}, {'id': 1233723, 'capacity': 3, 'prepayment': 'FULL', 'nonrefundable': 0, 'cancellation_period': 1, 'cancellation_fee': 'FIRST', 'breakfast': 0, 'base_price': 3745, 'prices': [3745], 'price': 3745, 'old_price': 3745, 'currency': 'RUB', 'payment_amount': 3745, 'extras_variants': [], 'extras': [], 'rate_id': 63506, 'deals': [], 'cancellation_type': 'special', 'credit_card': 1, 'bonus': 187, 'miles': 222, 'min_stay': 1, 'platichastyami': 0, 'mircashback': 375}]",2675.0,159,14082_101hotels,2026-08-26
2322584,,Двухкомнатная квартира вблизи ЖД вокзала Иркутск 106,3,0,0,1,Квартира,33,3,"[{'double': 1, 'sofa': 1}]",[],"[{'id': 1233724, 'capacity': 1, 'prepayment': 'FULL', 'nonrefundable': 0, 'cancellation_period': 1, 'cancellation_fee': 'FIRST', 'breakfast': 0, 'base_price': 3210, 'prices': [3210], 'price': 3210, 'old_price': 3210, 'currency': 'RUB', 'payment_amount': 3210, 'extras_variants': [], 'extras': [], 'rate_id': 63506, 'deals': [], 'cancellation_type': 'special', 'credit_card': 1, 'bonus': 161, 'miles': 192, 'min_stay': 1, 'platichastyami': 0, 'mircashback': 321}, {'id': 1233725, 'capacity': 2, 'prepayment': 'FULL', 'nonrefundable': 0, 'cancellation_period': 1, 'cancellation_fee': 'FIRST', 'breakfast': 0, 'base_price': 3745, 'prices': [3745], 'price': 3745, 'old_price': 3745, 'currency': 'RUB', 'payment_amount': 3745, 'extras_variants': [], 'extras': [], 'rate_id': 63506, 'deals': [], 'cancellation_type': 'special', 'credit_card': 1, 'bonus': 187, 'miles': 222, 'min_stay': 1, 'platichastyami': 0, 'mircashback': 375}, {'id': 1233726, 'capacity': 3, 'prepayment': 'FULL', 'nonrefundable': 0, 'cancellation_period': 1, 'cancellation_fee': 'FIRST', 'breakfast': 0, 'base_price': 4280, 'prices': [4280], 'price': 4280, 'old_price': 4280, 'currency': 'RUB', 'payment_amount': 4280, 'extras_variants': [], 'extras': [], 'rate_id': 63506, 'deals': [], 'cancellation_type': 'special', 'credit_card': 1, 'bonus': 214, 'miles': 255, 'min_stay': 1, 'platichastyami': 0, 'mircashback': 428}]",3210.0,192,14082_101hotels,2026-08-26
2322447,,,1,0,0,1,Двухместный,2,2,"[{'single': 1}, {'single': 1}]","[{'id': '52592', 'number': '1', 'min_age': '0', 'max_age': '7', 'is_extra_bed': '0', 'extra_bed_type_id': '0'}]","[{'id': 1232939, 'capacity': 1, 'prepayment': 'FIRST', 'nonrefundable': 0, 'cancellation_period': 1, 'cancellation_fee': 'FIRST', 'breakfast': 0, 'base_price': 2700, 'prices': [2700], 'price': 2700, 'old_price': 2700, 'currency': 'RUB', 'payment_amount': 2700, 'extras_variants': [], 'extras': {'52592': {'id': 52592, 'number': 1, 'extra_bed_type_id': 0, 'age': [0, 7], 'extra_bed': 0, 'free': 1}}, 'rate_id': 63570, 'deals': [], 'cancellation_type': 'special', 'credit_card': 1, 'bonus': 135, 'miles': 162, 'min_stay': 1, 'platichastyami': 0, 'mircashback': 270}]",2700.0,162,422600_101hotels,2026-08-26
2321632,,Квартира 407 на Байкальской,1,0,0,1,Апартаменты,14,1,[{'single': 1}],[],"[{'id': 1227438, 'capacity': 1, 'prepayment': 'FULL', 'nonrefundable': 0, 'cancellation_period': 0, 'cancellation_fee': 'NO', 'breakfast': 0, 'base_price': 3600, 'prices': [3600], 'price': 3600, 'old_price': 3600, 'currency': 'RUB', 'payment_amount': 3600, 'extras_variants': [], 'extras': [], 'rate_id': 63082, 'deals': [], 'cancellation_type': 'free', 'credit_card': 1, 'bonus': 180, 'miles': 216, 'min_stay': 1, 'platichastyami': 0, 'mircashback': 360}]",3600.0,216,678090_101hotels,2026-08-26
2321640,,Квартира 411 на Байкальской,4,0,0,1,Апартаменты,14,1,"[{'single': 2, 'double': 1}]",[],"[{'id': 1227523, 'capacity': 1, 'prepayment': 'FULL', 'nonrefundable': 0, 'cancellation_period': 0, 'cancellation_fee': 'NO', 'breakfast': 0, 'base_price': 3600, 'prices': [3600], 'price': 3600, 'old_price': 3600, 'currency': 'RUB', 'payment_amount': 3600, 'extras_variants': [], 'extras': [], 'rate_id': 63082, 'deals': [], 'cancellation_type': 'free', 'credit_card': 1, 'bonus': 180, 'miles': 216, 'min_stay': 1, 'platichastyami': 0, 'mircashback': 360}, {'id': 1227524, 'capacity': 2, 'prepayment': 'FULL', 'nonrefundable': 0, 'cancellation_period': 0, 'cancellation_fee': 'NO', 'breakfast': 0, 'base_price': 3600, 'prices': [3600], 'price': 3600, 'old_price': 3600, 'currency': 'RUB', 'payment_amount': 3600, 'extras_variants': [], 'extras': [], 'rate_id': 63082, 'deals': [], 'cancellation_type': 'free', 'credit_card': 1, 'bonus': 180, 'miles': 216, 'min_stay': 1, 'platichastyami': 0, 'mircashback': 360}, {'id': 1227525, 'capacity': 3, 'prepayment': 'FULL', 'nonrefundable': 0, 'cancellation_period': 0, 'cancellation_fee': 'NO', 'breakfast': 0, 'base_price': 3600, 'prices': [3600], 'price': 3600, 'old_price': 3600, 'currency': 'RUB', 'payment_amount': 3600, 'extras_variants': [], 'extras': [], 'rate_id': 63082, 'deals': [], 'cancellation_type': 'free', 'credit_card': 1, 'bonus': 180, 'miles': 216, 'min_stay': 1, 'platichastyami': 0, 'mircashback': 360}, {'id': 1227526, 'capacity': 4, 'prepayment': 'FULL', 'nonrefundable': 0, 'cancellation_period': 0, 'cancellation_fee': 'NO', 'breakfast': 0, 'base_price': 3600, 'prices': [3600], 'price': 3600, 'old_price': 3600, 'currency': 'RUB', 'payment_amount': 3600, 'extras_variants': [], 'extras': [], 'rate_id': 63082, 'deals': [], 'cancellation_type': 'free', 'credit_card': 1, 'bonus': 180, 'miles': 216, 'min_stay': 1, 'platichastyami': 0, 'mircashback': 360}]",3600.0,216,678090_101hotels,2026-08-26
2322093,,,8,0,0,0,Восьмиместный,38,100,[{'2-tier': 1}],[],"[{'id': 1230628, 'capacity': 1, 'prepayment': 'NO', 'nonrefundable': 0, 'cancellation_period': 0, 'cancellation_fee': 'NO', 'breakfast': 0, 'base_price': 500, 'prices': [500], 'price': 425, 'old_price': 500, 'currency': 'RUB', 'payment_amount': 0, 'extras_variants': [], 'extras': [], 'rate_id': 63399, 'deals': ['LAST_MINUTE'], 'cancellation_type': 'free', 'credit_card': 0, 'bonus': 21, 'miles': 24, 'min_stay': 1, 'platichastyami': 0, 'mircashback': 43}, {'id': 1230629, 'capacity': 2, 'prepayment': 'NO', 'nonrefundable': 0, 'cancellation_period': 0, 'cancellation_fee': 'NO', 'breakfast': 0, 'base_price': 1000, 'prices': [1000], 'price': 850, 'old_price': 1000, 'currency': 'RUB', 'payment_amount': 0, 'extras_variants': [], 'extras': [], 'rate_id': 63399, 'deals': ['LAST_MINUTE'], 'cancellation_type': 'free', 'credit_card': 0, 'bonus': 43, 'miles': 51, 'min_stay': 1, 'platichastyami': 0, 'mircashback': 85}, {'id': 1230630, 'capacity': 3, 'prepayment': 'NO', 'nonrefundable': 0, 'cancellation_period': 0, 'cancellation_fee': 'NO', 'breakfast': 0, 'base_price': 1500, 'prices': [1500], 'price': 1275, 'old_price': 1500, 'currency': 'RUB', 'payment_amount': 0, 'extras_variants': [], 'extras': [], 'rate_id': 63399, 'deals': ['LAST_MINUTE'], 'cancellation_type': 'free', 'credit_card': 0, 'bonus': 64, 'miles': 75, 'min_stay': 1, 'platichastyami': 0, 'mircashback': 128}, {'id': 1230631, 'capacity': 4, 'prepayment': 'NO', 'nonrefundable': 0, 'cancellation_period': 0, 'cancellation_fee': 'NO', 'breakfast': 0, 'base_price': 2000, 'prices': [2000], 'price': 1700, 'old_price': 2000, 'currency': 'RUB', 'payment_amount': 0, 'extras_variants': [], 'extras': [], 'rate_id': 63399, 'deals': ['LAST_MINUTE'], 'cancellation_type': 'free', 'credit_card': 0, 'bonus': 85, 'miles': 102, 'min_stay': 1, 'platichastyami': 0, 'mircashback': 170}, {'id': 1230632, 'capacity': 5, 'prepayment': 'NO', 'nonrefundable': 0, 'cancellation_period': 0, 'cancellation_fee': 'NO', 'breakfast': 0, 'base_price': 2500, 'prices': [2500], 'price': 2125, 'old_price': 2500, 'currency': 'RUB', 'payment_amount': 0, 'extras_variants': [], 'extras': [], 'rate_id': 63399, 'deals': ['LAST_MINUTE'], 'cancellation_type': 'free', 'credit_card': 0, 'bonus': 106, 'miles': 126, 'min_stay': 1, 'platichastyami': 0, 'mircashback': 213}, {'id': 1230633, 'capacity': 6, 'prepayment': 'NO', 'nonrefundable': 0, 'cancellation_period': 0, 'cancellation_fee': 'NO', 'breakfast': 0, 'base_price': 3000, 'prices': [3000], 'price': 2550, 'old_price': 3000, 'currency': 'RUB', 'payment_amount': 0, 'extras_variants': [], 'extras': [], 'rate_id': 63399, 'deals': ['LAST_MINUTE'], 'cancellation_type': 'free', 'credit_card': 0, 'bonus': 128, 'miles': 153, 'min_stay': 1, 'platichastyami': 0, 'mircashback': 255}, {'id': 1230634, 'capacity': 7, 'prepayment': 'NO', 'nonrefundable': 0, 'cancellation_period': 0, 'cancellation_fee': 'NO', 'breakfast': 0, 'base_price': 3500, 'prices': [3500], 'price': 2975, 'old_price': 3500, 'currency': 'RUB', 'payment_amount': 0, 'extras_variants': [], 'extras': [], 'rate_id': 63399, 'deals': ['LAST_MINUTE'], 'cancellation_type': 'free', 'credit_card': 0, 'bonus': 149, 'miles': 177, 'min_stay': 1, 'platichastyami': 0, 'mircashback': 298}, {'id': 1230635, 'capacity': 8, 'prepayment': 'NO', 'nonrefundable': 0, 'cancellation_period': 0, 'cancellation_fee': 'NO', 'breakfast': 0, 'base_price': 4000, 'prices': [4000], 'price': 3400, 'old_price': 4000, 'currency': 'RUB', 'payment_amount': 0, 'extras_variants': [], 'extras': [], 'rate_id': 63399, 'deals': ['LAST_MINUTE'], 'cancellation_type': 'free', 'credit_card': 0, 'bonus': 170, 'miles': 204, 'min_stay': 1, 'platichastyami': 0, 'mircashback': 340}]",425.0,24,677876_101hotels,2026-08-26
2281474,,Домик на 4 человека с одной двуспальнаой кроватью,4,0,0,1,Четырехместный,34,2,"[{'double': 1, 'sofa': 1}]","[{'id': '14091', 'number': '1', 'min_age': '0', 'max_age': '7', 'is_extra_bed': '0', 'extra_bed_type_id': '0'}]","[{'id': 868735, 'capacity': 1, 'prepayment': 'FIRST', 'nonrefundable': 0, 'cancellation_period': 3, 'cancellation_fee': 'FIRST', 'breakfast': 0, 'base_price': 11900, 'prices': [11900], 'price': 11900, 'old_price': 11900, 'currency': 'RUB', 'payment_amount': 11900, 'extras_variants': [], 'extras': {'14091': {'id': 14091, 'number': 1, 'extra_bed_type_id': 0, 'age': [0, 7], 'extra_bed': 0, 'free': 1}}, 'rate_id': 39576, 'deals': [], 'cancellation_type': 'special', 'credit_card': 1, 'bonus': 595, 'miles': 714, 'min_stay': 1, 'platichastyami': 0, 'mircashback': 1190}, {'id': 868736, 'capacity': 2, 'prepayment': 'FIRST', 'nonrefundable': 0, 'cancellation_period': 3, 'cancellation_fee': 'FIRST', 'breakfast': 0, 'base_price': 11900, 'prices': [11900], 'price': 11900, 'old_price': 11900, 'currency': 'RUB', 'payment_amount': 11900, 'extras_variants': [], 'extras': {'14091': {'id': 14091, 'number': 1, 'extra_bed_type_id': 0, 'age': [0, 7], 'extra_bed': 0, 'free': 1}}, 'rate_id': 39576, 'deals': [], 'cancellation_type': 'special', 'credit_card': 1, 'bonus': 595, 'miles': 714, 'min_stay': 1, 'platichastyami': 0, 'mircashback': 1190}, {'id': 872902, 'capacity': 3, 'prepayment': 'FIRST', 'nonrefundable': 0, 'cancellation_period': 3, 'cancellation_fee': 'FIRST', 'breakfast': 0, 'base_price': 14200, 'prices': [14200], 'price': 14200, 'old_price': 14200, 'currency': 'RUB', 'payment_amount': 14200, 'extras_variants': [], 'extras': {'14091': {'id': 14091, 'number': 1, 'extra_bed_type_id': 0, 'age': [0, 7], 'extra_bed': 0, 'free': 1}}, 'rate_id': 39576, 'deals': [], 'cancellation_type': 'special', 'credit_card': 1, 'bonus': 710, 'miles': 852, 'min_stay': 1, 'platichastyami': 0, 'mircashback': 1420}, {'id': 872903, 'capacity': 4, 'prepayment': 'FIRST', 'nonrefundable': 0, 'cancellation_period': 3, 'cancellation_fee': 'FIRST', 'breakfast': 0, 'base_price': 16500, 'prices': [16500], 'price': 16500, 'old_price': 16500, 'currency': 'RUB', 'payment_amount': 16500, 'extras_variants': [], 'extras': {'14091': {'id': 14091, 'number': 1, 'extra_bed_type_id': 0, 'age': [0, 7], 'extra_bed': 0, 'free': 1}}, 'rate_id': 39576, 'deals': [], 'cancellation_type': 'special', 'credit_card': 1, 'bonus': 825, 'miles': 990, 'min_stay': 1, 'platichastyami': 0, 'mircashback': 1650}]",11900.0,714,668236_101hotels,2026-08-26
2281511,,Домик на 2 человека с 2 односпальными кроватями,4,0,0,1,Четырехместный,34,1,"[{'single': 2, 'sofa': 1}]","[{'id': '14090', 'number': '1', 'min_age': '0', 'max_age': '7', 'is_extra_bed': '0', 'extra_bed_type_id': '0'}]","[{'id': 868737, 'capacity': 1, 'prepayment': 'FIRST', 'nonrefundable': 0, 'cancellation_period': 3, 'cancellation_fee': 'FIRST', 'breakfast': 0, 'base_price': 11900, 'prices': [11900], 'price': 11900, 'old_price': 11900, 'currency': 'RUB', 'payment_amount': 11900, 'extras_variants': [], 'extras': {'14090': {'id': 14090, 'number': 1, 'extra_bed_type_id': 0, 'age': [0, 7], 'extra_bed': 0, 'free': 1}}, 'rate_id': 39576, 'deals': [], 'cancellation_type': 'special', 'credit_card': 1, 'bonus': 595, 'miles': 714, 'min_stay': 1, 'platichastyami': 0, 'mircashback': 1190}, {'id': 868738, 'capacity': 2, 'prepayment': 'FIRST', 'nonrefundable': 0, 'cancellation_period': 3, 'cancellation_fee': 'FIRST', 'breakfast': 0, 'base_price': 11900, 'prices': [11900], 'price': 11900, 'old_price': 11900, 'currency': 'RUB', 'payment_amount': 11900, 'extras_variants': [], 'extras': {'14090': {'id': 14090, 'number': 1, 'extra_bed_type_id': 0, 'age': [0, 7], 'extra_bed': 0, 'free': 1}}, 'rate_id': 39576, 'deals': [], 'cancellation_type': 'special', 'credit_card': 1, 'bonus': 595, 'miles': 714, 'min_stay': 1, 'platichastyami': 0, 'mircashback': 1190}, {'id': 872900, 'capacity': 3, 'prepayment': 'FIRST', 'nonrefundable': 0, 'cancellation_period': 3, 'cancellation_fee': 'FIRST', 'breakfast': 0, 'base_price': 14200, 'prices': [14200], 'price': 14200, 'old_price': 14200, 'currency': 'RUB', 'payment_amount': 14200, 'extras_variants': [], 'extras': {'14090': {'id': 14090, 'number': 1, 'extra_bed_type_id': 0, 'age': [0, 7], 'extra_bed': 0, 'free': 1}}, 'rate_id': 39576, 'deals': [], 'cancellation_type': 'special', 'credit_card': 1, 'bonus': 710, 'miles': 852, 'min_stay': 1, 'platichastyami': 0, 'mircashback': 1420}, {'id': 872901, 'capacity': 4, 'prepayment': 'FIRST', 'nonrefundable': 0, 'cancellation_period': 3, 'cancellation_fee': 'FIRST', 'breakfast': 0, 'base_price': 16500, 'prices': [16500], 'price': 16500, 'old_price': 16500, 'currency': 'RUB', 'payment_amount': 16500, 'extras_variants': [], 'extras': {'14090': {'id': 14090, 'number': 1, 'extra_bed_type_id': 0, 'age': [0, 7], 'extra_bed': 0, 'free': 1}}, 'rate_id': 39576, 'deals': [], 'cancellation_type': 'special', 'credit_card': 1, 'bonus': 825, 'miles': 990, 'min_stay': 1, 'platichastyami': 0, 'mircashback': 1650}]",11900.0,714,668236_101hotels,2026-08-26
2271751,,Современный номер стандарт от 2 до 5 человек,4,1,0,1,Студио,5,7,"[{'single': 2, 'sofa': 1}, {'double': 1, 'sofa': 1}]","[{'id': '9127', 'number': '1', 'min_age': '2', 'max_age': '5', 'is_extra_bed': '0', 'extra_bed_type_id': '0'}]","[{'id': 770147, 'capacity': 1, 'prepayment': 'FULL', 'nonrefundable': 0, 'cancellation_period': 14, 'cancellation_fee': 'FIRST', 'breakfast': 0, 'base_price': 7085, 'prices': [7085], 'price': 7085, 'old_price': 7085, 'currency': 'RUB', 'payment_amount': 7085, 'extras_variants': [], 'extras': {'9127': {'id': 9127, 'number': 1, 'extra_bed_type_id': 0, 'age': [2, 5], 'extra_bed': 0, 'free': 1}}, 'rate_id': 34153, 'deals': [], 'cancellation_type': 'special', 'credit_card': 1, 'bonus': 354, 'miles': 423, 'min_stay': 1, 'platichastyami': 0, 'mircashback': 709}, {'id': 770148, 'capacity': 2, 'prepayment': 'FULL', 'nonrefundable': 0, 'cancellation_period': 14, 'cancellation_fee': 'FIRST', 'breakfast': 0, 'base_price': 7085, 'prices': [7085], 'price': 7085, 'old_price': 7085, 'currency': 'RUB', 'payment_amount': 7085, 'extras_variants': [], 'extras': {'9127': {'id': 9127, 'number': 1, 'extra_bed_type_id': 0, 'age': [2, 5], 'extra_bed': 0, 'free': 1}}, 'rate_id': 34153, 'deals': [], 'cancellation_type': 'special', 'credit_card': 1, 'bonus': 354, 'miles': 423, 'min_stay': 1, 'platichastyami': 0, 'mircashback': 709}, {'id': 770149, 'capacity': 3, 'prepayment': 'FULL', 'nonrefundable': 0, 'cancellation_period': 14, 'cancellation_fee': 'FIRST', 'breakfast': 0, 'base_price': 8817.5, 'prices': [8817.5], 'price': 8817.5, 'old_price': 8817.5, 'currency': 'RUB', 'payment_amount': 8817.5, 'extras_variants': [], 'extras': {'9127': {'id': 9127, 'number': 1, 'extra_bed_type_id': 0, 'age': [2, 5], 'extra_bed': 0, 'free': 1}}, 'rate_id': 34153, 'deals': [], 'cancellation_type': 'special', 'credit_card': 1, 'bonus': 441, 'miles': 528, 'min_stay': 1, 'platichastyami': 0, 'mircashback': 882}, {'id': 770150, 'capacity': 4, 'prepayment': 'FULL', 'nonrefundable': 0, 'cancellation_period': 14, 'cancellation_fee': 'FIRST', 'breakfast': 0, 'base_price': 9972.5, 'prices': [9972.5], 'price': 9972.5, 'old_price': 9972.5, 'currency': 'RUB', 'payment_amount': 9972.5, 'extras_variants': [], 'extras': {'9127': {'id': 9127, 'number': 1, 'extra_bed_type_id': 0, 'age': [2, 5], 'extra_bed': 0, 'free': 1}}, 'rate_id': 34153, 'deals': [], 'cancellation_type': 'special', 'credit_card': 1, 'bonus': 499, 'miles': 597, 'min_stay': 1, 'platichastyami': 0, 'mircashback': 997}]",7085.0,423,665625_101hotels,2026-08-26
2295563,,Юрта с двуспальной кроватью,2,1,0,0,Двухместный,2,5,[{'double': 1}],[],"[{'id': 1030192, 'capacity': 1, 'prepayment': 'FIRST', 'nonrefundable': 0, 'cancellation_period': 14, 'cancellation_fee': 'FIRST', 'breakfast': 0, 'base_price': 11000, 'prices': [11000], 'price': 11000, 'old_price': 11000, 'currency': 'RUB', 'payment_amount': 11000, 'extras_variants': [], 'extras': [], 'rate_id': 49894, 'deals': [], 'cancellation_type': 'special', 'credit_card': 1, 'bonus': 550, 'miles': 660, 'min_stay': 1, 'platichastyami': 0, 'mircashback': 1100}, {'id': 1030217, 'capacity': 2, 'prepayment': 'FIRST', 'nonrefundable': 0, 'cancellation_period': 14, 'cancellation_fee': 'FIRST', 'breakfast': 0, 'base_price': 11000, 'prices': [11000], 'price': 11000, 'old_price': 11000, 'currency': 'RUB', 'payment_amount': 11000, 'extras_variants': [], 'extras': [], 'rate_id': 49894, 'deals': [], 'cancellation_type': 'special', 'credit_card': 1, 'bonus': 550, 'miles': 660, 'min_stay': 1, 'platichastyami': 0, 'mircashback': 1100}]",11000.0,660,670434_101hotels,2026-08-26
2295564,,Юрта с двумя раздельными кроватями,2,1,0,0,Двухместный,2,1,[{'single': 2}],[],"[{'id': 1030193, 'capacity': 1, 'prepayment': 'FIRST', 'nonrefundable': 0, 'cancellation_period': 14, 'cancellation_fee': 'FIRST', 'breakfast': 0, 'base_price': 11000, 'prices': [11000], 'price': 11000, 'old_price': 11000, 'currency': 'RUB', 'payment_amount': 11000, 'extras_variants': [], 'extras': [], 'rate_id': 49894, 'deals': [], 'cancellation_type': 'special', 'credit_card': 1, 'bonus': 550, 'miles': 660, 'min_stay': 1, 'platichastyami': 0, 'mircashback': 1100}, {'id': 1030194, 'capacity': 2, 'prepayment': 'FIRST', 'nonrefundable': 0, 'cancellation_period': 14, 'cancellation_fee': 'FIRST', 'breakfast': 0, 'base_price': 11000, 'prices': [11000], 'price': 11000, 'old_price': 11000, 'currency': 'RUB', 'payment_amount': 11000, 'extras_variants': [], 'extras': [], 'rate_id': 49894, 'deals': [], 'cancellation_type': 'special', 'credit_card': 1, 'bonus': 550, 'miles': 660, 'min_stay': 1, 'platichastyami': 0, 'mircashback': 1100}]",11000.0,660,670434_101hotels,2026-08-26
2297502,,Семейный делюкс,2,1,0,1,Двухместный,2,4,"[{'double': 1, 's-sofa': 1}]","[{'id': '50106', 'number': '1', 'min_age': '0', 'max_age': '7', 'is_extra_bed': '0', 'extra_bed_type_id': '0'}]","[{'id': 1020136, 'capacity': 1, 'prepayment': 'FIRST', 'nonrefundable': 0, 'cancellation_period': 14, 'cancellation_fee': 'FIRST', 'breakfast': 1, 'base_price': 20500, 'prices': [20500], 'price': 20500, 'old_price': 20500, 'currency': 'RUB', 'payment_amount': 20500, 'extras_variants': [], 'extras': {'50106': {'id': 50106, 'number': 1, 'extra_bed_type_id': 0, 'age': [0, 7], 'extra_bed': 0, 'free': 1}}, 'rate_id': 43901, 'deals': [], 'cancellation_type': 'special', 'credit_card': 1, 'bonus': 1025, 'miles': 1230, 'min_stay': 1, 'platichastyami': 0, 'mircashback': 2050}, {'id': 1020137, 'capacity': 2, 'prepayment': 'FIRST', 'nonrefundable': 0, 'cancellation_period': 14, 'cancellation_fee': 'FIRST', 'breakfast': 1, 'base_price': 20500, 'prices': [20500], 'price': 20500, 'old_price': 20500, 'currency': 'RUB', 'payment_amount': 20500, 'extras_variants': [], 'extras': {'50106': {'id': 50106, 'number': 1, 'extra_bed_type_id': 0, 'age': [0, 7], 'extra_bed': 0, 'free': 1}}, 'rate_id': 43901, 'deals': [], 'cancellation_type': 'special', 'credit_card': 1, 'bonus': 1025, 'miles': 1230, 'min_stay': 1, 'platichastyami': 0, 'mircashback': 2050}]",20500.0,1230,670434_101hotels,2026-08-26
2297504,,Делюкс,2,1,0,1,Двухместный,2,3,[{'single': 2}],"[{'id': '50105', 'number': '1', 'min_age': '0', 'max_age': '7', 'is_extra_bed': '0', 'extra_bed_type_id': '0'}]","[{'id': 1020140, 'capacity': 1, 'prepayment': 'FIRST', 'nonrefundable': 0, 'cancellation_period': 14, 'cancellation_fee': 'FIRST', 'breakfast': 1, 'base_price': 20500, 'prices': [20500], 'price': 20500, 'old_price': 20500, 'currency': 'RUB', 'payment_amount': 20500, 'extras_variants': [], 'extras': {'50105': {'id': 50105, 'number': 1, 'extra_bed_type_id': 0, 'age': [0, 7], 'extra_bed': 0, 'free': 1}}, 'rate_id': 43901, 'deals': [], 'cancellation_type': 'special', 'credit_card': 1, 'bonus': 1025, 'miles': 1230, 'min_stay': 1, 'platichastyami': 0, 'mircashback': 2050}, {'id': 1020141, 'capacity': 2, 'prepayment': 'FIRST', 'nonrefundable': 0, 'cancellation_period': 14, 'cancellation_fee': 'FIRST', 'breakfast': 1, 'base_price': 20500, 'prices': [20500], 'price': 20500, 'old_price': 20500, 'currency': 'RUB', 'payment_amount': 20500, 'extras_variants': [], 'extras': {'50105': {'id': 50105, 'number': 1, 'extra_bed_type_id': 0, 'age': [0, 7], 'extra_bed': 0, 'free': 1}}, 'rate_id': 43901, 'deals': [], 'cancellation_type': 'special', 'credit_card': 1, 'bonus': 1025, 'miles': 1230, 'min_stay': 1, 'platichastyami': 0, 'mircashback': 2050}]",20500.0,1230,670434_101hotels,2026-08-26
2297505,,Люкс для двоих,2,0,0,1,Двухместный,2,1,[{'double': 1}],"[{'id': '20151', 'number': '1', 'min_age': '0', 'max_age': '7', 'is_extra_bed': '0', 'extra_bed_type_id': '0'}]","[{'id': 1020142, 'capacity': 1, 'prepayment': 'FIRST', 'nonrefundable': 0, 'cancellation_period': 14, 'cancellation_fee': 'FIRST', 'breakfast': 1, 'base_price': 25500, 'prices': [25500], 'price': 25500, 'old_price': 25500, 'currency': 'RUB', 'payment_amount': 25500, 'extras_variants': [], 'extras': {'20151': {'id': 20151, 'number': 1, 'extra_bed_type_id': 0, 'age': [0, 7], 'extra_bed': 0, 'free': 1}}, 'rate_id': 43901, 'deals': [], 'cancellation_type': 'special', 'credit_card': 1, 'bonus': 1275, 'miles': 1530, 'min_stay': 1, 'platichastyami': 0, 'mircashback': 2550}, {'id': 1020143, 'capacity': 2, 'prepayment': 'FIRST', 'nonrefundable': 0, 'cancellation_period': 14, 'cancellation_fee': 'FIRST', 'breakfast': 1, 'base_price': 25500, 'prices': [25500], 'price': 25500, 'old_price': 25500, 'currency': 'RUB', 'payment_amount': 25500, 'extras_variants': [], 'extras': {'20151': {'id': 20151, 'number': 1, 'extra_bed_type_id': 0, 'age': [0, 7], 'extra_bed': 0, 'free': 1}}, 'rate_id': 43901, 'deals': [], 'cancellation_type': 'special', 'credit_card': 1, 'bonus': 1275, 'miles': 1530, 'min_stay': 1, 'platichastyami': 0, 'mircashback': 2550}]",25500.0,1530,670434_101hotels,2026-08-26
2297506,,Юрта с 4мя раздельными кроватями,4,0,0,0,Четырехместный,34,1,[{'single': 4}],"[{'id': '20152', 'number': '1', 'min_age': '0', 'max_age': '7', 'is_extra_bed': '0', 'extra_bed_type_id': '0'}]","[{'id': 1030195, 'capacity': 1, 'prepayment': 'FIRST', 'nonrefundable': 0, 'cancellation_period': 14, 'cancellation_fee': 'FIRST', 'breakfast': 0, 'base_price': 14000, 'prices': [14000], 'price': 14000, 'old_price': 14000, 'currency': 'RUB', 'payment_amount': 14000, 'extras_variants': [], 'extras': {'20152': {'id': 20152, 'number': 1, 'extra_bed_type_id': 0, 'age': [0, 7], 'extra_bed': 0, 'free': 1}}, 'rate_id': 49894, 'deals': [], 'cancellation_type': 'special', 'credit_card': 1, 'bonus': 700, 'miles': 840, 'min_stay': 1, 'platichastyami': 0, 'mircashback': 1400}, {'id': 1030196, 'capacity': 2, 'prepayment': 'FIRST', 'nonrefundable': 0, 'cancellation_period': 14, 'cancellation_fee': 'FIRST', 'breakfast': 0, 'base_price': 14000, 'prices': [14000], 'price': 14000, 'old_price': 14000, 'currency': 'RUB', 'payment_amount': 14000, 'extras_variants': [], 'extras': {'20152': {'id': 20152, 'number': 1, 'extra_bed_type_id': 0, 'age': [0, 7], 'extra_bed': 0, 'free': 1}}, 'rate_id': 49894, 'deals': [], 'cancellation_type': 'special', 'credit_card': 1, 'bonus': 700, 'miles': 840, 'min_stay': 1, 'platichastyami': 0, 'mircashback': 1400}, {'id': 1030197, 'capacity': 3, 'prepayment': 'FIRST', 'nonrefundable': 0, 'cancellation_period': 14, 'cancellation_fee': 'FIRST', 'breakfast': 0, 'base_price': 14000, 'prices': [14000], 'price': 14000, 'old_price': 14000, 'currency': 'RUB', 'payment_amount': 14000, 'extras_variants': [], 'extras': {'20152': {'id': 20152, 'number': 1, 'extra_bed_type_id': 0, 'age': [0, 7], 'extra_bed': 0, 'free': 1}}, 'rate_id': 49894, 'deals': [], 'cancellation_type': 'special', 'credit_card': 1, 'bonus': 700, 'miles': 840, 'min_stay': 1, 'platichastyami': 0, 'mircashback': 1400}, {'id': 1030198, 'capacity': 4, 'prepayment': 'FIRST', 'nonrefundable': 0, 'cancellation_period': 14, 'cancellation_fee': 'FIRST', 'breakfast': 0, 'base_price': 14000, 'prices': [14000], 'price': 14000, 'old_price': 14000, 'currency': 'RUB', 'payment_amount': 14000, 'extras_variants': [], 'extras': {'20152': {'id': 20152, 'number': 1, 'extra_bed_type_id': 0, 'age': [0, 7], 'extra_bed': 0, 'free': 1}}, 'rate_id': 49894, 'deals': [], 'cancellation_type': 'special', 'credit_card': 1, 'bonus': 700, 'miles': 840, 'min_stay': 1, 'platichastyami': 0, 'mircashback': 1400}]",14000.0,840,670434_101hotels,2026-08-26
2321005,,Стандартный номер,2,1,0,1,Двухместный,2,4,"[{'single': 2}, {'double': 1}]","[{'id': '50756', 'number': '1', 'min_age': '0', 'max_age': '5', 'is_extra_bed': '0', 'extra_bed_type_id': '0'}]","[{'id': 1228888, 'capacity': 1, 'prepayment': 'FULL', 'nonrefundable': 0, 'cancellation_period': 1, 'cancellation_fee': 'FIRST', 'breakfast': 1, 'base_price': 16800, 'prices': [16800], 'price': 16800, 'old_price': 16800, 'currency': 'RUB', 'payment_amount': 16800, 'extras_variants': [], 'extras': {'50756': {'id': 50756, 'number': 1, 'extra_bed_type_id': 0, 'age': [0, 5], 'extra_bed': 0, 'free': 1}}, 'rate_id': 63247, 'deals': [], 'cancellation_type': 'special', 'credit_card': 1, 'bonus': 840, 'miles': 1008, 'min_stay': 1, 'platichastyami': 0, 'mircashback': 1680}, {'id': 1228889, 'capacity': 2, 'prepayment': 'FULL', 'nonrefundable': 0, 'cancellation_period': 1, 'cancellation_fee': 'FIRST', 'breakfast': 1, 'base_price': 16800, 'prices': [16800], 'price': 16800, 'old_price': 16800, 'currency': 'RUB', 'payment_amount': 16800, 'extras_variants': [], 'extras': {'50756': {'id': 50756, 'number': 1, 'extra_bed_type_id': 0, 'age': [0, 5], 'extra_bed': 0, 'free': 1}}, 'rate_id': 63247, 'deals': [], 'cancellation_type': 'special', 'credit_card': 1, 'bonus': 840, 'miles': 1008, 'min_stay': 1, 'platichastyami': 0, 'mircashback': 1680}]",16800.0,1008,678072_101hotels,2026-08-26
2321013,,С Видом На Байкал,2,2,0,1,Люкс,6,2,"[{'double': 1, 'sofa': 1}]",[],"[{'id': 1228884, 'capacity': 1, 'prepayment': 'FULL', 'nonrefundable': 0, 'cancellation_period': 1, 'cancellation_fee': 'FIRST', 'breakfast': 1, 'base_price': 32800, 'prices': [32800], 'price': 32800, 'old_price': 32800, 'currency': 'RUB', 'payment_amount': 32800, 'extras_variants': [], 'extras': [], 'rate_id': 63247, 'deals': [], 'cancellation_type': 'special', 'credit_card': 1, 'bonus': 1640, 'miles': 1968, 'min_stay': 1, 'platichastyami': 0, 'mircashback': 3280}, {'id': 1228885, 'capacity': 2, 'prepayment': 'FULL', 'nonrefundable': 0, 'cancellation_period': 1, 'cancellation_fee': 'FIRST', 'breakfast': 1, 'base_price': 32800, 'prices': [32800], 'price': 32800, 'old_price': 32800, 'currency': 'RUB', 'payment_amount': 32800, 'extras_variants': [], 'extras': [], 'rate_id': 63247, 'deals': [], 'cancellation_type': 'special', 'credit_card': 1, 'bonus': 1640, 'miles': 1968, 'min_stay': 1, 'platichastyami': 0, 'mircashback': 3280}]",32800.0,1968,678072_101hotels,2026-08-26
2322560,,С 1-й двуспальной кроватью или с 2-я односпальными,2,0,0,1,Двухместный,2,1,[{'double': 1}],[],"[{'id': 1233627, 'capacity': 1, 'prepayment': 'FIRST', 'nonrefundable': 1, 'cancellation_period': 0, 'cancellation_fee': 'FIRST', 'breakfast': 0, 'base_price': 6325, 'prices': [6325], 'price': 6325, 'old_price': 6325, 'currency': 'RUB', 'payment_amount': 6325, 'extras_variants': [], 'extras': [], 'rate_id': 4042, 'deals': [], 'cancellation_type': 'nonrefundable', 'credit_card': 1, 'bonus': 316, 'miles': 378, 'min_stay': 1, 'platichastyami': 0}, {'id': 1233628, 'capacity': 2, 'prepayment': 'FIRST', 'nonrefundable': 1, 'cancellation_period': 0, 'cancellation_fee': 'FIRST', 'breakfast': 0, 'base_price': 6325, 'prices': [6325], 'price': 6325, 'old_price': 6325, 'currency': 'RUB', 'payment_amount': 6325, 'extras_variants': [], 'extras': [], 'rate_id': 4042, 'deals': [], 'cancellation_type': 'nonrefundable', 'credit_card': 1, 'bonus': 316, 'miles': 378, 'min_stay': 1, 'platichastyami': 0}]",6325.0,378,11159_101hotels,2026-08-26
2302613,,Двухэтажный домик с видом на залив,4,0,0,1,Дом,56,4,[{'double': 2}],[],"[{'id': 1059746, 'capacity': 1, 'prepayment': 'FULL', 'nonrefundable': 0, 'cancellation_period': 0, 'cancellation_fee': 'NO', 'breakfast': 0, 'base_price': 12000, 'prices': [12000], 'price': 12000, 'old_price': 12000, 'currency': 'RUB', 'payment_amount': 12000, 'extras_variants': [], 'extras': [], 'rate_id': 51898, 'deals': [], 'cancellation_type': 'free', 'credit_card': 1, 'bonus': 600, 'miles': 720, 'min_stay': 1, 'platichastyami': 0, 'mircashback': 1200}, {'id': 1059747, 'capacity': 2, 'prepayment': 'FULL', 'nonrefundable': 0, 'cancellation_period': 0, 'cancellation_fee': 'NO', 'breakfast': 0, 'base_price': 12000, 'prices': [12000], 'price': 12000, 'old_price': 12000, 'currency': 'RUB', 'payment_amount': 12000, 'extras_variants': [], 'extras': [], 'rate_id': 51898, 'deals': [], 'cancellation_type': 'free', 'credit_card': 1, 'bonus': 600, 'miles': 720, 'min_stay': 1, 'platichastyami': 0, 'mircashback': 1200}, {'id': 1059748, 'capacity': 3, 'prepayment': 'FULL', 'nonrefundable': 0, 'cancellation_period': 0, 'cancellation_fee': 'NO', 'breakfast': 0, 'base_price': 12000, 'prices': [12000], 'price': 12000, 'old_price': 12000, 'currency': 'RUB', 'payment_amount': 12000, 'extras_variants': [], 'extras': [], 'rate_id': 51898, 'deals': [], 'cancellation_type': 'free', 'credit_card': 1, 'bonus': 600, 'miles': 720, 'min_stay': 1, 'platichastyami': 0, 'mircashback': 1200}, {'id': 1059749, 'capacity': 4, 'prepayment': 'FULL', 'nonrefundable': 0, 'cancellation_period': 0, 'cancellation_fee': 'NO', 'breakfast': 0, 'base_price': 12000, 'prices': [12000], 'price': 12000, 'old_price': 12000, 'currency': 'RUB', 'payment_amount': 12000, 'extras_variants': [], 'extras': [], 'rate_id': 51898, 'deals': [], 'cancellation_type': 'free', 'credit_card': 1, 'bonus': 600, 'miles': 720, 'min_stay': 1, 'platichastyami': 0, 'mircashback': 1200}]",12000.0,720,673799_101hotels,2026-08-26
2316601,,Комфорт (Коттедж №5),2,1,0,1,Двухместный,2,2,[{'double': 1}],"[{'id': '44124', 'number': '1', 'min_age': '0', 'max_age': '5', 'is_extra_bed': '0', 'extra_bed_type_id': '0'}]","[{'id': 1189768, 'capacity': 1, 'prepayment': 'FULL', 'nonrefundable': 0, 'cancellation_period': 0, 'cancellation_fee': 'NO', 'breakfast': 1, 'base_price': 7900, 'prices': [7900], 'price': 6715, 'old_price': 7900, 'currency': 'RUB', 'payment_amount': 7900, 'extras_variants': [], 'extras': {'44124': {'id': 44124, 'number': 1, 'extra_bed_type_id': 0, 'age': [0, 5], 'extra_bed': 0, 'free': 1}}, 'rate_id': 60731, 'deals': ['LAST_MINUTE'], 'cancellation_type': 'free', 'credit_card': 1, 'bonus': 336, 'miles': 402, 'min_stay': 1, 'platichastyami': 0, 'mircashback': 672}, {'id': 1189769, 'capacity': 2, 'prepayment': 'FULL', 'nonrefundable': 0, 'cancellation_period': 0, 'cancellation_fee': 'NO', 'breakfast': 1, 'base_price': 7900, 'prices': [7900], 'price': 6715, 'old_price': 7900, 'currency': 'RUB', 'payment_amount': 7900, 'extras_variants': [], 'extras': {'44124': {'id': 44124, 'number': 1, 'extra_bed_type_id': 0, 'age': [0, 5], 'extra_bed': 0, 'free': 1}}, 'rate_id': 60731, 'deals': ['LAST_MINUTE'], 'cancellation_type': 'free', 'credit_card': 1, 'bonus': 336, 'miles': 402, 'min_stay': 1, 'platichastyami': 0, 'mircashback': 672}]",6715.0,402,676911_101hotels,2026-08-26
2316602,,Четырёхместный с гостиной (Коттедж №6),4,1,0,1,Люкс,6,3,"[{'double': 2, 's-sofa': 1}]",[],"[{'id': 1189770, 'capacity': 1, 'prepayment': 'FULL', 'nonrefundable': 0, 'cancellation_period': 0, 'cancellation_fee': 'NO', 'breakfast': 1, 'base_price': 10800, 'prices': [10800], 'price': 9180, 'old_price': 10800, 'currency': 'RUB', 'payment_amount': 10800, 'extras_variants': [], 'extras': [], 'rate_id': 60731, 'deals': ['LAST_MINUTE'], 'cancellation_type': 'free', 'credit_card': 1, 'bonus': 459, 'miles': 549, 'min_stay': 1, 'platichastyami': 0, 'mircashback': 918}, {'id': 1189771, 'capacity': 2, 'prepayment': 'FULL', 'nonrefundable': 0, 'cancellation_period': 0, 'cancellation_fee': 'NO', 'breakfast': 1, 'base_price': 10800, 'prices': [10800], 'price': 9180, 'old_price': 10800, 'currency': 'RUB', 'payment_amount': 10800, 'extras_variants': [], 'extras': [], 'rate_id': 60731, 'deals': ['LAST_MINUTE'], 'cancellation_type': 'free', 'credit_card': 1, 'bonus': 459, 'miles': 549, 'min_stay': 1, 'platichastyami': 0, 'mircashback': 918}, {'id': 1189772, 'capacity': 3, 'prepayment': 'FULL', 'nonrefundable': 0, 'cancellation_period': 0, 'cancellation_fee': 'NO', 'breakfast': 1, 'base_price': 10800, 'prices': [10800], 'price': 9180, 'old_price': 10800, 'currency': 'RUB', 'payment_amount': 10800, 'extras_variants': [], 'extras': [], 'rate_id': 60731, 'deals': ['LAST_MINUTE'], 'cancellation_type': 'free', 'credit_card': 1, 'bonus': 459, 'miles': 549, 'min_stay': 1, 'platichastyami': 0, 'mircashback': 918}, {'id': 1189773, 'capacity': 4, 'prepayment': 'FULL', 'nonrefundable': 0, 'cancellation_period': 0, 'cancellation_fee': 'NO', 'breakfast': 1, 'base_price': 10800, 'prices': [10800], 'price': 9180, 'old_price': 10800, 'currency': 'RUB', 'payment_amount': 10800, 'extras_variants': [], 'extras': [], 'rate_id': 60731, 'deals': ['LAST_MINUTE'], 'cancellation_type': 'free', 'credit_card': 1, 'bonus': 459, 'miles': 549, 'min_stay': 1, 'platichastyami': 0, 'mircashback': 918}]",9180.0,549,676911_101hotels,2026-08-26
2316638,,Стандарт(Коттедж №12),2,0,0,1,Двухместный,2,19,"[{'double': 1}, {'single': 2}]","[{'id': '44189', 'number': '1', 'min_age': '0', 'max_age': '5', 'is_extra_bed': '0', 'extra_bed_type_id': '0'}]","[{'id': 1189955, 'capacity': 1, 'prepayment': 'FULL', 'nonrefundable': 0, 'cancellation_period': 0, 'cancellation_fee': 'NO', 'breakfast': 1, 'base_price': 5400, 'prices': [5400], 'price': 4590, 'old_price': 5400, 'currency': 'RUB', 'payment_amount': 5400, 'extras_variants': [], 'extras': {'44189': {'id': 44189, 'number': 1, 'extra_bed_type_id': 0, 'age': [0, 5], 'extra_bed': 0, 'free': 1}}, 'rate_id': 60731, 'deals': ['LAST_MINUTE'], 'cancellation_type': 'free', 'credit_card': 1, 'bonus': 230, 'miles': 273, 'min_stay': 1, 'platichastyami': 0, 'mircashback': 459}, {'id': 1189956, 'capacity': 2, 'prepayment': 'FULL', 'nonrefundable': 0, 'cancellation_period': 0, 'cancellation_fee': 'NO', 'breakfast': 1, 'base_price': 5400, 'prices': [5400], 'price': 4590, 'old_price': 5400, 'currency': 'RUB', 'payment_amount': 5400, 'extras_variants': [], 'extras': {'44189': {'id': 44189, 'number': 1, 'extra_bed_type_id': 0, 'age': [0, 5], 'extra_bed': 0, 'free': 1}}, 'rate_id': 60731, 'deals': ['LAST_MINUTE'], 'cancellation_type': 'free', 'credit_card': 1, 'bonus': 230, 'miles': 273, 'min_stay': 1, 'platichastyami': 0, 'mircashback': 459}]",4590.0,273,676911_101hotels,2026-08-26
46280,,Эконом,1,0,0,0,Одноместный,1,5,[{'single': 1}],[],"[{'id': 937963, 'capacity': 1, 'prepayment': 'NO', 'nonrefundable': 0, 'cancellation_period': 0, 'cancellation_fee': 'NO', 'breakfast': 0, 'base_price': 1000, 'prices': [1000], 'price': 1000, 'old_price': 1000, 'currency': 'RUB', 'payment_amount': 0, 'extras_variants': [], 'extras': [], 'rate_id': 42656, 'deals': [], 'cancellation_type': 'free', 'credit_card': 0, 'bonus': 50, 'miles': 60, 'min_stay': 1, 'platichastyami': 0, 'mircashback': 100}, {'id': 937976, 'capacity': 1, 'prepayment': 'NO', 'nonrefundable': 0, 'cancellation_period': 0, 'cancellation_fee': 'NO', 'breakfast': 1, 'base_price': 1750, 'prices': [1750], 'price': 1750, 'old_price': 1750, 'currency': 'RUB', 'payment_amount': 0, 'extras_variants': [], 'extras': [], 'rate_id': 42655, 'deals': [], 'cancellation_type': 'free', 'credit_card': 0, 'bonus': 88, 'miles': 105, 'min_stay': 1, 'platichastyami': 0, 'mircashback': 175}]",1000.0,60,9394_101hotels,2026-08-26
46281,,Стандарт,1,0,0,1,Одноместный,1,1,[{'single': 1}],[],"[{'id': 937955, 'capacity': 1, 'prepayment': 'NO', 'nonrefundable': 0, 'cancellation_period': 0, 'cancellation_fee': 'NO', 'breakfast': 1, 'base_price': 4000, 'prices': [4000], 'price': 4000, 'old_price': 4000, 'currency': 'RUB', 'payment_amount': 0, 'extras_variants': [], 'extras': [], 'rate_id': 42655, 'deals': [], 'cancellation_type': 'free', 'credit_card': 0, 'bonus': 200, 'miles': 240, 'min_stay': 1, 'platichastyami': 0, 'mircashback': 400}]",4000.0,240,9394_101hotels,2026-08-26
46282,,Комфорт,1,0,0,1,Одноместный,1,4,[{'single': 1}],[],"[{'id': 937956, 'capacity': 1, 'prepayment': 'NO', 'nonrefundable': 0, 'cancellation_period': 0, 'cancellation_fee': 'NO', 'breakfast': 1, 'base_price': 5300, 'prices': [5300], 'price': 5300, 'old_price': 5300, 'currency': 'RUB', 'payment_amount': 0, 'extras_variants': [], 'extras': [], 'rate_id': 42655, 'deals': [], 'cancellation_type': 'free', 'credit_card': 0, 'bonus': 265, 'miles': 318, 'min_stay': 1, 'platichastyami': 0, 'mircashback': 530}]",5300.0,318,9394_101hotels,2026-08-26
46283,,Комфорт улучшенный,1,0,0,1,Одноместный,1,10,[{'single': 1}],[],"[{'id': 937957, 'capacity': 1, 'prepayment': 'NO', 'nonrefundable': 0, 'cancellation_period': 0, 'cancellation_fee': 'NO', 'breakfast': 1, 'base_price': 6000, 'prices': [6000], 'price': 6000, 'old_price': 6000, 'currency': 'RUB', 'payment_amount': 0, 'extras_variants': [], 'extras': [], 'rate_id': 42655, 'deals': [], 'cancellation_type': 'free', 'credit_card': 0, 'bonus': 300, 'miles': 360, 'min_stay': 1, 'platichastyami': 0, 'mircashback': 600}]",6000.0,360,9394_101hotels,2026-08-26
46286,,Улучшенный,1,1,0,1,Люкс,6,1,[{'double': 1}],[],"[{'id': 937962, 'capacity': 1, 'prepayment': 'NO', 'nonrefundable': 0, 'cancellation_period': 0, 'cancellation_fee': 'NO', 'breakfast': 1, 'base_price': 9100, 'prices': [9100], 'price': 9100, 'old_price': 9100, 'currency': 'RUB', 'payment_amount': 0, 'extras_variants': [], 'extras': [], 'rate_id': 42655, 'deals': [], 'cancellation_type': 'free', 'credit_card': 0, 'bonus': 455, 'miles': 546, 'min_stay': 1, 'platichastyami': 0, 'mircashback': 910}]",9100.0,546,9394_101hotels,2026-08-26
84326,,Стандартный номер с 2 отдельными кроватями,2,0,0,1,Двухместный,2,1,[{'single': 2}],[],"[{'id': 937958, 'capacity': 1, 'prepayment': 'NO', 'nonrefundable': 0, 'cancellation_period': 0, 'cancellation_fee': 'NO', 'breakfast': 1, 'base_price': 5400, 'prices': [5400], 'price': 5400, 'old_price': 5400, 'currency': 'RUB', 'payment_amount': 0, 'extras_variants': [], 'extras': [], 'rate_id': 42655, 'deals': [], 'cancellation_type': 'free', 'credit_card': 0, 'bonus': 270, 'miles': 324, 'min_stay': 1, 'platichastyami': 0, 'mircashback': 540}, {'id': 937959, 'capacity': 2, 'prepayment': 'NO', 'nonrefundable': 0, 'cancellation_period': 0, 'cancellation_fee': 'NO', 'breakfast': 1, 'base_price': 5400, 'prices': [5400], 'price': 5400, 'old_price': 5400, 'currency': 'RUB', 'payment_amount': 0, 'extras_variants': [], 'extras': [], 'rate_id': 42655, 'deals': [], 'cancellation_type': 'free', 'credit_card': 0, 'bonus': 270, 'miles': 324, 'min_stay': 1, 'platichastyami': 0, 'mircashback': 540}]",5400.0,324,9394_101hotels,2026-08-26
84328,,Номер эконом-класса с 2 отдельными кроватями,2,0,0,0,Двухместный,2,3,[{'single': 2}],[],"[{'id': 937964, 'capacity': 1, 'prepayment': 'NO', 'nonrefundable': 0, 'cancellation_period': 0, 'cancellation_fee': 'NO', 'breakfast': 0, 'base_price': 2000, 'prices': [2000], 'price': 2000, 'old_price': 2000, 'currency': 'RUB', 'payment_amount': 0, 'extras_variants': [], 'extras': [], 'rate_id': 42656, 'deals': [], 'cancellation_type': 'free', 'credit_card': 0, 'bonus': 100, 'miles': 120, 'min_stay': 1, 'platichastyami': 0, 'mircashback': 200}, {'id': 937960, 'capacity': 1, 'prepayment': 'NO', 'nonrefundable': 0, 'cancellation_period': 0, 'cancellation_fee': 'NO', 'breakfast': 1, 'base_price': 3500, 'prices': [3500], 'price': 3500, 'old_price': 3500, 'currency': 'RUB', 'payment_amount': 0, 'extras_variants': [], 'extras': [], 'rate_id': 42655, 'deals': [], 'cancellation_type': 'free', 'credit_card': 0, 'bonus': 175, 'miles': 210, 'min_stay': 1, 'platichastyami': 0, 'mircashback': 350}, {'id': 937965, 'capacity': 2, 'prepayment': 'NO', 'nonrefundable': 0, 'cancellation_period': 0, 'cancellation_fee': 'NO', 'breakfast': 0, 'base_price': 2000, 'prices': [2000], 'price': 2000, 'old_price': 2000, 'currency': 'RUB', 'payment_amount': 0, 'extras_variants': [], 'extras': [], 'rate_id': 42656, 'deals': [], 'cancellation_type': 'free', 'credit_card': 0, 'bonus': 100, 'miles': 120, 'min_stay': 1, 'platichastyami': 0, 'mircashback': 200}, {'id': 937961, 'capacity': 2, 'prepayment': 'NO', 'nonrefundable': 0, 'cancellation_period': 0, 'cancellation_fee': 'NO', 'breakfast': 1, 'base_price': 3500, 'prices': [3500], 'price': 3500, 'old_price': 3500, 'currency': 'RUB', 'payment_amount': 0, 'extras_variants': [], 'extras': [], 'rate_id': 42655, 'deals': [], 'cancellation_type': 'free', 'credit_card': 0, 'bonus': 175, 'miles': 210, 'min_stay': 1, 'platichastyami': 0, 'mircashback': 350}]",2000.0,120,9394_101hotels,2026-08-26
2288048,,Стандарт улучшенный,1,0,0,1,Одноместный,1,2,[{'single': 1}],[],"[{'id': 937653, 'capacity': 1, 'prepayment': 'NO', 'nonrefundable': 0, 'cancellation_period': 0, 'cancellation_fee': 'NO', 'breakfast': 1, 'base_price': 4600, 'prices': [4600], 'price': 4600, 'old_price': 4600, 'currency': 'RUB', 'payment_amount': 0, 'extras_variants': [], 'extras': [], 'rate_id': 42655, 'deals': [], 'cancellation_type': 'free', 'credit_card': 0, 'bonus': 230, 'miles': 276, 'min_stay': 1, 'platichastyami': 0, 'mircashback': 460}]",4600.0,276,9394_101hotels,2026-08-26
2288088,,Студия с двуспальной кроватью,1,1,0,1,Сюит,27,5,[{'double': 1}],[],"[{'id': 937875, 'capacity': 1, 'prepayment': 'NO', 'nonrefundable': 0, 'cancellation_period': 0, 'cancellation_fee': 'NO', 'breakfast': 1, 'base_price': 9100, 'prices': [9100], 'price': 9100, 'old_price': 9100, 'currency': 'RUB', 'payment_amount': 0, 'extras_variants': [], 'extras': [], 'rate_id': 42655, 'deals': [], 'cancellation_type': 'free', 'credit_card': 0, 'bonus': 455, 'miles': 546, 'min_stay': 1, 'platichastyami': 0, 'mircashback': 910}]",9100.0,546,9394_101hotels,2026-08-26
2288089,,,1,1,0,1,Люкс,6,1,[{'double': 1}],[],"[{'id': 937876, 'capacity': 1, 'prepayment': 'NO', 'nonrefundable': 0, 'cancellation_period': 0, 'cancellation_fee': 'NO', 'breakfast': 1, 'base_price': 9100, 'prices': [9100], 'price': 9100, 'old_price': 9100, 'currency': 'RUB', 'payment_amount': 0, 'extras_variants': [], 'extras': [], 'rate_id': 42655, 'deals': [], 'cancellation_type': 'free', 'credit_card': 0, 'bonus': 455, 'miles': 546, 'min_stay': 1, 'platichastyami': 0, 'mircashback': 910}]",9100.0,546,9394_101hotels,2026-08-26
2288097,,Комфорт номер с 2 отдельными кроватями,2,0,0,1,Двухместный,2,3,[{'single': 2}],[],"[{'id': 937898, 'capacity': 1, 'prepayment': 'NO', 'nonrefundable': 0, 'cancellation_period': 0, 'cancellation_fee': 'NO', 'breakfast': 1, 'base_price': 7800, 'prices': [7800], 'price': 7800, 'old_price': 7800, 'currency': 'RUB', 'payment_amount': 0, 'extras_variants': [], 'extras': [], 'rate_id': 42655, 'deals': [], 'cancellation_type': 'free', 'credit_card': 0, 'bonus': 390, 'miles': 468, 'min_stay': 1, 'platichastyami': 0, 'mircashback': 780}, {'id': 937899, 'capacity': 2, 'prepayment': 'NO', 'nonrefundable': 0, 'cancellation_period': 0, 'cancellation_fee': 'NO', 'breakfast': 1, 'base_price': 7800, 'prices': [7800], 'price': 7800, 'old_price': 7800, 'currency': 'RUB', 'payment_amount': 0, 'extras_variants': [], 'extras': [], 'rate_id': 42655, 'deals': [], 'cancellation_type': 'free', 'credit_card': 0, 'bonus': 390, 'miles': 468, 'min_stay': 1, 'platichastyami': 0, 'mircashback': 780}]",7800.0,468,9394_101hotels,2026-08-26
