id,k,name,capacity,additional,single_bed,bathroom,type_name,type_id,free,bed_categories,children_extras,placements,min_price,miles,hotel_id,date
1620099,,Семейное 2х комнатное бунгало  с террасой и видом на Байкал,2,1,0,1,Сюит,27,1,"[{'single': 2, 'double': 1}, {'double': 1, 'sofa': 1}]",[],"[{'id': 549097, 'capacity': 1, 'prepayment': 'FULL', 'nonrefundable': 1, 'cancellation_period': 0, 'cancellation_fee': 'FIRST', 'breakfast': 6, 'base_price': 7000, 'prices': [7000], 'price': 7000, 'old_price': 7000, 'currency': 'RUB', 'payment_amount': 7000, 'extras_variants': [], 'extras': [], 'rate_id': 17459, 'deals': [], 'cancellation_type': 'nonrefundable', 'credit_card': 1, 'bonus': 350, 'miles': 420, 'min_stay': 1, 'platichastyami': 0, 'mircashback': 700}, {'id': 549098, 'capacity': 2, 'prepayment': 'FULL', 'nonrefundable': 1, 'cancellation_period': 0, 'cancellation_fee': 'FIRST', 'breakfast': 6, 'base_price': 8500, 'prices': [8500], 'price': 8500, 'old_price': 8500, 'currency': 'RUB', 'payment_amount': 8500, 'extras_variants': [], 'extras': [], 'rate_id': 17459, 'deals': [], 'cancellation_type': 'nonrefundable', 'credit_card': 1, 'bonus': 425, 'miles': 510, 'min_stay': 1, 'platichastyami': 0, 'mircashback': 850}]",7000.0,420,496528_101hotels,2026-08-15
2264208,,"Люкс  ""Байкал""",2,0,0,1,Семейный,44,2,"[{'double': 1, 'sofa': 1}]",[],"[{'id': 717324, 'capacity': 1, 'prepayment': 'FULL', 'nonrefundable': 1, 'cancellation_period': 0, 'cancellation_fee': 'FIRST', 'breakfast': 6, 'base_price': 9500, 'prices': [9500], 'price': 9500, 'old_price': 9500, 'currency': 'RUB', 'payment_amount': 9500, 'extras_variants': [], 'extras': [], 'rate_id': 17459, 'deals': [], 'cancellation_type': 'nonrefundable', 'credit_card': 1, 'bonus': 475, 'miles': 570, 'min_stay': 1, 'platichastyami': 0, 'mircashback': 950}, {'id': 717325, 'capacity': 2, 'prepayment': 'FULL', 'nonrefundable': 1, 'cancellation_period': 0, 'cancellation_fee': 'FIRST', 'breakfast': 6, 'base_price': 10000, 'prices': [10000], 'price': 10000, 'old_price': 10000, 'currency': 'RUB', 'payment_amount': 10000, 'extras_variants': [], 'extras': [], 'rate_id': 17459, 'deals': [], 'cancellation_type': 'nonrefundable', 'credit_card': 1, 'bonus': 500, 'miles': 600, 'min_stay': 1, 'platichastyami': 0, 'mircashback': 1000}]",9500.0,570,496528_101hotels,2026-08-15
2239632,,Стандарт с балконом,2,0,0,1,Двухместный,2,1,[{'single': 2}],"[{'id': '42844', 'number': '1', 'min_age': '1', 'max_age': '16', 'is_extra_bed': '0', 'extra_bed_type_id': '0'}]","[{'id': 462573, 'capacity': 1, 'prepayment': 'FULL', 'nonrefundable': 0, 'cancellation_period': 14, 'cancellation_fee': 'FIRST', 'breakfast': 0, 'base_price': 5500, 'prices': [5500], 'price': 5500, 'old_price': 5500, 'currency': 'RUB', 'payment_amount': 5500, 'extras_variants': [], 'extras': {'42844': {'id': 42844, 'number': 1, 'extra_bed_type_id': 0, 'age': [1, 16], 'extra_bed': 0, 'free': 1}}, 'rate_id': 11859, 'deals': [], 'cancellation_type': 'special', 'credit_card': 1, 'bonus': 275, 'miles': 330, 'min_stay': 1, 'platichastyami': 0, 'mircashback': 550}, {'id': 462574, 'capacity': 2, 'prepayment': 'FULL', 'nonrefundable': 0, 'cancellation_period': 14, 'cancellation_fee': 'FIRST', 'breakfast': 0, 'base_price': 5500, 'prices': [5500], 'price': 5500, 'old_price': 5500, 'currency': 'RUB', 'payment_amount': 5500, 'extras_variants': [], 'extras': {'42844': {'id': 42844, 'number': 1, 'extra_bed_type_id': 0, 'age': [1, 16], 'extra_bed': 0, 'free': 1}}, 'rate_id': 11859, 'deals': [], 'cancellation_type': 'special', 'credit_card': 1, 'bonus': 275, 'miles': 330, 'min_stay': 1, 'platichastyami': 0, 'mircashback': 550}]",5500.0,330,249578_101hotels,2026-08-15
2232454,,Бюджетный,2,1,0,1,Двухместный,2,16,"[{'single': 2}, {'double': 1}, {'single': 3}]","[{'id': '13409', 'number': '1', 'min_age': '6', 'max_age': '18', 'is_extra_bed': '1', 'extra_bed_type_id': '4'}]","[{'id': 415912, 'capacity': 1, 'prepayment': 'FULL', 'nonrefundable': 0, 'cancellation_period': 14, 'cancellation_fee': 'FIRST', 'breakfast': 1, 'base_price': 7000, 'prices': [7000], 'price': 7000, 'old_price': 7000, 'currency': 'RUB', 'payment_amount': 7000, 'extras_variants': [], 'extras': {'13409': {'id': 13409, 'number': 1, 'extra_bed_type_id': 4, 'age': [6, 18], 'extra_bed': 1, 'free': 1}}, 'rate_id': 8485, 'deals': [], 'cancellation_type': 'special', 'credit_card': 1, 'bonus': 350, 'miles': 420, 'min_stay': 1, 'platichastyami': 0, 'mircashback': 700}, {'id': 415913, 'capacity': 2, 'prepayment': 'FULL', 'nonrefundable': 0, 'cancellation_period': 14, 'cancellation_fee': 'FIRST', 'breakfast': 1, 'base_price': 7000, 'prices': [7000], 'price': 7000, 'old_price': 7000, 'currency': 'RUB', 'payment_amount': 7000, 'extras_variants': [], 'extras': {'13409': {'id': 13409, 'number': 1, 'extra_bed_type_id': 4, 'age': [6, 18], 'extra_bed': 1, 'free': 1}}, 'rate_id': 8485, 'deals': [], 'cancellation_type': 'special', 'credit_card': 1, 'bonus': 350, 'miles': 420, 'min_stay': 1, 'platichastyami': 0, 'mircashback': 700}]",7000.0,420,653669_101hotels,2026-08-15
2301290,,Двухместный благоустроенный номер  с раздельными кроватями,2,0,0,1,Двухместный,2,3,[{'double': 2}],[],"[{'id': 1135960, 'capacity': 1, 'prepayment': 'FULL', 'nonrefundable': 0, 'cancellation_period': 0, 'cancellation_fee': 'NO', 'breakfast': 1, 'base_price': 8000, 'prices': [8000], 'price': 8000, 'old_price': 8000, 'currency': 'RUB', 'payment_amount': 8000, 'extras_variants': [], 'extras': [], 'rate_id': 50646, 'deals': [], 'cancellation_type': 'free', 'credit_card': 1, 'bonus': 400, 'miles': 480, 'min_stay': 1, 'platichastyami': 0, 'mircashback': 800}, {'id': 1135961, 'capacity': 2, 'prepayment': 'FULL', 'nonrefundable': 0, 'cancellation_period': 0, 'cancellation_fee': 'NO', 'breakfast': 1, 'base_price': 10000, 'prices': [10000], 'price': 10000, 'old_price': 10000, 'currency': 'RUB', 'payment_amount': 10000, 'extras_variants': [], 'extras': [], 'rate_id': 50646, 'deals': [], 'cancellation_type': 'free', 'credit_card': 1, 'bonus': 500, 'miles': 600, 'min_stay': 1, 'platichastyami': 0, 'mircashback': 1000}]",8000.0,480,15203_101hotels,2026-08-15
2301294,,Семейный благоустроенный номер,3,0,0,1,Трехместный,37,1,"[{'single': 1, 'double': 1}]",[],"[{'id': 1135958, 'capacity': 2, 'prepayment': 'FULL', 'nonrefundable': 0, 'cancellation_period': 0, 'cancellation_fee': 'NO', 'breakfast': 1, 'base_price': 10500, 'prices': [10500], 'price': 10500, 'old_price': 10500, 'currency': 'RUB', 'payment_amount': 10500, 'extras_variants': [], 'extras': [], 'rate_id': 57212, 'deals': [], 'cancellation_type': 'free', 'credit_card': 1, 'bonus': 525, 'miles': 630, 'min_stay': 1, 'platichastyami': 0, 'mircashback': 1050}, {'id': 1135959, 'capacity': 3, 'prepayment': 'FULL', 'nonrefundable': 0, 'cancellation_period': 0, 'cancellation_fee': 'NO', 'breakfast': 1, 'base_price': 15000, 'prices': [15000], 'price': 15000, 'old_price': 15000, 'currency': 'RUB', 'payment_amount': 15000, 'extras_variants': [], 'extras': [], 'rate_id': 57212, 'deals': [], 'cancellation_type': 'free', 'credit_card': 1, 'bonus': 750, 'miles': 900, 'min_stay': 1, 'platichastyami': 0, 'mircashback': 1500}]",10500.0,630,15203_101hotels,2026-08-15
2301298,,Двухместный благоустроенный с двухспальной кроватью,2,0,0,1,Двухместный,2,2,[{'double': 1}],[],"[{'id': 1048765, 'capacity': 1, 'prepayment': 'FULL', 'nonrefundable': 0, 'cancellation_period': 0, 'cancellation_fee': 'NO', 'breakfast': 1, 'base_price': 8000, 'prices': [8000], 'price': 8000, 'old_price': 8000, 'currency': 'RUB', 'payment_amount': 8000, 'extras_variants': [], 'extras': [], 'rate_id': 50646, 'deals': [], 'cancellation_type': 'free', 'credit_card': 1, 'bonus': 400, 'miles': 480, 'min_stay': 1, 'platichastyami': 0, 'mircashback': 800}, {'id': 1048766, 'capacity': 2, 'prepayment': 'FULL', 'nonrefundable': 0, 'cancellation_period': 0, 'cancellation_fee': 'NO', 'breakfast': 1, 'base_price': 10000, 'prices': [10000], 'price': 10000, 'old_price': 10000, 'currency': 'RUB', 'payment_amount': 10000, 'extras_variants': [], 'extras': [], 'rate_id': 50646, 'deals': [], 'cancellation_type': 'free', 'credit_card': 1, 'bonus': 500, 'miles': 600, 'min_stay': 1, 'platichastyami': 0, 'mircashback': 1000}]",8000.0,480,15203_101hotels,2026-08-15
2301299,,Двухместный благоустроенный домик,2,0,0,1,Двухместный,2,5,[{'single': 2}],[],"[{'id': 1222078, 'capacity': 1, 'prepayment': 'FULL', 'nonrefundable': 0, 'cancellation_period': 0, 'cancellation_fee': 'NO', 'breakfast': 1, 'base_price': 6000, 'prices': [6000], 'price': 6000, 'old_price': 6000, 'currency': 'RUB', 'payment_amount': 6000, 'extras_variants': [], 'extras': [], 'rate_id': 62790, 'deals': [], 'cancellation_type': 'free', 'credit_card': 1, 'bonus': 300, 'miles': 360, 'min_stay': 1, 'platichastyami': 0, 'mircashback': 600}, {'id': 1222079, 'capacity': 2, 'prepayment': 'FULL', 'nonrefundable': 0, 'cancellation_period': 0, 'cancellation_fee': 'NO', 'breakfast': 1, 'base_price': 8000, 'prices': [8000], 'price': 8000, 'old_price': 8000, 'currency': 'RUB', 'payment_amount': 8000, 'extras_variants': [], 'extras': [], 'rate_id': 62790, 'deals': [], 'cancellation_type': 'free', 'credit_card': 1, 'bonus': 400, 'miles': 480, 'min_stay': 1, 'platichastyami': 0, 'mircashback': 800}]",6000.0,360,15203_101hotels,2026-08-15
2301309,,Трехместный номер с 2-мя кроватями и диваном,3,0,0,1,Трёхместный и более,3,2,"[{'single': 1, 'sofa': 1}]",[],"[{'id': 1135956, 'capacity': 2, 'prepayment': 'FULL', 'nonrefundable': 0, 'cancellation_period': 0, 'cancellation_fee': 'NO', 'breakfast': 1, 'base_price': 10500, 'prices': [10500], 'price': 10500, 'old_price': 10500, 'currency': 'RUB', 'payment_amount': 10500, 'extras_variants': [], 'extras': [], 'rate_id': 57212, 'deals': [], 'cancellation_type': 'free', 'credit_card': 1, 'bonus': 525, 'miles': 630, 'min_stay': 1, 'platichastyami': 0, 'mircashback': 1050}, {'id': 1135963, 'capacity': 3, 'prepayment': 'FULL', 'nonrefundable': 0, 'cancellation_period': 0, 'cancellation_fee': 'NO', 'breakfast': 1, 'base_price': 15000, 'prices': [15000], 'price': 15000, 'old_price': 15000, 'currency': 'RUB', 'payment_amount': 15000, 'extras_variants': [], 'extras': [], 'rate_id': 57212, 'deals': [], 'cancellation_type': 'free', 'credit_card': 1, 'bonus': 750, 'miles': 900, 'min_stay': 1, 'platichastyami': 0, 'mircashback': 1500}]",10500.0,630,15203_101hotels,2026-08-15
727624,,Стандарт,2,0,0,1,Двухместный,2,1,"[{'single': 2}, {'double': 1}]",[],"[{'id': 253914, 'capacity': 1, 'prepayment': 'FIRST', 'nonrefundable': 0, 'cancellation_period': 14, 'cancellation_fee': 'FIRST', 'breakfast': 1, 'base_price': 10925, 'prices': [10925], 'price': 9832.5, 'old_price': 10925, 'currency': 'RUB', 'payment_amount': 10925, 'extras_variants': [], 'extras': [], 'rate_id': 366, 'deals': ['LAST_MINUTE'], 'cancellation_type': 'special', 'credit_card': 1, 'bonus': 492, 'miles': 588, 'min_stay': 1, 'platichastyami': 0, 'mircashback': 983}, {'id': 253915, 'capacity': 2, 'prepayment': 'FIRST', 'nonrefundable': 0, 'cancellation_period': 14, 'cancellation_fee': 'FIRST', 'breakfast': 1, 'base_price': 11500, 'prices': [11500], 'price': 10350, 'old_price': 11500, 'currency': 'RUB', 'payment_amount': 11500, 'extras_variants': [], 'extras': [], 'rate_id': 366, 'deals': ['LAST_MINUTE'], 'cancellation_type': 'special', 'credit_card': 1, 'bonus': 518, 'miles': 621, 'min_stay': 1, 'platichastyami': 0, 'mircashback': 1035}]",9832.5,588,227948_101hotels,2026-08-15
727625,,Улучшенный,3,0,0,1,Трехместный,37,2,"[{'single': 2, 'sofa': 1}, {'double': 1, 'sofa': 1}]",[],"[{'id': 253922, 'capacity': 1, 'prepayment': 'FIRST', 'nonrefundable': 0, 'cancellation_period': 14, 'cancellation_fee': 'FIRST', 'breakfast': 1, 'base_price': 14375, 'prices': [14375], 'price': 12937.5, 'old_price': 14375, 'currency': 'RUB', 'payment_amount': 14375, 'extras_variants': [], 'extras': [], 'rate_id': 366, 'deals': ['LAST_MINUTE'], 'cancellation_type': 'special', 'credit_card': 1, 'bonus': 647, 'miles': 774, 'min_stay': 1, 'platichastyami': 0, 'mircashback': 1294}, {'id': 253923, 'capacity': 2, 'prepayment': 'FIRST', 'nonrefundable': 0, 'cancellation_period': 14, 'cancellation_fee': 'FIRST', 'breakfast': 1, 'base_price': 14950, 'prices': [14950], 'price': 13455, 'old_price': 14950, 'currency': 'RUB', 'payment_amount': 14950, 'extras_variants': [], 'extras': [], 'rate_id': 366, 'deals': ['LAST_MINUTE'], 'cancellation_type': 'special', 'credit_card': 1, 'bonus': 673, 'miles': 807, 'min_stay': 1, 'platichastyami': 0, 'mircashback': 1346}, {'id': 253955, 'capacity': 3, 'prepayment': 'FIRST', 'nonrefundable': 0, 'cancellation_period': 14, 'cancellation_fee': 'FIRST', 'breakfast': 1, 'base_price': 18975, 'prices': [18975], 'price': 17077.5, 'old_price': 18975, 'currency': 'RUB', 'payment_amount': 18975, 'extras_variants': [], 'extras': [], 'rate_id': 366, 'deals': ['LAST_MINUTE'], 'cancellation_type': 'special', 'credit_card': 1, 'bonus': 854, 'miles': 1023, 'min_stay': 1, 'platichastyami': 0, 'mircashback': 1708}]",12937.5,774,227948_101hotels,2026-08-15
1906257,,,2,0,0,1,Делюкс,29,2,"[{'single': 2}, {'double': 1}]",[],"[{'id': 253916, 'capacity': 1, 'prepayment': 'FIRST', 'nonrefundable': 0, 'cancellation_period': 14, 'cancellation_fee': 'FIRST', 'breakfast': 1, 'base_price': 16675, 'prices': [16675], 'price': 15007.5, 'old_price': 16675, 'currency': 'RUB', 'payment_amount': 16675, 'extras_variants': [], 'extras': [], 'rate_id': 366, 'deals': ['LAST_MINUTE'], 'cancellation_type': 'special', 'credit_card': 1, 'bonus': 750, 'miles': 900, 'min_stay': 1, 'platichastyami': 0, 'mircashback': 1501}, {'id': 253917, 'capacity': 2, 'prepayment': 'FIRST', 'nonrefundable': 0, 'cancellation_period': 14, 'cancellation_fee': 'FIRST', 'breakfast': 1, 'base_price': 17250, 'prices': [17250], 'price': 15525, 'old_price': 17250, 'currency': 'RUB', 'payment_amount': 17250, 'extras_variants': [], 'extras': [], 'rate_id': 366, 'deals': ['LAST_MINUTE'], 'cancellation_type': 'special', 'credit_card': 1, 'bonus': 776, 'miles': 930, 'min_stay': 1, 'platichastyami': 0, 'mircashback': 1553}]",15007.5,900,227948_101hotels,2026-08-15
1906259,,,2,0,0,1,Люкс,6,2,"[{'single': 2}, {'double': 1}]",[],"[{'id': 253920, 'capacity': 1, 'prepayment': 'FIRST', 'nonrefundable': 0, 'cancellation_period': 14, 'cancellation_fee': 'FIRST', 'breakfast': 1, 'base_price': 17825, 'prices': [17825], 'price': 16042.5, 'old_price': 17825, 'currency': 'RUB', 'payment_amount': 17825, 'extras_variants': [], 'extras': [], 'rate_id': 366, 'deals': ['LAST_MINUTE'], 'cancellation_type': 'special', 'credit_card': 1, 'bonus': 802, 'miles': 960, 'min_stay': 1, 'platichastyami': 0, 'mircashback': 1604}, {'id': 253921, 'capacity': 2, 'prepayment': 'FIRST', 'nonrefundable': 0, 'cancellation_period': 14, 'cancellation_fee': 'FIRST', 'breakfast': 1, 'base_price': 18400, 'prices': [18400], 'price': 16560, 'old_price': 18400, 'currency': 'RUB', 'payment_amount': 18400, 'extras_variants': [], 'extras': [], 'rate_id': 366, 'deals': ['LAST_MINUTE'], 'cancellation_type': 'special', 'credit_card': 1, 'bonus': 828, 'miles': 993, 'min_stay': 1, 'platichastyami': 0, 'mircashback': 1656}]",16042.5,960,227948_101hotels,2026-08-15
2271355,,Арт-номер,2,0,0,1,Двухместный,2,2,"[{'single': 2}, {'double': 1}]",[],"[{'id': 766415, 'capacity': 1, 'prepayment': 'FIRST', 'nonrefundable': 0, 'cancellation_period': 14, 'cancellation_fee': 'FIRST', 'breakfast': 1, 'base_price': 16675, 'prices': [16675], 'price': 15007.5, 'old_price': 16675, 'currency': 'RUB', 'payment_amount': 16675, 'extras_variants': [], 'extras': [], 'rate_id': 366, 'deals': ['LAST_MINUTE'], 'cancellation_type': 'special', 'credit_card': 1, 'bonus': 750, 'miles': 900, 'min_stay': 1, 'platichastyami': 0, 'mircashback': 1501}, {'id': 766416, 'capacity': 2, 'prepayment': 'FIRST', 'nonrefundable': 0, 'cancellation_period': 14, 'cancellation_fee': 'FIRST', 'breakfast': 1, 'base_price': 17250, 'prices': [17250], 'price': 15525, 'old_price': 17250, 'currency': 'RUB', 'payment_amount': 17250, 'extras_variants': [], 'extras': [], 'rate_id': 366, 'deals': ['LAST_MINUTE'], 'cancellation_type': 'special', 'credit_card': 1, 'bonus': 776, 'miles': 930, 'min_stay': 1, 'platichastyami': 0, 'mircashback': 1553}]",15007.5,900,227948_101hotels,2026-08-15
2280855,,Junior Suite,4,2,0,1,Полулюкс,4,5,"[{'single': 2, 'sofa': 1}]",[],"[{'id': 859682, 'capacity': 1, 'prepayment': 'FULL', 'nonrefundable': 0, 'cancellation_period': 14, 'cancellation_fee': 'FIRST', 'breakfast': 0, 'base_price': 7000, 'prices': [7000], 'price': 7000, 'old_price': 7000, 'currency': 'RUB', 'payment_amount': 7000, 'extras_variants': [], 'extras': [], 'rate_id': 39223, 'deals': [], 'cancellation_type': 'special', 'credit_card': 1, 'bonus': 350, 'miles': 420, 'min_stay': 1, 'platichastyami': 0, 'mircashback': 700}, {'id': 859683, 'capacity': 2, 'prepayment': 'FULL', 'nonrefundable': 0, 'cancellation_period': 14, 'cancellation_fee': 'FIRST', 'breakfast': 0, 'base_price': 7000, 'prices': [7000], 'price': 7000, 'old_price': 7000, 'currency': 'RUB', 'payment_amount': 7000, 'extras_variants': [], 'extras': [], 'rate_id': 39223, 'deals': [], 'cancellation_type': 'special', 'credit_card': 1, 'bonus': 350, 'miles': 420, 'min_stay': 1, 'platichastyami': 0, 'mircashback': 700}, {'id': 1191740, 'capacity': 3, 'prepayment': 'FULL', 'nonrefundable': 0, 'cancellation_period': 14, 'cancellation_fee': 'FIRST', 'breakfast': 0, 'base_price': 8000, 'prices': [8000], 'price': 8000, 'old_price': 8000, 'currency': 'RUB', 'payment_amount': 8000, 'extras_variants': [], 'extras': [], 'rate_id': 39223, 'deals': [], 'cancellation_type': 'special', 'credit_card': 1, 'bonus': 400, 'miles': 480, 'min_stay': 1, 'platichastyami': 0, 'mircashback': 800}, {'id': 1191741, 'capacity': 4, 'prepayment': 'FULL', 'nonrefundable': 0, 'cancellation_period': 14, 'cancellation_fee': 'FIRST', 'breakfast': 0, 'base_price': 9000, 'prices': [9000], 'price': 9000, 'old_price': 9000, 'currency': 'RUB', 'payment_amount': 9000, 'extras_variants': [], 'extras': [], 'rate_id': 39223, 'deals': [], 'cancellation_type': 'special', 'credit_card': 1, 'bonus': 450, 'miles': 540, 'min_stay': 1, 'platichastyami': 0, 'mircashback': 900}]",7000.0,420,668080_101hotels,2026-08-15
2299973,,Стандартный,2,1,0,1,Двухместный,2,1,"[{'single': 2, 'sofa': 1}, {'double': 1, 'sofa': 1}]",[],"[{'id': 1040937, 'capacity': 1, 'prepayment': 'FULL', 'nonrefundable': 0, 'cancellation_period': 0, 'cancellation_fee': 'NO', 'breakfast': 0, 'base_price': 10200, 'prices': [10200], 'price': 10200, 'old_price': 10200, 'currency': 'RUB', 'payment_amount': 10200, 'extras_variants': [], 'extras': [], 'rate_id': 50459, 'deals': [], 'cancellation_type': 'free', 'credit_card': 1, 'bonus': 510, 'miles': 612, 'min_stay': 1, 'platichastyami': 0, 'mircashback': 1020}, {'id': 1040938, 'capacity': 2, 'prepayment': 'FULL', 'nonrefundable': 0, 'cancellation_period': 0, 'cancellation_fee': 'NO', 'breakfast': 0, 'base_price': 10200, 'prices': [10200], 'price': 10200, 'old_price': 10200, 'currency': 'RUB', 'payment_amount': 10200, 'extras_variants': [], 'extras': [], 'rate_id': 50459, 'deals': [], 'cancellation_type': 'free', 'credit_card': 1, 'bonus': 510, 'miles': 612, 'min_stay': 1, 'platichastyami': 0, 'mircashback': 1020}]",10200.0,612,673191_101hotels,2026-08-15
2311822,,Стандарт двухместный,2,0,0,1,Двухместный,2,2,[{'single': 2}],"[{'id': '35738', 'number': '1', 'min_age': '0', 'max_age': '6', 'is_extra_bed': '0', 'extra_bed_type_id': '0'}]","[{'id': 1145844, 'capacity': 1, 'prepayment': 'FULL', 'nonrefundable': 0, 'cancellation_period': 0, 'cancellation_fee': 'NO', 'breakfast': 1, 'base_price': 10000, 'prices': [10000], 'price': 10000, 'old_price': 10000, 'currency': 'RUB', 'payment_amount': 10000, 'extras_variants': [], 'extras': {'35738': {'id': 35738, 'number': 1, 'extra_bed_type_id': 0, 'age': [0, 6], 'extra_bed': 0, 'free': 1}}, 'rate_id': 57795, 'deals': [], 'cancellation_type': 'free', 'credit_card': 1, 'bonus': 500, 'miles': 600, 'min_stay': 1, 'platichastyami': 0, 'mircashback': 1000}, {'id': 1145845, 'capacity': 2, 'prepayment': 'FULL', 'nonrefundable': 0, 'cancellation_period': 0, 'cancellation_fee': 'NO', 'breakfast': 1, 'base_price': 10000, 'prices': [10000], 'price': 10000, 'old_price': 10000, 'currency': 'RUB', 'payment_amount': 10000, 'extras_variants': [], 'extras': {'35738': {'id': 35738, 'number': 1, 'extra_bed_type_id': 0, 'age': [0, 6], 'extra_bed': 0, 'free': 1}}, 'rate_id': 57795, 'deals': [], 'cancellation_type': 'free', 'credit_card': 1, 'bonus': 500, 'miles': 600, 'min_stay': 1, 'platichastyami': 0, 'mircashback': 1000}]",10000.0,600,675975_101hotels,2026-08-15
2311823,,Двухместный,2,0,0,1,Двухместный,2,1,[{'double': 1}],[],"[{'id': 1145846, 'capacity': 1, 'prepayment': 'FULL', 'nonrefundable': 0, 'cancellation_period': 0, 'cancellation_fee': 'NO', 'breakfast': 1, 'base_price': 9000, 'prices': [9000], 'price': 9000, 'old_price': 9000, 'currency': 'RUB', 'payment_amount': 9000, 'extras_variants': [], 'extras': [], 'rate_id': 57795, 'deals': [], 'cancellation_type': 'free', 'credit_card': 1, 'bonus': 450, 'miles': 540, 'min_stay': 1, 'platichastyami': 0, 'mircashback': 900}, {'id': 1145847, 'capacity': 2, 'prepayment': 'FULL', 'nonrefundable': 0, 'cancellation_period': 0, 'cancellation_fee': 'NO', 'breakfast': 1, 'base_price': 9000, 'prices': [9000], 'price': 9000, 'old_price': 9000, 'currency': 'RUB', 'payment_amount': 9000, 'extras_variants': [], 'extras': [], 'rate_id': 57795, 'deals': [], 'cancellation_type': 'free', 'credit_card': 1, 'bonus': 450, 'miles': 540, 'min_stay': 1, 'platichastyami': 0, 'mircashback': 900}]",9000.0,540,675975_101hotels,2026-08-15
1620071,,С 1 кроватью или 2 отдельными кроватями,2,1,0,1,Двухместный,2,3,"[{'single': 2}, {'single': 2, 'sofa': 1}, {'double': 1}, {'double': 1, 'sofa': 1}]","[{'id': '5236', 'number': '1', 'min_age': '0', 'max_age': '3', 'is_extra_bed': '1', 'extra_bed_type_id': '4'}]","[{'id': 569265, 'capacity': 1, 'prepayment': 'FIRST', 'nonrefundable': 0, 'cancellation_period': 3, 'cancellation_fee': 'FIRST', 'breakfast': 1, 'base_price': 9200, 'prices': [9200], 'price': 9200, 'old_price': 9200, 'currency': 'RUB', 'payment_amount': 9200, 'extras_variants': [], 'extras': {'5236': {'id': 5236, 'number': 1, 'extra_bed_type_id': 4, 'age': [0, 3], 'extra_bed': 1, 'free': 1}}, 'rate_id': 11332, 'deals': [], 'cancellation_type': 'special', 'credit_card': 1, 'bonus': 460, 'miles': 552, 'min_stay': 1, 'platichastyami': 0, 'mircashback': 920}, {'id': 569266, 'capacity': 2, 'prepayment': 'FIRST', 'nonrefundable': 0, 'cancellation_period': 3, 'cancellation_fee': 'FIRST', 'breakfast': 1, 'base_price': 10000, 'prices': [10000], 'price': 10000, 'old_price': 10000, 'currency': 'RUB', 'payment_amount': 10000, 'extras_variants': [], 'extras': {'5236': {'id': 5236, 'number': 1, 'extra_bed_type_id': 4, 'age': [0, 3], 'extra_bed': 1, 'free': 1}}, 'rate_id': 11332, 'deals': [], 'cancellation_type': 'special', 'credit_card': 1, 'bonus': 500, 'miles': 600, 'min_stay': 1, 'platichastyami': 0, 'mircashback': 1000}]",9200.0,552,496517_101hotels,2026-08-15
1620072,,Улучшенный с видом на море,3,1,0,1,Трехместный,37,1,"[{'single': 1, 'double': 1, 'sofa': 1}]","[{'id': '2334', 'number': '1', 'min_age': '0', 'max_age': '3', 'is_extra_bed': '1', 'extra_bed_type_id': '4'}]","[{'id': 569271, 'capacity': 1, 'prepayment': 'FIRST', 'nonrefundable': 0, 'cancellation_period': 3, 'cancellation_fee': 'FIRST', 'breakfast': 1, 'base_price': 17200, 'prices': [17200], 'price': 17200, 'old_price': 17200, 'currency': 'RUB', 'payment_amount': 17200, 'extras_variants': [], 'extras': {'2334': {'id': 2334, 'number': 1, 'extra_bed_type_id': 4, 'age': [0, 3], 'extra_bed': 1, 'free': 1}}, 'rate_id': 11332, 'deals': [], 'cancellation_type': 'special', 'credit_card': 1, 'bonus': 860, 'miles': 1032, 'min_stay': 1, 'platichastyami': 0, 'mircashback': 1720}, {'id': 569272, 'capacity': 2, 'prepayment': 'FIRST', 'nonrefundable': 0, 'cancellation_period': 3, 'cancellation_fee': 'FIRST', 'breakfast': 1, 'base_price': 17200, 'prices': [17200], 'price': 17200, 'old_price': 17200, 'currency': 'RUB', 'payment_amount': 17200, 'extras_variants': [], 'extras': {'2334': {'id': 2334, 'number': 1, 'extra_bed_type_id': 4, 'age': [0, 3], 'extra_bed': 1, 'free': 1}}, 'rate_id': 11332, 'deals': [], 'cancellation_type': 'special', 'credit_card': 1, 'bonus': 860, 'miles': 1032, 'min_stay': 1, 'platichastyami': 0, 'mircashback': 1720}, {'id': 569273, 'capacity': 3, 'prepayment': 'FIRST', 'nonrefundable': 0, 'cancellation_period': 3, 'cancellation_fee': 'FIRST', 'breakfast': 1, 'base_price': 18000, 'prices': [18000], 'price': 18000, 'old_price': 18000, 'currency': 'RUB', 'payment_amount': 18000, 'extras_variants': [], 'extras': {'2334': {'id': 2334, 'number': 1, 'extra_bed_type_id': 4, 'age': [0, 3], 'extra_bed': 1, 'free': 1}}, 'rate_id': 11332, 'deals': [], 'cancellation_type': 'special', 'credit_card': 1, 'bonus': 900, 'miles': 1080, 'min_stay': 1, 'platichastyami': 0, 'mircashback': 1800}]",17200.0,1032,496517_101hotels,2026-08-15
2214297,,С 1 кроватью или 2 отдельными кроватями и боковым видом на море,2,1,0,1,Двухместный,2,3,"[{'single': 2}, {'double': 1}]","[{'id': '2333', 'number': '1', 'min_age': '0', 'max_age': '3', 'is_extra_bed': '1', 'extra_bed_type_id': '4'}]","[{'id': 569268, 'capacity': 1, 'prepayment': 'FIRST', 'nonrefundable': 0, 'cancellation_period': 3, 'cancellation_fee': 'FIRST', 'breakfast': 1, 'base_price': 10200, 'prices': [10200], 'price': 10200, 'old_price': 10200, 'currency': 'RUB', 'payment_amount': 10200, 'extras_variants': [], 'extras': {'2333': {'id': 2333, 'number': 1, 'extra_bed_type_id': 4, 'age': [0, 3], 'extra_bed': 1, 'free': 1}}, 'rate_id': 11332, 'deals': [], 'cancellation_type': 'special', 'credit_card': 1, 'bonus': 510, 'miles': 612, 'min_stay': 1, 'platichastyami': 0, 'mircashback': 1020}, {'id': 569269, 'capacity': 2, 'prepayment': 'FIRST', 'nonrefundable': 0, 'cancellation_period': 3, 'cancellation_fee': 'FIRST', 'breakfast': 1, 'base_price': 11000, 'prices': [11000], 'price': 11000, 'old_price': 11000, 'currency': 'RUB', 'payment_amount': 11000, 'extras_variants': [], 'extras': {'2333': {'id': 2333, 'number': 1, 'extra_bed_type_id': 4, 'age': [0, 3], 'extra_bed': 1, 'free': 1}}, 'rate_id': 11332, 'deals': [], 'cancellation_type': 'special', 'credit_card': 1, 'bonus': 550, 'miles': 660, 'min_stay': 1, 'platichastyami': 0, 'mircashback': 1100}]",10200.0,612,496517_101hotels,2026-08-15
2298229,,Гостевой,2,0,0,1,Двухместный,2,9,[{'single': 2}],[],"[{'id': 1025873, 'capacity': 1, 'prepayment': 'FULL', 'nonrefundable': 0, 'cancellation_period': 0, 'cancellation_fee': 'NO', 'breakfast': 0, 'base_price': 5000, 'prices': [5000], 'price': 5000, 'old_price': 5000, 'currency': 'RUB', 'payment_amount': 5000, 'extras_variants': [], 'extras': [], 'rate_id': 49542, 'deals': [], 'cancellation_type': 'free', 'credit_card': 1, 'bonus': 250, 'miles': 300, 'min_stay': 1, 'platichastyami': 0, 'mircashback': 500}, {'id': 1025874, 'capacity': 2, 'prepayment': 'FULL', 'nonrefundable': 0, 'cancellation_period': 0, 'cancellation_fee': 'NO', 'breakfast': 0, 'base_price': 5000, 'prices': [5000], 'price': 5000, 'old_price': 5000, 'currency': 'RUB', 'payment_amount': 5000, 'extras_variants': [], 'extras': [], 'rate_id': 49542, 'deals': [], 'cancellation_type': 'free', 'credit_card': 1, 'bonus': 250, 'miles': 300, 'min_stay': 1, 'platichastyami': 0, 'mircashback': 500}]",5000.0,300,514123_101hotels,2026-08-15
2298230,,Стандарт,2,1,0,1,Трехместный,37,15,[{'single': 1}],[],"[{'id': 1025879, 'capacity': 1, 'prepayment': 'FULL', 'nonrefundable': 0, 'cancellation_period': 0, 'cancellation_fee': 'NO', 'breakfast': 0, 'base_price': 5000, 'prices': [5000], 'price': 5000, 'old_price': 5000, 'currency': 'RUB', 'payment_amount': 5000, 'extras_variants': [], 'extras': [], 'rate_id': 49542, 'deals': [], 'cancellation_type': 'free', 'credit_card': 1, 'bonus': 250, 'miles': 300, 'min_stay': 1, 'platichastyami': 0, 'mircashback': 500}, {'id': 1025880, 'capacity': 2, 'prepayment': 'FULL', 'nonrefundable': 0, 'cancellation_period': 0, 'cancellation_fee': 'NO', 'breakfast': 0, 'base_price': 5000, 'prices': [5000], 'price': 5000, 'old_price': 5000, 'currency': 'RUB', 'payment_amount': 5000, 'extras_variants': [], 'extras': [], 'rate_id': 49542, 'deals': [], 'cancellation_type': 'free', 'credit_card': 1, 'bonus': 250, 'miles': 300, 'min_stay': 1, 'platichastyami': 0, 'mircashback': 500}]",5000.0,300,514123_101hotels,2026-08-15
2298231,,Комфорт,2,2,0,1,Трёхместный и более,3,2,"[{'double': 1, 'sofa': 1}]","[{'id': '20498', 'number': '1', 'min_age': '1', 'max_age': '7', 'is_extra_bed': '1', 'extra_bed_type_id': '4'}]","[{'id': 1025875, 'capacity': 1, 'prepayment': 'FULL', 'nonrefundable': 0, 'cancellation_period': 0, 'cancellation_fee': 'NO', 'breakfast': 0, 'base_price': 6500, 'prices': [6500], 'price': 6500, 'old_price': 6500, 'currency': 'RUB', 'payment_amount': 6500, 'extras_variants': [], 'extras': {'20498': {'id': 20498, 'number': 1, 'extra_bed_type_id': 4, 'age': [1, 7], 'extra_bed': 1, 'free': 1}}, 'rate_id': 49542, 'deals': [], 'cancellation_type': 'free', 'credit_card': 1, 'bonus': 325, 'miles': 390, 'min_stay': 1, 'platichastyami': 0, 'mircashback': 650}, {'id': 1025876, 'capacity': 2, 'prepayment': 'FULL', 'nonrefundable': 0, 'cancellation_period': 0, 'cancellation_fee': 'NO', 'breakfast': 0, 'base_price': 6500, 'prices': [6500], 'price': 6500, 'old_price': 6500, 'currency': 'RUB', 'payment_amount': 6500, 'extras_variants': [], 'extras': {'20498': {'id': 20498, 'number': 1, 'extra_bed_type_id': 4, 'age': [1, 7], 'extra_bed': 1, 'free': 1}}, 'rate_id': 49542, 'deals': [], 'cancellation_type': 'free', 'credit_card': 1, 'bonus': 325, 'miles': 390, 'min_stay': 1, 'platichastyami': 0, 'mircashback': 650}]",6500.0,390,514123_101hotels,2026-08-15
2298232,,Улучшенный,2,1,0,1,Бунгало,30,7,"[{'single': 1, 'double': 1}]","[{'id': '20473', 'number': '1', 'min_age': '1', 'max_age': '7', 'is_extra_bed': '1', 'extra_bed_type_id': '4'}]","[{'id': 1025877, 'capacity': 1, 'prepayment': 'FULL', 'nonrefundable': 0, 'cancellation_period': 0, 'cancellation_fee': 'NO', 'breakfast': 0, 'base_price': 5500, 'prices': [5500], 'price': 5500, 'old_price': 5500, 'currency': 'RUB', 'payment_amount': 5500, 'extras_variants': [], 'extras': {'20473': {'id': 20473, 'number': 1, 'extra_bed_type_id': 4, 'age': [1, 7], 'extra_bed': 1, 'free': 1}}, 'rate_id': 49542, 'deals': [], 'cancellation_type': 'free', 'credit_card': 1, 'bonus': 275, 'miles': 330, 'min_stay': 1, 'platichastyami': 0, 'mircashback': 550}, {'id': 1025878, 'capacity': 2, 'prepayment': 'FULL', 'nonrefundable': 0, 'cancellation_period': 0, 'cancellation_fee': 'NO', 'breakfast': 0, 'base_price': 5500, 'prices': [5500], 'price': 5500, 'old_price': 5500, 'currency': 'RUB', 'payment_amount': 5500, 'extras_variants': [], 'extras': {'20473': {'id': 20473, 'number': 1, 'extra_bed_type_id': 4, 'age': [1, 7], 'extra_bed': 1, 'free': 1}}, 'rate_id': 49542, 'deals': [], 'cancellation_type': 'free', 'credit_card': 1, 'bonus': 275, 'miles': 330, 'min_stay': 1, 'platichastyami': 0, 'mircashback': 550}]",5500.0,330,514123_101hotels,2026-08-15
78394,,"Номер ""Премиум"" с 2 спальнями",4,0,0,1,Сюит,27,1,"[{'double': 1}, {'double': 1}]",[],"[{'id': 316492, 'capacity': 1, 'prepayment': 'FIRST', 'nonrefundable': 0, 'cancellation_period': 1, 'cancellation_fee': 'FIRST', 'breakfast': 6, 'base_price': 34115, 'prices': [34115], 'price': 34115, 'old_price': 34115, 'currency': 'RUB', 'payment_amount': 34115, 'extras_variants': [], 'extras': [], 'rate_id': 3119, 'deals': [], 'cancellation_type': 'special', 'credit_card': 1, 'bonus': 1706, 'miles': 2046, 'min_stay': 1, 'platichastyami': 0, 'mircashback': 3412}, {'id': 525774, 'capacity': 1, 'prepayment': 'FIRST', 'nonrefundable': 0, 'cancellation_period': 1, 'cancellation_fee': 'FIRST', 'breakfast': 1, 'base_price': 34115, 'prices': [34115], 'price': 34115, 'old_price': 34115, 'currency': 'RUB', 'payment_amount': 34115, 'extras_variants': [], 'extras': [], 'rate_id': 16033, 'deals': [], 'cancellation_type': 'special', 'credit_card': 1, 'bonus': 1706, 'miles': 2046, 'min_stay': 1, 'platichastyami': 0, 'mircashback': 3412}, {'id': 316493, 'capacity': 2, 'prepayment': 'FIRST', 'nonrefundable': 0, 'cancellation_period': 1, 'cancellation_fee': 'FIRST', 'breakfast': 6, 'base_price': 34115, 'prices': [34115], 'price': 34115, 'old_price': 34115, 'currency': 'RUB', 'payment_amount': 34115, 'extras_variants': [], 'extras': [], 'rate_id': 3119, 'deals': [], 'cancellation_type': 'special', 'credit_card': 1, 'bonus': 1706, 'miles': 2046, 'min_stay': 1, 'platichastyami': 0, 'mircashback': 3412}, {'id': 525775, 'capacity': 2, 'prepayment': 'FIRST', 'nonrefundable': 0, 'cancellation_period': 1, 'cancellation_fee': 'FIRST', 'breakfast': 1, 'base_price': 34115, 'prices': [34115], 'price': 34115, 'old_price': 34115, 'currency': 'RUB', 'payment_amount': 34115, 'extras_variants': [], 'extras': [], 'rate_id': 16033, 'deals': [], 'cancellation_type': 'special', 'credit_card': 1, 'bonus': 1706, 'miles': 2046, 'min_stay': 1, 'platichastyami': 0, 'mircashback': 3412}, {'id': 316494, 'capacity': 3, 'prepayment': 'FIRST', 'nonrefundable': 0, 'cancellation_period': 1, 'cancellation_fee': 'FIRST', 'breakfast': 6, 'base_price': 34115, 'prices': [34115], 'price': 34115, 'old_price': 34115, 'currency': 'RUB', 'payment_amount': 34115, 'extras_variants': [], 'extras': [], 'rate_id': 3119, 'deals': [], 'cancellation_type': 'special', 'credit_card': 1, 'bonus': 1706, 'miles': 2046, 'min_stay': 1, 'platichastyami': 0, 'mircashback': 3412}, {'id': 525776, 'capacity': 3, 'prepayment': 'FIRST', 'nonrefundable': 0, 'cancellation_period': 1, 'cancellation_fee': 'FIRST', 'breakfast': 1, 'base_price': 34115, 'prices': [34115], 'price': 34115, 'old_price': 34115, 'currency': 'RUB', 'payment_amount': 34115, 'extras_variants': [], 'extras': [], 'rate_id': 16033, 'deals': [], 'cancellation_type': 'special', 'credit_card': 1, 'bonus': 1706, 'miles': 2046, 'min_stay': 1, 'platichastyami': 0, 'mircashback': 3412}, {'id': 316495, 'capacity': 4, 'prepayment': 'FIRST', 'nonrefundable': 0, 'cancellation_period': 1, 'cancellation_fee': 'FIRST', 'breakfast': 6, 'base_price': 34115, 'prices': [34115], 'price': 34115, 'old_price': 34115, 'currency': 'RUB', 'payment_amount': 34115, 'extras_variants': [], 'extras': [], 'rate_id': 3119, 'deals': [], 'cancellation_type': 'special', 'credit_card': 1, 'bonus': 1706, 'miles': 2046, 'min_stay': 1, 'platichastyami': 0, 'mircashback': 3412}, {'id': 525777, 'capacity': 4, 'prepayment': 'FIRST', 'nonrefundable': 0, 'cancellation_period': 1, 'cancellation_fee': 'FIRST', 'breakfast': 1, 'base_price': 34115, 'prices': [34115], 'price': 34115, 'old_price': 34115, 'currency': 'RUB', 'payment_amount': 34115, 'extras_variants': [], 'extras': [], 'rate_id': 16033, 'deals': [], 'cancellation_type': 'special', 'credit_card': 1, 'bonus': 1706, 'miles': 2046, 'min_stay': 1, 'platichastyami': 0, 'mircashback': 3412}]",34115.0,2046,15192_101hotels,2026-08-15
78395,,Комфорт с 1 кроватью или 2 отдельными кроватями,2,0,0,1,Двухместный,2,1,"[{'single': 2}, {'double': 1}]",[],"[{'id': 316488, 'capacity': 1, 'prepayment': 'FIRST', 'nonrefundable': 0, 'cancellation_period': 1, 'cancellation_fee': 'FIRST', 'breakfast': 6, 'base_price': 16632, 'prices': [16632], 'price': 16632, 'old_price': 16632, 'currency': 'RUB', 'payment_amount': 16632, 'extras_variants': [], 'extras': [], 'rate_id': 3119, 'deals': [], 'cancellation_type': 'special', 'credit_card': 1, 'bonus': 832, 'miles': 996, 'min_stay': 1, 'platichastyami': 0, 'mircashback': 1663}, {'id': 525768, 'capacity': 1, 'prepayment': 'FIRST', 'nonrefundable': 0, 'cancellation_period': 1, 'cancellation_fee': 'FIRST', 'breakfast': 1, 'base_price': 16632, 'prices': [16632], 'price': 16632, 'old_price': 16632, 'currency': 'RUB', 'payment_amount': 16632, 'extras_variants': [], 'extras': [], 'rate_id': 16033, 'deals': [], 'cancellation_type': 'special', 'credit_card': 1, 'bonus': 832, 'miles': 996, 'min_stay': 1, 'platichastyami': 0, 'mircashback': 1663}, {'id': 316489, 'capacity': 2, 'prepayment': 'FIRST', 'nonrefundable': 0, 'cancellation_period': 1, 'cancellation_fee': 'FIRST', 'breakfast': 6, 'base_price': 17892, 'prices': [17892], 'price': 17892, 'old_price': 17892, 'currency': 'RUB', 'payment_amount': 17892, 'extras_variants': [], 'extras': [], 'rate_id': 3119, 'deals': [], 'cancellation_type': 'special', 'credit_card': 1, 'bonus': 895, 'miles': 1071, 'min_stay': 1, 'platichastyami': 0, 'mircashback': 1789}, {'id': 525769, 'capacity': 2, 'prepayment': 'FIRST', 'nonrefundable': 0, 'cancellation_period': 1, 'cancellation_fee': 'FIRST', 'breakfast': 1, 'base_price': 17892, 'prices': [17892], 'price': 17892, 'old_price': 17892, 'currency': 'RUB', 'payment_amount': 17892, 'extras_variants': [], 'extras': [], 'rate_id': 16033, 'deals': [], 'cancellation_type': 'special', 'credit_card': 1, 'bonus': 895, 'miles': 1071, 'min_stay': 1, 'platichastyami': 0, 'mircashback': 1789}]",16632.0,996,15192_101hotels,2026-08-15
2232543,,Стандарт  раздельные кровати,2,0,0,1,Двухместный,2,5,[{'single': 2}],"[{'id': '13123', 'number': '2', 'min_age': '1', 'max_age': '7', 'is_extra_bed': '0', 'extra_bed_type_id': '0'}]","[{'id': 1220165, 'capacity': 1, 'prepayment': 'FULL', 'nonrefundable': 0, 'cancellation_period': 0, 'cancellation_fee': 'NO', 'breakfast': 0, 'base_price': 6900, 'prices': [6900], 'price': 6900, 'old_price': 6900, 'currency': 'RUB', 'payment_amount': 6900, 'extras_variants': [], 'extras': {'13123': {'id': 13123, 'number': 2, 'extra_bed_type_id': 0, 'age': [1, 7], 'extra_bed': 0, 'free': 1}}, 'rate_id': 62660, 'deals': [], 'cancellation_type': 'free', 'credit_card': 1, 'bonus': 345, 'miles': 414, 'min_stay': 1, 'platichastyami': 0, 'mircashback': 690}, {'id': 1220166, 'capacity': 2, 'prepayment': 'FULL', 'nonrefundable': 0, 'cancellation_period': 0, 'cancellation_fee': 'NO', 'breakfast': 0, 'base_price': 6900, 'prices': [6900], 'price': 6900, 'old_price': 6900, 'currency': 'RUB', 'payment_amount': 6900, 'extras_variants': [], 'extras': {'13123': {'id': 13123, 'number': 2, 'extra_bed_type_id': 0, 'age': [1, 7], 'extra_bed': 0, 'free': 1}}, 'rate_id': 62660, 'deals': [], 'cancellation_type': 'free', 'credit_card': 1, 'bonus': 345, 'miles': 414, 'min_stay': 1, 'platichastyami': 0, 'mircashback': 690}]",6900.0,414,189278_101hotels,2026-08-15
2298938,,Семейный номер Делюкс с красивым видом из окна,2,1,0,1,Дом,56,3,[{'single': 2}],[],"[{'id': 1030863, 'capacity': 1, 'prepayment': 'FIRST', 'nonrefundable': 1, 'cancellation_period': 0, 'cancellation_fee': 'FIRST', 'breakfast': 1, 'base_price': 40000, 'prices': [40000], 'price': 40000, 'old_price': 40000, 'currency': 'RUB', 'payment_amount': 40000, 'extras_variants': [], 'extras': [], 'rate_id': 3781, 'deals': [], 'cancellation_type': 'nonrefundable', 'credit_card': 1, 'bonus': 2000, 'miles': 2400, 'min_stay': 1, 'platichastyami': 0, 'mircashback': 4000}, {'id': 1030864, 'capacity': 2, 'prepayment': 'FIRST', 'nonrefundable': 1, 'cancellation_period': 0, 'cancellation_fee': 'FIRST', 'breakfast': 1, 'base_price': 40000, 'prices': [40000], 'price': 40000, 'old_price': 40000, 'currency': 'RUB', 'payment_amount': 40000, 'extras_variants': [], 'extras': [], 'rate_id': 3781, 'deals': [], 'cancellation_type': 'nonrefundable', 'credit_card': 1, 'bonus': 2000, 'miles': 2400, 'min_stay': 1, 'platichastyami': 0, 'mircashback': 4000}]",40000.0,2400,458938_101hotels,2026-08-15
2298939,,Апартаменты на берегу озера,2,1,0,1,Дом,56,1,[{'double': 1}],[],"[{'id': 1030867, 'capacity': 1, 'prepayment': 'FIRST', 'nonrefundable': 1, 'cancellation_period': 0, 'cancellation_fee': 'FIRST', 'breakfast': 1, 'base_price': 50000, 'prices': [50000], 'price': 50000, 'old_price': 50000, 'currency': 'RUB', 'payment_amount': 50000, 'extras_variants': [], 'extras': [], 'rate_id': 3781, 'deals': [], 'cancellation_type': 'nonrefundable', 'credit_card': 1, 'bonus': 2500, 'miles': 3000, 'min_stay': 1, 'platichastyami': 0, 'mircashback': 5000}, {'id': 1030868, 'capacity': 2, 'prepayment': 'FIRST', 'nonrefundable': 1, 'cancellation_period': 0, 'cancellation_fee': 'FIRST', 'breakfast': 1, 'base_price': 50000, 'prices': [50000], 'price': 50000, 'old_price': 50000, 'currency': 'RUB', 'payment_amount': 50000, 'extras_variants': [], 'extras': [], 'rate_id': 3781, 'deals': [], 'cancellation_type': 'nonrefundable', 'credit_card': 1, 'bonus': 2500, 'miles': 3000, 'min_stay': 1, 'platichastyami': 0, 'mircashback': 5000}]",50000.0,3000,458938_101hotels,2026-08-15
2298941,,Шале Премиум,6,4,0,1,Шале,55,1,"[{'double': 3, 'sofa': 1}]",[],"[{'id': 1030895, 'capacity': 1, 'prepayment': 'FIRST', 'nonrefundable': 1, 'cancellation_period': 0, 'cancellation_fee': 'FIRST', 'breakfast': 1, 'base_price': 160000, 'prices': [160000], 'price': 160000, 'old_price': 160000, 'currency': 'RUB', 'payment_amount': 160000, 'extras_variants': [], 'extras': [], 'rate_id': 3781, 'deals': [], 'cancellation_type': 'nonrefundable', 'credit_card': 1, 'bonus': 8000, 'miles': 6000, 'min_stay': 1, 'platichastyami': 0, 'mircashback': 10000}, {'id': 1030896, 'capacity': 2, 'prepayment': 'FIRST', 'nonrefundable': 1, 'cancellation_period': 0, 'cancellation_fee': 'FIRST', 'breakfast': 1, 'base_price': 160000, 'prices': [160000], 'price': 160000, 'old_price': 160000, 'currency': 'RUB', 'payment_amount': 160000, 'extras_variants': [], 'extras': [], 'rate_id': 3781, 'deals': [], 'cancellation_type': 'nonrefundable', 'credit_card': 1, 'bonus': 8000, 'miles': 6000, 'min_stay': 1, 'platichastyami': 0, 'mircashback': 10000}, {'id': 1030897, 'capacity': 3, 'prepayment': 'FIRST', 'nonrefundable': 1, 'cancellation_period': 0, 'cancellation_fee': 'FIRST', 'breakfast': 1, 'base_price': 160000, 'prices': [160000], 'price': 160000, 'old_price': 160000, 'currency': 'RUB', 'payment_amount': 160000, 'extras_variants': [], 'extras': [], 'rate_id': 3781, 'deals': [], 'cancellation_type': 'nonrefundable', 'credit_card': 1, 'bonus': 8000, 'miles': 6000, 'min_stay': 1, 'platichastyami': 0, 'mircashback': 10000}, {'id': 1030898, 'capacity': 4, 'prepayment': 'FIRST', 'nonrefundable': 1, 'cancellation_period': 0, 'cancellation_fee': 'FIRST', 'breakfast': 1, 'base_price': 160000, 'prices': [160000], 'price': 160000, 'old_price': 160000, 'currency': 'RUB', 'payment_amount': 160000, 'extras_variants': [], 'extras': [], 'rate_id': 3781, 'deals': [], 'cancellation_type': 'nonrefundable', 'credit_card': 1, 'bonus': 8000, 'miles': 6000, 'min_stay': 1, 'platichastyami': 0, 'mircashback': 10000}, {'id': 1030899, 'capacity': 5, 'prepayment': 'FIRST', 'nonrefundable': 1, 'cancellation_period': 0, 'cancellation_fee': 'FIRST', 'breakfast': 1, 'base_price': 160000, 'prices': [160000], 'price': 160000, 'old_price': 160000, 'currency': 'RUB', 'payment_amount': 160000, 'extras_variants': [], 'extras': [], 'rate_id': 3781, 'deals': [], 'cancellation_type': 'nonrefundable', 'credit_card': 1, 'bonus': 8000, 'miles': 6000, 'min_stay': 1, 'platichastyami': 0, 'mircashback': 10000}, {'id': 1030900, 'capacity': 6, 'prepayment': 'FIRST', 'nonrefundable': 1, 'cancellation_period': 0, 'cancellation_fee': 'FIRST', 'breakfast': 1, 'base_price': 160000, 'prices': [160000], 'price': 160000, 'old_price': 160000, 'currency': 'RUB', 'payment_amount': 160000, 'extras_variants': [], 'extras': [], 'rate_id': 3781, 'deals': [], 'cancellation_type': 'nonrefundable', 'credit_card': 1, 'bonus': 8000, 'miles': 6000, 'min_stay': 1, 'platichastyami': 0, 'mircashback': 10000}]",160000.0,6000,458938_101hotels,2026-08-15
2234065,,Благоустроенный номер,3,0,0,1,Трехместный,37,1,[{'single': 3}],[],"[{'id': 427444, 'capacity': 1, 'prepayment': 'FULL', 'nonrefundable': 0, 'cancellation_period': 3, 'cancellation_fee': 'FIRST', 'breakfast': 1, 'base_price': 8000, 'prices': [8000], 'price': 8000, 'old_price': 8000, 'currency': 'RUB', 'payment_amount': 8000, 'extras_variants': [], 'extras': [], 'rate_id': 9269, 'deals': [], 'cancellation_type': 'special', 'credit_card': 1, 'bonus': 400, 'miles': 480, 'min_stay': 1, 'platichastyami': 0, 'mircashback': 800}, {'id': 427445, 'capacity': 2, 'prepayment': 'FULL', 'nonrefundable': 0, 'cancellation_period': 3, 'cancellation_fee': 'FIRST', 'breakfast': 1, 'base_price': 8000, 'prices': [8000], 'price': 8000, 'old_price': 8000, 'currency': 'RUB', 'payment_amount': 8000, 'extras_variants': [], 'extras': [], 'rate_id': 9269, 'deals': [], 'cancellation_type': 'special', 'credit_card': 1, 'bonus': 400, 'miles': 480, 'min_stay': 1, 'platichastyami': 0, 'mircashback': 800}, {'id': 427446, 'capacity': 3, 'prepayment': 'FULL', 'nonrefundable': 0, 'cancellation_period': 3, 'cancellation_fee': 'FIRST', 'breakfast': 1, 'base_price': 8000, 'prices': [8000], 'price': 8000, 'old_price': 8000, 'currency': 'RUB', 'payment_amount': 8000, 'extras_variants': [], 'extras': [], 'rate_id': 9269, 'deals': [], 'cancellation_type': 'special', 'credit_card': 1, 'bonus': 400, 'miles': 480, 'min_stay': 1, 'platichastyami': 0, 'mircashback': 800}]",8000.0,480,570584_101hotels,2026-08-15
2234067,,Благоустроенный номер,4,0,0,1,Четырехместный,34,1,[{'single': 4}],[],"[{'id': 427447, 'capacity': 1, 'prepayment': 'FULL', 'nonrefundable': 0, 'cancellation_period': 3, 'cancellation_fee': 'FIRST', 'breakfast': 1, 'base_price': 10000, 'prices': [10000], 'price': 10000, 'old_price': 10000, 'currency': 'RUB', 'payment_amount': 10000, 'extras_variants': [], 'extras': [], 'rate_id': 9269, 'deals': [], 'cancellation_type': 'special', 'credit_card': 1, 'bonus': 500, 'miles': 600, 'min_stay': 1, 'platichastyami': 0, 'mircashback': 1000}, {'id': 427448, 'capacity': 2, 'prepayment': 'FULL', 'nonrefundable': 0, 'cancellation_period': 3, 'cancellation_fee': 'FIRST', 'breakfast': 1, 'base_price': 10000, 'prices': [10000], 'price': 10000, 'old_price': 10000, 'currency': 'RUB', 'payment_amount': 10000, 'extras_variants': [], 'extras': [], 'rate_id': 9269, 'deals': [], 'cancellation_type': 'special', 'credit_card': 1, 'bonus': 500, 'miles': 600, 'min_stay': 1, 'platichastyami': 0, 'mircashback': 1000}, {'id': 427449, 'capacity': 3, 'prepayment': 'FULL', 'nonrefundable': 0, 'cancellation_period': 3, 'cancellation_fee': 'FIRST', 'breakfast': 1, 'base_price': 10000, 'prices': [10000], 'price': 10000, 'old_price': 10000, 'currency': 'RUB', 'payment_amount': 10000, 'extras_variants': [], 'extras': [], 'rate_id': 9269, 'deals': [], 'cancellation_type': 'special', 'credit_card': 1, 'bonus': 500, 'miles': 600, 'min_stay': 1, 'platichastyami': 0, 'mircashback': 1000}, {'id': 427450, 'capacity': 4, 'prepayment': 'FULL', 'nonrefundable': 0, 'cancellation_period': 3, 'cancellation_fee': 'FIRST', 'breakfast': 1, 'base_price': 10000, 'prices': [10000], 'price': 10000, 'old_price': 10000, 'currency': 'RUB', 'payment_amount': 10000, 'extras_variants': [], 'extras': [], 'rate_id': 9269, 'deals': [], 'cancellation_type': 'special', 'credit_card': 1, 'bonus': 500, 'miles': 600, 'min_stay': 1, 'platichastyami': 0, 'mircashback': 1000}]",10000.0,600,570584_101hotels,2026-08-15
2233351,,,4,0,0,1,Бунгало,30,2,"[{'single': 2, 'sofa': 1}, {'double': 1, 'sofa': 1}]","[{'id': '23100', 'number': '1', 'min_age': '0', 'max_age': '4', 'is_extra_bed': '0', 'extra_bed_type_id': '0'}]","[{'id': 422133, 'capacity': 1, 'prepayment': 'FIRST', 'nonrefundable': 1, 'cancellation_period': 0, 'cancellation_fee': 'FIRST', 'breakfast': 1, 'base_price': 15000, 'prices': [15000], 'price': 15000, 'old_price': 15000, 'currency': 'RUB', 'payment_amount': 15000, 'extras_variants': [], 'extras': {'23100': {'id': 23100, 'number': 1, 'extra_bed_type_id': 0, 'age': [0, 4], 'extra_bed': 0, 'free': 1}}, 'rate_id': 8928, 'deals': [], 'cancellation_type': 'nonrefundable', 'credit_card': 1, 'bonus': 750, 'miles': 900, 'min_stay': 1, 'platichastyami': 0, 'mircashback': 1500}, {'id': 422134, 'capacity': 2, 'prepayment': 'FIRST', 'nonrefundable': 1, 'cancellation_period': 0, 'cancellation_fee': 'FIRST', 'breakfast': 1, 'base_price': 15000, 'prices': [15000], 'price': 15000, 'old_price': 15000, 'currency': 'RUB', 'payment_amount': 15000, 'extras_variants': [], 'extras': {'23100': {'id': 23100, 'number': 1, 'extra_bed_type_id': 0, 'age': [0, 4], 'extra_bed': 0, 'free': 1}}, 'rate_id': 8928, 'deals': [], 'cancellation_type': 'nonrefundable', 'credit_card': 1, 'bonus': 750, 'miles': 900, 'min_stay': 1, 'platichastyami': 0, 'mircashback': 1500}, {'id': 431361, 'capacity': 3, 'prepayment': 'FIRST', 'nonrefundable': 1, 'cancellation_period': 0, 'cancellation_fee': 'FIRST', 'breakfast': 1, 'base_price': 17000, 'prices': [17000], 'price': 17000, 'old_price': 17000, 'currency': 'RUB', 'payment_amount': 17000, 'extras_variants': [], 'extras': {'23100': {'id': 23100, 'number': 1, 'extra_bed_type_id': 0, 'age': [0, 4], 'extra_bed': 0, 'free': 1}}, 'rate_id': 8928, 'deals': [], 'cancellation_type': 'nonrefundable', 'credit_card': 1, 'bonus': 850, 'miles': 1020, 'min_stay': 1, 'platichastyami': 0, 'mircashback': 1700}, {'id': 431362, 'capacity': 4, 'prepayment': 'FIRST', 'nonrefundable': 1, 'cancellation_period': 0, 'cancellation_fee': 'FIRST', 'breakfast': 1, 'base_price': 19000, 'prices': [19000], 'price': 19000, 'old_price': 19000, 'currency': 'RUB', 'payment_amount': 19000, 'extras_variants': [], 'extras': {'23100': {'id': 23100, 'number': 1, 'extra_bed_type_id': 0, 'age': [0, 4], 'extra_bed': 0, 'free': 1}}, 'rate_id': 8928, 'deals': [], 'cancellation_type': 'nonrefundable', 'credit_card': 1, 'bonus': 950, 'miles': 1140, 'min_stay': 1, 'platichastyami': 0, 'mircashback': 1900}]",15000.0,900,654408_101hotels,2026-08-15
2220086,,Номер эконом-класса с 2 раздельными кроватями,2,0,0,0,Двухместный,2,2,[{'double': 1}],"[{'id': '10291', 'number': '2', 'min_age': '0', 'max_age': '3', 'is_extra_bed': '0', 'extra_bed_type_id': '0'}]","[{'id': 306139, 'capacity': 1, 'prepayment': 'FULL', 'nonrefundable': 0, 'cancellation_period': 1, 'cancellation_fee': 'FIRST', 'breakfast': 0, 'base_price': 6900, 'prices': [6900], 'price': 6900, 'old_price': 6900, 'currency': 'RUB', 'payment_amount': 6900, 'extras_variants': [], 'extras': {'10291': {'id': 10291, 'number': 2, 'extra_bed_type_id': 0, 'age': [0, 3], 'extra_bed': 0, 'free': 1}}, 'rate_id': 2662, 'deals': [], 'cancellation_type': 'special', 'credit_card': 1, 'bonus': 345, 'miles': 414, 'min_stay': 1, 'platichastyami': 0, 'mircashback': 690}, {'id': 306140, 'capacity': 2, 'prepayment': 'FULL', 'nonrefundable': 0, 'cancellation_period': 1, 'cancellation_fee': 'FIRST', 'breakfast': 0, 'base_price': 6900, 'prices': [6900], 'price': 6900, 'old_price': 6900, 'currency': 'RUB', 'payment_amount': 6900, 'extras_variants': [], 'extras': {'10291': {'id': 10291, 'number': 2, 'extra_bed_type_id': 0, 'age': [0, 3], 'extra_bed': 0, 'free': 1}}, 'rate_id': 2662, 'deals': [], 'cancellation_type': 'special', 'credit_card': 1, 'bonus': 345, 'miles': 414, 'min_stay': 1, 'platichastyami': 0, 'mircashback': 690}]",6900.0,414,650956_101hotels,2026-08-15
2220114,,Номер эконом-класса с одной двуспальной кроватью,2,0,0,0,Двухместный,2,1,[{'double': 1}],"[{'id': '10292', 'number': '2', 'min_age': '0', 'max_age': '3', 'is_extra_bed': '0', 'extra_bed_type_id': '0'}]","[{'id': 306141, 'capacity': 1, 'prepayment': 'FULL', 'nonrefundable': 0, 'cancellation_period': 1, 'cancellation_fee': 'FIRST', 'breakfast': 0, 'base_price': 6900, 'prices': [6900], 'price': 6900, 'old_price': 6900, 'currency': 'RUB', 'payment_amount': 6900, 'extras_variants': [], 'extras': {'10292': {'id': 10292, 'number': 2, 'extra_bed_type_id': 0, 'age': [0, 3], 'extra_bed': 0, 'free': 1}}, 'rate_id': 2662, 'deals': [], 'cancellation_type': 'special', 'credit_card': 1, 'bonus': 345, 'miles': 414, 'min_stay': 1, 'platichastyami': 0, 'mircashback': 690}, {'id': 306142, 'capacity': 2, 'prepayment': 'FULL', 'nonrefundable': 0, 'cancellation_period': 1, 'cancellation_fee': 'FIRST', 'breakfast': 0, 'base_price': 6900, 'prices': [6900], 'price': 6900, 'old_price': 6900, 'currency': 'RUB', 'payment_amount': 6900, 'extras_variants': [], 'extras': {'10292': {'id': 10292, 'number': 2, 'extra_bed_type_id': 0, 'age': [0, 3], 'extra_bed': 0, 'free': 1}}, 'rate_id': 2662, 'deals': [], 'cancellation_type': 'special', 'credit_card': 1, 'bonus': 345, 'miles': 414, 'min_stay': 1, 'platichastyami': 0, 'mircashback': 690}]",6900.0,414,650956_101hotels,2026-08-15
2220122,,Номер эконом-класса с 3 раздельными кроватями,3,0,0,0,Трехместный,37,3,[{'single': 3}],"[{'id': '10294', 'number': '3', 'min_age': '0', 'max_age': '3', 'is_extra_bed': '0', 'extra_bed_type_id': '0'}]","[{'id': 306156, 'capacity': 1, 'prepayment': 'FULL', 'nonrefundable': 0, 'cancellation_period': 1, 'cancellation_fee': 'FIRST', 'breakfast': 0, 'base_price': 6900, 'prices': [6900], 'price': 6900, 'old_price': 6900, 'currency': 'RUB', 'payment_amount': 6900, 'extras_variants': [], 'extras': {'10294': {'id': 10294, 'number': 3, 'extra_bed_type_id': 0, 'age': [0, 3], 'extra_bed': 0, 'free': 1}}, 'rate_id': 2662, 'deals': [], 'cancellation_type': 'special', 'credit_card': 1, 'bonus': 345, 'miles': 414, 'min_stay': 1, 'platichastyami': 0, 'mircashback': 690}, {'id': 306157, 'capacity': 2, 'prepayment': 'FULL', 'nonrefundable': 0, 'cancellation_period': 1, 'cancellation_fee': 'FIRST', 'breakfast': 0, 'base_price': 6900, 'prices': [6900], 'price': 6900, 'old_price': 6900, 'currency': 'RUB', 'payment_amount': 6900, 'extras_variants': [], 'extras': {'10294': {'id': 10294, 'number': 3, 'extra_bed_type_id': 0, 'age': [0, 3], 'extra_bed': 0, 'free': 1}}, 'rate_id': 2662, 'deals': [], 'cancellation_type': 'special', 'credit_card': 1, 'bonus': 345, 'miles': 414, 'min_stay': 1, 'platichastyami': 0, 'mircashback': 690}, {'id': 306158, 'capacity': 3, 'prepayment': 'FULL', 'nonrefundable': 0, 'cancellation_period': 1, 'cancellation_fee': 'FIRST', 'breakfast': 0, 'base_price': 6900, 'prices': [6900], 'price': 6900, 'old_price': 6900, 'currency': 'RUB', 'payment_amount': 6900, 'extras_variants': [], 'extras': {'10294': {'id': 10294, 'number': 3, 'extra_bed_type_id': 0, 'age': [0, 3], 'extra_bed': 0, 'free': 1}}, 'rate_id': 2662, 'deals': [], 'cancellation_type': 'special', 'credit_card': 1, 'bonus': 345, 'miles': 414, 'min_stay': 1, 'platichastyami': 0, 'mircashback': 690}]",6900.0,414,650956_101hotels,2026-08-15
2220131,,Номер эконом-класса,2,3,0,0,Семейный,44,1,"[{'double': 1, 'sofa': 2}]","[{'id': '10293', 'number': '2', 'min_age': '0', 'max_age': '3', 'is_extra_bed': '0', 'extra_bed_type_id': '0'}]","[{'id': 306159, 'capacity': 1, 'prepayment': 'FULL', 'nonrefundable': 0, 'cancellation_period': 1, 'cancellation_fee': 'FIRST', 'breakfast': 0, 'base_price': 7550, 'prices': [7550], 'price': 7550, 'old_price': 7550, 'currency': 'RUB', 'payment_amount': 7550, 'extras_variants': [], 'extras': {'10293': {'id': 10293, 'number': 2, 'extra_bed_type_id': 0, 'age': [0, 3], 'extra_bed': 0, 'free': 1}}, 'rate_id': 2662, 'deals': [], 'cancellation_type': 'special', 'credit_card': 1, 'bonus': 378, 'miles': 453, 'min_stay': 1, 'platichastyami': 0, 'mircashback': 755}, {'id': 306160, 'capacity': 2, 'prepayment': 'FULL', 'nonrefundable': 0, 'cancellation_period': 1, 'cancellation_fee': 'FIRST', 'breakfast': 0, 'base_price': 7550, 'prices': [7550], 'price': 7550, 'old_price': 7550, 'currency': 'RUB', 'payment_amount': 7550, 'extras_variants': [], 'extras': {'10293': {'id': 10293, 'number': 2, 'extra_bed_type_id': 0, 'age': [0, 3], 'extra_bed': 0, 'free': 1}}, 'rate_id': 2662, 'deals': [], 'cancellation_type': 'special', 'credit_card': 1, 'bonus': 378, 'miles': 453, 'min_stay': 1, 'platichastyami': 0, 'mircashback': 755}]",7550.0,453,650956_101hotels,2026-08-15
2220139,,Номер категории Стандарт с 2 раздельными кроватями,2,2,0,1,Двухместный,2,9,"[{'single': 2, 'sofa': 1}]","[{'id': '10289', 'number': '2', 'min_age': '0', 'max_age': '3', 'is_extra_bed': '0', 'extra_bed_type_id': '0'}]","[{'id': 306143, 'capacity': 1, 'prepayment': 'FULL', 'nonrefundable': 0, 'cancellation_period': 1, 'cancellation_fee': 'FIRST', 'breakfast': 0, 'base_price': 10700, 'prices': [10700], 'price': 10700, 'old_price': 10700, 'currency': 'RUB', 'payment_amount': 10700, 'extras_variants': [], 'extras': {'10289': {'id': 10289, 'number': 2, 'extra_bed_type_id': 0, 'age': [0, 3], 'extra_bed': 0, 'free': 1}}, 'rate_id': 2662, 'deals': [], 'cancellation_type': 'special', 'credit_card': 1, 'bonus': 535, 'miles': 642, 'min_stay': 1, 'platichastyami': 0, 'mircashback': 1070}, {'id': 306144, 'capacity': 2, 'prepayment': 'FULL', 'nonrefundable': 0, 'cancellation_period': 1, 'cancellation_fee': 'FIRST', 'breakfast': 0, 'base_price': 10700, 'prices': [10700], 'price': 10700, 'old_price': 10700, 'currency': 'RUB', 'payment_amount': 10700, 'extras_variants': [], 'extras': {'10289': {'id': 10289, 'number': 2, 'extra_bed_type_id': 0, 'age': [0, 3], 'extra_bed': 0, 'free': 1}}, 'rate_id': 2662, 'deals': [], 'cancellation_type': 'special', 'credit_card': 1, 'bonus': 535, 'miles': 642, 'min_stay': 1, 'platichastyami': 0, 'mircashback': 1070}]",10700.0,642,650956_101hotels,2026-08-15
2220145,,Номер категории Стандарт с одной двуспальной кроватью,2,2,0,1,Двухместный,2,4,"[{'double': 1, 'sofa': 1}]","[{'id': '10290', 'number': '2', 'min_age': '0', 'max_age': '3', 'is_extra_bed': '0', 'extra_bed_type_id': '0'}]","[{'id': 306145, 'capacity': 1, 'prepayment': 'FULL', 'nonrefundable': 0, 'cancellation_period': 1, 'cancellation_fee': 'FIRST', 'breakfast': 0, 'base_price': 10700, 'prices': [10700], 'price': 10700, 'old_price': 10700, 'currency': 'RUB', 'payment_amount': 10700, 'extras_variants': [], 'extras': {'10290': {'id': 10290, 'number': 2, 'extra_bed_type_id': 0, 'age': [0, 3], 'extra_bed': 0, 'free': 1}}, 'rate_id': 2662, 'deals': [], 'cancellation_type': 'special', 'credit_card': 1, 'bonus': 535, 'miles': 642, 'min_stay': 1, 'platichastyami': 0, 'mircashback': 1070}, {'id': 306146, 'capacity': 2, 'prepayment': 'FULL', 'nonrefundable': 0, 'cancellation_period': 1, 'cancellation_fee': 'FIRST', 'breakfast': 0, 'base_price': 10700, 'prices': [10700], 'price': 10700, 'old_price': 10700, 'currency': 'RUB', 'payment_amount': 10700, 'extras_variants': [], 'extras': {'10290': {'id': 10290, 'number': 2, 'extra_bed_type_id': 0, 'age': [0, 3], 'extra_bed': 0, 'free': 1}}, 'rate_id': 2662, 'deals': [], 'cancellation_type': 'special', 'credit_card': 1, 'bonus': 535, 'miles': 642, 'min_stay': 1, 'platichastyami': 0, 'mircashback': 1070}]",10700.0,642,650956_101hotels,2026-08-15
2220148,,Койко-место в общем номере с 4 кроватями,4,0,1,0,Четырехместный,34,8,[{'single': 1}],[],"[{'id': 306147, 'capacity': 1, 'prepayment': 'FULL', 'nonrefundable': 0, 'cancellation_period': 1, 'cancellation_fee': 'FIRST', 'breakfast': 0, 'base_price': 2300, 'prices': [2300], 'price': 2300, 'old_price': 2300, 'currency': 'RUB', 'payment_amount': 2300, 'extras_variants': [], 'extras': [], 'rate_id': 2662, 'deals': [], 'cancellation_type': 'special', 'credit_card': 1, 'bonus': 115, 'miles': 138, 'min_stay': 1, 'platichastyami': 0, 'mircashback': 230}]",2300.0,138,650956_101hotels,2026-08-15
2220152,,Койко-место в общем номере с 5 кроватями,5,0,1,0,Пятиместный,35,4,[{'single': 1}],[],"[{'id': 306151, 'capacity': 1, 'prepayment': 'FULL', 'nonrefundable': 0, 'cancellation_period': 1, 'cancellation_fee': 'FIRST', 'breakfast': 0, 'base_price': 2300, 'prices': [2300], 'price': 2300, 'old_price': 2300, 'currency': 'RUB', 'payment_amount': 2300, 'extras_variants': [], 'extras': [], 'rate_id': 2662, 'deals': [], 'cancellation_type': 'special', 'credit_card': 1, 'bonus': 115, 'miles': 138, 'min_stay': 1, 'platichastyami': 0, 'mircashback': 230}]",2300.0,138,650956_101hotels,2026-08-15
2321232,,Двухкомнатные апартаменты Премиум с видом на озеро,2,2,0,1,Апартаменты,14,1,"[{'double': 1, 'sofa': 1}]","[{'id': '51147', 'number': '2', 'min_age': '0', 'max_age': '18', 'is_extra_bed': '0', 'extra_bed_type_id': '0'}]","[{'id': 1227850, 'capacity': 1, 'prepayment': 'FULL', 'nonrefundable': 0, 'cancellation_period': 0, 'cancellation_fee': 'NO', 'breakfast': 0, 'base_price': 24750, 'prices': [24750], 'price': 19800, 'old_price': 24750, 'currency': 'RUB', 'payment_amount': 24750, 'extras_variants': [], 'extras': {'51147': {'id': 51147, 'number': 2, 'extra_bed_type_id': 0, 'age': [0, 18], 'extra_bed': 0, 'free': 1}}, 'rate_id': 63172, 'deals': ['LAST_MINUTE'], 'cancellation_type': 'free', 'credit_card': 1, 'bonus': 990, 'miles': 1188, 'min_stay': 1, 'platichastyami': 0, 'mircashback': 1980}, {'id': 1227851, 'capacity': 2, 'prepayment': 'FULL', 'nonrefundable': 0, 'cancellation_period': 0, 'cancellation_fee': 'NO', 'breakfast': 0, 'base_price': 24750, 'prices': [24750], 'price': 19800, 'old_price': 24750, 'currency': 'RUB', 'payment_amount': 24750, 'extras_variants': [], 'extras': {'51147': {'id': 51147, 'number': 2, 'extra_bed_type_id': 0, 'age': [0, 18], 'extra_bed': 0, 'free': 1}}, 'rate_id': 63172, 'deals': ['LAST_MINUTE'], 'cancellation_type': 'free', 'credit_card': 1, 'bonus': 990, 'miles': 1188, 'min_stay': 1, 'platichastyami': 0, 'mircashback': 1980}]",19800.0,1188,678111_101hotels,2026-08-15
2321616,,Двухкомнатные Апартаменты Делюкс с террасой и видом на озеро,2,2,0,1,Апартаменты,14,2,"[{'double': 1, 'sofa': 1}]","[{'id': '51606', 'number': '2', 'min_age': '0', 'max_age': '18', 'is_extra_bed': '0', 'extra_bed_type_id': '0'}]","[{'id': 1227848, 'capacity': 1, 'prepayment': 'FULL', 'nonrefundable': 0, 'cancellation_period': 0, 'cancellation_fee': 'NO', 'breakfast': 0, 'base_price': 19500, 'prices': [19500], 'price': 15600, 'old_price': 19500, 'currency': 'RUB', 'payment_amount': 19500, 'extras_variants': [], 'extras': {'51606': {'id': 51606, 'number': 2, 'extra_bed_type_id': 0, 'age': [0, 18], 'extra_bed': 0, 'free': 1}}, 'rate_id': 63172, 'deals': ['LAST_MINUTE'], 'cancellation_type': 'free', 'credit_card': 1, 'bonus': 780, 'miles': 936, 'min_stay': 1, 'platichastyami': 0, 'mircashback': 1560}, {'id': 1227849, 'capacity': 2, 'prepayment': 'FULL', 'nonrefundable': 0, 'cancellation_period': 0, 'cancellation_fee': 'NO', 'breakfast': 0, 'base_price': 19500, 'prices': [19500], 'price': 15600, 'old_price': 19500, 'currency': 'RUB', 'payment_amount': 19500, 'extras_variants': [], 'extras': {'51606': {'id': 51606, 'number': 2, 'extra_bed_type_id': 0, 'age': [0, 18], 'extra_bed': 0, 'free': 1}}, 'rate_id': 63172, 'deals': ['LAST_MINUTE'], 'cancellation_type': 'free', 'credit_card': 1, 'bonus': 780, 'miles': 936, 'min_stay': 1, 'platichastyami': 0, 'mircashback': 1560}]",15600.0,936,678111_101hotels,2026-08-15
2321664,,Двухкомнатный Семейный Люкс с видом на озеро,2,2,0,1,Апартаменты,14,1,"[{'double': 1, 'sofa': 1}]","[{'id': '51671', 'number': '2', 'min_age': '0', 'max_age': '18', 'is_extra_bed': '0', 'extra_bed_type_id': '0'}]","[{'id': 1227852, 'capacity': 1, 'prepayment': 'FULL', 'nonrefundable': 0, 'cancellation_period': 0, 'cancellation_fee': 'NO', 'breakfast': 0, 'base_price': 19500, 'prices': [19500], 'price': 15600, 'old_price': 19500, 'currency': 'RUB', 'payment_amount': 19500, 'extras_variants': [], 'extras': {'51671': {'id': 51671, 'number': 2, 'extra_bed_type_id': 0, 'age': [0, 18], 'extra_bed': 0, 'free': 1}}, 'rate_id': 63172, 'deals': ['LAST_MINUTE'], 'cancellation_type': 'free', 'credit_card': 1, 'bonus': 780, 'miles': 936, 'min_stay': 1, 'platichastyami': 0, 'mircashback': 1560}, {'id': 1227853, 'capacity': 2, 'prepayment': 'FULL', 'nonrefundable': 0, 'cancellation_period': 0, 'cancellation_fee': 'NO', 'breakfast': 0, 'base_price': 19500, 'prices': [19500], 'price': 15600, 'old_price': 19500, 'currency': 'RUB', 'payment_amount': 19500, 'extras_variants': [], 'extras': {'51671': {'id': 51671, 'number': 2, 'extra_bed_type_id': 0, 'age': [0, 18], 'extra_bed': 0, 'free': 1}}, 'rate_id': 63172, 'deals': ['LAST_MINUTE'], 'cancellation_type': 'free', 'credit_card': 1, 'bonus': 780, 'miles': 936, 'min_stay': 1, 'platichastyami': 0, 'mircashback': 1560}]",15600.0,936,678111_101hotels,2026-08-15
2115487,,Номер с двуспальной кроватью,2,0,0,1,Двухместный,2,2,[{'double': 1}],[],"[{'id': 415373, 'capacity': 1, 'prepayment': 'FIRST', 'nonrefundable': 1, 'cancellation_period': 0, 'cancellation_fee': 'FIRST', 'breakfast': 0, 'base_price': 5900, 'prices': [5900], 'price': 5900, 'old_price': 5900, 'currency': 'RUB', 'payment_amount': 5900, 'extras_variants': [], 'extras': [], 'rate_id': 8465, 'deals': [], 'cancellation_type': 'nonrefundable', 'credit_card': 1, 'bonus': 295, 'miles': 354, 'min_stay': 1, 'platichastyami': 0, 'mircashback': 590}, {'id': 415374, 'capacity': 2, 'prepayment': 'FIRST', 'nonrefundable': 1, 'cancellation_period': 0, 'cancellation_fee': 'FIRST', 'breakfast': 0, 'base_price': 7000, 'prices': [7000], 'price': 7000, 'old_price': 7000, 'currency': 'RUB', 'payment_amount': 7000, 'extras_variants': [], 'extras': [], 'rate_id': 8465, 'deals': [], 'cancellation_type': 'nonrefundable', 'credit_card': 1, 'bonus': 350, 'miles': 420, 'min_stay': 1, 'platichastyami': 0, 'mircashback': 700}]",5900.0,354,632322_101hotels,2026-08-15
2115488,,Номер с односпальными кроватями,2,0,0,1,Двухместный,2,1,[{'single': 2}],[],"[{'id': 415376, 'capacity': 2, 'prepayment': 'FIRST', 'nonrefundable': 1, 'cancellation_period': 0, 'cancellation_fee': 'FIRST', 'breakfast': 0, 'base_price': 7000, 'prices': [7000], 'price': 7000, 'old_price': 7000, 'currency': 'RUB', 'payment_amount': 7000, 'extras_variants': [], 'extras': [], 'rate_id': 8465, 'deals': [], 'cancellation_type': 'nonrefundable', 'credit_card': 1, 'bonus': 350, 'miles': 420, 'min_stay': 1, 'platichastyami': 0, 'mircashback': 700}]",7000.0,420,632322_101hotels,2026-08-15
2115491,,Номер с  двуспальной кроватью и видом на озеро,2,0,0,1,Двухместный,2,2,[{'double': 1}],[],"[{'id': 415445, 'capacity': 1, 'prepayment': 'FIRST', 'nonrefundable': 1, 'cancellation_period': 0, 'cancellation_fee': 'FIRST', 'breakfast': 0, 'base_price': 6400, 'prices': [6400], 'price': 6400, 'old_price': 6400, 'currency': 'RUB', 'payment_amount': 6400, 'extras_variants': [], 'extras': [], 'rate_id': 8467, 'deals': [], 'cancellation_type': 'nonrefundable', 'credit_card': 1, 'bonus': 320, 'miles': 384, 'min_stay': 1, 'platichastyami': 0, 'mircashback': 640}, {'id': 415446, 'capacity': 2, 'prepayment': 'FIRST', 'nonrefundable': 1, 'cancellation_period': 0, 'cancellation_fee': 'FIRST', 'breakfast': 0, 'base_price': 7500, 'prices': [7500], 'price': 7500, 'old_price': 7500, 'currency': 'RUB', 'payment_amount': 7500, 'extras_variants': [], 'extras': [], 'rate_id': 8467, 'deals': [], 'cancellation_type': 'nonrefundable', 'credit_card': 1, 'bonus': 375, 'miles': 450, 'min_stay': 1, 'platichastyami': 0, 'mircashback': 750}]",6400.0,384,632322_101hotels,2026-08-15
2115492,,Номер с односпальными кроватями и видом на озеро,2,0,0,1,Двухместный,2,1,[{'single': 2}],[],"[{'id': 415448, 'capacity': 2, 'prepayment': 'FIRST', 'nonrefundable': 1, 'cancellation_period': 0, 'cancellation_fee': 'FIRST', 'breakfast': 0, 'base_price': 7500, 'prices': [7500], 'price': 7500, 'old_price': 7500, 'currency': 'RUB', 'payment_amount': 7500, 'extras_variants': [], 'extras': [], 'rate_id': 8467, 'deals': [], 'cancellation_type': 'nonrefundable', 'credit_card': 1, 'bonus': 375, 'miles': 450, 'min_stay': 1, 'platichastyami': 0, 'mircashback': 750}]",7500.0,450,632322_101hotels,2026-08-15
2115493,,С двуспальной кроватью и видом на горы,2,0,0,1,Двухместный,2,1,[{'single': 2}],[],"[{'id': 961118, 'capacity': 1, 'prepayment': 'FIRST', 'nonrefundable': 1, 'cancellation_period': 0, 'cancellation_fee': 'FIRST', 'breakfast': 0, 'base_price': 6400, 'prices': [6400], 'price': 6400, 'old_price': 6400, 'currency': 'RUB', 'payment_amount': 6400, 'extras_variants': [], 'extras': [], 'rate_id': 29883, 'deals': [], 'cancellation_type': 'nonrefundable', 'credit_card': 1, 'bonus': 320, 'miles': 384, 'min_stay': 1, 'platichastyami': 0, 'mircashback': 640}, {'id': 961119, 'capacity': 2, 'prepayment': 'FIRST', 'nonrefundable': 1, 'cancellation_period': 0, 'cancellation_fee': 'FIRST', 'breakfast': 0, 'base_price': 7500, 'prices': [7500], 'price': 7500, 'old_price': 7500, 'currency': 'RUB', 'payment_amount': 7500, 'extras_variants': [], 'extras': [], 'rate_id': 29883, 'deals': [], 'cancellation_type': 'nonrefundable', 'credit_card': 1, 'bonus': 375, 'miles': 450, 'min_stay': 1, 'platichastyami': 0, 'mircashback': 750}]",6400.0,384,632322_101hotels,2026-08-15
2115494,,Стандартный номер с двуспальной и односпальной кроватями,3,0,0,1,Семейный,44,1,"[{'single': 1, 'double': 1}]",[],"[{'id': 415437, 'capacity': 3, 'prepayment': 'FIRST', 'nonrefundable': 1, 'cancellation_period': 0, 'cancellation_fee': 'FIRST', 'breakfast': 0, 'base_price': 12000, 'prices': [12000], 'price': 12000, 'old_price': 12000, 'currency': 'RUB', 'payment_amount': 12000, 'extras_variants': [], 'extras': [], 'rate_id': 8466, 'deals': [], 'cancellation_type': 'nonrefundable', 'credit_card': 1, 'bonus': 600, 'miles': 720, 'min_stay': 1, 'platichastyami': 0, 'mircashback': 1200}]",12000.0,720,632322_101hotels,2026-08-15
2115498,,Номер с двумя односпальными кроватями и видом на горы,2,0,0,1,Двухместный,2,1,[{'single': 2}],[],"[{'id': 961103, 'capacity': 1, 'prepayment': 'FIRST', 'nonrefundable': 1, 'cancellation_period': 0, 'cancellation_fee': 'FIRST', 'breakfast': 0, 'base_price': 6400, 'prices': [6400], 'price': 6400, 'old_price': 6400, 'currency': 'RUB', 'payment_amount': 6400, 'extras_variants': [], 'extras': [], 'rate_id': 29883, 'deals': [], 'cancellation_type': 'nonrefundable', 'credit_card': 1, 'bonus': 320, 'miles': 384, 'min_stay': 1, 'platichastyami': 0, 'mircashback': 640}, {'id': 961104, 'capacity': 2, 'prepayment': 'FIRST', 'nonrefundable': 1, 'cancellation_period': 0, 'cancellation_fee': 'FIRST', 'breakfast': 0, 'base_price': 7500, 'prices': [7500], 'price': 7500, 'old_price': 7500, 'currency': 'RUB', 'payment_amount': 7500, 'extras_variants': [], 'extras': [], 'rate_id': 29883, 'deals': [], 'cancellation_type': 'nonrefundable', 'credit_card': 1, 'bonus': 375, 'miles': 450, 'min_stay': 1, 'platichastyami': 0, 'mircashback': 750}]",6400.0,384,632322_101hotels,2026-08-15
70530,,Люкс с видом на горы,2,1,0,1,Сюит,27,2,"[{'single': 1, 'double': 1}]",[],"[{'id': 388946, 'capacity': 1, 'prepayment': 'FIRST', 'nonrefundable': 1, 'cancellation_period': 0, 'cancellation_fee': 'FIRST', 'breakfast': 0, 'base_price': 7000, 'prices': [7000], 'price': 7000, 'old_price': 7000, 'currency': 'RUB', 'payment_amount': 7000, 'extras_variants': [], 'extras': [], 'rate_id': 6777, 'deals': [], 'cancellation_type': 'nonrefundable', 'credit_card': 1, 'bonus': 350, 'miles': 420, 'min_stay': 1, 'platichastyami': 0, 'mircashback': 700}, {'id': 388947, 'capacity': 2, 'prepayment': 'FIRST', 'nonrefundable': 1, 'cancellation_period': 0, 'cancellation_fee': 'FIRST', 'breakfast': 0, 'base_price': 9000, 'prices': [9000], 'price': 9000, 'old_price': 9000, 'currency': 'RUB', 'payment_amount': 9000, 'extras_variants': [], 'extras': [], 'rate_id': 6777, 'deals': [], 'cancellation_type': 'nonrefundable', 'credit_card': 1, 'bonus': 450, 'miles': 540, 'min_stay': 1, 'platichastyami': 0, 'mircashback': 900}]",7000.0,420,13176_101hotels,2026-08-15
2229199,,Комфорт,2,0,0,1,Двухместный,2,3,[{'double': 1}],[],"[{'id': 1138556, 'capacity': 1, 'prepayment': 'FIRST', 'nonrefundable': 0, 'cancellation_period': 15, 'cancellation_fee': 'FIRST', 'breakfast': 0, 'base_price': 6000, 'prices': [6000], 'price': 6000, 'old_price': 6000, 'currency': 'RUB', 'payment_amount': 6000, 'extras_variants': [], 'extras': [], 'rate_id': 57350, 'deals': [], 'cancellation_type': 'special', 'credit_card': 1, 'bonus': 300, 'miles': 360, 'min_stay': 1, 'platichastyami': 0, 'mircashback': 600}, {'id': 393661, 'capacity': 1, 'prepayment': 'FIRST', 'nonrefundable': 1, 'cancellation_period': 0, 'cancellation_fee': 'FIRST', 'breakfast': 0, 'base_price': 7000, 'prices': [7000], 'price': 7000, 'old_price': 7000, 'currency': 'RUB', 'payment_amount': 7000, 'extras_variants': [], 'extras': [], 'rate_id': 6777, 'deals': [], 'cancellation_type': 'nonrefundable', 'credit_card': 1, 'bonus': 350, 'miles': 420, 'min_stay': 1, 'platichastyami': 0, 'mircashback': 700}, {'id': 1138557, 'capacity': 2, 'prepayment': 'FIRST', 'nonrefundable': 0, 'cancellation_period': 15, 'cancellation_fee': 'FIRST', 'breakfast': 0, 'base_price': 9000, 'prices': [9000], 'price': 9000, 'old_price': 9000, 'currency': 'RUB', 'payment_amount': 9000, 'extras_variants': [], 'extras': [], 'rate_id': 57350, 'deals': [], 'cancellation_type': 'special', 'credit_card': 1, 'bonus': 450, 'miles': 540, 'min_stay': 1, 'platichastyami': 0, 'mircashback': 900}, {'id': 393662, 'capacity': 2, 'prepayment': 'FIRST', 'nonrefundable': 1, 'cancellation_period': 0, 'cancellation_fee': 'FIRST', 'breakfast': 0, 'base_price': 10000, 'prices': [10000], 'price': 10000, 'old_price': 10000, 'currency': 'RUB', 'payment_amount': 10000, 'extras_variants': [], 'extras': [], 'rate_id': 6777, 'deals': [], 'cancellation_type': 'nonrefundable', 'credit_card': 1, 'bonus': 500, 'miles': 600, 'min_stay': 1, 'platichastyami': 0, 'mircashback': 1000}]",6000.0,360,13176_101hotels,2026-08-15
2229204,,Двухместный номер,2,1,0,1,Люкс,6,1,[{'double': 1}],[],"[{'id': 393667, 'capacity': 1, 'prepayment': 'FIRST', 'nonrefundable': 1, 'cancellation_period': 0, 'cancellation_fee': 'FIRST', 'breakfast': 0, 'base_price': 7000, 'prices': [7000], 'price': 7000, 'old_price': 7000, 'currency': 'RUB', 'payment_amount': 7000, 'extras_variants': [], 'extras': [], 'rate_id': 6777, 'deals': [], 'cancellation_type': 'nonrefundable', 'credit_card': 1, 'bonus': 350, 'miles': 420, 'min_stay': 1, 'platichastyami': 0, 'mircashback': 700}, {'id': 393668, 'capacity': 2, 'prepayment': 'FIRST', 'nonrefundable': 1, 'cancellation_period': 0, 'cancellation_fee': 'FIRST', 'breakfast': 0, 'base_price': 9000, 'prices': [9000], 'price': 9000, 'old_price': 9000, 'currency': 'RUB', 'payment_amount': 9000, 'extras_variants': [], 'extras': [], 'rate_id': 6777, 'deals': [], 'cancellation_type': 'nonrefundable', 'credit_card': 1, 'bonus': 450, 'miles': 540, 'min_stay': 1, 'platichastyami': 0, 'mircashback': 900}]",7000.0,420,13176_101hotels,2026-08-15
2229207,,С видом на море,2,1,0,1,Двухместный,2,1,[{'double': 1}],[],"[{'id': 393663, 'capacity': 1, 'prepayment': 'FIRST', 'nonrefundable': 1, 'cancellation_period': 0, 'cancellation_fee': 'FIRST', 'breakfast': 0, 'base_price': 7000, 'prices': [7000], 'price': 7000, 'old_price': 7000, 'currency': 'RUB', 'payment_amount': 7000, 'extras_variants': [], 'extras': [], 'rate_id': 6777, 'deals': [], 'cancellation_type': 'nonrefundable', 'credit_card': 1, 'bonus': 350, 'miles': 420, 'min_stay': 1, 'platichastyami': 0, 'mircashback': 700}, {'id': 393664, 'capacity': 2, 'prepayment': 'FIRST', 'nonrefundable': 1, 'cancellation_period': 0, 'cancellation_fee': 'FIRST', 'breakfast': 0, 'base_price': 9000, 'prices': [9000], 'price': 9000, 'old_price': 9000, 'currency': 'RUB', 'payment_amount': 9000, 'extras_variants': [], 'extras': [], 'rate_id': 6777, 'deals': [], 'cancellation_type': 'nonrefundable', 'credit_card': 1, 'bonus': 450, 'miles': 540, 'min_stay': 1, 'platichastyami': 0, 'mircashback': 900}]",7000.0,420,13176_101hotels,2026-08-15
2229212,,Комфорт с дополнительным местом,2,1,0,1,Двухместный,2,3,"[{'double': 1, 'sofa': 1}]",[],"[{'id': 393665, 'capacity': 1, 'prepayment': 'FIRST', 'nonrefundable': 1, 'cancellation_period': 0, 'cancellation_fee': 'FIRST', 'breakfast': 0, 'base_price': 7000, 'prices': [7000], 'price': 7000, 'old_price': 7000, 'currency': 'RUB', 'payment_amount': 7000, 'extras_variants': [], 'extras': [], 'rate_id': 6777, 'deals': [], 'cancellation_type': 'nonrefundable', 'credit_card': 1, 'bonus': 350, 'miles': 420, 'min_stay': 1, 'platichastyami': 0, 'mircashback': 700}, {'id': 393666, 'capacity': 2, 'prepayment': 'FIRST', 'nonrefundable': 1, 'cancellation_period': 0, 'cancellation_fee': 'FIRST', 'breakfast': 0, 'base_price': 9000, 'prices': [9000], 'price': 9000, 'old_price': 9000, 'currency': 'RUB', 'payment_amount': 9000, 'extras_variants': [], 'extras': [], 'rate_id': 6777, 'deals': [], 'cancellation_type': 'nonrefundable', 'credit_card': 1, 'bonus': 450, 'miles': 540, 'min_stay': 1, 'platichastyami': 0, 'mircashback': 900}]",7000.0,420,13176_101hotels,2026-08-15
2238226,,Номер стандарт twin mini,2,0,0,1,Двухместный,2,1,[{'single': 2}],[],"[{'id': 453562, 'capacity': 1, 'prepayment': 'FIRST', 'nonrefundable': 0, 'cancellation_period': 7, 'cancellation_fee': 'FIRST', 'breakfast': 0, 'base_price': 8800, 'prices': [8800], 'price': 8800, 'old_price': 8800, 'currency': 'RUB', 'payment_amount': 8800, 'extras_variants': [], 'extras': [], 'rate_id': 11203, 'deals': [], 'cancellation_type': 'special', 'credit_card': 1, 'bonus': 440, 'miles': 528, 'min_stay': 1, 'platichastyami': 0, 'mircashback': 880}, {'id': 453563, 'capacity': 2, 'prepayment': 'FIRST', 'nonrefundable': 0, 'cancellation_period': 7, 'cancellation_fee': 'FIRST', 'breakfast': 0, 'base_price': 8800, 'prices': [8800], 'price': 8800, 'old_price': 8800, 'currency': 'RUB', 'payment_amount': 8800, 'extras_variants': [], 'extras': [], 'rate_id': 11203, 'deals': [], 'cancellation_type': 'special', 'credit_card': 1, 'bonus': 440, 'miles': 528, 'min_stay': 1, 'platichastyami': 0, 'mircashback': 880}]",8800.0,528,559425_101hotels,2026-08-15
2238236,,Номер стандарт Double,2,0,0,1,Двухместный,2,1,[{'double': 1}],[],"[{'id': 453566, 'capacity': 1, 'prepayment': 'FIRST', 'nonrefundable': 0, 'cancellation_period': 7, 'cancellation_fee': 'FIRST', 'breakfast': 0, 'base_price': 8800, 'prices': [8800], 'price': 8800, 'old_price': 8800, 'currency': 'RUB', 'payment_amount': 8800, 'extras_variants': [], 'extras': [], 'rate_id': 11203, 'deals': [], 'cancellation_type': 'special', 'credit_card': 1, 'bonus': 440, 'miles': 528, 'min_stay': 1, 'platichastyami': 0, 'mircashback': 880}, {'id': 453567, 'capacity': 2, 'prepayment': 'FIRST', 'nonrefundable': 0, 'cancellation_period': 7, 'cancellation_fee': 'FIRST', 'breakfast': 0, 'base_price': 8800, 'prices': [8800], 'price': 8800, 'old_price': 8800, 'currency': 'RUB', 'payment_amount': 8800, 'extras_variants': [], 'extras': [], 'rate_id': 11203, 'deals': [], 'cancellation_type': 'special', 'credit_card': 1, 'bonus': 440, 'miles': 528, 'min_stay': 1, 'platichastyami': 0, 'mircashback': 880}]",8800.0,528,559425_101hotels,2026-08-15
2238289,,,2,2,0,1,Люкс,6,1,"[{'double': 1, 'sofa': 1}]",[],"[{'id': 453570, 'capacity': 1, 'prepayment': 'FIRST', 'nonrefundable': 0, 'cancellation_period': 7, 'cancellation_fee': 'FIRST', 'breakfast': 0, 'base_price': 13500, 'prices': [13500], 'price': 13500, 'old_price': 13500, 'currency': 'RUB', 'payment_amount': 13500, 'extras_variants': [], 'extras': [], 'rate_id': 11203, 'deals': [], 'cancellation_type': 'special', 'credit_card': 1, 'bonus': 675, 'miles': 810, 'min_stay': 1, 'platichastyami': 0, 'mircashback': 1350}, {'id': 453571, 'capacity': 2, 'prepayment': 'FIRST', 'nonrefundable': 0, 'cancellation_period': 7, 'cancellation_fee': 'FIRST', 'breakfast': 0, 'base_price': 13500, 'prices': [13500], 'price': 13500, 'old_price': 13500, 'currency': 'RUB', 'payment_amount': 13500, 'extras_variants': [], 'extras': [], 'rate_id': 11203, 'deals': [], 'cancellation_type': 'special', 'credit_card': 1, 'bonus': 675, 'miles': 810, 'min_stay': 1, 'platichastyami': 0, 'mircashback': 1350}]",13500.0,810,559425_101hotels,2026-08-15
2303634,,Стандартный номер,2,2,0,1,Четырехместный,34,7,"[{'double': 1, 'sofa': 1}]",[],"[{'id': 1067485, 'capacity': 1, 'prepayment': 'FIRST', 'nonrefundable': 1, 'cancellation_period': 0, 'cancellation_fee': 'FIRST', 'breakfast': 0, 'base_price': 9500, 'prices': [9500], 'price': 9500, 'old_price': 9500, 'currency': 'RUB', 'payment_amount': 9500, 'extras_variants': [], 'extras': [], 'rate_id': 52445, 'deals': [], 'cancellation_type': 'nonrefundable', 'credit_card': 1, 'bonus': 475, 'miles': 570, 'min_stay': 1, 'platichastyami': 0, 'mircashback': 950}, {'id': 1067486, 'capacity': 2, 'prepayment': 'FIRST', 'nonrefundable': 1, 'cancellation_period': 0, 'cancellation_fee': 'FIRST', 'breakfast': 0, 'base_price': 9500, 'prices': [9500], 'price': 9500, 'old_price': 9500, 'currency': 'RUB', 'payment_amount': 9500, 'extras_variants': [], 'extras': [], 'rate_id': 52445, 'deals': [], 'cancellation_type': 'nonrefundable', 'credit_card': 1, 'bonus': 475, 'miles': 570, 'min_stay': 1, 'platichastyami': 0, 'mircashback': 950}]",9500.0,570,673995_101hotels,2026-08-15
2303636,,Стандартный номер с балконом,2,2,0,1,Четырехместный,34,1,"[{'double': 1, 'sofa': 1}]",[],"[{'id': 1067487, 'capacity': 1, 'prepayment': 'FIRST', 'nonrefundable': 1, 'cancellation_period': 0, 'cancellation_fee': 'FIRST', 'breakfast': 0, 'base_price': 10000, 'prices': [10000], 'price': 10000, 'old_price': 10000, 'currency': 'RUB', 'payment_amount': 10000, 'extras_variants': [], 'extras': [], 'rate_id': 52445, 'deals': [], 'cancellation_type': 'nonrefundable', 'credit_card': 1, 'bonus': 500, 'miles': 600, 'min_stay': 1, 'platichastyami': 0, 'mircashback': 1000}, {'id': 1067488, 'capacity': 2, 'prepayment': 'FIRST', 'nonrefundable': 1, 'cancellation_period': 0, 'cancellation_fee': 'FIRST', 'breakfast': 0, 'base_price': 10000, 'prices': [10000], 'price': 10000, 'old_price': 10000, 'currency': 'RUB', 'payment_amount': 10000, 'extras_variants': [], 'extras': [], 'rate_id': 52445, 'deals': [], 'cancellation_type': 'nonrefundable', 'credit_card': 1, 'bonus': 500, 'miles': 600, 'min_stay': 1, 'platichastyami': 0, 'mircashback': 1000}]",10000.0,600,673995_101hotels,2026-08-15
98417,,Люкс,2,2,0,1,Студио,5,1,[{'double': 1}],[],"[{'id': 619670, 'capacity': 1, 'prepayment': 'FIRST', 'nonrefundable': 0, 'cancellation_period': 10, 'cancellation_fee': 'FIRST', 'breakfast': 1, 'base_price': 26220, 'prices': [26220], 'price': 26220, 'old_price': 26220, 'currency': 'RUB', 'payment_amount': 26220, 'extras_variants': [], 'extras': [], 'rate_id': 22635, 'deals': [], 'cancellation_type': 'special', 'credit_card': 1, 'bonus': 1311, 'miles': 1572, 'min_stay': 1, 'platichastyami': 0, 'mircashback': 2622}, {'id': 619671, 'capacity': 2, 'prepayment': 'FIRST', 'nonrefundable': 0, 'cancellation_period': 10, 'cancellation_fee': 'FIRST', 'breakfast': 1, 'base_price': 26220, 'prices': [26220], 'price': 26220, 'old_price': 26220, 'currency': 'RUB', 'payment_amount': 26220, 'extras_variants': [], 'extras': [], 'rate_id': 22635, 'deals': [], 'cancellation_type': 'special', 'credit_card': 1, 'bonus': 1311, 'miles': 1572, 'min_stay': 1, 'platichastyami': 0, 'mircashback': 2622}]",26220.0,1572,9002_101hotels,2026-08-15
282836,,Отдельно стоящий дом,2,0,0,0,Двухместный,2,4,[{'single': 2}],[],"[{'id': 680204, 'capacity': 1, 'prepayment': 'FIRST', 'nonrefundable': 0, 'cancellation_period': 5, 'cancellation_fee': 'FIRST', 'breakfast': 0, 'base_price': 3200, 'prices': [3200], 'price': 2880, 'old_price': 3200, 'currency': 'RUB', 'payment_amount': 3200, 'extras_variants': [], 'extras': [], 'rate_id': 7955, 'deals': ['LAST_MINUTE'], 'cancellation_type': 'special', 'credit_card': 1, 'bonus': 144, 'miles': 171, 'min_stay': 1, 'platichastyami': 0, 'mircashback': 288}, {'id': 680205, 'capacity': 2, 'prepayment': 'FIRST', 'nonrefundable': 0, 'cancellation_period': 5, 'cancellation_fee': 'FIRST', 'breakfast': 0, 'base_price': 3200, 'prices': [3200], 'price': 2880, 'old_price': 3200, 'currency': 'RUB', 'payment_amount': 3200, 'extras_variants': [], 'extras': [], 'rate_id': 7955, 'deals': ['LAST_MINUTE'], 'cancellation_type': 'special', 'credit_card': 1, 'bonus': 144, 'miles': 171, 'min_stay': 1, 'platichastyami': 0, 'mircashback': 288}]",2880.0,171,78755_101hotels,2026-08-15
2232408,,Благоустроенный дом,8,0,0,1,Восьмиместный,38,1,"[{'single': 7, 'sofa': 1}]",[],"[{'id': 415491, 'capacity': 1, 'prepayment': 'FIRST', 'nonrefundable': 0, 'cancellation_period': 5, 'cancellation_fee': 'FIRST', 'breakfast': 0, 'base_price': 22000, 'prices': [22000], 'price': 19800, 'old_price': 22000, 'currency': 'RUB', 'payment_amount': 22000, 'extras_variants': [], 'extras': [], 'rate_id': 7955, 'deals': ['LAST_MINUTE'], 'cancellation_type': 'special', 'credit_card': 1, 'bonus': 990, 'miles': 1188, 'min_stay': 1, 'platichastyami': 0, 'mircashback': 1980}, {'id': 415492, 'capacity': 2, 'prepayment': 'FIRST', 'nonrefundable': 0, 'cancellation_period': 5, 'cancellation_fee': 'FIRST', 'breakfast': 0, 'base_price': 22000, 'prices': [22000], 'price': 19800, 'old_price': 22000, 'currency': 'RUB', 'payment_amount': 22000, 'extras_variants': [], 'extras': [], 'rate_id': 7955, 'deals': ['LAST_MINUTE'], 'cancellation_type': 'special', 'credit_card': 1, 'bonus': 990, 'miles': 1188, 'min_stay': 1, 'platichastyami': 0, 'mircashback': 1980}, {'id': 415493, 'capacity': 3, 'prepayment': 'FIRST', 'nonrefundable': 0, 'cancellation_period': 5, 'cancellation_fee': 'FIRST', 'breakfast': 0, 'base_price': 22000, 'prices': [22000], 'price': 19800, 'old_price': 22000, 'currency': 'RUB', 'payment_amount': 22000, 'extras_variants': [], 'extras': [], 'rate_id': 7955, 'deals': ['LAST_MINUTE'], 'cancellation_type': 'special', 'credit_card': 1, 'bonus': 990, 'miles': 1188, 'min_stay': 1, 'platichastyami': 0, 'mircashback': 1980}, {'id': 415494, 'capacity': 4, 'prepayment': 'FIRST', 'nonrefundable': 0, 'cancellation_period': 5, 'cancellation_fee': 'FIRST', 'breakfast': 0, 'base_price': 22000, 'prices': [22000], 'price': 19800, 'old_price': 22000, 'currency': 'RUB', 'payment_amount': 22000, 'extras_variants': [], 'extras': [], 'rate_id': 7955, 'deals': ['LAST_MINUTE'], 'cancellation_type': 'special', 'credit_card': 1, 'bonus': 990, 'miles': 1188, 'min_stay': 1, 'platichastyami': 0, 'mircashback': 1980}, {'id': 415495, 'capacity': 5, 'prepayment': 'FIRST', 'nonrefundable': 0, 'cancellation_period': 5, 'cancellation_fee': 'FIRST', 'breakfast': 0, 'base_price': 22000, 'prices': [22000], 'price': 19800, 'old_price': 22000, 'currency': 'RUB', 'payment_amount': 22000, 'extras_variants': [], 'extras': [], 'rate_id': 7955, 'deals': ['LAST_MINUTE'], 'cancellation_type': 'special', 'credit_card': 1, 'bonus': 990, 'miles': 1188, 'min_stay': 1, 'platichastyami': 0, 'mircashback': 1980}, {'id': 415496, 'capacity': 6, 'prepayment': 'FIRST', 'nonrefundable': 0, 'cancellation_period': 5, 'cancellation_fee': 'FIRST', 'breakfast': 0, 'base_price': 22000, 'prices': [22000], 'price': 19800, 'old_price': 22000, 'currency': 'RUB', 'payment_amount': 22000, 'extras_variants': [], 'extras': [], 'rate_id': 7955, 'deals': ['LAST_MINUTE'], 'cancellation_type': 'special', 'credit_card': 1, 'bonus': 990, 'miles': 1188, 'min_stay': 1, 'platichastyami': 0, 'mircashback': 1980}, {'id': 415497, 'capacity': 7, 'prepayment': 'FIRST', 'nonrefundable': 0, 'cancellation_period': 5, 'cancellation_fee': 'FIRST', 'breakfast': 0, 'base_price': 22000, 'prices': [22000], 'price': 19800, 'old_price': 22000, 'currency': 'RUB', 'payment_amount': 22000, 'extras_variants': [], 'extras': [], 'rate_id': 7955, 'deals': ['LAST_MINUTE'], 'cancellation_type': 'special', 'credit_card': 1, 'bonus': 990, 'miles': 1188, 'min_stay': 1, 'platichastyami': 0, 'mircashback': 1980}, {'id': 415498, 'capacity': 8, 'prepayment': 'FIRST', 'nonrefundable': 0, 'cancellation_period': 5, 'cancellation_fee': 'FIRST', 'breakfast': 0, 'base_price': 22000, 'prices': [22000], 'price': 19800, 'old_price': 22000, 'currency': 'RUB', 'payment_amount': 22000, 'extras_variants': [], 'extras': [], 'rate_id': 7955, 'deals': ['LAST_MINUTE'], 'cancellation_type': 'special', 'credit_card': 1, 'bonus': 990, 'miles': 1188, 'min_stay': 1, 'platichastyami': 0, 'mircashback': 1980}]",19800.0,1188,78755_101hotels,2026-08-15
2276063,,Благоустроенный,10,0,0,1,Десятиместный,39,1,"[{'single': 8, 'double': 1}]",[],"[{'id': 803338, 'capacity': 1, 'prepayment': 'FIRST', 'nonrefundable': 0, 'cancellation_period': 5, 'cancellation_fee': 'FIRST', 'breakfast': 0, 'base_price': 25000, 'prices': [25000], 'price': 22500, 'old_price': 25000, 'currency': 'RUB', 'payment_amount': 25000, 'extras_variants': [], 'extras': [], 'rate_id': 7955, 'deals': ['LAST_MINUTE'], 'cancellation_type': 'special', 'credit_card': 1, 'bonus': 1125, 'miles': 1350, 'min_stay': 1, 'platichastyami': 0, 'mircashback': 2250}, {'id': 803339, 'capacity': 2, 'prepayment': 'FIRST', 'nonrefundable': 0, 'cancellation_period': 5, 'cancellation_fee': 'FIRST', 'breakfast': 0, 'base_price': 25000, 'prices': [25000], 'price': 22500, 'old_price': 25000, 'currency': 'RUB', 'payment_amount': 25000, 'extras_variants': [], 'extras': [], 'rate_id': 7955, 'deals': ['LAST_MINUTE'], 'cancellation_type': 'special', 'credit_card': 1, 'bonus': 1125, 'miles': 1350, 'min_stay': 1, 'platichastyami': 0, 'mircashback': 2250}, {'id': 803340, 'capacity': 3, 'prepayment': 'FIRST', 'nonrefundable': 0, 'cancellation_period': 5, 'cancellation_fee': 'FIRST', 'breakfast': 0, 'base_price': 25000, 'prices': [25000], 'price': 22500, 'old_price': 25000, 'currency': 'RUB', 'payment_amount': 25000, 'extras_variants': [], 'extras': [], 'rate_id': 7955, 'deals': ['LAST_MINUTE'], 'cancellation_type': 'special', 'credit_card': 1, 'bonus': 1125, 'miles': 1350, 'min_stay': 1, 'platichastyami': 0, 'mircashback': 2250}, {'id': 803341, 'capacity': 4, 'prepayment': 'FIRST', 'nonrefundable': 0, 'cancellation_period': 5, 'cancellation_fee': 'FIRST', 'breakfast': 0, 'base_price': 25000, 'prices': [25000], 'price': 22500, 'old_price': 25000, 'currency': 'RUB', 'payment_amount': 25000, 'extras_variants': [], 'extras': [], 'rate_id': 7955, 'deals': ['LAST_MINUTE'], 'cancellation_type': 'special', 'credit_card': 1, 'bonus': 1125, 'miles': 1350, 'min_stay': 1, 'platichastyami': 0, 'mircashback': 2250}, {'id': 803342, 'capacity': 5, 'prepayment': 'FIRST', 'nonrefundable': 0, 'cancellation_period': 5, 'cancellation_fee': 'FIRST', 'breakfast': 0, 'base_price': 25000, 'prices': [25000], 'price': 22500, 'old_price': 25000, 'currency': 'RUB', 'payment_amount': 25000, 'extras_variants': [], 'extras': [], 'rate_id': 7955, 'deals': ['LAST_MINUTE'], 'cancellation_type': 'special', 'credit_card': 1, 'bonus': 1125, 'miles': 1350, 'min_stay': 1, 'platichastyami': 0, 'mircashback': 2250}, {'id': 803343, 'capacity': 6, 'prepayment': 'FIRST', 'nonrefundable': 0, 'cancellation_period': 5, 'cancellation_fee': 'FIRST', 'breakfast': 0, 'base_price': 25000, 'prices': [25000], 'price': 22500, 'old_price': 25000, 'currency': 'RUB', 'payment_amount': 25000, 'extras_variants': [], 'extras': [], 'rate_id': 7955, 'deals': ['LAST_MINUTE'], 'cancellation_type': 'special', 'credit_card': 1, 'bonus': 1125, 'miles': 1350, 'min_stay': 1, 'platichastyami': 0, 'mircashback': 2250}, {'id': 803344, 'capacity': 7, 'prepayment': 'FIRST', 'nonrefundable': 0, 'cancellation_period': 5, 'cancellation_fee': 'FIRST', 'breakfast': 0, 'base_price': 25000, 'prices': [25000], 'price': 22500, 'old_price': 25000, 'currency': 'RUB', 'payment_amount': 25000, 'extras_variants': [], 'extras': [], 'rate_id': 7955, 'deals': ['LAST_MINUTE'], 'cancellation_type': 'special', 'credit_card': 1, 'bonus': 1125, 'miles': 1350, 'min_stay': 1, 'platichastyami': 0, 'mircashback': 2250}, {'id': 803345, 'capacity': 8, 'prepayment': 'FIRST', 'nonrefundable': 0, 'cancellation_period': 5, 'cancellation_fee': 'FIRST', 'breakfast': 0, 'base_price': 25000, 'prices': [25000], 'price': 22500, 'old_price': 25000, 'currency': 'RUB', 'payment_amount': 25000, 'extras_variants': [], 'extras': [], 'rate_id': 7955, 'deals': ['LAST_MINUTE'], 'cancellation_type': 'special', 'credit_card': 1, 'bonus': 1125, 'miles': 1350, 'min_stay': 1, 'platichastyami': 0, 'mircashback': 2250}, {'id': 803346, 'capacity': 9, 'prepayment': 'FIRST', 'nonrefundable': 0, 'cancellation_period': 5, 'cancellation_fee': 'FIRST', 'breakfast': 0, 'base_price': 25000, 'prices': [25000], 'price': 22500, 'old_price': 25000, 'currency': 'RUB', 'payment_amount': 25000, 'extras_variants': [], 'extras': [], 'rate_id': 7955, 'deals': ['LAST_MINUTE'], 'cancellation_type': 'special', 'credit_card': 1, 'bonus': 1125, 'miles': 1350, 'min_stay': 1, 'platichastyami': 0, 'mircashback': 2250}, {'id': 803347, 'capacity': 10, 'prepayment': 'FIRST', 'nonrefundable': 0, 'cancellation_period': 5, 'cancellation_fee': 'FIRST', 'breakfast': 0, 'base_price': 25000, 'prices': [25000], 'price': 22500, 'old_price': 25000, 'currency': 'RUB', 'payment_amount': 25000, 'extras_variants': [], 'extras': [], 'rate_id': 7955, 'deals': ['LAST_MINUTE'], 'cancellation_type': 'special', 'credit_card': 1, 'bonus': 1125, 'miles': 1350, 'min_stay': 1, 'platichastyami': 0, 'mircashback': 2250}]",22500.0,1350,78755_101hotels,2026-08-15
1616679,,Простой,3,1,0,1,Бунгало,30,2,"[{'single': 3, 'f-chair': 1}]",[],"[{'id': 804946, 'details': [{'day': '15.08.2026', 'base_price': 8500, 'price': 8500, 'discount': 0, 'deal_id': 0, 'deal_ids': [], 'deals': []}], 'capacity': 1, 'prepayment': 'FULL', 'nonrefundable': 0, 'cancellation_period': 0, 'cancellation_fee': 'NO', 'breakfast': 0, 'base_price': 8500, 'prices': [8500], 'price': 8500, 'old_price': 8500, 'currency': 'RUB', 'payment_amount': 8500, 'extras_variants': [], 'extras': [], 'rate_id': 36670, 'deals': [], 'cancellation_type': 'free', 'credit_card': 1, 'bonus': 425, 'miles': 510, 'min_stay': 1, 'platichastyami': 0, 'mircashback': 850}, {'id': 804947, 'details': [{'day': '15.08.2026', 'base_price': 8500, 'price': 8500, 'discount': 0, 'deal_id': 0, 'deal_ids': [], 'deals': []}], 'capacity': 2, 'prepayment': 'FULL', 'nonrefundable': 0, 'cancellation_period': 0, 'cancellation_fee': 'NO', 'breakfast': 0, 'base_price': 8500, 'prices': [8500], 'price': 8500, 'old_price': 8500, 'currency': 'RUB', 'payment_amount': 8500, 'extras_variants': [], 'extras': [], 'rate_id': 36670, 'deals': [], 'cancellation_type': 'free', 'credit_card': 1, 'bonus': 425, 'miles': 510, 'min_stay': 1, 'platichastyami': 0, 'mircashback': 850}, {'id': 804948, 'details': [{'day': '15.08.2026', 'base_price': 8500, 'price': 8500, 'discount': 0, 'deal_id': 0, 'deal_ids': [], 'deals': []}], 'capacity': 3, 'prepayment': 'FULL', 'nonrefundable': 0, 'cancellation_period': 0, 'cancellation_fee': 'NO', 'breakfast': 0, 'base_price': 8500, 'prices': [8500], 'price': 8500, 'old_price': 8500, 'currency': 'RUB', 'payment_amount': 8500, 'extras_variants': [], 'extras': [], 'rate_id': 36670, 'deals': [], 'cancellation_type': 'free', 'credit_card': 1, 'bonus': 425, 'miles': 510, 'min_stay': 1, 'platichastyami': 0, 'mircashback': 850}]",8500.0,510,188946_101hotels,2026-08-15
1675631,,Корпус 3,3,1,0,1,Апартаменты,14,3,"[{'single': 1, 'double': 1, 'f-chair': 1}]",[],"[{'id': 804949, 'details': [{'day': '15.08.2026', 'base_price': 9000, 'price': 9000, 'discount': 0, 'deal_id': 0, 'deal_ids': [], 'deals': []}], 'capacity': 1, 'prepayment': 'FULL', 'nonrefundable': 0, 'cancellation_period': 0, 'cancellation_fee': 'NO', 'breakfast': 0, 'base_price': 9000, 'prices': [9000], 'price': 9000, 'old_price': 9000, 'currency': 'RUB', 'payment_amount': 9000, 'extras_variants': [], 'extras': [], 'rate_id': 36670, 'deals': [], 'cancellation_type': 'free', 'credit_card': 1, 'bonus': 450, 'miles': 540, 'min_stay': 1, 'platichastyami': 0, 'mircashback': 900}, {'id': 804950, 'details': [{'day': '15.08.2026', 'base_price': 9000, 'price': 9000, 'discount': 0, 'deal_id': 0, 'deal_ids': [], 'deals': []}], 'capacity': 2, 'prepayment': 'FULL', 'nonrefundable': 0, 'cancellation_period': 0, 'cancellation_fee': 'NO', 'breakfast': 0, 'base_price': 9000, 'prices': [9000], 'price': 9000, 'old_price': 9000, 'currency': 'RUB', 'payment_amount': 9000, 'extras_variants': [], 'extras': [], 'rate_id': 36670, 'deals': [], 'cancellation_type': 'free', 'credit_card': 1, 'bonus': 450, 'miles': 540, 'min_stay': 1, 'platichastyami': 0, 'mircashback': 900}, {'id': 804951, 'details': [{'day': '15.08.2026', 'base_price': 9000, 'price': 9000, 'discount': 0, 'deal_id': 0, 'deal_ids': [], 'deals': []}], 'capacity': 3, 'prepayment': 'FULL', 'nonrefundable': 0, 'cancellation_period': 0, 'cancellation_fee': 'NO', 'breakfast': 0, 'base_price': 9000, 'prices': [9000], 'price': 9000, 'old_price': 9000, 'currency': 'RUB', 'payment_amount': 9000, 'extras_variants': [], 'extras': [], 'rate_id': 36670, 'deals': [], 'cancellation_type': 'free', 'credit_card': 1, 'bonus': 450, 'miles': 540, 'min_stay': 1, 'platichastyami': 0, 'mircashback': 900}]",9000.0,540,188946_101hotels,2026-08-15
2276204,,Стандарт,2,1,0,1,Двухместный,2,1,"[{'single': 2, 'f-chair': 1}]",[],"[{'id': 804470, 'details': [{'day': '15.08.2026', 'base_price': 5000, 'price': 5000, 'discount': 0, 'deal_id': 0, 'deal_ids': [], 'deals': []}], 'capacity': 1, 'prepayment': 'FULL', 'nonrefundable': 0, 'cancellation_period': 0, 'cancellation_fee': 'NO', 'breakfast': 0, 'base_price': 5000, 'prices': [5000], 'price': 5000, 'old_price': 5000, 'currency': 'RUB', 'payment_amount': 5000, 'extras_variants': [], 'extras': [], 'rate_id': 36670, 'deals': [], 'cancellation_type': 'free', 'credit_card': 1, 'bonus': 250, 'miles': 300, 'min_stay': 1, 'platichastyami': 0, 'mircashback': 500}, {'id': 804471, 'details': [{'day': '15.08.2026', 'base_price': 6500, 'price': 6500, 'discount': 0, 'deal_id': 0, 'deal_ids': [], 'deals': []}], 'capacity': 2, 'prepayment': 'FULL', 'nonrefundable': 0, 'cancellation_period': 0, 'cancellation_fee': 'NO', 'breakfast': 0, 'base_price': 6500, 'prices': [6500], 'price': 6500, 'old_price': 6500, 'currency': 'RUB', 'payment_amount': 6500, 'extras_variants': [], 'extras': [], 'rate_id': 36670, 'deals': [], 'cancellation_type': 'free', 'credit_card': 1, 'bonus': 325, 'miles': 390, 'min_stay': 1, 'platichastyami': 0, 'mircashback': 650}]",5000.0,300,188946_101hotels,2026-08-15
2276205,,Студия,3,1,0,1,Трёхместный и более,3,1,"[{'single': 3, 'f-chair': 1}]",[],"[{'id': 804472, 'details': [{'day': '15.08.2026', 'base_price': 6000, 'price': 6000, 'discount': 0, 'deal_id': 0, 'deal_ids': [], 'deals': []}], 'capacity': 1, 'prepayment': 'FULL', 'nonrefundable': 0, 'cancellation_period': 0, 'cancellation_fee': 'NO', 'breakfast': 0, 'base_price': 6000, 'prices': [6000], 'price': 6000, 'old_price': 6000, 'currency': 'RUB', 'payment_amount': 6000, 'extras_variants': [], 'extras': [], 'rate_id': 36670, 'deals': [], 'cancellation_type': 'free', 'credit_card': 1, 'bonus': 300, 'miles': 360, 'min_stay': 1, 'platichastyami': 0, 'mircashback': 600}, {'id': 804473, 'details': [{'day': '15.08.2026', 'base_price': 8500, 'price': 8500, 'discount': 0, 'deal_id': 0, 'deal_ids': [], 'deals': []}], 'capacity': 2, 'prepayment': 'FULL', 'nonrefundable': 0, 'cancellation_period': 0, 'cancellation_fee': 'NO', 'breakfast': 0, 'base_price': 8500, 'prices': [8500], 'price': 8500, 'old_price': 8500, 'currency': 'RUB', 'payment_amount': 8500, 'extras_variants': [], 'extras': [], 'rate_id': 36670, 'deals': [], 'cancellation_type': 'free', 'credit_card': 1, 'bonus': 425, 'miles': 510, 'min_stay': 1, 'platichastyami': 0, 'mircashback': 850}, {'id': 804474, 'details': [{'day': '15.08.2026', 'base_price': 8500, 'price': 8500, 'discount': 0, 'deal_id': 0, 'deal_ids': [], 'deals': []}], 'capacity': 3, 'prepayment': 'FULL', 'nonrefundable': 0, 'cancellation_period': 0, 'cancellation_fee': 'NO', 'breakfast': 0, 'base_price': 8500, 'prices': [8500], 'price': 8500, 'old_price': 8500, 'currency': 'RUB', 'payment_amount': 8500, 'extras_variants': [], 'extras': [], 'rate_id': 36670, 'deals': [], 'cancellation_type': 'free', 'credit_card': 1, 'bonus': 425, 'miles': 510, 'min_stay': 1, 'platichastyami': 0, 'mircashback': 850}]",6000.0,360,188946_101hotels,2026-08-15
1988745,,Номер эконом-класса,4,0,0,0,Четырехместный,34,1,[{'2-tier': 2}],[],"[{'id': 927014, 'details': [{'day': '15.08.2026', 'base_price': 1700, 'price': 1700, 'discount': 0, 'deal_id': 0, 'deal_ids': [], 'deals': []}], 'capacity': 1, 'prepayment': 'FULL', 'nonrefundable': 0, 'cancellation_period': 0, 'cancellation_fee': 'NO', 'breakfast': 0, 'base_price': 1700, 'prices': [1700], 'price': 1700, 'old_price': 1700, 'currency': 'RUB', 'payment_amount': 1700, 'extras_variants': [], 'extras': [], 'rate_id': 42732, 'deals': [], 'cancellation_type': 'free', 'credit_card': 1, 'bonus': 85, 'miles': 102, 'min_stay': 1, 'platichastyami': 0, 'mircashback': 170}, {'id': 927015, 'details': [{'day': '15.08.2026', 'base_price': 3400, 'price': 3400, 'discount': 0, 'deal_id': 0, 'deal_ids': [], 'deals': []}], 'capacity': 2, 'prepayment': 'FULL', 'nonrefundable': 0, 'cancellation_period': 0, 'cancellation_fee': 'NO', 'breakfast': 0, 'base_price': 3400, 'prices': [3400], 'price': 3400, 'old_price': 3400, 'currency': 'RUB', 'payment_amount': 3400, 'extras_variants': [], 'extras': [], 'rate_id': 42732, 'deals': [], 'cancellation_type': 'free', 'credit_card': 1, 'bonus': 170, 'miles': 204, 'min_stay': 1, 'platichastyami': 0, 'mircashback': 340}, {'id': 927016, 'details': [{'day': '15.08.2026', 'base_price': 5100, 'price': 5100, 'discount': 0, 'deal_id': 0, 'deal_ids': [], 'deals': []}], 'capacity': 3, 'prepayment': 'FULL', 'nonrefundable': 0, 'cancellation_period': 0, 'cancellation_fee': 'NO', 'breakfast': 0, 'base_price': 5100, 'prices': [5100], 'price': 5100, 'old_price': 5100, 'currency': 'RUB', 'payment_amount': 5100, 'extras_variants': [], 'extras': [], 'rate_id': 42732, 'deals': [], 'cancellation_type': 'free', 'credit_card': 1, 'bonus': 255, 'miles': 306, 'min_stay': 1, 'platichastyami': 0, 'mircashback': 510}, {'id': 927017, 'details': [{'day': '15.08.2026', 'base_price': 6800, 'price': 6800, 'discount': 0, 'deal_id': 0, 'deal_ids': [], 'deals': []}], 'capacity': 4, 'prepayment': 'FULL', 'nonrefundable': 0, 'cancellation_period': 0, 'cancellation_fee': 'NO', 'breakfast': 0, 'base_price': 6800, 'prices': [6800], 'price': 6800, 'old_price': 6800, 'currency': 'RUB', 'payment_amount': 6800, 'extras_variants': [], 'extras': [], 'rate_id': 42732, 'deals': [], 'cancellation_type': 'free', 'credit_card': 1, 'bonus': 340, 'miles': 408, 'min_stay': 1, 'platichastyami': 0, 'mircashback': 680}]",1700.0,102,609283_101hotels,2026-08-15
1988748,,Комфорт,4,0,0,0,Четырехместный,34,1,[{'single': 4}],[],"[{'id': 927018, 'details': [{'day': '15.08.2026', 'base_price': 2000, 'price': 2000, 'discount': 0, 'deal_id': 0, 'deal_ids': [], 'deals': []}], 'capacity': 1, 'prepayment': 'FULL', 'nonrefundable': 0, 'cancellation_period': 0, 'cancellation_fee': 'NO', 'breakfast': 0, 'base_price': 2000, 'prices': [2000], 'price': 2000, 'old_price': 2000, 'currency': 'RUB', 'payment_amount': 2000, 'extras_variants': [], 'extras': [], 'rate_id': 42732, 'deals': [], 'cancellation_type': 'free', 'credit_card': 1, 'bonus': 100, 'miles': 120, 'min_stay': 1, 'platichastyami': 0, 'mircashback': 200}, {'id': 927019, 'details': [{'day': '15.08.2026', 'base_price': 4000, 'price': 4000, 'discount': 0, 'deal_id': 0, 'deal_ids': [], 'deals': []}], 'capacity': 2, 'prepayment': 'FULL', 'nonrefundable': 0, 'cancellation_period': 0, 'cancellation_fee': 'NO', 'breakfast': 0, 'base_price': 4000, 'prices': [4000], 'price': 4000, 'old_price': 4000, 'currency': 'RUB', 'payment_amount': 4000, 'extras_variants': [], 'extras': [], 'rate_id': 42732, 'deals': [], 'cancellation_type': 'free', 'credit_card': 1, 'bonus': 200, 'miles': 240, 'min_stay': 1, 'platichastyami': 0, 'mircashback': 400}, {'id': 927020, 'details': [{'day': '15.08.2026', 'base_price': 6000, 'price': 6000, 'discount': 0, 'deal_id': 0, 'deal_ids': [], 'deals': []}], 'capacity': 3, 'prepayment': 'FULL', 'nonrefundable': 0, 'cancellation_period': 0, 'cancellation_fee': 'NO', 'breakfast': 0, 'base_price': 6000, 'prices': [6000], 'price': 6000, 'old_price': 6000, 'currency': 'RUB', 'payment_amount': 6000, 'extras_variants': [], 'extras': [], 'rate_id': 42732, 'deals': [], 'cancellation_type': 'free', 'credit_card': 1, 'bonus': 300, 'miles': 360, 'min_stay': 1, 'platichastyami': 0, 'mircashback': 600}, {'id': 927021, 'details': [{'day': '15.08.2026', 'base_price': 8000, 'price': 8000, 'discount': 0, 'deal_id': 0, 'deal_ids': [], 'deals': []}], 'capacity': 4, 'prepayment': 'FULL', 'nonrefundable': 0, 'cancellation_period': 0, 'cancellation_fee': 'NO', 'breakfast': 0, 'base_price': 8000, 'prices': [8000], 'price': 8000, 'old_price': 8000, 'currency': 'RUB', 'payment_amount': 8000, 'extras_variants': [], 'extras': [], 'rate_id': 42732, 'deals': [], 'cancellation_type': 'free', 'credit_card': 1, 'bonus': 400, 'miles': 480, 'min_stay': 1, 'platichastyami': 0, 'mircashback': 800}]",2000.0,120,609283_101hotels,2026-08-15
1988757,,До 4 чел,4,0,0,1,Семейный,44,1,"[{'single': 2, 'sofa': 1}]",[],"[{'id': 927025, 'details': [{'day': '15.08.2026', 'base_price': 2000, 'price': 2000, 'discount': 0, 'deal_id': 0, 'deal_ids': [], 'deals': []}], 'capacity': 1, 'prepayment': 'FULL', 'nonrefundable': 0, 'cancellation_period': 0, 'cancellation_fee': 'NO', 'breakfast': 0, 'base_price': 2000, 'prices': [2000], 'price': 2000, 'old_price': 2000, 'currency': 'RUB', 'payment_amount': 2000, 'extras_variants': [], 'extras': [], 'rate_id': 42732, 'deals': [], 'cancellation_type': 'free', 'credit_card': 1, 'bonus': 100, 'miles': 120, 'min_stay': 1, 'platichastyami': 0, 'mircashback': 200}, {'id': 927026, 'details': [{'day': '15.08.2026', 'base_price': 4000, 'price': 4000, 'discount': 0, 'deal_id': 0, 'deal_ids': [], 'deals': []}], 'capacity': 2, 'prepayment': 'FULL', 'nonrefundable': 0, 'cancellation_period': 0, 'cancellation_fee': 'NO', 'breakfast': 0, 'base_price': 4000, 'prices': [4000], 'price': 4000, 'old_price': 4000, 'currency': 'RUB', 'payment_amount': 4000, 'extras_variants': [], 'extras': [], 'rate_id': 42732, 'deals': [], 'cancellation_type': 'free', 'credit_card': 1, 'bonus': 200, 'miles': 240, 'min_stay': 1, 'platichastyami': 0, 'mircashback': 400}, {'id': 927027, 'details': [{'day': '15.08.2026', 'base_price': 6000, 'price': 6000, 'discount': 0, 'deal_id': 0, 'deal_ids': [], 'deals': []}], 'capacity': 3, 'prepayment': 'FULL', 'nonrefundable': 0, 'cancellation_period': 0, 'cancellation_fee': 'NO', 'breakfast': 0, 'base_price': 6000, 'prices': [6000], 'price': 6000, 'old_price': 6000, 'currency': 'RUB', 'payment_amount': 6000, 'extras_variants': [], 'extras': [], 'rate_id': 42732, 'deals': [], 'cancellation_type': 'free', 'credit_card': 1, 'bonus': 300, 'miles': 360, 'min_stay': 1, 'platichastyami': 0, 'mircashback': 600}, {'id': 927028, 'details': [{'day': '15.08.2026', 'base_price': 8000, 'price': 8000, 'discount': 0, 'deal_id': 0, 'deal_ids': [], 'deals': []}], 'capacity': 4, 'prepayment': 'FULL', 'nonrefundable': 0, 'cancellation_period': 0, 'cancellation_fee': 'NO', 'breakfast': 0, 'base_price': 8000, 'prices': [8000], 'price': 8000, 'old_price': 8000, 'currency': 'RUB', 'payment_amount': 8000, 'extras_variants': [], 'extras': [], 'rate_id': 42732, 'deals': [], 'cancellation_type': 'free', 'credit_card': 1, 'bonus': 400, 'miles': 480, 'min_stay': 1, 'platichastyami': 0, 'mircashback': 800}]",2000.0,120,609283_101hotels,2026-08-15
2319973,,Белый,3,0,0,0,Трехместный,37,1,"[{'single': 1, 'double': 1}]",[],"[{'id': 1214915, 'details': [{'day': '15.08.2026', 'base_price': 2000, 'price': 2000, 'discount': 0, 'deal_id': 0, 'deal_ids': [], 'deals': []}], 'capacity': 1, 'prepayment': 'FULL', 'nonrefundable': 0, 'cancellation_period': 0, 'cancellation_fee': 'NO', 'breakfast': 0, 'base_price': 2000, 'prices': [2000], 'price': 2000, 'old_price': 2000, 'currency': 'RUB', 'payment_amount': 2000, 'extras_variants': [], 'extras': [], 'rate_id': 42732, 'deals': [], 'cancellation_type': 'free', 'credit_card': 1, 'bonus': 100, 'miles': 120, 'min_stay': 1, 'platichastyami': 0, 'mircashback': 200}, {'id': 1214916, 'details': [{'day': '15.08.2026', 'base_price': 4000, 'price': 4000, 'discount': 0, 'deal_id': 0, 'deal_ids': [], 'deals': []}], 'capacity': 2, 'prepayment': 'FULL', 'nonrefundable': 0, 'cancellation_period': 0, 'cancellation_fee': 'NO', 'breakfast': 0, 'base_price': 4000, 'prices': [4000], 'price': 4000, 'old_price': 4000, 'currency': 'RUB', 'payment_amount': 4000, 'extras_variants': [], 'extras': [], 'rate_id': 42732, 'deals': [], 'cancellation_type': 'free', 'credit_card': 1, 'bonus': 200, 'miles': 240, 'min_stay': 1, 'platichastyami': 0, 'mircashback': 400}, {'id': 1216034, 'details': [{'day': '15.08.2026', 'base_price': 6000, 'price': 6000, 'discount': 0, 'deal_id': 0, 'deal_ids': [], 'deals': []}], 'capacity': 3, 'prepayment': 'FULL', 'nonrefundable': 0, 'cancellation_period': 0, 'cancellation_fee': 'NO', 'breakfast': 0, 'base_price': 6000, 'prices': [6000], 'price': 6000, 'old_price': 6000, 'currency': 'RUB', 'payment_amount': 6000, 'extras_variants': [], 'extras': [], 'rate_id': 42732, 'deals': [], 'cancellation_type': 'free', 'credit_card': 1, 'bonus': 300, 'miles': 360, 'min_stay': 1, 'platichastyami': 0, 'mircashback': 600}]",2000.0,120,609283_101hotels,2026-08-15
238139,,В Коттедже,2,0,0,0,Двухместный,2,2,[{'single': 2}],[],"[{'id': 316307, 'details': [{'day': '15.08.2026', 'base_price': 9200, 'price': 9200, 'discount': 0, 'deal_id': 0, 'deal_ids': [], 'deals': []}], 'capacity': 1, 'prepayment': 'FULL', 'nonrefundable': 1, 'cancellation_period': 0, 'cancellation_fee': 'FIRST', 'breakfast': 0, 'base_price': 9200, 'prices': [9200], 'price': 9200, 'old_price': 9200, 'currency': 'RUB', 'payment_amount': 9200, 'extras_variants': [], 'extras': [], 'rate_id': 3108, 'deals': [], 'cancellation_type': 'nonrefundable', 'credit_card': 1, 'bonus': 460, 'miles': 552, 'min_stay': 1, 'platichastyami': 0, 'mircashback': 920}, {'id': 316308, 'details': [{'day': '15.08.2026', 'base_price': 9200, 'price': 9200, 'discount': 0, 'deal_id': 0, 'deal_ids': [], 'deals': []}], 'capacity': 2, 'prepayment': 'FULL', 'nonrefundable': 1, 'cancellation_period': 0, 'cancellation_fee': 'FIRST', 'breakfast': 0, 'base_price': 9200, 'prices': [9200], 'price': 9200, 'old_price': 9200, 'currency': 'RUB', 'payment_amount': 9200, 'extras_variants': [], 'extras': [], 'rate_id': 3108, 'deals': [], 'cancellation_type': 'nonrefundable', 'credit_card': 1, 'bonus': 460, 'miles': 552, 'min_stay': 1, 'platichastyami': 0, 'mircashback': 920}]",9200.0,552,64543_101hotels,2026-08-15
238140,,В Коттедже,3,0,0,0,Трехместный,37,1,[{'single': 1}],[],"[{'id': 316326, 'details': [{'day': '15.08.2026', 'base_price': 11100, 'price': 11100, 'discount': 0, 'deal_id': 0, 'deal_ids': [], 'deals': []}], 'capacity': 1, 'prepayment': 'FULL', 'nonrefundable': 1, 'cancellation_period': 0, 'cancellation_fee': 'FIRST', 'breakfast': 0, 'base_price': 11100, 'prices': [11100], 'price': 11100, 'old_price': 11100, 'currency': 'RUB', 'payment_amount': 11100, 'extras_variants': [], 'extras': [], 'rate_id': 3108, 'deals': [], 'cancellation_type': 'nonrefundable', 'credit_card': 1, 'bonus': 555, 'miles': 666, 'min_stay': 1, 'platichastyami': 0, 'mircashback': 1110}, {'id': 316327, 'details': [{'day': '15.08.2026', 'base_price': 11100, 'price': 11100, 'discount': 0, 'deal_id': 0, 'deal_ids': [], 'deals': []}], 'capacity': 2, 'prepayment': 'FULL', 'nonrefundable': 1, 'cancellation_period': 0, 'cancellation_fee': 'FIRST', 'breakfast': 0, 'base_price': 11100, 'prices': [11100], 'price': 11100, 'old_price': 11100, 'currency': 'RUB', 'payment_amount': 11100, 'extras_variants': [], 'extras': [], 'rate_id': 3108, 'deals': [], 'cancellation_type': 'nonrefundable', 'credit_card': 1, 'bonus': 555, 'miles': 666, 'min_stay': 1, 'platichastyami': 0, 'mircashback': 1110}, {'id': 316328, 'details': [{'day': '15.08.2026', 'base_price': 11100, 'price': 11100, 'discount': 0, 'deal_id': 0, 'deal_ids': [], 'deals': []}], 'capacity': 3, 'prepayment': 'FULL', 'nonrefundable': 1, 'cancellation_period': 0, 'cancellation_fee': 'FIRST', 'breakfast': 0, 'base_price': 11100, 'prices': [11100], 'price': 11100, 'old_price': 11100, 'currency': 'RUB', 'payment_amount': 11100, 'extras_variants': [], 'extras': [], 'rate_id': 3108, 'deals': [], 'cancellation_type': 'nonrefundable', 'credit_card': 1, 'bonus': 555, 'miles': 666, 'min_stay': 1, 'platichastyami': 0, 'mircashback': 1110}]",11100.0,666,64543_101hotels,2026-08-15
238141,,В Коттедже,4,0,0,0,Четырехместный,34,1,[{'single': 4}],[],"[{'id': 316322, 'details': [{'day': '15.08.2026', 'base_price': 14600, 'price': 14600, 'discount': 0, 'deal_id': 0, 'deal_ids': [], 'deals': []}], 'capacity': 1, 'prepayment': 'FULL', 'nonrefundable': 1, 'cancellation_period': 0, 'cancellation_fee': 'FIRST', 'breakfast': 0, 'base_price': 14600, 'prices': [14600], 'price': 14600, 'old_price': 14600, 'currency': 'RUB', 'payment_amount': 14600, 'extras_variants': [], 'extras': [], 'rate_id': 3108, 'deals': [], 'cancellation_type': 'nonrefundable', 'credit_card': 1, 'bonus': 730, 'miles': 876, 'min_stay': 1, 'platichastyami': 0, 'mircashback': 1460}, {'id': 316323, 'details': [{'day': '15.08.2026', 'base_price': 14600, 'price': 14600, 'discount': 0, 'deal_id': 0, 'deal_ids': [], 'deals': []}], 'capacity': 2, 'prepayment': 'FULL', 'nonrefundable': 1, 'cancellation_period': 0, 'cancellation_fee': 'FIRST', 'breakfast': 0, 'base_price': 14600, 'prices': [14600], 'price': 14600, 'old_price': 14600, 'currency': 'RUB', 'payment_amount': 14600, 'extras_variants': [], 'extras': [], 'rate_id': 3108, 'deals': [], 'cancellation_type': 'nonrefundable', 'credit_card': 1, 'bonus': 730, 'miles': 876, 'min_stay': 1, 'platichastyami': 0, 'mircashback': 1460}, {'id': 316324, 'details': [{'day': '15.08.2026', 'base_price': 14600, 'price': 14600, 'discount': 0, 'deal_id': 0, 'deal_ids': [], 'deals': []}], 'capacity': 3, 'prepayment': 'FULL', 'nonrefundable': 1, 'cancellation_period': 0, 'cancellation_fee': 'FIRST', 'breakfast': 0, 'base_price': 14600, 'prices': [14600], 'price': 14600, 'old_price': 14600, 'currency': 'RUB', 'payment_amount': 14600, 'extras_variants': [], 'extras': [], 'rate_id': 3108, 'deals': [], 'cancellation_type': 'nonrefundable', 'credit_card': 1, 'bonus': 730, 'miles': 876, 'min_stay': 1, 'platichastyami': 0, 'mircashback': 1460}, {'id': 316325, 'details': [{'day': '15.08.2026', 'base_price': 14600, 'price': 14600, 'discount': 0, 'deal_id': 0, 'deal_ids': [], 'deals': []}], 'capacity': 4, 'prepayment': 'FULL', 'nonrefundable': 1, 'cancellation_period': 0, 'cancellation_fee': 'FIRST', 'breakfast': 0, 'base_price': 14600, 'prices': [14600], 'price': 14600, 'old_price': 14600, 'currency': 'RUB', 'payment_amount': 14600, 'extras_variants': [], 'extras': [], 'rate_id': 3108, 'deals': [], 'cancellation_type': 'nonrefundable', 'credit_card': 1, 'bonus': 730, 'miles': 876, 'min_stay': 1, 'platichastyami': 0, 'mircashback': 1460}]",14600.0,876,64543_101hotels,2026-08-15
2221441,,Гостевой этаж,2,0,0,0,Двухместный,2,2,[{'single': 2}],[],"[{'id': 316309, 'details': [{'day': '15.08.2026', 'base_price': 8300, 'price': 8300, 'discount': 0, 'deal_id': 0, 'deal_ids': [], 'deals': []}], 'capacity': 1, 'prepayment': 'FULL', 'nonrefundable': 1, 'cancellation_period': 0, 'cancellation_fee': 'FIRST', 'breakfast': 0, 'base_price': 8300, 'prices': [8300], 'price': 8300, 'old_price': 8300, 'currency': 'RUB', 'payment_amount': 8300, 'extras_variants': [], 'extras': [], 'rate_id': 3108, 'deals': [], 'cancellation_type': 'nonrefundable', 'credit_card': 1, 'bonus': 415, 'miles': 498, 'min_stay': 1, 'platichastyami': 0, 'mircashback': 830}, {'id': 316310, 'details': [{'day': '15.08.2026', 'base_price': 8300, 'price': 8300, 'discount': 0, 'deal_id': 0, 'deal_ids': [], 'deals': []}], 'capacity': 2, 'prepayment': 'FULL', 'nonrefundable': 1, 'cancellation_period': 0, 'cancellation_fee': 'FIRST', 'breakfast': 0, 'base_price': 8300, 'prices': [8300], 'price': 8300, 'old_price': 8300, 'currency': 'RUB', 'payment_amount': 8300, 'extras_variants': [], 'extras': [], 'rate_id': 3108, 'deals': [], 'cancellation_type': 'nonrefundable', 'credit_card': 1, 'bonus': 415, 'miles': 498, 'min_stay': 1, 'platichastyami': 0, 'mircashback': 830}]",8300.0,498,64543_101hotels,2026-08-15
2221442,,,11,2,0,0,Коттедж,15,1,[{'single': 2}],[],"[{'id': 316311, 'details': [{'day': '15.08.2026', 'base_price': 39700, 'price': 39700, 'discount': 0, 'deal_id': 0, 'deal_ids': [], 'deals': []}], 'capacity': 1, 'prepayment': 'FULL', 'nonrefundable': 1, 'cancellation_period': 0, 'cancellation_fee': 'FIRST', 'breakfast': 0, 'base_price': 39700, 'prices': [39700], 'price': 39700, 'old_price': 39700, 'currency': 'RUB', 'payment_amount': 39700, 'extras_variants': [], 'extras': [], 'rate_id': 3108, 'deals': [], 'cancellation_type': 'nonrefundable', 'credit_card': 1, 'bonus': 1985, 'miles': 2382, 'min_stay': 1, 'platichastyami': 0, 'mircashback': 3970}, {'id': 316312, 'details': [{'day': '15.08.2026', 'base_price': 39700, 'price': 39700, 'discount': 0, 'deal_id': 0, 'deal_ids': [], 'deals': []}], 'capacity': 2, 'prepayment': 'FULL', 'nonrefundable': 1, 'cancellation_period': 0, 'cancellation_fee': 'FIRST', 'breakfast': 0, 'base_price': 39700, 'prices': [39700], 'price': 39700, 'old_price': 39700, 'currency': 'RUB', 'payment_amount': 39700, 'extras_variants': [], 'extras': [], 'rate_id': 3108, 'deals': [], 'cancellation_type': 'nonrefundable', 'credit_card': 1, 'bonus': 1985, 'miles': 2382, 'min_stay': 1, 'platichastyami': 0, 'mircashback': 3970}, {'id': 316313, 'details': [{'day': '15.08.2026', 'base_price': 39700, 'price': 39700, 'discount': 0, 'deal_id': 0, 'deal_ids': [], 'deals': []}], 'capacity': 3, 'prepayment': 'FULL', 'nonrefundable': 1, 'cancellation_period': 0, 'cancellation_fee': 'FIRST', 'breakfast': 0, 'base_price': 39700, 'prices': [39700], 'price': 39700, 'old_price': 39700, 'currency': 'RUB', 'payment_amount': 39700, 'extras_variants': [], 'extras': [], 'rate_id': 3108, 'deals': [], 'cancellation_type': 'nonrefundable', 'credit_card': 1, 'bonus': 1985, 'miles': 2382, 'min_stay': 1, 'platichastyami': 0, 'mircashback': 3970}, {'id': 316314, 'details': [{'day': '15.08.2026', 'base_price': 39700, 'price': 39700, 'discount': 0, 'deal_id': 0, 'deal_ids': [], 'deals': []}], 'capacity': 4, 'prepayment': 'FULL', 'nonrefundable': 1, 'cancellation_period': 0, 'cancellation_fee': 'FIRST', 'breakfast': 0, 'base_price': 39700, 'prices': [39700], 'price': 39700, 'old_price': 39700, 'currency': 'RUB', 'payment_amount': 39700, 'extras_variants': [], 'extras': [], 'rate_id': 3108, 'deals': [], 'cancellation_type': 'nonrefundable', 'credit_card': 1, 'bonus': 1985, 'miles': 2382, 'min_stay': 1, 'platichastyami': 0, 'mircashback': 3970}, {'id': 316315, 'details': [{'day': '15.08.2026', 'base_price': 39700, 'price': 39700, 'discount': 0, 'deal_id': 0, 'deal_ids': [], 'deals': []}], 'capacity': 5, 'prepayment': 'FULL', 'nonrefundable': 1, 'cancellation_period': 0, 'cancellation_fee': 'FIRST', 'breakfast': 0, 'base_price': 39700, 'prices': [39700], 'price': 39700, 'old_price': 39700, 'currency': 'RUB', 'payment_amount': 39700, 'extras_variants': [], 'extras': [], 'rate_id': 3108, 'deals': [], 'cancellation_type': 'nonrefundable', 'credit_card': 1, 'bonus': 1985, 'miles': 2382, 'min_stay': 1, 'platichastyami': 0, 'mircashback': 3970}, {'id': 316316, 'details': [{'day': '15.08.2026', 'base_price': 39700, 'price': 39700, 'discount': 0, 'deal_id': 0, 'deal_ids': [], 'deals': []}], 'capacity': 6, 'prepayment': 'FULL', 'nonrefundable': 1, 'cancellation_period': 0, 'cancellation_fee': 'FIRST', 'breakfast': 0, 'base_price': 39700, 'prices': [39700], 'price': 39700, 'old_price': 39700, 'currency': 'RUB', 'payment_amount': 39700, 'extras_variants': [], 'extras': [], 'rate_id': 3108, 'deals': [], 'cancellation_type': 'nonrefundable', 'credit_card': 1, 'bonus': 1985, 'miles': 2382, 'min_stay': 1, 'platichastyami': 0, 'mircashback': 3970}, {'id': 316317, 'details': [{'day': '15.08.2026', 'base_price': 39700, 'price': 39700, 'discount': 0, 'deal_id': 0, 'deal_ids': [], 'deals': []}], 'capacity': 7, 'prepayment': 'FULL', 'nonrefundable': 1, 'cancellation_period': 0, 'cancellation_fee': 'FIRST', 'breakfast': 0, 'base_price': 39700, 'prices': [39700], 'price': 39700, 'old_price': 39700, 'currency': 'RUB', 'payment_amount': 39700, 'extras_variants': [], 'extras': [], 'rate_id': 3108, 'deals': [], 'cancellation_type': 'nonrefundable', 'credit_card': 1, 'bonus': 1985, 'miles': 2382, 'min_stay': 1, 'platichastyami': 0, 'mircashback': 3970}, {'id': 316318, 'details': [{'day': '15.08.2026', 'base_price': 39700, 'price': 39700, 'discount': 0, 'deal_id': 0, 'deal_ids': [], 'deals': []}], 'capacity': 8, 'prepayment': 'FULL', 'nonrefundable': 1, 'cancellation_period': 0, 'cancellation_fee': 'FIRST', 'breakfast': 0, 'base_price': 39700, 'prices': [39700], 'price': 39700, 'old_price': 39700, 'currency': 'RUB', 'payment_amount': 39700, 'extras_variants': [], 'extras': [], 'rate_id': 3108, 'deals': [], 'cancellation_type': 'nonrefundable', 'credit_card': 1, 'bonus': 1985, 'miles': 2382, 'min_stay': 1, 'platichastyami': 0, 'mircashback': 3970}, {'id': 316319, 'details': [{'day': '15.08.2026', 'base_price': 39700, 'price': 39700, 'discount': 0, 'deal_id': 0, 'deal_ids': [], 'deals': []}], 'capacity': 9, 'prepayment': 'FULL', 'nonrefundable': 1, 'cancellation_period': 0, 'cancellation_fee': 'FIRST', 'breakfast': 0, 'base_price': 39700, 'prices': [39700], 'price': 39700, 'old_price': 39700, 'currency': 'RUB', 'payment_amount': 39700, 'extras_variants': [], 'extras': [], 'rate_id': 3108, 'deals': [], 'cancellation_type': 'nonrefundable', 'credit_card': 1, 'bonus': 1985, 'miles': 2382, 'min_stay': 1, 'platichastyami': 0, 'mircashback': 3970}, {'id': 316320, 'details': [{'day': '15.08.2026', 'base_price': 39700, 'price': 39700, 'discount': 0, 'deal_id': 0, 'deal_ids': [], 'deals': []}], 'capacity': 10, 'prepayment': 'FULL', 'nonrefundable': 1, 'cancellation_period': 0, 'cancellation_fee': 'FIRST', 'breakfast': 0, 'base_price': 39700, 'prices': [39700], 'price': 39700, 'old_price': 39700, 'currency': 'RUB', 'payment_amount': 39700, 'extras_variants': [], 'extras': [], 'rate_id': 3108, 'deals': [], 'cancellation_type': 'nonrefundable', 'credit_card': 1, 'bonus': 1985, 'miles': 2382, 'min_stay': 1, 'platichastyami': 0, 'mircashback': 3970}, {'id': 316321, 'details': [{'day': '15.08.2026', 'base_price': 39700, 'price': 39700, 'discount': 0, 'deal_id': 0, 'deal_ids': [], 'deals': []}], 'capacity': 11, 'prepayment': 'FULL', 'nonrefundable': 1, 'cancellation_period': 0, 'cancellation_fee': 'FIRST', 'breakfast': 0, 'base_price': 39700, 'prices': [39700], 'price': 39700, 'old_price': 39700, 'currency': 'RUB', 'payment_amount': 39700, 'extras_variants': [], 'extras': [], 'rate_id': 3108, 'deals': [], 'cancellation_type': 'nonrefundable', 'credit_card': 1, 'bonus': 1985, 'miles': 2382, 'min_stay': 1, 'platichastyami': 0, 'mircashback': 3970}]",39700.0,2382,64543_101hotels,2026-08-15
2289208,,Стандарт,1,0,1,1,Одноместный,1,5,[{'single': 1}],[],"[{'id': 948523, 'capacity': 1, 'prepayment': 'NO', 'nonrefundable': 0, 'cancellation_period': 0, 'cancellation_fee': 'NO', 'breakfast': 0, 'base_price': 3600, 'prices': [3600], 'price': 3600, 'old_price': 3600, 'currency': 'RUB', 'payment_amount': 0, 'extras_variants': [], 'extras': [], 'rate_id': 39402, 'deals': [], 'cancellation_type': 'free', 'credit_card': 0, 'bonus': 180, 'miles': 216, 'min_stay': 1, 'platichastyami': 0, 'mircashback': 360}]",3600.0,216,651246_101hotels,2026-08-15
2289210,,Стандарт,2,0,0,1,Двухместный,2,2,[{'single': 2}],[],"[{'id': 948550, 'capacity': 1, 'prepayment': 'NO', 'nonrefundable': 0, 'cancellation_period': 0, 'cancellation_fee': 'NO', 'breakfast': 0, 'base_price': 2700, 'prices': [2700], 'price': 2700, 'old_price': 2700, 'currency': 'RUB', 'payment_amount': 0, 'extras_variants': [], 'extras': [], 'rate_id': 39402, 'deals': [], 'cancellation_type': 'free', 'credit_card': 0, 'bonus': 135, 'miles': 162, 'min_stay': 1, 'platichastyami': 0, 'mircashback': 270}, {'id': 948551, 'capacity': 2, 'prepayment': 'NO', 'nonrefundable': 0, 'cancellation_period': 0, 'cancellation_fee': 'NO', 'breakfast': 0, 'base_price': 5400, 'prices': [5400], 'price': 5400, 'old_price': 5400, 'currency': 'RUB', 'payment_amount': 0, 'extras_variants': [], 'extras': [], 'rate_id': 39402, 'deals': [], 'cancellation_type': 'free', 'credit_card': 0, 'bonus': 270, 'miles': 324, 'min_stay': 1, 'platichastyami': 0, 'mircashback': 540}]",2700.0,162,651246_101hotels,2026-08-15
2299441,,Полулюкс,2,0,0,1,Двухместный,2,1,[{'double': 1}],[],"[{'id': 1034241, 'capacity': 1, 'prepayment': 'NO', 'nonrefundable': 0, 'cancellation_period': 0, 'cancellation_fee': 'NO', 'breakfast': 0, 'base_price': 5000, 'prices': [5000], 'price': 5000, 'old_price': 5000, 'currency': 'RUB', 'payment_amount': 0, 'extras_variants': [], 'extras': [], 'rate_id': 39402, 'deals': [], 'cancellation_type': 'free', 'credit_card': 0, 'bonus': 250, 'miles': 300, 'min_stay': 1, 'platichastyami': 0, 'mircashback': 500}, {'id': 1034242, 'capacity': 2, 'prepayment': 'NO', 'nonrefundable': 0, 'cancellation_period': 0, 'cancellation_fee': 'NO', 'breakfast': 0, 'base_price': 5200, 'prices': [5200], 'price': 5200, 'old_price': 5200, 'currency': 'RUB', 'payment_amount': 0, 'extras_variants': [], 'extras': [], 'rate_id': 39402, 'deals': [], 'cancellation_type': 'free', 'credit_card': 0, 'bonus': 260, 'miles': 312, 'min_stay': 1, 'platichastyami': 0, 'mircashback': 520}]",5000.0,300,651246_101hotels,2026-08-15
2308666,,"Номер ""Эконом"" без окон",2,2,1,1,Двухместный,2,1,[{'single': 1}],[],"[{'id': 1114339, 'capacity': 1, 'prepayment': 'NO', 'nonrefundable': 0, 'cancellation_period': 0, 'cancellation_fee': 'NO', 'breakfast': 0, 'base_price': 2000, 'prices': [2000], 'price': 2000, 'old_price': 2000, 'currency': 'RUB', 'payment_amount': 0, 'extras_variants': [], 'extras': [], 'rate_id': 39402, 'deals': [], 'cancellation_type': 'free', 'credit_card': 0, 'bonus': 100, 'miles': 120, 'min_stay': 1, 'platichastyami': 0, 'mircashback': 200}]",2000.0,120,651246_101hotels,2026-08-15
2308667,,"Номер двухместный с дополнительным местом ""Эконом""",3,3,1,1,Трехместный,37,2,[{'single': 1}],[],"[{'id': 1114340, 'capacity': 1, 'prepayment': 'NO', 'nonrefundable': 0, 'cancellation_period': 0, 'cancellation_fee': 'NO', 'breakfast': 0, 'base_price': 2000, 'prices': [2000], 'price': 2000, 'old_price': 2000, 'currency': 'RUB', 'payment_amount': 0, 'extras_variants': [], 'extras': [], 'rate_id': 39402, 'deals': [], 'cancellation_type': 'free', 'credit_card': 0, 'bonus': 100, 'miles': 120, 'min_stay': 1, 'platichastyami': 0, 'mircashback': 200}]",2000.0,120,651246_101hotels,2026-08-15
2320242,,Домик 1,2,0,0,1,Мини-дом,57,1,[{'single': 2}],[],"[{'id': 1217786, 'capacity': 1, 'prepayment': 'FULL', 'nonrefundable': 0, 'cancellation_period': 10, 'cancellation_fee': 'FIRST', 'breakfast': 0, 'base_price': 4750, 'prices': [4750], 'price': 4750, 'old_price': 4750, 'currency': 'RUB', 'payment_amount': 4750, 'extras_variants': [], 'extras': [], 'rate_id': 62501, 'deals': [], 'cancellation_type': 'special', 'credit_card': 1, 'bonus': 238, 'miles': 285, 'min_stay': 1, 'platichastyami': 0, 'mircashback': 475}, {'id': 1217787, 'capacity': 2, 'prepayment': 'FULL', 'nonrefundable': 0, 'cancellation_period': 10, 'cancellation_fee': 'FIRST', 'breakfast': 0, 'base_price': 4750, 'prices': [4750], 'price': 4750, 'old_price': 4750, 'currency': 'RUB', 'payment_amount': 4750, 'extras_variants': [], 'extras': [], 'rate_id': 62501, 'deals': [], 'cancellation_type': 'special', 'credit_card': 1, 'bonus': 238, 'miles': 285, 'min_stay': 1, 'platichastyami': 0, 'mircashback': 475}]",4750.0,285,677907_101hotels,2026-08-15
2320303,,Номер 1 стандарт,4,0,0,0,Семейный,44,1,"[{'single': 2, 'double': 1}]",[],"[{'id': 1217778, 'capacity': 1, 'prepayment': 'FULL', 'nonrefundable': 0, 'cancellation_period': 10, 'cancellation_fee': 'FIRST', 'breakfast': 0, 'base_price': 4375, 'prices': [4375], 'price': 4375, 'old_price': 4375, 'currency': 'RUB', 'payment_amount': 4375, 'extras_variants': [], 'extras': [], 'rate_id': 62501, 'deals': [], 'cancellation_type': 'special', 'credit_card': 1, 'bonus': 219, 'miles': 261, 'min_stay': 1, 'platichastyami': 0, 'mircashback': 438}, {'id': 1217779, 'capacity': 2, 'prepayment': 'FULL', 'nonrefundable': 0, 'cancellation_period': 10, 'cancellation_fee': 'FIRST', 'breakfast': 0, 'base_price': 4375, 'prices': [4375], 'price': 4375, 'old_price': 4375, 'currency': 'RUB', 'payment_amount': 4375, 'extras_variants': [], 'extras': [], 'rate_id': 62501, 'deals': [], 'cancellation_type': 'special', 'credit_card': 1, 'bonus': 219, 'miles': 261, 'min_stay': 1, 'platichastyami': 0, 'mircashback': 438}, {'id': 1217780, 'capacity': 3, 'prepayment': 'FULL', 'nonrefundable': 0, 'cancellation_period': 10, 'cancellation_fee': 'FIRST', 'breakfast': 0, 'base_price': 4375, 'prices': [4375], 'price': 4375, 'old_price': 4375, 'currency': 'RUB', 'payment_amount': 4375, 'extras_variants': [], 'extras': [], 'rate_id': 62501, 'deals': [], 'cancellation_type': 'special', 'credit_card': 1, 'bonus': 219, 'miles': 261, 'min_stay': 1, 'platichastyami': 0, 'mircashback': 438}, {'id': 1217781, 'capacity': 4, 'prepayment': 'FULL', 'nonrefundable': 0, 'cancellation_period': 10, 'cancellation_fee': 'FIRST', 'breakfast': 0, 'base_price': 4375, 'prices': [4375], 'price': 4375, 'old_price': 4375, 'currency': 'RUB', 'payment_amount': 4375, 'extras_variants': [], 'extras': [], 'rate_id': 62501, 'deals': [], 'cancellation_type': 'special', 'credit_card': 1, 'bonus': 219, 'miles': 261, 'min_stay': 1, 'platichastyami': 0, 'mircashback': 438}]",4375.0,261,677907_101hotels,2026-08-15
2320314,,Номер 7 стандарт,5,0,0,0,Пятиместный,35,1,[{'single': 5}],[],"[{'id': 1217765, 'capacity': 1, 'prepayment': 'FULL', 'nonrefundable': 0, 'cancellation_period': 10, 'cancellation_fee': 'FIRST', 'breakfast': 0, 'base_price': 9375, 'prices': [9375], 'price': 9375, 'old_price': 9375, 'currency': 'RUB', 'payment_amount': 9375, 'extras_variants': [], 'extras': [], 'rate_id': 62501, 'deals': [], 'cancellation_type': 'special', 'credit_card': 1, 'bonus': 469, 'miles': 561, 'min_stay': 1, 'platichastyami': 0, 'mircashback': 938}]",9375.0,561,677907_101hotels,2026-08-15
2271673,,Стандарт,2,0,0,1,Двухместный,2,7,[{'single': 2}],[],"[{'id': 1192349, 'capacity': 1, 'prepayment': 'FULL', 'nonrefundable': 0, 'cancellation_period': 1, 'cancellation_fee': 'FIRST', 'breakfast': 0, 'base_price': 5250, 'prices': [5250], 'price': 5250, 'old_price': 5250, 'currency': 'RUB', 'payment_amount': 5250, 'extras_variants': [], 'extras': [], 'rate_id': 29990, 'deals': [], 'cancellation_type': 'special', 'credit_card': 1, 'bonus': 263, 'miles': 315, 'min_stay': 1, 'platichastyami': 0, 'mircashback': 525}, {'id': 1192350, 'capacity': 2, 'prepayment': 'FULL', 'nonrefundable': 0, 'cancellation_period': 1, 'cancellation_fee': 'FIRST', 'breakfast': 0, 'base_price': 5250, 'prices': [5250], 'price': 5250, 'old_price': 5250, 'currency': 'RUB', 'payment_amount': 5250, 'extras_variants': [], 'extras': [], 'rate_id': 29990, 'deals': [], 'cancellation_type': 'special', 'credit_card': 1, 'bonus': 263, 'miles': 315, 'min_stay': 1, 'platichastyami': 0, 'mircashback': 525}]",5250.0,315,495209_101hotels,2026-08-15
2321114,,Семейный,4,0,0,1,Люкс,6,1,"[{'sofa': 1, 'double': 1}]",[],"[{'id': 1223988, 'capacity': 1, 'prepayment': 'FULL', 'nonrefundable': 0, 'cancellation_period': 1, 'cancellation_fee': 'FIRST', 'breakfast': 0, 'base_price': 9750, 'prices': [9750], 'price': 9750, 'old_price': 9750, 'currency': 'RUB', 'payment_amount': 9750, 'extras_variants': [], 'extras': [], 'rate_id': 29992, 'deals': [], 'cancellation_type': 'special', 'credit_card': 1, 'bonus': 488, 'miles': 585, 'min_stay': 1, 'platichastyami': 0, 'mircashback': 975}, {'id': 1223989, 'capacity': 2, 'prepayment': 'FULL', 'nonrefundable': 0, 'cancellation_period': 1, 'cancellation_fee': 'FIRST', 'breakfast': 0, 'base_price': 9750, 'prices': [9750], 'price': 9750, 'old_price': 9750, 'currency': 'RUB', 'payment_amount': 9750, 'extras_variants': [], 'extras': [], 'rate_id': 29992, 'deals': [], 'cancellation_type': 'special', 'credit_card': 1, 'bonus': 488, 'miles': 585, 'min_stay': 1, 'platichastyami': 0, 'mircashback': 975}, {'id': 1223995, 'capacity': 3, 'prepayment': 'FULL', 'nonrefundable': 0, 'cancellation_period': 1, 'cancellation_fee': 'FIRST', 'breakfast': 0, 'base_price': 9750, 'prices': [9750], 'price': 9750, 'old_price': 9750, 'currency': 'RUB', 'payment_amount': 9750, 'extras_variants': [], 'extras': [], 'rate_id': 29992, 'deals': [], 'cancellation_type': 'special', 'credit_card': 1, 'bonus': 488, 'miles': 585, 'min_stay': 1, 'platichastyami': 0, 'mircashback': 975}, {'id': 1223996, 'capacity': 4, 'prepayment': 'FULL', 'nonrefundable': 0, 'cancellation_period': 1, 'cancellation_fee': 'FIRST', 'breakfast': 0, 'base_price': 9750, 'prices': [9750], 'price': 9750, 'old_price': 9750, 'currency': 'RUB', 'payment_amount': 9750, 'extras_variants': [], 'extras': [], 'rate_id': 29992, 'deals': [], 'cancellation_type': 'special', 'credit_card': 1, 'bonus': 488, 'miles': 585, 'min_stay': 1, 'platichastyami': 0, 'mircashback': 975}]",9750.0,585,495209_101hotels,2026-08-15
15957,,Двухэтажный,6,6,0,1,Коттедж,15,1,[{'double': 3}],[],"[{'id': 1047856, 'capacity': 1, 'prepayment': 'FIRST', 'nonrefundable': 0, 'cancellation_period': 1, 'cancellation_fee': 'FIRST', 'breakfast': 1, 'base_price': 45000, 'prices': [45000], 'price': 45000, 'old_price': 45000, 'currency': 'RUB', 'payment_amount': 45000, 'extras_variants': [], 'extras': [], 'rate_id': 51045, 'deals': [], 'cancellation_type': 'special', 'credit_card': 1, 'bonus': 2250, 'miles': 2700, 'min_stay': 1, 'platichastyami': 0, 'mircashback': 4500}, {'id': 1047857, 'capacity': 2, 'prepayment': 'FIRST', 'nonrefundable': 0, 'cancellation_period': 1, 'cancellation_fee': 'FIRST', 'breakfast': 1, 'base_price': 45000, 'prices': [45000], 'price': 45000, 'old_price': 45000, 'currency': 'RUB', 'payment_amount': 45000, 'extras_variants': [], 'extras': [], 'rate_id': 51045, 'deals': [], 'cancellation_type': 'special', 'credit_card': 1, 'bonus': 2250, 'miles': 2700, 'min_stay': 1, 'platichastyami': 0, 'mircashback': 4500}, {'id': 1047858, 'capacity': 3, 'prepayment': 'FIRST', 'nonrefundable': 0, 'cancellation_period': 1, 'cancellation_fee': 'FIRST', 'breakfast': 1, 'base_price': 45000, 'prices': [45000], 'price': 45000, 'old_price': 45000, 'currency': 'RUB', 'payment_amount': 45000, 'extras_variants': [], 'extras': [], 'rate_id': 51045, 'deals': [], 'cancellation_type': 'special', 'credit_card': 1, 'bonus': 2250, 'miles': 2700, 'min_stay': 1, 'platichastyami': 0, 'mircashback': 4500}, {'id': 1047859, 'capacity': 4, 'prepayment': 'FIRST', 'nonrefundable': 0, 'cancellation_period': 1, 'cancellation_fee': 'FIRST', 'breakfast': 1, 'base_price': 45000, 'prices': [45000], 'price': 45000, 'old_price': 45000, 'currency': 'RUB', 'payment_amount': 45000, 'extras_variants': [], 'extras': [], 'rate_id': 51045, 'deals': [], 'cancellation_type': 'special', 'credit_card': 1, 'bonus': 2250, 'miles': 2700, 'min_stay': 1, 'platichastyami': 0, 'mircashback': 4500}, {'id': 1047860, 'capacity': 5, 'prepayment': 'FIRST', 'nonrefundable': 0, 'cancellation_period': 1, 'cancellation_fee': 'FIRST', 'breakfast': 1, 'base_price': 45000, 'prices': [45000], 'price': 45000, 'old_price': 45000, 'currency': 'RUB', 'payment_amount': 45000, 'extras_variants': [], 'extras': [], 'rate_id': 51045, 'deals': [], 'cancellation_type': 'special', 'credit_card': 1, 'bonus': 2250, 'miles': 2700, 'min_stay': 1, 'platichastyami': 0, 'mircashback': 4500}, {'id': 1047861, 'capacity': 6, 'prepayment': 'FIRST', 'nonrefundable': 0, 'cancellation_period': 1, 'cancellation_fee': 'FIRST', 'breakfast': 1, 'base_price': 45000, 'prices': [45000], 'price': 45000, 'old_price': 45000, 'currency': 'RUB', 'payment_amount': 45000, 'extras_variants': [], 'extras': [], 'rate_id': 51045, 'deals': [], 'cancellation_type': 'special', 'credit_card': 1, 'bonus': 2250, 'miles': 2700, 'min_stay': 1, 'platichastyami': 0, 'mircashback': 4500}]",45000.0,2700,3365_101hotels,2026-08-15
2269634,,С раздельными кроватями Standart № 3,3,0,0,0,Трёхместный и более,3,1,[{'single': 3}],"[{'id': '19969', 'number': '1', 'min_age': '3', 'max_age': '14', 'is_extra_bed': '0', 'extra_bed_type_id': '0'}]","[{'id': 752592, 'capacity': 1, 'prepayment': 'FULL', 'nonrefundable': 0, 'cancellation_period': 0, 'cancellation_fee': 'NO', 'breakfast': 0, 'base_price': 3100, 'prices': [3100], 'price': 3100, 'old_price': 3100, 'currency': 'RUB', 'payment_amount': 3100, 'extras_variants': [], 'extras': {'19969': {'id': 19969, 'number': 1, 'extra_bed_type_id': 0, 'age': [3, 14], 'extra_bed': 0, 'free': 1}}, 'rate_id': 32736, 'deals': [], 'cancellation_type': 'free', 'credit_card': 1, 'bonus': 155, 'miles': 186, 'min_stay': 1, 'platichastyami': 0, 'mircashback': 310}, {'id': 752593, 'capacity': 2, 'prepayment': 'FULL', 'nonrefundable': 0, 'cancellation_period': 0, 'cancellation_fee': 'NO', 'breakfast': 0, 'base_price': 5000, 'prices': [5000], 'price': 5000, 'old_price': 5000, 'currency': 'RUB', 'payment_amount': 5000, 'extras_variants': [], 'extras': {'19969': {'id': 19969, 'number': 1, 'extra_bed_type_id': 0, 'age': [3, 14], 'extra_bed': 0, 'free': 1}}, 'rate_id': 32736, 'deals': [], 'cancellation_type': 'free', 'credit_card': 1, 'bonus': 250, 'miles': 300, 'min_stay': 1, 'platichastyami': 0, 'mircashback': 500}, {'id': 752594, 'capacity': 3, 'prepayment': 'FULL', 'nonrefundable': 0, 'cancellation_period': 0, 'cancellation_fee': 'NO', 'breakfast': 0, 'base_price': 6900, 'prices': [6900], 'price': 6900, 'old_price': 6900, 'currency': 'RUB', 'payment_amount': 6900, 'extras_variants': [], 'extras': {'19969': {'id': 19969, 'number': 1, 'extra_bed_type_id': 0, 'age': [3, 14], 'extra_bed': 0, 'free': 1}}, 'rate_id': 32736, 'deals': [], 'cancellation_type': 'free', 'credit_card': 1, 'bonus': 345, 'miles': 414, 'min_stay': 1, 'platichastyami': 0, 'mircashback': 690}]",3100.0,186,664549_101hotels,2026-08-15
2219397,,Стандартный,2,0,0,1,Двухместный,2,1,[{'double': 1}],[],"[{'id': 503066, 'capacity': 1, 'prepayment': 'FULL', 'nonrefundable': 1, 'cancellation_period': 0, 'cancellation_fee': 'FIRST', 'breakfast': 0, 'base_price': 5800, 'prices': [5800], 'price': 5800, 'old_price': 5800, 'currency': 'RUB', 'payment_amount': 5800, 'extras_variants': [], 'extras': [], 'rate_id': 14586, 'deals': [], 'cancellation_type': 'nonrefundable', 'credit_card': 1, 'bonus': 290, 'miles': 348, 'min_stay': 1, 'platichastyami': 0, 'mircashback': 580}, {'id': 503067, 'capacity': 2, 'prepayment': 'FULL', 'nonrefundable': 1, 'cancellation_period': 0, 'cancellation_fee': 'FIRST', 'breakfast': 0, 'base_price': 5800, 'prices': [5800], 'price': 5800, 'old_price': 5800, 'currency': 'RUB', 'payment_amount': 5800, 'extras_variants': [], 'extras': [], 'rate_id': 14586, 'deals': [], 'cancellation_type': 'nonrefundable', 'credit_card': 1, 'bonus': 290, 'miles': 348, 'min_stay': 1, 'platichastyami': 0, 'mircashback': 580}]",5800.0,348,495574_101hotels,2026-08-15
1681497,,Стандартный номер с 2 отдельными кроватями,2,0,0,1,Двухместный,2,3,[{'single': 2}],[],"[{'id': 371335, 'capacity': 1, 'prepayment': 'FULL', 'nonrefundable': 1, 'cancellation_period': 0, 'cancellation_fee': 'FIRST', 'breakfast': 0, 'base_price': 4000, 'prices': [4000], 'price': 4000, 'old_price': 4000, 'currency': 'RUB', 'payment_amount': 4000, 'extras_variants': [], 'extras': [], 'rate_id': 5921, 'deals': [], 'cancellation_type': 'nonrefundable', 'credit_card': 1, 'bonus': 200, 'miles': 240, 'min_stay': 1, 'platichastyami': 0, 'mircashback': 400}, {'id': 371336, 'capacity': 2, 'prepayment': 'FULL', 'nonrefundable': 1, 'cancellation_period': 0, 'cancellation_fee': 'FIRST', 'breakfast': 0, 'base_price': 4000, 'prices': [4000], 'price': 4000, 'old_price': 4000, 'currency': 'RUB', 'payment_amount': 4000, 'extras_variants': [], 'extras': [], 'rate_id': 5921, 'deals': [], 'cancellation_type': 'nonrefundable', 'credit_card': 1, 'bonus': 200, 'miles': 240, 'min_stay': 1, 'platichastyami': 0, 'mircashback': 400}]",4000.0,240,511615_101hotels,2026-08-15
2220210,,Койко-место в общем номере с 3 кроватями,3,0,1,0,Трехместный,37,11,[{'single': 3}],[],"[{'id': 307027, 'capacity': 1, 'prepayment': 'FULL', 'nonrefundable': 0, 'cancellation_period': 1, 'cancellation_fee': 'FIRST', 'breakfast': 0, 'base_price': 1900, 'prices': [1900], 'price': 1900, 'old_price': 1900, 'currency': 'RUB', 'payment_amount': 1900, 'extras_variants': [], 'extras': [], 'rate_id': 2700, 'deals': [], 'cancellation_type': 'special', 'credit_card': 1, 'bonus': 95, 'miles': 114, 'min_stay': 1, 'platichastyami': 0, 'mircashback': 190}]",1900.0,114,650957_101hotels,2026-08-15
2299440,,Шале,2,1,0,1,Двухместный,2,8,[{'double': 1}],[],"[{'id': 1034245, 'capacity': 1, 'prepayment': 'FULL', 'nonrefundable': 0, 'cancellation_period': 0, 'cancellation_fee': 'NO', 'breakfast': 0, 'base_price': 10000, 'prices': [10000], 'price': 10000, 'old_price': 10000, 'currency': 'RUB', 'payment_amount': 10000, 'extras_variants': [], 'extras': [], 'rate_id': 50187, 'deals': [], 'cancellation_type': 'free', 'credit_card': 1, 'bonus': 500, 'miles': 600, 'min_stay': 1, 'platichastyami': 0, 'mircashback': 1000}, {'id': 1034246, 'capacity': 2, 'prepayment': 'FULL', 'nonrefundable': 0, 'cancellation_period': 0, 'cancellation_fee': 'NO', 'breakfast': 0, 'base_price': 10000, 'prices': [10000], 'price': 10000, 'old_price': 10000, 'currency': 'RUB', 'payment_amount': 10000, 'extras_variants': [], 'extras': [], 'rate_id': 50187, 'deals': [], 'cancellation_type': 'free', 'credit_card': 1, 'bonus': 500, 'miles': 600, 'min_stay': 1, 'platichastyami': 0, 'mircashback': 1000}]",10000.0,600,672860_101hotels,2026-08-15
37238,,"Улучшенный, Двухкомнатный",2,1,0,1,Люкс,6,1,"[{'double': 1, 'sofa': 1}]",[],"[{'id': 835000, 'capacity': 1, 'prepayment': 'FULL', 'nonrefundable': 0, 'cancellation_period': 7, 'cancellation_fee': 'FULL', 'breakfast': 0, 'base_price': 10300, 'prices': [10300], 'price': 10300, 'old_price': 10300, 'currency': 'RUB', 'payment_amount': 10300, 'extras_variants': [], 'extras': [], 'rate_id': 37751, 'deals': [], 'cancellation_type': 'special', 'credit_card': 1, 'bonus': 515, 'miles': 618, 'min_stay': 1, 'platichastyami': 0, 'mircashback': 1030}, {'id': 834995, 'capacity': 1, 'prepayment': 'FULL', 'nonrefundable': 1, 'cancellation_period': 0, 'cancellation_fee': 'FULL', 'breakfast': 1, 'base_price': 11400, 'prices': [11400], 'price': 11400, 'old_price': 11400, 'currency': 'RUB', 'payment_amount': 11400, 'extras_variants': [], 'extras': [], 'rate_id': 37750, 'deals': [], 'cancellation_type': 'nonrefundable', 'credit_card': 1, 'bonus': 570, 'miles': 684, 'min_stay': 1, 'platichastyami': 0, 'mircashback': 1140}, {'id': 835001, 'capacity': 2, 'prepayment': 'FULL', 'nonrefundable': 0, 'cancellation_period': 7, 'cancellation_fee': 'FULL', 'breakfast': 0, 'base_price': 10450, 'prices': [10450], 'price': 10450, 'old_price': 10450, 'currency': 'RUB', 'payment_amount': 10450, 'extras_variants': [], 'extras': [], 'rate_id': 37751, 'deals': [], 'cancellation_type': 'special', 'credit_card': 1, 'bonus': 523, 'miles': 627, 'min_stay': 1, 'platichastyami': 0, 'mircashback': 1045}, {'id': 834996, 'capacity': 2, 'prepayment': 'FULL', 'nonrefundable': 1, 'cancellation_period': 0, 'cancellation_fee': 'FULL', 'breakfast': 1, 'base_price': 12650, 'prices': [12650], 'price': 12650, 'old_price': 12650, 'currency': 'RUB', 'payment_amount': 12650, 'extras_variants': [], 'extras': [], 'rate_id': 37750, 'deals': [], 'cancellation_type': 'nonrefundable', 'credit_card': 1, 'bonus': 633, 'miles': 759, 'min_stay': 1, 'platichastyami': 0, 'mircashback': 1265}]",10300.0,618,7628_101hotels,2026-08-15
2275937,,Двухэтажный 2-местный с камином,2,1,0,1,Дом,56,1,"[{'double': 1, 'sofa': 1}]","[{'id': '51203', 'number': '1', 'min_age': '0', 'max_age': '18', 'is_extra_bed': '0', 'extra_bed_type_id': '0'}]","[{'id': 802484, 'capacity': 1, 'prepayment': 'FULL', 'nonrefundable': 0, 'cancellation_period': 2, 'cancellation_fee': 'FIRST', 'breakfast': 1, 'base_price': 19200, 'prices': [19200], 'price': 19200, 'old_price': 19200, 'currency': 'RUB', 'payment_amount': 19200, 'extras_variants': [], 'extras': {'51203': {'id': 51203, 'number': 1, 'extra_bed_type_id': 0, 'age': [0, 18], 'extra_bed': 0, 'free': 1}}, 'rate_id': 36543, 'deals': [], 'cancellation_type': 'special', 'credit_card': 1, 'bonus': 960, 'miles': 1152, 'min_stay': 1, 'platichastyami': 0, 'mircashback': 1920}, {'id': 802485, 'capacity': 2, 'prepayment': 'FULL', 'nonrefundable': 0, 'cancellation_period': 2, 'cancellation_fee': 'FIRST', 'breakfast': 1, 'base_price': 19200, 'prices': [19200], 'price': 19200, 'old_price': 19200, 'currency': 'RUB', 'payment_amount': 19200, 'extras_variants': [], 'extras': {'51203': {'id': 51203, 'number': 1, 'extra_bed_type_id': 0, 'age': [0, 18], 'extra_bed': 0, 'free': 1}}, 'rate_id': 36543, 'deals': [], 'cancellation_type': 'special', 'credit_card': 1, 'bonus': 960, 'miles': 1152, 'min_stay': 1, 'platichastyami': 0, 'mircashback': 1920}]",19200.0,1152,666682_101hotels,2026-08-15
2275940,,Двухэтажный 4-местны дом с камином и террасой,4,2,0,1,Шале,55,2,"[{'single': 2, 'double': 1, 'sofa': 1}]","[{'id': '11187', 'number': '2', 'min_age': '0', 'max_age': '7', 'is_extra_bed': '0', 'extra_bed_type_id': '0'}]","[{'id': 1071747, 'capacity': 1, 'prepayment': 'FULL', 'nonrefundable': 0, 'cancellation_period': 2, 'cancellation_fee': 'FIRST', 'breakfast': 1, 'base_price': 31200, 'prices': [31200], 'price': 31200, 'old_price': 31200, 'currency': 'RUB', 'payment_amount': 31200, 'extras_variants': [], 'extras': {'11187': {'id': 11187, 'number': 2, 'extra_bed_type_id': 0, 'age': [0, 7], 'extra_bed': 0, 'free': 1}}, 'rate_id': 36543, 'deals': [], 'cancellation_type': 'special', 'credit_card': 1, 'bonus': 1560, 'miles': 1872, 'min_stay': 1, 'platichastyami': 0, 'mircashback': 3120}, {'id': 1071748, 'capacity': 2, 'prepayment': 'FULL', 'nonrefundable': 0, 'cancellation_period': 2, 'cancellation_fee': 'FIRST', 'breakfast': 1, 'base_price': 31200, 'prices': [31200], 'price': 31200, 'old_price': 31200, 'currency': 'RUB', 'payment_amount': 31200, 'extras_variants': [], 'extras': {'11187': {'id': 11187, 'number': 2, 'extra_bed_type_id': 0, 'age': [0, 7], 'extra_bed': 0, 'free': 1}}, 'rate_id': 36543, 'deals': [], 'cancellation_type': 'special', 'credit_card': 1, 'bonus': 1560, 'miles': 1872, 'min_stay': 1, 'platichastyami': 0, 'mircashback': 3120}, {'id': 1071749, 'capacity': 3, 'prepayment': 'FULL', 'nonrefundable': 0, 'cancellation_period': 2, 'cancellation_fee': 'FIRST', 'breakfast': 1, 'base_price': 31200, 'prices': [31200], 'price': 31200, 'old_price': 31200, 'currency': 'RUB', 'payment_amount': 31200, 'extras_variants': [], 'extras': {'11187': {'id': 11187, 'number': 2, 'extra_bed_type_id': 0, 'age': [0, 7], 'extra_bed': 0, 'free': 1}}, 'rate_id': 36543, 'deals': [], 'cancellation_type': 'special', 'credit_card': 1, 'bonus': 1560, 'miles': 1872, 'min_stay': 1, 'platichastyami': 0, 'mircashback': 3120}, {'id': 1071750, 'capacity': 4, 'prepayment': 'FULL', 'nonrefundable': 0, 'cancellation_period': 2, 'cancellation_fee': 'FIRST', 'breakfast': 1, 'base_price': 31200, 'prices': [31200], 'price': 31200, 'old_price': 31200, 'currency': 'RUB', 'payment_amount': 31200, 'extras_variants': [], 'extras': {'11187': {'id': 11187, 'number': 2, 'extra_bed_type_id': 0, 'age': [0, 7], 'extra_bed': 0, 'free': 1}}, 'rate_id': 36543, 'deals': [], 'cancellation_type': 'special', 'credit_card': 1, 'bonus': 1560, 'miles': 1872, 'min_stay': 1, 'platichastyami': 0, 'mircashback': 3120}]",31200.0,1872,666682_101hotels,2026-08-15
2315545,,Стандартный,2,0,0,1,Двухместный,2,2,[{'double': 1}],"[{'id': '42692', 'number': '1', 'min_age': '0', 'max_age': '5', 'is_extra_bed': '0', 'extra_bed_type_id': '0'}]","[{'id': 1180704, 'capacity': 1, 'prepayment': 'FIRST', 'nonrefundable': 0, 'cancellation_period': 5, 'cancellation_fee': 'FIRST', 'breakfast': 0, 'base_price': 12000, 'prices': [12000], 'price': 12000, 'old_price': 12000, 'currency': 'RUB', 'payment_amount': 12000, 'extras_variants': [], 'extras': {'42692': {'id': 42692, 'number': 1, 'extra_bed_type_id': 0, 'age': [0, 5], 'extra_bed': 0, 'free': 1}}, 'rate_id': 60220, 'deals': [], 'cancellation_type': 'special', 'credit_card': 1, 'bonus': 600, 'miles': 720, 'min_stay': 1, 'platichastyami': 0, 'mircashback': 1200}, {'id': 1180705, 'capacity': 2, 'prepayment': 'FIRST', 'nonrefundable': 0, 'cancellation_period': 5, 'cancellation_fee': 'FIRST', 'breakfast': 0, 'base_price': 12000, 'prices': [12000], 'price': 12000, 'old_price': 12000, 'currency': 'RUB', 'payment_amount': 12000, 'extras_variants': [], 'extras': {'42692': {'id': 42692, 'number': 1, 'extra_bed_type_id': 0, 'age': [0, 5], 'extra_bed': 0, 'free': 1}}, 'rate_id': 60220, 'deals': [], 'cancellation_type': 'special', 'credit_card': 1, 'bonus': 600, 'miles': 720, 'min_stay': 1, 'platichastyami': 0, 'mircashback': 1200}]",12000.0,720,652285_101hotels,2026-08-15
2315549,,Улучшенный,2,1,0,1,Семейный,44,1,"[{'single': 1, 'double': 1}]","[{'id': '42695', 'number': '1', 'min_age': '0', 'max_age': '5', 'is_extra_bed': '0', 'extra_bed_type_id': '0'}]","[{'id': 1180710, 'capacity': 1, 'prepayment': 'FIRST', 'nonrefundable': 0, 'cancellation_period': 5, 'cancellation_fee': 'FIRST', 'breakfast': 0, 'base_price': 15000, 'prices': [15000], 'price': 15000, 'old_price': 15000, 'currency': 'RUB', 'payment_amount': 15000, 'extras_variants': [], 'extras': {'42695': {'id': 42695, 'number': 1, 'extra_bed_type_id': 0, 'age': [0, 5], 'extra_bed': 0, 'free': 1}}, 'rate_id': 60220, 'deals': [], 'cancellation_type': 'special', 'credit_card': 1, 'bonus': 750, 'miles': 900, 'min_stay': 1, 'platichastyami': 0, 'mircashback': 1500}, {'id': 1180711, 'capacity': 2, 'prepayment': 'FIRST', 'nonrefundable': 0, 'cancellation_period': 5, 'cancellation_fee': 'FIRST', 'breakfast': 0, 'base_price': 15000, 'prices': [15000], 'price': 15000, 'old_price': 15000, 'currency': 'RUB', 'payment_amount': 15000, 'extras_variants': [], 'extras': {'42695': {'id': 42695, 'number': 1, 'extra_bed_type_id': 0, 'age': [0, 5], 'extra_bed': 0, 'free': 1}}, 'rate_id': 60220, 'deals': [], 'cancellation_type': 'special', 'credit_card': 1, 'bonus': 750, 'miles': 900, 'min_stay': 1, 'platichastyami': 0, 'mircashback': 1500}]",15000.0,900,652285_101hotels,2026-08-15
2315552,,Люкс,2,0,0,1,Люкс,6,1,[{'double': 1}],"[{'id': '42697', 'number': '1', 'min_age': '0', 'max_age': '5', 'is_extra_bed': '0', 'extra_bed_type_id': '0'}]","[{'id': 1180708, 'capacity': 1, 'prepayment': 'FIRST', 'nonrefundable': 0, 'cancellation_period': 5, 'cancellation_fee': 'FIRST', 'breakfast': 0, 'base_price': 20000, 'prices': [20000], 'price': 20000, 'old_price': 20000, 'currency': 'RUB', 'payment_amount': 20000, 'extras_variants': [], 'extras': {'42697': {'id': 42697, 'number': 1, 'extra_bed_type_id': 0, 'age': [0, 5], 'extra_bed': 0, 'free': 1}}, 'rate_id': 60220, 'deals': [], 'cancellation_type': 'special', 'credit_card': 1, 'bonus': 1000, 'miles': 1200, 'min_stay': 1, 'platichastyami': 0, 'mircashback': 2000}, {'id': 1180724, 'capacity': 1, 'prepayment': 'FIRST', 'nonrefundable': 0, 'cancellation_period': 5, 'cancellation_fee': 'FIRST', 'breakfast': 1, 'base_price': 36000, 'prices': [36000], 'price': 36000, 'old_price': 36000, 'currency': 'RUB', 'payment_amount': 36000, 'extras_variants': [], 'extras': {'42697': {'id': 42697, 'number': 1, 'extra_bed_type_id': 0, 'age': [0, 5], 'extra_bed': 0, 'free': 1}}, 'rate_id': 60222, 'deals': [], 'cancellation_type': 'special', 'credit_card': 1, 'bonus': 1800, 'miles': 2160, 'min_stay': 1, 'platichastyami': 0, 'mircashback': 3600}, {'id': 1180716, 'capacity': 1, 'prepayment': 'FIRST', 'nonrefundable': 0, 'cancellation_period': 5, 'cancellation_fee': 'FIRST', 'breakfast': 1, 'base_price': 40000, 'prices': [40000], 'price': 40000, 'old_price': 40000, 'currency': 'RUB', 'payment_amount': 40000, 'extras_variants': [], 'extras': {'42697': {'id': 42697, 'number': 1, 'extra_bed_type_id': 0, 'age': [0, 5], 'extra_bed': 0, 'free': 1}}, 'rate_id': 60221, 'deals': [], 'cancellation_type': 'special', 'credit_card': 1, 'bonus': 2000, 'miles': 2400, 'min_stay': 1, 'platichastyami': 0, 'mircashback': 4000}, {'id': 1180709, 'capacity': 2, 'prepayment': 'FIRST', 'nonrefundable': 0, 'cancellation_period': 5, 'cancellation_fee': 'FIRST', 'breakfast': 0, 'base_price': 20000, 'prices': [20000], 'price': 20000, 'old_price': 20000, 'currency': 'RUB', 'payment_amount': 20000, 'extras_variants': [], 'extras': {'42697': {'id': 42697, 'number': 1, 'extra_bed_type_id': 0, 'age': [0, 5], 'extra_bed': 0, 'free': 1}}, 'rate_id': 60220, 'deals': [], 'cancellation_type': 'special', 'credit_card': 1, 'bonus': 1000, 'miles': 1200, 'min_stay': 1, 'platichastyami': 0, 'mircashback': 2000}, {'id': 1180725, 'capacity': 2, 'prepayment': 'FIRST', 'nonrefundable': 0, 'cancellation_period': 5, 'cancellation_fee': 'FIRST', 'breakfast': 1, 'base_price': 36000, 'prices': [36000], 'price': 36000, 'old_price': 36000, 'currency': 'RUB', 'payment_amount': 36000, 'extras_variants': [], 'extras': {'42697': {'id': 42697, 'number': 1, 'extra_bed_type_id': 0, 'age': [0, 5], 'extra_bed': 0, 'free': 1}}, 'rate_id': 60222, 'deals': [], 'cancellation_type': 'special', 'credit_card': 1, 'bonus': 1800, 'miles': 2160, 'min_stay': 1, 'platichastyami': 0, 'mircashback': 3600}, {'id': 1180717, 'capacity': 2, 'prepayment': 'FIRST', 'nonrefundable': 0, 'cancellation_period': 5, 'cancellation_fee': 'FIRST', 'breakfast': 1, 'base_price': 40000, 'prices': [40000], 'price': 40000, 'old_price': 40000, 'currency': 'RUB', 'payment_amount': 40000, 'extras_variants': [], 'extras': {'42697': {'id': 42697, 'number': 1, 'extra_bed_type_id': 0, 'age': [0, 5], 'extra_bed': 0, 'free': 1}}, 'rate_id': 60221, 'deals': [], 'cancellation_type': 'special', 'credit_card': 1, 'bonus': 2000, 'miles': 2400, 'min_stay': 1, 'platichastyami': 0, 'mircashback': 4000}]",20000.0,1200,652285_101hotels,2026-08-15
46999,,,2,0,0,1,Студио,5,2,[{'double': 1}],[],"[{'id': 617731, 'capacity': 1, 'prepayment': 'NO', 'nonrefundable': 0, 'cancellation_period': 0, 'cancellation_fee': 'NO', 'breakfast': 1, 'base_price': 11500, 'prices': [11500], 'price': 11500, 'old_price': 11500, 'currency': 'RUB', 'payment_amount': 0, 'extras_variants': [], 'extras': [], 'rate_id': 22543, 'deals': [], 'cancellation_type': 'free', 'credit_card': 0, 'bonus': 575, 'miles': 690, 'min_stay': 1, 'platichastyami': 0, 'mircashback': 1150}, {'id': 617732, 'capacity': 2, 'prepayment': 'NO', 'nonrefundable': 0, 'cancellation_period': 0, 'cancellation_fee': 'NO', 'breakfast': 1, 'base_price': 12500, 'prices': [12500], 'price': 12500, 'old_price': 12500, 'currency': 'RUB', 'payment_amount': 0, 'extras_variants': [], 'extras': [], 'rate_id': 22543, 'deals': [], 'cancellation_type': 'free', 'credit_card': 0, 'bonus': 625, 'miles': 750, 'min_stay': 1, 'platichastyami': 0, 'mircashback': 1250}]",11500.0,690,9509_101hotels,2026-08-15
47000,,,2,1,0,1,Делюкс,29,4,[{'double': 1}],[],"[{'id': 617735, 'capacity': 1, 'prepayment': 'NO', 'nonrefundable': 0, 'cancellation_period': 0, 'cancellation_fee': 'NO', 'breakfast': 1, 'base_price': 13000, 'prices': [13000], 'price': 13000, 'old_price': 13000, 'currency': 'RUB', 'payment_amount': 0, 'extras_variants': [], 'extras': [], 'rate_id': 22543, 'deals': [], 'cancellation_type': 'free', 'credit_card': 0, 'bonus': 650, 'miles': 780, 'min_stay': 1, 'platichastyami': 0, 'mircashback': 1300}, {'id': 617736, 'capacity': 2, 'prepayment': 'NO', 'nonrefundable': 0, 'cancellation_period': 0, 'cancellation_fee': 'NO', 'breakfast': 1, 'base_price': 14000, 'prices': [14000], 'price': 14000, 'old_price': 14000, 'currency': 'RUB', 'payment_amount': 0, 'extras_variants': [], 'extras': [], 'rate_id': 22543, 'deals': [], 'cancellation_type': 'free', 'credit_card': 0, 'bonus': 700, 'miles': 840, 'min_stay': 1, 'platichastyami': 0, 'mircashback': 1400}]",13000.0,780,9509_101hotels,2026-08-15
47001,,Премиум,2,1,0,1,Делюкс,29,2,[{'double': 1}],[],"[{'id': 617737, 'capacity': 1, 'prepayment': 'NO', 'nonrefundable': 0, 'cancellation_period': 0, 'cancellation_fee': 'NO', 'breakfast': 1, 'base_price': 16000, 'prices': [16000], 'price': 16000, 'old_price': 16000, 'currency': 'RUB', 'payment_amount': 0, 'extras_variants': [], 'extras': [], 'rate_id': 22543, 'deals': [], 'cancellation_type': 'free', 'credit_card': 0, 'bonus': 800, 'miles': 960, 'min_stay': 1, 'platichastyami': 0, 'mircashback': 1600}, {'id': 617738, 'capacity': 2, 'prepayment': 'NO', 'nonrefundable': 0, 'cancellation_period': 0, 'cancellation_fee': 'NO', 'breakfast': 1, 'base_price': 17000, 'prices': [17000], 'price': 17000, 'old_price': 17000, 'currency': 'RUB', 'payment_amount': 0, 'extras_variants': [], 'extras': [], 'rate_id': 22543, 'deals': [], 'cancellation_type': 'free', 'credit_card': 0, 'bonus': 850, 'miles': 1020, 'min_stay': 1, 'platichastyami': 0, 'mircashback': 1700}]",16000.0,960,9509_101hotels,2026-08-15
2309900,,Стандарт,2,0,0,1,Двухместный,2,5,"[{'single': 2}, {'double': 1}]",[],"[{'id': 1126955, 'capacity': 1, 'prepayment': 'NO', 'nonrefundable': 0, 'cancellation_period': 0, 'cancellation_fee': 'NO', 'breakfast': 1, 'base_price': 7400, 'prices': [7400], 'price': 7400, 'old_price': 7400, 'currency': 'RUB', 'payment_amount': 0, 'extras_variants': [], 'extras': [], 'rate_id': 22543, 'deals': [], 'cancellation_type': 'free', 'credit_card': 0, 'bonus': 370, 'miles': 444, 'min_stay': 1, 'platichastyami': 0, 'mircashback': 740}, {'id': 1126956, 'capacity': 2, 'prepayment': 'NO', 'nonrefundable': 0, 'cancellation_period': 0, 'cancellation_fee': 'NO', 'breakfast': 1, 'base_price': 8400, 'prices': [8400], 'price': 8400, 'old_price': 8400, 'currency': 'RUB', 'payment_amount': 0, 'extras_variants': [], 'extras': [], 'rate_id': 22543, 'deals': [], 'cancellation_type': 'free', 'credit_card': 0, 'bonus': 420, 'miles': 504, 'min_stay': 1, 'platichastyami': 0, 'mircashback': 840}]",7400.0,444,9509_101hotels,2026-08-15
2309905,,Стандарт Улучшенный,2,0,0,1,Двухместный,2,4,"[{'single': 2}, {'double': 1}]",[],"[{'id': 1126983, 'capacity': 1, 'prepayment': 'NO', 'nonrefundable': 0, 'cancellation_period': 0, 'cancellation_fee': 'NO', 'breakfast': 1, 'base_price': 9300, 'prices': [9300], 'price': 9300, 'old_price': 9300, 'currency': 'RUB', 'payment_amount': 0, 'extras_variants': [], 'extras': [], 'rate_id': 22543, 'deals': [], 'cancellation_type': 'free', 'credit_card': 0, 'bonus': 465, 'miles': 558, 'min_stay': 1, 'platichastyami': 0, 'mircashback': 930}, {'id': 1126984, 'capacity': 2, 'prepayment': 'NO', 'nonrefundable': 0, 'cancellation_period': 0, 'cancellation_fee': 'NO', 'breakfast': 1, 'base_price': 10300, 'prices': [10300], 'price': 10300, 'old_price': 10300, 'currency': 'RUB', 'payment_amount': 0, 'extras_variants': [], 'extras': [], 'rate_id': 22543, 'deals': [], 'cancellation_type': 'free', 'credit_card': 0, 'bonus': 515, 'miles': 618, 'min_stay': 1, 'platichastyami': 0, 'mircashback': 1030}]",9300.0,558,9509_101hotels,2026-08-15
2251984,,Студия,2,1,0,1,Двухместный,2,1,[{'double': 1}],"[{'id': '10179', 'number': '1', 'min_age': '0', 'max_age': '17', 'is_extra_bed': '0', 'extra_bed_type_id': '0'}]","[{'id': 608483, 'capacity': 1, 'prepayment': 'FULL', 'nonrefundable': 0, 'cancellation_period': 1, 'cancellation_fee': 'FIRST', 'breakfast': 0, 'base_price': 5550, 'prices': [5550], 'price': 5550, 'old_price': 5550, 'currency': 'RUB', 'payment_amount': 5550, 'extras_variants': [], 'extras': {'10179': {'id': 10179, 'number': 1, 'extra_bed_type_id': 0, 'age': [0, 17], 'extra_bed': 0, 'free': 1}}, 'rate_id': 21859, 'deals': [], 'cancellation_type': 'special', 'credit_card': 1, 'bonus': 278, 'miles': 333, 'min_stay': 1, 'platichastyami': 0, 'mircashback': 555}, {'id': 965386, 'capacity': 1, 'prepayment': 'NO', 'nonrefundable': 0, 'cancellation_period': 0, 'cancellation_fee': 'NO', 'breakfast': 1, 'base_price': 6550, 'prices': [6550], 'price': 6550, 'old_price': 6550, 'currency': 'RUB', 'payment_amount': 0, 'extras_variants': [], 'extras': {'10179': {'id': 10179, 'number': 1, 'extra_bed_type_id': 0, 'age': [0, 17], 'extra_bed': 0, 'free': 1}}, 'rate_id': 45406, 'deals': [], 'cancellation_type': 'free', 'credit_card': 0, 'bonus': 328, 'miles': 393, 'min_stay': 1, 'platichastyami': 0, 'mircashback': 655}, {'id': 965396, 'capacity': 1, 'prepayment': 'NO', 'nonrefundable': 0, 'cancellation_period': 0, 'cancellation_fee': 'NO', 'breakfast': 9, 'base_price': 6550, 'prices': [6550], 'price': 6550, 'old_price': 6550, 'currency': 'RUB', 'payment_amount': 0, 'extras_variants': [], 'extras': {'10179': {'id': 10179, 'number': 1, 'extra_bed_type_id': 0, 'age': [0, 17], 'extra_bed': 0, 'free': 1}}, 'rate_id': 45407, 'deals': [], 'cancellation_type': 'free', 'credit_card': 0, 'bonus': 328, 'miles': 393, 'min_stay': 1, 'platichastyami': 0, 'mircashback': 655}, {'id': 608513, 'capacity': 2, 'prepayment': 'FULL', 'nonrefundable': 0, 'cancellation_period': 1, 'cancellation_fee': 'FIRST', 'breakfast': 0, 'base_price': 5550, 'prices': [5550], 'price': 5550, 'old_price': 5550, 'currency': 'RUB', 'payment_amount': 5550, 'extras_variants': [], 'extras': {'10179': {'id': 10179, 'number': 1, 'extra_bed_type_id': 0, 'age': [0, 17], 'extra_bed': 0, 'free': 1}}, 'rate_id': 21859, 'deals': [], 'cancellation_type': 'special', 'credit_card': 1, 'bonus': 278, 'miles': 333, 'min_stay': 1, 'platichastyami': 0, 'mircashback': 555}, {'id': 965387, 'capacity': 2, 'prepayment': 'NO', 'nonrefundable': 0, 'cancellation_period': 0, 'cancellation_fee': 'NO', 'breakfast': 1, 'base_price': 7550, 'prices': [7550], 'price': 7550, 'old_price': 7550, 'currency': 'RUB', 'payment_amount': 0, 'extras_variants': [], 'extras': {'10179': {'id': 10179, 'number': 1, 'extra_bed_type_id': 0, 'age': [0, 17], 'extra_bed': 0, 'free': 1}}, 'rate_id': 45406, 'deals': [], 'cancellation_type': 'free', 'credit_card': 0, 'bonus': 378, 'miles': 453, 'min_stay': 1, 'platichastyami': 0, 'mircashback': 755}, {'id': 965397, 'capacity': 2, 'prepayment': 'NO', 'nonrefundable': 0, 'cancellation_period': 0, 'cancellation_fee': 'NO', 'breakfast': 9, 'base_price': 7550, 'prices': [7550], 'price': 7550, 'old_price': 7550, 'currency': 'RUB', 'payment_amount': 0, 'extras_variants': [], 'extras': {'10179': {'id': 10179, 'number': 1, 'extra_bed_type_id': 0, 'age': [0, 17], 'extra_bed': 0, 'free': 1}}, 'rate_id': 45407, 'deals': [], 'cancellation_type': 'free', 'credit_card': 0, 'bonus': 378, 'miles': 453, 'min_stay': 1, 'platichastyami': 0, 'mircashback': 755}, {'id': '965386P', 'capacity': 1, 'prepayment': 'FULL', 'nonrefundable': 0, 'cancellation_period': 0, 'cancellation_fee': 'NO', 'breakfast': 1, 'base_price': 6550, 'prices': [6550], 'price': 6550, 'old_price': 6550, 'currency': 'RUB', 'payment_amount': 6550, 'extras_variants': [], 'extras': {'10179': {'id': 10179, 'number': 1, 'extra_bed_type_id': 0, 'age': [0, 17], 'extra_bed': 0, 'free': 1}}, 'rate_id': 45406, 'deals': [], 'cancellation_type': 'free', 'credit_card': 0, 'bonus': 328, 'miles': 393, 'min_stay': 1, 'platichastyami': 0, 'mircashback': 655}, {'id': '965396P', 'capacity': 1, 'prepayment': 'FULL', 'nonrefundable': 0, 'cancellation_period': 0, 'cancellation_fee': 'NO', 'breakfast': 9, 'base_price': 6550, 'prices': [6550], 'price': 6550, 'old_price': 6550, 'currency': 'RUB', 'payment_amount': 6550, 'extras_variants': [], 'extras': {'10179': {'id': 10179, 'number': 1, 'extra_bed_type_id': 0, 'age': [0, 17], 'extra_bed': 0, 'free': 1}}, 'rate_id': 45407, 'deals': [], 'cancellation_type': 'free', 'credit_card': 0, 'bonus': 328, 'miles': 393, 'min_stay': 1, 'platichastyami': 0, 'mircashback': 655}, {'id': '965387P', 'capacity': 2, 'prepayment': 'FULL', 'nonrefundable': 0, 'cancellation_period': 0, 'cancellation_fee': 'NO', 'breakfast': 1, 'base_price': 7550, 'prices': [7550], 'price': 7550, 'old_price': 7550, 'currency': 'RUB', 'payment_amount': 7550, 'extras_variants': [], 'extras': {'10179': {'id': 10179, 'number': 1, 'extra_bed_type_id': 0, 'age': [0, 17], 'extra_bed': 0, 'free': 1}}, 'rate_id': 45406, 'deals': [], 'cancellation_type': 'free', 'credit_card': 0, 'bonus': 378, 'miles': 453, 'min_stay': 1, 'platichastyami': 0, 'mircashback': 755}, {'id': '965397P', 'capacity': 2, 'prepayment': 'FULL', 'nonrefundable': 0, 'cancellation_period': 0, 'cancellation_fee': 'NO', 'breakfast': 9, 'base_price': 7550, 'prices': [7550], 'price': 7550, 'old_price': 7550, 'currency': 'RUB', 'payment_amount': 7550, 'extras_variants': [], 'extras': {'10179': {'id': 10179, 'number': 1, 'extra_bed_type_id': 0, 'age': [0, 17], 'extra_bed': 0, 'free': 1}}, 'rate_id': 45407, 'deals': [], 'cancellation_type': 'free', 'credit_card': 0, 'bonus': 378, 'miles': 453, 'min_stay': 1, 'platichastyami': 0, 'mircashback': 755}]",5550.0,333,658332_101hotels,2026-08-15
2255148,,Номер «Стандарт +»,1,0,0,0,Одноместный,1,3,[{'single': 1}],[],"[{'id': 645872, 'capacity': 1, 'prepayment': 'FULL', 'nonrefundable': 0, 'cancellation_period': 3, 'cancellation_fee': 'FIRST', 'breakfast': 0, 'base_price': 1700, 'prices': [1700], 'price': 1700, 'old_price': 1700, 'currency': 'RUB', 'payment_amount': 1700, 'extras_variants': [], 'extras': [], 'rate_id': 24566, 'deals': [], 'cancellation_type': 'special', 'credit_card': 1, 'bonus': 85, 'miles': 102, 'min_stay': 1, 'platichastyami': 0, 'mircashback': 170}]",1700.0,102,659250_101hotels,2026-08-15
2255278,,Комфорт,1,0,0,1,Одноместный,1,1,[{'single': 1}],[],"[{'id': 645873, 'capacity': 1, 'prepayment': 'FULL', 'nonrefundable': 0, 'cancellation_period': 3, 'cancellation_fee': 'FIRST', 'breakfast': 0, 'base_price': 2700, 'prices': [2700], 'price': 2700, 'old_price': 2700, 'currency': 'RUB', 'payment_amount': 2700, 'extras_variants': [], 'extras': [], 'rate_id': 24566, 'deals': [], 'cancellation_type': 'special', 'credit_card': 1, 'bonus': 135, 'miles': 162, 'min_stay': 1, 'platichastyami': 0, 'mircashback': 270}]",2700.0,162,659250_101hotels,2026-08-15
2255282,,Номер Эконом,4,0,1,0,Четырехместный,34,11,[{'2-tier': 1}],[],"[{'id': 645881, 'capacity': 1, 'prepayment': 'FULL', 'nonrefundable': 0, 'cancellation_period': 3, 'cancellation_fee': 'FIRST', 'breakfast': 0, 'base_price': 800, 'prices': [800], 'price': 800, 'old_price': 800, 'currency': 'RUB', 'payment_amount': 800, 'extras_variants': [], 'extras': [], 'rate_id': 24566, 'deals': [], 'cancellation_type': 'special', 'credit_card': 1, 'bonus': 40, 'miles': 48, 'min_stay': 1, 'platichastyami': 0, 'mircashback': 80}]",800.0,48,659250_101hotels,2026-08-15
2255283,,Эконом Плюс,4,0,1,0,Четырехместный,34,19,[{'2-tier': 1}],[],"[{'id': 645882, 'capacity': 1, 'prepayment': 'FULL', 'nonrefundable': 0, 'cancellation_period': 3, 'cancellation_fee': 'FIRST', 'breakfast': 0, 'base_price': 1000, 'prices': [1000], 'price': 1000, 'old_price': 1000, 'currency': 'RUB', 'payment_amount': 1000, 'extras_variants': [], 'extras': [], 'rate_id': 24566, 'deals': [], 'cancellation_type': 'special', 'credit_card': 1, 'bonus': 50, 'miles': 60, 'min_stay': 1, 'platichastyami': 0, 'mircashback': 100}]",1000.0,60,659250_101hotels,2026-08-15
2255284,,Номер Стандарт,2,0,1,0,Двухместный,2,4,[{'single': 1}],[],"[{'id': 645883, 'capacity': 1, 'prepayment': 'FULL', 'nonrefundable': 0, 'cancellation_period': 3, 'cancellation_fee': 'FIRST', 'breakfast': 0, 'base_price': 1200, 'prices': [1200], 'price': 1200, 'old_price': 1200, 'currency': 'RUB', 'payment_amount': 1200, 'extras_variants': [], 'extras': [], 'rate_id': 24566, 'deals': [], 'cancellation_type': 'special', 'credit_card': 1, 'bonus': 60, 'miles': 72, 'min_stay': 1, 'platichastyami': 0, 'mircashback': 120}, {'id': 1107258, 'capacity': 2, 'prepayment': 'FULL', 'nonrefundable': 0, 'cancellation_period': 3, 'cancellation_fee': 'FIRST', 'breakfast': 0, 'base_price': 1200, 'prices': [1200], 'price': 1200, 'old_price': 1200, 'currency': 'RUB', 'payment_amount': 1200, 'extras_variants': [], 'extras': [], 'rate_id': 24566, 'deals': [], 'cancellation_type': 'special', 'credit_card': 1, 'bonus': 60, 'miles': 72, 'min_stay': 1, 'platichastyami': 0, 'mircashback': 120}]",1200.0,72,659250_101hotels,2026-08-15
2309063,,Делюкс +,2,0,0,1,Полулюкс,4,1,"[{'double': 1}, {'single': 2}]",[],"[{'id': 1119036, 'capacity': 1, 'prepayment': 'FULL', 'nonrefundable': 0, 'cancellation_period': 3, 'cancellation_fee': 'FIRST', 'breakfast': 0, 'base_price': 5000, 'prices': [5000], 'price': 5000, 'old_price': 5000, 'currency': 'RUB', 'payment_amount': 5000, 'extras_variants': [], 'extras': [], 'rate_id': 24566, 'deals': [], 'cancellation_type': 'special', 'credit_card': 1, 'bonus': 250, 'miles': 300, 'min_stay': 1, 'platichastyami': 0, 'mircashback': 500}, {'id': 1119037, 'capacity': 2, 'prepayment': 'FULL', 'nonrefundable': 0, 'cancellation_period': 3, 'cancellation_fee': 'FIRST', 'breakfast': 0, 'base_price': 5000, 'prices': [5000], 'price': 5000, 'old_price': 5000, 'currency': 'RUB', 'payment_amount': 5000, 'extras_variants': [], 'extras': [], 'rate_id': 24566, 'deals': [], 'cancellation_type': 'special', 'credit_card': 1, 'bonus': 250, 'miles': 300, 'min_stay': 1, 'platichastyami': 0, 'mircashback': 500}]",5000.0,300,659250_101hotels,2026-08-15
39732,,,2,1,0,1,Полулюкс,4,1,"[{'double': 1, 'sofa': 1}]",[],"[{'id': 693010, 'capacity': 1, 'prepayment': 'NO', 'nonrefundable': 0, 'cancellation_period': 0, 'cancellation_fee': 'NO', 'breakfast': 1, 'base_price': 5500, 'prices': [5500], 'price': 5500, 'old_price': 5500, 'currency': 'RUB', 'payment_amount': 0, 'extras_variants': [], 'extras': [], 'rate_id': 27897, 'deals': [], 'cancellation_type': 'free', 'credit_card': 0, 'bonus': 275, 'miles': 330, 'min_stay': 1, 'platichastyami': 0, 'mircashback': 550}, {'id': 693011, 'capacity': 2, 'prepayment': 'NO', 'nonrefundable': 0, 'cancellation_period': 0, 'cancellation_fee': 'NO', 'breakfast': 1, 'base_price': 6000, 'prices': [6000], 'price': 6000, 'old_price': 6000, 'currency': 'RUB', 'payment_amount': 0, 'extras_variants': [], 'extras': [], 'rate_id': 27897, 'deals': [], 'cancellation_type': 'free', 'credit_card': 0, 'bonus': 300, 'miles': 360, 'min_stay': 1, 'platichastyami': 0, 'mircashback': 600}]",5500.0,330,8209_101hotels,2026-08-15
39733,,,2,1,0,1,Люкс,6,1,[{'double': 1}],[],"[{'id': 693012, 'capacity': 1, 'prepayment': 'NO', 'nonrefundable': 0, 'cancellation_period': 0, 'cancellation_fee': 'NO', 'breakfast': 1, 'base_price': 6000, 'prices': [6000], 'price': 6000, 'old_price': 6000, 'currency': 'RUB', 'payment_amount': 0, 'extras_variants': [], 'extras': [], 'rate_id': 27897, 'deals': [], 'cancellation_type': 'free', 'credit_card': 0, 'bonus': 300, 'miles': 360, 'min_stay': 1, 'platichastyami': 0, 'mircashback': 600}, {'id': 693013, 'capacity': 2, 'prepayment': 'NO', 'nonrefundable': 0, 'cancellation_period': 0, 'cancellation_fee': 'NO', 'breakfast': 1, 'base_price': 6500, 'prices': [6500], 'price': 6500, 'old_price': 6500, 'currency': 'RUB', 'payment_amount': 0, 'extras_variants': [], 'extras': [], 'rate_id': 27897, 'deals': [], 'cancellation_type': 'free', 'credit_card': 0, 'bonus': 325, 'miles': 390, 'min_stay': 1, 'platichastyami': 0, 'mircashback': 650}]",6000.0,360,8209_101hotels,2026-08-15
1572225,,"Стандарт, Twin",2,0,0,1,Двухместный,2,2,[{'single': 2}],[],"[{'id': 693819, 'capacity': 1, 'prepayment': 'NO', 'nonrefundable': 0, 'cancellation_period': 0, 'cancellation_fee': 'NO', 'breakfast': 1, 'base_price': 3800, 'prices': [3800], 'price': 3800, 'old_price': 3800, 'currency': 'RUB', 'payment_amount': 0, 'extras_variants': [], 'extras': [], 'rate_id': 27897, 'deals': [], 'cancellation_type': 'free', 'credit_card': 0, 'bonus': 190, 'miles': 228, 'min_stay': 1, 'platichastyami': 0, 'mircashback': 380}, {'id': 693820, 'capacity': 2, 'prepayment': 'NO', 'nonrefundable': 0, 'cancellation_period': 0, 'cancellation_fee': 'NO', 'breakfast': 1, 'base_price': 4500, 'prices': [4500], 'price': 4500, 'old_price': 4500, 'currency': 'RUB', 'payment_amount': 0, 'extras_variants': [], 'extras': [], 'rate_id': 27897, 'deals': [], 'cancellation_type': 'free', 'credit_card': 0, 'bonus': 225, 'miles': 270, 'min_stay': 1, 'platichastyami': 0, 'mircashback': 450}]",3800.0,228,8209_101hotels,2026-08-15
1572261,,"Делюкс, С 1 кроватью",2,0,0,1,Двухместный,2,9,[{'double': 1}],[],"[{'id': 693006, 'capacity': 1, 'prepayment': 'NO', 'nonrefundable': 0, 'cancellation_period': 0, 'cancellation_fee': 'NO', 'breakfast': 1, 'base_price': 4500, 'prices': [4500], 'price': 4500, 'old_price': 4500, 'currency': 'RUB', 'payment_amount': 0, 'extras_variants': [], 'extras': [], 'rate_id': 27897, 'deals': [], 'cancellation_type': 'free', 'credit_card': 0, 'bonus': 225, 'miles': 270, 'min_stay': 1, 'platichastyami': 0, 'mircashback': 450}, {'id': 693007, 'capacity': 2, 'prepayment': 'NO', 'nonrefundable': 0, 'cancellation_period': 0, 'cancellation_fee': 'NO', 'breakfast': 1, 'base_price': 5200, 'prices': [5200], 'price': 5200, 'old_price': 5200, 'currency': 'RUB', 'payment_amount': 0, 'extras_variants': [], 'extras': [], 'rate_id': 27897, 'deals': [], 'cancellation_type': 'free', 'credit_card': 0, 'bonus': 260, 'miles': 312, 'min_stay': 1, 'platichastyami': 0, 'mircashback': 520}]",4500.0,270,8209_101hotels,2026-08-15
1572262,,Семейный,4,0,0,1,Четырехместный,34,1,"[{'single': 2, 'double': 1}]",[],"[{'id': 693016, 'capacity': 1, 'prepayment': 'NO', 'nonrefundable': 0, 'cancellation_period': 0, 'cancellation_fee': 'NO', 'breakfast': 1, 'base_price': 6000, 'prices': [6000], 'price': 6000, 'old_price': 6000, 'currency': 'RUB', 'payment_amount': 0, 'extras_variants': [], 'extras': [], 'rate_id': 27897, 'deals': [], 'cancellation_type': 'free', 'credit_card': 0, 'bonus': 300, 'miles': 360, 'min_stay': 1, 'platichastyami': 0, 'mircashback': 600}, {'id': 693017, 'capacity': 2, 'prepayment': 'NO', 'nonrefundable': 0, 'cancellation_period': 0, 'cancellation_fee': 'NO', 'breakfast': 1, 'base_price': 6500, 'prices': [6500], 'price': 6500, 'old_price': 6500, 'currency': 'RUB', 'payment_amount': 0, 'extras_variants': [], 'extras': [], 'rate_id': 27897, 'deals': [], 'cancellation_type': 'free', 'credit_card': 0, 'bonus': 325, 'miles': 390, 'min_stay': 1, 'platichastyami': 0, 'mircashback': 650}, {'id': 693018, 'capacity': 3, 'prepayment': 'NO', 'nonrefundable': 0, 'cancellation_period': 0, 'cancellation_fee': 'NO', 'breakfast': 1, 'base_price': 7000, 'prices': [7000], 'price': 7000, 'old_price': 7000, 'currency': 'RUB', 'payment_amount': 0, 'extras_variants': [], 'extras': [], 'rate_id': 27897, 'deals': [], 'cancellation_type': 'free', 'credit_card': 0, 'bonus': 350, 'miles': 420, 'min_stay': 1, 'platichastyami': 0, 'mircashback': 700}, {'id': 693019, 'capacity': 4, 'prepayment': 'NO', 'nonrefundable': 0, 'cancellation_period': 0, 'cancellation_fee': 'NO', 'breakfast': 1, 'base_price': 8000, 'prices': [8000], 'price': 8000, 'old_price': 8000, 'currency': 'RUB', 'payment_amount': 0, 'extras_variants': [], 'extras': [], 'rate_id': 27897, 'deals': [], 'cancellation_type': 'free', 'credit_card': 0, 'bonus': 400, 'miles': 480, 'min_stay': 1, 'platichastyami': 0, 'mircashback': 800}]",6000.0,360,8209_101hotels,2026-08-15
1579299,,С 1 спальней,2,0,0,1,Люкс,6,1,[{'double': 1}],[],"[{'id': 693014, 'capacity': 1, 'prepayment': 'NO', 'nonrefundable': 0, 'cancellation_period': 0, 'cancellation_fee': 'NO', 'breakfast': 1, 'base_price': 7000, 'prices': [7000], 'price': 7000, 'old_price': 7000, 'currency': 'RUB', 'payment_amount': 0, 'extras_variants': [], 'extras': [], 'rate_id': 27897, 'deals': [], 'cancellation_type': 'free', 'credit_card': 0, 'bonus': 350, 'miles': 420, 'min_stay': 1, 'platichastyami': 0, 'mircashback': 700}, {'id': 693015, 'capacity': 2, 'prepayment': 'NO', 'nonrefundable': 0, 'cancellation_period': 0, 'cancellation_fee': 'NO', 'breakfast': 1, 'base_price': 7000, 'prices': [7000], 'price': 7000, 'old_price': 7000, 'currency': 'RUB', 'payment_amount': 0, 'extras_variants': [], 'extras': [], 'rate_id': 27897, 'deals': [], 'cancellation_type': 'free', 'credit_card': 0, 'bonus': 350, 'miles': 420, 'min_stay': 1, 'platichastyami': 0, 'mircashback': 700}]",7000.0,420,8209_101hotels,2026-08-15
2293678,,Джуниор Сьюит С,2,0,0,1,Полулюкс,4,1,[{'double': 1}],[],"[{'id': 987487, 'capacity': 1, 'prepayment': 'FIRST', 'nonrefundable': 0, 'cancellation_period': 2, 'cancellation_fee': 'FIRST', 'breakfast': 1, 'base_price': 5200, 'prices': [5200], 'price': 5200, 'old_price': 5200, 'currency': 'RUB', 'payment_amount': 5200, 'extras_variants': [], 'extras': [], 'rate_id': 46908, 'deals': [], 'cancellation_type': 'special', 'credit_card': 1, 'bonus': 260, 'miles': 312, 'min_stay': 1, 'platichastyami': 0, 'mircashback': 520}, {'id': 1047837, 'capacity': 2, 'prepayment': 'FIRST', 'nonrefundable': 0, 'cancellation_period': 2, 'cancellation_fee': 'FIRST', 'breakfast': 1, 'base_price': 6700, 'prices': [6700], 'price': 6700, 'old_price': 6700, 'currency': 'RUB', 'payment_amount': 6700, 'extras_variants': [], 'extras': [], 'rate_id': 46908, 'deals': [], 'cancellation_type': 'special', 'credit_card': 1, 'bonus': 335, 'miles': 402, 'min_stay': 1, 'platichastyami': 0, 'mircashback': 670}]",5200.0,312,2136_101hotels,2026-08-15
2293680,,Джуниор Сьюит В,2,0,0,1,Полулюкс,4,2,"[{'double': 1, 'single': 1}]",[],"[{'id': 987488, 'capacity': 1, 'prepayment': 'FIRST', 'nonrefundable': 0, 'cancellation_period': 2, 'cancellation_fee': 'FIRST', 'breakfast': 1, 'base_price': 5900, 'prices': [5900], 'price': 5900, 'old_price': 5900, 'currency': 'RUB', 'payment_amount': 5900, 'extras_variants': [], 'extras': [], 'rate_id': 46908, 'deals': [], 'cancellation_type': 'special', 'credit_card': 1, 'bonus': 295, 'miles': 354, 'min_stay': 1, 'platichastyami': 0, 'mircashback': 590}, {'id': 1047838, 'capacity': 2, 'prepayment': 'FIRST', 'nonrefundable': 0, 'cancellation_period': 2, 'cancellation_fee': 'FIRST', 'breakfast': 1, 'base_price': 7400, 'prices': [7400], 'price': 7400, 'old_price': 7400, 'currency': 'RUB', 'payment_amount': 7400, 'extras_variants': [], 'extras': [], 'rate_id': 46908, 'deals': [], 'cancellation_type': 'special', 'credit_card': 1, 'bonus': 370, 'miles': 444, 'min_stay': 1, 'platichastyami': 0, 'mircashback': 740}]",5900.0,354,2136_101hotels,2026-08-15
2293681,,Джуниор Сьюит А,2,0,0,1,Люкс,6,1,[{'double': 1}],[],"[{'id': 987489, 'capacity': 1, 'prepayment': 'FIRST', 'nonrefundable': 0, 'cancellation_period': 2, 'cancellation_fee': 'FIRST', 'breakfast': 1, 'base_price': 6600, 'prices': [6600], 'price': 6600, 'old_price': 6600, 'currency': 'RUB', 'payment_amount': 6600, 'extras_variants': [], 'extras': [], 'rate_id': 46908, 'deals': [], 'cancellation_type': 'special', 'credit_card': 1, 'bonus': 330, 'miles': 396, 'min_stay': 1, 'platichastyami': 0, 'mircashback': 660}, {'id': 1047839, 'capacity': 2, 'prepayment': 'FIRST', 'nonrefundable': 0, 'cancellation_period': 2, 'cancellation_fee': 'FIRST', 'breakfast': 1, 'base_price': 8100, 'prices': [8100], 'price': 8100, 'old_price': 8100, 'currency': 'RUB', 'payment_amount': 8100, 'extras_variants': [], 'extras': [], 'rate_id': 46908, 'deals': [], 'cancellation_type': 'special', 'credit_card': 1, 'bonus': 405, 'miles': 486, 'min_stay': 1, 'platichastyami': 0, 'mircashback': 810}]",6600.0,396,2136_101hotels,2026-08-15
61025,,С 2 спальнями,4,0,0,1,Апартаменты,14,1,"[{'single': 2}, {'single': 2}]",[],"[{'id': 402736, 'capacity': 1, 'prepayment': 'FIRST', 'nonrefundable': 0, 'cancellation_period': 30, 'cancellation_fee': 'FIRST', 'breakfast': 0, 'base_price': 14000, 'prices': [14000], 'price': 14000, 'old_price': 14000, 'currency': 'RUB', 'payment_amount': 14000, 'extras_variants': [], 'extras': [], 'rate_id': 7662, 'deals': [], 'cancellation_type': 'special', 'credit_card': 1, 'bonus': 700, 'miles': 840, 'min_stay': 1, 'platichastyami': 0, 'mircashback': 1400}, {'id': 402737, 'capacity': 2, 'prepayment': 'FIRST', 'nonrefundable': 0, 'cancellation_period': 30, 'cancellation_fee': 'FIRST', 'breakfast': 0, 'base_price': 14000, 'prices': [14000], 'price': 14000, 'old_price': 14000, 'currency': 'RUB', 'payment_amount': 14000, 'extras_variants': [], 'extras': [], 'rate_id': 7662, 'deals': [], 'cancellation_type': 'special', 'credit_card': 1, 'bonus': 700, 'miles': 840, 'min_stay': 1, 'platichastyami': 0, 'mircashback': 1400}, {'id': 402738, 'capacity': 3, 'prepayment': 'FIRST', 'nonrefundable': 0, 'cancellation_period': 30, 'cancellation_fee': 'FIRST', 'breakfast': 0, 'base_price': 14000, 'prices': [14000], 'price': 14000, 'old_price': 14000, 'currency': 'RUB', 'payment_amount': 14000, 'extras_variants': [], 'extras': [], 'rate_id': 7662, 'deals': [], 'cancellation_type': 'special', 'credit_card': 1, 'bonus': 700, 'miles': 840, 'min_stay': 1, 'platichastyami': 0, 'mircashback': 1400}, {'id': 402739, 'capacity': 4, 'prepayment': 'FIRST', 'nonrefundable': 0, 'cancellation_period': 30, 'cancellation_fee': 'FIRST', 'breakfast': 0, 'base_price': 14000, 'prices': [14000], 'price': 14000, 'old_price': 14000, 'currency': 'RUB', 'payment_amount': 14000, 'extras_variants': [], 'extras': [], 'rate_id': 7662, 'deals': [], 'cancellation_type': 'special', 'credit_card': 1, 'bonus': 700, 'miles': 840, 'min_stay': 1, 'platichastyami': 0, 'mircashback': 1400}]",14000.0,840,10553_101hotels,2026-08-15
2218440,,Номер с раздельными кроватями,2,1,0,1,Двухместный,2,1,[{'single': 2}],[],"[{'id': 1115730, 'capacity': 1, 'prepayment': 'FIRST', 'nonrefundable': 0, 'cancellation_period': 2, 'cancellation_fee': 'FIRST', 'breakfast': 0, 'base_price': 3500, 'prices': [3500], 'price': 3500, 'old_price': 3500, 'currency': 'RUB', 'payment_amount': 3500, 'extras_variants': [], 'extras': [], 'rate_id': 55736, 'deals': [], 'cancellation_type': 'special', 'credit_card': 1, 'bonus': 175, 'miles': 210, 'min_stay': 1, 'platichastyami': 0, 'mircashback': 350}, {'id': 1115731, 'capacity': 2, 'prepayment': 'FIRST', 'nonrefundable': 0, 'cancellation_period': 2, 'cancellation_fee': 'FIRST', 'breakfast': 0, 'base_price': 3500, 'prices': [3500], 'price': 3500, 'old_price': 3500, 'currency': 'RUB', 'payment_amount': 3500, 'extras_variants': [], 'extras': [], 'rate_id': 55736, 'deals': [], 'cancellation_type': 'special', 'credit_card': 1, 'bonus': 175, 'miles': 210, 'min_stay': 1, 'platichastyami': 0, 'mircashback': 350}]",3500.0,210,650200_101hotels,2026-08-15
2218445,,,3,1,0,1,Семейный,44,1,[{'single': 3}],[],"[{'id': 1115741, 'capacity': 1, 'prepayment': 'FIRST', 'nonrefundable': 0, 'cancellation_period': 2, 'cancellation_fee': 'FIRST', 'breakfast': 0, 'base_price': 3800, 'prices': [3800], 'price': 3800, 'old_price': 3800, 'currency': 'RUB', 'payment_amount': 3800, 'extras_variants': [], 'extras': [], 'rate_id': 55736, 'deals': [], 'cancellation_type': 'special', 'credit_card': 1, 'bonus': 190, 'miles': 228, 'min_stay': 1, 'platichastyami': 0, 'mircashback': 380}, {'id': 1115742, 'capacity': 2, 'prepayment': 'FIRST', 'nonrefundable': 0, 'cancellation_period': 2, 'cancellation_fee': 'FIRST', 'breakfast': 0, 'base_price': 3800, 'prices': [3800], 'price': 3800, 'old_price': 3800, 'currency': 'RUB', 'payment_amount': 3800, 'extras_variants': [], 'extras': [], 'rate_id': 55736, 'deals': [], 'cancellation_type': 'special', 'credit_card': 1, 'bonus': 190, 'miles': 228, 'min_stay': 1, 'platichastyami': 0, 'mircashback': 380}, {'id': 1115743, 'capacity': 3, 'prepayment': 'FIRST', 'nonrefundable': 0, 'cancellation_period': 2, 'cancellation_fee': 'FIRST', 'breakfast': 0, 'base_price': 3800, 'prices': [3800], 'price': 3800, 'old_price': 3800, 'currency': 'RUB', 'payment_amount': 3800, 'extras_variants': [], 'extras': [], 'rate_id': 55736, 'deals': [], 'cancellation_type': 'special', 'credit_card': 1, 'bonus': 190, 'miles': 228, 'min_stay': 1, 'platichastyami': 0, 'mircashback': 380}]",3800.0,228,650200_101hotels,2026-08-15
2218448,,,4,1,0,1,Четырехместный,34,1,[{'single': 4}],[],"[{'id': 1115734, 'capacity': 1, 'prepayment': 'FIRST', 'nonrefundable': 0, 'cancellation_period': 2, 'cancellation_fee': 'FIRST', 'breakfast': 0, 'base_price': 4500, 'prices': [4500], 'price': 4500, 'old_price': 4500, 'currency': 'RUB', 'payment_amount': 4500, 'extras_variants': [], 'extras': [], 'rate_id': 55736, 'deals': [], 'cancellation_type': 'special', 'credit_card': 1, 'bonus': 225, 'miles': 270, 'min_stay': 1, 'platichastyami': 0, 'mircashback': 450}, {'id': 1115735, 'capacity': 2, 'prepayment': 'FIRST', 'nonrefundable': 0, 'cancellation_period': 2, 'cancellation_fee': 'FIRST', 'breakfast': 0, 'base_price': 4500, 'prices': [4500], 'price': 4500, 'old_price': 4500, 'currency': 'RUB', 'payment_amount': 4500, 'extras_variants': [], 'extras': [], 'rate_id': 55736, 'deals': [], 'cancellation_type': 'special', 'credit_card': 1, 'bonus': 225, 'miles': 270, 'min_stay': 1, 'platichastyami': 0, 'mircashback': 450}, {'id': 1115736, 'capacity': 3, 'prepayment': 'FIRST', 'nonrefundable': 0, 'cancellation_period': 2, 'cancellation_fee': 'FIRST', 'breakfast': 0, 'base_price': 4500, 'prices': [4500], 'price': 4500, 'old_price': 4500, 'currency': 'RUB', 'payment_amount': 4500, 'extras_variants': [], 'extras': [], 'rate_id': 55736, 'deals': [], 'cancellation_type': 'special', 'credit_card': 1, 'bonus': 225, 'miles': 270, 'min_stay': 1, 'platichastyami': 0, 'mircashback': 450}, {'id': 1115737, 'capacity': 4, 'prepayment': 'FIRST', 'nonrefundable': 0, 'cancellation_period': 2, 'cancellation_fee': 'FIRST', 'breakfast': 0, 'base_price': 4500, 'prices': [4500], 'price': 4500, 'old_price': 4500, 'currency': 'RUB', 'payment_amount': 4500, 'extras_variants': [], 'extras': [], 'rate_id': 55736, 'deals': [], 'cancellation_type': 'special', 'credit_card': 1, 'bonus': 225, 'miles': 270, 'min_stay': 1, 'platichastyami': 0, 'mircashback': 450}]",4500.0,270,650200_101hotels,2026-08-15
2299791,,С видом на Байкал,2,0,0,1,Двухместный,2,1,[{'single': 2}],[],"[{'id': 1078417, 'capacity': 1, 'prepayment': 'FULL', 'nonrefundable': 0, 'cancellation_period': 3, 'cancellation_fee': 'FIRST', 'breakfast': 1, 'base_price': 8000, 'prices': [8000], 'price': 8000, 'old_price': 8000, 'currency': 'RUB', 'payment_amount': 8000, 'extras_variants': [], 'extras': [], 'rate_id': 53187, 'deals': [], 'cancellation_type': 'special', 'credit_card': 1, 'bonus': 400, 'miles': 480, 'min_stay': 1, 'platichastyami': 0, 'mircashback': 800}, {'id': 1078418, 'capacity': 2, 'prepayment': 'FULL', 'nonrefundable': 0, 'cancellation_period': 3, 'cancellation_fee': 'FIRST', 'breakfast': 1, 'base_price': 8000, 'prices': [8000], 'price': 8000, 'old_price': 8000, 'currency': 'RUB', 'payment_amount': 8000, 'extras_variants': [], 'extras': [], 'rate_id': 53187, 'deals': [], 'cancellation_type': 'special', 'credit_card': 1, 'bonus': 400, 'miles': 480, 'min_stay': 1, 'platichastyami': 0, 'mircashback': 800}]",8000.0,480,514670_101hotels,2026-08-15
21399,,Стандарт,1,0,0,1,Одноместный,1,3,[{'single': 1}],[],"[{'id': 451812, 'capacity': 1, 'prepayment': 'FIRST', 'nonrefundable': 0, 'cancellation_period': 0, 'cancellation_fee': 'NO', 'breakfast': 1, 'base_price': 10340, 'prices': [10340], 'price': 10340, 'old_price': 10340, 'currency': 'RUB', 'payment_amount': 10340, 'extras_variants': [], 'extras': [], 'rate_id': 11082, 'deals': [], 'cancellation_type': 'free', 'credit_card': 1, 'bonus': 517, 'miles': 618, 'min_stay': 1, 'platichastyami': 0, 'mircashback': 1034}]",10340.0,618,4324_101hotels,2026-08-15
23267,,Джуниор Сьют улучшенный,2,0,0,1,Студио,5,6,"[{'single': 2}, {'double': 1}]",[],"[{'id': 451818, 'capacity': 1, 'prepayment': 'FIRST', 'nonrefundable': 0, 'cancellation_period': 0, 'cancellation_fee': 'NO', 'breakfast': 1, 'base_price': 18150, 'prices': [18150], 'price': 18150, 'old_price': 18150, 'currency': 'RUB', 'payment_amount': 18150, 'extras_variants': [], 'extras': [], 'rate_id': 11082, 'deals': [], 'cancellation_type': 'free', 'credit_card': 1, 'bonus': 908, 'miles': 1089, 'min_stay': 1, 'platichastyami': 0, 'mircashback': 1815}, {'id': 451819, 'capacity': 2, 'prepayment': 'FIRST', 'nonrefundable': 0, 'cancellation_period': 0, 'cancellation_fee': 'NO', 'breakfast': 1, 'base_price': 18150, 'prices': [18150], 'price': 18150, 'old_price': 18150, 'currency': 'RUB', 'payment_amount': 18150, 'extras_variants': [], 'extras': [], 'rate_id': 11082, 'deals': [], 'cancellation_type': 'free', 'credit_card': 1, 'bonus': 908, 'miles': 1089, 'min_stay': 1, 'platichastyami': 0, 'mircashback': 1815}]",18150.0,1089,4324_101hotels,2026-08-15
2246438,,,3,0,0,1,Семейный,44,3,"[{'single': 2}, {'double': 1}]","[{'id': '33321', 'number': '1', 'min_age': '0', 'max_age': '6', 'is_extra_bed': '0', 'extra_bed_type_id': '0'}]","[{'id': 869411, 'capacity': 1, 'prepayment': 'FIRST', 'nonrefundable': 0, 'cancellation_period': 0, 'cancellation_fee': 'NO', 'breakfast': 1, 'base_price': 23100, 'prices': [23100], 'price': 23100, 'old_price': 23100, 'currency': 'RUB', 'payment_amount': 23100, 'extras_variants': [], 'extras': {'33321': {'id': 33321, 'number': 1, 'extra_bed_type_id': 0, 'age': [0, 6], 'extra_bed': 0, 'free': 1}}, 'rate_id': 11082, 'deals': [], 'cancellation_type': 'free', 'credit_card': 1, 'bonus': 1155, 'miles': 1386, 'min_stay': 1, 'platichastyami': 0, 'mircashback': 2310}, {'id': 869412, 'capacity': 2, 'prepayment': 'FIRST', 'nonrefundable': 0, 'cancellation_period': 0, 'cancellation_fee': 'NO', 'breakfast': 1, 'base_price': 23100, 'prices': [23100], 'price': 23100, 'old_price': 23100, 'currency': 'RUB', 'payment_amount': 23100, 'extras_variants': [], 'extras': {'33321': {'id': 33321, 'number': 1, 'extra_bed_type_id': 0, 'age': [0, 6], 'extra_bed': 0, 'free': 1}}, 'rate_id': 11082, 'deals': [], 'cancellation_type': 'free', 'credit_card': 1, 'bonus': 1155, 'miles': 1386, 'min_stay': 1, 'platichastyami': 0, 'mircashback': 2310}, {'id': 988780, 'capacity': 3, 'prepayment': 'FIRST', 'nonrefundable': 0, 'cancellation_period': 0, 'cancellation_fee': 'NO', 'breakfast': 1, 'base_price': 25600, 'prices': [25600], 'price': 25600, 'old_price': 25600, 'currency': 'RUB', 'payment_amount': 25600, 'extras_variants': [], 'extras': {'33321': {'id': 33321, 'number': 1, 'extra_bed_type_id': 0, 'age': [0, 6], 'extra_bed': 0, 'free': 1}}, 'rate_id': 11082, 'deals': [], 'cancellation_type': 'free', 'credit_card': 1, 'bonus': 1280, 'miles': 1536, 'min_stay': 1, 'platichastyami': 0, 'mircashback': 2560}]",23100.0,1386,4324_101hotels,2026-08-15
2306321,,Номер Twin/Double,3,1,0,1,Трехместный,37,1,[{'single': 3}],"[{'id': '33046', 'number': '1', 'min_age': '0', 'max_age': '5', 'is_extra_bed': '0', 'extra_bed_type_id': '0'}, {'id': '33047', 'number': '1', 'min_age': '0', 'max_age': '5', 'is_extra_bed': '1', 'extra_bed_type_id': '4'}]","[{'id': 1120295, 'capacity': 1, 'prepayment': 'FIRST', 'nonrefundable': 0, 'cancellation_period': 5, 'cancellation_fee': 'FIRST', 'breakfast': 1, 'base_price': 8000, 'prices': [8000], 'price': 8000, 'old_price': 8000, 'currency': 'RUB', 'payment_amount': 8000, 'extras_variants': [], 'extras': {'33046': {'id': 33046, 'number': 1, 'extra_bed_type_id': 0, 'age': [0, 5], 'extra_bed': 0, 'free': 1}, '33047': {'id': 33047, 'number': 1, 'extra_bed_type_id': 4, 'age': [0, 5], 'extra_bed': 1, 'free': 1}}, 'rate_id': 56079, 'deals': [], 'cancellation_type': 'special', 'credit_card': 1, 'bonus': 400, 'miles': 480, 'min_stay': 1, 'platichastyami': 0, 'mircashback': 800}, {'id': 1120296, 'capacity': 2, 'prepayment': 'FIRST', 'nonrefundable': 0, 'cancellation_period': 5, 'cancellation_fee': 'FIRST', 'breakfast': 1, 'base_price': 8750, 'prices': [8750], 'price': 8750, 'old_price': 8750, 'currency': 'RUB', 'payment_amount': 8750, 'extras_variants': [], 'extras': {'33046': {'id': 33046, 'number': 1, 'extra_bed_type_id': 0, 'age': [0, 5], 'extra_bed': 0, 'free': 1}, '33047': {'id': 33047, 'number': 1, 'extra_bed_type_id': 4, 'age': [0, 5], 'extra_bed': 1, 'free': 1}}, 'rate_id': 56079, 'deals': [], 'cancellation_type': 'special', 'credit_card': 1, 'bonus': 438, 'miles': 525, 'min_stay': 1, 'platichastyami': 0, 'mircashback': 875}, {'id': 1120297, 'capacity': 3, 'prepayment': 'FIRST', 'nonrefundable': 0, 'cancellation_period': 5, 'cancellation_fee': 'FIRST', 'breakfast': 1, 'base_price': 9500, 'prices': [9500], 'price': 9500, 'old_price': 9500, 'currency': 'RUB', 'payment_amount': 9500, 'extras_variants': [], 'extras': {'33046': {'id': 33046, 'number': 1, 'extra_bed_type_id': 0, 'age': [0, 5], 'extra_bed': 0, 'free': 1}, '33047': {'id': 33047, 'number': 1, 'extra_bed_type_id': 4, 'age': [0, 5], 'extra_bed': 1, 'free': 1}}, 'rate_id': 56079, 'deals': [], 'cancellation_type': 'special', 'credit_card': 1, 'bonus': 475, 'miles': 570, 'min_stay': 1, 'platichastyami': 0, 'mircashback': 950}]",8000.0,480,652826_101hotels,2026-08-15
2290333,,Superior,2,1,0,1,Улучшенный,113,1,[{'double': 1}],"[{'id': '17343', 'number': '1', 'min_age': '0', 'max_age': '6', 'is_extra_bed': '1', 'extra_bed_type_id': '1'}]","[{'id': 972084, 'capacity': 1, 'prepayment': 'FIRST', 'nonrefundable': 1, 'cancellation_period': 0, 'cancellation_fee': 'FIRST', 'breakfast': 0, 'base_price': 10000, 'prices': [10000], 'price': 10000, 'old_price': 10000, 'currency': 'RUB', 'payment_amount': 10000, 'extras_variants': [], 'extras': {'17343': {'id': 17343, 'number': 1, 'extra_bed_type_id': 1, 'age': [0, 6], 'extra_bed': 1, 'free': 1}}, 'rate_id': 45882, 'deals': [], 'cancellation_type': 'nonrefundable', 'credit_card': 1, 'bonus': 500, 'miles': 600, 'min_stay': 1, 'platichastyami': 0, 'mircashback': 1000}, {'id': 972076, 'capacity': 1, 'prepayment': 'FIRST', 'nonrefundable': 1, 'cancellation_period': 0, 'cancellation_fee': 'FIRST', 'breakfast': 1, 'base_price': 11500, 'prices': [11500], 'price': 11500, 'old_price': 11500, 'currency': 'RUB', 'payment_amount': 11500, 'extras_variants': [], 'extras': {'17343': {'id': 17343, 'number': 1, 'extra_bed_type_id': 1, 'age': [0, 6], 'extra_bed': 1, 'free': 1}}, 'rate_id': 45028, 'deals': [], 'cancellation_type': 'nonrefundable', 'credit_card': 1, 'bonus': 575, 'miles': 690, 'min_stay': 1, 'platichastyami': 0, 'mircashback': 1150}, {'id': 972085, 'capacity': 2, 'prepayment': 'FIRST', 'nonrefundable': 1, 'cancellation_period': 0, 'cancellation_fee': 'FIRST', 'breakfast': 0, 'base_price': 9900, 'prices': [9900], 'price': 9900, 'old_price': 9900, 'currency': 'RUB', 'payment_amount': 9900, 'extras_variants': [], 'extras': {'17343': {'id': 17343, 'number': 1, 'extra_bed_type_id': 1, 'age': [0, 6], 'extra_bed': 1, 'free': 1}}, 'rate_id': 45882, 'deals': [], 'cancellation_type': 'nonrefundable', 'credit_card': 1, 'bonus': 495, 'miles': 594, 'min_stay': 1, 'platichastyami': 0, 'mircashback': 990}, {'id': 972077, 'capacity': 2, 'prepayment': 'FIRST', 'nonrefundable': 1, 'cancellation_period': 0, 'cancellation_fee': 'FIRST', 'breakfast': 1, 'base_price': 12900, 'prices': [12900], 'price': 12900, 'old_price': 12900, 'currency': 'RUB', 'payment_amount': 12900, 'extras_variants': [], 'extras': {'17343': {'id': 17343, 'number': 1, 'extra_bed_type_id': 1, 'age': [0, 6], 'extra_bed': 1, 'free': 1}}, 'rate_id': 45028, 'deals': [], 'cancellation_type': 'nonrefundable', 'credit_card': 1, 'bonus': 645, 'miles': 774, 'min_stay': 1, 'platichastyami': 0, 'mircashback': 1290}]",9900.0,594,670516_101hotels,2026-08-15
1992333,,С 2 отдельными кроватями и видом на горы,2,0,0,1,Двухместный,2,16,[{'single': 2}],[],"[{'id': 1120396, 'capacity': 1, 'prepayment': 'FULL', 'nonrefundable': 1, 'cancellation_period': 0, 'cancellation_fee': 'FIRST', 'breakfast': 1, 'base_price': 9000, 'prices': [9000], 'price': 9000, 'old_price': 9000, 'currency': 'RUB', 'payment_amount': 9000, 'extras_variants': [], 'extras': [], 'rate_id': 56083, 'deals': [], 'cancellation_type': 'nonrefundable', 'credit_card': 1, 'bonus': 450, 'miles': 540, 'min_stay': 1, 'platichastyami': 0, 'mircashback': 900}, {'id': 1120422, 'capacity': 1, 'prepayment': 'FULL', 'nonrefundable': 1, 'cancellation_period': 0, 'cancellation_fee': 'FIRST', 'breakfast': 1, 'base_price': 9000, 'prices': [9000], 'price': 9000, 'old_price': 9000, 'currency': 'RUB', 'payment_amount': 9000, 'extras_variants': [], 'extras': [], 'rate_id': 56085, 'deals': [], 'cancellation_type': 'nonrefundable', 'credit_card': 1, 'bonus': 450, 'miles': 540, 'min_stay': 1, 'platichastyami': 0, 'mircashback': 900}, {'id': 1120431, 'capacity': 1, 'prepayment': 'FULL', 'nonrefundable': 1, 'cancellation_period': 0, 'cancellation_fee': 'FIRST', 'breakfast': 1, 'base_price': 9000, 'prices': [9000], 'price': 9000, 'old_price': 9000, 'currency': 'RUB', 'payment_amount': 9000, 'extras_variants': [], 'extras': [], 'rate_id': 56086, 'deals': [], 'cancellation_type': 'nonrefundable', 'credit_card': 1, 'bonus': 450, 'miles': 540, 'min_stay': 1, 'platichastyami': 0, 'mircashback': 900}, {'id': 1120397, 'capacity': 2, 'prepayment': 'FULL', 'nonrefundable': 1, 'cancellation_period': 0, 'cancellation_fee': 'FIRST', 'breakfast': 1, 'base_price': 9000, 'prices': [9000], 'price': 9000, 'old_price': 9000, 'currency': 'RUB', 'payment_amount': 9000, 'extras_variants': [], 'extras': [], 'rate_id': 56083, 'deals': [], 'cancellation_type': 'nonrefundable', 'credit_card': 1, 'bonus': 450, 'miles': 540, 'min_stay': 1, 'platichastyami': 0, 'mircashback': 900}, {'id': 1120423, 'capacity': 2, 'prepayment': 'FULL', 'nonrefundable': 1, 'cancellation_period': 0, 'cancellation_fee': 'FIRST', 'breakfast': 1, 'base_price': 9000, 'prices': [9000], 'price': 9000, 'old_price': 9000, 'currency': 'RUB', 'payment_amount': 9000, 'extras_variants': [], 'extras': [], 'rate_id': 56085, 'deals': [], 'cancellation_type': 'nonrefundable', 'credit_card': 1, 'bonus': 450, 'miles': 540, 'min_stay': 1, 'platichastyami': 0, 'mircashback': 900}, {'id': 1120432, 'capacity': 2, 'prepayment': 'FULL', 'nonrefundable': 1, 'cancellation_period': 0, 'cancellation_fee': 'FIRST', 'breakfast': 1, 'base_price': 9000, 'prices': [9000], 'price': 9000, 'old_price': 9000, 'currency': 'RUB', 'payment_amount': 9000, 'extras_variants': [], 'extras': [], 'rate_id': 56086, 'deals': [], 'cancellation_type': 'nonrefundable', 'credit_card': 1, 'bonus': 450, 'miles': 540, 'min_stay': 1, 'platichastyami': 0, 'mircashback': 900}]",9000.0,540,610848_101hotels,2026-08-15
1992334,,Люкс с видом на озеро,2,0,0,1,Сюит,27,1,[{'g-double': 1}],[],"[{'id': 1120398, 'capacity': 1, 'prepayment': 'FULL', 'nonrefundable': 1, 'cancellation_period': 0, 'cancellation_fee': 'FIRST', 'breakfast': 1, 'base_price': 21600, 'prices': [21600], 'price': 21600, 'old_price': 21600, 'currency': 'RUB', 'payment_amount': 21600, 'extras_variants': [], 'extras': [], 'rate_id': 56083, 'deals': [], 'cancellation_type': 'nonrefundable', 'credit_card': 1, 'bonus': 1080, 'miles': 1296, 'min_stay': 1, 'platichastyami': 0, 'mircashback': 2160}, {'id': 1120424, 'capacity': 1, 'prepayment': 'FULL', 'nonrefundable': 1, 'cancellation_period': 0, 'cancellation_fee': 'FIRST', 'breakfast': 1, 'base_price': 21600, 'prices': [21600], 'price': 21600, 'old_price': 21600, 'currency': 'RUB', 'payment_amount': 21600, 'extras_variants': [], 'extras': [], 'rate_id': 56085, 'deals': [], 'cancellation_type': 'nonrefundable', 'credit_card': 1, 'bonus': 1080, 'miles': 1296, 'min_stay': 1, 'platichastyami': 0, 'mircashback': 2160}, {'id': 1120433, 'capacity': 1, 'prepayment': 'FULL', 'nonrefundable': 1, 'cancellation_period': 0, 'cancellation_fee': 'FIRST', 'breakfast': 1, 'base_price': 21600, 'prices': [21600], 'price': 21600, 'old_price': 21600, 'currency': 'RUB', 'payment_amount': 21600, 'extras_variants': [], 'extras': [], 'rate_id': 56086, 'deals': [], 'cancellation_type': 'nonrefundable', 'credit_card': 1, 'bonus': 1080, 'miles': 1296, 'min_stay': 1, 'platichastyami': 0, 'mircashback': 2160}, {'id': 1120399, 'capacity': 2, 'prepayment': 'FULL', 'nonrefundable': 1, 'cancellation_period': 0, 'cancellation_fee': 'FIRST', 'breakfast': 1, 'base_price': 21600, 'prices': [21600], 'price': 21600, 'old_price': 21600, 'currency': 'RUB', 'payment_amount': 21600, 'extras_variants': [], 'extras': [], 'rate_id': 56083, 'deals': [], 'cancellation_type': 'nonrefundable', 'credit_card': 1, 'bonus': 1080, 'miles': 1296, 'min_stay': 1, 'platichastyami': 0, 'mircashback': 2160}, {'id': 1120425, 'capacity': 2, 'prepayment': 'FULL', 'nonrefundable': 1, 'cancellation_period': 0, 'cancellation_fee': 'FIRST', 'breakfast': 1, 'base_price': 21600, 'prices': [21600], 'price': 21600, 'old_price': 21600, 'currency': 'RUB', 'payment_amount': 21600, 'extras_variants': [], 'extras': [], 'rate_id': 56085, 'deals': [], 'cancellation_type': 'nonrefundable', 'credit_card': 1, 'bonus': 1080, 'miles': 1296, 'min_stay': 1, 'platichastyami': 0, 'mircashback': 2160}, {'id': 1120434, 'capacity': 2, 'prepayment': 'FULL', 'nonrefundable': 1, 'cancellation_period': 0, 'cancellation_fee': 'FIRST', 'breakfast': 1, 'base_price': 21600, 'prices': [21600], 'price': 21600, 'old_price': 21600, 'currency': 'RUB', 'payment_amount': 21600, 'extras_variants': [], 'extras': [], 'rate_id': 56086, 'deals': [], 'cancellation_type': 'nonrefundable', 'credit_card': 1, 'bonus': 1080, 'miles': 1296, 'min_stay': 1, 'platichastyami': 0, 'mircashback': 2160}]",21600.0,1296,610848_101hotels,2026-08-15
1992336,,Люкс с кроватью размера «king-size» и балконом,2,0,0,1,Сюит,27,1,"[{'single': 1}, {'g-double': 1}]",[],"[{'id': 1120400, 'capacity': 1, 'prepayment': 'FULL', 'nonrefundable': 1, 'cancellation_period': 0, 'cancellation_fee': 'FIRST', 'breakfast': 1, 'base_price': 27600, 'prices': [27600], 'price': 27600, 'old_price': 27600, 'currency': 'RUB', 'payment_amount': 27600, 'extras_variants': [], 'extras': [], 'rate_id': 56083, 'deals': [], 'cancellation_type': 'nonrefundable', 'credit_card': 1, 'bonus': 1380, 'miles': 1656, 'min_stay': 1, 'platichastyami': 0, 'mircashback': 2760}, {'id': 1120426, 'capacity': 1, 'prepayment': 'FULL', 'nonrefundable': 1, 'cancellation_period': 0, 'cancellation_fee': 'FIRST', 'breakfast': 1, 'base_price': 27600, 'prices': [27600], 'price': 27600, 'old_price': 27600, 'currency': 'RUB', 'payment_amount': 27600, 'extras_variants': [], 'extras': [], 'rate_id': 56085, 'deals': [], 'cancellation_type': 'nonrefundable', 'credit_card': 1, 'bonus': 1380, 'miles': 1656, 'min_stay': 1, 'platichastyami': 0, 'mircashback': 2760}, {'id': 1120435, 'capacity': 1, 'prepayment': 'FULL', 'nonrefundable': 1, 'cancellation_period': 0, 'cancellation_fee': 'FIRST', 'breakfast': 1, 'base_price': 27600, 'prices': [27600], 'price': 27600, 'old_price': 27600, 'currency': 'RUB', 'payment_amount': 27600, 'extras_variants': [], 'extras': [], 'rate_id': 56086, 'deals': [], 'cancellation_type': 'nonrefundable', 'credit_card': 1, 'bonus': 1380, 'miles': 1656, 'min_stay': 1, 'platichastyami': 0, 'mircashback': 2760}, {'id': 1120401, 'capacity': 2, 'prepayment': 'FULL', 'nonrefundable': 1, 'cancellation_period': 0, 'cancellation_fee': 'FIRST', 'breakfast': 1, 'base_price': 27600, 'prices': [27600], 'price': 27600, 'old_price': 27600, 'currency': 'RUB', 'payment_amount': 27600, 'extras_variants': [], 'extras': [], 'rate_id': 56083, 'deals': [], 'cancellation_type': 'nonrefundable', 'credit_card': 1, 'bonus': 1380, 'miles': 1656, 'min_stay': 1, 'platichastyami': 0, 'mircashback': 2760}, {'id': 1120427, 'capacity': 2, 'prepayment': 'FULL', 'nonrefundable': 1, 'cancellation_period': 0, 'cancellation_fee': 'FIRST', 'breakfast': 1, 'base_price': 27600, 'prices': [27600], 'price': 27600, 'old_price': 27600, 'currency': 'RUB', 'payment_amount': 27600, 'extras_variants': [], 'extras': [], 'rate_id': 56085, 'deals': [], 'cancellation_type': 'nonrefundable', 'credit_card': 1, 'bonus': 1380, 'miles': 1656, 'min_stay': 1, 'platichastyami': 0, 'mircashback': 2760}, {'id': 1120436, 'capacity': 2, 'prepayment': 'FULL', 'nonrefundable': 1, 'cancellation_period': 0, 'cancellation_fee': 'FIRST', 'breakfast': 1, 'base_price': 27600, 'prices': [27600], 'price': 27600, 'old_price': 27600, 'currency': 'RUB', 'payment_amount': 27600, 'extras_variants': [], 'extras': [], 'rate_id': 56086, 'deals': [], 'cancellation_type': 'nonrefundable', 'credit_card': 1, 'bonus': 1380, 'miles': 1656, 'min_stay': 1, 'platichastyami': 0, 'mircashback': 2760}]",27600.0,1656,610848_101hotels,2026-08-15
2253434,,,3,0,0,1,Трехместный,37,1,"[{'single': 3}, {'single': 1, 'double': 1}]","[{'id': '31866', 'number': '1', 'min_age': '0', 'max_age': '5', 'is_extra_bed': '0', 'extra_bed_type_id': '0'}]","[{'id': 628916, 'capacity': 1, 'prepayment': 'FIRST', 'nonrefundable': 0, 'cancellation_period': 15, 'cancellation_fee': 'FIRST', 'breakfast': 0, 'base_price': 8100, 'prices': [8100], 'price': 8100, 'old_price': 8100, 'currency': 'RUB', 'payment_amount': 8100, 'extras_variants': [], 'extras': {'31866': {'id': 31866, 'number': 1, 'extra_bed_type_id': 0, 'age': [0, 5], 'extra_bed': 0, 'free': 1}}, 'rate_id': 23223, 'deals': [], 'cancellation_type': 'special', 'credit_card': 1, 'bonus': 405, 'miles': 486, 'min_stay': 1, 'platichastyami': 0, 'mircashback': 810}, {'id': 628917, 'capacity': 2, 'prepayment': 'FIRST', 'nonrefundable': 0, 'cancellation_period': 15, 'cancellation_fee': 'FIRST', 'breakfast': 0, 'base_price': 8100, 'prices': [8100], 'price': 8100, 'old_price': 8100, 'currency': 'RUB', 'payment_amount': 8100, 'extras_variants': [], 'extras': {'31866': {'id': 31866, 'number': 1, 'extra_bed_type_id': 0, 'age': [0, 5], 'extra_bed': 0, 'free': 1}}, 'rate_id': 23223, 'deals': [], 'cancellation_type': 'special', 'credit_card': 1, 'bonus': 405, 'miles': 486, 'min_stay': 1, 'platichastyami': 0, 'mircashback': 810}, {'id': 628918, 'capacity': 3, 'prepayment': 'FIRST', 'nonrefundable': 0, 'cancellation_period': 15, 'cancellation_fee': 'FIRST', 'breakfast': 0, 'base_price': 8100, 'prices': [8100], 'price': 8100, 'old_price': 8100, 'currency': 'RUB', 'payment_amount': 8100, 'extras_variants': [], 'extras': {'31866': {'id': 31866, 'number': 1, 'extra_bed_type_id': 0, 'age': [0, 5], 'extra_bed': 0, 'free': 1}}, 'rate_id': 23223, 'deals': [], 'cancellation_type': 'special', 'credit_card': 1, 'bonus': 405, 'miles': 486, 'min_stay': 1, 'platichastyami': 0, 'mircashback': 810}]",8100.0,486,659075_101hotels,2026-08-15
61035,,Джуниор Сюит с двуспальной кроватью,2,0,0,1,Студио,5,2,[{'double': 1}],[],"[{'id': 308440, 'capacity': 1, 'prepayment': 'FULL', 'nonrefundable': 0, 'cancellation_period': 1, 'cancellation_fee': 'FIRST', 'breakfast': 1, 'base_price': 11500, 'prices': [11500], 'price': 11500, 'old_price': 11500, 'currency': 'RUB', 'payment_amount': 11500, 'extras_variants': [], 'extras': [], 'rate_id': 2749, 'deals': [], 'cancellation_type': 'special', 'credit_card': 1, 'bonus': 575, 'miles': 690, 'min_stay': 1, 'platichastyami': 0, 'mircashback': 1150}, {'id': 308441, 'capacity': 2, 'prepayment': 'FULL', 'nonrefundable': 0, 'cancellation_period': 1, 'cancellation_fee': 'FIRST', 'breakfast': 1, 'base_price': 11500, 'prices': [11500], 'price': 11500, 'old_price': 11500, 'currency': 'RUB', 'payment_amount': 11500, 'extras_variants': [], 'extras': [], 'rate_id': 2749, 'deals': [], 'cancellation_type': 'special', 'credit_card': 1, 'bonus': 575, 'miles': 690, 'min_stay': 1, 'platichastyami': 0, 'mircashback': 1150}]",11500.0,690,10556_101hotels,2026-08-15
61036,,ВИП,8,0,0,1,Коттедж,15,1,"[{'single': 4, 'double': 2}]",[],"[{'id': 308450, 'capacity': 1, 'prepayment': 'FULL', 'nonrefundable': 0, 'cancellation_period': 1, 'cancellation_fee': 'FIRST', 'breakfast': 1, 'base_price': 48000, 'prices': [48000], 'price': 48000, 'old_price': 48000, 'currency': 'RUB', 'payment_amount': 48000, 'extras_variants': [], 'extras': [], 'rate_id': 2749, 'deals': [], 'cancellation_type': 'special', 'credit_card': 1, 'bonus': 2400, 'miles': 2880, 'min_stay': 1, 'platichastyami': 0, 'mircashback': 4800}, {'id': 308451, 'capacity': 2, 'prepayment': 'FULL', 'nonrefundable': 0, 'cancellation_period': 1, 'cancellation_fee': 'FIRST', 'breakfast': 1, 'base_price': 48000, 'prices': [48000], 'price': 48000, 'old_price': 48000, 'currency': 'RUB', 'payment_amount': 48000, 'extras_variants': [], 'extras': [], 'rate_id': 2749, 'deals': [], 'cancellation_type': 'special', 'credit_card': 1, 'bonus': 2400, 'miles': 2880, 'min_stay': 1, 'platichastyami': 0, 'mircashback': 4800}, {'id': 308452, 'capacity': 3, 'prepayment': 'FULL', 'nonrefundable': 0, 'cancellation_period': 1, 'cancellation_fee': 'FIRST', 'breakfast': 1, 'base_price': 48000, 'prices': [48000], 'price': 48000, 'old_price': 48000, 'currency': 'RUB', 'payment_amount': 48000, 'extras_variants': [], 'extras': [], 'rate_id': 2749, 'deals': [], 'cancellation_type': 'special', 'credit_card': 1, 'bonus': 2400, 'miles': 2880, 'min_stay': 1, 'platichastyami': 0, 'mircashback': 4800}, {'id': 308453, 'capacity': 4, 'prepayment': 'FULL', 'nonrefundable': 0, 'cancellation_period': 1, 'cancellation_fee': 'FIRST', 'breakfast': 1, 'base_price': 48000, 'prices': [48000], 'price': 48000, 'old_price': 48000, 'currency': 'RUB', 'payment_amount': 48000, 'extras_variants': [], 'extras': [], 'rate_id': 2749, 'deals': [], 'cancellation_type': 'special', 'credit_card': 1, 'bonus': 2400, 'miles': 2880, 'min_stay': 1, 'platichastyami': 0, 'mircashback': 4800}, {'id': 308454, 'capacity': 5, 'prepayment': 'FULL', 'nonrefundable': 0, 'cancellation_period': 1, 'cancellation_fee': 'FIRST', 'breakfast': 1, 'base_price': 48000, 'prices': [48000], 'price': 48000, 'old_price': 48000, 'currency': 'RUB', 'payment_amount': 48000, 'extras_variants': [], 'extras': [], 'rate_id': 2749, 'deals': [], 'cancellation_type': 'special', 'credit_card': 1, 'bonus': 2400, 'miles': 2880, 'min_stay': 1, 'platichastyami': 0, 'mircashback': 4800}, {'id': 308455, 'capacity': 6, 'prepayment': 'FULL', 'nonrefundable': 0, 'cancellation_period': 1, 'cancellation_fee': 'FIRST', 'breakfast': 1, 'base_price': 48000, 'prices': [48000], 'price': 48000, 'old_price': 48000, 'currency': 'RUB', 'payment_amount': 48000, 'extras_variants': [], 'extras': [], 'rate_id': 2749, 'deals': [], 'cancellation_type': 'special', 'credit_card': 1, 'bonus': 2400, 'miles': 2880, 'min_stay': 1, 'platichastyami': 0, 'mircashback': 4800}, {'id': 308456, 'capacity': 7, 'prepayment': 'FULL', 'nonrefundable': 0, 'cancellation_period': 1, 'cancellation_fee': 'FIRST', 'breakfast': 1, 'base_price': 48000, 'prices': [48000], 'price': 48000, 'old_price': 48000, 'currency': 'RUB', 'payment_amount': 48000, 'extras_variants': [], 'extras': [], 'rate_id': 2749, 'deals': [], 'cancellation_type': 'special', 'credit_card': 1, 'bonus': 2400, 'miles': 2880, 'min_stay': 1, 'platichastyami': 0, 'mircashback': 4800}, {'id': 308457, 'capacity': 8, 'prepayment': 'FULL', 'nonrefundable': 0, 'cancellation_period': 1, 'cancellation_fee': 'FIRST', 'breakfast': 1, 'base_price': 48000, 'prices': [48000], 'price': 48000, 'old_price': 48000, 'currency': 'RUB', 'payment_amount': 48000, 'extras_variants': [], 'extras': [], 'rate_id': 2749, 'deals': [], 'cancellation_type': 'special', 'credit_card': 1, 'bonus': 2400, 'miles': 2880, 'min_stay': 1, 'platichastyami': 0, 'mircashback': 4800}]",48000.0,2880,10556_101hotels,2026-08-15
61037,,Стандарт с 2 отдельными кроватями (без вида),2,0,0,1,Двухместный,2,22,[{'single': 2}],[],"[{'id': 308434, 'capacity': 1, 'prepayment': 'FULL', 'nonrefundable': 0, 'cancellation_period': 1, 'cancellation_fee': 'FIRST', 'breakfast': 1, 'base_price': 9500, 'prices': [9500], 'price': 9500, 'old_price': 9500, 'currency': 'RUB', 'payment_amount': 9500, 'extras_variants': [], 'extras': [], 'rate_id': 2749, 'deals': [], 'cancellation_type': 'special', 'credit_card': 1, 'bonus': 475, 'miles': 570, 'min_stay': 1, 'platichastyami': 0, 'mircashback': 950}, {'id': 308435, 'capacity': 2, 'prepayment': 'FULL', 'nonrefundable': 0, 'cancellation_period': 1, 'cancellation_fee': 'FIRST', 'breakfast': 1, 'base_price': 9500, 'prices': [9500], 'price': 9500, 'old_price': 9500, 'currency': 'RUB', 'payment_amount': 9500, 'extras_variants': [], 'extras': [], 'rate_id': 2749, 'deals': [], 'cancellation_type': 'special', 'credit_card': 1, 'bonus': 475, 'miles': 570, 'min_stay': 1, 'platichastyami': 0, 'mircashback': 950}]",9500.0,570,10556_101hotels,2026-08-15
61038,,Люкс с двуспальной кроватью,2,0,0,1,Сюит,27,1,[{'double': 1}],[],"[{'id': 308444, 'capacity': 1, 'prepayment': 'FULL', 'nonrefundable': 0, 'cancellation_period': 1, 'cancellation_fee': 'FIRST', 'breakfast': 1, 'base_price': 13500, 'prices': [13500], 'price': 13500, 'old_price': 13500, 'currency': 'RUB', 'payment_amount': 13500, 'extras_variants': [], 'extras': [], 'rate_id': 2749, 'deals': [], 'cancellation_type': 'special', 'credit_card': 1, 'bonus': 675, 'miles': 810, 'min_stay': 1, 'platichastyami': 0, 'mircashback': 1350}, {'id': 308445, 'capacity': 2, 'prepayment': 'FULL', 'nonrefundable': 0, 'cancellation_period': 1, 'cancellation_fee': 'FIRST', 'breakfast': 1, 'base_price': 13500, 'prices': [13500], 'price': 13500, 'old_price': 13500, 'currency': 'RUB', 'payment_amount': 13500, 'extras_variants': [], 'extras': [], 'rate_id': 2749, 'deals': [], 'cancellation_type': 'special', 'credit_card': 1, 'bonus': 675, 'miles': 810, 'min_stay': 1, 'platichastyami': 0, 'mircashback': 1350}]",13500.0,810,10556_101hotels,2026-08-15
1281575,,Улучшенный стандарт,2,0,0,1,Двухместный,2,39,[{'single': 2}],[],"[{'id': 308436, 'capacity': 1, 'prepayment': 'FULL', 'nonrefundable': 0, 'cancellation_period': 1, 'cancellation_fee': 'FIRST', 'breakfast': 1, 'base_price': 10900, 'prices': [10900], 'price': 10900, 'old_price': 10900, 'currency': 'RUB', 'payment_amount': 10900, 'extras_variants': [], 'extras': [], 'rate_id': 2749, 'deals': [], 'cancellation_type': 'special', 'credit_card': 1, 'bonus': 545, 'miles': 654, 'min_stay': 1, 'platichastyami': 0, 'mircashback': 1090}, {'id': 308437, 'capacity': 2, 'prepayment': 'FULL', 'nonrefundable': 0, 'cancellation_period': 1, 'cancellation_fee': 'FIRST', 'breakfast': 1, 'base_price': 10900, 'prices': [10900], 'price': 10900, 'old_price': 10900, 'currency': 'RUB', 'payment_amount': 10900, 'extras_variants': [], 'extras': [], 'rate_id': 2749, 'deals': [], 'cancellation_type': 'special', 'credit_card': 1, 'bonus': 545, 'miles': 654, 'min_stay': 1, 'platichastyami': 0, 'mircashback': 1090}]",10900.0,654,10556_101hotels,2026-08-15
1281578,,Двухкомнатный с 2 раздельными кроватями и 1 большой кроватью (без вида),4,0,0,1,Четырехместный,34,1,"[{'single': 2, 'double': 1}]",[],"[{'id': 308446, 'capacity': 1, 'prepayment': 'FULL', 'nonrefundable': 0, 'cancellation_period': 1, 'cancellation_fee': 'FIRST', 'breakfast': 1, 'base_price': 17000, 'prices': [17000], 'price': 17000, 'old_price': 17000, 'currency': 'RUB', 'payment_amount': 17000, 'extras_variants': [], 'extras': [], 'rate_id': 2749, 'deals': [], 'cancellation_type': 'special', 'credit_card': 1, 'bonus': 850, 'miles': 1020, 'min_stay': 1, 'platichastyami': 0, 'mircashback': 1700}, {'id': 308447, 'capacity': 2, 'prepayment': 'FULL', 'nonrefundable': 0, 'cancellation_period': 1, 'cancellation_fee': 'FIRST', 'breakfast': 1, 'base_price': 17000, 'prices': [17000], 'price': 17000, 'old_price': 17000, 'currency': 'RUB', 'payment_amount': 17000, 'extras_variants': [], 'extras': [], 'rate_id': 2749, 'deals': [], 'cancellation_type': 'special', 'credit_card': 1, 'bonus': 850, 'miles': 1020, 'min_stay': 1, 'platichastyami': 0, 'mircashback': 1700}, {'id': 308448, 'capacity': 3, 'prepayment': 'FULL', 'nonrefundable': 0, 'cancellation_period': 1, 'cancellation_fee': 'FIRST', 'breakfast': 1, 'base_price': 17000, 'prices': [17000], 'price': 17000, 'old_price': 17000, 'currency': 'RUB', 'payment_amount': 17000, 'extras_variants': [], 'extras': [], 'rate_id': 2749, 'deals': [], 'cancellation_type': 'special', 'credit_card': 1, 'bonus': 850, 'miles': 1020, 'min_stay': 1, 'platichastyami': 0, 'mircashback': 1700}, {'id': 308449, 'capacity': 4, 'prepayment': 'FULL', 'nonrefundable': 0, 'cancellation_period': 1, 'cancellation_fee': 'FIRST', 'breakfast': 1, 'base_price': 17000, 'prices': [17000], 'price': 17000, 'old_price': 17000, 'currency': 'RUB', 'payment_amount': 17000, 'extras_variants': [], 'extras': [], 'rate_id': 2749, 'deals': [], 'cancellation_type': 'special', 'credit_card': 1, 'bonus': 850, 'miles': 1020, 'min_stay': 1, 'platichastyami': 0, 'mircashback': 1700}]",17000.0,1020,10556_101hotels,2026-08-15
2316526,,Джуниор Сюит с раздельными кроватями,2,0,0,1,Студио,5,10,[{'single': 2}],[],"[{'id': 1189267, 'capacity': 1, 'prepayment': 'FULL', 'nonrefundable': 0, 'cancellation_period': 1, 'cancellation_fee': 'FIRST', 'breakfast': 1, 'base_price': 11500, 'prices': [11500], 'price': 11500, 'old_price': 11500, 'currency': 'RUB', 'payment_amount': 11500, 'extras_variants': [], 'extras': [], 'rate_id': 2749, 'deals': [], 'cancellation_type': 'special', 'credit_card': 1, 'bonus': 575, 'miles': 690, 'min_stay': 1, 'platichastyami': 0, 'mircashback': 1150}, {'id': 1189268, 'capacity': 2, 'prepayment': 'FULL', 'nonrefundable': 0, 'cancellation_period': 1, 'cancellation_fee': 'FIRST', 'breakfast': 1, 'base_price': 11500, 'prices': [11500], 'price': 11500, 'old_price': 11500, 'currency': 'RUB', 'payment_amount': 11500, 'extras_variants': [], 'extras': [], 'rate_id': 2749, 'deals': [], 'cancellation_type': 'special', 'credit_card': 1, 'bonus': 575, 'miles': 690, 'min_stay': 1, 'platichastyami': 0, 'mircashback': 1150}]",11500.0,690,10556_101hotels,2026-08-15
79510,,Номер с 2 отдельными кроватями и душем,2,0,0,1,Двухместный,2,5,[{'single': 2}],[],"[{'id': 403796, 'capacity': 1, 'prepayment': 'NO', 'nonrefundable': 0, 'cancellation_period': 0, 'cancellation_fee': 'NO', 'breakfast': 0, 'base_price': 7300, 'prices': [7300], 'price': 7300, 'old_price': 7300, 'currency': 'RUB', 'payment_amount': 0, 'extras_variants': [], 'extras': [], 'rate_id': 7725, 'deals': [], 'cancellation_type': 'free', 'credit_card': 0, 'bonus': 365, 'miles': 438, 'min_stay': 1, 'platichastyami': 0, 'mircashback': 730}, {'id': 403797, 'capacity': 2, 'prepayment': 'NO', 'nonrefundable': 0, 'cancellation_period': 0, 'cancellation_fee': 'NO', 'breakfast': 0, 'base_price': 7300, 'prices': [7300], 'price': 7300, 'old_price': 7300, 'currency': 'RUB', 'payment_amount': 0, 'extras_variants': [], 'extras': [], 'rate_id': 7725, 'deals': [], 'cancellation_type': 'free', 'credit_card': 0, 'bonus': 365, 'miles': 438, 'min_stay': 1, 'platichastyami': 0, 'mircashback': 730}]",7300.0,438,15486_101hotels,2026-08-15
79512,,Улучшенный,2,0,0,1,Студио,5,1,[{'single': 2}],[],"[{'id': 403800, 'capacity': 1, 'prepayment': 'NO', 'nonrefundable': 0, 'cancellation_period': 0, 'cancellation_fee': 'NO', 'breakfast': 0, 'base_price': 10700, 'prices': [10700], 'price': 10700, 'old_price': 10700, 'currency': 'RUB', 'payment_amount': 0, 'extras_variants': [], 'extras': [], 'rate_id': 7725, 'deals': [], 'cancellation_type': 'free', 'credit_card': 0, 'bonus': 535, 'miles': 642, 'min_stay': 1, 'platichastyami': 0, 'mircashback': 1070}, {'id': 403801, 'capacity': 2, 'prepayment': 'NO', 'nonrefundable': 0, 'cancellation_period': 0, 'cancellation_fee': 'NO', 'breakfast': 0, 'base_price': 10700, 'prices': [10700], 'price': 10700, 'old_price': 10700, 'currency': 'RUB', 'payment_amount': 0, 'extras_variants': [], 'extras': [], 'rate_id': 7725, 'deals': [], 'cancellation_type': 'free', 'credit_card': 0, 'bonus': 535, 'miles': 642, 'min_stay': 1, 'platichastyami': 0, 'mircashback': 1070}]",10700.0,642,15486_101hotels,2026-08-15
79513,,С 1 спальней,2,0,0,1,Апартаменты,14,1,[{'g-double': 1}],[],"[{'id': 403802, 'capacity': 1, 'prepayment': 'NO', 'nonrefundable': 0, 'cancellation_period': 0, 'cancellation_fee': 'NO', 'breakfast': 0, 'base_price': 10700, 'prices': [10700], 'price': 10700, 'old_price': 10700, 'currency': 'RUB', 'payment_amount': 0, 'extras_variants': [], 'extras': [], 'rate_id': 7725, 'deals': [], 'cancellation_type': 'free', 'credit_card': 0, 'bonus': 535, 'miles': 642, 'min_stay': 1, 'platichastyami': 0, 'mircashback': 1070}, {'id': 403803, 'capacity': 2, 'prepayment': 'NO', 'nonrefundable': 0, 'cancellation_period': 0, 'cancellation_fee': 'NO', 'breakfast': 0, 'base_price': 10700, 'prices': [10700], 'price': 10700, 'old_price': 10700, 'currency': 'RUB', 'payment_amount': 0, 'extras_variants': [], 'extras': [], 'rate_id': 7725, 'deals': [], 'cancellation_type': 'free', 'credit_card': 0, 'bonus': 535, 'miles': 642, 'min_stay': 1, 'platichastyami': 0, 'mircashback': 1070}]",10700.0,642,15486_101hotels,2026-08-15
2208004,,Улучшенный номер с 2 отдельными кроватями и видом на море,2,0,0,1,Двухместный,2,3,[{'single': 2}],[],"[{'id': 403798, 'capacity': 1, 'prepayment': 'NO', 'nonrefundable': 0, 'cancellation_period': 0, 'cancellation_fee': 'NO', 'breakfast': 0, 'base_price': 7100, 'prices': [7100], 'price': 7100, 'old_price': 7100, 'currency': 'RUB', 'payment_amount': 0, 'extras_variants': [], 'extras': [], 'rate_id': 7725, 'deals': [], 'cancellation_type': 'free', 'credit_card': 0, 'bonus': 355, 'miles': 426, 'min_stay': 1, 'platichastyami': 0, 'mircashback': 710}, {'id': 403799, 'capacity': 2, 'prepayment': 'NO', 'nonrefundable': 0, 'cancellation_period': 0, 'cancellation_fee': 'NO', 'breakfast': 0, 'base_price': 7100, 'prices': [7100], 'price': 7100, 'old_price': 7100, 'currency': 'RUB', 'payment_amount': 0, 'extras_variants': [], 'extras': [], 'rate_id': 7725, 'deals': [], 'cancellation_type': 'free', 'credit_card': 0, 'bonus': 355, 'miles': 426, 'min_stay': 1, 'platichastyami': 0, 'mircashback': 710}]",7100.0,426,15486_101hotels,2026-08-15
1311624,,Стандарт улучшенный,2,1,0,1,Двухместный,2,1,"[{'single': 2}, {'double': 1}]","[{'id': '41933', 'number': '1', 'min_age': '0', 'max_age': '2', 'is_extra_bed': '1', 'extra_bed_type_id': '4'}]","[{'id': 493677, 'capacity': 1, 'prepayment': 'FIRST', 'nonrefundable': 0, 'cancellation_period': 3, 'cancellation_fee': 'FIRST', 'breakfast': 1, 'base_price': 8000, 'prices': [8000], 'price': 8000, 'old_price': 8000, 'currency': 'RUB', 'payment_amount': 8000, 'extras_variants': [], 'extras': {'41933': {'id': 41933, 'number': 1, 'extra_bed_type_id': 4, 'age': [0, 2], 'extra_bed': 1, 'free': 1}}, 'rate_id': 13904, 'deals': [], 'cancellation_type': 'special', 'credit_card': 1, 'bonus': 400, 'miles': 480, 'min_stay': 1, 'platichastyami': 0, 'mircashback': 800}, {'id': 493678, 'capacity': 2, 'prepayment': 'FIRST', 'nonrefundable': 0, 'cancellation_period': 3, 'cancellation_fee': 'FIRST', 'breakfast': 1, 'base_price': 9000, 'prices': [9000], 'price': 9000, 'old_price': 9000, 'currency': 'RUB', 'payment_amount': 9000, 'extras_variants': [], 'extras': {'41933': {'id': 41933, 'number': 1, 'extra_bed_type_id': 4, 'age': [0, 2], 'extra_bed': 1, 'free': 1}}, 'rate_id': 13904, 'deals': [], 'cancellation_type': 'special', 'credit_card': 1, 'bonus': 450, 'miles': 540, 'min_stay': 1, 'platichastyami': 0, 'mircashback': 900}]",8000.0,480,411742_101hotels,2026-08-15
2278075,,"Номер высшей категории ""Джуниор Сюит""  - Премиальный",2,2,0,1,Полулюкс,4,1,"[{'single': 2}, {'double': 1}]",[],"[{'id': 835105, 'capacity': 1, 'prepayment': 'FIRST', 'nonrefundable': 0, 'cancellation_period': 3, 'cancellation_fee': 'FIRST', 'breakfast': 1, 'base_price': 16500, 'prices': [16500], 'price': 16500, 'old_price': 16500, 'currency': 'RUB', 'payment_amount': 16500, 'extras_variants': [], 'extras': [], 'rate_id': 13904, 'deals': [], 'cancellation_type': 'special', 'credit_card': 1, 'bonus': 825, 'miles': 990, 'min_stay': 1, 'platichastyami': 0, 'mircashback': 1650}, {'id': 835106, 'capacity': 2, 'prepayment': 'FIRST', 'nonrefundable': 0, 'cancellation_period': 3, 'cancellation_fee': 'FIRST', 'breakfast': 1, 'base_price': 16500, 'prices': [16500], 'price': 16500, 'old_price': 16500, 'currency': 'RUB', 'payment_amount': 16500, 'extras_variants': [], 'extras': [], 'rate_id': 13904, 'deals': [], 'cancellation_type': 'special', 'credit_card': 1, 'bonus': 825, 'miles': 990, 'min_stay': 1, 'platichastyami': 0, 'mircashback': 1650}]",16500.0,990,411742_101hotels,2026-08-15
2021925,,Люкс Президентский,2,3,0,1,Сюит,27,1,[{'double': 1}],"[{'id': '51932', 'number': '2', 'min_age': '0', 'max_age': '14', 'is_extra_bed': '1', 'extra_bed_type_id': '1'}]","[{'id': 1031143, 'capacity': 1, 'prepayment': 'FULL', 'nonrefundable': 0, 'cancellation_period': 1, 'cancellation_fee': 'FIRST', 'breakfast': 0, 'base_price': 33700, 'prices': [33700], 'price': 33700, 'old_price': 33700, 'currency': 'RUB', 'payment_amount': 33700, 'extras_variants': [], 'extras': {'51932': {'id': 51932, 'number': 2, 'extra_bed_type_id': 1, 'age': [0, 14], 'extra_bed': 1, 'free': 1}}, 'rate_id': 49936, 'deals': [], 'cancellation_type': 'special', 'credit_card': 1, 'bonus': 1685, 'miles': 2022, 'min_stay': 1, 'platichastyami': 0, 'mircashback': 3370}, {'id': 1229220, 'capacity': 1, 'prepayment': 'FULL', 'nonrefundable': 0, 'cancellation_period': 1, 'cancellation_fee': 'FIRST', 'breakfast': 1, 'base_price': 35380, 'prices': [35380], 'price': 35380, 'old_price': 35380, 'currency': 'RUB', 'payment_amount': 35380, 'extras_variants': [], 'extras': {'51932': {'id': 51932, 'number': 2, 'extra_bed_type_id': 1, 'age': [0, 14], 'extra_bed': 1, 'free': 1}}, 'rate_id': 63272, 'deals': [], 'cancellation_type': 'special', 'credit_card': 1, 'bonus': 1769, 'miles': 2121, 'min_stay': 1, 'platichastyami': 0, 'mircashback': 3538}, {'id': 1031144, 'capacity': 2, 'prepayment': 'FULL', 'nonrefundable': 0, 'cancellation_period': 1, 'cancellation_fee': 'FIRST', 'breakfast': 0, 'base_price': 34500, 'prices': [34500], 'price': 34500, 'old_price': 34500, 'currency': 'RUB', 'payment_amount': 34500, 'extras_variants': [], 'extras': {'51932': {'id': 51932, 'number': 2, 'extra_bed_type_id': 1, 'age': [0, 14], 'extra_bed': 1, 'free': 1}}, 'rate_id': 49936, 'deals': [], 'cancellation_type': 'special', 'credit_card': 1, 'bonus': 1725, 'miles': 2070, 'min_stay': 1, 'platichastyami': 0, 'mircashback': 3450}, {'id': 1229221, 'capacity': 2, 'prepayment': 'FULL', 'nonrefundable': 0, 'cancellation_period': 1, 'cancellation_fee': 'FIRST', 'breakfast': 1, 'base_price': 37860, 'prices': [37860], 'price': 37860, 'old_price': 37860, 'currency': 'RUB', 'payment_amount': 37860, 'extras_variants': [], 'extras': {'51932': {'id': 51932, 'number': 2, 'extra_bed_type_id': 1, 'age': [0, 14], 'extra_bed': 1, 'free': 1}}, 'rate_id': 63272, 'deals': [], 'cancellation_type': 'special', 'credit_card': 1, 'bonus': 1893, 'miles': 2271, 'min_stay': 1, 'platichastyami': 0, 'mircashback': 3786}]",33700.0,2022,219_101hotels,2026-08-15
5827,,Стандарт,1,0,0,1,Одноместный,1,1,[{'single': 1}],[],"[{'id': 1021599, 'capacity': 1, 'prepayment': 'FULL', 'nonrefundable': 0, 'cancellation_period': 1, 'cancellation_fee': 'FIRST', 'breakfast': 1, 'base_price': 4000, 'prices': [4000], 'price': 4000, 'old_price': 4000, 'currency': 'RUB', 'payment_amount': 4000, 'extras_variants': [], 'extras': [], 'rate_id': 49270, 'deals': [], 'cancellation_type': 'special', 'credit_card': 1, 'bonus': 200, 'miles': 240, 'min_stay': 1, 'platichastyami': 0, 'mircashback': 400}]",4000.0,240,2270_101hotels,2026-08-15
5830,,Стандарт,2,0,0,1,Двухместный,2,14,[{'single': 2}],[],"[{'id': 1021600, 'capacity': 1, 'prepayment': 'FULL', 'nonrefundable': 0, 'cancellation_period': 1, 'cancellation_fee': 'FIRST', 'breakfast': 1, 'base_price': 7125, 'prices': [7125], 'price': 7125, 'old_price': 7125, 'currency': 'RUB', 'payment_amount': 7125, 'extras_variants': [], 'extras': [], 'rate_id': 49270, 'deals': [], 'cancellation_type': 'special', 'credit_card': 1, 'bonus': 356, 'miles': 426, 'min_stay': 1, 'platichastyami': 0, 'mircashback': 713}, {'id': 1021601, 'capacity': 2, 'prepayment': 'FULL', 'nonrefundable': 0, 'cancellation_period': 1, 'cancellation_fee': 'FIRST', 'breakfast': 1, 'base_price': 7125, 'prices': [7125], 'price': 7125, 'old_price': 7125, 'currency': 'RUB', 'payment_amount': 7125, 'extras_variants': [], 'extras': [], 'rate_id': 49270, 'deals': [], 'cancellation_type': 'special', 'credit_card': 1, 'bonus': 356, 'miles': 426, 'min_stay': 1, 'platichastyami': 0, 'mircashback': 713}]",7125.0,426,2270_101hotels,2026-08-15
2234329,,,2,1,0,1,Семейный,44,1,"[{'double': 1, 'sofa': 1}]",[],"[{'id': 1021608, 'capacity': 1, 'prepayment': 'FULL', 'nonrefundable': 0, 'cancellation_period': 1, 'cancellation_fee': 'FIRST', 'breakfast': 1, 'base_price': 9500, 'prices': [9500], 'price': 9500, 'old_price': 9500, 'currency': 'RUB', 'payment_amount': 9500, 'extras_variants': [], 'extras': [], 'rate_id': 49270, 'deals': [], 'cancellation_type': 'special', 'credit_card': 1, 'bonus': 475, 'miles': 570, 'min_stay': 1, 'platichastyami': 0, 'mircashback': 950}, {'id': 1021609, 'capacity': 2, 'prepayment': 'FULL', 'nonrefundable': 0, 'cancellation_period': 1, 'cancellation_fee': 'FIRST', 'breakfast': 1, 'base_price': 9500, 'prices': [9500], 'price': 9500, 'old_price': 9500, 'currency': 'RUB', 'payment_amount': 9500, 'extras_variants': [], 'extras': [], 'rate_id': 49270, 'deals': [], 'cancellation_type': 'special', 'credit_card': 1, 'bonus': 475, 'miles': 570, 'min_stay': 1, 'platichastyami': 0, 'mircashback': 950}]",9500.0,570,2270_101hotels,2026-08-15
2234330,,Бизнес,2,1,0,1,Полулюкс,4,2,[{'single': 2}],[],"[{'id': 1021602, 'capacity': 1, 'prepayment': 'FULL', 'nonrefundable': 0, 'cancellation_period': 1, 'cancellation_fee': 'FIRST', 'breakfast': 1, 'base_price': 9500, 'prices': [9500], 'price': 9500, 'old_price': 9500, 'currency': 'RUB', 'payment_amount': 9500, 'extras_variants': [], 'extras': [], 'rate_id': 49270, 'deals': [], 'cancellation_type': 'special', 'credit_card': 1, 'bonus': 475, 'miles': 570, 'min_stay': 1, 'platichastyami': 0, 'mircashback': 950}, {'id': 1021603, 'capacity': 2, 'prepayment': 'FULL', 'nonrefundable': 0, 'cancellation_period': 1, 'cancellation_fee': 'FIRST', 'breakfast': 1, 'base_price': 9500, 'prices': [9500], 'price': 9500, 'old_price': 9500, 'currency': 'RUB', 'payment_amount': 9500, 'extras_variants': [], 'extras': [], 'rate_id': 49270, 'deals': [], 'cancellation_type': 'special', 'credit_card': 1, 'bonus': 475, 'miles': 570, 'min_stay': 1, 'platichastyami': 0, 'mircashback': 950}]",9500.0,570,2270_101hotels,2026-08-15
2234331,,Джуниор сюит (с двуспальной кроватью),2,1,0,1,Люкс,6,1,"[{'double': 1, 'sofa': 1}]",[],"[{'id': 1021604, 'capacity': 1, 'prepayment': 'FULL', 'nonrefundable': 0, 'cancellation_period': 1, 'cancellation_fee': 'FIRST', 'breakfast': 1, 'base_price': 10750, 'prices': [10750], 'price': 10750, 'old_price': 10750, 'currency': 'RUB', 'payment_amount': 10750, 'extras_variants': [], 'extras': [], 'rate_id': 49270, 'deals': [], 'cancellation_type': 'special', 'credit_card': 1, 'bonus': 538, 'miles': 645, 'min_stay': 1, 'platichastyami': 0, 'mircashback': 1075}, {'id': 1021605, 'capacity': 2, 'prepayment': 'FULL', 'nonrefundable': 0, 'cancellation_period': 1, 'cancellation_fee': 'FIRST', 'breakfast': 1, 'base_price': 10750, 'prices': [10750], 'price': 10750, 'old_price': 10750, 'currency': 'RUB', 'payment_amount': 10750, 'extras_variants': [], 'extras': [], 'rate_id': 49270, 'deals': [], 'cancellation_type': 'special', 'credit_card': 1, 'bonus': 538, 'miles': 645, 'min_stay': 1, 'platichastyami': 0, 'mircashback': 1075}]",10750.0,645,2270_101hotels,2026-08-15
2234332,,Джуниор сюит (с двумя раздельными кроватями),2,1,0,1,Люкс,6,1,"[{'single': 2, 'sofa': 1}]",[],"[{'id': 1021606, 'capacity': 1, 'prepayment': 'FULL', 'nonrefundable': 0, 'cancellation_period': 1, 'cancellation_fee': 'FIRST', 'breakfast': 1, 'base_price': 10750, 'prices': [10750], 'price': 10750, 'old_price': 10750, 'currency': 'RUB', 'payment_amount': 10750, 'extras_variants': [], 'extras': [], 'rate_id': 49270, 'deals': [], 'cancellation_type': 'special', 'credit_card': 1, 'bonus': 538, 'miles': 645, 'min_stay': 1, 'platichastyami': 0, 'mircashback': 1075}, {'id': 1021607, 'capacity': 2, 'prepayment': 'FULL', 'nonrefundable': 0, 'cancellation_period': 1, 'cancellation_fee': 'FIRST', 'breakfast': 1, 'base_price': 10750, 'prices': [10750], 'price': 10750, 'old_price': 10750, 'currency': 'RUB', 'payment_amount': 10750, 'extras_variants': [], 'extras': [], 'rate_id': 49270, 'deals': [], 'cancellation_type': 'special', 'credit_card': 1, 'bonus': 538, 'miles': 645, 'min_stay': 1, 'platichastyami': 0, 'mircashback': 1075}]",10750.0,645,2270_101hotels,2026-08-15
142518,,Стандарт,2,1,0,1,Двухместный,2,2,"[{'double': 1}, {'double': 1}]",[],"[{'id': 378240, 'capacity': 1, 'prepayment': 'FULL', 'nonrefundable': 0, 'cancellation_period': 3, 'cancellation_fee': 'FIRST', 'breakfast': 1, 'base_price': 12600, 'prices': [12600], 'price': 12600, 'old_price': 12600, 'currency': 'RUB', 'payment_amount': 12600, 'extras_variants': [], 'extras': [], 'rate_id': 6256, 'deals': [], 'cancellation_type': 'special', 'credit_card': 1, 'bonus': 630, 'miles': 756, 'min_stay': 1, 'platichastyami': 0, 'mircashback': 1260}, {'id': 378241, 'capacity': 2, 'prepayment': 'FULL', 'nonrefundable': 0, 'cancellation_period': 3, 'cancellation_fee': 'FIRST', 'breakfast': 1, 'base_price': 12600, 'prices': [12600], 'price': 12600, 'old_price': 12600, 'currency': 'RUB', 'payment_amount': 12600, 'extras_variants': [], 'extras': [], 'rate_id': 6256, 'deals': [], 'cancellation_type': 'special', 'credit_card': 1, 'bonus': 630, 'miles': 756, 'min_stay': 1, 'platichastyami': 0, 'mircashback': 1260}]",12600.0,756,33872_101hotels,2026-08-15
1870573,,,1,0,0,1,Одноместный,1,1,[{'single': 1}],[],"[{'id': 251392, 'capacity': 1, 'prepayment': 'NO', 'nonrefundable': 0, 'cancellation_period': 0, 'cancellation_fee': 'NO', 'breakfast': 1, 'base_price': 5200, 'prices': [5200], 'price': 5200, 'old_price': 5200, 'currency': 'RUB', 'payment_amount': 0, 'extras_variants': [], 'extras': [], 'rate_id': 259, 'deals': [], 'cancellation_type': 'free', 'credit_card': 0, 'bonus': 260, 'miles': 312, 'min_stay': 1, 'platichastyami': 0, 'mircashback': 520}, {'id': 544735, 'capacity': 1, 'prepayment': 'NO', 'nonrefundable': 0, 'cancellation_period': 0, 'cancellation_fee': 'NO', 'breakfast': 2, 'base_price': 5680, 'prices': [5680], 'price': 5680, 'old_price': 5680, 'currency': 'RUB', 'payment_amount': 0, 'extras_variants': [], 'extras': [], 'rate_id': 17193, 'deals': [], 'cancellation_type': 'free', 'credit_card': 0, 'bonus': 284, 'miles': 339, 'min_stay': 1, 'platichastyami': 0, 'mircashback': 568}, {'id': '251392P', 'capacity': 1, 'prepayment': 'FULL', 'nonrefundable': 0, 'cancellation_period': 0, 'cancellation_fee': 'NO', 'breakfast': 1, 'base_price': 5200, 'prices': [5200], 'price': 5200, 'old_price': 5200, 'currency': 'RUB', 'payment_amount': 5200, 'extras_variants': [], 'extras': [], 'rate_id': 259, 'deals': [], 'cancellation_type': 'free', 'credit_card': 0, 'bonus': 260, 'miles': 312, 'min_stay': 1, 'platichastyami': 0, 'mircashback': 520}]",5200.0,312,560073_101hotels,2026-08-15
1870574,,Стандартный номер с 1 кроватью или 2 отдельными кроватями,2,0,0,1,Двухместный,2,4,[{'single': 2}],[],"[{'id': 251393, 'capacity': 1, 'prepayment': 'NO', 'nonrefundable': 0, 'cancellation_period': 0, 'cancellation_fee': 'NO', 'breakfast': 1, 'base_price': 6600, 'prices': [6600], 'price': 6600, 'old_price': 6600, 'currency': 'RUB', 'payment_amount': 0, 'extras_variants': [], 'extras': [], 'rate_id': 259, 'deals': [], 'cancellation_type': 'free', 'credit_card': 0, 'bonus': 330, 'miles': 396, 'min_stay': 1, 'platichastyami': 0, 'mircashback': 660}, {'id': 544736, 'capacity': 1, 'prepayment': 'NO', 'nonrefundable': 0, 'cancellation_period': 0, 'cancellation_fee': 'NO', 'breakfast': 2, 'base_price': 6940, 'prices': [6940], 'price': 6940, 'old_price': 6940, 'currency': 'RUB', 'payment_amount': 0, 'extras_variants': [], 'extras': [], 'rate_id': 17193, 'deals': [], 'cancellation_type': 'free', 'credit_card': 0, 'bonus': 347, 'miles': 414, 'min_stay': 1, 'platichastyami': 0, 'mircashback': 694}, {'id': 251394, 'capacity': 2, 'prepayment': 'NO', 'nonrefundable': 0, 'cancellation_period': 0, 'cancellation_fee': 'NO', 'breakfast': 1, 'base_price': 7800, 'prices': [7800], 'price': 7800, 'old_price': 7800, 'currency': 'RUB', 'payment_amount': 0, 'extras_variants': [], 'extras': [], 'rate_id': 259, 'deals': [], 'cancellation_type': 'free', 'credit_card': 0, 'bonus': 390, 'miles': 468, 'min_stay': 1, 'platichastyami': 0, 'mircashback': 780}, {'id': 544737, 'capacity': 2, 'prepayment': 'NO', 'nonrefundable': 0, 'cancellation_period': 0, 'cancellation_fee': 'NO', 'breakfast': 2, 'base_price': 9020, 'prices': [9020], 'price': 9020, 'old_price': 9020, 'currency': 'RUB', 'payment_amount': 0, 'extras_variants': [], 'extras': [], 'rate_id': 17193, 'deals': [], 'cancellation_type': 'free', 'credit_card': 0, 'bonus': 451, 'miles': 540, 'min_stay': 1, 'platichastyami': 0, 'mircashback': 902}, {'id': '251393P', 'capacity': 1, 'prepayment': 'FULL', 'nonrefundable': 0, 'cancellation_period': 0, 'cancellation_fee': 'NO', 'breakfast': 1, 'base_price': 6600, 'prices': [6600], 'price': 6600, 'old_price': 6600, 'currency': 'RUB', 'payment_amount': 6600, 'extras_variants': [], 'extras': [], 'rate_id': 259, 'deals': [], 'cancellation_type': 'free', 'credit_card': 0, 'bonus': 330, 'miles': 396, 'min_stay': 1, 'platichastyami': 0, 'mircashback': 660}, {'id': '251394P', 'capacity': 2, 'prepayment': 'FULL', 'nonrefundable': 0, 'cancellation_period': 0, 'cancellation_fee': 'NO', 'breakfast': 1, 'base_price': 7800, 'prices': [7800], 'price': 7800, 'old_price': 7800, 'currency': 'RUB', 'payment_amount': 7800, 'extras_variants': [], 'extras': [], 'rate_id': 259, 'deals': [], 'cancellation_type': 'free', 'credit_card': 0, 'bonus': 390, 'miles': 468, 'min_stay': 1, 'platichastyami': 0, 'mircashback': 780}]",6600.0,396,560073_101hotels,2026-08-15
1870578,,Джуниор Сюит «Плюс»,2,0,0,1,Двухместный,2,1,"[{'sofa': 1, 'g-double': 1}]",[],"[{'id': 544742, 'capacity': 1, 'prepayment': 'NO', 'nonrefundable': 0, 'cancellation_period': 0, 'cancellation_fee': 'NO', 'breakfast': 2, 'base_price': 8020, 'prices': [8020], 'price': 8020, 'old_price': 8020, 'currency': 'RUB', 'payment_amount': 0, 'extras_variants': [], 'extras': [], 'rate_id': 17193, 'deals': [], 'cancellation_type': 'free', 'credit_card': 0, 'bonus': 401, 'miles': 480, 'min_stay': 1, 'platichastyami': 0, 'mircashback': 802}, {'id': 544743, 'capacity': 2, 'prepayment': 'NO', 'nonrefundable': 0, 'cancellation_period': 0, 'cancellation_fee': 'NO', 'breakfast': 2, 'base_price': 10100, 'prices': [10100], 'price': 10100, 'old_price': 10100, 'currency': 'RUB', 'payment_amount': 0, 'extras_variants': [], 'extras': [], 'rate_id': 17193, 'deals': [], 'cancellation_type': 'free', 'credit_card': 0, 'bonus': 505, 'miles': 606, 'min_stay': 1, 'platichastyami': 0, 'mircashback': 1010}]",8020.0,480,560073_101hotels,2026-08-15
194848,,"Стандарт, Double",2,1,0,1,Двухместный,2,20,[{'double': 1}],[],"[{'id': 722611, 'capacity': 1, 'prepayment': 'NO', 'nonrefundable': 0, 'cancellation_period': 0, 'cancellation_fee': 'NO', 'breakfast': 1, 'base_price': 5600, 'prices': [5600], 'price': 5600, 'old_price': 0, 'currency': 'RUB', 'payment_amount': 0, 'extras_variants': [], 'extras': [], 'rate_id': 30319, 'deals': [], 'cancellation_type': 'free', 'credit_card': 0, 'bonus': 280, 'miles': 336, 'min_stay': 1, 'platichastyami': 0, 'mircashback': 560}, {'id': 722612, 'capacity': 2, 'prepayment': 'NO', 'nonrefundable': 0, 'cancellation_period': 0, 'cancellation_fee': 'NO', 'breakfast': 1, 'base_price': 5600, 'prices': [5600], 'price': 5600, 'old_price': 0, 'currency': 'RUB', 'payment_amount': 0, 'extras_variants': [], 'extras': [], 'rate_id': 30319, 'deals': [], 'cancellation_type': 'free', 'credit_card': 0, 'bonus': 280, 'miles': 336, 'min_stay': 1, 'platichastyami': 0, 'mircashback': 560}]",5600.0,336,48009_101hotels,2026-08-15
194860,,"Улучшенный, Double",2,1,0,1,Двухместный,2,13,[{'double': 1}],[],"[{'id': 722613, 'capacity': 1, 'prepayment': 'NO', 'nonrefundable': 0, 'cancellation_period': 0, 'cancellation_fee': 'NO', 'breakfast': 1, 'base_price': 6600, 'prices': [6600], 'price': 6600, 'old_price': 0, 'currency': 'RUB', 'payment_amount': 0, 'extras_variants': [], 'extras': [], 'rate_id': 30319, 'deals': [], 'cancellation_type': 'free', 'credit_card': 0, 'bonus': 330, 'miles': 396, 'min_stay': 1, 'platichastyami': 0, 'mircashback': 660}, {'id': 722614, 'capacity': 2, 'prepayment': 'NO', 'nonrefundable': 0, 'cancellation_period': 0, 'cancellation_fee': 'NO', 'breakfast': 1, 'base_price': 6600, 'prices': [6600], 'price': 6600, 'old_price': 0, 'currency': 'RUB', 'payment_amount': 0, 'extras_variants': [], 'extras': [], 'rate_id': 30319, 'deals': [], 'cancellation_type': 'free', 'credit_card': 0, 'bonus': 330, 'miles': 396, 'min_stay': 1, 'platichastyami': 0, 'mircashback': 660}]",6600.0,396,48009_101hotels,2026-08-15
194868,,Twin,2,1,0,1,Полулюкс,4,6,[{'single': 2}],[],"[{'id': 722619, 'capacity': 1, 'prepayment': 'NO', 'nonrefundable': 0, 'cancellation_period': 0, 'cancellation_fee': 'NO', 'breakfast': 1, 'base_price': 8200, 'prices': [8200], 'price': 8200, 'old_price': 0, 'currency': 'RUB', 'payment_amount': 0, 'extras_variants': [], 'extras': [], 'rate_id': 30319, 'deals': [], 'cancellation_type': 'free', 'credit_card': 0, 'bonus': 410, 'miles': 492, 'min_stay': 1, 'platichastyami': 0, 'mircashback': 820}, {'id': 722620, 'capacity': 2, 'prepayment': 'NO', 'nonrefundable': 0, 'cancellation_period': 0, 'cancellation_fee': 'NO', 'breakfast': 1, 'base_price': 8200, 'prices': [8200], 'price': 8200, 'old_price': 0, 'currency': 'RUB', 'payment_amount': 0, 'extras_variants': [], 'extras': [], 'rate_id': 30319, 'deals': [], 'cancellation_type': 'free', 'credit_card': 0, 'bonus': 410, 'miles': 492, 'min_stay': 1, 'platichastyami': 0, 'mircashback': 820}]",8200.0,492,48009_101hotels,2026-08-15
194876,,Double,2,1,0,1,Люкс,6,7,[{'double': 1}],[],"[{'id': 722623, 'capacity': 1, 'prepayment': 'NO', 'nonrefundable': 0, 'cancellation_period': 0, 'cancellation_fee': 'NO', 'breakfast': 1, 'base_price': 9300, 'prices': [9300], 'price': 9300, 'old_price': 0, 'currency': 'RUB', 'payment_amount': 0, 'extras_variants': [], 'extras': [], 'rate_id': 30319, 'deals': [], 'cancellation_type': 'free', 'credit_card': 0, 'bonus': 465, 'miles': 558, 'min_stay': 1, 'platichastyami': 0, 'mircashback': 930}, {'id': 722624, 'capacity': 2, 'prepayment': 'NO', 'nonrefundable': 0, 'cancellation_period': 0, 'cancellation_fee': 'NO', 'breakfast': 1, 'base_price': 9300, 'prices': [9300], 'price': 9300, 'old_price': 0, 'currency': 'RUB', 'payment_amount': 0, 'extras_variants': [], 'extras': [], 'rate_id': 30319, 'deals': [], 'cancellation_type': 'free', 'credit_card': 0, 'bonus': 465, 'miles': 558, 'min_stay': 1, 'platichastyami': 0, 'mircashback': 930}]",9300.0,558,48009_101hotels,2026-08-15
219796,,"Улучшенный, Twin",2,1,0,1,Двухместный,2,6,[{'single': 2}],[],"[{'id': 722615, 'capacity': 1, 'prepayment': 'NO', 'nonrefundable': 0, 'cancellation_period': 0, 'cancellation_fee': 'NO', 'breakfast': 1, 'base_price': 6600, 'prices': [6600], 'price': 6600, 'old_price': 0, 'currency': 'RUB', 'payment_amount': 0, 'extras_variants': [], 'extras': [], 'rate_id': 30319, 'deals': [], 'cancellation_type': 'free', 'credit_card': 0, 'bonus': 330, 'miles': 396, 'min_stay': 1, 'platichastyami': 0, 'mircashback': 660}, {'id': 722616, 'capacity': 2, 'prepayment': 'NO', 'nonrefundable': 0, 'cancellation_period': 0, 'cancellation_fee': 'NO', 'breakfast': 1, 'base_price': 6600, 'prices': [6600], 'price': 6600, 'old_price': 0, 'currency': 'RUB', 'payment_amount': 0, 'extras_variants': [], 'extras': [], 'rate_id': 30319, 'deals': [], 'cancellation_type': 'free', 'credit_card': 0, 'bonus': 330, 'miles': 396, 'min_stay': 1, 'platichastyami': 0, 'mircashback': 660}]",6600.0,396,48009_101hotels,2026-08-15
219915,,"Стандарт, Twin",2,1,0,1,Двухместный,2,11,[{'single': 2}],[],"[{'id': 722617, 'capacity': 1, 'prepayment': 'NO', 'nonrefundable': 0, 'cancellation_period': 0, 'cancellation_fee': 'NO', 'breakfast': 1, 'base_price': 5600, 'prices': [5600], 'price': 5600, 'old_price': 0, 'currency': 'RUB', 'payment_amount': 0, 'extras_variants': [], 'extras': [], 'rate_id': 30319, 'deals': [], 'cancellation_type': 'free', 'credit_card': 0, 'bonus': 280, 'miles': 336, 'min_stay': 1, 'platichastyami': 0, 'mircashback': 560}, {'id': 722618, 'capacity': 2, 'prepayment': 'NO', 'nonrefundable': 0, 'cancellation_period': 0, 'cancellation_fee': 'NO', 'breakfast': 1, 'base_price': 5600, 'prices': [5600], 'price': 5600, 'old_price': 0, 'currency': 'RUB', 'payment_amount': 0, 'extras_variants': [], 'extras': [], 'rate_id': 30319, 'deals': [], 'cancellation_type': 'free', 'credit_card': 0, 'bonus': 280, 'miles': 336, 'min_stay': 1, 'platichastyami': 0, 'mircashback': 560}]",5600.0,336,48009_101hotels,2026-08-15
1550129,,Twin,2,1,0,1,Люкс,6,3,[{'single': 2}],[],"[{'id': 722625, 'capacity': 1, 'prepayment': 'NO', 'nonrefundable': 0, 'cancellation_period': 0, 'cancellation_fee': 'NO', 'breakfast': 1, 'base_price': 9300, 'prices': [9300], 'price': 9300, 'old_price': 0, 'currency': 'RUB', 'payment_amount': 0, 'extras_variants': [], 'extras': [], 'rate_id': 30319, 'deals': [], 'cancellation_type': 'free', 'credit_card': 0, 'bonus': 465, 'miles': 558, 'min_stay': 1, 'platichastyami': 0, 'mircashback': 930}, {'id': 722626, 'capacity': 2, 'prepayment': 'NO', 'nonrefundable': 0, 'cancellation_period': 0, 'cancellation_fee': 'NO', 'breakfast': 1, 'base_price': 9300, 'prices': [9300], 'price': 9300, 'old_price': 0, 'currency': 'RUB', 'payment_amount': 0, 'extras_variants': [], 'extras': [], 'rate_id': 30319, 'deals': [], 'cancellation_type': 'free', 'credit_card': 0, 'bonus': 465, 'miles': 558, 'min_stay': 1, 'platichastyami': 0, 'mircashback': 930}]",9300.0,558,48009_101hotels,2026-08-15
1550130,,Double,2,1,0,1,Полулюкс,4,4,[{'double': 1}],[],"[{'id': 722621, 'capacity': 1, 'prepayment': 'NO', 'nonrefundable': 0, 'cancellation_period': 0, 'cancellation_fee': 'NO', 'breakfast': 1, 'base_price': 8200, 'prices': [8200], 'price': 8200, 'old_price': 0, 'currency': 'RUB', 'payment_amount': 0, 'extras_variants': [], 'extras': [], 'rate_id': 30319, 'deals': [], 'cancellation_type': 'free', 'credit_card': 0, 'bonus': 410, 'miles': 492, 'min_stay': 1, 'platichastyami': 0, 'mircashback': 820}, {'id': 722622, 'capacity': 2, 'prepayment': 'NO', 'nonrefundable': 0, 'cancellation_period': 0, 'cancellation_fee': 'NO', 'breakfast': 1, 'base_price': 8200, 'prices': [8200], 'price': 8200, 'old_price': 0, 'currency': 'RUB', 'payment_amount': 0, 'extras_variants': [], 'extras': [], 'rate_id': 30319, 'deals': [], 'cancellation_type': 'free', 'credit_card': 0, 'bonus': 410, 'miles': 492, 'min_stay': 1, 'platichastyami': 0, 'mircashback': 820}]",8200.0,492,48009_101hotels,2026-08-15
5767,,Комфорт Классик,2,1,0,1,Полулюкс,4,1,[{'double': 1}],[],"[{'id': 693966, 'capacity': 1, 'prepayment': 'NO', 'nonrefundable': 0, 'cancellation_period': 0, 'cancellation_fee': 'NO', 'breakfast': 0, 'base_price': 10200, 'prices': [10200], 'price': 10200, 'old_price': 0, 'currency': 'RUB', 'payment_amount': 0, 'extras_variants': [], 'extras': [], 'rate_id': 27942, 'deals': [], 'cancellation_type': 'free', 'credit_card': 0, 'bonus': 510, 'miles': 612, 'min_stay': 1, 'platichastyami': 0, 'mircashback': 1020}, {'id': 693913, 'capacity': 1, 'prepayment': 'NO', 'nonrefundable': 0, 'cancellation_period': 0, 'cancellation_fee': 'NO', 'breakfast': 1, 'base_price': 10700, 'prices': [10700], 'price': 10700, 'old_price': 0, 'currency': 'RUB', 'payment_amount': 0, 'extras_variants': [], 'extras': [], 'rate_id': 27939, 'deals': [], 'cancellation_type': 'free', 'credit_card': 0, 'bonus': 535, 'miles': 642, 'min_stay': 1, 'platichastyami': 0, 'mircashback': 1070}, {'id': 693949, 'capacity': 1, 'prepayment': 'NO', 'nonrefundable': 0, 'cancellation_period': 0, 'cancellation_fee': 'NO', 'breakfast': 2, 'base_price': 12000, 'prices': [12000], 'price': 12000, 'old_price': 0, 'currency': 'RUB', 'payment_amount': 0, 'extras_variants': [], 'extras': [], 'rate_id': 27941, 'deals': [], 'cancellation_type': 'free', 'credit_card': 0, 'bonus': 600, 'miles': 720, 'min_stay': 1, 'platichastyami': 0, 'mircashback': 1200}, {'id': 693967, 'capacity': 2, 'prepayment': 'NO', 'nonrefundable': 0, 'cancellation_period': 0, 'cancellation_fee': 'NO', 'breakfast': 0, 'base_price': 10200, 'prices': [10200], 'price': 10200, 'old_price': 0, 'currency': 'RUB', 'payment_amount': 0, 'extras_variants': [], 'extras': [], 'rate_id': 27942, 'deals': [], 'cancellation_type': 'free', 'credit_card': 0, 'bonus': 510, 'miles': 612, 'min_stay': 1, 'platichastyami': 0, 'mircashback': 1020}, {'id': 693914, 'capacity': 2, 'prepayment': 'NO', 'nonrefundable': 0, 'cancellation_period': 0, 'cancellation_fee': 'NO', 'breakfast': 1, 'base_price': 10700, 'prices': [10700], 'price': 10700, 'old_price': 0, 'currency': 'RUB', 'payment_amount': 0, 'extras_variants': [], 'extras': [], 'rate_id': 27939, 'deals': [], 'cancellation_type': 'free', 'credit_card': 0, 'bonus': 535, 'miles': 642, 'min_stay': 1, 'platichastyami': 0, 'mircashback': 1070}, {'id': 693950, 'capacity': 2, 'prepayment': 'NO', 'nonrefundable': 0, 'cancellation_period': 0, 'cancellation_fee': 'NO', 'breakfast': 2, 'base_price': 12000, 'prices': [12000], 'price': 12000, 'old_price': 0, 'currency': 'RUB', 'payment_amount': 0, 'extras_variants': [], 'extras': [], 'rate_id': 27941, 'deals': [], 'cancellation_type': 'free', 'credit_card': 0, 'bonus': 600, 'miles': 720, 'min_stay': 1, 'platichastyami': 0, 'mircashback': 1200}, {'id': '693966P', 'capacity': 1, 'prepayment': 'FULL', 'nonrefundable': 0, 'cancellation_period': 0, 'cancellation_fee': 'NO', 'breakfast': 0, 'base_price': 10200, 'prices': [10200], 'price': 10200, 'old_price': 0, 'currency': 'RUB', 'payment_amount': 10200, 'extras_variants': [], 'extras': [], 'rate_id': 27942, 'deals': [], 'cancellation_type': 'free', 'credit_card': 0, 'bonus': 510, 'miles': 612, 'min_stay': 1, 'platichastyami': 0, 'mircashback': 1020}, {'id': '693913P', 'capacity': 1, 'prepayment': 'FULL', 'nonrefundable': 0, 'cancellation_period': 0, 'cancellation_fee': 'NO', 'breakfast': 1, 'base_price': 10700, 'prices': [10700], 'price': 10700, 'old_price': 0, 'currency': 'RUB', 'payment_amount': 10700, 'extras_variants': [], 'extras': [], 'rate_id': 27939, 'deals': [], 'cancellation_type': 'free', 'credit_card': 0, 'bonus': 535, 'miles': 642, 'min_stay': 1, 'platichastyami': 0, 'mircashback': 1070}, {'id': '693949P', 'capacity': 1, 'prepayment': 'FULL', 'nonrefundable': 0, 'cancellation_period': 0, 'cancellation_fee': 'NO', 'breakfast': 2, 'base_price': 12000, 'prices': [12000], 'price': 12000, 'old_price': 0, 'currency': 'RUB', 'payment_amount': 12000, 'extras_variants': [], 'extras': [], 'rate_id': 27941, 'deals': [], 'cancellation_type': 'free', 'credit_card': 0, 'bonus': 600, 'miles': 720, 'min_stay': 1, 'platichastyami': 0, 'mircashback': 1200}, {'id': '693967P', 'capacity': 2, 'prepayment': 'FULL', 'nonrefundable': 0, 'cancellation_period': 0, 'cancellation_fee': 'NO', 'breakfast': 0, 'base_price': 10200, 'prices': [10200], 'price': 10200, 'old_price': 0, 'currency': 'RUB', 'payment_amount': 10200, 'extras_variants': [], 'extras': [], 'rate_id': 27942, 'deals': [], 'cancellation_type': 'free', 'credit_card': 0, 'bonus': 510, 'miles': 612, 'min_stay': 1, 'platichastyami': 0, 'mircashback': 1020}, {'id': '693914P', 'capacity': 2, 'prepayment': 'FULL', 'nonrefundable': 0, 'cancellation_period': 0, 'cancellation_fee': 'NO', 'breakfast': 1, 'base_price': 10700, 'prices': [10700], 'price': 10700, 'old_price': 0, 'currency': 'RUB', 'payment_amount': 10700, 'extras_variants': [], 'extras': [], 'rate_id': 27939, 'deals': [], 'cancellation_type': 'free', 'credit_card': 0, 'bonus': 535, 'miles': 642, 'min_stay': 1, 'platichastyami': 0, 'mircashback': 1070}, {'id': '693950P', 'capacity': 2, 'prepayment': 'FULL', 'nonrefundable': 0, 'cancellation_period': 0, 'cancellation_fee': 'NO', 'breakfast': 2, 'base_price': 12000, 'prices': [12000], 'price': 12000, 'old_price': 0, 'currency': 'RUB', 'payment_amount': 12000, 'extras_variants': [], 'extras': [], 'rate_id': 27941, 'deals': [], 'cancellation_type': 'free', 'credit_card': 0, 'bonus': 600, 'miles': 720, 'min_stay': 1, 'platichastyami': 0, 'mircashback': 1200}]",10200.0,612,226_101hotels,2026-08-15
5769,,Бизнес,2,1,0,1,Полулюкс,4,3,"[{'double': 1}, {'single': 2}]",[],"[{'id': 693968, 'capacity': 1, 'prepayment': 'NO', 'nonrefundable': 0, 'cancellation_period': 0, 'cancellation_fee': 'NO', 'breakfast': 0, 'base_price': 7000, 'prices': [7000], 'price': 7000, 'old_price': 0, 'currency': 'RUB', 'payment_amount': 0, 'extras_variants': [], 'extras': [], 'rate_id': 27942, 'deals': [], 'cancellation_type': 'free', 'credit_card': 0, 'bonus': 350, 'miles': 420, 'min_stay': 1, 'platichastyami': 0, 'mircashback': 700}, {'id': 693915, 'capacity': 1, 'prepayment': 'NO', 'nonrefundable': 0, 'cancellation_period': 0, 'cancellation_fee': 'NO', 'breakfast': 1, 'base_price': 7500, 'prices': [7500], 'price': 7500, 'old_price': 0, 'currency': 'RUB', 'payment_amount': 0, 'extras_variants': [], 'extras': [], 'rate_id': 27939, 'deals': [], 'cancellation_type': 'free', 'credit_card': 0, 'bonus': 375, 'miles': 450, 'min_stay': 1, 'platichastyami': 0, 'mircashback': 750}, {'id': 693951, 'capacity': 1, 'prepayment': 'NO', 'nonrefundable': 0, 'cancellation_period': 0, 'cancellation_fee': 'NO', 'breakfast': 2, 'base_price': 8800, 'prices': [8800], 'price': 8800, 'old_price': 0, 'currency': 'RUB', 'payment_amount': 0, 'extras_variants': [], 'extras': [], 'rate_id': 27941, 'deals': [], 'cancellation_type': 'free', 'credit_card': 0, 'bonus': 440, 'miles': 528, 'min_stay': 1, 'platichastyami': 0, 'mircashback': 880}, {'id': 693969, 'capacity': 2, 'prepayment': 'NO', 'nonrefundable': 0, 'cancellation_period': 0, 'cancellation_fee': 'NO', 'breakfast': 0, 'base_price': 8200, 'prices': [8200], 'price': 8200, 'old_price': 0, 'currency': 'RUB', 'payment_amount': 0, 'extras_variants': [], 'extras': [], 'rate_id': 27942, 'deals': [], 'cancellation_type': 'free', 'credit_card': 0, 'bonus': 410, 'miles': 492, 'min_stay': 1, 'platichastyami': 0, 'mircashback': 820}, {'id': 693916, 'capacity': 2, 'prepayment': 'NO', 'nonrefundable': 0, 'cancellation_period': 0, 'cancellation_fee': 'NO', 'breakfast': 1, 'base_price': 8700, 'prices': [8700], 'price': 8700, 'old_price': 0, 'currency': 'RUB', 'payment_amount': 0, 'extras_variants': [], 'extras': [], 'rate_id': 27939, 'deals': [], 'cancellation_type': 'free', 'credit_card': 0, 'bonus': 435, 'miles': 522, 'min_stay': 1, 'platichastyami': 0, 'mircashback': 870}, {'id': 693952, 'capacity': 2, 'prepayment': 'NO', 'nonrefundable': 0, 'cancellation_period': 0, 'cancellation_fee': 'NO', 'breakfast': 2, 'base_price': 10000, 'prices': [10000], 'price': 10000, 'old_price': 0, 'currency': 'RUB', 'payment_amount': 0, 'extras_variants': [], 'extras': [], 'rate_id': 27941, 'deals': [], 'cancellation_type': 'free', 'credit_card': 0, 'bonus': 500, 'miles': 600, 'min_stay': 1, 'platichastyami': 0, 'mircashback': 1000}, {'id': '693968P', 'capacity': 1, 'prepayment': 'FULL', 'nonrefundable': 0, 'cancellation_period': 0, 'cancellation_fee': 'NO', 'breakfast': 0, 'base_price': 7000, 'prices': [7000], 'price': 7000, 'old_price': 0, 'currency': 'RUB', 'payment_amount': 7000, 'extras_variants': [], 'extras': [], 'rate_id': 27942, 'deals': [], 'cancellation_type': 'free', 'credit_card': 0, 'bonus': 350, 'miles': 420, 'min_stay': 1, 'platichastyami': 0, 'mircashback': 700}, {'id': '693915P', 'capacity': 1, 'prepayment': 'FULL', 'nonrefundable': 0, 'cancellation_period': 0, 'cancellation_fee': 'NO', 'breakfast': 1, 'base_price': 7500, 'prices': [7500], 'price': 7500, 'old_price': 0, 'currency': 'RUB', 'payment_amount': 7500, 'extras_variants': [], 'extras': [], 'rate_id': 27939, 'deals': [], 'cancellation_type': 'free', 'credit_card': 0, 'bonus': 375, 'miles': 450, 'min_stay': 1, 'platichastyami': 0, 'mircashback': 750}, {'id': '693951P', 'capacity': 1, 'prepayment': 'FULL', 'nonrefundable': 0, 'cancellation_period': 0, 'cancellation_fee': 'NO', 'breakfast': 2, 'base_price': 8800, 'prices': [8800], 'price': 8800, 'old_price': 0, 'currency': 'RUB', 'payment_amount': 8800, 'extras_variants': [], 'extras': [], 'rate_id': 27941, 'deals': [], 'cancellation_type': 'free', 'credit_card': 0, 'bonus': 440, 'miles': 528, 'min_stay': 1, 'platichastyami': 0, 'mircashback': 880}, {'id': '693969P', 'capacity': 2, 'prepayment': 'FULL', 'nonrefundable': 0, 'cancellation_period': 0, 'cancellation_fee': 'NO', 'breakfast': 0, 'base_price': 8200, 'prices': [8200], 'price': 8200, 'old_price': 0, 'currency': 'RUB', 'payment_amount': 8200, 'extras_variants': [], 'extras': [], 'rate_id': 27942, 'deals': [], 'cancellation_type': 'free', 'credit_card': 0, 'bonus': 410, 'miles': 492, 'min_stay': 1, 'platichastyami': 0, 'mircashback': 820}, {'id': '693916P', 'capacity': 2, 'prepayment': 'FULL', 'nonrefundable': 0, 'cancellation_period': 0, 'cancellation_fee': 'NO', 'breakfast': 1, 'base_price': 8700, 'prices': [8700], 'price': 8700, 'old_price': 0, 'currency': 'RUB', 'payment_amount': 8700, 'extras_variants': [], 'extras': [], 'rate_id': 27939, 'deals': [], 'cancellation_type': 'free', 'credit_card': 0, 'bonus': 435, 'miles': 522, 'min_stay': 1, 'platichastyami': 0, 'mircashback': 870}, {'id': '693952P', 'capacity': 2, 'prepayment': 'FULL', 'nonrefundable': 0, 'cancellation_period': 0, 'cancellation_fee': 'NO', 'breakfast': 2, 'base_price': 10000, 'prices': [10000], 'price': 10000, 'old_price': 0, 'currency': 'RUB', 'payment_amount': 10000, 'extras_variants': [], 'extras': [], 'rate_id': 27941, 'deals': [], 'cancellation_type': 'free', 'credit_card': 0, 'bonus': 500, 'miles': 600, 'min_stay': 1, 'platichastyami': 0, 'mircashback': 1000}]",7000.0,420,226_101hotels,2026-08-15
5776,,Джуниор Сьют,2,1,0,1,Студио,5,2,"[{'double': 1, 'sofa': 1}]",[],"[{'id': 693971, 'capacity': 1, 'prepayment': 'NO', 'nonrefundable': 0, 'cancellation_period': 0, 'cancellation_fee': 'NO', 'breakfast': 0, 'base_price': 11200, 'prices': [11200], 'price': 11200, 'old_price': 0, 'currency': 'RUB', 'payment_amount': 0, 'extras_variants': [], 'extras': [], 'rate_id': 27942, 'deals': [], 'cancellation_type': 'free', 'credit_card': 0, 'bonus': 560, 'miles': 672, 'min_stay': 1, 'platichastyami': 0, 'mircashback': 1120}, {'id': 693918, 'capacity': 1, 'prepayment': 'NO', 'nonrefundable': 0, 'cancellation_period': 0, 'cancellation_fee': 'NO', 'breakfast': 1, 'base_price': 11700, 'prices': [11700], 'price': 11700, 'old_price': 0, 'currency': 'RUB', 'payment_amount': 0, 'extras_variants': [], 'extras': [], 'rate_id': 27939, 'deals': [], 'cancellation_type': 'free', 'credit_card': 0, 'bonus': 585, 'miles': 702, 'min_stay': 1, 'platichastyami': 0, 'mircashback': 1170}, {'id': 693954, 'capacity': 1, 'prepayment': 'NO', 'nonrefundable': 0, 'cancellation_period': 0, 'cancellation_fee': 'NO', 'breakfast': 2, 'base_price': 13000, 'prices': [13000], 'price': 13000, 'old_price': 0, 'currency': 'RUB', 'payment_amount': 0, 'extras_variants': [], 'extras': [], 'rate_id': 27941, 'deals': [], 'cancellation_type': 'free', 'credit_card': 0, 'bonus': 650, 'miles': 780, 'min_stay': 1, 'platichastyami': 0, 'mircashback': 1300}, {'id': 693972, 'capacity': 2, 'prepayment': 'NO', 'nonrefundable': 0, 'cancellation_period': 0, 'cancellation_fee': 'NO', 'breakfast': 0, 'base_price': 11200, 'prices': [11200], 'price': 11200, 'old_price': 0, 'currency': 'RUB', 'payment_amount': 0, 'extras_variants': [], 'extras': [], 'rate_id': 27942, 'deals': [], 'cancellation_type': 'free', 'credit_card': 0, 'bonus': 560, 'miles': 672, 'min_stay': 1, 'platichastyami': 0, 'mircashback': 1120}, {'id': 693919, 'capacity': 2, 'prepayment': 'NO', 'nonrefundable': 0, 'cancellation_period': 0, 'cancellation_fee': 'NO', 'breakfast': 1, 'base_price': 11700, 'prices': [11700], 'price': 11700, 'old_price': 0, 'currency': 'RUB', 'payment_amount': 0, 'extras_variants': [], 'extras': [], 'rate_id': 27939, 'deals': [], 'cancellation_type': 'free', 'credit_card': 0, 'bonus': 585, 'miles': 702, 'min_stay': 1, 'platichastyami': 0, 'mircashback': 1170}, {'id': 693955, 'capacity': 2, 'prepayment': 'NO', 'nonrefundable': 0, 'cancellation_period': 0, 'cancellation_fee': 'NO', 'breakfast': 2, 'base_price': 13000, 'prices': [13000], 'price': 13000, 'old_price': 0, 'currency': 'RUB', 'payment_amount': 0, 'extras_variants': [], 'extras': [], 'rate_id': 27941, 'deals': [], 'cancellation_type': 'free', 'credit_card': 0, 'bonus': 650, 'miles': 780, 'min_stay': 1, 'platichastyami': 0, 'mircashback': 1300}, {'id': '693971P', 'capacity': 1, 'prepayment': 'FULL', 'nonrefundable': 0, 'cancellation_period': 0, 'cancellation_fee': 'NO', 'breakfast': 0, 'base_price': 11200, 'prices': [11200], 'price': 11200, 'old_price': 0, 'currency': 'RUB', 'payment_amount': 11200, 'extras_variants': [], 'extras': [], 'rate_id': 27942, 'deals': [], 'cancellation_type': 'free', 'credit_card': 0, 'bonus': 560, 'miles': 672, 'min_stay': 1, 'platichastyami': 0, 'mircashback': 1120}, {'id': '693918P', 'capacity': 1, 'prepayment': 'FULL', 'nonrefundable': 0, 'cancellation_period': 0, 'cancellation_fee': 'NO', 'breakfast': 1, 'base_price': 11700, 'prices': [11700], 'price': 11700, 'old_price': 0, 'currency': 'RUB', 'payment_amount': 11700, 'extras_variants': [], 'extras': [], 'rate_id': 27939, 'deals': [], 'cancellation_type': 'free', 'credit_card': 0, 'bonus': 585, 'miles': 702, 'min_stay': 1, 'platichastyami': 0, 'mircashback': 1170}, {'id': '693954P', 'capacity': 1, 'prepayment': 'FULL', 'nonrefundable': 0, 'cancellation_period': 0, 'cancellation_fee': 'NO', 'breakfast': 2, 'base_price': 13000, 'prices': [13000], 'price': 13000, 'old_price': 0, 'currency': 'RUB', 'payment_amount': 13000, 'extras_variants': [], 'extras': [], 'rate_id': 27941, 'deals': [], 'cancellation_type': 'free', 'credit_card': 0, 'bonus': 650, 'miles': 780, 'min_stay': 1, 'platichastyami': 0, 'mircashback': 1300}, {'id': '693972P', 'capacity': 2, 'prepayment': 'FULL', 'nonrefundable': 0, 'cancellation_period': 0, 'cancellation_fee': 'NO', 'breakfast': 0, 'base_price': 11200, 'prices': [11200], 'price': 11200, 'old_price': 0, 'currency': 'RUB', 'payment_amount': 11200, 'extras_variants': [], 'extras': [], 'rate_id': 27942, 'deals': [], 'cancellation_type': 'free', 'credit_card': 0, 'bonus': 560, 'miles': 672, 'min_stay': 1, 'platichastyami': 0, 'mircashback': 1120}, {'id': '693919P', 'capacity': 2, 'prepayment': 'FULL', 'nonrefundable': 0, 'cancellation_period': 0, 'cancellation_fee': 'NO', 'breakfast': 1, 'base_price': 11700, 'prices': [11700], 'price': 11700, 'old_price': 0, 'currency': 'RUB', 'payment_amount': 11700, 'extras_variants': [], 'extras': [], 'rate_id': 27939, 'deals': [], 'cancellation_type': 'free', 'credit_card': 0, 'bonus': 585, 'miles': 702, 'min_stay': 1, 'platichastyami': 0, 'mircashback': 1170}, {'id': '693955P', 'capacity': 2, 'prepayment': 'FULL', 'nonrefundable': 0, 'cancellation_period': 0, 'cancellation_fee': 'NO', 'breakfast': 2, 'base_price': 13000, 'prices': [13000], 'price': 13000, 'old_price': 0, 'currency': 'RUB', 'payment_amount': 13000, 'extras_variants': [], 'extras': [], 'rate_id': 27941, 'deals': [], 'cancellation_type': 'free', 'credit_card': 0, 'bonus': 650, 'miles': 780, 'min_stay': 1, 'platichastyami': 0, 'mircashback': 1300}]",11200.0,672,226_101hotels,2026-08-15
2256764,,Улучшенный стандарт,1,0,0,1,Одноместный,1,8,[{'single': 1}],[],"[{'id': 693959, 'capacity': 1, 'prepayment': 'NO', 'nonrefundable': 0, 'cancellation_period': 0, 'cancellation_fee': 'NO', 'breakfast': 0, 'base_price': 6900, 'prices': [6900], 'price': 6900, 'old_price': 0, 'currency': 'RUB', 'payment_amount': 0, 'extras_variants': [], 'extras': [], 'rate_id': 27942, 'deals': [], 'cancellation_type': 'free', 'credit_card': 0, 'bonus': 345, 'miles': 414, 'min_stay': 1, 'platichastyami': 0, 'mircashback': 690}, {'id': 693906, 'capacity': 1, 'prepayment': 'NO', 'nonrefundable': 0, 'cancellation_period': 0, 'cancellation_fee': 'NO', 'breakfast': 1, 'base_price': 7400, 'prices': [7400], 'price': 7400, 'old_price': 0, 'currency': 'RUB', 'payment_amount': 0, 'extras_variants': [], 'extras': [], 'rate_id': 27939, 'deals': [], 'cancellation_type': 'free', 'credit_card': 0, 'bonus': 370, 'miles': 444, 'min_stay': 1, 'platichastyami': 0, 'mircashback': 740}, {'id': 693942, 'capacity': 1, 'prepayment': 'NO', 'nonrefundable': 0, 'cancellation_period': 0, 'cancellation_fee': 'NO', 'breakfast': 2, 'base_price': 8700, 'prices': [8700], 'price': 8700, 'old_price': 0, 'currency': 'RUB', 'payment_amount': 0, 'extras_variants': [], 'extras': [], 'rate_id': 27941, 'deals': [], 'cancellation_type': 'free', 'credit_card': 0, 'bonus': 435, 'miles': 522, 'min_stay': 1, 'platichastyami': 0, 'mircashback': 870}, {'id': '693959P', 'capacity': 1, 'prepayment': 'FULL', 'nonrefundable': 0, 'cancellation_period': 0, 'cancellation_fee': 'NO', 'breakfast': 0, 'base_price': 6900, 'prices': [6900], 'price': 6900, 'old_price': 0, 'currency': 'RUB', 'payment_amount': 6900, 'extras_variants': [], 'extras': [], 'rate_id': 27942, 'deals': [], 'cancellation_type': 'free', 'credit_card': 0, 'bonus': 345, 'miles': 414, 'min_stay': 1, 'platichastyami': 0, 'mircashback': 690}, {'id': '693906P', 'capacity': 1, 'prepayment': 'FULL', 'nonrefundable': 0, 'cancellation_period': 0, 'cancellation_fee': 'NO', 'breakfast': 1, 'base_price': 7400, 'prices': [7400], 'price': 7400, 'old_price': 0, 'currency': 'RUB', 'payment_amount': 7400, 'extras_variants': [], 'extras': [], 'rate_id': 27939, 'deals': [], 'cancellation_type': 'free', 'credit_card': 0, 'bonus': 370, 'miles': 444, 'min_stay': 1, 'platichastyami': 0, 'mircashback': 740}, {'id': '693942P', 'capacity': 1, 'prepayment': 'FULL', 'nonrefundable': 0, 'cancellation_period': 0, 'cancellation_fee': 'NO', 'breakfast': 2, 'base_price': 8700, 'prices': [8700], 'price': 8700, 'old_price': 0, 'currency': 'RUB', 'payment_amount': 8700, 'extras_variants': [], 'extras': [], 'rate_id': 27941, 'deals': [], 'cancellation_type': 'free', 'credit_card': 0, 'bonus': 435, 'miles': 522, 'min_stay': 1, 'platichastyami': 0, 'mircashback': 870}]",6900.0,414,226_101hotels,2026-08-15
2256765,,Улучшенный стандарт,2,0,0,1,Двухместный,2,8,"[{'single': 2}, {'double': 1}]",[],"[{'id': 693964, 'capacity': 1, 'prepayment': 'NO', 'nonrefundable': 0, 'cancellation_period': 0, 'cancellation_fee': 'NO', 'breakfast': 0, 'base_price': 7000, 'prices': [7000], 'price': 7000, 'old_price': 0, 'currency': 'RUB', 'payment_amount': 0, 'extras_variants': [], 'extras': [], 'rate_id': 27942, 'deals': [], 'cancellation_type': 'free', 'credit_card': 0, 'bonus': 350, 'miles': 420, 'min_stay': 1, 'platichastyami': 0, 'mircashback': 700}, {'id': 693911, 'capacity': 1, 'prepayment': 'NO', 'nonrefundable': 0, 'cancellation_period': 0, 'cancellation_fee': 'NO', 'breakfast': 1, 'base_price': 7500, 'prices': [7500], 'price': 7500, 'old_price': 0, 'currency': 'RUB', 'payment_amount': 0, 'extras_variants': [], 'extras': [], 'rate_id': 27939, 'deals': [], 'cancellation_type': 'free', 'credit_card': 0, 'bonus': 375, 'miles': 450, 'min_stay': 1, 'platichastyami': 0, 'mircashback': 750}, {'id': 693947, 'capacity': 1, 'prepayment': 'NO', 'nonrefundable': 0, 'cancellation_period': 0, 'cancellation_fee': 'NO', 'breakfast': 2, 'base_price': 8800, 'prices': [8800], 'price': 8800, 'old_price': 0, 'currency': 'RUB', 'payment_amount': 0, 'extras_variants': [], 'extras': [], 'rate_id': 27941, 'deals': [], 'cancellation_type': 'free', 'credit_card': 0, 'bonus': 440, 'miles': 528, 'min_stay': 1, 'platichastyami': 0, 'mircashback': 880}, {'id': 693965, 'capacity': 2, 'prepayment': 'NO', 'nonrefundable': 0, 'cancellation_period': 0, 'cancellation_fee': 'NO', 'breakfast': 0, 'base_price': 8200, 'prices': [8200], 'price': 8200, 'old_price': 0, 'currency': 'RUB', 'payment_amount': 0, 'extras_variants': [], 'extras': [], 'rate_id': 27942, 'deals': [], 'cancellation_type': 'free', 'credit_card': 0, 'bonus': 410, 'miles': 492, 'min_stay': 1, 'platichastyami': 0, 'mircashback': 820}, {'id': 693912, 'capacity': 2, 'prepayment': 'NO', 'nonrefundable': 0, 'cancellation_period': 0, 'cancellation_fee': 'NO', 'breakfast': 1, 'base_price': 8700, 'prices': [8700], 'price': 8700, 'old_price': 0, 'currency': 'RUB', 'payment_amount': 0, 'extras_variants': [], 'extras': [], 'rate_id': 27939, 'deals': [], 'cancellation_type': 'free', 'credit_card': 0, 'bonus': 435, 'miles': 522, 'min_stay': 1, 'platichastyami': 0, 'mircashback': 870}, {'id': 693948, 'capacity': 2, 'prepayment': 'NO', 'nonrefundable': 0, 'cancellation_period': 0, 'cancellation_fee': 'NO', 'breakfast': 2, 'base_price': 10000, 'prices': [10000], 'price': 10000, 'old_price': 0, 'currency': 'RUB', 'payment_amount': 0, 'extras_variants': [], 'extras': [], 'rate_id': 27941, 'deals': [], 'cancellation_type': 'free', 'credit_card': 0, 'bonus': 500, 'miles': 600, 'min_stay': 1, 'platichastyami': 0, 'mircashback': 1000}, {'id': '693964P', 'capacity': 1, 'prepayment': 'FULL', 'nonrefundable': 0, 'cancellation_period': 0, 'cancellation_fee': 'NO', 'breakfast': 0, 'base_price': 7000, 'prices': [7000], 'price': 7000, 'old_price': 0, 'currency': 'RUB', 'payment_amount': 7000, 'extras_variants': [], 'extras': [], 'rate_id': 27942, 'deals': [], 'cancellation_type': 'free', 'credit_card': 0, 'bonus': 350, 'miles': 420, 'min_stay': 1, 'platichastyami': 0, 'mircashback': 700}, {'id': '693911P', 'capacity': 1, 'prepayment': 'FULL', 'nonrefundable': 0, 'cancellation_period': 0, 'cancellation_fee': 'NO', 'breakfast': 1, 'base_price': 7500, 'prices': [7500], 'price': 7500, 'old_price': 0, 'currency': 'RUB', 'payment_amount': 7500, 'extras_variants': [], 'extras': [], 'rate_id': 27939, 'deals': [], 'cancellation_type': 'free', 'credit_card': 0, 'bonus': 375, 'miles': 450, 'min_stay': 1, 'platichastyami': 0, 'mircashback': 750}, {'id': '693947P', 'capacity': 1, 'prepayment': 'FULL', 'nonrefundable': 0, 'cancellation_period': 0, 'cancellation_fee': 'NO', 'breakfast': 2, 'base_price': 8800, 'prices': [8800], 'price': 8800, 'old_price': 0, 'currency': 'RUB', 'payment_amount': 8800, 'extras_variants': [], 'extras': [], 'rate_id': 27941, 'deals': [], 'cancellation_type': 'free', 'credit_card': 0, 'bonus': 440, 'miles': 528, 'min_stay': 1, 'platichastyami': 0, 'mircashback': 880}, {'id': '693965P', 'capacity': 2, 'prepayment': 'FULL', 'nonrefundable': 0, 'cancellation_period': 0, 'cancellation_fee': 'NO', 'breakfast': 0, 'base_price': 8200, 'prices': [8200], 'price': 8200, 'old_price': 0, 'currency': 'RUB', 'payment_amount': 8200, 'extras_variants': [], 'extras': [], 'rate_id': 27942, 'deals': [], 'cancellation_type': 'free', 'credit_card': 0, 'bonus': 410, 'miles': 492, 'min_stay': 1, 'platichastyami': 0, 'mircashback': 820}, {'id': '693912P', 'capacity': 2, 'prepayment': 'FULL', 'nonrefundable': 0, 'cancellation_period': 0, 'cancellation_fee': 'NO', 'breakfast': 1, 'base_price': 8700, 'prices': [8700], 'price': 8700, 'old_price': 0, 'currency': 'RUB', 'payment_amount': 8700, 'extras_variants': [], 'extras': [], 'rate_id': 27939, 'deals': [], 'cancellation_type': 'free', 'credit_card': 0, 'bonus': 435, 'miles': 522, 'min_stay': 1, 'platichastyami': 0, 'mircashback': 870}, {'id': '693948P', 'capacity': 2, 'prepayment': 'FULL', 'nonrefundable': 0, 'cancellation_period': 0, 'cancellation_fee': 'NO', 'breakfast': 2, 'base_price': 10000, 'prices': [10000], 'price': 10000, 'old_price': 0, 'currency': 'RUB', 'payment_amount': 10000, 'extras_variants': [], 'extras': [], 'rate_id': 27941, 'deals': [], 'cancellation_type': 'free', 'credit_card': 0, 'bonus': 500, 'miles': 600, 'min_stay': 1, 'platichastyami': 0, 'mircashback': 1000}]",7000.0,420,226_101hotels,2026-08-15
2303089,,Комфорт Модерн,2,1,0,1,Полулюкс,4,1,"[{'single': 2, 's-sofa': 1}, {'double': 1, 's-sofa': 1}]",[],"[{'id': 1063389, 'capacity': 1, 'prepayment': 'NO', 'nonrefundable': 0, 'cancellation_period': 0, 'cancellation_fee': 'NO', 'breakfast': 0, 'base_price': 12500, 'prices': [12500], 'price': 12500, 'old_price': 0, 'currency': 'RUB', 'payment_amount': 0, 'extras_variants': [], 'extras': [], 'rate_id': 27942, 'deals': [], 'cancellation_type': 'free', 'credit_card': 0, 'bonus': 625, 'miles': 750, 'min_stay': 1, 'platichastyami': 0, 'mircashback': 1250}, {'id': 1063387, 'capacity': 1, 'prepayment': 'NO', 'nonrefundable': 0, 'cancellation_period': 0, 'cancellation_fee': 'NO', 'breakfast': 1, 'base_price': 13000, 'prices': [13000], 'price': 13000, 'old_price': 0, 'currency': 'RUB', 'payment_amount': 0, 'extras_variants': [], 'extras': [], 'rate_id': 27939, 'deals': [], 'cancellation_type': 'free', 'credit_card': 0, 'bonus': 650, 'miles': 780, 'min_stay': 1, 'platichastyami': 0, 'mircashback': 1300}, {'id': 1063391, 'capacity': 1, 'prepayment': 'NO', 'nonrefundable': 0, 'cancellation_period': 0, 'cancellation_fee': 'NO', 'breakfast': 2, 'base_price': 14300, 'prices': [14300], 'price': 14300, 'old_price': 0, 'currency': 'RUB', 'payment_amount': 0, 'extras_variants': [], 'extras': [], 'rate_id': 27941, 'deals': [], 'cancellation_type': 'free', 'credit_card': 0, 'bonus': 715, 'miles': 858, 'min_stay': 1, 'platichastyami': 0, 'mircashback': 1430}, {'id': 1063390, 'capacity': 2, 'prepayment': 'NO', 'nonrefundable': 0, 'cancellation_period': 0, 'cancellation_fee': 'NO', 'breakfast': 0, 'base_price': 12500, 'prices': [12500], 'price': 12500, 'old_price': 0, 'currency': 'RUB', 'payment_amount': 0, 'extras_variants': [], 'extras': [], 'rate_id': 27942, 'deals': [], 'cancellation_type': 'free', 'credit_card': 0, 'bonus': 625, 'miles': 750, 'min_stay': 1, 'platichastyami': 0, 'mircashback': 1250}, {'id': 1063388, 'capacity': 2, 'prepayment': 'NO', 'nonrefundable': 0, 'cancellation_period': 0, 'cancellation_fee': 'NO', 'breakfast': 1, 'base_price': 13000, 'prices': [13000], 'price': 13000, 'old_price': 0, 'currency': 'RUB', 'payment_amount': 0, 'extras_variants': [], 'extras': [], 'rate_id': 27939, 'deals': [], 'cancellation_type': 'free', 'credit_card': 0, 'bonus': 650, 'miles': 780, 'min_stay': 1, 'platichastyami': 0, 'mircashback': 1300}, {'id': 1063392, 'capacity': 2, 'prepayment': 'NO', 'nonrefundable': 0, 'cancellation_period': 0, 'cancellation_fee': 'NO', 'breakfast': 2, 'base_price': 14300, 'prices': [14300], 'price': 14300, 'old_price': 0, 'currency': 'RUB', 'payment_amount': 0, 'extras_variants': [], 'extras': [], 'rate_id': 27941, 'deals': [], 'cancellation_type': 'free', 'credit_card': 0, 'bonus': 715, 'miles': 858, 'min_stay': 1, 'platichastyami': 0, 'mircashback': 1430}, {'id': '1063389P', 'capacity': 1, 'prepayment': 'FULL', 'nonrefundable': 0, 'cancellation_period': 0, 'cancellation_fee': 'NO', 'breakfast': 0, 'base_price': 12500, 'prices': [12500], 'price': 12500, 'old_price': 0, 'currency': 'RUB', 'payment_amount': 12500, 'extras_variants': [], 'extras': [], 'rate_id': 27942, 'deals': [], 'cancellation_type': 'free', 'credit_card': 0, 'bonus': 625, 'miles': 750, 'min_stay': 1, 'platichastyami': 0, 'mircashback': 1250}, {'id': '1063387P', 'capacity': 1, 'prepayment': 'FULL', 'nonrefundable': 0, 'cancellation_period': 0, 'cancellation_fee': 'NO', 'breakfast': 1, 'base_price': 13000, 'prices': [13000], 'price': 13000, 'old_price': 0, 'currency': 'RUB', 'payment_amount': 13000, 'extras_variants': [], 'extras': [], 'rate_id': 27939, 'deals': [], 'cancellation_type': 'free', 'credit_card': 0, 'bonus': 650, 'miles': 780, 'min_stay': 1, 'platichastyami': 0, 'mircashback': 1300}, {'id': '1063391P', 'capacity': 1, 'prepayment': 'FULL', 'nonrefundable': 0, 'cancellation_period': 0, 'cancellation_fee': 'NO', 'breakfast': 2, 'base_price': 14300, 'prices': [14300], 'price': 14300, 'old_price': 0, 'currency': 'RUB', 'payment_amount': 14300, 'extras_variants': [], 'extras': [], 'rate_id': 27941, 'deals': [], 'cancellation_type': 'free', 'credit_card': 0, 'bonus': 715, 'miles': 858, 'min_stay': 1, 'platichastyami': 0, 'mircashback': 1430}, {'id': '1063390P', 'capacity': 2, 'prepayment': 'FULL', 'nonrefundable': 0, 'cancellation_period': 0, 'cancellation_fee': 'NO', 'breakfast': 0, 'base_price': 12500, 'prices': [12500], 'price': 12500, 'old_price': 0, 'currency': 'RUB', 'payment_amount': 12500, 'extras_variants': [], 'extras': [], 'rate_id': 27942, 'deals': [], 'cancellation_type': 'free', 'credit_card': 0, 'bonus': 625, 'miles': 750, 'min_stay': 1, 'platichastyami': 0, 'mircashback': 1250}, {'id': '1063388P', 'capacity': 2, 'prepayment': 'FULL', 'nonrefundable': 0, 'cancellation_period': 0, 'cancellation_fee': 'NO', 'breakfast': 1, 'base_price': 13000, 'prices': [13000], 'price': 13000, 'old_price': 0, 'currency': 'RUB', 'payment_amount': 13000, 'extras_variants': [], 'extras': [], 'rate_id': 27939, 'deals': [], 'cancellation_type': 'free', 'credit_card': 0, 'bonus': 650, 'miles': 780, 'min_stay': 1, 'platichastyami': 0, 'mircashback': 1300}, {'id': '1063392P', 'capacity': 2, 'prepayment': 'FULL', 'nonrefundable': 0, 'cancellation_period': 0, 'cancellation_fee': 'NO', 'breakfast': 2, 'base_price': 14300, 'prices': [14300], 'price': 14300, 'old_price': 0, 'currency': 'RUB', 'payment_amount': 14300, 'extras_variants': [], 'extras': [], 'rate_id': 27941, 'deals': [], 'cancellation_type': 'free', 'credit_card': 0, 'bonus': 715, 'miles': 858, 'min_stay': 1, 'platichastyami': 0, 'mircashback': 1430}]",12500.0,750,226_101hotels,2026-08-15
74036,,Стандартный номер,1,0,0,1,Одноместный,1,2,[{'single': 1}],[],"[{'id': 574188, 'capacity': 1, 'prepayment': 'NO', 'nonrefundable': 0, 'cancellation_period': 0, 'cancellation_fee': 'NO', 'breakfast': 0, 'base_price': 3350, 'prices': [3350], 'price': 3350, 'old_price': 3350, 'currency': 'RUB', 'payment_amount': 0, 'extras_variants': [], 'extras': [], 'rate_id': 19257, 'deals': [], 'cancellation_type': 'free', 'credit_card': 0, 'bonus': 168, 'miles': 201, 'min_stay': 1, 'platichastyami': 0, 'mircashback': 335}, {'id': '574188P', 'capacity': 1, 'prepayment': 'FULL', 'nonrefundable': 0, 'cancellation_period': 0, 'cancellation_fee': 'NO', 'breakfast': 0, 'base_price': 3350, 'prices': [3350], 'price': 3350, 'old_price': 3350, 'currency': 'RUB', 'payment_amount': 3350, 'extras_variants': [], 'extras': [], 'rate_id': 19257, 'deals': [], 'cancellation_type': 'free', 'credit_card': 0, 'bonus': 168, 'miles': 201, 'min_stay': 1, 'platichastyami': 0, 'mircashback': 335}]",3350.0,201,14080_101hotels,2026-08-15
74037,,Стандартный номер с 2 отдельными кроватями,2,0,0,1,Двухместный,2,5,[{'single': 2}],[],"[{'id': 574192, 'capacity': 1, 'prepayment': 'NO', 'nonrefundable': 0, 'cancellation_period': 0, 'cancellation_fee': 'NO', 'breakfast': 0, 'base_price': 4200, 'prices': [4200], 'price': 4200, 'old_price': 4200, 'currency': 'RUB', 'payment_amount': 0, 'extras_variants': [], 'extras': [], 'rate_id': 19257, 'deals': [], 'cancellation_type': 'free', 'credit_card': 0, 'bonus': 210, 'miles': 252, 'min_stay': 1, 'platichastyami': 0, 'mircashback': 420}, {'id': 574193, 'capacity': 2, 'prepayment': 'NO', 'nonrefundable': 0, 'cancellation_period': 0, 'cancellation_fee': 'NO', 'breakfast': 0, 'base_price': 4200, 'prices': [4200], 'price': 4200, 'old_price': 4200, 'currency': 'RUB', 'payment_amount': 0, 'extras_variants': [], 'extras': [], 'rate_id': 19257, 'deals': [], 'cancellation_type': 'free', 'credit_card': 0, 'bonus': 210, 'miles': 252, 'min_stay': 1, 'platichastyami': 0, 'mircashback': 420}, {'id': '574192P', 'capacity': 1, 'prepayment': 'FULL', 'nonrefundable': 0, 'cancellation_period': 0, 'cancellation_fee': 'NO', 'breakfast': 0, 'base_price': 4200, 'prices': [4200], 'price': 4200, 'old_price': 4200, 'currency': 'RUB', 'payment_amount': 4200, 'extras_variants': [], 'extras': [], 'rate_id': 19257, 'deals': [], 'cancellation_type': 'free', 'credit_card': 0, 'bonus': 210, 'miles': 252, 'min_stay': 1, 'platichastyami': 0, 'mircashback': 420}, {'id': '574193P', 'capacity': 2, 'prepayment': 'FULL', 'nonrefundable': 0, 'cancellation_period': 0, 'cancellation_fee': 'NO', 'breakfast': 0, 'base_price': 4200, 'prices': [4200], 'price': 4200, 'old_price': 4200, 'currency': 'RUB', 'payment_amount': 4200, 'extras_variants': [], 'extras': [], 'rate_id': 19257, 'deals': [], 'cancellation_type': 'free', 'credit_card': 0, 'bonus': 210, 'miles': 252, 'min_stay': 1, 'platichastyami': 0, 'mircashback': 420}]",4200.0,252,14080_101hotels,2026-08-15
74038,,Улучшенный номер с 1 кроватью,2,0,0,1,Двухместный,2,2,[{'double': 1}],[],"[{'id': 574194, 'capacity': 1, 'prepayment': 'NO', 'nonrefundable': 0, 'cancellation_period': 0, 'cancellation_fee': 'NO', 'breakfast': 0, 'base_price': 4800, 'prices': [4800], 'price': 4800, 'old_price': 4800, 'currency': 'RUB', 'payment_amount': 0, 'extras_variants': [], 'extras': [], 'rate_id': 19257, 'deals': [], 'cancellation_type': 'free', 'credit_card': 0, 'bonus': 240, 'miles': 288, 'min_stay': 1, 'platichastyami': 0, 'mircashback': 480}, {'id': 574195, 'capacity': 2, 'prepayment': 'NO', 'nonrefundable': 0, 'cancellation_period': 0, 'cancellation_fee': 'NO', 'breakfast': 0, 'base_price': 4800, 'prices': [4800], 'price': 4800, 'old_price': 4800, 'currency': 'RUB', 'payment_amount': 0, 'extras_variants': [], 'extras': [], 'rate_id': 19257, 'deals': [], 'cancellation_type': 'free', 'credit_card': 0, 'bonus': 240, 'miles': 288, 'min_stay': 1, 'platichastyami': 0, 'mircashback': 480}, {'id': '574194P', 'capacity': 1, 'prepayment': 'FULL', 'nonrefundable': 0, 'cancellation_period': 0, 'cancellation_fee': 'NO', 'breakfast': 0, 'base_price': 4800, 'prices': [4800], 'price': 4800, 'old_price': 4800, 'currency': 'RUB', 'payment_amount': 4800, 'extras_variants': [], 'extras': [], 'rate_id': 19257, 'deals': [], 'cancellation_type': 'free', 'credit_card': 0, 'bonus': 240, 'miles': 288, 'min_stay': 1, 'platichastyami': 0, 'mircashback': 480}, {'id': '574195P', 'capacity': 2, 'prepayment': 'FULL', 'nonrefundable': 0, 'cancellation_period': 0, 'cancellation_fee': 'NO', 'breakfast': 0, 'base_price': 4800, 'prices': [4800], 'price': 4800, 'old_price': 4800, 'currency': 'RUB', 'payment_amount': 4800, 'extras_variants': [], 'extras': [], 'rate_id': 19257, 'deals': [], 'cancellation_type': 'free', 'credit_card': 0, 'bonus': 240, 'miles': 288, 'min_stay': 1, 'platichastyami': 0, 'mircashback': 480}]",4800.0,288,14080_101hotels,2026-08-15
74039,,Улучшенный номер с 2 отдельными кроватями,2,0,0,1,Двухместный,2,6,[{'single': 2}],[],"[{'id': 574196, 'capacity': 1, 'prepayment': 'NO', 'nonrefundable': 0, 'cancellation_period': 0, 'cancellation_fee': 'NO', 'breakfast': 0, 'base_price': 4800, 'prices': [4800], 'price': 4800, 'old_price': 4800, 'currency': 'RUB', 'payment_amount': 0, 'extras_variants': [], 'extras': [], 'rate_id': 19257, 'deals': [], 'cancellation_type': 'free', 'credit_card': 0, 'bonus': 240, 'miles': 288, 'min_stay': 1, 'platichastyami': 0, 'mircashback': 480}, {'id': 574197, 'capacity': 2, 'prepayment': 'NO', 'nonrefundable': 0, 'cancellation_period': 0, 'cancellation_fee': 'NO', 'breakfast': 0, 'base_price': 4800, 'prices': [4800], 'price': 4800, 'old_price': 4800, 'currency': 'RUB', 'payment_amount': 0, 'extras_variants': [], 'extras': [], 'rate_id': 19257, 'deals': [], 'cancellation_type': 'free', 'credit_card': 0, 'bonus': 240, 'miles': 288, 'min_stay': 1, 'platichastyami': 0, 'mircashback': 480}, {'id': '574196P', 'capacity': 1, 'prepayment': 'FULL', 'nonrefundable': 0, 'cancellation_period': 0, 'cancellation_fee': 'NO', 'breakfast': 0, 'base_price': 4800, 'prices': [4800], 'price': 4800, 'old_price': 4800, 'currency': 'RUB', 'payment_amount': 4800, 'extras_variants': [], 'extras': [], 'rate_id': 19257, 'deals': [], 'cancellation_type': 'free', 'credit_card': 0, 'bonus': 240, 'miles': 288, 'min_stay': 1, 'platichastyami': 0, 'mircashback': 480}, {'id': '574197P', 'capacity': 2, 'prepayment': 'FULL', 'nonrefundable': 0, 'cancellation_period': 0, 'cancellation_fee': 'NO', 'breakfast': 0, 'base_price': 4800, 'prices': [4800], 'price': 4800, 'old_price': 4800, 'currency': 'RUB', 'payment_amount': 4800, 'extras_variants': [], 'extras': [], 'rate_id': 19257, 'deals': [], 'cancellation_type': 'free', 'credit_card': 0, 'bonus': 240, 'miles': 288, 'min_stay': 1, 'platichastyami': 0, 'mircashback': 480}]",4800.0,288,14080_101hotels,2026-08-15
74040,,Улучшенный номер,1,0,0,1,Одноместный,1,1,[{'double': 1}],"[{'id': '1064', 'number': '1', 'min_age': '0', 'max_age': '6', 'is_extra_bed': '0', 'extra_bed_type_id': '0'}]","[{'id': 574189, 'capacity': 1, 'prepayment': 'NO', 'nonrefundable': 0, 'cancellation_period': 0, 'cancellation_fee': 'NO', 'breakfast': 0, 'base_price': 4050, 'prices': [4050], 'price': 4050, 'old_price': 4050, 'currency': 'RUB', 'payment_amount': 0, 'extras_variants': [], 'extras': {'1064': {'id': 1064, 'number': 1, 'extra_bed_type_id': 0, 'age': [0, 6], 'extra_bed': 0, 'free': 1}}, 'rate_id': 19257, 'deals': [], 'cancellation_type': 'free', 'credit_card': 0, 'bonus': 203, 'miles': 243, 'min_stay': 1, 'platichastyami': 0, 'mircashback': 405}, {'id': '574189P', 'capacity': 1, 'prepayment': 'FULL', 'nonrefundable': 0, 'cancellation_period': 0, 'cancellation_fee': 'NO', 'breakfast': 0, 'base_price': 4050, 'prices': [4050], 'price': 4050, 'old_price': 4050, 'currency': 'RUB', 'payment_amount': 4050, 'extras_variants': [], 'extras': {'1064': {'id': 1064, 'number': 1, 'extra_bed_type_id': 0, 'age': [0, 6], 'extra_bed': 0, 'free': 1}}, 'rate_id': 19257, 'deals': [], 'cancellation_type': 'free', 'credit_card': 0, 'bonus': 203, 'miles': 243, 'min_stay': 1, 'platichastyami': 0, 'mircashback': 405}]",4050.0,243,14080_101hotels,2026-08-15
74041,,Стандарт премиум,2,0,0,1,Сюит,27,1,"[{'double': 1, 'sofa': 1}]",[],"[{'id': 574198, 'capacity': 1, 'prepayment': 'NO', 'nonrefundable': 0, 'cancellation_period': 0, 'cancellation_fee': 'NO', 'breakfast': 0, 'base_price': 6800, 'prices': [6800], 'price': 6800, 'old_price': 6800, 'currency': 'RUB', 'payment_amount': 0, 'extras_variants': [], 'extras': [], 'rate_id': 19257, 'deals': [], 'cancellation_type': 'free', 'credit_card': 0, 'bonus': 340, 'miles': 408, 'min_stay': 1, 'platichastyami': 0, 'mircashback': 680}, {'id': 574199, 'capacity': 2, 'prepayment': 'NO', 'nonrefundable': 0, 'cancellation_period': 0, 'cancellation_fee': 'NO', 'breakfast': 0, 'base_price': 6800, 'prices': [6800], 'price': 6800, 'old_price': 6800, 'currency': 'RUB', 'payment_amount': 0, 'extras_variants': [], 'extras': [], 'rate_id': 19257, 'deals': [], 'cancellation_type': 'free', 'credit_card': 0, 'bonus': 340, 'miles': 408, 'min_stay': 1, 'platichastyami': 0, 'mircashback': 680}, {'id': '574198P', 'capacity': 1, 'prepayment': 'FULL', 'nonrefundable': 0, 'cancellation_period': 0, 'cancellation_fee': 'NO', 'breakfast': 0, 'base_price': 6800, 'prices': [6800], 'price': 6800, 'old_price': 6800, 'currency': 'RUB', 'payment_amount': 6800, 'extras_variants': [], 'extras': [], 'rate_id': 19257, 'deals': [], 'cancellation_type': 'free', 'credit_card': 0, 'bonus': 340, 'miles': 408, 'min_stay': 1, 'platichastyami': 0, 'mircashback': 680}, {'id': '574199P', 'capacity': 2, 'prepayment': 'FULL', 'nonrefundable': 0, 'cancellation_period': 0, 'cancellation_fee': 'NO', 'breakfast': 0, 'base_price': 6800, 'prices': [6800], 'price': 6800, 'old_price': 6800, 'currency': 'RUB', 'payment_amount': 6800, 'extras_variants': [], 'extras': [], 'rate_id': 19257, 'deals': [], 'cancellation_type': 'free', 'credit_card': 0, 'bonus': 340, 'miles': 408, 'min_stay': 1, 'platichastyami': 0, 'mircashback': 680}]",6800.0,408,14080_101hotels,2026-08-15
5699,,Бизнес-Стандарт,1,0,0,1,Одноместный,1,10,[{'single': 1}],"[{'id': '32225', 'number': '1', 'min_age': '0', 'max_age': '7', 'is_extra_bed': '0', 'extra_bed_type_id': '0'}]","[{'id': 505518, 'capacity': 1, 'prepayment': 'NO', 'nonrefundable': 0, 'cancellation_period': 0, 'cancellation_fee': 'NO', 'breakfast': 0, 'base_price': 5750, 'prices': [5750], 'price': 5750, 'old_price': 0, 'currency': 'RUB', 'payment_amount': 0, 'extras_variants': [], 'extras': {'32225': {'id': 32225, 'number': 1, 'extra_bed_type_id': 0, 'age': [0, 7], 'extra_bed': 0, 'free': 1}}, 'rate_id': 14781, 'deals': [], 'cancellation_type': 'free', 'credit_card': 0, 'bonus': 288, 'miles': 345, 'min_stay': 1, 'platichastyami': 0, 'mircashback': 575}, {'id': 289365, 'capacity': 1, 'prepayment': 'NO', 'nonrefundable': 0, 'cancellation_period': 0, 'cancellation_fee': 'NO', 'breakfast': 6, 'base_price': 6000, 'prices': [6000], 'price': 6000, 'old_price': 0, 'currency': 'RUB', 'payment_amount': 0, 'extras_variants': [], 'extras': {'32225': {'id': 32225, 'number': 1, 'extra_bed_type_id': 0, 'age': [0, 7], 'extra_bed': 0, 'free': 1}}, 'rate_id': 1933, 'deals': [], 'cancellation_type': 'free', 'credit_card': 0, 'bonus': 300, 'miles': 360, 'min_stay': 1, 'platichastyami': 0, 'mircashback': 600}]",5750.0,345,220_101hotels,2026-08-15
5701,,Стандарт,1,0,0,1,Одноместный,1,9,[{'single': 1}],"[{'id': '32231', 'number': '1', 'min_age': '0', 'max_age': '7', 'is_extra_bed': '0', 'extra_bed_type_id': '0'}]","[{'id': 505519, 'capacity': 1, 'prepayment': 'NO', 'nonrefundable': 0, 'cancellation_period': 0, 'cancellation_fee': 'NO', 'breakfast': 0, 'base_price': 5250, 'prices': [5250], 'price': 5250, 'old_price': 0, 'currency': 'RUB', 'payment_amount': 0, 'extras_variants': [], 'extras': {'32231': {'id': 32231, 'number': 1, 'extra_bed_type_id': 0, 'age': [0, 7], 'extra_bed': 0, 'free': 1}}, 'rate_id': 14781, 'deals': [], 'cancellation_type': 'free', 'credit_card': 0, 'bonus': 263, 'miles': 315, 'min_stay': 1, 'platichastyami': 0, 'mircashback': 525}, {'id': 289354, 'capacity': 1, 'prepayment': 'NO', 'nonrefundable': 0, 'cancellation_period': 0, 'cancellation_fee': 'NO', 'breakfast': 6, 'base_price': 5500, 'prices': [5500], 'price': 5500, 'old_price': 0, 'currency': 'RUB', 'payment_amount': 0, 'extras_variants': [], 'extras': {'32231': {'id': 32231, 'number': 1, 'extra_bed_type_id': 0, 'age': [0, 7], 'extra_bed': 0, 'free': 1}}, 'rate_id': 1933, 'deals': [], 'cancellation_type': 'free', 'credit_card': 0, 'bonus': 275, 'miles': 330, 'min_stay': 1, 'platichastyami': 0, 'mircashback': 550}]",5250.0,315,220_101hotels,2026-08-15
5708,,Бизнес-Стандарт 2 кровати,2,0,0,1,Двухместный,2,18,[{'single': 2}],"[{'id': '32230', 'number': '1', 'min_age': '0', 'max_age': '7', 'is_extra_bed': '0', 'extra_bed_type_id': '0'}]","[{'id': 505520, 'capacity': 1, 'prepayment': 'NO', 'nonrefundable': 0, 'cancellation_period': 0, 'cancellation_fee': 'NO', 'breakfast': 0, 'base_price': 6650, 'prices': [6650], 'price': 6650, 'old_price': 0, 'currency': 'RUB', 'payment_amount': 0, 'extras_variants': [], 'extras': {'32230': {'id': 32230, 'number': 1, 'extra_bed_type_id': 0, 'age': [0, 7], 'extra_bed': 0, 'free': 1}}, 'rate_id': 14781, 'deals': [], 'cancellation_type': 'free', 'credit_card': 0, 'bonus': 333, 'miles': 399, 'min_stay': 1, 'platichastyami': 0, 'mircashback': 665}, {'id': 289355, 'capacity': 1, 'prepayment': 'NO', 'nonrefundable': 0, 'cancellation_period': 0, 'cancellation_fee': 'NO', 'breakfast': 6, 'base_price': 6900, 'prices': [6900], 'price': 6900, 'old_price': 0, 'currency': 'RUB', 'payment_amount': 0, 'extras_variants': [], 'extras': {'32230': {'id': 32230, 'number': 1, 'extra_bed_type_id': 0, 'age': [0, 7], 'extra_bed': 0, 'free': 1}}, 'rate_id': 1933, 'deals': [], 'cancellation_type': 'free', 'credit_card': 0, 'bonus': 345, 'miles': 414, 'min_stay': 1, 'platichastyami': 0, 'mircashback': 690}, {'id': 505521, 'capacity': 2, 'prepayment': 'NO', 'nonrefundable': 0, 'cancellation_period': 0, 'cancellation_fee': 'NO', 'breakfast': 0, 'base_price': 7200, 'prices': [7200], 'price': 7200, 'old_price': 0, 'currency': 'RUB', 'payment_amount': 0, 'extras_variants': [], 'extras': {'32230': {'id': 32230, 'number': 1, 'extra_bed_type_id': 0, 'age': [0, 7], 'extra_bed': 0, 'free': 1}}, 'rate_id': 14781, 'deals': [], 'cancellation_type': 'free', 'credit_card': 0, 'bonus': 360, 'miles': 432, 'min_stay': 1, 'platichastyami': 0, 'mircashback': 720}, {'id': 289356, 'capacity': 2, 'prepayment': 'NO', 'nonrefundable': 0, 'cancellation_period': 0, 'cancellation_fee': 'NO', 'breakfast': 6, 'base_price': 7700, 'prices': [7700], 'price': 7700, 'old_price': 0, 'currency': 'RUB', 'payment_amount': 0, 'extras_variants': [], 'extras': {'32230': {'id': 32230, 'number': 1, 'extra_bed_type_id': 0, 'age': [0, 7], 'extra_bed': 0, 'free': 1}}, 'rate_id': 1933, 'deals': [], 'cancellation_type': 'free', 'credit_card': 0, 'bonus': 385, 'miles': 462, 'min_stay': 1, 'platichastyami': 0, 'mircashback': 770}]",6650.0,399,220_101hotels,2026-08-15
5713,,Стандарт,2,0,0,1,Двухместный,2,11,[{'single': 2}],"[{'id': '32227', 'number': '1', 'min_age': '0', 'max_age': '7', 'is_extra_bed': '0', 'extra_bed_type_id': '0'}]","[{'id': 505522, 'capacity': 1, 'prepayment': 'NO', 'nonrefundable': 0, 'cancellation_period': 0, 'cancellation_fee': 'NO', 'breakfast': 0, 'base_price': 6050, 'prices': [6050], 'price': 6050, 'old_price': 0, 'currency': 'RUB', 'payment_amount': 0, 'extras_variants': [], 'extras': {'32227': {'id': 32227, 'number': 1, 'extra_bed_type_id': 0, 'age': [0, 7], 'extra_bed': 0, 'free': 1}}, 'rate_id': 14781, 'deals': [], 'cancellation_type': 'free', 'credit_card': 0, 'bonus': 303, 'miles': 363, 'min_stay': 1, 'platichastyami': 0, 'mircashback': 605}, {'id': 289357, 'capacity': 1, 'prepayment': 'NO', 'nonrefundable': 0, 'cancellation_period': 0, 'cancellation_fee': 'NO', 'breakfast': 6, 'base_price': 6300, 'prices': [6300], 'price': 6300, 'old_price': 0, 'currency': 'RUB', 'payment_amount': 0, 'extras_variants': [], 'extras': {'32227': {'id': 32227, 'number': 1, 'extra_bed_type_id': 0, 'age': [0, 7], 'extra_bed': 0, 'free': 1}}, 'rate_id': 1933, 'deals': [], 'cancellation_type': 'free', 'credit_card': 0, 'bonus': 315, 'miles': 378, 'min_stay': 1, 'platichastyami': 0, 'mircashback': 630}, {'id': 505523, 'capacity': 2, 'prepayment': 'NO', 'nonrefundable': 0, 'cancellation_period': 0, 'cancellation_fee': 'NO', 'breakfast': 0, 'base_price': 6600, 'prices': [6600], 'price': 6600, 'old_price': 0, 'currency': 'RUB', 'payment_amount': 0, 'extras_variants': [], 'extras': {'32227': {'id': 32227, 'number': 1, 'extra_bed_type_id': 0, 'age': [0, 7], 'extra_bed': 0, 'free': 1}}, 'rate_id': 14781, 'deals': [], 'cancellation_type': 'free', 'credit_card': 0, 'bonus': 330, 'miles': 396, 'min_stay': 1, 'platichastyami': 0, 'mircashback': 660}, {'id': 289358, 'capacity': 2, 'prepayment': 'NO', 'nonrefundable': 0, 'cancellation_period': 0, 'cancellation_fee': 'NO', 'breakfast': 6, 'base_price': 7100, 'prices': [7100], 'price': 7100, 'old_price': 0, 'currency': 'RUB', 'payment_amount': 0, 'extras_variants': [], 'extras': {'32227': {'id': 32227, 'number': 1, 'extra_bed_type_id': 0, 'age': [0, 7], 'extra_bed': 0, 'free': 1}}, 'rate_id': 1933, 'deals': [], 'cancellation_type': 'free', 'credit_card': 0, 'bonus': 355, 'miles': 426, 'min_stay': 1, 'platichastyami': 0, 'mircashback': 710}]",6050.0,363,220_101hotels,2026-08-15
5722,,Джуниор Сюит,2,1,0,1,Делюкс,29,9,[{'double': 1}],"[{'id': '32232', 'number': '1', 'min_age': '0', 'max_age': '7', 'is_extra_bed': '0', 'extra_bed_type_id': '0'}]","[{'id': 505528, 'capacity': 1, 'prepayment': 'NO', 'nonrefundable': 0, 'cancellation_period': 0, 'cancellation_fee': 'NO', 'breakfast': 0, 'base_price': 8850, 'prices': [8850], 'price': 8850, 'old_price': 0, 'currency': 'RUB', 'payment_amount': 0, 'extras_variants': [], 'extras': {'32232': {'id': 32232, 'number': 1, 'extra_bed_type_id': 0, 'age': [0, 7], 'extra_bed': 0, 'free': 1}}, 'rate_id': 14781, 'deals': [], 'cancellation_type': 'free', 'credit_card': 0, 'bonus': 443, 'miles': 531, 'min_stay': 1, 'platichastyami': 0, 'mircashback': 885}, {'id': 289363, 'capacity': 1, 'prepayment': 'NO', 'nonrefundable': 0, 'cancellation_period': 0, 'cancellation_fee': 'NO', 'breakfast': 6, 'base_price': 9100, 'prices': [9100], 'price': 9100, 'old_price': 0, 'currency': 'RUB', 'payment_amount': 0, 'extras_variants': [], 'extras': {'32232': {'id': 32232, 'number': 1, 'extra_bed_type_id': 0, 'age': [0, 7], 'extra_bed': 0, 'free': 1}}, 'rate_id': 1933, 'deals': [], 'cancellation_type': 'free', 'credit_card': 0, 'bonus': 455, 'miles': 546, 'min_stay': 1, 'platichastyami': 0, 'mircashback': 910}, {'id': 505529, 'capacity': 2, 'prepayment': 'NO', 'nonrefundable': 0, 'cancellation_period': 0, 'cancellation_fee': 'NO', 'breakfast': 0, 'base_price': 9600, 'prices': [9600], 'price': 9600, 'old_price': 0, 'currency': 'RUB', 'payment_amount': 0, 'extras_variants': [], 'extras': {'32232': {'id': 32232, 'number': 1, 'extra_bed_type_id': 0, 'age': [0, 7], 'extra_bed': 0, 'free': 1}}, 'rate_id': 14781, 'deals': [], 'cancellation_type': 'free', 'credit_card': 0, 'bonus': 480, 'miles': 576, 'min_stay': 1, 'platichastyami': 0, 'mircashback': 960}, {'id': 289364, 'capacity': 2, 'prepayment': 'NO', 'nonrefundable': 0, 'cancellation_period': 0, 'cancellation_fee': 'NO', 'breakfast': 6, 'base_price': 10100, 'prices': [10100], 'price': 10100, 'old_price': 0, 'currency': 'RUB', 'payment_amount': 0, 'extras_variants': [], 'extras': {'32232': {'id': 32232, 'number': 1, 'extra_bed_type_id': 0, 'age': [0, 7], 'extra_bed': 0, 'free': 1}}, 'rate_id': 1933, 'deals': [], 'cancellation_type': 'free', 'credit_card': 0, 'bonus': 505, 'miles': 606, 'min_stay': 1, 'platichastyami': 0, 'mircashback': 1010}]",8850.0,531,220_101hotels,2026-08-15
31429,,Бизнес Стандарт 1 кровать,2,0,0,1,Двухместный,2,15,[{'double': 1}],"[{'id': '32229', 'number': '1', 'min_age': '0', 'max_age': '7', 'is_extra_bed': '0', 'extra_bed_type_id': '0'}]","[{'id': 505524, 'capacity': 1, 'prepayment': 'NO', 'nonrefundable': 0, 'cancellation_period': 0, 'cancellation_fee': 'NO', 'breakfast': 0, 'base_price': 6650, 'prices': [6650], 'price': 6650, 'old_price': 0, 'currency': 'RUB', 'payment_amount': 0, 'extras_variants': [], 'extras': {'32229': {'id': 32229, 'number': 1, 'extra_bed_type_id': 0, 'age': [0, 7], 'extra_bed': 0, 'free': 1}}, 'rate_id': 14781, 'deals': [], 'cancellation_type': 'free', 'credit_card': 0, 'bonus': 333, 'miles': 399, 'min_stay': 1, 'platichastyami': 0, 'mircashback': 665}, {'id': 289359, 'capacity': 1, 'prepayment': 'NO', 'nonrefundable': 0, 'cancellation_period': 0, 'cancellation_fee': 'NO', 'breakfast': 6, 'base_price': 6900, 'prices': [6900], 'price': 6900, 'old_price': 0, 'currency': 'RUB', 'payment_amount': 0, 'extras_variants': [], 'extras': {'32229': {'id': 32229, 'number': 1, 'extra_bed_type_id': 0, 'age': [0, 7], 'extra_bed': 0, 'free': 1}}, 'rate_id': 1933, 'deals': [], 'cancellation_type': 'free', 'credit_card': 0, 'bonus': 345, 'miles': 414, 'min_stay': 1, 'platichastyami': 0, 'mircashback': 690}, {'id': 505525, 'capacity': 2, 'prepayment': 'NO', 'nonrefundable': 0, 'cancellation_period': 0, 'cancellation_fee': 'NO', 'breakfast': 0, 'base_price': 7200, 'prices': [7200], 'price': 7200, 'old_price': 0, 'currency': 'RUB', 'payment_amount': 0, 'extras_variants': [], 'extras': {'32229': {'id': 32229, 'number': 1, 'extra_bed_type_id': 0, 'age': [0, 7], 'extra_bed': 0, 'free': 1}}, 'rate_id': 14781, 'deals': [], 'cancellation_type': 'free', 'credit_card': 0, 'bonus': 360, 'miles': 432, 'min_stay': 1, 'platichastyami': 0, 'mircashback': 720}, {'id': 289360, 'capacity': 2, 'prepayment': 'NO', 'nonrefundable': 0, 'cancellation_period': 0, 'cancellation_fee': 'NO', 'breakfast': 6, 'base_price': 7700, 'prices': [7700], 'price': 7700, 'old_price': 0, 'currency': 'RUB', 'payment_amount': 0, 'extras_variants': [], 'extras': {'32229': {'id': 32229, 'number': 1, 'extra_bed_type_id': 0, 'age': [0, 7], 'extra_bed': 0, 'free': 1}}, 'rate_id': 1933, 'deals': [], 'cancellation_type': 'free', 'credit_card': 0, 'bonus': 385, 'miles': 462, 'min_stay': 1, 'platichastyami': 0, 'mircashback': 770}]",6650.0,399,220_101hotels,2026-08-15
31430,,,2,0,0,1,Люкс,6,1,[{'double': 1}],"[{'id': '32224', 'number': '1', 'min_age': '0', 'max_age': '7', 'is_extra_bed': '0', 'extra_bed_type_id': '0'}]","[{'id': 505526, 'capacity': 1, 'prepayment': 'NO', 'nonrefundable': 0, 'cancellation_period': 0, 'cancellation_fee': 'NO', 'breakfast': 0, 'base_price': 9850, 'prices': [9850], 'price': 9850, 'old_price': 0, 'currency': 'RUB', 'payment_amount': 0, 'extras_variants': [], 'extras': {'32224': {'id': 32224, 'number': 1, 'extra_bed_type_id': 0, 'age': [0, 7], 'extra_bed': 0, 'free': 1}}, 'rate_id': 14781, 'deals': [], 'cancellation_type': 'free', 'credit_card': 0, 'bonus': 493, 'miles': 591, 'min_stay': 1, 'platichastyami': 0, 'mircashback': 985}, {'id': 289361, 'capacity': 1, 'prepayment': 'NO', 'nonrefundable': 0, 'cancellation_period': 0, 'cancellation_fee': 'NO', 'breakfast': 6, 'base_price': 10100, 'prices': [10100], 'price': 10100, 'old_price': 0, 'currency': 'RUB', 'payment_amount': 0, 'extras_variants': [], 'extras': {'32224': {'id': 32224, 'number': 1, 'extra_bed_type_id': 0, 'age': [0, 7], 'extra_bed': 0, 'free': 1}}, 'rate_id': 1933, 'deals': [], 'cancellation_type': 'free', 'credit_card': 0, 'bonus': 505, 'miles': 606, 'min_stay': 1, 'platichastyami': 0, 'mircashback': 1010}, {'id': 505527, 'capacity': 2, 'prepayment': 'NO', 'nonrefundable': 0, 'cancellation_period': 0, 'cancellation_fee': 'NO', 'breakfast': 0, 'base_price': 10700, 'prices': [10700], 'price': 10700, 'old_price': 0, 'currency': 'RUB', 'payment_amount': 0, 'extras_variants': [], 'extras': {'32224': {'id': 32224, 'number': 1, 'extra_bed_type_id': 0, 'age': [0, 7], 'extra_bed': 0, 'free': 1}}, 'rate_id': 14781, 'deals': [], 'cancellation_type': 'free', 'credit_card': 0, 'bonus': 535, 'miles': 642, 'min_stay': 1, 'platichastyami': 0, 'mircashback': 1070}, {'id': 289362, 'capacity': 2, 'prepayment': 'NO', 'nonrefundable': 0, 'cancellation_period': 0, 'cancellation_fee': 'NO', 'breakfast': 6, 'base_price': 11200, 'prices': [11200], 'price': 11200, 'old_price': 0, 'currency': 'RUB', 'payment_amount': 0, 'extras_variants': [], 'extras': {'32224': {'id': 32224, 'number': 1, 'extra_bed_type_id': 0, 'age': [0, 7], 'extra_bed': 0, 'free': 1}}, 'rate_id': 1933, 'deals': [], 'cancellation_type': 'free', 'credit_card': 0, 'bonus': 560, 'miles': 672, 'min_stay': 1, 'platichastyami': 0, 'mircashback': 1120}]",9850.0,591,220_101hotels,2026-08-15
2311275,,,2,1,0,1,Люкс,6,2,"[{'double': 1, 'sofa': 1}]","[{'id': '34778', 'number': '1', 'min_age': '0', 'max_age': '18', 'is_extra_bed': '0', 'extra_bed_type_id': '0'}]","[{'id': 1140476, 'capacity': 1, 'prepayment': 'FULL', 'nonrefundable': 0, 'cancellation_period': 0, 'cancellation_fee': 'NO', 'breakfast': 6, 'base_price': 9100, 'prices': [9100], 'price': 9100, 'old_price': 9100, 'currency': 'RUB', 'payment_amount': 9100, 'extras_variants': [], 'extras': {'34778': {'id': 34778, 'number': 1, 'extra_bed_type_id': 0, 'age': [0, 18], 'extra_bed': 0, 'free': 1}}, 'rate_id': 16365, 'deals': [], 'cancellation_type': 'free', 'credit_card': 1, 'bonus': 455, 'miles': 546, 'min_stay': 1, 'platichastyami': 0, 'mircashback': 910}, {'id': 1140477, 'capacity': 2, 'prepayment': 'FULL', 'nonrefundable': 0, 'cancellation_period': 0, 'cancellation_fee': 'NO', 'breakfast': 6, 'base_price': 9100, 'prices': [9100], 'price': 9100, 'old_price': 9100, 'currency': 'RUB', 'payment_amount': 9100, 'extras_variants': [], 'extras': {'34778': {'id': 34778, 'number': 1, 'extra_bed_type_id': 0, 'age': [0, 18], 'extra_bed': 0, 'free': 1}}, 'rate_id': 16365, 'deals': [], 'cancellation_type': 'free', 'credit_card': 1, 'bonus': 455, 'miles': 546, 'min_stay': 1, 'platichastyami': 0, 'mircashback': 910}]",9100.0,546,2273_101hotels,2026-08-15
1870571,,"Улучшенный, С 1 кроватью или 2 отдельными кроватями",2,1,0,1,Полулюкс,4,2,"[{'single': 2}, {'double': 1}]",[],"[{'id': 251929, 'capacity': 1, 'prepayment': 'NO', 'nonrefundable': 0, 'cancellation_period': 0, 'cancellation_fee': 'NO', 'breakfast': 0, 'base_price': 10200, 'prices': [10200], 'price': 10200, 'old_price': 10200, 'currency': 'RUB', 'payment_amount': 0, 'extras_variants': [], 'extras': [], 'rate_id': 283, 'deals': [], 'cancellation_type': 'free', 'credit_card': 0, 'bonus': 510, 'miles': 612, 'min_stay': 1, 'platichastyami': 0, 'mircashback': 1020}, {'id': 251923, 'capacity': 1, 'prepayment': 'NO', 'nonrefundable': 0, 'cancellation_period': 0, 'cancellation_fee': 'NO', 'breakfast': 1, 'base_price': 11700, 'prices': [11700], 'price': 11700, 'old_price': 11700, 'currency': 'RUB', 'payment_amount': 0, 'extras_variants': [], 'extras': [], 'rate_id': 282, 'deals': [], 'cancellation_type': 'free', 'credit_card': 0, 'bonus': 585, 'miles': 702, 'min_stay': 1, 'platichastyami': 0, 'mircashback': 1170}, {'id': 251930, 'capacity': 2, 'prepayment': 'NO', 'nonrefundable': 0, 'cancellation_period': 0, 'cancellation_fee': 'NO', 'breakfast': 0, 'base_price': 11200, 'prices': [11200], 'price': 11200, 'old_price': 11200, 'currency': 'RUB', 'payment_amount': 0, 'extras_variants': [], 'extras': [], 'rate_id': 283, 'deals': [], 'cancellation_type': 'free', 'credit_card': 0, 'bonus': 560, 'miles': 672, 'min_stay': 1, 'platichastyami': 0, 'mircashback': 1120}, {'id': 251924, 'capacity': 2, 'prepayment': 'NO', 'nonrefundable': 0, 'cancellation_period': 0, 'cancellation_fee': 'NO', 'breakfast': 1, 'base_price': 14200, 'prices': [14200], 'price': 14200, 'old_price': 14200, 'currency': 'RUB', 'payment_amount': 0, 'extras_variants': [], 'extras': [], 'rate_id': 282, 'deals': [], 'cancellation_type': 'free', 'credit_card': 0, 'bonus': 710, 'miles': 852, 'min_stay': 1, 'platichastyami': 0, 'mircashback': 1420}, {'id': '251929P', 'capacity': 1, 'prepayment': 'FULL', 'nonrefundable': 0, 'cancellation_period': 0, 'cancellation_fee': 'NO', 'breakfast': 0, 'base_price': 10200, 'prices': [10200], 'price': 10200, 'old_price': 10200, 'currency': 'RUB', 'payment_amount': 10200, 'extras_variants': [], 'extras': [], 'rate_id': 283, 'deals': [], 'cancellation_type': 'free', 'credit_card': 0, 'bonus': 510, 'miles': 612, 'min_stay': 1, 'platichastyami': 0, 'mircashback': 1020}, {'id': '251923P', 'capacity': 1, 'prepayment': 'FULL', 'nonrefundable': 0, 'cancellation_period': 0, 'cancellation_fee': 'NO', 'breakfast': 1, 'base_price': 11700, 'prices': [11700], 'price': 11700, 'old_price': 11700, 'currency': 'RUB', 'payment_amount': 11700, 'extras_variants': [], 'extras': [], 'rate_id': 282, 'deals': [], 'cancellation_type': 'free', 'credit_card': 0, 'bonus': 585, 'miles': 702, 'min_stay': 1, 'platichastyami': 0, 'mircashback': 1170}, {'id': '251930P', 'capacity': 2, 'prepayment': 'FULL', 'nonrefundable': 0, 'cancellation_period': 0, 'cancellation_fee': 'NO', 'breakfast': 0, 'base_price': 11200, 'prices': [11200], 'price': 11200, 'old_price': 11200, 'currency': 'RUB', 'payment_amount': 11200, 'extras_variants': [], 'extras': [], 'rate_id': 283, 'deals': [], 'cancellation_type': 'free', 'credit_card': 0, 'bonus': 560, 'miles': 672, 'min_stay': 1, 'platichastyami': 0, 'mircashback': 1120}, {'id': '251924P', 'capacity': 2, 'prepayment': 'FULL', 'nonrefundable': 0, 'cancellation_period': 0, 'cancellation_fee': 'NO', 'breakfast': 1, 'base_price': 14200, 'prices': [14200], 'price': 14200, 'old_price': 14200, 'currency': 'RUB', 'payment_amount': 14200, 'extras_variants': [], 'extras': [], 'rate_id': 282, 'deals': [], 'cancellation_type': 'free', 'credit_card': 0, 'bonus': 710, 'miles': 852, 'min_stay': 1, 'platichastyami': 0, 'mircashback': 1420}]",10200.0,612,560072_101hotels,2026-08-15
2267497,,Deluxe View,2,1,0,1,Делюкс,29,1,"[{'single': 1, 'double': 2}]","[{'id': '7483', 'number': '1', 'min_age': '7', 'max_age': '18', 'is_extra_bed': '1', 'extra_bed_type_id': '3'}]","[{'id': 736116, 'capacity': 1, 'prepayment': 'NO', 'nonrefundable': 0, 'cancellation_period': 0, 'cancellation_fee': 'NO', 'breakfast': 0, 'base_price': 8200, 'prices': [8200], 'price': 8200, 'old_price': 8200, 'currency': 'RUB', 'payment_amount': 0, 'extras_variants': [], 'extras': {'7483': {'id': 7483, 'number': 1, 'extra_bed_type_id': 3, 'age': [7, 18], 'extra_bed': 1, 'free': 1}}, 'rate_id': 283, 'deals': [], 'cancellation_type': 'free', 'credit_card': 0, 'bonus': 410, 'miles': 492, 'min_stay': 1, 'platichastyami': 0, 'mircashback': 820}, {'id': 736114, 'capacity': 1, 'prepayment': 'NO', 'nonrefundable': 0, 'cancellation_period': 0, 'cancellation_fee': 'NO', 'breakfast': 1, 'base_price': 9700, 'prices': [9700], 'price': 9700, 'old_price': 9700, 'currency': 'RUB', 'payment_amount': 0, 'extras_variants': [], 'extras': {'7483': {'id': 7483, 'number': 1, 'extra_bed_type_id': 3, 'age': [7, 18], 'extra_bed': 1, 'free': 1}}, 'rate_id': 282, 'deals': [], 'cancellation_type': 'free', 'credit_card': 0, 'bonus': 485, 'miles': 582, 'min_stay': 1, 'platichastyami': 0, 'mircashback': 970}, {'id': 736117, 'capacity': 2, 'prepayment': 'NO', 'nonrefundable': 0, 'cancellation_period': 0, 'cancellation_fee': 'NO', 'breakfast': 0, 'base_price': 9200, 'prices': [9200], 'price': 9200, 'old_price': 9200, 'currency': 'RUB', 'payment_amount': 0, 'extras_variants': [], 'extras': {'7483': {'id': 7483, 'number': 1, 'extra_bed_type_id': 3, 'age': [7, 18], 'extra_bed': 1, 'free': 1}}, 'rate_id': 283, 'deals': [], 'cancellation_type': 'free', 'credit_card': 0, 'bonus': 460, 'miles': 552, 'min_stay': 1, 'platichastyami': 0, 'mircashback': 920}, {'id': 736115, 'capacity': 2, 'prepayment': 'NO', 'nonrefundable': 0, 'cancellation_period': 0, 'cancellation_fee': 'NO', 'breakfast': 1, 'base_price': 12200, 'prices': [12200], 'price': 12200, 'old_price': 12200, 'currency': 'RUB', 'payment_amount': 0, 'extras_variants': [], 'extras': {'7483': {'id': 7483, 'number': 1, 'extra_bed_type_id': 3, 'age': [7, 18], 'extra_bed': 1, 'free': 1}}, 'rate_id': 282, 'deals': [], 'cancellation_type': 'free', 'credit_card': 0, 'bonus': 610, 'miles': 732, 'min_stay': 1, 'platichastyami': 0, 'mircashback': 1220}, {'id': '736116P', 'capacity': 1, 'prepayment': 'FULL', 'nonrefundable': 0, 'cancellation_period': 0, 'cancellation_fee': 'NO', 'breakfast': 0, 'base_price': 8200, 'prices': [8200], 'price': 8200, 'old_price': 8200, 'currency': 'RUB', 'payment_amount': 8200, 'extras_variants': [], 'extras': {'7483': {'id': 7483, 'number': 1, 'extra_bed_type_id': 3, 'age': [7, 18], 'extra_bed': 1, 'free': 1}}, 'rate_id': 283, 'deals': [], 'cancellation_type': 'free', 'credit_card': 0, 'bonus': 410, 'miles': 492, 'min_stay': 1, 'platichastyami': 0, 'mircashback': 820}, {'id': '736114P', 'capacity': 1, 'prepayment': 'FULL', 'nonrefundable': 0, 'cancellation_period': 0, 'cancellation_fee': 'NO', 'breakfast': 1, 'base_price': 9700, 'prices': [9700], 'price': 9700, 'old_price': 9700, 'currency': 'RUB', 'payment_amount': 9700, 'extras_variants': [], 'extras': {'7483': {'id': 7483, 'number': 1, 'extra_bed_type_id': 3, 'age': [7, 18], 'extra_bed': 1, 'free': 1}}, 'rate_id': 282, 'deals': [], 'cancellation_type': 'free', 'credit_card': 0, 'bonus': 485, 'miles': 582, 'min_stay': 1, 'platichastyami': 0, 'mircashback': 970}, {'id': '736117P', 'capacity': 2, 'prepayment': 'FULL', 'nonrefundable': 0, 'cancellation_period': 0, 'cancellation_fee': 'NO', 'breakfast': 0, 'base_price': 9200, 'prices': [9200], 'price': 9200, 'old_price': 9200, 'currency': 'RUB', 'payment_amount': 9200, 'extras_variants': [], 'extras': {'7483': {'id': 7483, 'number': 1, 'extra_bed_type_id': 3, 'age': [7, 18], 'extra_bed': 1, 'free': 1}}, 'rate_id': 283, 'deals': [], 'cancellation_type': 'free', 'credit_card': 0, 'bonus': 460, 'miles': 552, 'min_stay': 1, 'platichastyami': 0, 'mircashback': 920}, {'id': '736115P', 'capacity': 2, 'prepayment': 'FULL', 'nonrefundable': 0, 'cancellation_period': 0, 'cancellation_fee': 'NO', 'breakfast': 1, 'base_price': 12200, 'prices': [12200], 'price': 12200, 'old_price': 12200, 'currency': 'RUB', 'payment_amount': 12200, 'extras_variants': [], 'extras': {'7483': {'id': 7483, 'number': 1, 'extra_bed_type_id': 3, 'age': [7, 18], 'extra_bed': 1, 'free': 1}}, 'rate_id': 282, 'deals': [], 'cancellation_type': 'free', 'credit_card': 0, 'bonus': 610, 'miles': 732, 'min_stay': 1, 'platichastyami': 0, 'mircashback': 1220}]",8200.0,492,560072_101hotels,2026-08-15
2286098,,Business Suite,2,2,0,1,Сюит,27,5,"[{'double': 1, 'sofa': 1}]","[{'id': '15506', 'number': '1', 'min_age': '0', 'max_age': '7', 'is_extra_bed': '0', 'extra_bed_type_id': '0'}]","[{'id': 922259, 'capacity': 1, 'prepayment': 'NO', 'nonrefundable': 0, 'cancellation_period': 0, 'cancellation_fee': 'NO', 'breakfast': 0, 'base_price': 12200, 'prices': [12200], 'price': 12200, 'old_price': 12200, 'currency': 'RUB', 'payment_amount': 0, 'extras_variants': [], 'extras': {'15506': {'id': 15506, 'number': 1, 'extra_bed_type_id': 0, 'age': [0, 7], 'extra_bed': 0, 'free': 1}}, 'rate_id': 283, 'deals': [], 'cancellation_type': 'free', 'credit_card': 0, 'bonus': 610, 'miles': 732, 'min_stay': 1, 'platichastyami': 0, 'mircashback': 1220}, {'id': 922257, 'capacity': 1, 'prepayment': 'NO', 'nonrefundable': 0, 'cancellation_period': 0, 'cancellation_fee': 'NO', 'breakfast': 1, 'base_price': 13700, 'prices': [13700], 'price': 13700, 'old_price': 13700, 'currency': 'RUB', 'payment_amount': 0, 'extras_variants': [], 'extras': {'15506': {'id': 15506, 'number': 1, 'extra_bed_type_id': 0, 'age': [0, 7], 'extra_bed': 0, 'free': 1}}, 'rate_id': 282, 'deals': [], 'cancellation_type': 'free', 'credit_card': 0, 'bonus': 685, 'miles': 822, 'min_stay': 1, 'platichastyami': 0, 'mircashback': 1370}, {'id': 922260, 'capacity': 2, 'prepayment': 'NO', 'nonrefundable': 0, 'cancellation_period': 0, 'cancellation_fee': 'NO', 'breakfast': 0, 'base_price': 13200, 'prices': [13200], 'price': 13200, 'old_price': 13200, 'currency': 'RUB', 'payment_amount': 0, 'extras_variants': [], 'extras': {'15506': {'id': 15506, 'number': 1, 'extra_bed_type_id': 0, 'age': [0, 7], 'extra_bed': 0, 'free': 1}}, 'rate_id': 283, 'deals': [], 'cancellation_type': 'free', 'credit_card': 0, 'bonus': 660, 'miles': 792, 'min_stay': 1, 'platichastyami': 0, 'mircashback': 1320}, {'id': 922258, 'capacity': 2, 'prepayment': 'NO', 'nonrefundable': 0, 'cancellation_period': 0, 'cancellation_fee': 'NO', 'breakfast': 1, 'base_price': 16200, 'prices': [16200], 'price': 16200, 'old_price': 16200, 'currency': 'RUB', 'payment_amount': 0, 'extras_variants': [], 'extras': {'15506': {'id': 15506, 'number': 1, 'extra_bed_type_id': 0, 'age': [0, 7], 'extra_bed': 0, 'free': 1}}, 'rate_id': 282, 'deals': [], 'cancellation_type': 'free', 'credit_card': 0, 'bonus': 810, 'miles': 972, 'min_stay': 1, 'platichastyami': 0, 'mircashback': 1620}, {'id': '922259P', 'capacity': 1, 'prepayment': 'FULL', 'nonrefundable': 0, 'cancellation_period': 0, 'cancellation_fee': 'NO', 'breakfast': 0, 'base_price': 12200, 'prices': [12200], 'price': 12200, 'old_price': 12200, 'currency': 'RUB', 'payment_amount': 12200, 'extras_variants': [], 'extras': {'15506': {'id': 15506, 'number': 1, 'extra_bed_type_id': 0, 'age': [0, 7], 'extra_bed': 0, 'free': 1}}, 'rate_id': 283, 'deals': [], 'cancellation_type': 'free', 'credit_card': 0, 'bonus': 610, 'miles': 732, 'min_stay': 1, 'platichastyami': 0, 'mircashback': 1220}, {'id': '922257P', 'capacity': 1, 'prepayment': 'FULL', 'nonrefundable': 0, 'cancellation_period': 0, 'cancellation_fee': 'NO', 'breakfast': 1, 'base_price': 13700, 'prices': [13700], 'price': 13700, 'old_price': 13700, 'currency': 'RUB', 'payment_amount': 13700, 'extras_variants': [], 'extras': {'15506': {'id': 15506, 'number': 1, 'extra_bed_type_id': 0, 'age': [0, 7], 'extra_bed': 0, 'free': 1}}, 'rate_id': 282, 'deals': [], 'cancellation_type': 'free', 'credit_card': 0, 'bonus': 685, 'miles': 822, 'min_stay': 1, 'platichastyami': 0, 'mircashback': 1370}, {'id': '922260P', 'capacity': 2, 'prepayment': 'FULL', 'nonrefundable': 0, 'cancellation_period': 0, 'cancellation_fee': 'NO', 'breakfast': 0, 'base_price': 13200, 'prices': [13200], 'price': 13200, 'old_price': 13200, 'currency': 'RUB', 'payment_amount': 13200, 'extras_variants': [], 'extras': {'15506': {'id': 15506, 'number': 1, 'extra_bed_type_id': 0, 'age': [0, 7], 'extra_bed': 0, 'free': 1}}, 'rate_id': 283, 'deals': [], 'cancellation_type': 'free', 'credit_card': 0, 'bonus': 660, 'miles': 792, 'min_stay': 1, 'platichastyami': 0, 'mircashback': 1320}, {'id': '922258P', 'capacity': 2, 'prepayment': 'FULL', 'nonrefundable': 0, 'cancellation_period': 0, 'cancellation_fee': 'NO', 'breakfast': 1, 'base_price': 16200, 'prices': [16200], 'price': 16200, 'old_price': 16200, 'currency': 'RUB', 'payment_amount': 16200, 'extras_variants': [], 'extras': {'15506': {'id': 15506, 'number': 1, 'extra_bed_type_id': 0, 'age': [0, 7], 'extra_bed': 0, 'free': 1}}, 'rate_id': 282, 'deals': [], 'cancellation_type': 'free', 'credit_card': 0, 'bonus': 810, 'miles': 972, 'min_stay': 1, 'platichastyami': 0, 'mircashback': 1620}]",12200.0,732,560072_101hotels,2026-08-15
2297021,,Grand Deluxe,2,1,0,1,Улучшенный,113,6,"[{'double': 1}, {'sofa': 1}]","[{'id': '19977', 'number': '1', 'min_age': '0', 'max_age': '7', 'is_extra_bed': '0', 'extra_bed_type_id': '0'}]","[{'id': 1016161, 'capacity': 1, 'prepayment': 'NO', 'nonrefundable': 0, 'cancellation_period': 0, 'cancellation_fee': 'NO', 'breakfast': 0, 'base_price': 9200, 'prices': [9200], 'price': 9200, 'old_price': 9200, 'currency': 'RUB', 'payment_amount': 0, 'extras_variants': [], 'extras': {'19977': {'id': 19977, 'number': 1, 'extra_bed_type_id': 0, 'age': [0, 7], 'extra_bed': 0, 'free': 1}}, 'rate_id': 283, 'deals': [], 'cancellation_type': 'free', 'credit_card': 0, 'bonus': 460, 'miles': 552, 'min_stay': 1, 'platichastyami': 0, 'mircashback': 920}, {'id': 1016159, 'capacity': 1, 'prepayment': 'NO', 'nonrefundable': 0, 'cancellation_period': 0, 'cancellation_fee': 'NO', 'breakfast': 1, 'base_price': 10700, 'prices': [10700], 'price': 10700, 'old_price': 10700, 'currency': 'RUB', 'payment_amount': 0, 'extras_variants': [], 'extras': {'19977': {'id': 19977, 'number': 1, 'extra_bed_type_id': 0, 'age': [0, 7], 'extra_bed': 0, 'free': 1}}, 'rate_id': 282, 'deals': [], 'cancellation_type': 'free', 'credit_card': 0, 'bonus': 535, 'miles': 642, 'min_stay': 1, 'platichastyami': 0, 'mircashback': 1070}, {'id': 1016162, 'capacity': 2, 'prepayment': 'NO', 'nonrefundable': 0, 'cancellation_period': 0, 'cancellation_fee': 'NO', 'breakfast': 0, 'base_price': 10200, 'prices': [10200], 'price': 10200, 'old_price': 10200, 'currency': 'RUB', 'payment_amount': 0, 'extras_variants': [], 'extras': {'19977': {'id': 19977, 'number': 1, 'extra_bed_type_id': 0, 'age': [0, 7], 'extra_bed': 0, 'free': 1}}, 'rate_id': 283, 'deals': [], 'cancellation_type': 'free', 'credit_card': 0, 'bonus': 510, 'miles': 612, 'min_stay': 1, 'platichastyami': 0, 'mircashback': 1020}, {'id': 1016160, 'capacity': 2, 'prepayment': 'NO', 'nonrefundable': 0, 'cancellation_period': 0, 'cancellation_fee': 'NO', 'breakfast': 1, 'base_price': 13200, 'prices': [13200], 'price': 13200, 'old_price': 13200, 'currency': 'RUB', 'payment_amount': 0, 'extras_variants': [], 'extras': {'19977': {'id': 19977, 'number': 1, 'extra_bed_type_id': 0, 'age': [0, 7], 'extra_bed': 0, 'free': 1}}, 'rate_id': 282, 'deals': [], 'cancellation_type': 'free', 'credit_card': 0, 'bonus': 660, 'miles': 792, 'min_stay': 1, 'platichastyami': 0, 'mircashback': 1320}, {'id': '1016161P', 'capacity': 1, 'prepayment': 'FULL', 'nonrefundable': 0, 'cancellation_period': 0, 'cancellation_fee': 'NO', 'breakfast': 0, 'base_price': 9200, 'prices': [9200], 'price': 9200, 'old_price': 9200, 'currency': 'RUB', 'payment_amount': 9200, 'extras_variants': [], 'extras': {'19977': {'id': 19977, 'number': 1, 'extra_bed_type_id': 0, 'age': [0, 7], 'extra_bed': 0, 'free': 1}}, 'rate_id': 283, 'deals': [], 'cancellation_type': 'free', 'credit_card': 0, 'bonus': 460, 'miles': 552, 'min_stay': 1, 'platichastyami': 0, 'mircashback': 920}, {'id': '1016159P', 'capacity': 1, 'prepayment': 'FULL', 'nonrefundable': 0, 'cancellation_period': 0, 'cancellation_fee': 'NO', 'breakfast': 1, 'base_price': 10700, 'prices': [10700], 'price': 10700, 'old_price': 10700, 'currency': 'RUB', 'payment_amount': 10700, 'extras_variants': [], 'extras': {'19977': {'id': 19977, 'number': 1, 'extra_bed_type_id': 0, 'age': [0, 7], 'extra_bed': 0, 'free': 1}}, 'rate_id': 282, 'deals': [], 'cancellation_type': 'free', 'credit_card': 0, 'bonus': 535, 'miles': 642, 'min_stay': 1, 'platichastyami': 0, 'mircashback': 1070}, {'id': '1016162P', 'capacity': 2, 'prepayment': 'FULL', 'nonrefundable': 0, 'cancellation_period': 0, 'cancellation_fee': 'NO', 'breakfast': 0, 'base_price': 10200, 'prices': [10200], 'price': 10200, 'old_price': 10200, 'currency': 'RUB', 'payment_amount': 10200, 'extras_variants': [], 'extras': {'19977': {'id': 19977, 'number': 1, 'extra_bed_type_id': 0, 'age': [0, 7], 'extra_bed': 0, 'free': 1}}, 'rate_id': 283, 'deals': [], 'cancellation_type': 'free', 'credit_card': 0, 'bonus': 510, 'miles': 612, 'min_stay': 1, 'platichastyami': 0, 'mircashback': 1020}, {'id': '1016160P', 'capacity': 2, 'prepayment': 'FULL', 'nonrefundable': 0, 'cancellation_period': 0, 'cancellation_fee': 'NO', 'breakfast': 1, 'base_price': 13200, 'prices': [13200], 'price': 13200, 'old_price': 13200, 'currency': 'RUB', 'payment_amount': 13200, 'extras_variants': [], 'extras': {'19977': {'id': 19977, 'number': 1, 'extra_bed_type_id': 0, 'age': [0, 7], 'extra_bed': 0, 'free': 1}}, 'rate_id': 282, 'deals': [], 'cancellation_type': 'free', 'credit_card': 0, 'bonus': 660, 'miles': 792, 'min_stay': 1, 'platichastyami': 0, 'mircashback': 1320}]",9200.0,552,560072_101hotels,2026-08-15
70634,,Джуниор Сьют,2,1,0,1,Двухместный,2,6,[{'double': 1}],[],"[{'id': 680190, 'capacity': 1, 'prepayment': 'NO', 'nonrefundable': 0, 'cancellation_period': 0, 'cancellation_fee': 'NO', 'breakfast': 0, 'base_price': 8855, 'prices': [8855], 'price': 7969.5, 'old_price': 0, 'currency': 'RUB', 'payment_amount': 0, 'extras_variants': [], 'extras': [], 'rate_id': 27028, 'deals': ['BASE'], 'cancellation_type': 'free', 'credit_card': 0, 'bonus': 398, 'miles': 477, 'min_stay': 1, 'platichastyami': 0, 'mircashback': 797}, {'id': 643047, 'capacity': 1, 'prepayment': 'FIRST', 'nonrefundable': 0, 'cancellation_period': 0, 'cancellation_fee': 'NO', 'breakfast': 1, 'base_price': 9240, 'prices': [9240], 'price': 8316, 'old_price': 0, 'currency': 'RUB', 'payment_amount': 9240, 'extras_variants': [], 'extras': [], 'rate_id': 24319, 'deals': ['BASE'], 'cancellation_type': 'free', 'credit_card': 1, 'bonus': 416, 'miles': 498, 'min_stay': 1, 'platichastyami': 0, 'mircashback': 832}, {'id': 680191, 'capacity': 2, 'prepayment': 'NO', 'nonrefundable': 0, 'cancellation_period': 0, 'cancellation_fee': 'NO', 'breakfast': 0, 'base_price': 9790, 'prices': [9790], 'price': 8811, 'old_price': 0, 'currency': 'RUB', 'payment_amount': 0, 'extras_variants': [], 'extras': [], 'rate_id': 27028, 'deals': ['BASE'], 'cancellation_type': 'free', 'credit_card': 0, 'bonus': 441, 'miles': 528, 'min_stay': 1, 'platichastyami': 0, 'mircashback': 881}, {'id': 643048, 'capacity': 2, 'prepayment': 'FIRST', 'nonrefundable': 0, 'cancellation_period': 0, 'cancellation_fee': 'NO', 'breakfast': 1, 'base_price': 10560, 'prices': [10560], 'price': 9504, 'old_price': 0, 'currency': 'RUB', 'payment_amount': 10560, 'extras_variants': [], 'extras': [], 'rate_id': 24319, 'deals': ['BASE'], 'cancellation_type': 'free', 'credit_card': 1, 'bonus': 475, 'miles': 570, 'min_stay': 1, 'platichastyami': 0, 'mircashback': 950}]",7969.5,477,13173_101hotels,2026-08-15
70635,,Стандарт,2,0,0,1,Двухместный,2,18,[{'single': 2}],[],"[{'id': 680192, 'capacity': 1, 'prepayment': 'NO', 'nonrefundable': 0, 'cancellation_period': 0, 'cancellation_fee': 'NO', 'breakfast': 0, 'base_price': 7205, 'prices': [7205], 'price': 6484.5, 'old_price': 0, 'currency': 'RUB', 'payment_amount': 0, 'extras_variants': [], 'extras': [], 'rate_id': 27028, 'deals': ['BASE'], 'cancellation_type': 'free', 'credit_card': 0, 'bonus': 324, 'miles': 387, 'min_stay': 1, 'platichastyami': 0, 'mircashback': 648}, {'id': 643049, 'capacity': 1, 'prepayment': 'FIRST', 'nonrefundable': 0, 'cancellation_period': 0, 'cancellation_fee': 'NO', 'breakfast': 1, 'base_price': 7590, 'prices': [7590], 'price': 6831, 'old_price': 0, 'currency': 'RUB', 'payment_amount': 7590, 'extras_variants': [], 'extras': [], 'rate_id': 24319, 'deals': ['BASE'], 'cancellation_type': 'free', 'credit_card': 1, 'bonus': 342, 'miles': 408, 'min_stay': 1, 'platichastyami': 0, 'mircashback': 683}, {'id': 680193, 'capacity': 2, 'prepayment': 'NO', 'nonrefundable': 0, 'cancellation_period': 0, 'cancellation_fee': 'NO', 'breakfast': 0, 'base_price': 8140, 'prices': [8140], 'price': 7326, 'old_price': 0, 'currency': 'RUB', 'payment_amount': 0, 'extras_variants': [], 'extras': [], 'rate_id': 27028, 'deals': ['BASE'], 'cancellation_type': 'free', 'credit_card': 0, 'bonus': 366, 'miles': 438, 'min_stay': 1, 'platichastyami': 0, 'mircashback': 733}, {'id': 643050, 'capacity': 2, 'prepayment': 'FIRST', 'nonrefundable': 0, 'cancellation_period': 0, 'cancellation_fee': 'NO', 'breakfast': 1, 'base_price': 8910, 'prices': [8910], 'price': 8019, 'old_price': 0, 'currency': 'RUB', 'payment_amount': 8910, 'extras_variants': [], 'extras': [], 'rate_id': 24319, 'deals': ['BASE'], 'cancellation_type': 'free', 'credit_card': 1, 'bonus': 401, 'miles': 480, 'min_stay': 1, 'platichastyami': 0, 'mircashback': 802}]",6484.5,387,13173_101hotels,2026-08-15
70636,,Представительский,2,2,0,1,Люкс,6,5,[{'double': 1}],"[{'id': '6030', 'number': '1', 'min_age': '6', 'max_age': '18', 'is_extra_bed': '0', 'extra_bed_type_id': '0'}]","[{'id': 680198, 'capacity': 1, 'prepayment': 'NO', 'nonrefundable': 0, 'cancellation_period': 0, 'cancellation_fee': 'NO', 'breakfast': 0, 'base_price': 14465, 'prices': [14465], 'price': 13018.5, 'old_price': 0, 'currency': 'RUB', 'payment_amount': 0, 'extras_variants': [], 'extras': {'6030': {'id': 6030, 'number': 1, 'extra_bed_type_id': 0, 'age': [6, 18], 'extra_bed': 0, 'free': 1}}, 'rate_id': 27028, 'deals': ['BASE'], 'cancellation_type': 'free', 'credit_card': 0, 'bonus': 651, 'miles': 780, 'min_stay': 1, 'platichastyami': 0, 'mircashback': 1302}, {'id': 643055, 'capacity': 1, 'prepayment': 'FIRST', 'nonrefundable': 0, 'cancellation_period': 0, 'cancellation_fee': 'NO', 'breakfast': 1, 'base_price': 14850, 'prices': [14850], 'price': 13365, 'old_price': 0, 'currency': 'RUB', 'payment_amount': 14850, 'extras_variants': [], 'extras': {'6030': {'id': 6030, 'number': 1, 'extra_bed_type_id': 0, 'age': [6, 18], 'extra_bed': 0, 'free': 1}}, 'rate_id': 24319, 'deals': ['BASE'], 'cancellation_type': 'free', 'credit_card': 1, 'bonus': 668, 'miles': 801, 'min_stay': 1, 'platichastyami': 0, 'mircashback': 1337}, {'id': 680199, 'capacity': 2, 'prepayment': 'NO', 'nonrefundable': 0, 'cancellation_period': 0, 'cancellation_fee': 'NO', 'breakfast': 0, 'base_price': 15400, 'prices': [15400], 'price': 13860, 'old_price': 0, 'currency': 'RUB', 'payment_amount': 0, 'extras_variants': [], 'extras': {'6030': {'id': 6030, 'number': 1, 'extra_bed_type_id': 0, 'age': [6, 18], 'extra_bed': 0, 'free': 1}}, 'rate_id': 27028, 'deals': ['BASE'], 'cancellation_type': 'free', 'credit_card': 0, 'bonus': 693, 'miles': 831, 'min_stay': 1, 'platichastyami': 0, 'mircashback': 1386}, {'id': 643056, 'capacity': 2, 'prepayment': 'FIRST', 'nonrefundable': 0, 'cancellation_period': 0, 'cancellation_fee': 'NO', 'breakfast': 1, 'base_price': 16170, 'prices': [16170], 'price': 14553, 'old_price': 0, 'currency': 'RUB', 'payment_amount': 16170, 'extras_variants': [], 'extras': {'6030': {'id': 6030, 'number': 1, 'extra_bed_type_id': 0, 'age': [6, 18], 'extra_bed': 0, 'free': 1}}, 'rate_id': 24319, 'deals': ['BASE'], 'cancellation_type': 'free', 'credit_card': 1, 'bonus': 728, 'miles': 873, 'min_stay': 1, 'platichastyami': 0, 'mircashback': 1455}]",13018.5,780,13173_101hotels,2026-08-15
70637,,Президентский,2,2,0,1,Люкс,6,5,[{'double': 1}],[],"[{'id': 680200, 'capacity': 1, 'prepayment': 'NO', 'nonrefundable': 0, 'cancellation_period': 0, 'cancellation_fee': 'NO', 'breakfast': 0, 'base_price': 15565, 'prices': [15565], 'price': 14008.5, 'old_price': 0, 'currency': 'RUB', 'payment_amount': 0, 'extras_variants': [], 'extras': [], 'rate_id': 27028, 'deals': ['BASE'], 'cancellation_type': 'free', 'credit_card': 0, 'bonus': 700, 'miles': 840, 'min_stay': 1, 'platichastyami': 0, 'mircashback': 1401}, {'id': 643057, 'capacity': 1, 'prepayment': 'FIRST', 'nonrefundable': 0, 'cancellation_period': 0, 'cancellation_fee': 'NO', 'breakfast': 1, 'base_price': 15950, 'prices': [15950], 'price': 14355, 'old_price': 0, 'currency': 'RUB', 'payment_amount': 15950, 'extras_variants': [], 'extras': [], 'rate_id': 24319, 'deals': ['BASE'], 'cancellation_type': 'free', 'credit_card': 1, 'bonus': 718, 'miles': 861, 'min_stay': 1, 'platichastyami': 0, 'mircashback': 1436}, {'id': 680201, 'capacity': 2, 'prepayment': 'NO', 'nonrefundable': 0, 'cancellation_period': 0, 'cancellation_fee': 'NO', 'breakfast': 0, 'base_price': 16500, 'prices': [16500], 'price': 14850, 'old_price': 0, 'currency': 'RUB', 'payment_amount': 0, 'extras_variants': [], 'extras': [], 'rate_id': 27028, 'deals': ['BASE'], 'cancellation_type': 'free', 'credit_card': 0, 'bonus': 743, 'miles': 891, 'min_stay': 1, 'platichastyami': 0, 'mircashback': 1485}, {'id': 643058, 'capacity': 2, 'prepayment': 'FIRST', 'nonrefundable': 0, 'cancellation_period': 0, 'cancellation_fee': 'NO', 'breakfast': 1, 'base_price': 17270, 'prices': [17270], 'price': 15543, 'old_price': 0, 'currency': 'RUB', 'payment_amount': 17270, 'extras_variants': [], 'extras': [], 'rate_id': 24319, 'deals': ['BASE'], 'cancellation_type': 'free', 'credit_card': 1, 'bonus': 777, 'miles': 930, 'min_stay': 1, 'platichastyami': 0, 'mircashback': 1554}]",14008.5,840,13173_101hotels,2026-08-15
72267,,Супериор,2,1,0,1,Двухместный,2,19,[{'single': 2}],[],"[{'id': 680194, 'capacity': 1, 'prepayment': 'NO', 'nonrefundable': 0, 'cancellation_period': 0, 'cancellation_fee': 'NO', 'breakfast': 0, 'base_price': 8305, 'prices': [8305], 'price': 7474.5, 'old_price': 0, 'currency': 'RUB', 'payment_amount': 0, 'extras_variants': [], 'extras': [], 'rate_id': 27028, 'deals': ['BASE'], 'cancellation_type': 'free', 'credit_card': 0, 'bonus': 374, 'miles': 447, 'min_stay': 1, 'platichastyami': 0, 'mircashback': 747}, {'id': 643051, 'capacity': 1, 'prepayment': 'FIRST', 'nonrefundable': 0, 'cancellation_period': 0, 'cancellation_fee': 'NO', 'breakfast': 1, 'base_price': 8690, 'prices': [8690], 'price': 7821, 'old_price': 0, 'currency': 'RUB', 'payment_amount': 8690, 'extras_variants': [], 'extras': [], 'rate_id': 24319, 'deals': ['BASE'], 'cancellation_type': 'free', 'credit_card': 1, 'bonus': 391, 'miles': 468, 'min_stay': 1, 'platichastyami': 0, 'mircashback': 782}, {'id': 680195, 'capacity': 2, 'prepayment': 'NO', 'nonrefundable': 0, 'cancellation_period': 0, 'cancellation_fee': 'NO', 'breakfast': 0, 'base_price': 9240, 'prices': [9240], 'price': 8316, 'old_price': 0, 'currency': 'RUB', 'payment_amount': 0, 'extras_variants': [], 'extras': [], 'rate_id': 27028, 'deals': ['BASE'], 'cancellation_type': 'free', 'credit_card': 0, 'bonus': 416, 'miles': 498, 'min_stay': 1, 'platichastyami': 0, 'mircashback': 832}, {'id': 643052, 'capacity': 2, 'prepayment': 'FIRST', 'nonrefundable': 0, 'cancellation_period': 0, 'cancellation_fee': 'NO', 'breakfast': 1, 'base_price': 10010, 'prices': [10010], 'price': 9009, 'old_price': 0, 'currency': 'RUB', 'payment_amount': 10010, 'extras_variants': [], 'extras': [], 'rate_id': 24319, 'deals': ['BASE'], 'cancellation_type': 'free', 'credit_card': 1, 'bonus': 450, 'miles': 540, 'min_stay': 1, 'platichastyami': 0, 'mircashback': 901}]",7474.5,447,13173_101hotels,2026-08-15
123237,,Cтандарт +,2,0,0,1,Двухместный,2,8,[{'single': 2}],[],"[{'id': 680196, 'capacity': 1, 'prepayment': 'NO', 'nonrefundable': 0, 'cancellation_period': 0, 'cancellation_fee': 'NO', 'breakfast': 0, 'base_price': 7755, 'prices': [7755], 'price': 6979.5, 'old_price': 0, 'currency': 'RUB', 'payment_amount': 0, 'extras_variants': [], 'extras': [], 'rate_id': 27028, 'deals': ['BASE'], 'cancellation_type': 'free', 'credit_card': 0, 'bonus': 349, 'miles': 417, 'min_stay': 1, 'platichastyami': 0, 'mircashback': 698}, {'id': 643053, 'capacity': 1, 'prepayment': 'FIRST', 'nonrefundable': 0, 'cancellation_period': 0, 'cancellation_fee': 'NO', 'breakfast': 1, 'base_price': 8140, 'prices': [8140], 'price': 7326, 'old_price': 0, 'currency': 'RUB', 'payment_amount': 8140, 'extras_variants': [], 'extras': [], 'rate_id': 24319, 'deals': ['BASE'], 'cancellation_type': 'free', 'credit_card': 1, 'bonus': 366, 'miles': 438, 'min_stay': 1, 'platichastyami': 0, 'mircashback': 733}, {'id': 680197, 'capacity': 2, 'prepayment': 'NO', 'nonrefundable': 0, 'cancellation_period': 0, 'cancellation_fee': 'NO', 'breakfast': 0, 'base_price': 8690, 'prices': [8690], 'price': 7821, 'old_price': 0, 'currency': 'RUB', 'payment_amount': 0, 'extras_variants': [], 'extras': [], 'rate_id': 27028, 'deals': ['BASE'], 'cancellation_type': 'free', 'credit_card': 0, 'bonus': 391, 'miles': 468, 'min_stay': 1, 'platichastyami': 0, 'mircashback': 782}, {'id': 643054, 'capacity': 2, 'prepayment': 'FIRST', 'nonrefundable': 0, 'cancellation_period': 0, 'cancellation_fee': 'NO', 'breakfast': 1, 'base_price': 9460, 'prices': [9460], 'price': 8514, 'old_price': 0, 'currency': 'RUB', 'payment_amount': 9460, 'extras_variants': [], 'extras': [], 'rate_id': 24319, 'deals': ['BASE'], 'cancellation_type': 'free', 'credit_card': 1, 'bonus': 426, 'miles': 510, 'min_stay': 1, 'platichastyami': 0, 'mircashback': 851}]",6979.5,417,13173_101hotels,2026-08-15
5740,,Стандартный Первой категории,2,1,0,1,Двухместный,2,8,"[{'single': 2}, {'double': 1}]",[],"[{'id': 264885, 'capacity': 1, 'prepayment': 'NO', 'nonrefundable': 0, 'cancellation_period': 0, 'cancellation_fee': 'NO', 'breakfast': 1, 'base_price': 4600, 'prices': [4600], 'price': 4600, 'old_price': 0, 'currency': 'RUB', 'payment_amount': 0, 'extras_variants': [], 'extras': [], 'rate_id': 861, 'deals': [], 'cancellation_type': 'free', 'credit_card': 0, 'bonus': 230, 'miles': 276, 'min_stay': 1, 'platichastyami': 0, 'mircashback': 460}, {'id': 540945, 'capacity': 1, 'prepayment': 'NO', 'nonrefundable': 0, 'cancellation_period': 0, 'cancellation_fee': 'NO', 'breakfast': 3, 'base_price': 6100, 'prices': [6100], 'price': 6100, 'old_price': 0, 'currency': 'RUB', 'payment_amount': 0, 'extras_variants': [], 'extras': [], 'rate_id': 16985, 'deals': [], 'cancellation_type': 'free', 'credit_card': 0, 'bonus': 305, 'miles': 366, 'min_stay': 1, 'platichastyami': 0, 'mircashback': 610}, {'id': 264886, 'capacity': 2, 'prepayment': 'NO', 'nonrefundable': 0, 'cancellation_period': 0, 'cancellation_fee': 'NO', 'breakfast': 1, 'base_price': 5400, 'prices': [5400], 'price': 5400, 'old_price': 0, 'currency': 'RUB', 'payment_amount': 0, 'extras_variants': [], 'extras': [], 'rate_id': 861, 'deals': [], 'cancellation_type': 'free', 'credit_card': 0, 'bonus': 270, 'miles': 324, 'min_stay': 1, 'platichastyami': 0, 'mircashback': 540}, {'id': 540946, 'capacity': 2, 'prepayment': 'NO', 'nonrefundable': 0, 'cancellation_period': 0, 'cancellation_fee': 'NO', 'breakfast': 3, 'base_price': 7800, 'prices': [7800], 'price': 7800, 'old_price': 0, 'currency': 'RUB', 'payment_amount': 0, 'extras_variants': [], 'extras': [], 'rate_id': 16985, 'deals': [], 'cancellation_type': 'free', 'credit_card': 0, 'bonus': 390, 'miles': 468, 'min_stay': 1, 'platichastyami': 0, 'mircashback': 780}]",4600.0,276,222_101hotels,2026-08-15
21257,,Стандарт,3,0,0,1,Трехместный,37,2,[{'single': 3}],"[{'id': '27697', 'number': '1', 'min_age': '1', 'max_age': '5', 'is_extra_bed': '0', 'extra_bed_type_id': '0'}]","[{'id': 1051942, 'capacity': 1, 'prepayment': 'FIRST', 'nonrefundable': 0, 'cancellation_period': 1, 'cancellation_fee': 'FIRST', 'breakfast': 1, 'base_price': 3400, 'prices': [3400], 'price': 3400, 'old_price': 3400, 'currency': 'RUB', 'payment_amount': 3400, 'extras_variants': [], 'extras': {'27697': {'id': 27697, 'number': 1, 'extra_bed_type_id': 0, 'age': [1, 5], 'extra_bed': 0, 'free': 1}}, 'rate_id': 51374, 'deals': [], 'cancellation_type': 'special', 'credit_card': 1, 'bonus': 170, 'miles': 204, 'min_stay': 1, 'platichastyami': 0, 'mircashback': 340}, {'id': 246940, 'capacity': 1, 'prepayment': 'FIRST', 'nonrefundable': 0, 'cancellation_period': 1, 'cancellation_fee': 'FIRST', 'breakfast': 0, 'base_price': 4000, 'prices': [4000], 'price': 4000, 'old_price': 4000, 'currency': 'RUB', 'payment_amount': 4000, 'extras_variants': [], 'extras': {'27697': {'id': 27697, 'number': 1, 'extra_bed_type_id': 0, 'age': [1, 5], 'extra_bed': 0, 'free': 1}}, 'rate_id': 116, 'deals': [], 'cancellation_type': 'special', 'credit_card': 1, 'bonus': 200, 'miles': 240, 'min_stay': 1, 'platichastyami': 0, 'mircashback': 400}, {'id': 1051943, 'capacity': 2, 'prepayment': 'FIRST', 'nonrefundable': 0, 'cancellation_period': 1, 'cancellation_fee': 'FIRST', 'breakfast': 1, 'base_price': 3800, 'prices': [3800], 'price': 3800, 'old_price': 3800, 'currency': 'RUB', 'payment_amount': 3800, 'extras_variants': [], 'extras': {'27697': {'id': 27697, 'number': 1, 'extra_bed_type_id': 0, 'age': [1, 5], 'extra_bed': 0, 'free': 1}}, 'rate_id': 51374, 'deals': [], 'cancellation_type': 'special', 'credit_card': 1, 'bonus': 190, 'miles': 228, 'min_stay': 1, 'platichastyami': 0, 'mircashback': 380}, {'id': 246941, 'capacity': 2, 'prepayment': 'FIRST', 'nonrefundable': 0, 'cancellation_period': 1, 'cancellation_fee': 'FIRST', 'breakfast': 0, 'base_price': 4000, 'prices': [4000], 'price': 4000, 'old_price': 4000, 'currency': 'RUB', 'payment_amount': 4000, 'extras_variants': [], 'extras': {'27697': {'id': 27697, 'number': 1, 'extra_bed_type_id': 0, 'age': [1, 5], 'extra_bed': 0, 'free': 1}}, 'rate_id': 116, 'deals': [], 'cancellation_type': 'special', 'credit_card': 1, 'bonus': 200, 'miles': 240, 'min_stay': 1, 'platichastyami': 0, 'mircashback': 400}, {'id': 246942, 'capacity': 3, 'prepayment': 'FIRST', 'nonrefundable': 0, 'cancellation_period': 1, 'cancellation_fee': 'FIRST', 'breakfast': 0, 'base_price': 4000, 'prices': [4000], 'price': 4000, 'old_price': 4000, 'currency': 'RUB', 'payment_amount': 4000, 'extras_variants': [], 'extras': {'27697': {'id': 27697, 'number': 1, 'extra_bed_type_id': 0, 'age': [1, 5], 'extra_bed': 0, 'free': 1}}, 'rate_id': 116, 'deals': [], 'cancellation_type': 'special', 'credit_card': 1, 'bonus': 200, 'miles': 240, 'min_stay': 1, 'platichastyami': 0, 'mircashback': 400}, {'id': 1051944, 'capacity': 3, 'prepayment': 'FIRST', 'nonrefundable': 0, 'cancellation_period': 1, 'cancellation_fee': 'FIRST', 'breakfast': 1, 'base_price': 4900, 'prices': [4900], 'price': 4900, 'old_price': 4900, 'currency': 'RUB', 'payment_amount': 4900, 'extras_variants': [], 'extras': {'27697': {'id': 27697, 'number': 1, 'extra_bed_type_id': 0, 'age': [1, 5], 'extra_bed': 0, 'free': 1}}, 'rate_id': 51374, 'deals': [], 'cancellation_type': 'special', 'credit_card': 1, 'bonus': 245, 'miles': 294, 'min_stay': 1, 'platichastyami': 0, 'mircashback': 490}]",3400.0,204,4398_101hotels,2026-08-15
21258,,Стандарт Твин,2,0,0,1,Двухместный,2,2,"[{'single': 2}, {'double': 1}]","[{'id': '36773', 'number': '1', 'min_age': '1', 'max_age': '5', 'is_extra_bed': '0', 'extra_bed_type_id': '0'}]","[{'id': 246928, 'capacity': 1, 'prepayment': 'FIRST', 'nonrefundable': 0, 'cancellation_period': 1, 'cancellation_fee': 'FIRST', 'breakfast': 0, 'base_price': 3500, 'prices': [3500], 'price': 3500, 'old_price': 3500, 'currency': 'RUB', 'payment_amount': 3500, 'extras_variants': [], 'extras': {'36773': {'id': 36773, 'number': 1, 'extra_bed_type_id': 0, 'age': [1, 5], 'extra_bed': 0, 'free': 1}}, 'rate_id': 116, 'deals': [], 'cancellation_type': 'special', 'credit_card': 1, 'bonus': 175, 'miles': 210, 'min_stay': 1, 'platichastyami': 0, 'mircashback': 350}, {'id': 1051934, 'capacity': 1, 'prepayment': 'FIRST', 'nonrefundable': 0, 'cancellation_period': 1, 'cancellation_fee': 'FIRST', 'breakfast': 1, 'base_price': 4100, 'prices': [4100], 'price': 4100, 'old_price': 4100, 'currency': 'RUB', 'payment_amount': 4100, 'extras_variants': [], 'extras': {'36773': {'id': 36773, 'number': 1, 'extra_bed_type_id': 0, 'age': [1, 5], 'extra_bed': 0, 'free': 1}}, 'rate_id': 51374, 'deals': [], 'cancellation_type': 'special', 'credit_card': 1, 'bonus': 205, 'miles': 246, 'min_stay': 1, 'platichastyami': 0, 'mircashback': 410}, {'id': 246929, 'capacity': 2, 'prepayment': 'FIRST', 'nonrefundable': 0, 'cancellation_period': 1, 'cancellation_fee': 'FIRST', 'breakfast': 0, 'base_price': 3500, 'prices': [3500], 'price': 3500, 'old_price': 3500, 'currency': 'RUB', 'payment_amount': 3500, 'extras_variants': [], 'extras': {'36773': {'id': 36773, 'number': 1, 'extra_bed_type_id': 0, 'age': [1, 5], 'extra_bed': 0, 'free': 1}}, 'rate_id': 116, 'deals': [], 'cancellation_type': 'special', 'credit_card': 1, 'bonus': 175, 'miles': 210, 'min_stay': 1, 'platichastyami': 0, 'mircashback': 350}, {'id': 1051935, 'capacity': 2, 'prepayment': 'FIRST', 'nonrefundable': 0, 'cancellation_period': 1, 'cancellation_fee': 'FIRST', 'breakfast': 1, 'base_price': 4100, 'prices': [4100], 'price': 4100, 'old_price': 4100, 'currency': 'RUB', 'payment_amount': 4100, 'extras_variants': [], 'extras': {'36773': {'id': 36773, 'number': 1, 'extra_bed_type_id': 0, 'age': [1, 5], 'extra_bed': 0, 'free': 1}}, 'rate_id': 51374, 'deals': [], 'cancellation_type': 'special', 'credit_card': 1, 'bonus': 205, 'miles': 246, 'min_stay': 1, 'platichastyami': 0, 'mircashback': 410}]",3500.0,210,4398_101hotels,2026-08-15
27383,,Эконом Твин,2,0,0,0,Двухместный,2,2,[{'single': 2}],"[{'id': '51072', 'number': '1', 'min_age': '1', 'max_age': '5', 'is_extra_bed': '0', 'extra_bed_type_id': '0'}]","[{'id': 246930, 'capacity': 1, 'prepayment': 'FIRST', 'nonrefundable': 0, 'cancellation_period': 1, 'cancellation_fee': 'FIRST', 'breakfast': 0, 'base_price': 2500, 'prices': [2500], 'price': 2500, 'old_price': 2500, 'currency': 'RUB', 'payment_amount': 2500, 'extras_variants': [], 'extras': {'51072': {'id': 51072, 'number': 1, 'extra_bed_type_id': 0, 'age': [1, 5], 'extra_bed': 0, 'free': 1}}, 'rate_id': 116, 'deals': [], 'cancellation_type': 'special', 'credit_card': 1, 'bonus': 125, 'miles': 150, 'min_stay': 1, 'platichastyami': 0, 'mircashback': 250}, {'id': 246931, 'capacity': 2, 'prepayment': 'FIRST', 'nonrefundable': 0, 'cancellation_period': 1, 'cancellation_fee': 'FIRST', 'breakfast': 0, 'base_price': 2500, 'prices': [2500], 'price': 2500, 'old_price': 2500, 'currency': 'RUB', 'payment_amount': 2500, 'extras_variants': [], 'extras': {'51072': {'id': 51072, 'number': 1, 'extra_bed_type_id': 0, 'age': [1, 5], 'extra_bed': 0, 'free': 1}}, 'rate_id': 116, 'deals': [], 'cancellation_type': 'special', 'credit_card': 1, 'bonus': 125, 'miles': 150, 'min_stay': 1, 'platichastyami': 0, 'mircashback': 250}]",2500.0,150,4398_101hotels,2026-08-15
1263836,,Стандарт Макси,2,0,0,1,Двухместный,2,6,"[{'single': 2}, {'single': 2}]","[{'id': '36771', 'number': '1', 'min_age': '1', 'max_age': '5', 'is_extra_bed': '0', 'extra_bed_type_id': '0'}]","[{'id': 246932, 'capacity': 1, 'prepayment': 'FIRST', 'nonrefundable': 0, 'cancellation_period': 1, 'cancellation_fee': 'FIRST', 'breakfast': 0, 'base_price': 4100, 'prices': [4100], 'price': 4100, 'old_price': 4100, 'currency': 'RUB', 'payment_amount': 4100, 'extras_variants': [], 'extras': {'36771': {'id': 36771, 'number': 1, 'extra_bed_type_id': 0, 'age': [1, 5], 'extra_bed': 0, 'free': 1}}, 'rate_id': 116, 'deals': [], 'cancellation_type': 'special', 'credit_card': 1, 'bonus': 205, 'miles': 246, 'min_stay': 1, 'platichastyami': 0, 'mircashback': 410}, {'id': 1051936, 'capacity': 1, 'prepayment': 'FIRST', 'nonrefundable': 0, 'cancellation_period': 1, 'cancellation_fee': 'FIRST', 'breakfast': 1, 'base_price': 4700, 'prices': [4700], 'price': 4700, 'old_price': 4700, 'currency': 'RUB', 'payment_amount': 4700, 'extras_variants': [], 'extras': {'36771': {'id': 36771, 'number': 1, 'extra_bed_type_id': 0, 'age': [1, 5], 'extra_bed': 0, 'free': 1}}, 'rate_id': 51374, 'deals': [], 'cancellation_type': 'special', 'credit_card': 1, 'bonus': 235, 'miles': 282, 'min_stay': 1, 'platichastyami': 0, 'mircashback': 470}, {'id': 246933, 'capacity': 2, 'prepayment': 'FIRST', 'nonrefundable': 0, 'cancellation_period': 1, 'cancellation_fee': 'FIRST', 'breakfast': 0, 'base_price': 4100, 'prices': [4100], 'price': 4100, 'old_price': 4100, 'currency': 'RUB', 'payment_amount': 4100, 'extras_variants': [], 'extras': {'36771': {'id': 36771, 'number': 1, 'extra_bed_type_id': 0, 'age': [1, 5], 'extra_bed': 0, 'free': 1}}, 'rate_id': 116, 'deals': [], 'cancellation_type': 'special', 'credit_card': 1, 'bonus': 205, 'miles': 246, 'min_stay': 1, 'platichastyami': 0, 'mircashback': 410}, {'id': 1051937, 'capacity': 2, 'prepayment': 'FIRST', 'nonrefundable': 0, 'cancellation_period': 1, 'cancellation_fee': 'FIRST', 'breakfast': 1, 'base_price': 4700, 'prices': [4700], 'price': 4700, 'old_price': 4700, 'currency': 'RUB', 'payment_amount': 4700, 'extras_variants': [], 'extras': {'36771': {'id': 36771, 'number': 1, 'extra_bed_type_id': 0, 'age': [1, 5], 'extra_bed': 0, 'free': 1}}, 'rate_id': 51374, 'deals': [], 'cancellation_type': 'special', 'credit_card': 1, 'bonus': 235, 'miles': 282, 'min_stay': 1, 'platichastyami': 0, 'mircashback': 470}]",4100.0,246,4398_101hotels,2026-08-15
1820873,,Эконом,4,0,0,1,Четырехместный,34,1,[{'single': 4}],"[{'id': '27692', 'number': '1', 'min_age': '1', 'max_age': '5', 'is_extra_bed': '0', 'extra_bed_type_id': '0'}]","[{'id': 246936, 'capacity': 1, 'prepayment': 'FIRST', 'nonrefundable': 0, 'cancellation_period': 1, 'cancellation_fee': 'FIRST', 'breakfast': 0, 'base_price': 1200, 'prices': [1200], 'price': 1200, 'old_price': 1200, 'currency': 'RUB', 'payment_amount': 1200, 'extras_variants': [], 'extras': {'27692': {'id': 27692, 'number': 1, 'extra_bed_type_id': 0, 'age': [1, 5], 'extra_bed': 0, 'free': 1}}, 'rate_id': 116, 'deals': [], 'cancellation_type': 'special', 'credit_card': 1, 'bonus': 60, 'miles': 72, 'min_stay': 1, 'platichastyami': 0, 'mircashback': 120}, {'id': 246937, 'capacity': 2, 'prepayment': 'FIRST', 'nonrefundable': 0, 'cancellation_period': 1, 'cancellation_fee': 'FIRST', 'breakfast': 0, 'base_price': 2400, 'prices': [2400], 'price': 2400, 'old_price': 2400, 'currency': 'RUB', 'payment_amount': 2400, 'extras_variants': [], 'extras': {'27692': {'id': 27692, 'number': 1, 'extra_bed_type_id': 0, 'age': [1, 5], 'extra_bed': 0, 'free': 1}}, 'rate_id': 116, 'deals': [], 'cancellation_type': 'special', 'credit_card': 1, 'bonus': 120, 'miles': 144, 'min_stay': 1, 'platichastyami': 0, 'mircashback': 240}, {'id': 246938, 'capacity': 3, 'prepayment': 'FIRST', 'nonrefundable': 0, 'cancellation_period': 1, 'cancellation_fee': 'FIRST', 'breakfast': 0, 'base_price': 3600, 'prices': [3600], 'price': 3600, 'old_price': 3600, 'currency': 'RUB', 'payment_amount': 3600, 'extras_variants': [], 'extras': {'27692': {'id': 27692, 'number': 1, 'extra_bed_type_id': 0, 'age': [1, 5], 'extra_bed': 0, 'free': 1}}, 'rate_id': 116, 'deals': [], 'cancellation_type': 'special', 'credit_card': 1, 'bonus': 180, 'miles': 216, 'min_stay': 1, 'platichastyami': 0, 'mircashback': 360}, {'id': 246939, 'capacity': 4, 'prepayment': 'FIRST', 'nonrefundable': 0, 'cancellation_period': 1, 'cancellation_fee': 'FIRST', 'breakfast': 0, 'base_price': 4800, 'prices': [4800], 'price': 4800, 'old_price': 4800, 'currency': 'RUB', 'payment_amount': 4800, 'extras_variants': [], 'extras': {'27692': {'id': 27692, 'number': 1, 'extra_bed_type_id': 0, 'age': [1, 5], 'extra_bed': 0, 'free': 1}}, 'rate_id': 116, 'deals': [], 'cancellation_type': 'special', 'credit_card': 1, 'bonus': 240, 'miles': 288, 'min_stay': 1, 'platichastyami': 0, 'mircashback': 480}]",1200.0,72,4398_101hotels,2026-08-15
1822610,,Стандарт Мини,2,0,0,1,Двухместный,2,2,[{'single': 1}],"[{'id': '27694', 'number': '1', 'min_age': '1', 'max_age': '5', 'is_extra_bed': '0', 'extra_bed_type_id': '0'}]","[{'id': 246943, 'capacity': 1, 'prepayment': 'FIRST', 'nonrefundable': 0, 'cancellation_period': 1, 'cancellation_fee': 'FIRST', 'breakfast': 0, 'base_price': 2500, 'prices': [2500], 'price': 2500, 'old_price': 2500, 'currency': 'RUB', 'payment_amount': 2500, 'extras_variants': [], 'extras': {'27694': {'id': 27694, 'number': 1, 'extra_bed_type_id': 0, 'age': [1, 5], 'extra_bed': 0, 'free': 1}}, 'rate_id': 116, 'deals': [], 'cancellation_type': 'special', 'credit_card': 1, 'bonus': 125, 'miles': 150, 'min_stay': 1, 'platichastyami': 0, 'mircashback': 250}, {'id': 1051938, 'capacity': 1, 'prepayment': 'FIRST', 'nonrefundable': 0, 'cancellation_period': 1, 'cancellation_fee': 'FIRST', 'breakfast': 1, 'base_price': 2800, 'prices': [2800], 'price': 2800, 'old_price': 2800, 'currency': 'RUB', 'payment_amount': 2800, 'extras_variants': [], 'extras': {'27694': {'id': 27694, 'number': 1, 'extra_bed_type_id': 0, 'age': [1, 5], 'extra_bed': 0, 'free': 1}}, 'rate_id': 51374, 'deals': [], 'cancellation_type': 'special', 'credit_card': 1, 'bonus': 140, 'miles': 168, 'min_stay': 1, 'platichastyami': 0, 'mircashback': 280}, {'id': 246944, 'capacity': 2, 'prepayment': 'FIRST', 'nonrefundable': 0, 'cancellation_period': 1, 'cancellation_fee': 'FIRST', 'breakfast': 0, 'base_price': 2500, 'prices': [2500], 'price': 2500, 'old_price': 2500, 'currency': 'RUB', 'payment_amount': 2500, 'extras_variants': [], 'extras': {'27694': {'id': 27694, 'number': 1, 'extra_bed_type_id': 0, 'age': [1, 5], 'extra_bed': 0, 'free': 1}}, 'rate_id': 116, 'deals': [], 'cancellation_type': 'special', 'credit_card': 1, 'bonus': 125, 'miles': 150, 'min_stay': 1, 'platichastyami': 0, 'mircashback': 250}, {'id': 1051939, 'capacity': 2, 'prepayment': 'FIRST', 'nonrefundable': 0, 'cancellation_period': 1, 'cancellation_fee': 'FIRST', 'breakfast': 1, 'base_price': 2800, 'prices': [2800], 'price': 2800, 'old_price': 2800, 'currency': 'RUB', 'payment_amount': 2800, 'extras_variants': [], 'extras': {'27694': {'id': 27694, 'number': 1, 'extra_bed_type_id': 0, 'age': [1, 5], 'extra_bed': 0, 'free': 1}}, 'rate_id': 51374, 'deals': [], 'cancellation_type': 'special', 'credit_card': 1, 'bonus': 140, 'miles': 168, 'min_stay': 1, 'platichastyami': 0, 'mircashback': 280}]",2500.0,150,4398_101hotels,2026-08-15
1567289,,Стандартный номер с 2 отдельными кроватями,2,0,0,1,Двухместный,2,1,"[{'single': 2}, {'single': 1}]","[{'id': '34012', 'number': '2', 'min_age': '1', 'max_age': '12', 'is_extra_bed': '0', 'extra_bed_type_id': '0'}]","[{'id': 521478, 'capacity': 1, 'prepayment': 'FIRST', 'nonrefundable': 0, 'cancellation_period': 1, 'cancellation_fee': 'FIRST', 'breakfast': 0, 'base_price': 3200, 'prices': [3200], 'price': 3200, 'old_price': 3200, 'currency': 'RUB', 'payment_amount': 3200, 'extras_variants': [], 'extras': {'34012': {'id': 34012, 'number': 2, 'extra_bed_type_id': 0, 'age': [1, 12], 'extra_bed': 0, 'free': 1}}, 'rate_id': 15769, 'deals': [], 'cancellation_type': 'special', 'credit_card': 1, 'bonus': 160, 'miles': 192, 'min_stay': 1, 'platichastyami': 0, 'mircashback': 320}, {'id': 521479, 'capacity': 2, 'prepayment': 'FIRST', 'nonrefundable': 0, 'cancellation_period': 1, 'cancellation_fee': 'FIRST', 'breakfast': 0, 'base_price': 4500, 'prices': [4500], 'price': 4500, 'old_price': 4500, 'currency': 'RUB', 'payment_amount': 4500, 'extras_variants': [], 'extras': {'34012': {'id': 34012, 'number': 2, 'extra_bed_type_id': 0, 'age': [1, 12], 'extra_bed': 0, 'free': 1}}, 'rate_id': 15769, 'deals': [], 'cancellation_type': 'special', 'credit_card': 1, 'bonus': 225, 'miles': 270, 'min_stay': 1, 'platichastyami': 0, 'mircashback': 450}]",3200.0,192,485325_101hotels,2026-08-15
2298981,,Семейный номер повышенной комфортности,4,0,0,1,Четырехместный,34,1,"[{'single': 2, 'double': 1, 'sofa': 1}]","[{'id': '33232', 'number': '1', 'min_age': '0', 'max_age': '2', 'is_extra_bed': '0', 'extra_bed_type_id': '0'}]","[{'id': 1031233, 'capacity': 1, 'prepayment': 'FIRST', 'nonrefundable': 0, 'cancellation_period': 1, 'cancellation_fee': 'FIRST', 'breakfast': 0, 'base_price': 6000, 'prices': [6000], 'price': 6000, 'old_price': 6000, 'currency': 'RUB', 'payment_amount': 6000, 'extras_variants': [], 'extras': {'33232': {'id': 33232, 'number': 1, 'extra_bed_type_id': 0, 'age': [0, 2], 'extra_bed': 0, 'free': 1}}, 'rate_id': 15769, 'deals': [], 'cancellation_type': 'special', 'credit_card': 1, 'bonus': 300, 'miles': 360, 'min_stay': 1, 'platichastyami': 0, 'mircashback': 600}, {'id': 1031234, 'capacity': 2, 'prepayment': 'FIRST', 'nonrefundable': 0, 'cancellation_period': 1, 'cancellation_fee': 'FIRST', 'breakfast': 0, 'base_price': 7000, 'prices': [7000], 'price': 7000, 'old_price': 7000, 'currency': 'RUB', 'payment_amount': 7000, 'extras_variants': [], 'extras': {'33232': {'id': 33232, 'number': 1, 'extra_bed_type_id': 0, 'age': [0, 2], 'extra_bed': 0, 'free': 1}}, 'rate_id': 15769, 'deals': [], 'cancellation_type': 'special', 'credit_card': 1, 'bonus': 350, 'miles': 420, 'min_stay': 1, 'platichastyami': 0, 'mircashback': 700}, {'id': 1031235, 'capacity': 3, 'prepayment': 'FIRST', 'nonrefundable': 0, 'cancellation_period': 1, 'cancellation_fee': 'FIRST', 'breakfast': 0, 'base_price': 8000, 'prices': [8000], 'price': 8000, 'old_price': 8000, 'currency': 'RUB', 'payment_amount': 8000, 'extras_variants': [], 'extras': {'33232': {'id': 33232, 'number': 1, 'extra_bed_type_id': 0, 'age': [0, 2], 'extra_bed': 0, 'free': 1}}, 'rate_id': 15769, 'deals': [], 'cancellation_type': 'special', 'credit_card': 1, 'bonus': 400, 'miles': 480, 'min_stay': 1, 'platichastyami': 0, 'mircashback': 800}, {'id': 1031236, 'capacity': 4, 'prepayment': 'FIRST', 'nonrefundable': 0, 'cancellation_period': 1, 'cancellation_fee': 'FIRST', 'breakfast': 0, 'base_price': 8000, 'prices': [8000], 'price': 8000, 'old_price': 8000, 'currency': 'RUB', 'payment_amount': 8000, 'extras_variants': [], 'extras': {'33232': {'id': 33232, 'number': 1, 'extra_bed_type_id': 0, 'age': [0, 2], 'extra_bed': 0, 'free': 1}}, 'rate_id': 15769, 'deals': [], 'cancellation_type': 'special', 'credit_card': 1, 'bonus': 400, 'miles': 480, 'min_stay': 1, 'platichastyami': 0, 'mircashback': 800}]",6000.0,360,485325_101hotels,2026-08-15
2250993,,Стандарт,2,1,0,1,Двухместный,2,3,[{'double': 1}],"[{'id': '13542', 'number': '1', 'min_age': '0', 'max_age': '8', 'is_extra_bed': '0', 'extra_bed_type_id': '0'}]","[{'id': 597114, 'capacity': 1, 'prepayment': 'NO', 'nonrefundable': 0, 'cancellation_period': 0, 'cancellation_fee': 'NO', 'breakfast': 0, 'base_price': 4800, 'prices': [4800], 'price': 4800, 'old_price': 4800, 'currency': 'RUB', 'payment_amount': 0, 'extras_variants': [], 'extras': {'13542': {'id': 13542, 'number': 1, 'extra_bed_type_id': 0, 'age': [0, 8], 'extra_bed': 0, 'free': 1}}, 'rate_id': 20949, 'deals': [], 'cancellation_type': 'free', 'credit_card': 0, 'bonus': 240, 'miles': 288, 'min_stay': 1, 'platichastyami': 0, 'mircashback': 480}, {'id': 597115, 'capacity': 2, 'prepayment': 'NO', 'nonrefundable': 0, 'cancellation_period': 0, 'cancellation_fee': 'NO', 'breakfast': 0, 'base_price': 4800, 'prices': [4800], 'price': 4800, 'old_price': 4800, 'currency': 'RUB', 'payment_amount': 0, 'extras_variants': [], 'extras': {'13542': {'id': 13542, 'number': 1, 'extra_bed_type_id': 0, 'age': [0, 8], 'extra_bed': 0, 'free': 1}}, 'rate_id': 20949, 'deals': [], 'cancellation_type': 'free', 'credit_card': 0, 'bonus': 240, 'miles': 288, 'min_stay': 1, 'platichastyami': 0, 'mircashback': 480}]",4800.0,288,658204_101hotels,2026-08-15
2250995,,,4,1,0,1,Семейный,44,1,"[{'double': 1, 'sofa': 1}]","[{'id': '13541', 'number': '1', 'min_age': '0', 'max_age': '7', 'is_extra_bed': '0', 'extra_bed_type_id': '0'}]","[{'id': 597187, 'capacity': 1, 'prepayment': 'NO', 'nonrefundable': 0, 'cancellation_period': 0, 'cancellation_fee': 'NO', 'breakfast': 0, 'base_price': 6980, 'prices': [6980], 'price': 6980, 'old_price': 6980, 'currency': 'RUB', 'payment_amount': 0, 'extras_variants': [], 'extras': {'13541': {'id': 13541, 'number': 1, 'extra_bed_type_id': 0, 'age': [0, 7], 'extra_bed': 0, 'free': 1}}, 'rate_id': 20949, 'deals': [], 'cancellation_type': 'free', 'credit_card': 0, 'bonus': 349, 'miles': 417, 'min_stay': 1, 'platichastyami': 0, 'mircashback': 698}, {'id': 597188, 'capacity': 2, 'prepayment': 'NO', 'nonrefundable': 0, 'cancellation_period': 0, 'cancellation_fee': 'NO', 'breakfast': 0, 'base_price': 6980, 'prices': [6980], 'price': 6980, 'old_price': 6980, 'currency': 'RUB', 'payment_amount': 0, 'extras_variants': [], 'extras': {'13541': {'id': 13541, 'number': 1, 'extra_bed_type_id': 0, 'age': [0, 7], 'extra_bed': 0, 'free': 1}}, 'rate_id': 20949, 'deals': [], 'cancellation_type': 'free', 'credit_card': 0, 'bonus': 349, 'miles': 417, 'min_stay': 1, 'platichastyami': 0, 'mircashback': 698}, {'id': 597189, 'capacity': 3, 'prepayment': 'NO', 'nonrefundable': 0, 'cancellation_period': 0, 'cancellation_fee': 'NO', 'breakfast': 0, 'base_price': 6980, 'prices': [6980], 'price': 6980, 'old_price': 6980, 'currency': 'RUB', 'payment_amount': 0, 'extras_variants': [], 'extras': {'13541': {'id': 13541, 'number': 1, 'extra_bed_type_id': 0, 'age': [0, 7], 'extra_bed': 0, 'free': 1}}, 'rate_id': 20949, 'deals': [], 'cancellation_type': 'free', 'credit_card': 0, 'bonus': 349, 'miles': 417, 'min_stay': 1, 'platichastyami': 0, 'mircashback': 698}, {'id': 597190, 'capacity': 4, 'prepayment': 'NO', 'nonrefundable': 0, 'cancellation_period': 0, 'cancellation_fee': 'NO', 'breakfast': 0, 'base_price': 6980, 'prices': [6980], 'price': 6980, 'old_price': 6980, 'currency': 'RUB', 'payment_amount': 0, 'extras_variants': [], 'extras': {'13541': {'id': 13541, 'number': 1, 'extra_bed_type_id': 0, 'age': [0, 7], 'extra_bed': 0, 'free': 1}}, 'rate_id': 20949, 'deals': [], 'cancellation_type': 'free', 'credit_card': 0, 'bonus': 349, 'miles': 417, 'min_stay': 1, 'platichastyami': 0, 'mircashback': 698}]",6980.0,417,658204_101hotels,2026-08-15
602834,,Стандарт с двумя раздельными кроватями,2,0,0,1,Двухместный,2,1,[{'single': 2}],[],"[{'id': 663182, 'capacity': 1, 'prepayment': 'FIRST', 'nonrefundable': 0, 'cancellation_period': 2, 'cancellation_fee': 'FIRST', 'breakfast': 0, 'base_price': 4420, 'prices': [4420], 'price': 4420, 'old_price': 0, 'currency': 'RUB', 'payment_amount': 4420, 'extras_variants': [], 'extras': [], 'rate_id': 25839, 'deals': [], 'cancellation_type': 'special', 'credit_card': 1, 'bonus': 221, 'miles': 264, 'min_stay': 1, 'platichastyami': 0, 'mircashback': 442}, {'id': 663183, 'capacity': 2, 'prepayment': 'FIRST', 'nonrefundable': 0, 'cancellation_period': 2, 'cancellation_fee': 'FIRST', 'breakfast': 0, 'base_price': 4420, 'prices': [4420], 'price': 4420, 'old_price': 0, 'currency': 'RUB', 'payment_amount': 4420, 'extras_variants': [], 'extras': [], 'rate_id': 25839, 'deals': [], 'cancellation_type': 'special', 'credit_card': 1, 'bonus': 221, 'miles': 264, 'min_stay': 1, 'platichastyami': 0, 'mircashback': 442}]",4420.0,264,189360_101hotels,2026-08-15
602836,,,3,0,0,1,Люкс,6,2,[{'double': 1}],[],"[{'id': 663187, 'capacity': 1, 'prepayment': 'FIRST', 'nonrefundable': 0, 'cancellation_period': 2, 'cancellation_fee': 'FIRST', 'breakfast': 0, 'base_price': 7680, 'prices': [7680], 'price': 7680, 'old_price': 0, 'currency': 'RUB', 'payment_amount': 7680, 'extras_variants': [], 'extras': [], 'rate_id': 25839, 'deals': [], 'cancellation_type': 'special', 'credit_card': 1, 'bonus': 384, 'miles': 459, 'min_stay': 1, 'platichastyami': 0, 'mircashback': 768}, {'id': 663188, 'capacity': 2, 'prepayment': 'FIRST', 'nonrefundable': 0, 'cancellation_period': 2, 'cancellation_fee': 'FIRST', 'breakfast': 0, 'base_price': 7680, 'prices': [7680], 'price': 7680, 'old_price': 0, 'currency': 'RUB', 'payment_amount': 7680, 'extras_variants': [], 'extras': [], 'rate_id': 25839, 'deals': [], 'cancellation_type': 'special', 'credit_card': 1, 'bonus': 384, 'miles': 459, 'min_stay': 1, 'platichastyami': 0, 'mircashback': 768}, {'id': 663189, 'capacity': 3, 'prepayment': 'FIRST', 'nonrefundable': 0, 'cancellation_period': 2, 'cancellation_fee': 'FIRST', 'breakfast': 0, 'base_price': 7680, 'prices': [7680], 'price': 7680, 'old_price': 0, 'currency': 'RUB', 'payment_amount': 7680, 'extras_variants': [], 'extras': [], 'rate_id': 25839, 'deals': [], 'cancellation_type': 'special', 'credit_card': 1, 'bonus': 384, 'miles': 459, 'min_stay': 1, 'platichastyami': 0, 'mircashback': 768}]",7680.0,459,189360_101hotels,2026-08-15
1281732,,,1,0,0,1,Одноместный,1,1,[{'single': 1}],[],"[{'id': 663179, 'capacity': 1, 'prepayment': 'FIRST', 'nonrefundable': 0, 'cancellation_period': 2, 'cancellation_fee': 'FIRST', 'breakfast': 0, 'base_price': 3790, 'prices': [3790], 'price': 3790, 'old_price': 0, 'currency': 'RUB', 'payment_amount': 3790, 'extras_variants': [], 'extras': [], 'rate_id': 25839, 'deals': [], 'cancellation_type': 'special', 'credit_card': 1, 'bonus': 190, 'miles': 225, 'min_stay': 1, 'platichastyami': 0, 'mircashback': 379}]",3790.0,225,189360_101hotels,2026-08-15
2268589,,,2,1,0,1,Делюкс,29,1,[{'double': 1}],[],"[{'id': 748749, 'capacity': 1, 'prepayment': 'FIRST', 'nonrefundable': 0, 'cancellation_period': 2, 'cancellation_fee': 'FIRST', 'breakfast': 0, 'base_price': 7050, 'prices': [7050], 'price': 7050, 'old_price': 0, 'currency': 'RUB', 'payment_amount': 7050, 'extras_variants': [], 'extras': [], 'rate_id': 25839, 'deals': [], 'cancellation_type': 'special', 'credit_card': 1, 'bonus': 353, 'miles': 423, 'min_stay': 1, 'platichastyami': 0, 'mircashback': 705}, {'id': 748750, 'capacity': 2, 'prepayment': 'FIRST', 'nonrefundable': 0, 'cancellation_period': 2, 'cancellation_fee': 'FIRST', 'breakfast': 0, 'base_price': 7050, 'prices': [7050], 'price': 7050, 'old_price': 0, 'currency': 'RUB', 'payment_amount': 7050, 'extras_variants': [], 'extras': [], 'rate_id': 25839, 'deals': [], 'cancellation_type': 'special', 'credit_card': 1, 'bonus': 353, 'miles': 423, 'min_stay': 1, 'platichastyami': 0, 'mircashback': 705}]",7050.0,423,189360_101hotels,2026-08-15
2247928,,Номер 2,1,0,0,0,Одноместный,1,1,[{'single': 1}],"[{'id': '47543', 'number': '1', 'min_age': '0', 'max_age': '6', 'is_extra_bed': '0', 'extra_bed_type_id': '0'}]","[{'id': 551922, 'capacity': 1, 'prepayment': 'FIRST', 'nonrefundable': 0, 'cancellation_period': 1, 'cancellation_fee': 'FIRST', 'breakfast': 0, 'base_price': 2400, 'prices': [2400], 'price': 2400, 'old_price': 2400, 'currency': 'RUB', 'payment_amount': 2400, 'extras_variants': [], 'extras': {'47543': {'id': 47543, 'number': 1, 'extra_bed_type_id': 0, 'age': [0, 6], 'extra_bed': 0, 'free': 1}}, 'rate_id': 17619, 'deals': [], 'cancellation_type': 'special', 'credit_card': 1, 'bonus': 120, 'miles': 144, 'min_stay': 1, 'platichastyami': 0, 'mircashback': 240}]",2400.0,144,657407_101hotels,2026-08-15
2247930,,Улучшенный двухместный номер 6,2,0,0,1,Делюкс,29,1,[{'double': 1}],"[{'id': '47548', 'number': '1', 'min_age': '0', 'max_age': '6', 'is_extra_bed': '0', 'extra_bed_type_id': '0'}]","[{'id': 552468, 'capacity': 1, 'prepayment': 'FIRST', 'nonrefundable': 0, 'cancellation_period': 1, 'cancellation_fee': 'FIRST', 'breakfast': 0, 'base_price': 3600, 'prices': [3600], 'price': 3600, 'old_price': 3600, 'currency': 'RUB', 'payment_amount': 3600, 'extras_variants': [], 'extras': {'47548': {'id': 47548, 'number': 1, 'extra_bed_type_id': 0, 'age': [0, 6], 'extra_bed': 0, 'free': 1}}, 'rate_id': 17619, 'deals': [], 'cancellation_type': 'special', 'credit_card': 1, 'bonus': 180, 'miles': 216, 'min_stay': 1, 'platichastyami': 0, 'mircashback': 360}, {'id': 552469, 'capacity': 2, 'prepayment': 'FIRST', 'nonrefundable': 0, 'cancellation_period': 1, 'cancellation_fee': 'FIRST', 'breakfast': 0, 'base_price': 4200, 'prices': [4200], 'price': 4200, 'old_price': 4200, 'currency': 'RUB', 'payment_amount': 4200, 'extras_variants': [], 'extras': {'47548': {'id': 47548, 'number': 1, 'extra_bed_type_id': 0, 'age': [0, 6], 'extra_bed': 0, 'free': 1}}, 'rate_id': 17619, 'deals': [], 'cancellation_type': 'special', 'credit_card': 1, 'bonus': 210, 'miles': 252, 'min_stay': 1, 'platichastyami': 0, 'mircashback': 420}]",3600.0,216,657407_101hotels,2026-08-15
2247932,,Улучшенный трехместный 7,2,2,0,1,Полулюкс,4,1,"[{'double': 1, 'sofa': 1}]","[{'id': '47546', 'number': '1', 'min_age': '0', 'max_age': '6', 'is_extra_bed': '0', 'extra_bed_type_id': '0'}]","[{'id': 552466, 'capacity': 1, 'prepayment': 'FIRST', 'nonrefundable': 0, 'cancellation_period': 1, 'cancellation_fee': 'FIRST', 'breakfast': 0, 'base_price': 4200, 'prices': [4200], 'price': 4200, 'old_price': 4200, 'currency': 'RUB', 'payment_amount': 4200, 'extras_variants': [], 'extras': {'47546': {'id': 47546, 'number': 1, 'extra_bed_type_id': 0, 'age': [0, 6], 'extra_bed': 0, 'free': 1}}, 'rate_id': 17619, 'deals': [], 'cancellation_type': 'special', 'credit_card': 1, 'bonus': 210, 'miles': 252, 'min_stay': 1, 'platichastyami': 0, 'mircashback': 420}, {'id': 552467, 'capacity': 2, 'prepayment': 'FIRST', 'nonrefundable': 0, 'cancellation_period': 1, 'cancellation_fee': 'FIRST', 'breakfast': 0, 'base_price': 5400, 'prices': [5400], 'price': 5400, 'old_price': 5400, 'currency': 'RUB', 'payment_amount': 5400, 'extras_variants': [], 'extras': {'47546': {'id': 47546, 'number': 1, 'extra_bed_type_id': 0, 'age': [0, 6], 'extra_bed': 0, 'free': 1}}, 'rate_id': 17619, 'deals': [], 'cancellation_type': 'special', 'credit_card': 1, 'bonus': 270, 'miles': 324, 'min_stay': 1, 'platichastyami': 0, 'mircashback': 540}]",4200.0,252,657407_101hotels,2026-08-15
2275871,,Номер 5,6,0,1,0,Шестиместный,36,2,[{'single': 1}],"[{'id': '47544', 'number': '1', 'min_age': '0', 'max_age': '6', 'is_extra_bed': '0', 'extra_bed_type_id': '0'}]","[{'id': 1203225, 'capacity': 1, 'prepayment': 'NO', 'nonrefundable': 0, 'cancellation_period': 0, 'cancellation_fee': 'NO', 'breakfast': 0, 'base_price': 1440, 'prices': [1440], 'price': 1440, 'old_price': 1440, 'currency': 'RUB', 'payment_amount': 0, 'extras_variants': [], 'extras': {'47544': {'id': 47544, 'number': 1, 'extra_bed_type_id': 0, 'age': [0, 6], 'extra_bed': 0, 'free': 1}}, 'rate_id': 17655, 'deals': [], 'cancellation_type': 'free', 'credit_card': 0, 'bonus': 72, 'miles': 84, 'min_stay': 1, 'platichastyami': 0, 'mircashback': 144}, {'id': '1203225P', 'capacity': 1, 'prepayment': 'FULL', 'nonrefundable': 0, 'cancellation_period': 0, 'cancellation_fee': 'NO', 'breakfast': 0, 'base_price': 1440, 'prices': [1440], 'price': 1440, 'old_price': 1440, 'currency': 'RUB', 'payment_amount': 1440, 'extras_variants': [], 'extras': {'47544': {'id': 47544, 'number': 1, 'extra_bed_type_id': 0, 'age': [0, 6], 'extra_bed': 0, 'free': 1}}, 'rate_id': 17655, 'deals': [], 'cancellation_type': 'free', 'credit_card': 0, 'bonus': 72, 'miles': 84, 'min_stay': 1, 'platichastyami': 0, 'mircashback': 144}]",1440.0,84,657407_101hotels,2026-08-15
1855148,,Классик / Classic,2,0,0,1,Номер,45,13,[{'double': 1}],"[{'id': '10497', 'number': '1', 'min_age': '0', 'max_age': '4', 'is_extra_bed': '0', 'extra_bed_type_id': '0'}]","[{'id': 1171660, 'capacity': 1, 'prepayment': 'FULL', 'nonrefundable': 0, 'cancellation_period': 3, 'cancellation_fee': 'FIRST', 'breakfast': 1, 'base_price': 22500, 'prices': [22500], 'price': 22500, 'old_price': 22500, 'currency': 'RUB', 'payment_amount': 22500, 'extras_variants': [], 'extras': {'10497': {'id': 10497, 'number': 1, 'extra_bed_type_id': 0, 'age': [0, 4], 'extra_bed': 0, 'free': 1}}, 'rate_id': 59650, 'deals': [], 'cancellation_type': 'special', 'credit_card': 1, 'bonus': 1125, 'miles': 1350, 'min_stay': 1, 'platichastyami': 0, 'mircashback': 2250}, {'id': 493475, 'capacity': 1, 'prepayment': 'NO', 'nonrefundable': 0, 'cancellation_period': 0, 'cancellation_fee': 'NO', 'breakfast': 1, 'base_price': 23625, 'prices': [23625], 'price': 23625, 'old_price': 23625, 'currency': 'RUB', 'payment_amount': 0, 'extras_variants': [], 'extras': {'10497': {'id': 10497, 'number': 1, 'extra_bed_type_id': 0, 'age': [0, 4], 'extra_bed': 0, 'free': 1}}, 'rate_id': 13890, 'deals': [], 'cancellation_type': 'free', 'credit_card': 0, 'bonus': 1181, 'miles': 1416, 'min_stay': 1, 'platichastyami': 0, 'mircashback': 2363}, {'id': 1171661, 'capacity': 2, 'prepayment': 'FULL', 'nonrefundable': 0, 'cancellation_period': 3, 'cancellation_fee': 'FIRST', 'breakfast': 1, 'base_price': 22500, 'prices': [22500], 'price': 22500, 'old_price': 22500, 'currency': 'RUB', 'payment_amount': 22500, 'extras_variants': [], 'extras': {'10497': {'id': 10497, 'number': 1, 'extra_bed_type_id': 0, 'age': [0, 4], 'extra_bed': 0, 'free': 1}}, 'rate_id': 59650, 'deals': [], 'cancellation_type': 'special', 'credit_card': 1, 'bonus': 1125, 'miles': 1350, 'min_stay': 1, 'platichastyami': 0, 'mircashback': 2250}, {'id': 493476, 'capacity': 2, 'prepayment': 'NO', 'nonrefundable': 0, 'cancellation_period': 0, 'cancellation_fee': 'NO', 'breakfast': 1, 'base_price': 23625, 'prices': [23625], 'price': 23625, 'old_price': 23625, 'currency': 'RUB', 'payment_amount': 0, 'extras_variants': [], 'extras': {'10497': {'id': 10497, 'number': 1, 'extra_bed_type_id': 0, 'age': [0, 4], 'extra_bed': 0, 'free': 1}}, 'rate_id': 13890, 'deals': [], 'cancellation_type': 'free', 'credit_card': 0, 'bonus': 1181, 'miles': 1416, 'min_stay': 1, 'platichastyami': 0, 'mircashback': 2363}]",22500.0,1350,556415_101hotels,2026-08-15
1855149,,Комфорт / Comfort,2,1,0,1,Номер,45,1,"[{'single': 2}, {'double': 1}]","[{'id': '10498', 'number': '1', 'min_age': '0', 'max_age': '4', 'is_extra_bed': '1', 'extra_bed_type_id': '4'}]","[{'id': 1171662, 'capacity': 1, 'prepayment': 'FULL', 'nonrefundable': 0, 'cancellation_period': 3, 'cancellation_fee': 'FIRST', 'breakfast': 1, 'base_price': 24500, 'prices': [24500], 'price': 24500, 'old_price': 24500, 'currency': 'RUB', 'payment_amount': 24500, 'extras_variants': [], 'extras': {'10498': {'id': 10498, 'number': 1, 'extra_bed_type_id': 4, 'age': [0, 4], 'extra_bed': 1, 'free': 1}}, 'rate_id': 59650, 'deals': [], 'cancellation_type': 'special', 'credit_card': 1, 'bonus': 1225, 'miles': 1470, 'min_stay': 1, 'platichastyami': 0, 'mircashback': 2450}, {'id': 493477, 'capacity': 1, 'prepayment': 'NO', 'nonrefundable': 0, 'cancellation_period': 0, 'cancellation_fee': 'NO', 'breakfast': 1, 'base_price': 25725, 'prices': [25725], 'price': 25725, 'old_price': 25725, 'currency': 'RUB', 'payment_amount': 0, 'extras_variants': [], 'extras': {'10498': {'id': 10498, 'number': 1, 'extra_bed_type_id': 4, 'age': [0, 4], 'extra_bed': 1, 'free': 1}}, 'rate_id': 13890, 'deals': [], 'cancellation_type': 'free', 'credit_card': 0, 'bonus': 1286, 'miles': 1542, 'min_stay': 1, 'platichastyami': 0, 'mircashback': 2573}, {'id': 1171663, 'capacity': 2, 'prepayment': 'FULL', 'nonrefundable': 0, 'cancellation_period': 3, 'cancellation_fee': 'FIRST', 'breakfast': 1, 'base_price': 24500, 'prices': [24500], 'price': 24500, 'old_price': 24500, 'currency': 'RUB', 'payment_amount': 24500, 'extras_variants': [], 'extras': {'10498': {'id': 10498, 'number': 1, 'extra_bed_type_id': 4, 'age': [0, 4], 'extra_bed': 1, 'free': 1}}, 'rate_id': 59650, 'deals': [], 'cancellation_type': 'special', 'credit_card': 1, 'bonus': 1225, 'miles': 1470, 'min_stay': 1, 'platichastyami': 0, 'mircashback': 2450}, {'id': 493478, 'capacity': 2, 'prepayment': 'NO', 'nonrefundable': 0, 'cancellation_period': 0, 'cancellation_fee': 'NO', 'breakfast': 1, 'base_price': 25725, 'prices': [25725], 'price': 25725, 'old_price': 25725, 'currency': 'RUB', 'payment_amount': 0, 'extras_variants': [], 'extras': {'10498': {'id': 10498, 'number': 1, 'extra_bed_type_id': 4, 'age': [0, 4], 'extra_bed': 1, 'free': 1}}, 'rate_id': 13890, 'deals': [], 'cancellation_type': 'free', 'credit_card': 0, 'bonus': 1286, 'miles': 1542, 'min_stay': 1, 'platichastyami': 0, 'mircashback': 2573}]",24500.0,1470,556415_101hotels,2026-08-15
1855150,,Джуниор Сюит Бизнес / Junior Suite Business,2,1,0,1,Номер,45,1,"[{'single': 2}, {'double': 1}]","[{'id': '10504', 'number': '1', 'min_age': '0', 'max_age': '4', 'is_extra_bed': '1', 'extra_bed_type_id': '4'}, {'id': '10505', 'number': '1', 'min_age': '0', 'max_age': '4', 'is_extra_bed': '1', 'extra_bed_type_id': '1'}]","[{'id': 1171664, 'capacity': 1, 'prepayment': 'FULL', 'nonrefundable': 0, 'cancellation_period': 3, 'cancellation_fee': 'FIRST', 'breakfast': 1, 'base_price': 28500, 'prices': [28500], 'price': 28500, 'old_price': 28500, 'currency': 'RUB', 'payment_amount': 28500, 'extras_variants': [], 'extras': {'10504': {'id': 10504, 'number': 1, 'extra_bed_type_id': 4, 'age': [0, 4], 'extra_bed': 1, 'free': 1}, '10505': {'id': 10505, 'number': 1, 'extra_bed_type_id': 1, 'age': [0, 4], 'extra_bed': 1, 'free': 1}}, 'rate_id': 59650, 'deals': [], 'cancellation_type': 'special', 'credit_card': 1, 'bonus': 1425, 'miles': 1710, 'min_stay': 1, 'platichastyami': 0, 'mircashback': 2850}, {'id': 493479, 'capacity': 1, 'prepayment': 'NO', 'nonrefundable': 0, 'cancellation_period': 0, 'cancellation_fee': 'NO', 'breakfast': 1, 'base_price': 29925, 'prices': [29925], 'price': 29925, 'old_price': 29925, 'currency': 'RUB', 'payment_amount': 0, 'extras_variants': [], 'extras': {'10504': {'id': 10504, 'number': 1, 'extra_bed_type_id': 4, 'age': [0, 4], 'extra_bed': 1, 'free': 1}, '10505': {'id': 10505, 'number': 1, 'extra_bed_type_id': 1, 'age': [0, 4], 'extra_bed': 1, 'free': 1}}, 'rate_id': 13890, 'deals': [], 'cancellation_type': 'free', 'credit_card': 0, 'bonus': 1496, 'miles': 1794, 'min_stay': 1, 'platichastyami': 0, 'mircashback': 2993}, {'id': 1171665, 'capacity': 2, 'prepayment': 'FULL', 'nonrefundable': 0, 'cancellation_period': 3, 'cancellation_fee': 'FIRST', 'breakfast': 1, 'base_price': 28500, 'prices': [28500], 'price': 28500, 'old_price': 28500, 'currency': 'RUB', 'payment_amount': 28500, 'extras_variants': [], 'extras': {'10504': {'id': 10504, 'number': 1, 'extra_bed_type_id': 4, 'age': [0, 4], 'extra_bed': 1, 'free': 1}, '10505': {'id': 10505, 'number': 1, 'extra_bed_type_id': 1, 'age': [0, 4], 'extra_bed': 1, 'free': 1}}, 'rate_id': 59650, 'deals': [], 'cancellation_type': 'special', 'credit_card': 1, 'bonus': 1425, 'miles': 1710, 'min_stay': 1, 'platichastyami': 0, 'mircashback': 2850}, {'id': 493480, 'capacity': 2, 'prepayment': 'NO', 'nonrefundable': 0, 'cancellation_period': 0, 'cancellation_fee': 'NO', 'breakfast': 1, 'base_price': 29925, 'prices': [29925], 'price': 29925, 'old_price': 29925, 'currency': 'RUB', 'payment_amount': 0, 'extras_variants': [], 'extras': {'10504': {'id': 10504, 'number': 1, 'extra_bed_type_id': 4, 'age': [0, 4], 'extra_bed': 1, 'free': 1}, '10505': {'id': 10505, 'number': 1, 'extra_bed_type_id': 1, 'age': [0, 4], 'extra_bed': 1, 'free': 1}}, 'rate_id': 13890, 'deals': [], 'cancellation_type': 'free', 'credit_card': 0, 'bonus': 1496, 'miles': 1794, 'min_stay': 1, 'platichastyami': 0, 'mircashback': 2993}]",28500.0,1710,556415_101hotels,2026-08-15
1855153,,Джуниор Сюит Президент / Junior Suite President,2,1,0,1,Номер,45,1,[{'g-double': 1}],"[{'id': '10499', 'number': '1', 'min_age': '0', 'max_age': '4', 'is_extra_bed': '1', 'extra_bed_type_id': '4'}, {'id': '10500', 'number': '1', 'min_age': '0', 'max_age': '4', 'is_extra_bed': '1', 'extra_bed_type_id': '1'}]","[{'id': 1171668, 'capacity': 1, 'prepayment': 'FULL', 'nonrefundable': 0, 'cancellation_period': 3, 'cancellation_fee': 'FIRST', 'breakfast': 1, 'base_price': 65000, 'prices': [65000], 'price': 65000, 'old_price': 65000, 'currency': 'RUB', 'payment_amount': 65000, 'extras_variants': [], 'extras': {'10499': {'id': 10499, 'number': 1, 'extra_bed_type_id': 4, 'age': [0, 4], 'extra_bed': 1, 'free': 1}, '10500': {'id': 10500, 'number': 1, 'extra_bed_type_id': 1, 'age': [0, 4], 'extra_bed': 1, 'free': 1}}, 'rate_id': 59650, 'deals': [], 'cancellation_type': 'special', 'credit_card': 1, 'bonus': 3250, 'miles': 3900, 'min_stay': 1, 'platichastyami': 0, 'mircashback': 6500}, {'id': 493483, 'capacity': 1, 'prepayment': 'NO', 'nonrefundable': 0, 'cancellation_period': 0, 'cancellation_fee': 'NO', 'breakfast': 1, 'base_price': 68250, 'prices': [68250], 'price': 68250, 'old_price': 68250, 'currency': 'RUB', 'payment_amount': 0, 'extras_variants': [], 'extras': {'10499': {'id': 10499, 'number': 1, 'extra_bed_type_id': 4, 'age': [0, 4], 'extra_bed': 1, 'free': 1}, '10500': {'id': 10500, 'number': 1, 'extra_bed_type_id': 1, 'age': [0, 4], 'extra_bed': 1, 'free': 1}}, 'rate_id': 13890, 'deals': [], 'cancellation_type': 'free', 'credit_card': 0, 'bonus': 3413, 'miles': 4095, 'min_stay': 1, 'platichastyami': 0, 'mircashback': 6825}, {'id': 1171669, 'capacity': 2, 'prepayment': 'FULL', 'nonrefundable': 0, 'cancellation_period': 3, 'cancellation_fee': 'FIRST', 'breakfast': 1, 'base_price': 65000, 'prices': [65000], 'price': 65000, 'old_price': 65000, 'currency': 'RUB', 'payment_amount': 65000, 'extras_variants': [], 'extras': {'10499': {'id': 10499, 'number': 1, 'extra_bed_type_id': 4, 'age': [0, 4], 'extra_bed': 1, 'free': 1}, '10500': {'id': 10500, 'number': 1, 'extra_bed_type_id': 1, 'age': [0, 4], 'extra_bed': 1, 'free': 1}}, 'rate_id': 59650, 'deals': [], 'cancellation_type': 'special', 'credit_card': 1, 'bonus': 3250, 'miles': 3900, 'min_stay': 1, 'platichastyami': 0, 'mircashback': 6500}, {'id': 493484, 'capacity': 2, 'prepayment': 'NO', 'nonrefundable': 0, 'cancellation_period': 0, 'cancellation_fee': 'NO', 'breakfast': 1, 'base_price': 68250, 'prices': [68250], 'price': 68250, 'old_price': 68250, 'currency': 'RUB', 'payment_amount': 0, 'extras_variants': [], 'extras': {'10499': {'id': 10499, 'number': 1, 'extra_bed_type_id': 4, 'age': [0, 4], 'extra_bed': 1, 'free': 1}, '10500': {'id': 10500, 'number': 1, 'extra_bed_type_id': 1, 'age': [0, 4], 'extra_bed': 1, 'free': 1}}, 'rate_id': 13890, 'deals': [], 'cancellation_type': 'free', 'credit_card': 0, 'bonus': 3413, 'miles': 4095, 'min_stay': 1, 'platichastyami': 0, 'mircashback': 6825}]",65000.0,3900,556415_101hotels,2026-08-15
1855155,,Джуниор Сюит Романтик / Junior Suite Romantic,2,0,0,1,Номер,45,1,[{'double': 1}],"[{'id': '10503', 'number': '1', 'min_age': '0', 'max_age': '4', 'is_extra_bed': '0', 'extra_bed_type_id': '0'}]","[{'id': 1171670, 'capacity': 1, 'prepayment': 'FULL', 'nonrefundable': 0, 'cancellation_period': 3, 'cancellation_fee': 'FIRST', 'breakfast': 1, 'base_price': 32500, 'prices': [32500], 'price': 32500, 'old_price': 32500, 'currency': 'RUB', 'payment_amount': 32500, 'extras_variants': [], 'extras': {'10503': {'id': 10503, 'number': 1, 'extra_bed_type_id': 0, 'age': [0, 4], 'extra_bed': 0, 'free': 1}}, 'rate_id': 59650, 'deals': [], 'cancellation_type': 'special', 'credit_card': 1, 'bonus': 1625, 'miles': 1950, 'min_stay': 1, 'platichastyami': 0, 'mircashback': 3250}, {'id': 493485, 'capacity': 1, 'prepayment': 'NO', 'nonrefundable': 0, 'cancellation_period': 0, 'cancellation_fee': 'NO', 'breakfast': 1, 'base_price': 34125, 'prices': [34125], 'price': 34125, 'old_price': 34125, 'currency': 'RUB', 'payment_amount': 0, 'extras_variants': [], 'extras': {'10503': {'id': 10503, 'number': 1, 'extra_bed_type_id': 0, 'age': [0, 4], 'extra_bed': 0, 'free': 1}}, 'rate_id': 13890, 'deals': [], 'cancellation_type': 'free', 'credit_card': 0, 'bonus': 1706, 'miles': 2046, 'min_stay': 1, 'platichastyami': 0, 'mircashback': 3413}, {'id': 1171671, 'capacity': 2, 'prepayment': 'FULL', 'nonrefundable': 0, 'cancellation_period': 3, 'cancellation_fee': 'FIRST', 'breakfast': 1, 'base_price': 32500, 'prices': [32500], 'price': 32500, 'old_price': 32500, 'currency': 'RUB', 'payment_amount': 32500, 'extras_variants': [], 'extras': {'10503': {'id': 10503, 'number': 1, 'extra_bed_type_id': 0, 'age': [0, 4], 'extra_bed': 0, 'free': 1}}, 'rate_id': 59650, 'deals': [], 'cancellation_type': 'special', 'credit_card': 1, 'bonus': 1625, 'miles': 1950, 'min_stay': 1, 'platichastyami': 0, 'mircashback': 3250}, {'id': 493486, 'capacity': 2, 'prepayment': 'NO', 'nonrefundable': 0, 'cancellation_period': 0, 'cancellation_fee': 'NO', 'breakfast': 1, 'base_price': 34125, 'prices': [34125], 'price': 34125, 'old_price': 34125, 'currency': 'RUB', 'payment_amount': 0, 'extras_variants': [], 'extras': {'10503': {'id': 10503, 'number': 1, 'extra_bed_type_id': 0, 'age': [0, 4], 'extra_bed': 0, 'free': 1}}, 'rate_id': 13890, 'deals': [], 'cancellation_type': 'free', 'credit_card': 0, 'bonus': 1706, 'miles': 2046, 'min_stay': 1, 'platichastyami': 0, 'mircashback': 3413}]",32500.0,1950,556415_101hotels,2026-08-15
1567278,,Twin,2,0,0,1,Двухместный,2,2,"[{'single': 2}, {'g-double': 1}]",[],"[{'id': 946701, 'capacity': 1, 'prepayment': 'FIRST', 'nonrefundable': 1, 'cancellation_period': 0, 'cancellation_fee': 'FIRST', 'breakfast': 0, 'base_price': 4400, 'prices': [4400], 'price': 4400, 'old_price': 4400, 'currency': 'RUB', 'payment_amount': 4400, 'extras_variants': [], 'extras': [], 'rate_id': 44088, 'deals': [], 'cancellation_type': 'nonrefundable', 'credit_card': 1, 'bonus': 220, 'miles': 264, 'min_stay': 1, 'platichastyami': 0, 'mircashback': 440}, {'id': 250516, 'capacity': 1, 'prepayment': 'FULL', 'nonrefundable': 0, 'cancellation_period': 0, 'cancellation_fee': 'NO', 'breakfast': 1, 'base_price': 5500, 'prices': [5500], 'price': 4675, 'old_price': 5500, 'currency': 'RUB', 'payment_amount': 5500, 'extras_variants': [], 'extras': [], 'rate_id': 210, 'deals': ['LAST_MINUTE'], 'cancellation_type': 'free', 'credit_card': 1, 'bonus': 234, 'miles': 279, 'min_stay': 1, 'platichastyami': 0, 'mircashback': 468}, {'id': 946702, 'capacity': 2, 'prepayment': 'FIRST', 'nonrefundable': 1, 'cancellation_period': 0, 'cancellation_fee': 'FIRST', 'breakfast': 0, 'base_price': 5000, 'prices': [5000], 'price': 5000, 'old_price': 5000, 'currency': 'RUB', 'payment_amount': 5000, 'extras_variants': [], 'extras': [], 'rate_id': 44088, 'deals': [], 'cancellation_type': 'nonrefundable', 'credit_card': 1, 'bonus': 250, 'miles': 300, 'min_stay': 1, 'platichastyami': 0, 'mircashback': 500}, {'id': 250517, 'capacity': 2, 'prepayment': 'FULL', 'nonrefundable': 0, 'cancellation_period': 0, 'cancellation_fee': 'NO', 'breakfast': 1, 'base_price': 6250, 'prices': [6250], 'price': 5312.5, 'old_price': 6250, 'currency': 'RUB', 'payment_amount': 6250, 'extras_variants': [], 'extras': [], 'rate_id': 210, 'deals': ['LAST_MINUTE'], 'cancellation_type': 'free', 'credit_card': 1, 'bonus': 266, 'miles': 318, 'min_stay': 1, 'platichastyami': 0, 'mircashback': 531}]",4400.0,264,485323_101hotels,2026-08-15
1567279,,,3,0,0,1,Семейный,44,1,"[{'single': 3}, {'single': 1, 'g-double': 1}]",[],"[{'id': 946708, 'capacity': 1, 'prepayment': 'FIRST', 'nonrefundable': 1, 'cancellation_period': 0, 'cancellation_fee': 'FIRST', 'breakfast': 0, 'base_price': 4600, 'prices': [4600], 'price': 4600, 'old_price': 4600, 'currency': 'RUB', 'payment_amount': 4600, 'extras_variants': [], 'extras': [], 'rate_id': 44088, 'deals': [], 'cancellation_type': 'nonrefundable', 'credit_card': 1, 'bonus': 230, 'miles': 276, 'min_stay': 1, 'platichastyami': 0, 'mircashback': 460}, {'id': 250523, 'capacity': 1, 'prepayment': 'FULL', 'nonrefundable': 0, 'cancellation_period': 0, 'cancellation_fee': 'NO', 'breakfast': 1, 'base_price': 5750, 'prices': [5750], 'price': 4887.5, 'old_price': 5750, 'currency': 'RUB', 'payment_amount': 5750, 'extras_variants': [], 'extras': [], 'rate_id': 210, 'deals': ['LAST_MINUTE'], 'cancellation_type': 'free', 'credit_card': 1, 'bonus': 244, 'miles': 291, 'min_stay': 1, 'platichastyami': 0, 'mircashback': 489}, {'id': 946709, 'capacity': 2, 'prepayment': 'FIRST', 'nonrefundable': 1, 'cancellation_period': 0, 'cancellation_fee': 'FIRST', 'breakfast': 0, 'base_price': 5200, 'prices': [5200], 'price': 5200, 'old_price': 5200, 'currency': 'RUB', 'payment_amount': 5200, 'extras_variants': [], 'extras': [], 'rate_id': 44088, 'deals': [], 'cancellation_type': 'nonrefundable', 'credit_card': 1, 'bonus': 260, 'miles': 312, 'min_stay': 1, 'platichastyami': 0, 'mircashback': 520}, {'id': 250524, 'capacity': 2, 'prepayment': 'FULL', 'nonrefundable': 0, 'cancellation_period': 0, 'cancellation_fee': 'NO', 'breakfast': 1, 'base_price': 6500, 'prices': [6500], 'price': 5525, 'old_price': 6500, 'currency': 'RUB', 'payment_amount': 6500, 'extras_variants': [], 'extras': [], 'rate_id': 210, 'deals': ['LAST_MINUTE'], 'cancellation_type': 'free', 'credit_card': 1, 'bonus': 276, 'miles': 330, 'min_stay': 1, 'platichastyami': 0, 'mircashback': 553}, {'id': 946710, 'capacity': 3, 'prepayment': 'FIRST', 'nonrefundable': 1, 'cancellation_period': 0, 'cancellation_fee': 'FIRST', 'breakfast': 0, 'base_price': 5900, 'prices': [5900], 'price': 5900, 'old_price': 5900, 'currency': 'RUB', 'payment_amount': 5900, 'extras_variants': [], 'extras': [], 'rate_id': 44088, 'deals': [], 'cancellation_type': 'nonrefundable', 'credit_card': 1, 'bonus': 295, 'miles': 354, 'min_stay': 1, 'platichastyami': 0, 'mircashback': 590}, {'id': 250525, 'capacity': 3, 'prepayment': 'FULL', 'nonrefundable': 0, 'cancellation_period': 0, 'cancellation_fee': 'NO', 'breakfast': 1, 'base_price': 7375, 'prices': [7375], 'price': 6268.75, 'old_price': 7375, 'currency': 'RUB', 'payment_amount': 7375, 'extras_variants': [], 'extras': [], 'rate_id': 210, 'deals': ['LAST_MINUTE'], 'cancellation_type': 'free', 'credit_card': 1, 'bonus': 313, 'miles': 375, 'min_stay': 1, 'platichastyami': 0, 'mircashback': 627}]",4600.0,276,485323_101hotels,2026-08-15
1567280,,,3,0,0,1,Апартаменты,14,1,"[{'single': 1, 'double': 1, 'sofa': 1}]",[],"[{'id': 946705, 'capacity': 1, 'prepayment': 'FIRST', 'nonrefundable': 1, 'cancellation_period': 0, 'cancellation_fee': 'FIRST', 'breakfast': 0, 'base_price': 6000, 'prices': [6000], 'price': 6000, 'old_price': 6000, 'currency': 'RUB', 'payment_amount': 6000, 'extras_variants': [], 'extras': [], 'rate_id': 44088, 'deals': [], 'cancellation_type': 'nonrefundable', 'credit_card': 1, 'bonus': 300, 'miles': 360, 'min_stay': 1, 'platichastyami': 0, 'mircashback': 600}, {'id': 250520, 'capacity': 1, 'prepayment': 'FULL', 'nonrefundable': 0, 'cancellation_period': 0, 'cancellation_fee': 'NO', 'breakfast': 1, 'base_price': 7500, 'prices': [7500], 'price': 6375, 'old_price': 7500, 'currency': 'RUB', 'payment_amount': 7500, 'extras_variants': [], 'extras': [], 'rate_id': 210, 'deals': ['LAST_MINUTE'], 'cancellation_type': 'free', 'credit_card': 1, 'bonus': 319, 'miles': 381, 'min_stay': 1, 'platichastyami': 0, 'mircashback': 638}, {'id': 946706, 'capacity': 2, 'prepayment': 'FIRST', 'nonrefundable': 1, 'cancellation_period': 0, 'cancellation_fee': 'FIRST', 'breakfast': 0, 'base_price': 7000, 'prices': [7000], 'price': 7000, 'old_price': 7000, 'currency': 'RUB', 'payment_amount': 7000, 'extras_variants': [], 'extras': [], 'rate_id': 44088, 'deals': [], 'cancellation_type': 'nonrefundable', 'credit_card': 1, 'bonus': 350, 'miles': 420, 'min_stay': 1, 'platichastyami': 0, 'mircashback': 700}, {'id': 250521, 'capacity': 2, 'prepayment': 'FULL', 'nonrefundable': 0, 'cancellation_period': 0, 'cancellation_fee': 'NO', 'breakfast': 1, 'base_price': 8750, 'prices': [8750], 'price': 7437.5, 'old_price': 8750, 'currency': 'RUB', 'payment_amount': 8750, 'extras_variants': [], 'extras': [], 'rate_id': 210, 'deals': ['LAST_MINUTE'], 'cancellation_type': 'free', 'credit_card': 1, 'bonus': 372, 'miles': 444, 'min_stay': 1, 'platichastyami': 0, 'mircashback': 744}, {'id': 946707, 'capacity': 3, 'prepayment': 'FIRST', 'nonrefundable': 1, 'cancellation_period': 0, 'cancellation_fee': 'FIRST', 'breakfast': 0, 'base_price': 8000, 'prices': [8000], 'price': 8000, 'old_price': 8000, 'currency': 'RUB', 'payment_amount': 8000, 'extras_variants': [], 'extras': [], 'rate_id': 44088, 'deals': [], 'cancellation_type': 'nonrefundable', 'credit_card': 1, 'bonus': 400, 'miles': 480, 'min_stay': 1, 'platichastyami': 0, 'mircashback': 800}, {'id': 250522, 'capacity': 3, 'prepayment': 'FULL', 'nonrefundable': 0, 'cancellation_period': 0, 'cancellation_fee': 'NO', 'breakfast': 1, 'base_price': 10000, 'prices': [10000], 'price': 8500, 'old_price': 10000, 'currency': 'RUB', 'payment_amount': 10000, 'extras_variants': [], 'extras': [], 'rate_id': 210, 'deals': ['LAST_MINUTE'], 'cancellation_type': 'free', 'credit_card': 1, 'bonus': 425, 'miles': 510, 'min_stay': 1, 'platichastyami': 0, 'mircashback': 850}]",6000.0,360,485323_101hotels,2026-08-15
1567281,,С 1 кроватью,2,0,0,1,Двухместный,2,2,[{'single': 1}],[],"[{'id': 946703, 'capacity': 1, 'prepayment': 'FIRST', 'nonrefundable': 1, 'cancellation_period': 0, 'cancellation_fee': 'FIRST', 'breakfast': 0, 'base_price': 4400, 'prices': [4400], 'price': 4400, 'old_price': 4400, 'currency': 'RUB', 'payment_amount': 4400, 'extras_variants': [], 'extras': [], 'rate_id': 44088, 'deals': [], 'cancellation_type': 'nonrefundable', 'credit_card': 1, 'bonus': 220, 'miles': 264, 'min_stay': 1, 'platichastyami': 0, 'mircashback': 440}, {'id': 250518, 'capacity': 1, 'prepayment': 'FULL', 'nonrefundable': 0, 'cancellation_period': 0, 'cancellation_fee': 'NO', 'breakfast': 1, 'base_price': 5500, 'prices': [5500], 'price': 4675, 'old_price': 5500, 'currency': 'RUB', 'payment_amount': 5500, 'extras_variants': [], 'extras': [], 'rate_id': 210, 'deals': ['LAST_MINUTE'], 'cancellation_type': 'free', 'credit_card': 1, 'bonus': 234, 'miles': 279, 'min_stay': 1, 'platichastyami': 0, 'mircashback': 468}, {'id': 946704, 'capacity': 2, 'prepayment': 'FIRST', 'nonrefundable': 1, 'cancellation_period': 0, 'cancellation_fee': 'FIRST', 'breakfast': 0, 'base_price': 5000, 'prices': [5000], 'price': 5000, 'old_price': 5000, 'currency': 'RUB', 'payment_amount': 5000, 'extras_variants': [], 'extras': [], 'rate_id': 44088, 'deals': [], 'cancellation_type': 'nonrefundable', 'credit_card': 1, 'bonus': 250, 'miles': 300, 'min_stay': 1, 'platichastyami': 0, 'mircashback': 500}, {'id': 250519, 'capacity': 2, 'prepayment': 'FULL', 'nonrefundable': 0, 'cancellation_period': 0, 'cancellation_fee': 'NO', 'breakfast': 1, 'base_price': 6250, 'prices': [6250], 'price': 5312.5, 'old_price': 6250, 'currency': 'RUB', 'payment_amount': 6250, 'extras_variants': [], 'extras': [], 'rate_id': 210, 'deals': ['LAST_MINUTE'], 'cancellation_type': 'free', 'credit_card': 1, 'bonus': 266, 'miles': 318, 'min_stay': 1, 'platichastyami': 0, 'mircashback': 531}]",4400.0,264,485323_101hotels,2026-08-15
2314291,,Эдуарда Дьяконова 14 (3),3,0,0,1,Студио,5,1,"[{'double': 1, 'f-chair': 1}]",[],"[{'id': 1169917, 'capacity': 1, 'prepayment': 'FULL', 'nonrefundable': 0, 'cancellation_period': 0, 'cancellation_fee': 'NO', 'breakfast': 0, 'base_price': 3810, 'prices': [3810], 'price': 3429, 'old_price': 3810, 'currency': 'RUB', 'payment_amount': 3810, 'extras_variants': [], 'extras': [], 'rate_id': 59580, 'deals': ['LAST_MINUTE'], 'cancellation_type': 'free', 'credit_card': 1, 'bonus': 171, 'miles': 204, 'min_stay': 1, 'platichastyami': 0, 'mircashback': 343}, {'id': 1169918, 'capacity': 2, 'prepayment': 'FULL', 'nonrefundable': 0, 'cancellation_period': 0, 'cancellation_fee': 'NO', 'breakfast': 0, 'base_price': 3810, 'prices': [3810], 'price': 3429, 'old_price': 3810, 'currency': 'RUB', 'payment_amount': 3810, 'extras_variants': [], 'extras': [], 'rate_id': 59580, 'deals': ['LAST_MINUTE'], 'cancellation_type': 'free', 'credit_card': 1, 'bonus': 171, 'miles': 204, 'min_stay': 1, 'platichastyami': 0, 'mircashback': 343}, {'id': 1169919, 'capacity': 3, 'prepayment': 'FULL', 'nonrefundable': 0, 'cancellation_period': 0, 'cancellation_fee': 'NO', 'breakfast': 0, 'base_price': 3810, 'prices': [3810], 'price': 3429, 'old_price': 3810, 'currency': 'RUB', 'payment_amount': 3810, 'extras_variants': [], 'extras': [], 'rate_id': 59580, 'deals': ['LAST_MINUTE'], 'cancellation_type': 'free', 'credit_card': 1, 'bonus': 171, 'miles': 204, 'min_stay': 1, 'platichastyami': 0, 'mircashback': 343}]",3429.0,204,676501_101hotels,2026-08-15
2252680,,Четырехместный мужской номер,4,0,1,0,Четырехместный,34,2,[{'2-tier': 2}],[],"[{'id': 617083, 'capacity': 1, 'prepayment': 'FULL', 'nonrefundable': 0, 'cancellation_period': 1, 'cancellation_fee': 'FIRST', 'breakfast': 0, 'base_price': 1210, 'prices': [1210], 'price': 1210, 'old_price': 1210, 'currency': 'RUB', 'payment_amount': 1210, 'extras_variants': [], 'extras': [], 'rate_id': 22501, 'deals': [], 'cancellation_type': 'special', 'credit_card': 1, 'bonus': 61, 'miles': 72, 'min_stay': 1, 'platichastyami': 0, 'mircashback': 121}, {'id': 1071150, 'capacity': 1, 'prepayment': 'NO', 'nonrefundable': 0, 'cancellation_period': 0, 'cancellation_fee': 'NO', 'breakfast': 0, 'base_price': 1210, 'prices': [1210], 'price': 1149.5, 'old_price': 1210, 'currency': 'RUB', 'payment_amount': 0, 'extras_variants': [], 'extras': [], 'rate_id': 52691, 'deals': ['LAST_MINUTE'], 'cancellation_type': 'free', 'credit_card': 0, 'bonus': 57, 'miles': 66, 'min_stay': 1, 'platichastyami': 0, 'mircashback': 115}, {'id': 1235000, 'capacity': 1, 'prepayment': 'NO', 'nonrefundable': 0, 'cancellation_period': 0, 'cancellation_fee': 'NO', 'breakfast': 0, 'base_price': 1210, 'prices': [1210], 'price': 1210, 'old_price': 1210, 'currency': 'RUB', 'payment_amount': 0, 'extras_variants': [], 'extras': [], 'rate_id': 63685, 'deals': [], 'cancellation_type': 'free', 'credit_card': 0, 'bonus': 61, 'miles': 72, 'min_stay': 1, 'platichastyami': 0, 'mircashback': 121}, {'id': 1235010, 'capacity': 1, 'prepayment': 'FULL', 'nonrefundable': 0, 'cancellation_period': 1, 'cancellation_fee': 'FIRST', 'breakfast': 0, 'base_price': 1210, 'prices': [1210], 'price': 1210, 'old_price': 1210, 'currency': 'RUB', 'payment_amount': 1210, 'extras_variants': [], 'extras': [], 'rate_id': 29667, 'deals': [], 'cancellation_type': 'special', 'credit_card': 1, 'bonus': 61, 'miles': 72, 'min_stay': 1, 'platichastyami': 0, 'mircashback': 121}, {'id': 617084, 'capacity': 2, 'prepayment': 'FULL', 'nonrefundable': 0, 'cancellation_period': 1, 'cancellation_fee': 'FIRST', 'breakfast': 0, 'base_price': 2420, 'prices': [2420], 'price': 2420, 'old_price': 2420, 'currency': 'RUB', 'payment_amount': 2420, 'extras_variants': [], 'extras': [], 'rate_id': 22501, 'deals': [], 'cancellation_type': 'special', 'credit_card': 1, 'bonus': 121, 'miles': 144, 'min_stay': 1, 'platichastyami': 0, 'mircashback': 242}, {'id': 1071151, 'capacity': 2, 'prepayment': 'NO', 'nonrefundable': 0, 'cancellation_period': 0, 'cancellation_fee': 'NO', 'breakfast': 0, 'base_price': 2420, 'prices': [2420], 'price': 2299, 'old_price': 2420, 'currency': 'RUB', 'payment_amount': 0, 'extras_variants': [], 'extras': [], 'rate_id': 52691, 'deals': ['LAST_MINUTE'], 'cancellation_type': 'free', 'credit_card': 0, 'bonus': 115, 'miles': 135, 'min_stay': 1, 'platichastyami': 0, 'mircashback': 230}, {'id': 1235001, 'capacity': 2, 'prepayment': 'NO', 'nonrefundable': 0, 'cancellation_period': 0, 'cancellation_fee': 'NO', 'breakfast': 0, 'base_price': 2420, 'prices': [2420], 'price': 2420, 'old_price': 2420, 'currency': 'RUB', 'payment_amount': 0, 'extras_variants': [], 'extras': [], 'rate_id': 63685, 'deals': [], 'cancellation_type': 'free', 'credit_card': 0, 'bonus': 121, 'miles': 144, 'min_stay': 1, 'platichastyami': 0, 'mircashback': 242}, {'id': 1235011, 'capacity': 2, 'prepayment': 'FULL', 'nonrefundable': 0, 'cancellation_period': 1, 'cancellation_fee': 'FIRST', 'breakfast': 0, 'base_price': 2420, 'prices': [2420], 'price': 2420, 'old_price': 2420, 'currency': 'RUB', 'payment_amount': 2420, 'extras_variants': [], 'extras': [], 'rate_id': 29667, 'deals': [], 'cancellation_type': 'special', 'credit_card': 1, 'bonus': 121, 'miles': 144, 'min_stay': 1, 'platichastyami': 0, 'mircashback': 242}, {'id': 617085, 'capacity': 3, 'prepayment': 'FULL', 'nonrefundable': 0, 'cancellation_period': 1, 'cancellation_fee': 'FIRST', 'breakfast': 0, 'base_price': 3630, 'prices': [3630], 'price': 3630, 'old_price': 3630, 'currency': 'RUB', 'payment_amount': 3630, 'extras_variants': [], 'extras': [], 'rate_id': 22501, 'deals': [], 'cancellation_type': 'special', 'credit_card': 1, 'bonus': 182, 'miles': 216, 'min_stay': 1, 'platichastyami': 0, 'mircashback': 363}, {'id': 1071152, 'capacity': 3, 'prepayment': 'NO', 'nonrefundable': 0, 'cancellation_period': 0, 'cancellation_fee': 'NO', 'breakfast': 0, 'base_price': 3630, 'prices': [3630], 'price': 3448.5, 'old_price': 3630, 'currency': 'RUB', 'payment_amount': 0, 'extras_variants': [], 'extras': [], 'rate_id': 52691, 'deals': ['LAST_MINUTE'], 'cancellation_type': 'free', 'credit_card': 0, 'bonus': 172, 'miles': 204, 'min_stay': 1, 'platichastyami': 0, 'mircashback': 345}, {'id': 1235002, 'capacity': 3, 'prepayment': 'NO', 'nonrefundable': 0, 'cancellation_period': 0, 'cancellation_fee': 'NO', 'breakfast': 0, 'base_price': 3630, 'prices': [3630], 'price': 3630, 'old_price': 3630, 'currency': 'RUB', 'payment_amount': 0, 'extras_variants': [], 'extras': [], 'rate_id': 63685, 'deals': [], 'cancellation_type': 'free', 'credit_card': 0, 'bonus': 182, 'miles': 216, 'min_stay': 1, 'platichastyami': 0, 'mircashback': 363}, {'id': 1235012, 'capacity': 3, 'prepayment': 'FULL', 'nonrefundable': 0, 'cancellation_period': 1, 'cancellation_fee': 'FIRST', 'breakfast': 0, 'base_price': 3630, 'prices': [3630], 'price': 3630, 'old_price': 3630, 'currency': 'RUB', 'payment_amount': 3630, 'extras_variants': [], 'extras': [], 'rate_id': 29667, 'deals': [], 'cancellation_type': 'special', 'credit_card': 1, 'bonus': 182, 'miles': 216, 'min_stay': 1, 'platichastyami': 0, 'mircashback': 363}, {'id': 617086, 'capacity': 4, 'prepayment': 'FULL', 'nonrefundable': 0, 'cancellation_period': 1, 'cancellation_fee': 'FIRST', 'breakfast': 0, 'base_price': 4840, 'prices': [4840], 'price': 4840, 'old_price': 4840, 'currency': 'RUB', 'payment_amount': 4840, 'extras_variants': [], 'extras': [], 'rate_id': 22501, 'deals': [], 'cancellation_type': 'special', 'credit_card': 1, 'bonus': 242, 'miles': 288, 'min_stay': 1, 'platichastyami': 0, 'mircashback': 484}, {'id': 1071153, 'capacity': 4, 'prepayment': 'NO', 'nonrefundable': 0, 'cancellation_period': 0, 'cancellation_fee': 'NO', 'breakfast': 0, 'base_price': 4840, 'prices': [4840], 'price': 4598, 'old_price': 4840, 'currency': 'RUB', 'payment_amount': 0, 'extras_variants': [], 'extras': [], 'rate_id': 52691, 'deals': ['LAST_MINUTE'], 'cancellation_type': 'free', 'credit_card': 0, 'bonus': 230, 'miles': 273, 'min_stay': 1, 'platichastyami': 0, 'mircashback': 460}, {'id': 1235003, 'capacity': 4, 'prepayment': 'NO', 'nonrefundable': 0, 'cancellation_period': 0, 'cancellation_fee': 'NO', 'breakfast': 0, 'base_price': 4840, 'prices': [4840], 'price': 4840, 'old_price': 4840, 'currency': 'RUB', 'payment_amount': 0, 'extras_variants': [], 'extras': [], 'rate_id': 63685, 'deals': [], 'cancellation_type': 'free', 'credit_card': 0, 'bonus': 242, 'miles': 288, 'min_stay': 1, 'platichastyami': 0, 'mircashback': 484}, {'id': 1235013, 'capacity': 4, 'prepayment': 'FULL', 'nonrefundable': 0, 'cancellation_period': 1, 'cancellation_fee': 'FIRST', 'breakfast': 0, 'base_price': 4840, 'prices': [4840], 'price': 4840, 'old_price': 4840, 'currency': 'RUB', 'payment_amount': 4840, 'extras_variants': [], 'extras': [], 'rate_id': 29667, 'deals': [], 'cancellation_type': 'special', 'credit_card': 1, 'bonus': 242, 'miles': 288, 'min_stay': 1, 'platichastyami': 0, 'mircashback': 484}, {'id': '1071150P', 'capacity': 1, 'prepayment': 'FULL', 'nonrefundable': 0, 'cancellation_period': 0, 'cancellation_fee': 'NO', 'breakfast': 0, 'base_price': 1210, 'prices': [1210], 'price': 1210, 'old_price': 1210, 'currency': 'RUB', 'payment_amount': 1210, 'extras_variants': [], 'extras': [], 'rate_id': 52691, 'deals': [], 'cancellation_type': 'free', 'credit_card': 0, 'bonus': 61, 'miles': 72, 'min_stay': 1, 'platichastyami': 0, 'mircashback': 121}, {'id': '1235000P', 'capacity': 1, 'prepayment': 'FULL', 'nonrefundable': 0, 'cancellation_period': 0, 'cancellation_fee': 'NO', 'breakfast': 0, 'base_price': 1210, 'prices': [1210], 'price': 1210, 'old_price': 1210, 'currency': 'RUB', 'payment_amount': 1210, 'extras_variants': [], 'extras': [], 'rate_id': 63685, 'deals': [], 'cancellation_type': 'free', 'credit_card': 0, 'bonus': 61, 'miles': 72, 'min_stay': 1, 'platichastyami': 0, 'mircashback': 121}, {'id': '1071151P', 'capacity': 2, 'prepayment': 'FULL', 'nonrefundable': 0, 'cancellation_period': 0, 'cancellation_fee': 'NO', 'breakfast': 0, 'base_price': 2420, 'prices': [2420], 'price': 2420, 'old_price': 2420, 'currency': 'RUB', 'payment_amount': 2420, 'extras_variants': [], 'extras': [], 'rate_id': 52691, 'deals': [], 'cancellation_type': 'free', 'credit_card': 0, 'bonus': 121, 'miles': 144, 'min_stay': 1, 'platichastyami': 0, 'mircashback': 242}, {'id': '1235001P', 'capacity': 2, 'prepayment': 'FULL', 'nonrefundable': 0, 'cancellation_period': 0, 'cancellation_fee': 'NO', 'breakfast': 0, 'base_price': 2420, 'prices': [2420], 'price': 2420, 'old_price': 2420, 'currency': 'RUB', 'payment_amount': 2420, 'extras_variants': [], 'extras': [], 'rate_id': 63685, 'deals': [], 'cancellation_type': 'free', 'credit_card': 0, 'bonus': 121, 'miles': 144, 'min_stay': 1, 'platichastyami': 0, 'mircashback': 242}, {'id': '1071152P', 'capacity': 3, 'prepayment': 'FULL', 'nonrefundable': 0, 'cancellation_period': 0, 'cancellation_fee': 'NO', 'breakfast': 0, 'base_price': 3630, 'prices': [3630], 'price': 3630, 'old_price': 3630, 'currency': 'RUB', 'payment_amount': 3630, 'extras_variants': [], 'extras': [], 'rate_id': 52691, 'deals': [], 'cancellation_type': 'free', 'credit_card': 0, 'bonus': 182, 'miles': 216, 'min_stay': 1, 'platichastyami': 0, 'mircashback': 363}, {'id': '1235002P', 'capacity': 3, 'prepayment': 'FULL', 'nonrefundable': 0, 'cancellation_period': 0, 'cancellation_fee': 'NO', 'breakfast': 0, 'base_price': 3630, 'prices': [3630], 'price': 3630, 'old_price': 3630, 'currency': 'RUB', 'payment_amount': 3630, 'extras_variants': [], 'extras': [], 'rate_id': 63685, 'deals': [], 'cancellation_type': 'free', 'credit_card': 0, 'bonus': 182, 'miles': 216, 'min_stay': 1, 'platichastyami': 0, 'mircashback': 363}, {'id': '1071153P', 'capacity': 4, 'prepayment': 'FULL', 'nonrefundable': 0, 'cancellation_period': 0, 'cancellation_fee': 'NO', 'breakfast': 0, 'base_price': 4840, 'prices': [4840], 'price': 4840, 'old_price': 4840, 'currency': 'RUB', 'payment_amount': 4840, 'extras_variants': [], 'extras': [], 'rate_id': 52691, 'deals': [], 'cancellation_type': 'free', 'credit_card': 0, 'bonus': 242, 'miles': 288, 'min_stay': 1, 'platichastyami': 0, 'mircashback': 484}, {'id': '1235003P', 'capacity': 4, 'prepayment': 'FULL', 'nonrefundable': 0, 'cancellation_period': 0, 'cancellation_fee': 'NO', 'breakfast': 0, 'base_price': 4840, 'prices': [4840], 'price': 4840, 'old_price': 4840, 'currency': 'RUB', 'payment_amount': 4840, 'extras_variants': [], 'extras': [], 'rate_id': 63685, 'deals': [], 'cancellation_type': 'free', 'credit_card': 0, 'bonus': 242, 'miles': 288, 'min_stay': 1, 'platichastyami': 0, 'mircashback': 484}]",1149.5,66,658823_101hotels,2026-08-15
2304110,,Четырехместный женский номер,4,0,0,0,Четырехместный Женский,105,4,[{'2-tier': 2}],[],"[{'id': 1071154, 'capacity': 1, 'prepayment': 'NO', 'nonrefundable': 0, 'cancellation_period': 0, 'cancellation_fee': 'NO', 'breakfast': 0, 'base_price': 1210, 'prices': [1210], 'price': 1149.5, 'old_price': 1210, 'currency': 'RUB', 'payment_amount': 0, 'extras_variants': [], 'extras': [], 'rate_id': 52691, 'deals': ['LAST_MINUTE'], 'cancellation_type': 'free', 'credit_card': 0, 'bonus': 57, 'miles': 66, 'min_stay': 1, 'platichastyami': 0, 'mircashback': 115}, {'id': 1234996, 'capacity': 1, 'prepayment': 'NO', 'nonrefundable': 0, 'cancellation_period': 0, 'cancellation_fee': 'NO', 'breakfast': 0, 'base_price': 1210, 'prices': [1210], 'price': 1210, 'old_price': 1210, 'currency': 'RUB', 'payment_amount': 0, 'extras_variants': [], 'extras': [], 'rate_id': 63685, 'deals': [], 'cancellation_type': 'free', 'credit_card': 0, 'bonus': 61, 'miles': 72, 'min_stay': 1, 'platichastyami': 0, 'mircashback': 121}, {'id': 1235006, 'capacity': 1, 'prepayment': 'FULL', 'nonrefundable': 0, 'cancellation_period': 1, 'cancellation_fee': 'FIRST', 'breakfast': 0, 'base_price': 1210, 'prices': [1210], 'price': 1210, 'old_price': 1210, 'currency': 'RUB', 'payment_amount': 1210, 'extras_variants': [], 'extras': [], 'rate_id': 29667, 'deals': [], 'cancellation_type': 'special', 'credit_card': 1, 'bonus': 61, 'miles': 72, 'min_stay': 1, 'platichastyami': 0, 'mircashback': 121}, {'id': 1071155, 'capacity': 2, 'prepayment': 'NO', 'nonrefundable': 0, 'cancellation_period': 0, 'cancellation_fee': 'NO', 'breakfast': 0, 'base_price': 2420, 'prices': [2420], 'price': 2299, 'old_price': 2420, 'currency': 'RUB', 'payment_amount': 0, 'extras_variants': [], 'extras': [], 'rate_id': 52691, 'deals': ['LAST_MINUTE'], 'cancellation_type': 'free', 'credit_card': 0, 'bonus': 115, 'miles': 135, 'min_stay': 1, 'platichastyami': 0, 'mircashback': 230}, {'id': 1234997, 'capacity': 2, 'prepayment': 'NO', 'nonrefundable': 0, 'cancellation_period': 0, 'cancellation_fee': 'NO', 'breakfast': 0, 'base_price': 2420, 'prices': [2420], 'price': 2420, 'old_price': 2420, 'currency': 'RUB', 'payment_amount': 0, 'extras_variants': [], 'extras': [], 'rate_id': 63685, 'deals': [], 'cancellation_type': 'free', 'credit_card': 0, 'bonus': 121, 'miles': 144, 'min_stay': 1, 'platichastyami': 0, 'mircashback': 242}, {'id': 1235007, 'capacity': 2, 'prepayment': 'FULL', 'nonrefundable': 0, 'cancellation_period': 1, 'cancellation_fee': 'FIRST', 'breakfast': 0, 'base_price': 2420, 'prices': [2420], 'price': 2420, 'old_price': 2420, 'currency': 'RUB', 'payment_amount': 2420, 'extras_variants': [], 'extras': [], 'rate_id': 29667, 'deals': [], 'cancellation_type': 'special', 'credit_card': 1, 'bonus': 121, 'miles': 144, 'min_stay': 1, 'platichastyami': 0, 'mircashback': 242}, {'id': 1071156, 'capacity': 3, 'prepayment': 'NO', 'nonrefundable': 0, 'cancellation_period': 0, 'cancellation_fee': 'NO', 'breakfast': 0, 'base_price': 3630, 'prices': [3630], 'price': 3448.5, 'old_price': 3630, 'currency': 'RUB', 'payment_amount': 0, 'extras_variants': [], 'extras': [], 'rate_id': 52691, 'deals': ['LAST_MINUTE'], 'cancellation_type': 'free', 'credit_card': 0, 'bonus': 172, 'miles': 204, 'min_stay': 1, 'platichastyami': 0, 'mircashback': 345}, {'id': 1234998, 'capacity': 3, 'prepayment': 'NO', 'nonrefundable': 0, 'cancellation_period': 0, 'cancellation_fee': 'NO', 'breakfast': 0, 'base_price': 3630, 'prices': [3630], 'price': 3630, 'old_price': 3630, 'currency': 'RUB', 'payment_amount': 0, 'extras_variants': [], 'extras': [], 'rate_id': 63685, 'deals': [], 'cancellation_type': 'free', 'credit_card': 0, 'bonus': 182, 'miles': 216, 'min_stay': 1, 'platichastyami': 0, 'mircashback': 363}, {'id': 1235008, 'capacity': 3, 'prepayment': 'FULL', 'nonrefundable': 0, 'cancellation_period': 1, 'cancellation_fee': 'FIRST', 'breakfast': 0, 'base_price': 3630, 'prices': [3630], 'price': 3630, 'old_price': 3630, 'currency': 'RUB', 'payment_amount': 3630, 'extras_variants': [], 'extras': [], 'rate_id': 29667, 'deals': [], 'cancellation_type': 'special', 'credit_card': 1, 'bonus': 182, 'miles': 216, 'min_stay': 1, 'platichastyami': 0, 'mircashback': 363}, {'id': 1071157, 'capacity': 4, 'prepayment': 'NO', 'nonrefundable': 0, 'cancellation_period': 0, 'cancellation_fee': 'NO', 'breakfast': 0, 'base_price': 4840, 'prices': [4840], 'price': 4598, 'old_price': 4840, 'currency': 'RUB', 'payment_amount': 0, 'extras_variants': [], 'extras': [], 'rate_id': 52691, 'deals': ['LAST_MINUTE'], 'cancellation_type': 'free', 'credit_card': 0, 'bonus': 230, 'miles': 273, 'min_stay': 1, 'platichastyami': 0, 'mircashback': 460}, {'id': 1234999, 'capacity': 4, 'prepayment': 'NO', 'nonrefundable': 0, 'cancellation_period': 0, 'cancellation_fee': 'NO', 'breakfast': 0, 'base_price': 4840, 'prices': [4840], 'price': 4840, 'old_price': 4840, 'currency': 'RUB', 'payment_amount': 0, 'extras_variants': [], 'extras': [], 'rate_id': 63685, 'deals': [], 'cancellation_type': 'free', 'credit_card': 0, 'bonus': 242, 'miles': 288, 'min_stay': 1, 'platichastyami': 0, 'mircashback': 484}, {'id': 1235009, 'capacity': 4, 'prepayment': 'FULL', 'nonrefundable': 0, 'cancellation_period': 1, 'cancellation_fee': 'FIRST', 'breakfast': 0, 'base_price': 4840, 'prices': [4840], 'price': 4840, 'old_price': 4840, 'currency': 'RUB', 'payment_amount': 4840, 'extras_variants': [], 'extras': [], 'rate_id': 29667, 'deals': [], 'cancellation_type': 'special', 'credit_card': 1, 'bonus': 242, 'miles': 288, 'min_stay': 1, 'platichastyami': 0, 'mircashback': 484}, {'id': '1071154P', 'capacity': 1, 'prepayment': 'FULL', 'nonrefundable': 0, 'cancellation_period': 0, 'cancellation_fee': 'NO', 'breakfast': 0, 'base_price': 1210, 'prices': [1210], 'price': 1210, 'old_price': 1210, 'currency': 'RUB', 'payment_amount': 1210, 'extras_variants': [], 'extras': [], 'rate_id': 52691, 'deals': [], 'cancellation_type': 'free', 'credit_card': 0, 'bonus': 61, 'miles': 72, 'min_stay': 1, 'platichastyami': 0, 'mircashback': 121}, {'id': '1234996P', 'capacity': 1, 'prepayment': 'FULL', 'nonrefundable': 0, 'cancellation_period': 0, 'cancellation_fee': 'NO', 'breakfast': 0, 'base_price': 1210, 'prices': [1210], 'price': 1210, 'old_price': 1210, 'currency': 'RUB', 'payment_amount': 1210, 'extras_variants': [], 'extras': [], 'rate_id': 63685, 'deals': [], 'cancellation_type': 'free', 'credit_card': 0, 'bonus': 61, 'miles': 72, 'min_stay': 1, 'platichastyami': 0, 'mircashback': 121}, {'id': '1071155P', 'capacity': 2, 'prepayment': 'FULL', 'nonrefundable': 0, 'cancellation_period': 0, 'cancellation_fee': 'NO', 'breakfast': 0, 'base_price': 2420, 'prices': [2420], 'price': 2420, 'old_price': 2420, 'currency': 'RUB', 'payment_amount': 2420, 'extras_variants': [], 'extras': [], 'rate_id': 52691, 'deals': [], 'cancellation_type': 'free', 'credit_card': 0, 'bonus': 121, 'miles': 144, 'min_stay': 1, 'platichastyami': 0, 'mircashback': 242}, {'id': '1234997P', 'capacity': 2, 'prepayment': 'FULL', 'nonrefundable': 0, 'cancellation_period': 0, 'cancellation_fee': 'NO', 'breakfast': 0, 'base_price': 2420, 'prices': [2420], 'price': 2420, 'old_price': 2420, 'currency': 'RUB', 'payment_amount': 2420, 'extras_variants': [], 'extras': [], 'rate_id': 63685, 'deals': [], 'cancellation_type': 'free', 'credit_card': 0, 'bonus': 121, 'miles': 144, 'min_stay': 1, 'platichastyami': 0, 'mircashback': 242}, {'id': '1071156P', 'capacity': 3, 'prepayment': 'FULL', 'nonrefundable': 0, 'cancellation_period': 0, 'cancellation_fee': 'NO', 'breakfast': 0, 'base_price': 3630, 'prices': [3630], 'price': 3630, 'old_price': 3630, 'currency': 'RUB', 'payment_amount': 3630, 'extras_variants': [], 'extras': [], 'rate_id': 52691, 'deals': [], 'cancellation_type': 'free', 'credit_card': 0, 'bonus': 182, 'miles': 216, 'min_stay': 1, 'platichastyami': 0, 'mircashback': 363}, {'id': '1234998P', 'capacity': 3, 'prepayment': 'FULL', 'nonrefundable': 0, 'cancellation_period': 0, 'cancellation_fee': 'NO', 'breakfast': 0, 'base_price': 3630, 'prices': [3630], 'price': 3630, 'old_price': 3630, 'currency': 'RUB', 'payment_amount': 3630, 'extras_variants': [], 'extras': [], 'rate_id': 63685, 'deals': [], 'cancellation_type': 'free', 'credit_card': 0, 'bonus': 182, 'miles': 216, 'min_stay': 1, 'platichastyami': 0, 'mircashback': 363}, {'id': '1071157P', 'capacity': 4, 'prepayment': 'FULL', 'nonrefundable': 0, 'cancellation_period': 0, 'cancellation_fee': 'NO', 'breakfast': 0, 'base_price': 4840, 'prices': [4840], 'price': 4840, 'old_price': 4840, 'currency': 'RUB', 'payment_amount': 4840, 'extras_variants': [], 'extras': [], 'rate_id': 52691, 'deals': [], 'cancellation_type': 'free', 'credit_card': 0, 'bonus': 242, 'miles': 288, 'min_stay': 1, 'platichastyami': 0, 'mircashback': 484}, {'id': '1234999P', 'capacity': 4, 'prepayment': 'FULL', 'nonrefundable': 0, 'cancellation_period': 0, 'cancellation_fee': 'NO', 'breakfast': 0, 'base_price': 4840, 'prices': [4840], 'price': 4840, 'old_price': 4840, 'currency': 'RUB', 'payment_amount': 4840, 'extras_variants': [], 'extras': [], 'rate_id': 63685, 'deals': [], 'cancellation_type': 'free', 'credit_card': 0, 'bonus': 242, 'miles': 288, 'min_stay': 1, 'platichastyami': 0, 'mircashback': 484}]",1149.5,66,658823_101hotels,2026-08-15
1788427,,Стандарт,1,1,0,1,Одноместный,1,2,[{'single': 1}],[],"[{'id': 604109, 'capacity': 1, 'prepayment': 'NO', 'nonrefundable': 0, 'cancellation_period': 0, 'cancellation_fee': 'NO', 'breakfast': 0, 'base_price': 2500, 'prices': [2500], 'price': 2500, 'old_price': 2500, 'currency': 'RUB', 'payment_amount': 0, 'extras_variants': [], 'extras': [], 'rate_id': 21502, 'deals': [], 'cancellation_type': 'free', 'credit_card': 0, 'bonus': 125, 'miles': 150, 'min_stay': 1, 'platichastyami': 0, 'mircashback': 250}, {'id': '604109P', 'capacity': 1, 'prepayment': 'FULL', 'nonrefundable': 0, 'cancellation_period': 0, 'cancellation_fee': 'NO', 'breakfast': 0, 'base_price': 2500, 'prices': [2500], 'price': 2500, 'old_price': 2500, 'currency': 'RUB', 'payment_amount': 2500, 'extras_variants': [], 'extras': [], 'rate_id': 21502, 'deals': [], 'cancellation_type': 'free', 'credit_card': 0, 'bonus': 125, 'miles': 150, 'min_stay': 1, 'platichastyami': 0, 'mircashback': 250}]",2500.0,150,7190_101hotels,2026-08-15
1788428,,"Стандарт, Twin",2,1,0,1,Двухместный,2,11,[{'single': 2}],[],"[{'id': 604111, 'capacity': 1, 'prepayment': 'NO', 'nonrefundable': 0, 'cancellation_period': 0, 'cancellation_fee': 'NO', 'breakfast': 0, 'base_price': 3000, 'prices': [3000], 'price': 3000, 'old_price': 3000, 'currency': 'RUB', 'payment_amount': 0, 'extras_variants': [], 'extras': [], 'rate_id': 21502, 'deals': [], 'cancellation_type': 'free', 'credit_card': 0, 'bonus': 150, 'miles': 180, 'min_stay': 1, 'platichastyami': 0, 'mircashback': 300}, {'id': 604112, 'capacity': 2, 'prepayment': 'NO', 'nonrefundable': 0, 'cancellation_period': 0, 'cancellation_fee': 'NO', 'breakfast': 0, 'base_price': 3000, 'prices': [3000], 'price': 3000, 'old_price': 3000, 'currency': 'RUB', 'payment_amount': 0, 'extras_variants': [], 'extras': [], 'rate_id': 21502, 'deals': [], 'cancellation_type': 'free', 'credit_card': 0, 'bonus': 150, 'miles': 180, 'min_stay': 1, 'platichastyami': 0, 'mircashback': 300}, {'id': '604111P', 'capacity': 1, 'prepayment': 'FULL', 'nonrefundable': 0, 'cancellation_period': 0, 'cancellation_fee': 'NO', 'breakfast': 0, 'base_price': 3000, 'prices': [3000], 'price': 3000, 'old_price': 3000, 'currency': 'RUB', 'payment_amount': 3000, 'extras_variants': [], 'extras': [], 'rate_id': 21502, 'deals': [], 'cancellation_type': 'free', 'credit_card': 0, 'bonus': 150, 'miles': 180, 'min_stay': 1, 'platichastyami': 0, 'mircashback': 300}, {'id': '604112P', 'capacity': 2, 'prepayment': 'FULL', 'nonrefundable': 0, 'cancellation_period': 0, 'cancellation_fee': 'NO', 'breakfast': 0, 'base_price': 3000, 'prices': [3000], 'price': 3000, 'old_price': 3000, 'currency': 'RUB', 'payment_amount': 3000, 'extras_variants': [], 'extras': [], 'rate_id': 21502, 'deals': [], 'cancellation_type': 'free', 'credit_card': 0, 'bonus': 150, 'miles': 180, 'min_stay': 1, 'platichastyami': 0, 'mircashback': 300}]",3000.0,180,7190_101hotels,2026-08-15
1788431,,"Стандарт, С 1 кроватью и балконом",2,0,0,1,Двухместный,2,1,[{'double': 1}],[],"[{'id': 604115, 'capacity': 1, 'prepayment': 'NO', 'nonrefundable': 0, 'cancellation_period': 0, 'cancellation_fee': 'NO', 'breakfast': 0, 'base_price': 3200, 'prices': [3200], 'price': 3200, 'old_price': 3200, 'currency': 'RUB', 'payment_amount': 0, 'extras_variants': [], 'extras': [], 'rate_id': 21502, 'deals': [], 'cancellation_type': 'free', 'credit_card': 0, 'bonus': 160, 'miles': 192, 'min_stay': 1, 'platichastyami': 0, 'mircashback': 320}, {'id': 604116, 'capacity': 2, 'prepayment': 'NO', 'nonrefundable': 0, 'cancellation_period': 0, 'cancellation_fee': 'NO', 'breakfast': 0, 'base_price': 3200, 'prices': [3200], 'price': 3200, 'old_price': 3200, 'currency': 'RUB', 'payment_amount': 0, 'extras_variants': [], 'extras': [], 'rate_id': 21502, 'deals': [], 'cancellation_type': 'free', 'credit_card': 0, 'bonus': 160, 'miles': 192, 'min_stay': 1, 'platichastyami': 0, 'mircashback': 320}, {'id': '604115P', 'capacity': 1, 'prepayment': 'FULL', 'nonrefundable': 0, 'cancellation_period': 0, 'cancellation_fee': 'NO', 'breakfast': 0, 'base_price': 3200, 'prices': [3200], 'price': 3200, 'old_price': 3200, 'currency': 'RUB', 'payment_amount': 3200, 'extras_variants': [], 'extras': [], 'rate_id': 21502, 'deals': [], 'cancellation_type': 'free', 'credit_card': 0, 'bonus': 160, 'miles': 192, 'min_stay': 1, 'platichastyami': 0, 'mircashback': 320}, {'id': '604116P', 'capacity': 2, 'prepayment': 'FULL', 'nonrefundable': 0, 'cancellation_period': 0, 'cancellation_fee': 'NO', 'breakfast': 0, 'base_price': 3200, 'prices': [3200], 'price': 3200, 'old_price': 3200, 'currency': 'RUB', 'payment_amount': 3200, 'extras_variants': [], 'extras': [], 'rate_id': 21502, 'deals': [], 'cancellation_type': 'free', 'credit_card': 0, 'bonus': 160, 'miles': 192, 'min_stay': 1, 'platichastyami': 0, 'mircashback': 320}]",3200.0,192,7190_101hotels,2026-08-15
1788432,,"Стандарт, С 1 кроватью и диваном",2,1,0,1,Двухместный,2,2,[{'double': 1}],[],"[{'id': 604117, 'capacity': 1, 'prepayment': 'NO', 'nonrefundable': 0, 'cancellation_period': 0, 'cancellation_fee': 'NO', 'breakfast': 0, 'base_price': 3500, 'prices': [3500], 'price': 3500, 'old_price': 3500, 'currency': 'RUB', 'payment_amount': 0, 'extras_variants': [], 'extras': [], 'rate_id': 21502, 'deals': [], 'cancellation_type': 'free', 'credit_card': 0, 'bonus': 175, 'miles': 210, 'min_stay': 1, 'platichastyami': 0, 'mircashback': 350}, {'id': 604118, 'capacity': 2, 'prepayment': 'NO', 'nonrefundable': 0, 'cancellation_period': 0, 'cancellation_fee': 'NO', 'breakfast': 0, 'base_price': 3500, 'prices': [3500], 'price': 3500, 'old_price': 3500, 'currency': 'RUB', 'payment_amount': 0, 'extras_variants': [], 'extras': [], 'rate_id': 21502, 'deals': [], 'cancellation_type': 'free', 'credit_card': 0, 'bonus': 175, 'miles': 210, 'min_stay': 1, 'platichastyami': 0, 'mircashback': 350}, {'id': '604117P', 'capacity': 1, 'prepayment': 'FULL', 'nonrefundable': 0, 'cancellation_period': 0, 'cancellation_fee': 'NO', 'breakfast': 0, 'base_price': 3500, 'prices': [3500], 'price': 3500, 'old_price': 3500, 'currency': 'RUB', 'payment_amount': 3500, 'extras_variants': [], 'extras': [], 'rate_id': 21502, 'deals': [], 'cancellation_type': 'free', 'credit_card': 0, 'bonus': 175, 'miles': 210, 'min_stay': 1, 'platichastyami': 0, 'mircashback': 350}, {'id': '604118P', 'capacity': 2, 'prepayment': 'FULL', 'nonrefundable': 0, 'cancellation_period': 0, 'cancellation_fee': 'NO', 'breakfast': 0, 'base_price': 3500, 'prices': [3500], 'price': 3500, 'old_price': 3500, 'currency': 'RUB', 'payment_amount': 3500, 'extras_variants': [], 'extras': [], 'rate_id': 21502, 'deals': [], 'cancellation_type': 'free', 'credit_card': 0, 'bonus': 175, 'miles': 210, 'min_stay': 1, 'platichastyami': 0, 'mircashback': 350}]",3500.0,210,7190_101hotels,2026-08-15
5823,,Стандарт,1,0,0,1,Одноместный,1,7,[{'single': 1}],[],"[{'id': 755771, 'capacity': 1, 'prepayment': 'FIRST', 'nonrefundable': 0, 'cancellation_period': 1, 'cancellation_fee': 'FIRST', 'breakfast': 1, 'base_price': 3680, 'prices': [3680], 'price': 3680, 'old_price': 0, 'currency': 'RUB', 'payment_amount': 3680, 'extras_variants': [], 'extras': [], 'rate_id': 33057, 'deals': [], 'cancellation_type': 'special', 'credit_card': 1, 'bonus': 184, 'miles': 219, 'min_stay': 1, 'platichastyami': 0, 'mircashback': 368}]",3680.0,219,230_101hotels,2026-08-15
5825,,Комфорт,2,1,0,1,Двухместный,2,8,"[{'single': 2}, {'double': 1}]",[],"[{'id': 755774, 'capacity': 1, 'prepayment': 'FIRST', 'nonrefundable': 0, 'cancellation_period': 1, 'cancellation_fee': 'FIRST', 'breakfast': 1, 'base_price': 4880, 'prices': [4880], 'price': 4880, 'old_price': 0, 'currency': 'RUB', 'payment_amount': 4880, 'extras_variants': [], 'extras': [], 'rate_id': 33057, 'deals': [], 'cancellation_type': 'special', 'credit_card': 1, 'bonus': 244, 'miles': 291, 'min_stay': 1, 'platichastyami': 0, 'mircashback': 488}, {'id': 755775, 'capacity': 2, 'prepayment': 'FIRST', 'nonrefundable': 0, 'cancellation_period': 1, 'cancellation_fee': 'FIRST', 'breakfast': 1, 'base_price': 6080, 'prices': [6080], 'price': 6080, 'old_price': 0, 'currency': 'RUB', 'payment_amount': 6080, 'extras_variants': [], 'extras': [], 'rate_id': 33057, 'deals': [], 'cancellation_type': 'special', 'credit_card': 1, 'bonus': 304, 'miles': 363, 'min_stay': 1, 'platichastyami': 0, 'mircashback': 608}]",4880.0,291,230_101hotels,2026-08-15
5826,,,2,1,0,1,Делюкс,29,2,"[{'double': 1, 'f-chair': 1}]",[],"[{'id': 755776, 'capacity': 1, 'prepayment': 'FIRST', 'nonrefundable': 0, 'cancellation_period': 1, 'cancellation_fee': 'FIRST', 'breakfast': 1, 'base_price': 5680, 'prices': [5680], 'price': 5680, 'old_price': 0, 'currency': 'RUB', 'payment_amount': 5680, 'extras_variants': [], 'extras': [], 'rate_id': 33057, 'deals': [], 'cancellation_type': 'special', 'credit_card': 1, 'bonus': 284, 'miles': 339, 'min_stay': 1, 'platichastyami': 0, 'mircashback': 568}, {'id': 755777, 'capacity': 2, 'prepayment': 'FIRST', 'nonrefundable': 0, 'cancellation_period': 1, 'cancellation_fee': 'FIRST', 'breakfast': 1, 'base_price': 6320, 'prices': [6320], 'price': 6320, 'old_price': 0, 'currency': 'RUB', 'payment_amount': 6320, 'extras_variants': [], 'extras': [], 'rate_id': 33057, 'deals': [], 'cancellation_type': 'special', 'credit_card': 1, 'bonus': 316, 'miles': 378, 'min_stay': 1, 'platichastyami': 0, 'mircashback': 632}]",5680.0,339,230_101hotels,2026-08-15
5684,,,2,1,0,1,Делюкс,29,3,[{'double': 1}],[],"[{'id': 1162721, 'capacity': 1, 'prepayment': 'FULL', 'nonrefundable': 0, 'cancellation_period': 0, 'cancellation_fee': 'NO', 'breakfast': 1, 'base_price': 20000, 'prices': [20000], 'price': 20000, 'old_price': 20000, 'currency': 'RUB', 'payment_amount': 20000, 'extras_variants': [], 'extras': [], 'rate_id': 59051, 'deals': [], 'cancellation_type': 'free', 'credit_card': 1, 'bonus': 1000, 'miles': 1200, 'min_stay': 1, 'platichastyami': 0, 'mircashback': 2000}, {'id': 1162722, 'capacity': 2, 'prepayment': 'FULL', 'nonrefundable': 0, 'cancellation_period': 0, 'cancellation_fee': 'NO', 'breakfast': 1, 'base_price': 22000, 'prices': [22000], 'price': 22000, 'old_price': 22000, 'currency': 'RUB', 'payment_amount': 22000, 'extras_variants': [], 'extras': [], 'rate_id': 59051, 'deals': [], 'cancellation_type': 'free', 'credit_card': 1, 'bonus': 1100, 'miles': 1320, 'min_stay': 1, 'platichastyami': 0, 'mircashback': 2200}]",20000.0,1200,607_101hotels,2026-08-15
5685,,,2,1,0,1,Студио,5,3,[{'double': 1}],[],"[{'id': 1162715, 'capacity': 1, 'prepayment': 'FULL', 'nonrefundable': 0, 'cancellation_period': 0, 'cancellation_fee': 'NO', 'breakfast': 1, 'base_price': 23300, 'prices': [23300], 'price': 23300, 'old_price': 23300, 'currency': 'RUB', 'payment_amount': 23300, 'extras_variants': [], 'extras': [], 'rate_id': 59051, 'deals': [], 'cancellation_type': 'free', 'credit_card': 1, 'bonus': 1165, 'miles': 1398, 'min_stay': 1, 'platichastyami': 0, 'mircashback': 2330}, {'id': 1162716, 'capacity': 2, 'prepayment': 'FULL', 'nonrefundable': 0, 'cancellation_period': 0, 'cancellation_fee': 'NO', 'breakfast': 1, 'base_price': 25300, 'prices': [25300], 'price': 25300, 'old_price': 25300, 'currency': 'RUB', 'payment_amount': 25300, 'extras_variants': [], 'extras': [], 'rate_id': 59051, 'deals': [], 'cancellation_type': 'free', 'credit_card': 1, 'bonus': 1265, 'miles': 1518, 'min_stay': 1, 'platichastyami': 0, 'mircashback': 2530}]",23300.0,1398,607_101hotels,2026-08-15
5686,,Бизнес,2,1,0,1,Делюкс,29,2,[{'double': 1}],[],"[{'id': 1162723, 'capacity': 1, 'prepayment': 'FULL', 'nonrefundable': 0, 'cancellation_period': 0, 'cancellation_fee': 'NO', 'breakfast': 1, 'base_price': 21800, 'prices': [21800], 'price': 21800, 'old_price': 21800, 'currency': 'RUB', 'payment_amount': 21800, 'extras_variants': [], 'extras': [], 'rate_id': 59051, 'deals': [], 'cancellation_type': 'free', 'credit_card': 1, 'bonus': 1090, 'miles': 1308, 'min_stay': 1, 'platichastyami': 0, 'mircashback': 2180}, {'id': 1162724, 'capacity': 2, 'prepayment': 'FULL', 'nonrefundable': 0, 'cancellation_period': 0, 'cancellation_fee': 'NO', 'breakfast': 1, 'base_price': 23800, 'prices': [23800], 'price': 23800, 'old_price': 23800, 'currency': 'RUB', 'payment_amount': 23800, 'extras_variants': [], 'extras': [], 'rate_id': 59051, 'deals': [], 'cancellation_type': 'free', 'credit_card': 1, 'bonus': 1190, 'miles': 1428, 'min_stay': 1, 'platichastyami': 0, 'mircashback': 2380}]",21800.0,1308,607_101hotels,2026-08-15
5693,,,2,1,0,1,Апартаменты,14,1,[{'double': 1}],[],"[{'id': 1162719, 'capacity': 1, 'prepayment': 'FULL', 'nonrefundable': 0, 'cancellation_period': 0, 'cancellation_fee': 'NO', 'breakfast': 1, 'base_price': 51000, 'prices': [51000], 'price': 51000, 'old_price': 51000, 'currency': 'RUB', 'payment_amount': 51000, 'extras_variants': [], 'extras': [], 'rate_id': 59051, 'deals': [], 'cancellation_type': 'free', 'credit_card': 1, 'bonus': 2550, 'miles': 3060, 'min_stay': 1, 'platichastyami': 0, 'mircashback': 5100}, {'id': 1162720, 'capacity': 2, 'prepayment': 'FULL', 'nonrefundable': 0, 'cancellation_period': 0, 'cancellation_fee': 'NO', 'breakfast': 1, 'base_price': 56000, 'prices': [56000], 'price': 56000, 'old_price': 56000, 'currency': 'RUB', 'payment_amount': 56000, 'extras_variants': [], 'extras': [], 'rate_id': 59051, 'deals': [], 'cancellation_type': 'free', 'credit_card': 1, 'bonus': 2800, 'miles': 3360, 'min_stay': 1, 'platichastyami': 0, 'mircashback': 5600}]",51000.0,3060,607_101hotels,2026-08-15
77897,,Стандарт,3,0,0,1,Трехместный,37,3,[{'single': 3}],"[{'id': '42703', 'number': '1', 'min_age': '0', 'max_age': '3', 'is_extra_bed': '0', 'extra_bed_type_id': '0'}]","[{'id': 763207, 'capacity': 1, 'prepayment': 'FULL', 'nonrefundable': 0, 'cancellation_period': 2, 'cancellation_fee': 'FIRST', 'breakfast': 0, 'base_price': 3300, 'prices': [3300], 'price': 3300, 'old_price': 3300, 'currency': 'RUB', 'payment_amount': 3300, 'extras_variants': [], 'extras': {'42703': {'id': 42703, 'number': 1, 'extra_bed_type_id': 0, 'age': [0, 3], 'extra_bed': 0, 'free': 1}}, 'rate_id': 33577, 'deals': [], 'cancellation_type': 'special', 'credit_card': 1, 'bonus': 165, 'miles': 198, 'min_stay': 1, 'platichastyami': 0, 'mircashback': 330}, {'id': 763208, 'capacity': 2, 'prepayment': 'FULL', 'nonrefundable': 0, 'cancellation_period': 2, 'cancellation_fee': 'FIRST', 'breakfast': 0, 'base_price': 3900, 'prices': [3900], 'price': 3900, 'old_price': 3900, 'currency': 'RUB', 'payment_amount': 3900, 'extras_variants': [], 'extras': {'42703': {'id': 42703, 'number': 1, 'extra_bed_type_id': 0, 'age': [0, 3], 'extra_bed': 0, 'free': 1}}, 'rate_id': 33577, 'deals': [], 'cancellation_type': 'special', 'credit_card': 1, 'bonus': 195, 'miles': 234, 'min_stay': 1, 'platichastyami': 0, 'mircashback': 390}, {'id': 763209, 'capacity': 3, 'prepayment': 'FULL', 'nonrefundable': 0, 'cancellation_period': 2, 'cancellation_fee': 'FIRST', 'breakfast': 0, 'base_price': 4500, 'prices': [4500], 'price': 4500, 'old_price': 4500, 'currency': 'RUB', 'payment_amount': 4500, 'extras_variants': [], 'extras': {'42703': {'id': 42703, 'number': 1, 'extra_bed_type_id': 0, 'age': [0, 3], 'extra_bed': 0, 'free': 1}}, 'rate_id': 33577, 'deals': [], 'cancellation_type': 'special', 'credit_card': 1, 'bonus': 225, 'miles': 270, 'min_stay': 1, 'platichastyami': 0, 'mircashback': 450}]",3300.0,198,14970_101hotels,2026-08-15
79722,,Стандарт,2,0,0,1,Двухместный,2,2,[{'single': 2}],"[{'id': '42700', 'number': '1', 'min_age': '0', 'max_age': '3', 'is_extra_bed': '0', 'extra_bed_type_id': '0'}]","[{'id': 763193, 'capacity': 1, 'prepayment': 'FULL', 'nonrefundable': 0, 'cancellation_period': 2, 'cancellation_fee': 'FIRST', 'breakfast': 0, 'base_price': 3300, 'prices': [3300], 'price': 3300, 'old_price': 3300, 'currency': 'RUB', 'payment_amount': 3300, 'extras_variants': [], 'extras': {'42700': {'id': 42700, 'number': 1, 'extra_bed_type_id': 0, 'age': [0, 3], 'extra_bed': 0, 'free': 1}}, 'rate_id': 33576, 'deals': [], 'cancellation_type': 'special', 'credit_card': 1, 'bonus': 165, 'miles': 198, 'min_stay': 1, 'platichastyami': 0, 'mircashback': 330}, {'id': 763194, 'capacity': 2, 'prepayment': 'FULL', 'nonrefundable': 0, 'cancellation_period': 2, 'cancellation_fee': 'FIRST', 'breakfast': 0, 'base_price': 3900, 'prices': [3900], 'price': 3900, 'old_price': 3900, 'currency': 'RUB', 'payment_amount': 3900, 'extras_variants': [], 'extras': {'42700': {'id': 42700, 'number': 1, 'extra_bed_type_id': 0, 'age': [0, 3], 'extra_bed': 0, 'free': 1}}, 'rate_id': 33576, 'deals': [], 'cancellation_type': 'special', 'credit_card': 1, 'bonus': 195, 'miles': 234, 'min_stay': 1, 'platichastyami': 0, 'mircashback': 390}]",3300.0,198,14970_101hotels,2026-08-15
2249149,,Мужское койко-место в 4 местном номере,4,0,1,0,Четырехместный,34,2,[{'single': 1}],"[{'id': '42702', 'number': '1', 'min_age': '0', 'max_age': '3', 'is_extra_bed': '0', 'extra_bed_type_id': '0'}]","[{'id': 763216, 'capacity': 1, 'prepayment': 'FULL', 'nonrefundable': 0, 'cancellation_period': 2, 'cancellation_fee': 'FIRST', 'breakfast': 0, 'base_price': 1500, 'prices': [1500], 'price': 1500, 'old_price': 1500, 'currency': 'RUB', 'payment_amount': 1500, 'extras_variants': [], 'extras': {'42702': {'id': 42702, 'number': 1, 'extra_bed_type_id': 0, 'age': [0, 3], 'extra_bed': 0, 'free': 1}}, 'rate_id': 33578, 'deals': [], 'cancellation_type': 'special', 'credit_card': 1, 'bonus': 75, 'miles': 90, 'min_stay': 1, 'platichastyami': 0, 'mircashback': 150}]",1500.0,90,14970_101hotels,2026-08-15
2249153,,Комфорт,1,0,0,1,Одноместный,1,1,[{'double': 1}],"[{'id': '42699', 'number': '1', 'min_age': '0', 'max_age': '3', 'is_extra_bed': '0', 'extra_bed_type_id': '0'}]","[{'id': 763219, 'capacity': 1, 'prepayment': 'FULL', 'nonrefundable': 0, 'cancellation_period': 2, 'cancellation_fee': 'FIRST', 'breakfast': 0, 'base_price': 3900, 'prices': [3900], 'price': 3900, 'old_price': 3900, 'currency': 'RUB', 'payment_amount': 3900, 'extras_variants': [], 'extras': {'42699': {'id': 42699, 'number': 1, 'extra_bed_type_id': 0, 'age': [0, 3], 'extra_bed': 0, 'free': 1}}, 'rate_id': 33579, 'deals': [], 'cancellation_type': 'special', 'credit_card': 1, 'bonus': 195, 'miles': 234, 'min_stay': 1, 'platichastyami': 0, 'mircashback': 390}]",3900.0,234,14970_101hotels,2026-08-15
2304770,,Женское койко место в 4 местном номер,4,0,1,0,Четырехместный,34,1,[{'single': 1}],"[{'id': '52105', 'number': '1', 'min_age': '0', 'max_age': '3', 'is_extra_bed': '0', 'extra_bed_type_id': '0'}]","[{'id': 1077245, 'capacity': 1, 'prepayment': 'FIRST', 'nonrefundable': 0, 'cancellation_period': 2, 'cancellation_fee': 'FIRST', 'breakfast': 0, 'base_price': 1500, 'prices': [1500], 'price': 1500, 'old_price': 1500, 'currency': 'RUB', 'payment_amount': 1500, 'extras_variants': [], 'extras': {'52105': {'id': 52105, 'number': 1, 'extra_bed_type_id': 0, 'age': [0, 3], 'extra_bed': 0, 'free': 1}}, 'rate_id': 53105, 'deals': [], 'cancellation_type': 'special', 'credit_card': 1, 'bonus': 75, 'miles': 90, 'min_stay': 1, 'platichastyami': 0, 'mircashback': 150}]",1500.0,90,14970_101hotels,2026-08-15
2321990,,Койко-место,1,0,1,0,Трехместный Мужской,100,9,[{'single': 1}],[],"[{'id': 1230122, 'capacity': 1, 'prepayment': 'FULL', 'nonrefundable': 0, 'cancellation_period': 2, 'cancellation_fee': 'FIRST', 'breakfast': 0, 'base_price': 1500, 'prices': [1500], 'price': 1500, 'old_price': 1500, 'currency': 'RUB', 'payment_amount': 1500, 'extras_variants': [], 'extras': [], 'rate_id': 33578, 'deals': [], 'cancellation_type': 'special', 'credit_card': 1, 'bonus': 75, 'miles': 90, 'min_stay': 1, 'platichastyami': 0, 'mircashback': 150}]",1500.0,90,14970_101hotels,2026-08-15
33470,,Стандарт,4,0,0,1,Четырехместный,34,1,[{'single': 4}],[],"[{'id': 710344, 'capacity': 1, 'prepayment': 'FIRST', 'nonrefundable': 0, 'cancellation_period': 1, 'cancellation_fee': 'FIRST', 'breakfast': 0, 'base_price': 2400, 'prices': [2400], 'price': 2400, 'old_price': 2400, 'currency': 'RUB', 'payment_amount': 2400, 'extras_variants': [], 'extras': [], 'rate_id': 29288, 'deals': [], 'cancellation_type': 'special', 'credit_card': 1, 'bonus': 120, 'miles': 144, 'min_stay': 1, 'platichastyami': 0, 'mircashback': 240}, {'id': 710345, 'capacity': 2, 'prepayment': 'FIRST', 'nonrefundable': 0, 'cancellation_period': 1, 'cancellation_fee': 'FIRST', 'breakfast': 0, 'base_price': 2400, 'prices': [2400], 'price': 2400, 'old_price': 2400, 'currency': 'RUB', 'payment_amount': 2400, 'extras_variants': [], 'extras': [], 'rate_id': 29288, 'deals': [], 'cancellation_type': 'special', 'credit_card': 1, 'bonus': 120, 'miles': 144, 'min_stay': 1, 'platichastyami': 0, 'mircashback': 240}, {'id': 710346, 'capacity': 3, 'prepayment': 'FIRST', 'nonrefundable': 0, 'cancellation_period': 1, 'cancellation_fee': 'FIRST', 'breakfast': 0, 'base_price': 4800, 'prices': [4800], 'price': 4800, 'old_price': 4800, 'currency': 'RUB', 'payment_amount': 4800, 'extras_variants': [], 'extras': [], 'rate_id': 29288, 'deals': [], 'cancellation_type': 'special', 'credit_card': 1, 'bonus': 240, 'miles': 288, 'min_stay': 1, 'platichastyami': 0, 'mircashback': 480}, {'id': 710347, 'capacity': 4, 'prepayment': 'FIRST', 'nonrefundable': 0, 'cancellation_period': 1, 'cancellation_fee': 'FIRST', 'breakfast': 0, 'base_price': 4800, 'prices': [4800], 'price': 4800, 'old_price': 4800, 'currency': 'RUB', 'payment_amount': 4800, 'extras_variants': [], 'extras': [], 'rate_id': 29288, 'deals': [], 'cancellation_type': 'special', 'credit_card': 1, 'bonus': 240, 'miles': 288, 'min_stay': 1, 'platichastyami': 0, 'mircashback': 480}]",2400.0,144,7027_101hotels,2026-08-15
1855138,,Стандартный  номер,1,0,0,1,Одноместный,1,2,[{'single': 1}],[],"[{'id': 1119378, 'capacity': 1, 'prepayment': 'FULL', 'nonrefundable': 0, 'cancellation_period': 0, 'cancellation_fee': 'NO', 'breakfast': 1, 'base_price': 2850, 'prices': [2850], 'price': 2850, 'old_price': 2850, 'currency': 'RUB', 'payment_amount': 2850, 'extras_variants': [], 'extras': [], 'rate_id': 56011, 'deals': [], 'cancellation_type': 'free', 'credit_card': 1, 'bonus': 143, 'miles': 171, 'min_stay': 1, 'platichastyami': 0, 'mircashback': 285}]",2850.0,171,508922_101hotels,2026-08-15
61494,,Double,2,0,0,1,Двухместный,2,4,[{'double': 1}],[],"[{'id': 522138, 'capacity': 1, 'prepayment': 'NO', 'nonrefundable': 0, 'cancellation_period': 0, 'cancellation_fee': 'NO', 'breakfast': 0, 'base_price': 3200, 'prices': [3200], 'price': 3200, 'old_price': 3200, 'currency': 'RUB', 'payment_amount': 0, 'extras_variants': [], 'extras': [], 'rate_id': 15820, 'deals': [], 'cancellation_type': 'free', 'credit_card': 0, 'bonus': 160, 'miles': 192, 'min_stay': 1, 'platichastyami': 0, 'mircashback': 320}, {'id': 522139, 'capacity': 2, 'prepayment': 'NO', 'nonrefundable': 0, 'cancellation_period': 0, 'cancellation_fee': 'NO', 'breakfast': 0, 'base_price': 3800, 'prices': [3800], 'price': 3800, 'old_price': 3800, 'currency': 'RUB', 'payment_amount': 0, 'extras_variants': [], 'extras': [], 'rate_id': 15820, 'deals': [], 'cancellation_type': 'free', 'credit_card': 0, 'bonus': 190, 'miles': 228, 'min_stay': 1, 'platichastyami': 0, 'mircashback': 380}, {'id': '522138P', 'capacity': 1, 'prepayment': 'FULL', 'nonrefundable': 0, 'cancellation_period': 0, 'cancellation_fee': 'NO', 'breakfast': 0, 'base_price': 3200, 'prices': [3200], 'price': 3200, 'old_price': 3200, 'currency': 'RUB', 'payment_amount': 3200, 'extras_variants': [], 'extras': [], 'rate_id': 15820, 'deals': [], 'cancellation_type': 'free', 'credit_card': 0, 'bonus': 160, 'miles': 192, 'min_stay': 1, 'platichastyami': 0, 'mircashback': 320}, {'id': '522139P', 'capacity': 2, 'prepayment': 'FULL', 'nonrefundable': 0, 'cancellation_period': 0, 'cancellation_fee': 'NO', 'breakfast': 0, 'base_price': 3800, 'prices': [3800], 'price': 3800, 'old_price': 3800, 'currency': 'RUB', 'payment_amount': 3800, 'extras_variants': [], 'extras': [], 'rate_id': 15820, 'deals': [], 'cancellation_type': 'free', 'credit_card': 0, 'bonus': 190, 'miles': 228, 'min_stay': 1, 'platichastyami': 0, 'mircashback': 380}]",3200.0,192,10621_101hotels,2026-08-15
61496,,,3,0,0,1,Трехместный,37,1,[{'single': 3}],[],"[{'id': 522144, 'capacity': 1, 'prepayment': 'NO', 'nonrefundable': 0, 'cancellation_period': 0, 'cancellation_fee': 'NO', 'breakfast': 0, 'base_price': 2900, 'prices': [2900], 'price': 2900, 'old_price': 2900, 'currency': 'RUB', 'payment_amount': 0, 'extras_variants': [], 'extras': [], 'rate_id': 15820, 'deals': [], 'cancellation_type': 'free', 'credit_card': 0, 'bonus': 145, 'miles': 174, 'min_stay': 1, 'platichastyami': 0, 'mircashback': 290}, {'id': 522145, 'capacity': 2, 'prepayment': 'NO', 'nonrefundable': 0, 'cancellation_period': 0, 'cancellation_fee': 'NO', 'breakfast': 0, 'base_price': 3800, 'prices': [3800], 'price': 3800, 'old_price': 3800, 'currency': 'RUB', 'payment_amount': 0, 'extras_variants': [], 'extras': [], 'rate_id': 15820, 'deals': [], 'cancellation_type': 'free', 'credit_card': 0, 'bonus': 190, 'miles': 228, 'min_stay': 1, 'platichastyami': 0, 'mircashback': 380}, {'id': 522146, 'capacity': 3, 'prepayment': 'NO', 'nonrefundable': 0, 'cancellation_period': 0, 'cancellation_fee': 'NO', 'breakfast': 0, 'base_price': 4400, 'prices': [4400], 'price': 4400, 'old_price': 4400, 'currency': 'RUB', 'payment_amount': 0, 'extras_variants': [], 'extras': [], 'rate_id': 15820, 'deals': [], 'cancellation_type': 'free', 'credit_card': 0, 'bonus': 220, 'miles': 264, 'min_stay': 1, 'platichastyami': 0, 'mircashback': 440}, {'id': '522144P', 'capacity': 1, 'prepayment': 'FULL', 'nonrefundable': 0, 'cancellation_period': 0, 'cancellation_fee': 'NO', 'breakfast': 0, 'base_price': 2900, 'prices': [2900], 'price': 2900, 'old_price': 2900, 'currency': 'RUB', 'payment_amount': 2900, 'extras_variants': [], 'extras': [], 'rate_id': 15820, 'deals': [], 'cancellation_type': 'free', 'credit_card': 0, 'bonus': 145, 'miles': 174, 'min_stay': 1, 'platichastyami': 0, 'mircashback': 290}, {'id': '522145P', 'capacity': 2, 'prepayment': 'FULL', 'nonrefundable': 0, 'cancellation_period': 0, 'cancellation_fee': 'NO', 'breakfast': 0, 'base_price': 3800, 'prices': [3800], 'price': 3800, 'old_price': 3800, 'currency': 'RUB', 'payment_amount': 3800, 'extras_variants': [], 'extras': [], 'rate_id': 15820, 'deals': [], 'cancellation_type': 'free', 'credit_card': 0, 'bonus': 190, 'miles': 228, 'min_stay': 1, 'platichastyami': 0, 'mircashback': 380}, {'id': '522146P', 'capacity': 3, 'prepayment': 'FULL', 'nonrefundable': 0, 'cancellation_period': 0, 'cancellation_fee': 'NO', 'breakfast': 0, 'base_price': 4400, 'prices': [4400], 'price': 4400, 'old_price': 4400, 'currency': 'RUB', 'payment_amount': 4400, 'extras_variants': [], 'extras': [], 'rate_id': 15820, 'deals': [], 'cancellation_type': 'free', 'credit_card': 0, 'bonus': 220, 'miles': 264, 'min_stay': 1, 'platichastyami': 0, 'mircashback': 440}]",2900.0,174,10621_101hotels,2026-08-15
2270689,,Стандарт,4,0,0,1,Четырехместный,34,1,[{'single': 4}],[],"[{'id': 761983, 'capacity': 1, 'prepayment': 'NO', 'nonrefundable': 0, 'cancellation_period': 0, 'cancellation_fee': 'NO', 'breakfast': 0, 'base_price': 2900, 'prices': [2900], 'price': 2900, 'old_price': 2900, 'currency': 'RUB', 'payment_amount': 0, 'extras_variants': [], 'extras': [], 'rate_id': 15820, 'deals': [], 'cancellation_type': 'free', 'credit_card': 0, 'bonus': 145, 'miles': 174, 'min_stay': 1, 'platichastyami': 0, 'mircashback': 290}, {'id': 761984, 'capacity': 2, 'prepayment': 'NO', 'nonrefundable': 0, 'cancellation_period': 0, 'cancellation_fee': 'NO', 'breakfast': 0, 'base_price': 3800, 'prices': [3800], 'price': 3800, 'old_price': 3800, 'currency': 'RUB', 'payment_amount': 0, 'extras_variants': [], 'extras': [], 'rate_id': 15820, 'deals': [], 'cancellation_type': 'free', 'credit_card': 0, 'bonus': 190, 'miles': 228, 'min_stay': 1, 'platichastyami': 0, 'mircashback': 380}, {'id': 761985, 'capacity': 3, 'prepayment': 'NO', 'nonrefundable': 0, 'cancellation_period': 0, 'cancellation_fee': 'NO', 'breakfast': 0, 'base_price': 4400, 'prices': [4400], 'price': 4400, 'old_price': 4400, 'currency': 'RUB', 'payment_amount': 0, 'extras_variants': [], 'extras': [], 'rate_id': 15820, 'deals': [], 'cancellation_type': 'free', 'credit_card': 0, 'bonus': 220, 'miles': 264, 'min_stay': 1, 'platichastyami': 0, 'mircashback': 440}, {'id': 761986, 'capacity': 4, 'prepayment': 'NO', 'nonrefundable': 0, 'cancellation_period': 0, 'cancellation_fee': 'NO', 'breakfast': 0, 'base_price': 4980, 'prices': [4980], 'price': 4980, 'old_price': 4980, 'currency': 'RUB', 'payment_amount': 0, 'extras_variants': [], 'extras': [], 'rate_id': 15820, 'deals': [], 'cancellation_type': 'free', 'credit_card': 0, 'bonus': 249, 'miles': 297, 'min_stay': 1, 'platichastyami': 0, 'mircashback': 498}, {'id': '761983P', 'capacity': 1, 'prepayment': 'FULL', 'nonrefundable': 0, 'cancellation_period': 0, 'cancellation_fee': 'NO', 'breakfast': 0, 'base_price': 2900, 'prices': [2900], 'price': 2900, 'old_price': 2900, 'currency': 'RUB', 'payment_amount': 2900, 'extras_variants': [], 'extras': [], 'rate_id': 15820, 'deals': [], 'cancellation_type': 'free', 'credit_card': 0, 'bonus': 145, 'miles': 174, 'min_stay': 1, 'platichastyami': 0, 'mircashback': 290}, {'id': '761984P', 'capacity': 2, 'prepayment': 'FULL', 'nonrefundable': 0, 'cancellation_period': 0, 'cancellation_fee': 'NO', 'breakfast': 0, 'base_price': 3800, 'prices': [3800], 'price': 3800, 'old_price': 3800, 'currency': 'RUB', 'payment_amount': 3800, 'extras_variants': [], 'extras': [], 'rate_id': 15820, 'deals': [], 'cancellation_type': 'free', 'credit_card': 0, 'bonus': 190, 'miles': 228, 'min_stay': 1, 'platichastyami': 0, 'mircashback': 380}, {'id': '761985P', 'capacity': 3, 'prepayment': 'FULL', 'nonrefundable': 0, 'cancellation_period': 0, 'cancellation_fee': 'NO', 'breakfast': 0, 'base_price': 4400, 'prices': [4400], 'price': 4400, 'old_price': 4400, 'currency': 'RUB', 'payment_amount': 4400, 'extras_variants': [], 'extras': [], 'rate_id': 15820, 'deals': [], 'cancellation_type': 'free', 'credit_card': 0, 'bonus': 220, 'miles': 264, 'min_stay': 1, 'platichastyami': 0, 'mircashback': 440}, {'id': '761986P', 'capacity': 4, 'prepayment': 'FULL', 'nonrefundable': 0, 'cancellation_period': 0, 'cancellation_fee': 'NO', 'breakfast': 0, 'base_price': 4980, 'prices': [4980], 'price': 4980, 'old_price': 4980, 'currency': 'RUB', 'payment_amount': 4980, 'extras_variants': [], 'extras': [], 'rate_id': 15820, 'deals': [], 'cancellation_type': 'free', 'credit_card': 0, 'bonus': 249, 'miles': 297, 'min_stay': 1, 'platichastyami': 0, 'mircashback': 498}]",2900.0,174,10621_101hotels,2026-08-15
28780,,Стандарт Twin,2,0,0,1,Двухместный,2,3,[{'single': 2}],[],"[{'id': 254616, 'capacity': 1, 'prepayment': 'FIRST', 'nonrefundable': 1, 'cancellation_period': 0, 'cancellation_fee': 'FIRST', 'breakfast': 1, 'base_price': 4800, 'prices': [4800], 'price': 4800, 'old_price': 4800, 'currency': 'RUB', 'payment_amount': 4800, 'extras_variants': [], 'extras': [], 'rate_id': 401, 'deals': [], 'cancellation_type': 'nonrefundable', 'credit_card': 1, 'bonus': 240, 'miles': 288, 'min_stay': 1, 'platichastyami': 0, 'mircashback': 480}, {'id': 254617, 'capacity': 2, 'prepayment': 'FIRST', 'nonrefundable': 1, 'cancellation_period': 0, 'cancellation_fee': 'FIRST', 'breakfast': 1, 'base_price': 5600, 'prices': [5600], 'price': 5600, 'old_price': 5600, 'currency': 'RUB', 'payment_amount': 5600, 'extras_variants': [], 'extras': [], 'rate_id': 401, 'deals': [], 'cancellation_type': 'nonrefundable', 'credit_card': 1, 'bonus': 280, 'miles': 336, 'min_stay': 1, 'platichastyami': 0, 'mircashback': 560}]",4800.0,288,6013_101hotels,2026-08-15
28781,,Классик,3,1,0,1,Трехместный,37,1,"[{'single': 2, 'sofa': 1}, {'double': 1, 'sofa': 1}]",[],"[{'id': 254622, 'capacity': 1, 'prepayment': 'FIRST', 'nonrefundable': 1, 'cancellation_period': 0, 'cancellation_fee': 'FIRST', 'breakfast': 1, 'base_price': 5600, 'prices': [5600], 'price': 5600, 'old_price': 5600, 'currency': 'RUB', 'payment_amount': 5600, 'extras_variants': [], 'extras': [], 'rate_id': 401, 'deals': [], 'cancellation_type': 'nonrefundable', 'credit_card': 1, 'bonus': 280, 'miles': 336, 'min_stay': 1, 'platichastyami': 0, 'mircashback': 560}, {'id': 254623, 'capacity': 2, 'prepayment': 'FIRST', 'nonrefundable': 1, 'cancellation_period': 0, 'cancellation_fee': 'FIRST', 'breakfast': 1, 'base_price': 6600, 'prices': [6600], 'price': 6600, 'old_price': 6600, 'currency': 'RUB', 'payment_amount': 6600, 'extras_variants': [], 'extras': [], 'rate_id': 401, 'deals': [], 'cancellation_type': 'nonrefundable', 'credit_card': 1, 'bonus': 330, 'miles': 396, 'min_stay': 1, 'platichastyami': 0, 'mircashback': 660}, {'id': 254624, 'capacity': 3, 'prepayment': 'FIRST', 'nonrefundable': 1, 'cancellation_period': 0, 'cancellation_fee': 'FIRST', 'breakfast': 1, 'base_price': 7200, 'prices': [7200], 'price': 7200, 'old_price': 7200, 'currency': 'RUB', 'payment_amount': 7200, 'extras_variants': [], 'extras': [], 'rate_id': 401, 'deals': [], 'cancellation_type': 'nonrefundable', 'credit_card': 1, 'bonus': 360, 'miles': 432, 'min_stay': 1, 'platichastyami': 0, 'mircashback': 720}]",5600.0,336,6013_101hotels,2026-08-15
28782,,Комфорт,2,0,0,1,Студио,5,2,[{'double': 1}],[],"[{'id': 254618, 'capacity': 1, 'prepayment': 'FIRST', 'nonrefundable': 1, 'cancellation_period': 0, 'cancellation_fee': 'FIRST', 'breakfast': 1, 'base_price': 5600, 'prices': [5600], 'price': 5600, 'old_price': 5600, 'currency': 'RUB', 'payment_amount': 5600, 'extras_variants': [], 'extras': [], 'rate_id': 401, 'deals': [], 'cancellation_type': 'nonrefundable', 'credit_card': 1, 'bonus': 280, 'miles': 336, 'min_stay': 1, 'platichastyami': 0, 'mircashback': 560}, {'id': 254619, 'capacity': 2, 'prepayment': 'FIRST', 'nonrefundable': 1, 'cancellation_period': 0, 'cancellation_fee': 'FIRST', 'breakfast': 1, 'base_price': 6600, 'prices': [6600], 'price': 6600, 'old_price': 6600, 'currency': 'RUB', 'payment_amount': 6600, 'extras_variants': [], 'extras': [], 'rate_id': 401, 'deals': [], 'cancellation_type': 'nonrefundable', 'credit_card': 1, 'bonus': 330, 'miles': 396, 'min_stay': 1, 'platichastyami': 0, 'mircashback': 660}]",5600.0,336,6013_101hotels,2026-08-15
28783,,Джуниор-Сюит,2,2,0,1,Люкс,6,3,[{'double': 1}],[],"[{'id': 254620, 'capacity': 1, 'prepayment': 'FIRST', 'nonrefundable': 1, 'cancellation_period': 0, 'cancellation_fee': 'FIRST', 'breakfast': 1, 'base_price': 6600, 'prices': [6600], 'price': 6600, 'old_price': 6600, 'currency': 'RUB', 'payment_amount': 6600, 'extras_variants': [], 'extras': [], 'rate_id': 401, 'deals': [], 'cancellation_type': 'nonrefundable', 'credit_card': 1, 'bonus': 330, 'miles': 396, 'min_stay': 1, 'platichastyami': 0, 'mircashback': 660}, {'id': 254621, 'capacity': 2, 'prepayment': 'FIRST', 'nonrefundable': 1, 'cancellation_period': 0, 'cancellation_fee': 'FIRST', 'breakfast': 1, 'base_price': 7200, 'prices': [7200], 'price': 7200, 'old_price': 7200, 'currency': 'RUB', 'payment_amount': 7200, 'extras_variants': [], 'extras': [], 'rate_id': 401, 'deals': [], 'cancellation_type': 'nonrefundable', 'credit_card': 1, 'bonus': 360, 'miles': 432, 'min_stay': 1, 'platichastyami': 0, 'mircashback': 720}]",6600.0,396,6013_101hotels,2026-08-15
2285216,,Джуниор Сюит с сауной,2,2,0,1,Полулюкс,4,1,"[{'double': 1}, {'single': 2}]",[],"[{'id': 913251, 'capacity': 1, 'prepayment': 'FIRST', 'nonrefundable': 1, 'cancellation_period': 0, 'cancellation_fee': 'FIRST', 'breakfast': 1, 'base_price': 8600, 'prices': [8600], 'price': 8600, 'old_price': 8600, 'currency': 'RUB', 'payment_amount': 8600, 'extras_variants': [], 'extras': [], 'rate_id': 401, 'deals': [], 'cancellation_type': 'nonrefundable', 'credit_card': 1, 'bonus': 430, 'miles': 516, 'min_stay': 1, 'platichastyami': 0, 'mircashback': 860}, {'id': 913252, 'capacity': 2, 'prepayment': 'FIRST', 'nonrefundable': 1, 'cancellation_period': 0, 'cancellation_fee': 'FIRST', 'breakfast': 1, 'base_price': 9200, 'prices': [9200], 'price': 9200, 'old_price': 9200, 'currency': 'RUB', 'payment_amount': 9200, 'extras_variants': [], 'extras': [], 'rate_id': 401, 'deals': [], 'cancellation_type': 'nonrefundable', 'credit_card': 1, 'bonus': 460, 'miles': 552, 'min_stay': 1, 'platichastyami': 0, 'mircashback': 920}]",8600.0,516,6013_101hotels,2026-08-15
2274222,,Комфорт,4,0,0,1,Семейный,44,1,"[{'double': 1, '2-tier': 1}]","[{'id': '10352', 'number': '1', 'min_age': '0', 'max_age': '2', 'is_extra_bed': '0', 'extra_bed_type_id': '0'}]","[{'id': 789990, 'capacity': 1, 'prepayment': 'NO', 'nonrefundable': 0, 'cancellation_period': 0, 'cancellation_fee': 'NO', 'breakfast': 0, 'base_price': 5800, 'prices': [5800], 'price': 5800, 'old_price': 5800, 'currency': 'RUB', 'payment_amount': 0, 'extras_variants': [], 'extras': {'10352': {'id': 10352, 'number': 1, 'extra_bed_type_id': 0, 'age': [0, 2], 'extra_bed': 0, 'free': 1}}, 'rate_id': 35596, 'deals': [], 'cancellation_type': 'free', 'credit_card': 0, 'bonus': 290, 'miles': 348, 'min_stay': 1, 'platichastyami': 0, 'mircashback': 580}, {'id': 789991, 'capacity': 2, 'prepayment': 'NO', 'nonrefundable': 0, 'cancellation_period': 0, 'cancellation_fee': 'NO', 'breakfast': 0, 'base_price': 7000, 'prices': [7000], 'price': 7000, 'old_price': 7000, 'currency': 'RUB', 'payment_amount': 0, 'extras_variants': [], 'extras': {'10352': {'id': 10352, 'number': 1, 'extra_bed_type_id': 0, 'age': [0, 2], 'extra_bed': 0, 'free': 1}}, 'rate_id': 35596, 'deals': [], 'cancellation_type': 'free', 'credit_card': 0, 'bonus': 350, 'miles': 420, 'min_stay': 1, 'platichastyami': 0, 'mircashback': 700}, {'id': 789992, 'capacity': 3, 'prepayment': 'NO', 'nonrefundable': 0, 'cancellation_period': 0, 'cancellation_fee': 'NO', 'breakfast': 0, 'base_price': 9100, 'prices': [9100], 'price': 9100, 'old_price': 9100, 'currency': 'RUB', 'payment_amount': 0, 'extras_variants': [], 'extras': {'10352': {'id': 10352, 'number': 1, 'extra_bed_type_id': 0, 'age': [0, 2], 'extra_bed': 0, 'free': 1}}, 'rate_id': 35596, 'deals': [], 'cancellation_type': 'free', 'credit_card': 0, 'bonus': 455, 'miles': 546, 'min_stay': 1, 'platichastyami': 0, 'mircashback': 910}, {'id': 789993, 'capacity': 4, 'prepayment': 'NO', 'nonrefundable': 0, 'cancellation_period': 0, 'cancellation_fee': 'NO', 'breakfast': 0, 'base_price': 11200, 'prices': [11200], 'price': 11200, 'old_price': 11200, 'currency': 'RUB', 'payment_amount': 0, 'extras_variants': [], 'extras': {'10352': {'id': 10352, 'number': 1, 'extra_bed_type_id': 0, 'age': [0, 2], 'extra_bed': 0, 'free': 1}}, 'rate_id': 35596, 'deals': [], 'cancellation_type': 'free', 'credit_card': 0, 'bonus': 560, 'miles': 672, 'min_stay': 1, 'platichastyami': 0, 'mircashback': 1120}, {'id': '789990P', 'capacity': 1, 'prepayment': 'FULL', 'nonrefundable': 0, 'cancellation_period': 0, 'cancellation_fee': 'NO', 'breakfast': 0, 'base_price': 5800, 'prices': [5800], 'price': 5800, 'old_price': 5800, 'currency': 'RUB', 'payment_amount': 5800, 'extras_variants': [], 'extras': {'10352': {'id': 10352, 'number': 1, 'extra_bed_type_id': 0, 'age': [0, 2], 'extra_bed': 0, 'free': 1}}, 'rate_id': 35596, 'deals': [], 'cancellation_type': 'free', 'credit_card': 0, 'bonus': 290, 'miles': 348, 'min_stay': 1, 'platichastyami': 0, 'mircashback': 580}, {'id': '789991P', 'capacity': 2, 'prepayment': 'FULL', 'nonrefundable': 0, 'cancellation_period': 0, 'cancellation_fee': 'NO', 'breakfast': 0, 'base_price': 7000, 'prices': [7000], 'price': 7000, 'old_price': 7000, 'currency': 'RUB', 'payment_amount': 7000, 'extras_variants': [], 'extras': {'10352': {'id': 10352, 'number': 1, 'extra_bed_type_id': 0, 'age': [0, 2], 'extra_bed': 0, 'free': 1}}, 'rate_id': 35596, 'deals': [], 'cancellation_type': 'free', 'credit_card': 0, 'bonus': 350, 'miles': 420, 'min_stay': 1, 'platichastyami': 0, 'mircashback': 700}, {'id': '789992P', 'capacity': 3, 'prepayment': 'FULL', 'nonrefundable': 0, 'cancellation_period': 0, 'cancellation_fee': 'NO', 'breakfast': 0, 'base_price': 9100, 'prices': [9100], 'price': 9100, 'old_price': 9100, 'currency': 'RUB', 'payment_amount': 9100, 'extras_variants': [], 'extras': {'10352': {'id': 10352, 'number': 1, 'extra_bed_type_id': 0, 'age': [0, 2], 'extra_bed': 0, 'free': 1}}, 'rate_id': 35596, 'deals': [], 'cancellation_type': 'free', 'credit_card': 0, 'bonus': 455, 'miles': 546, 'min_stay': 1, 'platichastyami': 0, 'mircashback': 910}, {'id': '789993P', 'capacity': 4, 'prepayment': 'FULL', 'nonrefundable': 0, 'cancellation_period': 0, 'cancellation_fee': 'NO', 'breakfast': 0, 'base_price': 11200, 'prices': [11200], 'price': 11200, 'old_price': 11200, 'currency': 'RUB', 'payment_amount': 11200, 'extras_variants': [], 'extras': {'10352': {'id': 10352, 'number': 1, 'extra_bed_type_id': 0, 'age': [0, 2], 'extra_bed': 0, 'free': 1}}, 'rate_id': 35596, 'deals': [], 'cancellation_type': 'free', 'credit_card': 0, 'bonus': 560, 'miles': 672, 'min_stay': 1, 'platichastyami': 0, 'mircashback': 1120}]",5800.0,348,666294_101hotels,2026-08-15
2274226,,Койко-место в женсокм номере,1,0,1,0,Восьмиместный Женский,77,2,[{'2-tier': 1}],[],"[{'id': 790332, 'capacity': 1, 'prepayment': 'NO', 'nonrefundable': 0, 'cancellation_period': 0, 'cancellation_fee': 'NO', 'breakfast': 0, 'base_price': 1700, 'prices': [1700], 'price': 1700, 'old_price': 1700, 'currency': 'RUB', 'payment_amount': 0, 'extras_variants': [], 'extras': [], 'rate_id': 35596, 'deals': [], 'cancellation_type': 'free', 'credit_card': 0, 'bonus': 85, 'miles': 102, 'min_stay': 1, 'platichastyami': 0, 'mircashback': 170}, {'id': '790332P', 'capacity': 1, 'prepayment': 'FULL', 'nonrefundable': 0, 'cancellation_period': 0, 'cancellation_fee': 'NO', 'breakfast': 0, 'base_price': 1700, 'prices': [1700], 'price': 1700, 'old_price': 1700, 'currency': 'RUB', 'payment_amount': 1700, 'extras_variants': [], 'extras': [], 'rate_id': 35596, 'deals': [], 'cancellation_type': 'free', 'credit_card': 0, 'bonus': 85, 'miles': 102, 'min_stay': 1, 'platichastyami': 0, 'mircashback': 170}]",1700.0,102,666294_101hotels,2026-08-15
2274230,,Койко-место в мужском номере,1,0,1,0,Восьмиместный Мужской,76,4,[{'2-tier': 1}],[],"[{'id': 790011, 'capacity': 1, 'prepayment': 'NO', 'nonrefundable': 0, 'cancellation_period': 0, 'cancellation_fee': 'NO', 'breakfast': 0, 'base_price': 1700, 'prices': [1700], 'price': 1700, 'old_price': 1700, 'currency': 'RUB', 'payment_amount': 0, 'extras_variants': [], 'extras': [], 'rate_id': 35596, 'deals': [], 'cancellation_type': 'free', 'credit_card': 0, 'bonus': 85, 'miles': 102, 'min_stay': 1, 'platichastyami': 0, 'mircashback': 170}, {'id': '790011P', 'capacity': 1, 'prepayment': 'FULL', 'nonrefundable': 0, 'cancellation_period': 0, 'cancellation_fee': 'NO', 'breakfast': 0, 'base_price': 1700, 'prices': [1700], 'price': 1700, 'old_price': 1700, 'currency': 'RUB', 'payment_amount': 1700, 'extras_variants': [], 'extras': [], 'rate_id': 35596, 'deals': [], 'cancellation_type': 'free', 'credit_card': 0, 'bonus': 85, 'miles': 102, 'min_stay': 1, 'platichastyami': 0, 'mircashback': 170}]",1700.0,102,666294_101hotels,2026-08-15
1217580,,С 2 односпальными кроватями и своим санузлом №1,2,0,0,1,Двухместный,2,1,[{'single': 2}],[],"[{'id': 375785, 'capacity': 1, 'prepayment': 'FIRST', 'nonrefundable': 0, 'cancellation_period': 1, 'cancellation_fee': 'FIRST', 'breakfast': 0, 'base_price': 2700, 'prices': [2700], 'price': 2295, 'old_price': 2700, 'currency': 'RUB', 'payment_amount': 2700, 'extras_variants': [], 'extras': [], 'rate_id': 6123, 'deals': ['LAST_MINUTE'], 'cancellation_type': 'special', 'credit_card': 1, 'bonus': 115, 'miles': 135, 'min_stay': 1, 'platichastyami': 0, 'mircashback': 230}, {'id': 375786, 'capacity': 2, 'prepayment': 'FIRST', 'nonrefundable': 0, 'cancellation_period': 1, 'cancellation_fee': 'FIRST', 'breakfast': 0, 'base_price': 3200, 'prices': [3200], 'price': 2720, 'old_price': 3200, 'currency': 'RUB', 'payment_amount': 3200, 'extras_variants': [], 'extras': [], 'rate_id': 6123, 'deals': ['LAST_MINUTE'], 'cancellation_type': 'special', 'credit_card': 1, 'bonus': 136, 'miles': 162, 'min_stay': 1, 'platichastyami': 0, 'mircashback': 272}]",2295.0,135,378505_101hotels,2026-08-15
1217584,,Кровать в общем номере для женщин №7,6,0,1,0,Шестиместный,36,4,[{'single': 1}],"[{'id': '48824', 'number': '1', 'min_age': '0', 'max_age': '7', 'is_extra_bed': '0', 'extra_bed_type_id': '0'}]","[{'id': 375793, 'capacity': 1, 'prepayment': 'FIRST', 'nonrefundable': 0, 'cancellation_period': 1, 'cancellation_fee': 'FIRST', 'breakfast': 0, 'base_price': 1100, 'prices': [1100], 'price': 935, 'old_price': 1100, 'currency': 'RUB', 'payment_amount': 1100, 'extras_variants': [], 'extras': {'48824': {'id': 48824, 'number': 1, 'extra_bed_type_id': 0, 'age': [0, 7], 'extra_bed': 0, 'free': 1}}, 'rate_id': 6123, 'deals': ['LAST_MINUTE'], 'cancellation_type': 'special', 'credit_card': 1, 'bonus': 47, 'miles': 54, 'min_stay': 1, 'platichastyami': 0, 'mircashback': 94}]",935.0,54,378505_101hotels,2026-08-15
1217585,,"Четырехместный смешанный номер (муж, жен), семейный №4, №5",4,0,1,0,Четырехместный,34,5,[{'single': 1}],"[{'id': '48823', 'number': '1', 'min_age': '0', 'max_age': '7', 'is_extra_bed': '0', 'extra_bed_type_id': '0'}]","[{'id': 375789, 'capacity': 1, 'prepayment': 'FIRST', 'nonrefundable': 0, 'cancellation_period': 1, 'cancellation_fee': 'FIRST', 'breakfast': 0, 'base_price': 1200, 'prices': [1200], 'price': 1020, 'old_price': 1200, 'currency': 'RUB', 'payment_amount': 1200, 'extras_variants': [], 'extras': {'48823': {'id': 48823, 'number': 1, 'extra_bed_type_id': 0, 'age': [0, 7], 'extra_bed': 0, 'free': 1}}, 'rate_id': 6123, 'deals': ['LAST_MINUTE'], 'cancellation_type': 'special', 'credit_card': 1, 'bonus': 51, 'miles': 60, 'min_stay': 1, 'platichastyami': 0, 'mircashback': 102}]",1020.0,60,378505_101hotels,2026-08-15
2301500,,Кровать в общем номере для мужчин №3,1,0,1,0,Восьмиместный Мужской,76,6,[{'single': 1}],[],"[{'id': 1051132, 'capacity': 1, 'prepayment': 'FIRST', 'nonrefundable': 0, 'cancellation_period': 1, 'cancellation_fee': 'FIRST', 'breakfast': 0, 'base_price': 1100, 'prices': [1100], 'price': 935, 'old_price': 1100, 'currency': 'RUB', 'payment_amount': 1100, 'extras_variants': [], 'extras': [], 'rate_id': 6123, 'deals': ['LAST_MINUTE'], 'cancellation_type': 'special', 'credit_card': 1, 'bonus': 47, 'miles': 54, 'min_stay': 1, 'platichastyami': 0, 'mircashback': 94}]",935.0,54,378505_101hotels,2026-08-15
2289971,,Комфорт,2,1,0,1,Трехместный,37,2,"[{'single': 1, 'double': 1}, {'single': 1, 'double': 1}]",[],"[{'id': 956971, 'capacity': 1, 'prepayment': 'FIRST', 'nonrefundable': 1, 'cancellation_period': 0, 'cancellation_fee': 'FIRST', 'breakfast': 0, 'base_price': 4300, 'prices': [4300], 'price': 4300, 'old_price': 4300, 'currency': 'RUB', 'payment_amount': 4300, 'extras_variants': [], 'extras': [], 'rate_id': 41146, 'deals': [], 'cancellation_type': 'nonrefundable', 'credit_card': 1, 'bonus': 215, 'miles': 258, 'min_stay': 1, 'platichastyami': 0, 'mircashback': 430}, {'id': 956977, 'capacity': 1, 'prepayment': 'NO', 'nonrefundable': 0, 'cancellation_period': 0, 'cancellation_fee': 'NO', 'breakfast': 0, 'base_price': 4300, 'prices': [4300], 'price': 4300, 'old_price': 4300, 'currency': 'RUB', 'payment_amount': 0, 'extras_variants': [], 'extras': [], 'rate_id': 41147, 'deals': [], 'cancellation_type': 'free', 'credit_card': 0, 'bonus': 215, 'miles': 258, 'min_stay': 1, 'platichastyami': 0, 'mircashback': 430}, {'id': 956972, 'capacity': 2, 'prepayment': 'FIRST', 'nonrefundable': 1, 'cancellation_period': 0, 'cancellation_fee': 'FIRST', 'breakfast': 0, 'base_price': 4300, 'prices': [4300], 'price': 4300, 'old_price': 4300, 'currency': 'RUB', 'payment_amount': 4300, 'extras_variants': [], 'extras': [], 'rate_id': 41146, 'deals': [], 'cancellation_type': 'nonrefundable', 'credit_card': 1, 'bonus': 215, 'miles': 258, 'min_stay': 1, 'platichastyami': 0, 'mircashback': 430}, {'id': 956978, 'capacity': 2, 'prepayment': 'NO', 'nonrefundable': 0, 'cancellation_period': 0, 'cancellation_fee': 'NO', 'breakfast': 0, 'base_price': 4300, 'prices': [4300], 'price': 4300, 'old_price': 4300, 'currency': 'RUB', 'payment_amount': 0, 'extras_variants': [], 'extras': [], 'rate_id': 41147, 'deals': [], 'cancellation_type': 'free', 'credit_card': 0, 'bonus': 215, 'miles': 258, 'min_stay': 1, 'platichastyami': 0, 'mircashback': 430}]",4300.0,258,669236_101hotels,2026-08-15
460588,,Стандарт с 1 кроватью,2,0,0,1,Двухместный,2,20,[{'double': 1}],[],"[{'id': 279584, 'capacity': 1, 'prepayment': 'FULL', 'nonrefundable': 0, 'cancellation_period': 14, 'cancellation_fee': 'FIRST', 'breakfast': 0, 'base_price': 6250, 'prices': [6250], 'price': 6250, 'old_price': 6250, 'currency': 'RUB', 'payment_amount': 6250, 'extras_variants': [], 'extras': [], 'rate_id': 1577, 'deals': [], 'cancellation_type': 'special', 'credit_card': 1, 'bonus': 313, 'miles': 375, 'min_stay': 1, 'platichastyami': 0, 'mircashback': 625}, {'id': 279585, 'capacity': 2, 'prepayment': 'FULL', 'nonrefundable': 0, 'cancellation_period': 14, 'cancellation_fee': 'FIRST', 'breakfast': 0, 'base_price': 7000, 'prices': [7000], 'price': 7000, 'old_price': 7000, 'currency': 'RUB', 'payment_amount': 7000, 'extras_variants': [], 'extras': [], 'rate_id': 1577, 'deals': [], 'cancellation_type': 'special', 'credit_card': 1, 'bonus': 350, 'miles': 420, 'min_stay': 1, 'platichastyami': 0, 'mircashback': 700}]",6250.0,375,140778_101hotels,2026-08-15
460590,,Стандарт с 2 отдельными кроватями,2,0,0,1,Двухместный,2,12,[{'single': 2}],[],"[{'id': 279586, 'capacity': 1, 'prepayment': 'FULL', 'nonrefundable': 0, 'cancellation_period': 14, 'cancellation_fee': 'FIRST', 'breakfast': 0, 'base_price': 6250, 'prices': [6250], 'price': 6250, 'old_price': 6250, 'currency': 'RUB', 'payment_amount': 6250, 'extras_variants': [], 'extras': [], 'rate_id': 1577, 'deals': [], 'cancellation_type': 'special', 'credit_card': 1, 'bonus': 313, 'miles': 375, 'min_stay': 1, 'platichastyami': 0, 'mircashback': 625}, {'id': 279587, 'capacity': 2, 'prepayment': 'FULL', 'nonrefundable': 0, 'cancellation_period': 14, 'cancellation_fee': 'FIRST', 'breakfast': 0, 'base_price': 7000, 'prices': [7000], 'price': 7000, 'old_price': 7000, 'currency': 'RUB', 'payment_amount': 7000, 'extras_variants': [], 'extras': [], 'rate_id': 1577, 'deals': [], 'cancellation_type': 'special', 'credit_card': 1, 'bonus': 350, 'miles': 420, 'min_stay': 1, 'platichastyami': 0, 'mircashback': 700}]",6250.0,375,140778_101hotels,2026-08-15
2214998,,Улучшенный  с 2 отдельными кроватями,2,0,0,1,Двухместный,2,1,[{'single': 2}],[],"[{'id': 279588, 'capacity': 1, 'prepayment': 'FULL', 'nonrefundable': 0, 'cancellation_period': 14, 'cancellation_fee': 'FIRST', 'breakfast': 0, 'base_price': 7750, 'prices': [7750], 'price': 7750, 'old_price': 7750, 'currency': 'RUB', 'payment_amount': 7750, 'extras_variants': [], 'extras': [], 'rate_id': 1577, 'deals': [], 'cancellation_type': 'special', 'credit_card': 1, 'bonus': 388, 'miles': 465, 'min_stay': 1, 'platichastyami': 0, 'mircashback': 775}, {'id': 279589, 'capacity': 2, 'prepayment': 'FULL', 'nonrefundable': 0, 'cancellation_period': 14, 'cancellation_fee': 'FIRST', 'breakfast': 0, 'base_price': 9500, 'prices': [9500], 'price': 9500, 'old_price': 9500, 'currency': 'RUB', 'payment_amount': 9500, 'extras_variants': [], 'extras': [], 'rate_id': 1577, 'deals': [], 'cancellation_type': 'special', 'credit_card': 1, 'bonus': 475, 'miles': 570, 'min_stay': 1, 'platichastyami': 0, 'mircashback': 950}]",7750.0,465,140778_101hotels,2026-08-15
2214999,,Улучшенный с 1 кроватью,2,0,0,1,Двухместный,2,5,[{'double': 1}],[],"[{'id': 279590, 'capacity': 1, 'prepayment': 'FULL', 'nonrefundable': 0, 'cancellation_period': 14, 'cancellation_fee': 'FIRST', 'breakfast': 0, 'base_price': 7750, 'prices': [7750], 'price': 7750, 'old_price': 7750, 'currency': 'RUB', 'payment_amount': 7750, 'extras_variants': [], 'extras': [], 'rate_id': 1577, 'deals': [], 'cancellation_type': 'special', 'credit_card': 1, 'bonus': 388, 'miles': 465, 'min_stay': 1, 'platichastyami': 0, 'mircashback': 775}, {'id': 279591, 'capacity': 2, 'prepayment': 'FULL', 'nonrefundable': 0, 'cancellation_period': 14, 'cancellation_fee': 'FIRST', 'breakfast': 0, 'base_price': 9500, 'prices': [9500], 'price': 9500, 'old_price': 9500, 'currency': 'RUB', 'payment_amount': 9500, 'extras_variants': [], 'extras': [], 'rate_id': 1577, 'deals': [], 'cancellation_type': 'special', 'credit_card': 1, 'bonus': 475, 'miles': 570, 'min_stay': 1, 'platichastyami': 0, 'mircashback': 950}]",7750.0,465,140778_101hotels,2026-08-15
33534,,,2,0,0,1,Полулюкс,4,2,[{'double': 1}],"[{'id': '3521', 'number': '1', 'min_age': '1', 'max_age': '5', 'is_extra_bed': '0', 'extra_bed_type_id': '0'}]","[{'id': 310377, 'capacity': 1, 'prepayment': 'NO', 'nonrefundable': 0, 'cancellation_period': 0, 'cancellation_fee': 'NO', 'breakfast': 1, 'base_price': 4000, 'prices': [4000], 'price': 4000, 'old_price': 4000, 'currency': 'RUB', 'payment_amount': 0, 'extras_variants': [], 'extras': {'3521': {'id': 3521, 'number': 1, 'extra_bed_type_id': 0, 'age': [1, 5], 'extra_bed': 0, 'free': 1}}, 'rate_id': 2848, 'deals': [], 'cancellation_type': 'free', 'credit_card': 0, 'bonus': 200, 'miles': 240, 'min_stay': 1, 'platichastyami': 0, 'mircashback': 400}, {'id': 310378, 'capacity': 2, 'prepayment': 'NO', 'nonrefundable': 0, 'cancellation_period': 0, 'cancellation_fee': 'NO', 'breakfast': 1, 'base_price': 4000, 'prices': [4000], 'price': 4000, 'old_price': 4000, 'currency': 'RUB', 'payment_amount': 0, 'extras_variants': [], 'extras': {'3521': {'id': 3521, 'number': 1, 'extra_bed_type_id': 0, 'age': [1, 5], 'extra_bed': 0, 'free': 1}}, 'rate_id': 2848, 'deals': [], 'cancellation_type': 'free', 'credit_card': 0, 'bonus': 200, 'miles': 240, 'min_stay': 1, 'platichastyami': 0, 'mircashback': 400}]",4000.0,240,7044_101hotels,2026-08-15
1746432,,С 2 отдельными кроватями,2,0,0,1,Двухместный,2,2,[{'single': 2}],[],"[{'id': 310375, 'capacity': 1, 'prepayment': 'NO', 'nonrefundable': 0, 'cancellation_period': 0, 'cancellation_fee': 'NO', 'breakfast': 1, 'base_price': 4000, 'prices': [4000], 'price': 4000, 'old_price': 4000, 'currency': 'RUB', 'payment_amount': 0, 'extras_variants': [], 'extras': [], 'rate_id': 2848, 'deals': [], 'cancellation_type': 'free', 'credit_card': 0, 'bonus': 200, 'miles': 240, 'min_stay': 1, 'platichastyami': 0, 'mircashback': 400}, {'id': 310376, 'capacity': 2, 'prepayment': 'NO', 'nonrefundable': 0, 'cancellation_period': 0, 'cancellation_fee': 'NO', 'breakfast': 1, 'base_price': 4000, 'prices': [4000], 'price': 4000, 'old_price': 4000, 'currency': 'RUB', 'payment_amount': 0, 'extras_variants': [], 'extras': [], 'rate_id': 2848, 'deals': [], 'cancellation_type': 'free', 'credit_card': 0, 'bonus': 200, 'miles': 240, 'min_stay': 1, 'platichastyami': 0, 'mircashback': 400}]",4000.0,240,7044_101hotels,2026-08-15
1746433,,,1,0,0,1,Одноместный,1,4,[{'single': 1}],[],"[{'id': 310379, 'capacity': 1, 'prepayment': 'NO', 'nonrefundable': 0, 'cancellation_period': 0, 'cancellation_fee': 'NO', 'breakfast': 1, 'base_price': 3000, 'prices': [3000], 'price': 3000, 'old_price': 3000, 'currency': 'RUB', 'payment_amount': 0, 'extras_variants': [], 'extras': [], 'rate_id': 2848, 'deals': [], 'cancellation_type': 'free', 'credit_card': 0, 'bonus': 150, 'miles': 180, 'min_stay': 1, 'platichastyami': 0, 'mircashback': 300}]",3000.0,180,7044_101hotels,2026-08-15
5771,,Классик,1,0,0,1,Одноместный,1,5,[{'single': 1}],[],"[{'id': 1184988, 'capacity': 1, 'prepayment': 'NO', 'nonrefundable': 0, 'cancellation_period': 0, 'cancellation_fee': 'NO', 'breakfast': 1, 'base_price': 4900, 'prices': [4900], 'price': 4900, 'old_price': 0, 'currency': 'RUB', 'payment_amount': 0, 'extras_variants': [], 'extras': [], 'rate_id': 60454, 'deals': [], 'cancellation_type': 'free', 'credit_card': 0, 'bonus': 245, 'miles': 294, 'min_stay': 1, 'platichastyami': 0, 'mircashback': 490}]",4900.0,294,228_101hotels,2026-08-15
5774,,Комфорт,1,0,0,1,Одноместный,1,8,[{'single': 1}],[],"[{'id': 1184989, 'capacity': 1, 'prepayment': 'NO', 'nonrefundable': 0, 'cancellation_period': 0, 'cancellation_fee': 'NO', 'breakfast': 1, 'base_price': 5400, 'prices': [5400], 'price': 5400, 'old_price': 0, 'currency': 'RUB', 'payment_amount': 0, 'extras_variants': [], 'extras': [], 'rate_id': 60454, 'deals': [], 'cancellation_type': 'free', 'credit_card': 0, 'bonus': 270, 'miles': 324, 'min_stay': 1, 'platichastyami': 0, 'mircashback': 540}]",5400.0,324,228_101hotels,2026-08-15
5778,,Гранд Улучшенный,2,0,0,1,Двухместный,2,3,[{'single': 2}],[],"[{'id': 1184991, 'capacity': 1, 'prepayment': 'NO', 'nonrefundable': 0, 'cancellation_period': 0, 'cancellation_fee': 'NO', 'breakfast': 1, 'base_price': 6800, 'prices': [6800], 'price': 6800, 'old_price': 0, 'currency': 'RUB', 'payment_amount': 0, 'extras_variants': [], 'extras': [], 'rate_id': 60454, 'deals': [], 'cancellation_type': 'free', 'credit_card': 0, 'bonus': 340, 'miles': 408, 'min_stay': 1, 'platichastyami': 0, 'mircashback': 680}, {'id': 1184992, 'capacity': 2, 'prepayment': 'NO', 'nonrefundable': 0, 'cancellation_period': 0, 'cancellation_fee': 'NO', 'breakfast': 1, 'base_price': 6800, 'prices': [6800], 'price': 6800, 'old_price': 0, 'currency': 'RUB', 'payment_amount': 0, 'extras_variants': [], 'extras': [], 'rate_id': 60454, 'deals': [], 'cancellation_type': 'free', 'credit_card': 0, 'bonus': 340, 'miles': 408, 'min_stay': 1, 'platichastyami': 0, 'mircashback': 680}]",6800.0,408,228_101hotels,2026-08-15
5780,,Бизнес Улучшенный,2,0,0,1,Двухместный,2,2,"[{'single': 2}, {'double': 1}]",[],"[{'id': 1184993, 'capacity': 1, 'prepayment': 'NO', 'nonrefundable': 0, 'cancellation_period': 0, 'cancellation_fee': 'NO', 'breakfast': 1, 'base_price': 6300, 'prices': [6300], 'price': 6300, 'old_price': 0, 'currency': 'RUB', 'payment_amount': 0, 'extras_variants': [], 'extras': [], 'rate_id': 60454, 'deals': [], 'cancellation_type': 'free', 'credit_card': 0, 'bonus': 315, 'miles': 378, 'min_stay': 1, 'platichastyami': 0, 'mircashback': 630}, {'id': 1184994, 'capacity': 2, 'prepayment': 'NO', 'nonrefundable': 0, 'cancellation_period': 0, 'cancellation_fee': 'NO', 'breakfast': 1, 'base_price': 6300, 'prices': [6300], 'price': 6300, 'old_price': 0, 'currency': 'RUB', 'payment_amount': 0, 'extras_variants': [], 'extras': [], 'rate_id': 60454, 'deals': [], 'cancellation_type': 'free', 'credit_card': 0, 'bonus': 315, 'miles': 378, 'min_stay': 1, 'platichastyami': 0, 'mircashback': 630}]",6300.0,378,228_101hotels,2026-08-15
5783,,Джуниор «Купеческий»,2,0,0,1,Сюит,27,1,[{'double': 1}],[],"[{'id': 1184999, 'capacity': 1, 'prepayment': 'NO', 'nonrefundable': 0, 'cancellation_period': 0, 'cancellation_fee': 'NO', 'breakfast': 1, 'base_price': 9500, 'prices': [9500], 'price': 9500, 'old_price': 0, 'currency': 'RUB', 'payment_amount': 0, 'extras_variants': [], 'extras': [], 'rate_id': 60454, 'deals': [], 'cancellation_type': 'free', 'credit_card': 0, 'bonus': 475, 'miles': 570, 'min_stay': 1, 'platichastyami': 0, 'mircashback': 950}, {'id': 1185000, 'capacity': 2, 'prepayment': 'NO', 'nonrefundable': 0, 'cancellation_period': 0, 'cancellation_fee': 'NO', 'breakfast': 1, 'base_price': 9500, 'prices': [9500], 'price': 9500, 'old_price': 0, 'currency': 'RUB', 'payment_amount': 0, 'extras_variants': [], 'extras': [], 'rate_id': 60454, 'deals': [], 'cancellation_type': 'free', 'credit_card': 0, 'bonus': 475, 'miles': 570, 'min_stay': 1, 'platichastyami': 0, 'mircashback': 950}]",9500.0,570,228_101hotels,2026-08-15
5784,,Джуниор «Знатный»,2,0,0,1,Сюит,27,1,[{'double': 1}],[],"[{'id': 1185001, 'capacity': 1, 'prepayment': 'NO', 'nonrefundable': 0, 'cancellation_period': 0, 'cancellation_fee': 'NO', 'breakfast': 1, 'base_price': 9500, 'prices': [9500], 'price': 9500, 'old_price': 0, 'currency': 'RUB', 'payment_amount': 0, 'extras_variants': [], 'extras': [], 'rate_id': 60454, 'deals': [], 'cancellation_type': 'free', 'credit_card': 0, 'bonus': 475, 'miles': 570, 'min_stay': 1, 'platichastyami': 0, 'mircashback': 950}, {'id': 1185002, 'capacity': 2, 'prepayment': 'NO', 'nonrefundable': 0, 'cancellation_period': 0, 'cancellation_fee': 'NO', 'breakfast': 1, 'base_price': 9500, 'prices': [9500], 'price': 9500, 'old_price': 0, 'currency': 'RUB', 'payment_amount': 0, 'extras_variants': [], 'extras': [], 'rate_id': 60454, 'deals': [], 'cancellation_type': 'free', 'credit_card': 0, 'bonus': 475, 'miles': 570, 'min_stay': 1, 'platichastyami': 0, 'mircashback': 950}]",9500.0,570,228_101hotels,2026-08-15
5787,,"Дворянский, Генерал-губернаторский",2,0,0,1,Люкс,6,1,[{'double': 1}],[],"[{'id': 1184997, 'capacity': 1, 'prepayment': 'NO', 'nonrefundable': 0, 'cancellation_period': 0, 'cancellation_fee': 'NO', 'breakfast': 1, 'base_price': 12900, 'prices': [12900], 'price': 12900, 'old_price': 0, 'currency': 'RUB', 'payment_amount': 0, 'extras_variants': [], 'extras': [], 'rate_id': 60454, 'deals': [], 'cancellation_type': 'free', 'credit_card': 0, 'bonus': 645, 'miles': 774, 'min_stay': 1, 'platichastyami': 0, 'mircashback': 1290}, {'id': 1184998, 'capacity': 2, 'prepayment': 'NO', 'nonrefundable': 0, 'cancellation_period': 0, 'cancellation_fee': 'NO', 'breakfast': 1, 'base_price': 12900, 'prices': [12900], 'price': 12900, 'old_price': 0, 'currency': 'RUB', 'payment_amount': 0, 'extras_variants': [], 'extras': [], 'rate_id': 60454, 'deals': [], 'cancellation_type': 'free', 'credit_card': 0, 'bonus': 645, 'miles': 774, 'min_stay': 1, 'platichastyami': 0, 'mircashback': 1290}]",12900.0,774,228_101hotels,2026-08-15
1248432,,Классик-М (Мансарда),1,0,0,1,Одноместный,1,6,[{'single': 1}],[],"[{'id': 1184990, 'capacity': 1, 'prepayment': 'NO', 'nonrefundable': 0, 'cancellation_period': 0, 'cancellation_fee': 'NO', 'breakfast': 1, 'base_price': 4700, 'prices': [4700], 'price': 4700, 'old_price': 0, 'currency': 'RUB', 'payment_amount': 0, 'extras_variants': [], 'extras': [], 'rate_id': 60454, 'deals': [], 'cancellation_type': 'free', 'credit_card': 0, 'bonus': 235, 'miles': 282, 'min_stay': 1, 'platichastyami': 0, 'mircashback': 470}]",4700.0,282,228_101hotels,2026-08-15
2312209,,"Двухместный ""Бизнес - М"" (мансарда)",2,0,0,1,Двухместный,2,3,[{'double': 1}],[],"[{'id': 1184995, 'capacity': 1, 'prepayment': 'NO', 'nonrefundable': 0, 'cancellation_period': 0, 'cancellation_fee': 'NO', 'breakfast': 1, 'base_price': 5800, 'prices': [5800], 'price': 5800, 'old_price': 0, 'currency': 'RUB', 'payment_amount': 0, 'extras_variants': [], 'extras': [], 'rate_id': 60454, 'deals': [], 'cancellation_type': 'free', 'credit_card': 0, 'bonus': 290, 'miles': 348, 'min_stay': 1, 'platichastyami': 0, 'mircashback': 580}, {'id': 1184996, 'capacity': 2, 'prepayment': 'NO', 'nonrefundable': 0, 'cancellation_period': 0, 'cancellation_fee': 'NO', 'breakfast': 1, 'base_price': 5800, 'prices': [5800], 'price': 5800, 'old_price': 0, 'currency': 'RUB', 'payment_amount': 0, 'extras_variants': [], 'extras': [], 'rate_id': 60454, 'deals': [], 'cancellation_type': 'free', 'credit_card': 0, 'bonus': 290, 'miles': 348, 'min_stay': 1, 'platichastyami': 0, 'mircashback': 580}]",5800.0,348,228_101hotels,2026-08-15
82026,,Номер с одной двуспальной или двумя односпальными кроватями,2,0,0,1,Двухместный,2,14,"[{'single': 2}, {'double': 1}]","[{'id': '38103', 'number': '1', 'min_age': '0', 'max_age': '7', 'is_extra_bed': '0', 'extra_bed_type_id': '0'}]","[{'id': 713678, 'capacity': 1, 'prepayment': 'NO', 'nonrefundable': 0, 'cancellation_period': 0, 'cancellation_fee': 'NO', 'breakfast': 1, 'base_price': 4500, 'prices': [4500], 'price': 4500, 'old_price': 4500, 'currency': 'RUB', 'payment_amount': 0, 'extras_variants': [], 'extras': {'38103': {'id': 38103, 'number': 1, 'extra_bed_type_id': 0, 'age': [0, 7], 'extra_bed': 0, 'free': 1}}, 'rate_id': 29549, 'deals': [], 'cancellation_type': 'free', 'credit_card': 0, 'bonus': 225, 'miles': 270, 'min_stay': 1, 'platichastyami': 0, 'mircashback': 450}, {'id': 713679, 'capacity': 2, 'prepayment': 'NO', 'nonrefundable': 0, 'cancellation_period': 0, 'cancellation_fee': 'NO', 'breakfast': 1, 'base_price': 4500, 'prices': [4500], 'price': 4500, 'old_price': 4500, 'currency': 'RUB', 'payment_amount': 0, 'extras_variants': [], 'extras': {'38103': {'id': 38103, 'number': 1, 'extra_bed_type_id': 0, 'age': [0, 7], 'extra_bed': 0, 'free': 1}}, 'rate_id': 29549, 'deals': [], 'cancellation_type': 'free', 'credit_card': 0, 'bonus': 225, 'miles': 270, 'min_stay': 1, 'platichastyami': 0, 'mircashback': 450}, {'id': '713678P', 'capacity': 1, 'prepayment': 'FULL', 'nonrefundable': 0, 'cancellation_period': 0, 'cancellation_fee': 'NO', 'breakfast': 1, 'base_price': 4500, 'prices': [4500], 'price': 4500, 'old_price': 4500, 'currency': 'RUB', 'payment_amount': 4500, 'extras_variants': [], 'extras': {'38103': {'id': 38103, 'number': 1, 'extra_bed_type_id': 0, 'age': [0, 7], 'extra_bed': 0, 'free': 1}}, 'rate_id': 29549, 'deals': [], 'cancellation_type': 'free', 'credit_card': 0, 'bonus': 225, 'miles': 270, 'min_stay': 1, 'platichastyami': 0, 'mircashback': 450}, {'id': '713679P', 'capacity': 2, 'prepayment': 'FULL', 'nonrefundable': 0, 'cancellation_period': 0, 'cancellation_fee': 'NO', 'breakfast': 1, 'base_price': 4500, 'prices': [4500], 'price': 4500, 'old_price': 4500, 'currency': 'RUB', 'payment_amount': 4500, 'extras_variants': [], 'extras': {'38103': {'id': 38103, 'number': 1, 'extra_bed_type_id': 0, 'age': [0, 7], 'extra_bed': 0, 'free': 1}}, 'rate_id': 29549, 'deals': [], 'cancellation_type': 'free', 'credit_card': 0, 'bonus': 225, 'miles': 270, 'min_stay': 1, 'platichastyami': 0, 'mircashback': 450}]",4500.0,270,16033_101hotels,2026-08-15
82028,,,3,0,0,1,Трехместный,37,2,[{'single': 3}],[],"[{'id': 713682, 'capacity': 1, 'prepayment': 'NO', 'nonrefundable': 0, 'cancellation_period': 0, 'cancellation_fee': 'NO', 'breakfast': 1, 'base_price': 5000, 'prices': [5000], 'price': 5000, 'old_price': 5000, 'currency': 'RUB', 'payment_amount': 0, 'extras_variants': [], 'extras': [], 'rate_id': 29549, 'deals': [], 'cancellation_type': 'free', 'credit_card': 0, 'bonus': 250, 'miles': 300, 'min_stay': 1, 'platichastyami': 0, 'mircashback': 500}, {'id': 713683, 'capacity': 2, 'prepayment': 'NO', 'nonrefundable': 0, 'cancellation_period': 0, 'cancellation_fee': 'NO', 'breakfast': 1, 'base_price': 5000, 'prices': [5000], 'price': 5000, 'old_price': 5000, 'currency': 'RUB', 'payment_amount': 0, 'extras_variants': [], 'extras': [], 'rate_id': 29549, 'deals': [], 'cancellation_type': 'free', 'credit_card': 0, 'bonus': 250, 'miles': 300, 'min_stay': 1, 'platichastyami': 0, 'mircashback': 500}, {'id': 713684, 'capacity': 3, 'prepayment': 'NO', 'nonrefundable': 0, 'cancellation_period': 0, 'cancellation_fee': 'NO', 'breakfast': 1, 'base_price': 5000, 'prices': [5000], 'price': 5000, 'old_price': 5000, 'currency': 'RUB', 'payment_amount': 0, 'extras_variants': [], 'extras': [], 'rate_id': 29549, 'deals': [], 'cancellation_type': 'free', 'credit_card': 0, 'bonus': 250, 'miles': 300, 'min_stay': 1, 'platichastyami': 0, 'mircashback': 500}, {'id': '713682P', 'capacity': 1, 'prepayment': 'FULL', 'nonrefundable': 0, 'cancellation_period': 0, 'cancellation_fee': 'NO', 'breakfast': 1, 'base_price': 5000, 'prices': [5000], 'price': 5000, 'old_price': 5000, 'currency': 'RUB', 'payment_amount': 5000, 'extras_variants': [], 'extras': [], 'rate_id': 29549, 'deals': [], 'cancellation_type': 'free', 'credit_card': 0, 'bonus': 250, 'miles': 300, 'min_stay': 1, 'platichastyami': 0, 'mircashback': 500}, {'id': '713683P', 'capacity': 2, 'prepayment': 'FULL', 'nonrefundable': 0, 'cancellation_period': 0, 'cancellation_fee': 'NO', 'breakfast': 1, 'base_price': 5000, 'prices': [5000], 'price': 5000, 'old_price': 5000, 'currency': 'RUB', 'payment_amount': 5000, 'extras_variants': [], 'extras': [], 'rate_id': 29549, 'deals': [], 'cancellation_type': 'free', 'credit_card': 0, 'bonus': 250, 'miles': 300, 'min_stay': 1, 'platichastyami': 0, 'mircashback': 500}, {'id': '713684P', 'capacity': 3, 'prepayment': 'FULL', 'nonrefundable': 0, 'cancellation_period': 0, 'cancellation_fee': 'NO', 'breakfast': 1, 'base_price': 5000, 'prices': [5000], 'price': 5000, 'old_price': 5000, 'currency': 'RUB', 'payment_amount': 5000, 'extras_variants': [], 'extras': [], 'rate_id': 29549, 'deals': [], 'cancellation_type': 'free', 'credit_card': 0, 'bonus': 250, 'miles': 300, 'min_stay': 1, 'platichastyami': 0, 'mircashback': 500}]",5000.0,300,16033_101hotels,2026-08-15
5785,,Улучшенный,2,0,0,1,Двухместный,2,36,"[{'double': 1}, {'single': 2}]",[],"[{'id': 598041, 'capacity': 1, 'prepayment': 'FULL', 'nonrefundable': 1, 'cancellation_period': 0, 'cancellation_fee': 'FIRST', 'breakfast': 1, 'base_price': 5900, 'prices': [5900], 'price': 5900, 'old_price': 5900, 'currency': 'RUB', 'payment_amount': 5900, 'extras_variants': [], 'extras': [], 'rate_id': 21056, 'deals': [], 'cancellation_type': 'nonrefundable', 'credit_card': 1, 'bonus': 295, 'miles': 354, 'min_stay': 1, 'platichastyami': 0, 'mircashback': 590}, {'id': 1191309, 'capacity': 1, 'prepayment': 'FULL', 'nonrefundable': 0, 'cancellation_period': 0, 'cancellation_fee': 'NO', 'breakfast': 0, 'base_price': 6100, 'prices': [6100], 'price': 6100, 'old_price': 6100, 'currency': 'RUB', 'payment_amount': 6100, 'extras_variants': [], 'extras': [], 'rate_id': 60821, 'deals': [], 'cancellation_type': 'free', 'credit_card': 1, 'bonus': 305, 'miles': 366, 'min_stay': 1, 'platichastyami': 0, 'mircashback': 610}, {'id': 1191310, 'capacity': 2, 'prepayment': 'FULL', 'nonrefundable': 0, 'cancellation_period': 0, 'cancellation_fee': 'NO', 'breakfast': 0, 'base_price': 6600, 'prices': [6600], 'price': 6600, 'old_price': 6600, 'currency': 'RUB', 'payment_amount': 6600, 'extras_variants': [], 'extras': [], 'rate_id': 60821, 'deals': [], 'cancellation_type': 'free', 'credit_card': 1, 'bonus': 330, 'miles': 396, 'min_stay': 1, 'platichastyami': 0, 'mircashback': 660}, {'id': 598042, 'capacity': 2, 'prepayment': 'FULL', 'nonrefundable': 1, 'cancellation_period': 0, 'cancellation_fee': 'FIRST', 'breakfast': 1, 'base_price': 7000, 'prices': [7000], 'price': 7000, 'old_price': 7000, 'currency': 'RUB', 'payment_amount': 7000, 'extras_variants': [], 'extras': [], 'rate_id': 21056, 'deals': [], 'cancellation_type': 'nonrefundable', 'credit_card': 1, 'bonus': 350, 'miles': 420, 'min_stay': 1, 'platichastyami': 0, 'mircashback': 700}]",5900.0,354,224_101hotels,2026-08-15
5789,,Стандарт,2,0,0,1,Двухместный,2,12,"[{'double': 1}, {'single': 2}]",[],"[{'id': 598043, 'capacity': 1, 'prepayment': 'FULL', 'nonrefundable': 1, 'cancellation_period': 0, 'cancellation_fee': 'FIRST', 'breakfast': 1, 'base_price': 4900, 'prices': [4900], 'price': 4900, 'old_price': 4900, 'currency': 'RUB', 'payment_amount': 4900, 'extras_variants': [], 'extras': [], 'rate_id': 21056, 'deals': [], 'cancellation_type': 'nonrefundable', 'credit_card': 1, 'bonus': 245, 'miles': 294, 'min_stay': 1, 'platichastyami': 0, 'mircashback': 490}, {'id': 1191311, 'capacity': 1, 'prepayment': 'FULL', 'nonrefundable': 0, 'cancellation_period': 0, 'cancellation_fee': 'NO', 'breakfast': 0, 'base_price': 5100, 'prices': [5100], 'price': 5100, 'old_price': 5100, 'currency': 'RUB', 'payment_amount': 5100, 'extras_variants': [], 'extras': [], 'rate_id': 60821, 'deals': [], 'cancellation_type': 'free', 'credit_card': 1, 'bonus': 255, 'miles': 306, 'min_stay': 1, 'platichastyami': 0, 'mircashback': 510}, {'id': 1191312, 'capacity': 2, 'prepayment': 'FULL', 'nonrefundable': 0, 'cancellation_period': 0, 'cancellation_fee': 'NO', 'breakfast': 0, 'base_price': 5600, 'prices': [5600], 'price': 5600, 'old_price': 5600, 'currency': 'RUB', 'payment_amount': 5600, 'extras_variants': [], 'extras': [], 'rate_id': 60821, 'deals': [], 'cancellation_type': 'free', 'credit_card': 1, 'bonus': 280, 'miles': 336, 'min_stay': 1, 'platichastyami': 0, 'mircashback': 560}, {'id': 598044, 'capacity': 2, 'prepayment': 'FULL', 'nonrefundable': 1, 'cancellation_period': 0, 'cancellation_fee': 'FIRST', 'breakfast': 1, 'base_price': 6000, 'prices': [6000], 'price': 6000, 'old_price': 6000, 'currency': 'RUB', 'payment_amount': 6000, 'extras_variants': [], 'extras': [], 'rate_id': 21056, 'deals': [], 'cancellation_type': 'nonrefundable', 'credit_card': 1, 'bonus': 300, 'miles': 360, 'min_stay': 1, 'platichastyami': 0, 'mircashback': 600}]",4900.0,294,224_101hotels,2026-08-15
5790,,Супериор,2,0,0,1,Студио,5,11,"[{'single': 2}, {'double': 1}]",[],"[{'id': 598045, 'capacity': 1, 'prepayment': 'FULL', 'nonrefundable': 1, 'cancellation_period': 0, 'cancellation_fee': 'FIRST', 'breakfast': 1, 'base_price': 6700, 'prices': [6700], 'price': 6700, 'old_price': 6700, 'currency': 'RUB', 'payment_amount': 6700, 'extras_variants': [], 'extras': [], 'rate_id': 21056, 'deals': [], 'cancellation_type': 'nonrefundable', 'credit_card': 1, 'bonus': 335, 'miles': 402, 'min_stay': 1, 'platichastyami': 0, 'mircashback': 670}, {'id': 1191313, 'capacity': 1, 'prepayment': 'FULL', 'nonrefundable': 0, 'cancellation_period': 0, 'cancellation_fee': 'NO', 'breakfast': 0, 'base_price': 6900, 'prices': [6900], 'price': 6900, 'old_price': 6900, 'currency': 'RUB', 'payment_amount': 6900, 'extras_variants': [], 'extras': [], 'rate_id': 60821, 'deals': [], 'cancellation_type': 'free', 'credit_card': 1, 'bonus': 345, 'miles': 414, 'min_stay': 1, 'platichastyami': 0, 'mircashback': 690}, {'id': 1191314, 'capacity': 2, 'prepayment': 'FULL', 'nonrefundable': 0, 'cancellation_period': 0, 'cancellation_fee': 'NO', 'breakfast': 0, 'base_price': 7400, 'prices': [7400], 'price': 7400, 'old_price': 7400, 'currency': 'RUB', 'payment_amount': 7400, 'extras_variants': [], 'extras': [], 'rate_id': 60821, 'deals': [], 'cancellation_type': 'free', 'credit_card': 1, 'bonus': 370, 'miles': 444, 'min_stay': 1, 'platichastyami': 0, 'mircashback': 740}, {'id': 598046, 'capacity': 2, 'prepayment': 'FULL', 'nonrefundable': 1, 'cancellation_period': 0, 'cancellation_fee': 'FIRST', 'breakfast': 1, 'base_price': 7800, 'prices': [7800], 'price': 7800, 'old_price': 7800, 'currency': 'RUB', 'payment_amount': 7800, 'extras_variants': [], 'extras': [], 'rate_id': 21056, 'deals': [], 'cancellation_type': 'nonrefundable', 'credit_card': 1, 'bonus': 390, 'miles': 468, 'min_stay': 1, 'platichastyami': 0, 'mircashback': 780}]",6700.0,402,224_101hotels,2026-08-15
5791,,Джуниор Сюит,2,0,0,1,Студио,5,11,"[{'single': 2}, {'double': 1}]",[],"[{'id': 598047, 'capacity': 1, 'prepayment': 'FULL', 'nonrefundable': 1, 'cancellation_period': 0, 'cancellation_fee': 'FIRST', 'breakfast': 1, 'base_price': 7700, 'prices': [7700], 'price': 7700, 'old_price': 7700, 'currency': 'RUB', 'payment_amount': 7700, 'extras_variants': [], 'extras': [], 'rate_id': 21056, 'deals': [], 'cancellation_type': 'nonrefundable', 'credit_card': 1, 'bonus': 385, 'miles': 462, 'min_stay': 1, 'platichastyami': 0, 'mircashback': 770}, {'id': 1191315, 'capacity': 1, 'prepayment': 'FULL', 'nonrefundable': 0, 'cancellation_period': 0, 'cancellation_fee': 'NO', 'breakfast': 0, 'base_price': 7900, 'prices': [7900], 'price': 7900, 'old_price': 7900, 'currency': 'RUB', 'payment_amount': 7900, 'extras_variants': [], 'extras': [], 'rate_id': 60821, 'deals': [], 'cancellation_type': 'free', 'credit_card': 1, 'bonus': 395, 'miles': 474, 'min_stay': 1, 'platichastyami': 0, 'mircashback': 790}, {'id': 1191316, 'capacity': 2, 'prepayment': 'FULL', 'nonrefundable': 0, 'cancellation_period': 0, 'cancellation_fee': 'NO', 'breakfast': 0, 'base_price': 8400, 'prices': [8400], 'price': 8400, 'old_price': 8400, 'currency': 'RUB', 'payment_amount': 8400, 'extras_variants': [], 'extras': [], 'rate_id': 60821, 'deals': [], 'cancellation_type': 'free', 'credit_card': 1, 'bonus': 420, 'miles': 504, 'min_stay': 1, 'platichastyami': 0, 'mircashback': 840}, {'id': 598048, 'capacity': 2, 'prepayment': 'FULL', 'nonrefundable': 1, 'cancellation_period': 0, 'cancellation_fee': 'FIRST', 'breakfast': 1, 'base_price': 8800, 'prices': [8800], 'price': 8800, 'old_price': 8800, 'currency': 'RUB', 'payment_amount': 8800, 'extras_variants': [], 'extras': [], 'rate_id': 21056, 'deals': [], 'cancellation_type': 'nonrefundable', 'credit_card': 1, 'bonus': 440, 'miles': 528, 'min_stay': 1, 'platichastyami': 0, 'mircashback': 880}]",7700.0,462,224_101hotels,2026-08-15
5794,,,2,0,0,1,Делюкс,29,4,"[{'single': 2}, {'double': 1}]",[],"[{'id': 598053, 'capacity': 1, 'prepayment': 'FULL', 'nonrefundable': 1, 'cancellation_period': 0, 'cancellation_fee': 'FIRST', 'breakfast': 1, 'base_price': 8500, 'prices': [8500], 'price': 8500, 'old_price': 8500, 'currency': 'RUB', 'payment_amount': 8500, 'extras_variants': [], 'extras': [], 'rate_id': 21056, 'deals': [], 'cancellation_type': 'nonrefundable', 'credit_card': 1, 'bonus': 425, 'miles': 510, 'min_stay': 1, 'platichastyami': 0, 'mircashback': 850}, {'id': 1191321, 'capacity': 1, 'prepayment': 'FULL', 'nonrefundable': 0, 'cancellation_period': 0, 'cancellation_fee': 'NO', 'breakfast': 0, 'base_price': 8700, 'prices': [8700], 'price': 8700, 'old_price': 8700, 'currency': 'RUB', 'payment_amount': 8700, 'extras_variants': [], 'extras': [], 'rate_id': 60821, 'deals': [], 'cancellation_type': 'free', 'credit_card': 1, 'bonus': 435, 'miles': 522, 'min_stay': 1, 'platichastyami': 0, 'mircashback': 870}, {'id': 1191322, 'capacity': 2, 'prepayment': 'FULL', 'nonrefundable': 0, 'cancellation_period': 0, 'cancellation_fee': 'NO', 'breakfast': 0, 'base_price': 9100, 'prices': [9100], 'price': 9100, 'old_price': 9100, 'currency': 'RUB', 'payment_amount': 9100, 'extras_variants': [], 'extras': [], 'rate_id': 60821, 'deals': [], 'cancellation_type': 'free', 'credit_card': 1, 'bonus': 455, 'miles': 546, 'min_stay': 1, 'platichastyami': 0, 'mircashback': 910}, {'id': 598054, 'capacity': 2, 'prepayment': 'FULL', 'nonrefundable': 1, 'cancellation_period': 0, 'cancellation_fee': 'FIRST', 'breakfast': 1, 'base_price': 9500, 'prices': [9500], 'price': 9500, 'old_price': 9500, 'currency': 'RUB', 'payment_amount': 9500, 'extras_variants': [], 'extras': [], 'rate_id': 21056, 'deals': [], 'cancellation_type': 'nonrefundable', 'credit_card': 1, 'bonus': 475, 'miles': 570, 'min_stay': 1, 'platichastyami': 0, 'mircashback': 950}]",8500.0,510,224_101hotels,2026-08-15
5795,,Представительский (с видом на город),2,0,0,1,Апартаменты,14,1,[{'double': 1}],[],"[{'id': 598049, 'capacity': 1, 'prepayment': 'FULL', 'nonrefundable': 1, 'cancellation_period': 0, 'cancellation_fee': 'FIRST', 'breakfast': 1, 'base_price': 11000, 'prices': [11000], 'price': 11000, 'old_price': 11000, 'currency': 'RUB', 'payment_amount': 11000, 'extras_variants': [], 'extras': [], 'rate_id': 21056, 'deals': [], 'cancellation_type': 'nonrefundable', 'credit_card': 1, 'bonus': 550, 'miles': 660, 'min_stay': 1, 'platichastyami': 0, 'mircashback': 1100}, {'id': 1191317, 'capacity': 1, 'prepayment': 'FULL', 'nonrefundable': 0, 'cancellation_period': 0, 'cancellation_fee': 'NO', 'breakfast': 0, 'base_price': 11200, 'prices': [11200], 'price': 11200, 'old_price': 11200, 'currency': 'RUB', 'payment_amount': 11200, 'extras_variants': [], 'extras': [], 'rate_id': 60821, 'deals': [], 'cancellation_type': 'free', 'credit_card': 1, 'bonus': 560, 'miles': 672, 'min_stay': 1, 'platichastyami': 0, 'mircashback': 1120}, {'id': 1191318, 'capacity': 2, 'prepayment': 'FULL', 'nonrefundable': 0, 'cancellation_period': 0, 'cancellation_fee': 'NO', 'breakfast': 0, 'base_price': 11600, 'prices': [11600], 'price': 11600, 'old_price': 11600, 'currency': 'RUB', 'payment_amount': 11600, 'extras_variants': [], 'extras': [], 'rate_id': 60821, 'deals': [], 'cancellation_type': 'free', 'credit_card': 1, 'bonus': 580, 'miles': 696, 'min_stay': 1, 'platichastyami': 0, 'mircashback': 1160}, {'id': 598050, 'capacity': 2, 'prepayment': 'FULL', 'nonrefundable': 1, 'cancellation_period': 0, 'cancellation_fee': 'FIRST', 'breakfast': 1, 'base_price': 12000, 'prices': [12000], 'price': 12000, 'old_price': 12000, 'currency': 'RUB', 'payment_amount': 12000, 'extras_variants': [], 'extras': [], 'rate_id': 21056, 'deals': [], 'cancellation_type': 'nonrefundable', 'credit_card': 1, 'bonus': 600, 'miles': 720, 'min_stay': 1, 'platichastyami': 0, 'mircashback': 1200}]",11000.0,660,224_101hotels,2026-08-15
56002,,Стандарт,2,1,0,1,Двухместный,2,5,[{'double': 1}],[],"[{'id': 710334, 'capacity': 1, 'prepayment': 'FIRST', 'nonrefundable': 0, 'cancellation_period': 1, 'cancellation_fee': 'FIRST', 'breakfast': 0, 'base_price': 2150, 'prices': [2150], 'price': 2150, 'old_price': 2150, 'currency': 'RUB', 'payment_amount': 2150, 'extras_variants': [], 'extras': [], 'rate_id': 29287, 'deals': [], 'cancellation_type': 'special', 'credit_card': 1, 'bonus': 108, 'miles': 129, 'min_stay': 1, 'platichastyami': 0, 'mircashback': 215}, {'id': 710326, 'capacity': 1, 'prepayment': 'FIRST', 'nonrefundable': 0, 'cancellation_period': 1, 'cancellation_fee': 'FIRST', 'breakfast': 1, 'base_price': 2400, 'prices': [2400], 'price': 2400, 'old_price': 2400, 'currency': 'RUB', 'payment_amount': 2400, 'extras_variants': [], 'extras': [], 'rate_id': 29286, 'deals': [], 'cancellation_type': 'special', 'credit_card': 1, 'bonus': 120, 'miles': 144, 'min_stay': 1, 'platichastyami': 0, 'mircashback': 240}, {'id': 710335, 'capacity': 2, 'prepayment': 'FIRST', 'nonrefundable': 0, 'cancellation_period': 1, 'cancellation_fee': 'FIRST', 'breakfast': 0, 'base_price': 2500, 'prices': [2500], 'price': 2500, 'old_price': 2500, 'currency': 'RUB', 'payment_amount': 2500, 'extras_variants': [], 'extras': [], 'rate_id': 29287, 'deals': [], 'cancellation_type': 'special', 'credit_card': 1, 'bonus': 125, 'miles': 150, 'min_stay': 1, 'platichastyami': 0, 'mircashback': 250}, {'id': 710327, 'capacity': 2, 'prepayment': 'FIRST', 'nonrefundable': 0, 'cancellation_period': 1, 'cancellation_fee': 'FIRST', 'breakfast': 1, 'base_price': 3000, 'prices': [3000], 'price': 3000, 'old_price': 3000, 'currency': 'RUB', 'payment_amount': 3000, 'extras_variants': [], 'extras': [], 'rate_id': 29286, 'deals': [], 'cancellation_type': 'special', 'credit_card': 1, 'bonus': 150, 'miles': 180, 'min_stay': 1, 'platichastyami': 0, 'mircashback': 300}]",2150.0,129,218_101hotels,2026-08-15
56003,,,4,1,0,1,Полулюкс,4,1,"[{'double': 1, 'sofa': 1}]",[],"[{'id': 710338, 'capacity': 1, 'prepayment': 'FIRST', 'nonrefundable': 0, 'cancellation_period': 1, 'cancellation_fee': 'FIRST', 'breakfast': 0, 'base_price': 3500, 'prices': [3500], 'price': 3500, 'old_price': 3500, 'currency': 'RUB', 'payment_amount': 3500, 'extras_variants': [], 'extras': [], 'rate_id': 29287, 'deals': [], 'cancellation_type': 'special', 'credit_card': 1, 'bonus': 175, 'miles': 210, 'min_stay': 1, 'platichastyami': 0, 'mircashback': 350}, {'id': 710330, 'capacity': 1, 'prepayment': 'FIRST', 'nonrefundable': 0, 'cancellation_period': 1, 'cancellation_fee': 'FIRST', 'breakfast': 1, 'base_price': 4000, 'prices': [4000], 'price': 4000, 'old_price': 4000, 'currency': 'RUB', 'payment_amount': 4000, 'extras_variants': [], 'extras': [], 'rate_id': 29286, 'deals': [], 'cancellation_type': 'special', 'credit_card': 1, 'bonus': 200, 'miles': 240, 'min_stay': 1, 'platichastyami': 0, 'mircashback': 400}, {'id': 710339, 'capacity': 2, 'prepayment': 'FIRST', 'nonrefundable': 0, 'cancellation_period': 1, 'cancellation_fee': 'FIRST', 'breakfast': 0, 'base_price': 3500, 'prices': [3500], 'price': 3500, 'old_price': 3500, 'currency': 'RUB', 'payment_amount': 3500, 'extras_variants': [], 'extras': [], 'rate_id': 29287, 'deals': [], 'cancellation_type': 'special', 'credit_card': 1, 'bonus': 175, 'miles': 210, 'min_stay': 1, 'platichastyami': 0, 'mircashback': 350}, {'id': 710331, 'capacity': 2, 'prepayment': 'FIRST', 'nonrefundable': 0, 'cancellation_period': 1, 'cancellation_fee': 'FIRST', 'breakfast': 1, 'base_price': 4000, 'prices': [4000], 'price': 4000, 'old_price': 4000, 'currency': 'RUB', 'payment_amount': 4000, 'extras_variants': [], 'extras': [], 'rate_id': 29286, 'deals': [], 'cancellation_type': 'special', 'credit_card': 1, 'bonus': 200, 'miles': 240, 'min_stay': 1, 'platichastyami': 0, 'mircashback': 400}, {'id': 710340, 'capacity': 3, 'prepayment': 'FIRST', 'nonrefundable': 0, 'cancellation_period': 1, 'cancellation_fee': 'FIRST', 'breakfast': 0, 'base_price': 3500, 'prices': [3500], 'price': 3500, 'old_price': 3500, 'currency': 'RUB', 'payment_amount': 3500, 'extras_variants': [], 'extras': [], 'rate_id': 29287, 'deals': [], 'cancellation_type': 'special', 'credit_card': 1, 'bonus': 175, 'miles': 210, 'min_stay': 1, 'platichastyami': 0, 'mircashback': 350}, {'id': 710332, 'capacity': 3, 'prepayment': 'FIRST', 'nonrefundable': 0, 'cancellation_period': 1, 'cancellation_fee': 'FIRST', 'breakfast': 1, 'base_price': 4000, 'prices': [4000], 'price': 4000, 'old_price': 4000, 'currency': 'RUB', 'payment_amount': 4000, 'extras_variants': [], 'extras': [], 'rate_id': 29286, 'deals': [], 'cancellation_type': 'special', 'credit_card': 1, 'bonus': 200, 'miles': 240, 'min_stay': 1, 'platichastyami': 0, 'mircashback': 400}, {'id': 710341, 'capacity': 4, 'prepayment': 'FIRST', 'nonrefundable': 0, 'cancellation_period': 1, 'cancellation_fee': 'FIRST', 'breakfast': 0, 'base_price': 3500, 'prices': [3500], 'price': 3500, 'old_price': 3500, 'currency': 'RUB', 'payment_amount': 3500, 'extras_variants': [], 'extras': [], 'rate_id': 29287, 'deals': [], 'cancellation_type': 'special', 'credit_card': 1, 'bonus': 175, 'miles': 210, 'min_stay': 1, 'platichastyami': 0, 'mircashback': 350}, {'id': 710333, 'capacity': 4, 'prepayment': 'FIRST', 'nonrefundable': 0, 'cancellation_period': 1, 'cancellation_fee': 'FIRST', 'breakfast': 1, 'base_price': 4000, 'prices': [4000], 'price': 4000, 'old_price': 4000, 'currency': 'RUB', 'payment_amount': 4000, 'extras_variants': [], 'extras': [], 'rate_id': 29286, 'deals': [], 'cancellation_type': 'special', 'credit_card': 1, 'bonus': 200, 'miles': 240, 'min_stay': 1, 'platichastyami': 0, 'mircashback': 400}]",3500.0,210,218_101hotels,2026-08-15
1478821,,Семейный 2+1,3,0,0,1,Апартаменты,14,2,"[{'single': 1, 'double': 1}]","[{'id': '12855', 'number': '1', 'min_age': '0', 'max_age': '7', 'is_extra_bed': '0', 'extra_bed_type_id': '0'}]","[{'id': 397249, 'capacity': 1, 'prepayment': 'FULL', 'nonrefundable': 0, 'cancellation_period': 1, 'cancellation_fee': 'FIRST', 'breakfast': 0, 'base_price': 4200, 'prices': [4200], 'price': 4200, 'old_price': 4200, 'currency': 'RUB', 'payment_amount': 4200, 'extras_variants': [], 'extras': {'12855': {'id': 12855, 'number': 1, 'extra_bed_type_id': 0, 'age': [0, 7], 'extra_bed': 0, 'free': 1}}, 'rate_id': 7311, 'deals': [], 'cancellation_type': 'special', 'credit_card': 1, 'bonus': 210, 'miles': 252, 'min_stay': 1, 'platichastyami': 0, 'mircashback': 420}, {'id': 397276, 'capacity': 1, 'prepayment': 'FULL', 'nonrefundable': 0, 'cancellation_period': 1, 'cancellation_fee': 'FIRST', 'breakfast': 1, 'base_price': 4700, 'prices': [4700], 'price': 4700, 'old_price': 4700, 'currency': 'RUB', 'payment_amount': 4700, 'extras_variants': [], 'extras': {'12855': {'id': 12855, 'number': 1, 'extra_bed_type_id': 0, 'age': [0, 7], 'extra_bed': 0, 'free': 1}}, 'rate_id': 7312, 'deals': [], 'cancellation_type': 'special', 'credit_card': 1, 'bonus': 235, 'miles': 282, 'min_stay': 1, 'platichastyami': 0, 'mircashback': 470}, {'id': 397250, 'capacity': 2, 'prepayment': 'FULL', 'nonrefundable': 0, 'cancellation_period': 1, 'cancellation_fee': 'FIRST', 'breakfast': 0, 'base_price': 4200, 'prices': [4200], 'price': 4200, 'old_price': 4200, 'currency': 'RUB', 'payment_amount': 4200, 'extras_variants': [], 'extras': {'12855': {'id': 12855, 'number': 1, 'extra_bed_type_id': 0, 'age': [0, 7], 'extra_bed': 0, 'free': 1}}, 'rate_id': 7311, 'deals': [], 'cancellation_type': 'special', 'credit_card': 1, 'bonus': 210, 'miles': 252, 'min_stay': 1, 'platichastyami': 0, 'mircashback': 420}, {'id': 397277, 'capacity': 2, 'prepayment': 'FULL', 'nonrefundable': 0, 'cancellation_period': 1, 'cancellation_fee': 'FIRST', 'breakfast': 1, 'base_price': 5200, 'prices': [5200], 'price': 5200, 'old_price': 5200, 'currency': 'RUB', 'payment_amount': 5200, 'extras_variants': [], 'extras': {'12855': {'id': 12855, 'number': 1, 'extra_bed_type_id': 0, 'age': [0, 7], 'extra_bed': 0, 'free': 1}}, 'rate_id': 7312, 'deals': [], 'cancellation_type': 'special', 'credit_card': 1, 'bonus': 260, 'miles': 312, 'min_stay': 1, 'platichastyami': 0, 'mircashback': 520}, {'id': 397251, 'capacity': 3, 'prepayment': 'FULL', 'nonrefundable': 0, 'cancellation_period': 1, 'cancellation_fee': 'FIRST', 'breakfast': 0, 'base_price': 5400, 'prices': [5400], 'price': 5400, 'old_price': 5400, 'currency': 'RUB', 'payment_amount': 5400, 'extras_variants': [], 'extras': {'12855': {'id': 12855, 'number': 1, 'extra_bed_type_id': 0, 'age': [0, 7], 'extra_bed': 0, 'free': 1}}, 'rate_id': 7311, 'deals': [], 'cancellation_type': 'special', 'credit_card': 1, 'bonus': 270, 'miles': 324, 'min_stay': 1, 'platichastyami': 0, 'mircashback': 540}, {'id': 397278, 'capacity': 3, 'prepayment': 'FULL', 'nonrefundable': 0, 'cancellation_period': 1, 'cancellation_fee': 'FIRST', 'breakfast': 1, 'base_price': 6900, 'prices': [6900], 'price': 6900, 'old_price': 6900, 'currency': 'RUB', 'payment_amount': 6900, 'extras_variants': [], 'extras': {'12855': {'id': 12855, 'number': 1, 'extra_bed_type_id': 0, 'age': [0, 7], 'extra_bed': 0, 'free': 1}}, 'rate_id': 7312, 'deals': [], 'cancellation_type': 'special', 'credit_card': 1, 'bonus': 345, 'miles': 414, 'min_stay': 1, 'platichastyami': 0, 'mircashback': 690}]",4200.0,252,462906_101hotels,2026-08-15
1552619,,Комфорт,1,0,0,1,Одноместный,1,1,[{'single': 1}],[],"[{'id': 397243, 'capacity': 1, 'prepayment': 'FULL', 'nonrefundable': 0, 'cancellation_period': 1, 'cancellation_fee': 'FIRST', 'breakfast': 0, 'base_price': 4200, 'prices': [4200], 'price': 4200, 'old_price': 4200, 'currency': 'RUB', 'payment_amount': 4200, 'extras_variants': [], 'extras': [], 'rate_id': 7311, 'deals': [], 'cancellation_type': 'special', 'credit_card': 1, 'bonus': 210, 'miles': 252, 'min_stay': 1, 'platichastyami': 0, 'mircashback': 420}, {'id': 397270, 'capacity': 1, 'prepayment': 'FULL', 'nonrefundable': 0, 'cancellation_period': 1, 'cancellation_fee': 'FIRST', 'breakfast': 1, 'base_price': 4700, 'prices': [4700], 'price': 4700, 'old_price': 4700, 'currency': 'RUB', 'payment_amount': 4700, 'extras_variants': [], 'extras': [], 'rate_id': 7312, 'deals': [], 'cancellation_type': 'special', 'credit_card': 1, 'bonus': 235, 'miles': 282, 'min_stay': 1, 'platichastyami': 0, 'mircashback': 470}]",4200.0,252,462906_101hotels,2026-08-15
1552621,,2+2,4,0,0,1,Семейный,44,2,[{'double': 2}],[],"[{'id': 397262, 'capacity': 1, 'prepayment': 'FULL', 'nonrefundable': 0, 'cancellation_period': 1, 'cancellation_fee': 'FIRST', 'breakfast': 0, 'base_price': 4200, 'prices': [4200], 'price': 4200, 'old_price': 4200, 'currency': 'RUB', 'payment_amount': 4200, 'extras_variants': [], 'extras': [], 'rate_id': 7311, 'deals': [], 'cancellation_type': 'special', 'credit_card': 1, 'bonus': 210, 'miles': 252, 'min_stay': 1, 'platichastyami': 0, 'mircashback': 420}, {'id': 397289, 'capacity': 1, 'prepayment': 'FULL', 'nonrefundable': 0, 'cancellation_period': 1, 'cancellation_fee': 'FIRST', 'breakfast': 1, 'base_price': 4700, 'prices': [4700], 'price': 4700, 'old_price': 4700, 'currency': 'RUB', 'payment_amount': 4700, 'extras_variants': [], 'extras': [], 'rate_id': 7312, 'deals': [], 'cancellation_type': 'special', 'credit_card': 1, 'bonus': 235, 'miles': 282, 'min_stay': 1, 'platichastyami': 0, 'mircashback': 470}, {'id': 397263, 'capacity': 2, 'prepayment': 'FULL', 'nonrefundable': 0, 'cancellation_period': 1, 'cancellation_fee': 'FIRST', 'breakfast': 0, 'base_price': 4200, 'prices': [4200], 'price': 4200, 'old_price': 4200, 'currency': 'RUB', 'payment_amount': 4200, 'extras_variants': [], 'extras': [], 'rate_id': 7311, 'deals': [], 'cancellation_type': 'special', 'credit_card': 1, 'bonus': 210, 'miles': 252, 'min_stay': 1, 'platichastyami': 0, 'mircashback': 420}, {'id': 397290, 'capacity': 2, 'prepayment': 'FULL', 'nonrefundable': 0, 'cancellation_period': 1, 'cancellation_fee': 'FIRST', 'breakfast': 1, 'base_price': 5200, 'prices': [5200], 'price': 5200, 'old_price': 5200, 'currency': 'RUB', 'payment_amount': 5200, 'extras_variants': [], 'extras': [], 'rate_id': 7312, 'deals': [], 'cancellation_type': 'special', 'credit_card': 1, 'bonus': 260, 'miles': 312, 'min_stay': 1, 'platichastyami': 0, 'mircashback': 520}, {'id': 397264, 'capacity': 3, 'prepayment': 'FULL', 'nonrefundable': 0, 'cancellation_period': 1, 'cancellation_fee': 'FIRST', 'breakfast': 0, 'base_price': 5400, 'prices': [5400], 'price': 5400, 'old_price': 5400, 'currency': 'RUB', 'payment_amount': 5400, 'extras_variants': [], 'extras': [], 'rate_id': 7311, 'deals': [], 'cancellation_type': 'special', 'credit_card': 1, 'bonus': 270, 'miles': 324, 'min_stay': 1, 'platichastyami': 0, 'mircashback': 540}, {'id': 397291, 'capacity': 3, 'prepayment': 'FULL', 'nonrefundable': 0, 'cancellation_period': 1, 'cancellation_fee': 'FIRST', 'breakfast': 1, 'base_price': 6900, 'prices': [6900], 'price': 6900, 'old_price': 6900, 'currency': 'RUB', 'payment_amount': 6900, 'extras_variants': [], 'extras': [], 'rate_id': 7312, 'deals': [], 'cancellation_type': 'special', 'credit_card': 1, 'bonus': 345, 'miles': 414, 'min_stay': 1, 'platichastyami': 0, 'mircashback': 690}, {'id': 397265, 'capacity': 4, 'prepayment': 'FULL', 'nonrefundable': 0, 'cancellation_period': 1, 'cancellation_fee': 'FIRST', 'breakfast': 0, 'base_price': 5400, 'prices': [5400], 'price': 5400, 'old_price': 5400, 'currency': 'RUB', 'payment_amount': 5400, 'extras_variants': [], 'extras': [], 'rate_id': 7311, 'deals': [], 'cancellation_type': 'special', 'credit_card': 1, 'bonus': 270, 'miles': 324, 'min_stay': 1, 'platichastyami': 0, 'mircashback': 540}, {'id': 397292, 'capacity': 4, 'prepayment': 'FULL', 'nonrefundable': 0, 'cancellation_period': 1, 'cancellation_fee': 'FIRST', 'breakfast': 1, 'base_price': 7400, 'prices': [7400], 'price': 7400, 'old_price': 7400, 'currency': 'RUB', 'payment_amount': 7400, 'extras_variants': [], 'extras': [], 'rate_id': 7312, 'deals': [], 'cancellation_type': 'special', 'credit_card': 1, 'bonus': 370, 'miles': 444, 'min_stay': 1, 'platichastyami': 0, 'mircashback': 740}]",4200.0,252,462906_101hotels,2026-08-15
1923102,,Стандарт,4,0,0,1,Четырехместный,34,3,[{'single': 4}],[],"[{'id': 397252, 'capacity': 1, 'prepayment': 'FULL', 'nonrefundable': 0, 'cancellation_period': 1, 'cancellation_fee': 'FIRST', 'breakfast': 0, 'base_price': 3000, 'prices': [3000], 'price': 3000, 'old_price': 3000, 'currency': 'RUB', 'payment_amount': 3000, 'extras_variants': [], 'extras': [], 'rate_id': 7311, 'deals': [], 'cancellation_type': 'special', 'credit_card': 1, 'bonus': 150, 'miles': 180, 'min_stay': 1, 'platichastyami': 0, 'mircashback': 300}, {'id': 397279, 'capacity': 1, 'prepayment': 'FULL', 'nonrefundable': 0, 'cancellation_period': 1, 'cancellation_fee': 'FIRST', 'breakfast': 1, 'base_price': 3500, 'prices': [3500], 'price': 3500, 'old_price': 3500, 'currency': 'RUB', 'payment_amount': 3500, 'extras_variants': [], 'extras': [], 'rate_id': 7312, 'deals': [], 'cancellation_type': 'special', 'credit_card': 1, 'bonus': 175, 'miles': 210, 'min_stay': 1, 'platichastyami': 0, 'mircashback': 350}, {'id': 397253, 'capacity': 2, 'prepayment': 'FULL', 'nonrefundable': 0, 'cancellation_period': 1, 'cancellation_fee': 'FIRST', 'breakfast': 0, 'base_price': 3600, 'prices': [3600], 'price': 3600, 'old_price': 3600, 'currency': 'RUB', 'payment_amount': 3600, 'extras_variants': [], 'extras': [], 'rate_id': 7311, 'deals': [], 'cancellation_type': 'special', 'credit_card': 1, 'bonus': 180, 'miles': 216, 'min_stay': 1, 'platichastyami': 0, 'mircashback': 360}, {'id': 397280, 'capacity': 2, 'prepayment': 'FULL', 'nonrefundable': 0, 'cancellation_period': 1, 'cancellation_fee': 'FIRST', 'breakfast': 1, 'base_price': 4600, 'prices': [4600], 'price': 4600, 'old_price': 4600, 'currency': 'RUB', 'payment_amount': 4600, 'extras_variants': [], 'extras': [], 'rate_id': 7312, 'deals': [], 'cancellation_type': 'special', 'credit_card': 1, 'bonus': 230, 'miles': 276, 'min_stay': 1, 'platichastyami': 0, 'mircashback': 460}, {'id': 397254, 'capacity': 3, 'prepayment': 'FULL', 'nonrefundable': 0, 'cancellation_period': 1, 'cancellation_fee': 'FIRST', 'breakfast': 0, 'base_price': 4200, 'prices': [4200], 'price': 4200, 'old_price': 4200, 'currency': 'RUB', 'payment_amount': 4200, 'extras_variants': [], 'extras': [], 'rate_id': 7311, 'deals': [], 'cancellation_type': 'special', 'credit_card': 1, 'bonus': 210, 'miles': 252, 'min_stay': 1, 'platichastyami': 0, 'mircashback': 420}, {'id': 397281, 'capacity': 3, 'prepayment': 'FULL', 'nonrefundable': 0, 'cancellation_period': 1, 'cancellation_fee': 'FIRST', 'breakfast': 1, 'base_price': 5700, 'prices': [5700], 'price': 5700, 'old_price': 5700, 'currency': 'RUB', 'payment_amount': 5700, 'extras_variants': [], 'extras': [], 'rate_id': 7312, 'deals': [], 'cancellation_type': 'special', 'credit_card': 1, 'bonus': 285, 'miles': 342, 'min_stay': 1, 'platichastyami': 0, 'mircashback': 570}, {'id': 397255, 'capacity': 4, 'prepayment': 'FULL', 'nonrefundable': 0, 'cancellation_period': 1, 'cancellation_fee': 'FIRST', 'breakfast': 0, 'base_price': 4800, 'prices': [4800], 'price': 4800, 'old_price': 4800, 'currency': 'RUB', 'payment_amount': 4800, 'extras_variants': [], 'extras': [], 'rate_id': 7311, 'deals': [], 'cancellation_type': 'special', 'credit_card': 1, 'bonus': 240, 'miles': 288, 'min_stay': 1, 'platichastyami': 0, 'mircashback': 480}, {'id': 397282, 'capacity': 4, 'prepayment': 'FULL', 'nonrefundable': 0, 'cancellation_period': 1, 'cancellation_fee': 'FIRST', 'breakfast': 1, 'base_price': 6800, 'prices': [6800], 'price': 6800, 'old_price': 6800, 'currency': 'RUB', 'payment_amount': 6800, 'extras_variants': [], 'extras': [], 'rate_id': 7312, 'deals': [], 'cancellation_type': 'special', 'credit_card': 1, 'bonus': 340, 'miles': 408, 'min_stay': 1, 'platichastyami': 0, 'mircashback': 680}]",3000.0,180,462906_101hotels,2026-08-15
2182001,,Семейный 2+1+1,4,0,0,1,Четырехместный,34,2,"[{'single': 2, 'double': 1}]",[],"[{'id': 397259, 'capacity': 1, 'prepayment': 'FULL', 'nonrefundable': 0, 'cancellation_period': 1, 'cancellation_fee': 'FIRST', 'breakfast': 0, 'base_price': 4200, 'prices': [4200], 'price': 4200, 'old_price': 4200, 'currency': 'RUB', 'payment_amount': 4200, 'extras_variants': [], 'extras': [], 'rate_id': 7311, 'deals': [], 'cancellation_type': 'special', 'credit_card': 1, 'bonus': 210, 'miles': 252, 'min_stay': 1, 'platichastyami': 0, 'mircashback': 420}, {'id': 397286, 'capacity': 1, 'prepayment': 'FULL', 'nonrefundable': 0, 'cancellation_period': 1, 'cancellation_fee': 'FIRST', 'breakfast': 1, 'base_price': 4700, 'prices': [4700], 'price': 4700, 'old_price': 4700, 'currency': 'RUB', 'payment_amount': 4700, 'extras_variants': [], 'extras': [], 'rate_id': 7312, 'deals': [], 'cancellation_type': 'special', 'credit_card': 1, 'bonus': 235, 'miles': 282, 'min_stay': 1, 'platichastyami': 0, 'mircashback': 470}, {'id': 397260, 'capacity': 2, 'prepayment': 'FULL', 'nonrefundable': 0, 'cancellation_period': 1, 'cancellation_fee': 'FIRST', 'breakfast': 0, 'base_price': 4200, 'prices': [4200], 'price': 4200, 'old_price': 4200, 'currency': 'RUB', 'payment_amount': 4200, 'extras_variants': [], 'extras': [], 'rate_id': 7311, 'deals': [], 'cancellation_type': 'special', 'credit_card': 1, 'bonus': 210, 'miles': 252, 'min_stay': 1, 'platichastyami': 0, 'mircashback': 420}, {'id': 397287, 'capacity': 2, 'prepayment': 'FULL', 'nonrefundable': 0, 'cancellation_period': 1, 'cancellation_fee': 'FIRST', 'breakfast': 1, 'base_price': 5200, 'prices': [5200], 'price': 5200, 'old_price': 5200, 'currency': 'RUB', 'payment_amount': 5200, 'extras_variants': [], 'extras': [], 'rate_id': 7312, 'deals': [], 'cancellation_type': 'special', 'credit_card': 1, 'bonus': 260, 'miles': 312, 'min_stay': 1, 'platichastyami': 0, 'mircashback': 520}, {'id': 397261, 'capacity': 3, 'prepayment': 'FULL', 'nonrefundable': 0, 'cancellation_period': 1, 'cancellation_fee': 'FIRST', 'breakfast': 0, 'base_price': 5400, 'prices': [5400], 'price': 5400, 'old_price': 5400, 'currency': 'RUB', 'payment_amount': 5400, 'extras_variants': [], 'extras': [], 'rate_id': 7311, 'deals': [], 'cancellation_type': 'special', 'credit_card': 1, 'bonus': 270, 'miles': 324, 'min_stay': 1, 'platichastyami': 0, 'mircashback': 540}, {'id': 397288, 'capacity': 3, 'prepayment': 'FULL', 'nonrefundable': 0, 'cancellation_period': 1, 'cancellation_fee': 'FIRST', 'breakfast': 1, 'base_price': 6900, 'prices': [6900], 'price': 6900, 'old_price': 6900, 'currency': 'RUB', 'payment_amount': 6900, 'extras_variants': [], 'extras': [], 'rate_id': 7312, 'deals': [], 'cancellation_type': 'special', 'credit_card': 1, 'bonus': 345, 'miles': 414, 'min_stay': 1, 'platichastyami': 0, 'mircashback': 690}, {'id': 849840, 'capacity': 4, 'prepayment': 'FULL', 'nonrefundable': 0, 'cancellation_period': 1, 'cancellation_fee': 'FIRST', 'breakfast': 0, 'base_price': 5400, 'prices': [5400], 'price': 5400, 'old_price': 5400, 'currency': 'RUB', 'payment_amount': 5400, 'extras_variants': [], 'extras': [], 'rate_id': 7311, 'deals': [], 'cancellation_type': 'special', 'credit_card': 1, 'bonus': 270, 'miles': 324, 'min_stay': 1, 'platichastyami': 0, 'mircashback': 540}, {'id': 849841, 'capacity': 4, 'prepayment': 'FULL', 'nonrefundable': 0, 'cancellation_period': 1, 'cancellation_fee': 'FIRST', 'breakfast': 1, 'base_price': 7400, 'prices': [7400], 'price': 7400, 'old_price': 7400, 'currency': 'RUB', 'payment_amount': 7400, 'extras_variants': [], 'extras': [], 'rate_id': 7312, 'deals': [], 'cancellation_type': 'special', 'credit_card': 1, 'bonus': 370, 'miles': 444, 'min_stay': 1, 'platichastyami': 0, 'mircashback': 740}]",4200.0,252,462906_101hotels,2026-08-15
2206701,,С диваном,4,0,0,1,Семейный,44,2,"[{'double': 1, 'sofa': 1}]",[],"[{'id': 397266, 'capacity': 1, 'prepayment': 'FULL', 'nonrefundable': 0, 'cancellation_period': 1, 'cancellation_fee': 'FIRST', 'breakfast': 0, 'base_price': 4200, 'prices': [4200], 'price': 4200, 'old_price': 4200, 'currency': 'RUB', 'payment_amount': 4200, 'extras_variants': [], 'extras': [], 'rate_id': 7311, 'deals': [], 'cancellation_type': 'special', 'credit_card': 1, 'bonus': 210, 'miles': 252, 'min_stay': 1, 'platichastyami': 0, 'mircashback': 420}, {'id': 397293, 'capacity': 1, 'prepayment': 'FULL', 'nonrefundable': 0, 'cancellation_period': 1, 'cancellation_fee': 'FIRST', 'breakfast': 1, 'base_price': 4700, 'prices': [4700], 'price': 4700, 'old_price': 4700, 'currency': 'RUB', 'payment_amount': 4700, 'extras_variants': [], 'extras': [], 'rate_id': 7312, 'deals': [], 'cancellation_type': 'special', 'credit_card': 1, 'bonus': 235, 'miles': 282, 'min_stay': 1, 'platichastyami': 0, 'mircashback': 470}, {'id': 397267, 'capacity': 2, 'prepayment': 'FULL', 'nonrefundable': 0, 'cancellation_period': 1, 'cancellation_fee': 'FIRST', 'breakfast': 0, 'base_price': 4200, 'prices': [4200], 'price': 4200, 'old_price': 4200, 'currency': 'RUB', 'payment_amount': 4200, 'extras_variants': [], 'extras': [], 'rate_id': 7311, 'deals': [], 'cancellation_type': 'special', 'credit_card': 1, 'bonus': 210, 'miles': 252, 'min_stay': 1, 'platichastyami': 0, 'mircashback': 420}, {'id': 397294, 'capacity': 2, 'prepayment': 'FULL', 'nonrefundable': 0, 'cancellation_period': 1, 'cancellation_fee': 'FIRST', 'breakfast': 1, 'base_price': 5200, 'prices': [5200], 'price': 5200, 'old_price': 5200, 'currency': 'RUB', 'payment_amount': 5200, 'extras_variants': [], 'extras': [], 'rate_id': 7312, 'deals': [], 'cancellation_type': 'special', 'credit_card': 1, 'bonus': 260, 'miles': 312, 'min_stay': 1, 'platichastyami': 0, 'mircashback': 520}, {'id': 397268, 'capacity': 3, 'prepayment': 'FULL', 'nonrefundable': 0, 'cancellation_period': 1, 'cancellation_fee': 'FIRST', 'breakfast': 0, 'base_price': 5400, 'prices': [5400], 'price': 5400, 'old_price': 5400, 'currency': 'RUB', 'payment_amount': 5400, 'extras_variants': [], 'extras': [], 'rate_id': 7311, 'deals': [], 'cancellation_type': 'special', 'credit_card': 1, 'bonus': 270, 'miles': 324, 'min_stay': 1, 'platichastyami': 0, 'mircashback': 540}, {'id': 397295, 'capacity': 3, 'prepayment': 'FULL', 'nonrefundable': 0, 'cancellation_period': 1, 'cancellation_fee': 'FIRST', 'breakfast': 1, 'base_price': 6900, 'prices': [6900], 'price': 6900, 'old_price': 6900, 'currency': 'RUB', 'payment_amount': 6900, 'extras_variants': [], 'extras': [], 'rate_id': 7312, 'deals': [], 'cancellation_type': 'special', 'credit_card': 1, 'bonus': 345, 'miles': 414, 'min_stay': 1, 'platichastyami': 0, 'mircashback': 690}, {'id': 397269, 'capacity': 4, 'prepayment': 'FULL', 'nonrefundable': 0, 'cancellation_period': 1, 'cancellation_fee': 'FIRST', 'breakfast': 0, 'base_price': 5400, 'prices': [5400], 'price': 5400, 'old_price': 5400, 'currency': 'RUB', 'payment_amount': 5400, 'extras_variants': [], 'extras': [], 'rate_id': 7311, 'deals': [], 'cancellation_type': 'special', 'credit_card': 1, 'bonus': 270, 'miles': 324, 'min_stay': 1, 'platichastyami': 0, 'mircashback': 540}, {'id': 397296, 'capacity': 4, 'prepayment': 'FULL', 'nonrefundable': 0, 'cancellation_period': 1, 'cancellation_fee': 'FIRST', 'breakfast': 1, 'base_price': 7400, 'prices': [7400], 'price': 7400, 'old_price': 7400, 'currency': 'RUB', 'payment_amount': 7400, 'extras_variants': [], 'extras': [], 'rate_id': 7312, 'deals': [], 'cancellation_type': 'special', 'credit_card': 1, 'bonus': 370, 'miles': 444, 'min_stay': 1, 'platichastyami': 0, 'mircashback': 740}]",4200.0,252,462906_101hotels,2026-08-15
1736289,,,2,2,0,1,Люкс,6,1,"[{'double': 1, 'sofa': 1}]","[{'id': '28904', 'number': '2', 'min_age': '0', 'max_age': '5', 'is_extra_bed': '0', 'extra_bed_type_id': '0'}, {'id': '28905', 'number': '1', 'min_age': '3', 'max_age': '17', 'is_extra_bed': '1', 'extra_bed_type_id': '1'}]","[{'id': 279306, 'capacity': 1, 'prepayment': 'FIRST', 'nonrefundable': 0, 'cancellation_period': 1, 'cancellation_fee': 'FIRST', 'breakfast': 7, 'base_price': 8214, 'prices': [8214], 'price': 8214, 'old_price': 8214, 'currency': 'RUB', 'payment_amount': 8214, 'extras_variants': [], 'extras': {'28904': {'id': 28904, 'number': 2, 'extra_bed_type_id': 0, 'age': [0, 5], 'extra_bed': 0, 'free': 1}, '28905': {'id': 28905, 'number': 1, 'extra_bed_type_id': 1, 'age': [3, 17], 'extra_bed': 1, 'free': 1}}, 'rate_id': 1560, 'deals': [], 'cancellation_type': 'special', 'credit_card': 1, 'bonus': 411, 'miles': 492, 'min_stay': 1, 'platichastyami': 0, 'mircashback': 821}, {'id': 279307, 'capacity': 2, 'prepayment': 'FIRST', 'nonrefundable': 0, 'cancellation_period': 1, 'cancellation_fee': 'FIRST', 'breakfast': 7, 'base_price': 9324, 'prices': [9324], 'price': 9324, 'old_price': 9324, 'currency': 'RUB', 'payment_amount': 9324, 'extras_variants': [], 'extras': {'28904': {'id': 28904, 'number': 2, 'extra_bed_type_id': 0, 'age': [0, 5], 'extra_bed': 0, 'free': 1}, '28905': {'id': 28905, 'number': 1, 'extra_bed_type_id': 1, 'age': [3, 17], 'extra_bed': 1, 'free': 1}}, 'rate_id': 1560, 'deals': [], 'cancellation_type': 'special', 'credit_card': 1, 'bonus': 466, 'miles': 558, 'min_stay': 1, 'platichastyami': 0, 'mircashback': 932}]",8214.0,492,514527_101hotels,2026-08-15
2210718,,Стандартный номер,1,0,0,1,Одноместный,1,5,[{'single': 1}],"[{'id': '9564', 'number': '1', 'min_age': '0', 'max_age': '5', 'is_extra_bed': '0', 'extra_bed_type_id': '0'}]","[{'id': 279298, 'capacity': 1, 'prepayment': 'FIRST', 'nonrefundable': 0, 'cancellation_period': 1, 'cancellation_fee': 'FIRST', 'breakfast': 7, 'base_price': 5439, 'prices': [5439], 'price': 5439, 'old_price': 5439, 'currency': 'RUB', 'payment_amount': 5439, 'extras_variants': [], 'extras': {'9564': {'id': 9564, 'number': 1, 'extra_bed_type_id': 0, 'age': [0, 5], 'extra_bed': 0, 'free': 1}}, 'rate_id': 1560, 'deals': [], 'cancellation_type': 'special', 'credit_card': 1, 'bonus': 272, 'miles': 324, 'min_stay': 1, 'platichastyami': 0, 'mircashback': 544}]",5439.0,324,514527_101hotels,2026-08-15
2210762,,,2,1,0,1,Полулюкс,4,1,[{'double': 1}],"[{'id': '3863', 'number': '1', 'min_age': '0', 'max_age': '5', 'is_extra_bed': '0', 'extra_bed_type_id': '0'}, {'id': '3864', 'number': '1', 'min_age': '3', 'max_age': '17', 'is_extra_bed': '1', 'extra_bed_type_id': '3'}]","[{'id': 279304, 'capacity': 1, 'prepayment': 'FIRST', 'nonrefundable': 0, 'cancellation_period': 1, 'cancellation_fee': 'FIRST', 'breakfast': 7, 'base_price': 7437, 'prices': [7437], 'price': 7437, 'old_price': 7437, 'currency': 'RUB', 'payment_amount': 7437, 'extras_variants': [], 'extras': {'3863': {'id': 3863, 'number': 1, 'extra_bed_type_id': 0, 'age': [0, 5], 'extra_bed': 0, 'free': 1}, '3864': {'id': 3864, 'number': 1, 'extra_bed_type_id': 3, 'age': [3, 17], 'extra_bed': 1, 'free': 1}}, 'rate_id': 1560, 'deals': [], 'cancellation_type': 'special', 'credit_card': 1, 'bonus': 372, 'miles': 444, 'min_stay': 1, 'platichastyami': 0, 'mircashback': 744}, {'id': 279305, 'capacity': 2, 'prepayment': 'FIRST', 'nonrefundable': 0, 'cancellation_period': 1, 'cancellation_fee': 'FIRST', 'breakfast': 7, 'base_price': 8547, 'prices': [8547], 'price': 8547, 'old_price': 8547, 'currency': 'RUB', 'payment_amount': 8547, 'extras_variants': [], 'extras': {'3863': {'id': 3863, 'number': 1, 'extra_bed_type_id': 0, 'age': [0, 5], 'extra_bed': 0, 'free': 1}, '3864': {'id': 3864, 'number': 1, 'extra_bed_type_id': 3, 'age': [3, 17], 'extra_bed': 1, 'free': 1}}, 'rate_id': 1560, 'deals': [], 'cancellation_type': 'special', 'credit_card': 1, 'bonus': 427, 'miles': 510, 'min_stay': 1, 'platichastyami': 0, 'mircashback': 855}]",7437.0,444,514527_101hotels,2026-08-15
2221615,,Кровать в общем мужском номере,6,0,1,0,Шестиместный,36,1,[{'single': 1}],[],"[{'id': 660363, 'capacity': 1, 'prepayment': 'FULL', 'nonrefundable': 0, 'cancellation_period': 1, 'cancellation_fee': 'FIRST', 'breakfast': 0, 'base_price': 800, 'prices': [800], 'price': 800, 'old_price': 800, 'currency': 'RUB', 'payment_amount': 800, 'extras_variants': [], 'extras': [], 'rate_id': 25653, 'deals': [], 'cancellation_type': 'special', 'credit_card': 1, 'bonus': 40, 'miles': 48, 'min_stay': 1, 'platichastyami': 0, 'mircashback': 80}]",800.0,48,650983_101hotels,2026-08-15
2221618,,Кровать в общем женском номере,6,0,1,0,Шестиместный,36,4,[{'2-tier': 1}],[],"[{'id': 660364, 'capacity': 1, 'prepayment': 'FULL', 'nonrefundable': 0, 'cancellation_period': 1, 'cancellation_fee': 'FIRST', 'breakfast': 0, 'base_price': 900, 'prices': [900], 'price': 900, 'old_price': 900, 'currency': 'RUB', 'payment_amount': 900, 'extras_variants': [], 'extras': [], 'rate_id': 25653, 'deals': [], 'cancellation_type': 'special', 'credit_card': 1, 'bonus': 45, 'miles': 54, 'min_stay': 1, 'platichastyami': 0, 'mircashback': 90}]",900.0,54,650983_101hotels,2026-08-15
2221626,,С собственной ванной комнатой,2,1,0,1,Двухместный,2,1,"[{'double': 1}, {'sofa': 1}]",[],"[{'id': 660357, 'capacity': 1, 'prepayment': 'FULL', 'nonrefundable': 0, 'cancellation_period': 1, 'cancellation_fee': 'FIRST', 'breakfast': 0, 'base_price': 2800, 'prices': [2800], 'price': 2800, 'old_price': 2800, 'currency': 'RUB', 'payment_amount': 2800, 'extras_variants': [], 'extras': [], 'rate_id': 25653, 'deals': [], 'cancellation_type': 'special', 'credit_card': 1, 'bonus': 140, 'miles': 168, 'min_stay': 1, 'platichastyami': 0, 'mircashback': 280}, {'id': 660358, 'capacity': 2, 'prepayment': 'FULL', 'nonrefundable': 0, 'cancellation_period': 1, 'cancellation_fee': 'FIRST', 'breakfast': 0, 'base_price': 2800, 'prices': [2800], 'price': 2800, 'old_price': 2800, 'currency': 'RUB', 'payment_amount': 2800, 'extras_variants': [], 'extras': [], 'rate_id': 25653, 'deals': [], 'cancellation_type': 'special', 'credit_card': 1, 'bonus': 140, 'miles': 168, 'min_stay': 1, 'platichastyami': 0, 'mircashback': 280}]",2800.0,168,650983_101hotels,2026-08-15
2221627,,Четырехместный номер,4,0,0,0,Семейный,44,1,"[{'double': 1, '2-tier': 1}]",[],"[{'id': 660359, 'capacity': 1, 'prepayment': 'FULL', 'nonrefundable': 0, 'cancellation_period': 1, 'cancellation_fee': 'FIRST', 'breakfast': 0, 'base_price': 2400, 'prices': [2400], 'price': 2400, 'old_price': 2400, 'currency': 'RUB', 'payment_amount': 2400, 'extras_variants': [], 'extras': [], 'rate_id': 25653, 'deals': [], 'cancellation_type': 'special', 'credit_card': 1, 'bonus': 120, 'miles': 144, 'min_stay': 1, 'platichastyami': 0, 'mircashback': 240}, {'id': 660360, 'capacity': 2, 'prepayment': 'FULL', 'nonrefundable': 0, 'cancellation_period': 1, 'cancellation_fee': 'FIRST', 'breakfast': 0, 'base_price': 2700, 'prices': [2700], 'price': 2700, 'old_price': 2700, 'currency': 'RUB', 'payment_amount': 2700, 'extras_variants': [], 'extras': [], 'rate_id': 25653, 'deals': [], 'cancellation_type': 'special', 'credit_card': 1, 'bonus': 135, 'miles': 162, 'min_stay': 1, 'platichastyami': 0, 'mircashback': 270}, {'id': 660361, 'capacity': 3, 'prepayment': 'FULL', 'nonrefundable': 0, 'cancellation_period': 1, 'cancellation_fee': 'FIRST', 'breakfast': 0, 'base_price': 3000, 'prices': [3000], 'price': 3000, 'old_price': 3000, 'currency': 'RUB', 'payment_amount': 3000, 'extras_variants': [], 'extras': [], 'rate_id': 25653, 'deals': [], 'cancellation_type': 'special', 'credit_card': 1, 'bonus': 150, 'miles': 180, 'min_stay': 1, 'platichastyami': 0, 'mircashback': 300}, {'id': 660362, 'capacity': 4, 'prepayment': 'FULL', 'nonrefundable': 0, 'cancellation_period': 1, 'cancellation_fee': 'FIRST', 'breakfast': 0, 'base_price': 3200, 'prices': [3200], 'price': 3200, 'old_price': 3200, 'currency': 'RUB', 'payment_amount': 3200, 'extras_variants': [], 'extras': [], 'rate_id': 25653, 'deals': [], 'cancellation_type': 'special', 'credit_card': 1, 'bonus': 160, 'miles': 192, 'min_stay': 1, 'platichastyami': 0, 'mircashback': 320}]",2400.0,144,650983_101hotels,2026-08-15
2229265,,Койко-место,8,0,1,0,Восьмиместный,38,7,[{'single': 1}],[],"[{'id': 389660, 'capacity': 1, 'prepayment': 'FULL', 'nonrefundable': 1, 'cancellation_period': 0, 'cancellation_fee': 'FIRST', 'breakfast': 0, 'base_price': 1200, 'prices': [1200], 'price': 1200, 'old_price': 1200, 'currency': 'RUB', 'payment_amount': 1200, 'extras_variants': [], 'extras': [], 'rate_id': 6823, 'deals': [], 'cancellation_type': 'nonrefundable', 'credit_card': 1, 'bonus': 60, 'miles': 72, 'min_stay': 1, 'platichastyami': 0, 'mircashback': 120}]",1200.0,72,510819_101hotels,2026-08-15
2264940,,Семейные,2,2,0,1,Апартаменты,14,1,"[{'double': 1, 'sofa': 1}]",[],"[{'id': 721961, 'capacity': 1, 'prepayment': 'FULL', 'nonrefundable': 1, 'cancellation_period': 0, 'cancellation_fee': 'FIRST', 'breakfast': 0, 'base_price': 3600, 'prices': [3600], 'price': 3600, 'old_price': 3600, 'currency': 'RUB', 'payment_amount': 3600, 'extras_variants': [], 'extras': [], 'rate_id': 6823, 'deals': [], 'cancellation_type': 'nonrefundable', 'credit_card': 1, 'bonus': 180, 'miles': 216, 'min_stay': 1, 'platichastyami': 0, 'mircashback': 360}, {'id': 721962, 'capacity': 2, 'prepayment': 'FULL', 'nonrefundable': 1, 'cancellation_period': 0, 'cancellation_fee': 'FIRST', 'breakfast': 0, 'base_price': 3600, 'prices': [3600], 'price': 3600, 'old_price': 3600, 'currency': 'RUB', 'payment_amount': 3600, 'extras_variants': [], 'extras': [], 'rate_id': 6823, 'deals': [], 'cancellation_type': 'nonrefundable', 'credit_card': 1, 'bonus': 180, 'miles': 216, 'min_stay': 1, 'platichastyami': 0, 'mircashback': 360}]",3600.0,216,510819_101hotels,2026-08-15
19575,,Стандарт Double,2,0,0,1,Двухместный,2,3,[{'double': 1}],"[{'id': '4633', 'number': '1', 'min_age': '0', 'max_age': '6', 'is_extra_bed': '0', 'extra_bed_type_id': '0'}]","[{'id': 661642, 'capacity': 1, 'prepayment': 'FULL', 'nonrefundable': 0, 'cancellation_period': 1, 'cancellation_fee': 'FIRST', 'breakfast': 0, 'base_price': 5750, 'prices': [5750], 'price': 5750, 'old_price': 5750, 'currency': 'RUB', 'payment_amount': 5750, 'extras_variants': [], 'extras': {'4633': {'id': 4633, 'number': 1, 'extra_bed_type_id': 0, 'age': [0, 6], 'extra_bed': 0, 'free': 1}}, 'rate_id': 25742, 'deals': [], 'cancellation_type': 'special', 'credit_card': 1, 'bonus': 288, 'miles': 345, 'min_stay': 1, 'platichastyami': 0, 'mircashback': 575}, {'id': 706386, 'capacity': 1, 'prepayment': 'FIRST', 'nonrefundable': 0, 'cancellation_period': 1, 'cancellation_fee': 'FIRST', 'breakfast': 1, 'base_price': 6500, 'prices': [6500], 'price': 6500, 'old_price': 6500, 'currency': 'RUB', 'payment_amount': 6500, 'extras_variants': [], 'extras': {'4633': {'id': 4633, 'number': 1, 'extra_bed_type_id': 0, 'age': [0, 6], 'extra_bed': 0, 'free': 1}}, 'rate_id': 28923, 'deals': [], 'cancellation_type': 'special', 'credit_card': 1, 'bonus': 325, 'miles': 390, 'min_stay': 1, 'platichastyami': 0, 'mircashback': 650}, {'id': 659522, 'capacity': 1, 'prepayment': 'NO', 'nonrefundable': 0, 'cancellation_period': 0, 'cancellation_fee': 'NO', 'breakfast': 1, 'base_price': 6630, 'prices': [6630], 'price': 6630, 'old_price': 6630, 'currency': 'RUB', 'payment_amount': 0, 'extras_variants': [], 'extras': {'4633': {'id': 4633, 'number': 1, 'extra_bed_type_id': 0, 'age': [0, 6], 'extra_bed': 0, 'free': 1}}, 'rate_id': 25605, 'deals': [], 'cancellation_type': 'free', 'credit_card': 0, 'bonus': 332, 'miles': 396, 'min_stay': 1, 'platichastyami': 0, 'mircashback': 663}, {'id': 661643, 'capacity': 2, 'prepayment': 'FULL', 'nonrefundable': 0, 'cancellation_period': 1, 'cancellation_fee': 'FIRST', 'breakfast': 0, 'base_price': 6000, 'prices': [6000], 'price': 6000, 'old_price': 6000, 'currency': 'RUB', 'payment_amount': 6000, 'extras_variants': [], 'extras': {'4633': {'id': 4633, 'number': 1, 'extra_bed_type_id': 0, 'age': [0, 6], 'extra_bed': 0, 'free': 1}}, 'rate_id': 25742, 'deals': [], 'cancellation_type': 'special', 'credit_card': 1, 'bonus': 300, 'miles': 360, 'min_stay': 1, 'platichastyami': 0, 'mircashback': 600}, {'id': 706387, 'capacity': 2, 'prepayment': 'FIRST', 'nonrefundable': 0, 'cancellation_period': 1, 'cancellation_fee': 'FIRST', 'breakfast': 1, 'base_price': 7500, 'prices': [7500], 'price': 7500, 'old_price': 7500, 'currency': 'RUB', 'payment_amount': 7500, 'extras_variants': [], 'extras': {'4633': {'id': 4633, 'number': 1, 'extra_bed_type_id': 0, 'age': [0, 6], 'extra_bed': 0, 'free': 1}}, 'rate_id': 28923, 'deals': [], 'cancellation_type': 'special', 'credit_card': 1, 'bonus': 375, 'miles': 450, 'min_stay': 1, 'platichastyami': 0, 'mircashback': 750}, {'id': 659523, 'capacity': 2, 'prepayment': 'NO', 'nonrefundable': 0, 'cancellation_period': 0, 'cancellation_fee': 'NO', 'breakfast': 1, 'base_price': 7650, 'prices': [7650], 'price': 7650, 'old_price': 7650, 'currency': 'RUB', 'payment_amount': 0, 'extras_variants': [], 'extras': {'4633': {'id': 4633, 'number': 1, 'extra_bed_type_id': 0, 'age': [0, 6], 'extra_bed': 0, 'free': 1}}, 'rate_id': 25605, 'deals': [], 'cancellation_type': 'free', 'credit_card': 0, 'bonus': 383, 'miles': 459, 'min_stay': 1, 'platichastyami': 0, 'mircashback': 765}]",5750.0,345,4060_101hotels,2026-08-15
19576,,Стандарт Twin,2,0,0,1,Двухместный,2,5,[{'single': 2}],"[{'id': '4632', 'number': '1', 'min_age': '0', 'max_age': '6', 'is_extra_bed': '0', 'extra_bed_type_id': '0'}]","[{'id': 661644, 'capacity': 1, 'prepayment': 'FULL', 'nonrefundable': 0, 'cancellation_period': 1, 'cancellation_fee': 'FIRST', 'breakfast': 0, 'base_price': 5750, 'prices': [5750], 'price': 5750, 'old_price': 5750, 'currency': 'RUB', 'payment_amount': 5750, 'extras_variants': [], 'extras': {'4632': {'id': 4632, 'number': 1, 'extra_bed_type_id': 0, 'age': [0, 6], 'extra_bed': 0, 'free': 1}}, 'rate_id': 25742, 'deals': [], 'cancellation_type': 'special', 'credit_card': 1, 'bonus': 288, 'miles': 345, 'min_stay': 1, 'platichastyami': 0, 'mircashback': 575}, {'id': 706388, 'capacity': 1, 'prepayment': 'FIRST', 'nonrefundable': 0, 'cancellation_period': 1, 'cancellation_fee': 'FIRST', 'breakfast': 1, 'base_price': 6500, 'prices': [6500], 'price': 6500, 'old_price': 6500, 'currency': 'RUB', 'payment_amount': 6500, 'extras_variants': [], 'extras': {'4632': {'id': 4632, 'number': 1, 'extra_bed_type_id': 0, 'age': [0, 6], 'extra_bed': 0, 'free': 1}}, 'rate_id': 28923, 'deals': [], 'cancellation_type': 'special', 'credit_card': 1, 'bonus': 325, 'miles': 390, 'min_stay': 1, 'platichastyami': 0, 'mircashback': 650}, {'id': 659524, 'capacity': 1, 'prepayment': 'NO', 'nonrefundable': 0, 'cancellation_period': 0, 'cancellation_fee': 'NO', 'breakfast': 1, 'base_price': 6630, 'prices': [6630], 'price': 6630, 'old_price': 6630, 'currency': 'RUB', 'payment_amount': 0, 'extras_variants': [], 'extras': {'4632': {'id': 4632, 'number': 1, 'extra_bed_type_id': 0, 'age': [0, 6], 'extra_bed': 0, 'free': 1}}, 'rate_id': 25605, 'deals': [], 'cancellation_type': 'free', 'credit_card': 0, 'bonus': 332, 'miles': 396, 'min_stay': 1, 'platichastyami': 0, 'mircashback': 663}, {'id': 661645, 'capacity': 2, 'prepayment': 'FULL', 'nonrefundable': 0, 'cancellation_period': 1, 'cancellation_fee': 'FIRST', 'breakfast': 0, 'base_price': 6000, 'prices': [6000], 'price': 6000, 'old_price': 6000, 'currency': 'RUB', 'payment_amount': 6000, 'extras_variants': [], 'extras': {'4632': {'id': 4632, 'number': 1, 'extra_bed_type_id': 0, 'age': [0, 6], 'extra_bed': 0, 'free': 1}}, 'rate_id': 25742, 'deals': [], 'cancellation_type': 'special', 'credit_card': 1, 'bonus': 300, 'miles': 360, 'min_stay': 1, 'platichastyami': 0, 'mircashback': 600}, {'id': 706389, 'capacity': 2, 'prepayment': 'FIRST', 'nonrefundable': 0, 'cancellation_period': 1, 'cancellation_fee': 'FIRST', 'breakfast': 1, 'base_price': 7500, 'prices': [7500], 'price': 7500, 'old_price': 7500, 'currency': 'RUB', 'payment_amount': 7500, 'extras_variants': [], 'extras': {'4632': {'id': 4632, 'number': 1, 'extra_bed_type_id': 0, 'age': [0, 6], 'extra_bed': 0, 'free': 1}}, 'rate_id': 28923, 'deals': [], 'cancellation_type': 'special', 'credit_card': 1, 'bonus': 375, 'miles': 450, 'min_stay': 1, 'platichastyami': 0, 'mircashback': 750}, {'id': 659525, 'capacity': 2, 'prepayment': 'NO', 'nonrefundable': 0, 'cancellation_period': 0, 'cancellation_fee': 'NO', 'breakfast': 1, 'base_price': 7650, 'prices': [7650], 'price': 7650, 'old_price': 7650, 'currency': 'RUB', 'payment_amount': 0, 'extras_variants': [], 'extras': {'4632': {'id': 4632, 'number': 1, 'extra_bed_type_id': 0, 'age': [0, 6], 'extra_bed': 0, 'free': 1}}, 'rate_id': 25605, 'deals': [], 'cancellation_type': 'free', 'credit_card': 0, 'bonus': 383, 'miles': 459, 'min_stay': 1, 'platichastyami': 0, 'mircashback': 765}]",5750.0,345,4060_101hotels,2026-08-15
46273,,Junior Suite,2,0,0,1,Полулюкс,4,1,[{'double': 1}],[],"[{'id': 661648, 'capacity': 1, 'prepayment': 'FULL', 'nonrefundable': 0, 'cancellation_period': 1, 'cancellation_fee': 'FIRST', 'breakfast': 0, 'base_price': 8250, 'prices': [8250], 'price': 8250, 'old_price': 8250, 'currency': 'RUB', 'payment_amount': 8250, 'extras_variants': [], 'extras': [], 'rate_id': 25742, 'deals': [], 'cancellation_type': 'special', 'credit_card': 1, 'bonus': 413, 'miles': 495, 'min_stay': 1, 'platichastyami': 0, 'mircashback': 825}, {'id': 706393, 'capacity': 1, 'prepayment': 'FIRST', 'nonrefundable': 0, 'cancellation_period': 1, 'cancellation_fee': 'FIRST', 'breakfast': 1, 'base_price': 9000, 'prices': [9000], 'price': 9000, 'old_price': 9000, 'currency': 'RUB', 'payment_amount': 9000, 'extras_variants': [], 'extras': [], 'rate_id': 28923, 'deals': [], 'cancellation_type': 'special', 'credit_card': 1, 'bonus': 450, 'miles': 540, 'min_stay': 1, 'platichastyami': 0, 'mircashback': 900}, {'id': 659528, 'capacity': 1, 'prepayment': 'NO', 'nonrefundable': 0, 'cancellation_period': 0, 'cancellation_fee': 'NO', 'breakfast': 1, 'base_price': 9180, 'prices': [9180], 'price': 9180, 'old_price': 9180, 'currency': 'RUB', 'payment_amount': 0, 'extras_variants': [], 'extras': [], 'rate_id': 25605, 'deals': [], 'cancellation_type': 'free', 'credit_card': 0, 'bonus': 459, 'miles': 549, 'min_stay': 1, 'platichastyami': 0, 'mircashback': 918}, {'id': 661649, 'capacity': 2, 'prepayment': 'FULL', 'nonrefundable': 0, 'cancellation_period': 1, 'cancellation_fee': 'FIRST', 'breakfast': 0, 'base_price': 8500, 'prices': [8500], 'price': 8500, 'old_price': 8500, 'currency': 'RUB', 'payment_amount': 8500, 'extras_variants': [], 'extras': [], 'rate_id': 25742, 'deals': [], 'cancellation_type': 'special', 'credit_card': 1, 'bonus': 425, 'miles': 510, 'min_stay': 1, 'platichastyami': 0, 'mircashback': 850}, {'id': 706394, 'capacity': 2, 'prepayment': 'FIRST', 'nonrefundable': 0, 'cancellation_period': 1, 'cancellation_fee': 'FIRST', 'breakfast': 1, 'base_price': 10000, 'prices': [10000], 'price': 10000, 'old_price': 10000, 'currency': 'RUB', 'payment_amount': 10000, 'extras_variants': [], 'extras': [], 'rate_id': 28923, 'deals': [], 'cancellation_type': 'special', 'credit_card': 1, 'bonus': 500, 'miles': 600, 'min_stay': 1, 'platichastyami': 0, 'mircashback': 1000}, {'id': 659529, 'capacity': 2, 'prepayment': 'NO', 'nonrefundable': 0, 'cancellation_period': 0, 'cancellation_fee': 'NO', 'breakfast': 1, 'base_price': 10200, 'prices': [10200], 'price': 10200, 'old_price': 10200, 'currency': 'RUB', 'payment_amount': 0, 'extras_variants': [], 'extras': [], 'rate_id': 25605, 'deals': [], 'cancellation_type': 'free', 'credit_card': 0, 'bonus': 510, 'miles': 612, 'min_stay': 1, 'platichastyami': 0, 'mircashback': 1020}]",8250.0,495,4060_101hotels,2026-08-15
1749939,,Улучшенный,2,1,0,1,Двухместный,2,2,"[{'single': 2, 'f-chair': 1}, {'double': 1, 'f-chair': 1}]","[{'id': '20449', 'number': '1', 'min_age': '0', 'max_age': '6', 'is_extra_bed': '0', 'extra_bed_type_id': '0'}]","[{'id': 661646, 'capacity': 1, 'prepayment': 'FULL', 'nonrefundable': 0, 'cancellation_period': 1, 'cancellation_fee': 'FIRST', 'breakfast': 0, 'base_price': 7750, 'prices': [7750], 'price': 7750, 'old_price': 7750, 'currency': 'RUB', 'payment_amount': 7750, 'extras_variants': [], 'extras': {'20449': {'id': 20449, 'number': 1, 'extra_bed_type_id': 0, 'age': [0, 6], 'extra_bed': 0, 'free': 1}}, 'rate_id': 25742, 'deals': [], 'cancellation_type': 'special', 'credit_card': 1, 'bonus': 388, 'miles': 465, 'min_stay': 1, 'platichastyami': 0, 'mircashback': 775}, {'id': 706390, 'capacity': 1, 'prepayment': 'FIRST', 'nonrefundable': 0, 'cancellation_period': 1, 'cancellation_fee': 'FIRST', 'breakfast': 1, 'base_price': 8500, 'prices': [8500], 'price': 8500, 'old_price': 8500, 'currency': 'RUB', 'payment_amount': 8500, 'extras_variants': [], 'extras': {'20449': {'id': 20449, 'number': 1, 'extra_bed_type_id': 0, 'age': [0, 6], 'extra_bed': 0, 'free': 1}}, 'rate_id': 28923, 'deals': [], 'cancellation_type': 'special', 'credit_card': 1, 'bonus': 425, 'miles': 510, 'min_stay': 1, 'platichastyami': 0, 'mircashback': 850}, {'id': 659526, 'capacity': 1, 'prepayment': 'NO', 'nonrefundable': 0, 'cancellation_period': 0, 'cancellation_fee': 'NO', 'breakfast': 1, 'base_price': 8670, 'prices': [8670], 'price': 8670, 'old_price': 8670, 'currency': 'RUB', 'payment_amount': 0, 'extras_variants': [], 'extras': {'20449': {'id': 20449, 'number': 1, 'extra_bed_type_id': 0, 'age': [0, 6], 'extra_bed': 0, 'free': 1}}, 'rate_id': 25605, 'deals': [], 'cancellation_type': 'free', 'credit_card': 0, 'bonus': 434, 'miles': 519, 'min_stay': 1, 'platichastyami': 0, 'mircashback': 867}, {'id': 661647, 'capacity': 2, 'prepayment': 'FULL', 'nonrefundable': 0, 'cancellation_period': 1, 'cancellation_fee': 'FIRST', 'breakfast': 0, 'base_price': 8000, 'prices': [8000], 'price': 8000, 'old_price': 8000, 'currency': 'RUB', 'payment_amount': 8000, 'extras_variants': [], 'extras': {'20449': {'id': 20449, 'number': 1, 'extra_bed_type_id': 0, 'age': [0, 6], 'extra_bed': 0, 'free': 1}}, 'rate_id': 25742, 'deals': [], 'cancellation_type': 'special', 'credit_card': 1, 'bonus': 400, 'miles': 480, 'min_stay': 1, 'platichastyami': 0, 'mircashback': 800}, {'id': 706391, 'capacity': 2, 'prepayment': 'FIRST', 'nonrefundable': 0, 'cancellation_period': 1, 'cancellation_fee': 'FIRST', 'breakfast': 1, 'base_price': 9500, 'prices': [9500], 'price': 9500, 'old_price': 9500, 'currency': 'RUB', 'payment_amount': 9500, 'extras_variants': [], 'extras': {'20449': {'id': 20449, 'number': 1, 'extra_bed_type_id': 0, 'age': [0, 6], 'extra_bed': 0, 'free': 1}}, 'rate_id': 28923, 'deals': [], 'cancellation_type': 'special', 'credit_card': 1, 'bonus': 475, 'miles': 570, 'min_stay': 1, 'platichastyami': 0, 'mircashback': 950}, {'id': 659527, 'capacity': 2, 'prepayment': 'NO', 'nonrefundable': 0, 'cancellation_period': 0, 'cancellation_fee': 'NO', 'breakfast': 1, 'base_price': 9690, 'prices': [9690], 'price': 9690, 'old_price': 9690, 'currency': 'RUB', 'payment_amount': 0, 'extras_variants': [], 'extras': {'20449': {'id': 20449, 'number': 1, 'extra_bed_type_id': 0, 'age': [0, 6], 'extra_bed': 0, 'free': 1}}, 'rate_id': 25605, 'deals': [], 'cancellation_type': 'free', 'credit_card': 0, 'bonus': 485, 'miles': 579, 'min_stay': 1, 'platichastyami': 0, 'mircashback': 969}]",7750.0,465,4060_101hotels,2026-08-15
2273235,,Делюкс с балконом,2,1,0,1,Трёхместный и более,3,1,"[{'double': 1, 's-sofa': 1}, {'single': 2, 's-sofa': 1}]","[{'id': '9786', 'number': '1', 'min_age': '0', 'max_age': '6', 'is_extra_bed': '0', 'extra_bed_type_id': '0'}]","[{'id': 782463, 'capacity': 1, 'prepayment': 'FULL', 'nonrefundable': 0, 'cancellation_period': 1, 'cancellation_fee': 'FIRST', 'breakfast': 0, 'base_price': 7750, 'prices': [7750], 'price': 7750, 'old_price': 7750, 'currency': 'RUB', 'payment_amount': 7750, 'extras_variants': [], 'extras': {'9786': {'id': 9786, 'number': 1, 'extra_bed_type_id': 0, 'age': [0, 6], 'extra_bed': 0, 'free': 1}}, 'rate_id': 25742, 'deals': [], 'cancellation_type': 'special', 'credit_card': 1, 'bonus': 388, 'miles': 465, 'min_stay': 1, 'platichastyami': 0, 'mircashback': 775}, {'id': 782467, 'capacity': 1, 'prepayment': 'FIRST', 'nonrefundable': 0, 'cancellation_period': 1, 'cancellation_fee': 'FIRST', 'breakfast': 1, 'base_price': 8500, 'prices': [8500], 'price': 8500, 'old_price': 8500, 'currency': 'RUB', 'payment_amount': 8500, 'extras_variants': [], 'extras': {'9786': {'id': 9786, 'number': 1, 'extra_bed_type_id': 0, 'age': [0, 6], 'extra_bed': 0, 'free': 1}}, 'rate_id': 28923, 'deals': [], 'cancellation_type': 'special', 'credit_card': 1, 'bonus': 425, 'miles': 510, 'min_stay': 1, 'platichastyami': 0, 'mircashback': 850}, {'id': 782465, 'capacity': 1, 'prepayment': 'NO', 'nonrefundable': 0, 'cancellation_period': 0, 'cancellation_fee': 'NO', 'breakfast': 1, 'base_price': 8670, 'prices': [8670], 'price': 8670, 'old_price': 8670, 'currency': 'RUB', 'payment_amount': 0, 'extras_variants': [], 'extras': {'9786': {'id': 9786, 'number': 1, 'extra_bed_type_id': 0, 'age': [0, 6], 'extra_bed': 0, 'free': 1}}, 'rate_id': 25605, 'deals': [], 'cancellation_type': 'free', 'credit_card': 0, 'bonus': 434, 'miles': 519, 'min_stay': 1, 'platichastyami': 0, 'mircashback': 867}, {'id': 782464, 'capacity': 2, 'prepayment': 'FULL', 'nonrefundable': 0, 'cancellation_period': 1, 'cancellation_fee': 'FIRST', 'breakfast': 0, 'base_price': 8000, 'prices': [8000], 'price': 8000, 'old_price': 8000, 'currency': 'RUB', 'payment_amount': 8000, 'extras_variants': [], 'extras': {'9786': {'id': 9786, 'number': 1, 'extra_bed_type_id': 0, 'age': [0, 6], 'extra_bed': 0, 'free': 1}}, 'rate_id': 25742, 'deals': [], 'cancellation_type': 'special', 'credit_card': 1, 'bonus': 400, 'miles': 480, 'min_stay': 1, 'platichastyami': 0, 'mircashback': 800}, {'id': 782468, 'capacity': 2, 'prepayment': 'FIRST', 'nonrefundable': 0, 'cancellation_period': 1, 'cancellation_fee': 'FIRST', 'breakfast': 1, 'base_price': 9500, 'prices': [9500], 'price': 9500, 'old_price': 9500, 'currency': 'RUB', 'payment_amount': 9500, 'extras_variants': [], 'extras': {'9786': {'id': 9786, 'number': 1, 'extra_bed_type_id': 0, 'age': [0, 6], 'extra_bed': 0, 'free': 1}}, 'rate_id': 28923, 'deals': [], 'cancellation_type': 'special', 'credit_card': 1, 'bonus': 475, 'miles': 570, 'min_stay': 1, 'platichastyami': 0, 'mircashback': 950}, {'id': 782466, 'capacity': 2, 'prepayment': 'NO', 'nonrefundable': 0, 'cancellation_period': 0, 'cancellation_fee': 'NO', 'breakfast': 1, 'base_price': 9690, 'prices': [9690], 'price': 9690, 'old_price': 9690, 'currency': 'RUB', 'payment_amount': 0, 'extras_variants': [], 'extras': {'9786': {'id': 9786, 'number': 1, 'extra_bed_type_id': 0, 'age': [0, 6], 'extra_bed': 0, 'free': 1}}, 'rate_id': 25605, 'deals': [], 'cancellation_type': 'free', 'credit_card': 0, 'bonus': 485, 'miles': 579, 'min_stay': 1, 'platichastyami': 0, 'mircashback': 969}]",7750.0,465,4060_101hotels,2026-08-15
2316009,,Стандарт,2,0,0,1,Двухместный,2,5,[{'double': 1}],[],"[{'id': 1203172, 'capacity': 1, 'prepayment': 'FULL', 'nonrefundable': 0, 'cancellation_period': 1, 'cancellation_fee': 'FIRST', 'breakfast': 0, 'base_price': 5500, 'prices': [5500], 'price': 4950, 'old_price': 5500, 'currency': 'RUB', 'payment_amount': 5500, 'extras_variants': [], 'extras': [], 'rate_id': 61553, 'deals': ['LAST_MINUTE'], 'cancellation_type': 'special', 'credit_card': 1, 'bonus': 248, 'miles': 297, 'min_stay': 1, 'platichastyami': 0, 'mircashback': 495}, {'id': 1203173, 'capacity': 2, 'prepayment': 'FULL', 'nonrefundable': 0, 'cancellation_period': 1, 'cancellation_fee': 'FIRST', 'breakfast': 0, 'base_price': 5500, 'prices': [5500], 'price': 4950, 'old_price': 5500, 'currency': 'RUB', 'payment_amount': 5500, 'extras_variants': [], 'extras': [], 'rate_id': 61553, 'deals': ['LAST_MINUTE'], 'cancellation_type': 'special', 'credit_card': 1, 'bonus': 248, 'miles': 297, 'min_stay': 1, 'platichastyami': 0, 'mircashback': 495}]",4950.0,297,676828_101hotels,2026-08-15
2316012,,Комфорт,2,0,0,1,Двухместный,2,2,[{'double': 1}],[],"[{'id': 1203174, 'capacity': 1, 'prepayment': 'FULL', 'nonrefundable': 0, 'cancellation_period': 1, 'cancellation_fee': 'FIRST', 'breakfast': 0, 'base_price': 6600, 'prices': [6600], 'price': 5940, 'old_price': 6600, 'currency': 'RUB', 'payment_amount': 6600, 'extras_variants': [], 'extras': [], 'rate_id': 61553, 'deals': ['LAST_MINUTE'], 'cancellation_type': 'special', 'credit_card': 1, 'bonus': 297, 'miles': 354, 'min_stay': 1, 'platichastyami': 0, 'mircashback': 594}, {'id': 1203175, 'capacity': 2, 'prepayment': 'FULL', 'nonrefundable': 0, 'cancellation_period': 1, 'cancellation_fee': 'FIRST', 'breakfast': 0, 'base_price': 6600, 'prices': [6600], 'price': 5940, 'old_price': 6600, 'currency': 'RUB', 'payment_amount': 6600, 'extras_variants': [], 'extras': [], 'rate_id': 61553, 'deals': ['LAST_MINUTE'], 'cancellation_type': 'special', 'credit_card': 1, 'bonus': 297, 'miles': 354, 'min_stay': 1, 'platichastyami': 0, 'mircashback': 594}]",5940.0,354,676828_101hotels,2026-08-15
2316046,,Люкс,2,0,0,1,Двухместный,2,1,[{'double': 1}],[],"[{'id': 1203171, 'capacity': 1, 'prepayment': 'FULL', 'nonrefundable': 0, 'cancellation_period': 1, 'cancellation_fee': 'FIRST', 'breakfast': 0, 'base_price': 7700, 'prices': [7700], 'price': 6930, 'old_price': 7700, 'currency': 'RUB', 'payment_amount': 7700, 'extras_variants': [], 'extras': [], 'rate_id': 61553, 'deals': ['LAST_MINUTE'], 'cancellation_type': 'special', 'credit_card': 1, 'bonus': 347, 'miles': 414, 'min_stay': 1, 'platichastyami': 0, 'mircashback': 693}, {'id': 1225024, 'capacity': 2, 'prepayment': 'FULL', 'nonrefundable': 0, 'cancellation_period': 1, 'cancellation_fee': 'FIRST', 'breakfast': 0, 'base_price': 7700, 'prices': [7700], 'price': 6930, 'old_price': 7700, 'currency': 'RUB', 'payment_amount': 7700, 'extras_variants': [], 'extras': [], 'rate_id': 61553, 'deals': ['LAST_MINUTE'], 'cancellation_type': 'special', 'credit_card': 1, 'bonus': 347, 'miles': 414, 'min_stay': 1, 'platichastyami': 0, 'mircashback': 693}]",6930.0,414,676828_101hotels,2026-08-15
2303794,,Уютные апартаменты рядом с Аэропортом,4,0,0,1,Апартаменты,14,1,"[{'double': 1, 'sofa': 1}]",[],"[{'id': 1068890, 'capacity': 1, 'prepayment': 'FULL', 'nonrefundable': 0, 'cancellation_period': 0, 'cancellation_fee': 'NO', 'breakfast': 0, 'base_price': 4725, 'prices': [4725], 'price': 4488.75, 'old_price': 4725, 'currency': 'RUB', 'payment_amount': 4725, 'extras_variants': [], 'extras': [], 'rate_id': 52525, 'deals': ['LAST_MINUTE'], 'cancellation_type': 'free', 'credit_card': 1, 'bonus': 224, 'miles': 267, 'min_stay': 1, 'platichastyami': 0, 'mircashback': 449}, {'id': 1068891, 'capacity': 2, 'prepayment': 'FULL', 'nonrefundable': 0, 'cancellation_period': 0, 'cancellation_fee': 'NO', 'breakfast': 0, 'base_price': 4725, 'prices': [4725], 'price': 4488.75, 'old_price': 4725, 'currency': 'RUB', 'payment_amount': 4725, 'extras_variants': [], 'extras': [], 'rate_id': 52525, 'deals': ['LAST_MINUTE'], 'cancellation_type': 'free', 'credit_card': 1, 'bonus': 224, 'miles': 267, 'min_stay': 1, 'platichastyami': 0, 'mircashback': 449}, {'id': 1068892, 'capacity': 3, 'prepayment': 'FULL', 'nonrefundable': 0, 'cancellation_period': 0, 'cancellation_fee': 'NO', 'breakfast': 0, 'base_price': 5225, 'prices': [5225], 'price': 4963.75, 'old_price': 5225, 'currency': 'RUB', 'payment_amount': 5225, 'extras_variants': [], 'extras': [], 'rate_id': 52525, 'deals': ['LAST_MINUTE'], 'cancellation_type': 'free', 'credit_card': 1, 'bonus': 248, 'miles': 297, 'min_stay': 1, 'platichastyami': 0, 'mircashback': 496}, {'id': 1068893, 'capacity': 4, 'prepayment': 'FULL', 'nonrefundable': 0, 'cancellation_period': 0, 'cancellation_fee': 'NO', 'breakfast': 0, 'base_price': 5725, 'prices': [5725], 'price': 5438.75, 'old_price': 5725, 'currency': 'RUB', 'payment_amount': 5725, 'extras_variants': [], 'extras': [], 'rate_id': 52525, 'deals': ['LAST_MINUTE'], 'cancellation_type': 'free', 'credit_card': 1, 'bonus': 272, 'miles': 324, 'min_stay': 1, 'platichastyami': 0, 'mircashback': 544}]",4488.75,267,674055_101hotels,2026-08-15
2284179,,Полёт,2,0,0,1,Апартаменты,14,1,[{'double': 1}],[],"[{'id': 892470, 'capacity': 1, 'prepayment': 'FULL', 'nonrefundable': 0, 'cancellation_period': 0, 'cancellation_fee': 'NO', 'breakfast': 0, 'base_price': 4050, 'prices': [4050], 'price': 3847.5, 'old_price': 4050, 'currency': 'RUB', 'payment_amount': 4050, 'extras_variants': [], 'extras': [], 'rate_id': 41220, 'deals': ['LAST_MINUTE'], 'cancellation_type': 'free', 'credit_card': 1, 'bonus': 192, 'miles': 228, 'min_stay': 1, 'platichastyami': 0, 'mircashback': 385}, {'id': 892471, 'capacity': 2, 'prepayment': 'FULL', 'nonrefundable': 0, 'cancellation_period': 0, 'cancellation_fee': 'NO', 'breakfast': 0, 'base_price': 4050, 'prices': [4050], 'price': 3847.5, 'old_price': 4050, 'currency': 'RUB', 'payment_amount': 4050, 'extras_variants': [], 'extras': [], 'rate_id': 41220, 'deals': ['LAST_MINUTE'], 'cancellation_type': 'free', 'credit_card': 1, 'bonus': 192, 'miles': 228, 'min_stay': 1, 'platichastyami': 0, 'mircashback': 385}]",3847.5,228,669305_101hotels,2026-08-15
2290058,,Новая студия Благодать,2,1,0,1,Двухместный,2,1,"[{'double': 1, 's-sofa': 1}]","[{'id': '17657', 'number': '1', 'min_age': '0', 'max_age': '18', 'is_extra_bed': '1', 'extra_bed_type_id': '1'}]","[{'id': 965214, 'capacity': 1, 'prepayment': 'FULL', 'nonrefundable': 0, 'cancellation_period': 0, 'cancellation_fee': 'NO', 'breakfast': 0, 'base_price': 3488, 'prices': [3488], 'price': 3313.6, 'old_price': 3488, 'currency': 'RUB', 'payment_amount': 3488, 'extras_variants': [], 'extras': {'17657': {'id': 17657, 'number': 1, 'extra_bed_type_id': 1, 'age': [0, 18], 'extra_bed': 1, 'free': 1}}, 'rate_id': 45396, 'deals': ['LAST_MINUTE'], 'cancellation_type': 'free', 'credit_card': 1, 'bonus': 166, 'miles': 198, 'min_stay': 1, 'platichastyami': 0, 'mircashback': 331}, {'id': 965215, 'capacity': 2, 'prepayment': 'FULL', 'nonrefundable': 0, 'cancellation_period': 0, 'cancellation_fee': 'NO', 'breakfast': 0, 'base_price': 3488, 'prices': [3488], 'price': 3313.6, 'old_price': 3488, 'currency': 'RUB', 'payment_amount': 3488, 'extras_variants': [], 'extras': {'17657': {'id': 17657, 'number': 1, 'extra_bed_type_id': 1, 'age': [0, 18], 'extra_bed': 1, 'free': 1}}, 'rate_id': 45396, 'deals': ['LAST_MINUTE'], 'cancellation_type': 'free', 'credit_card': 1, 'bonus': 166, 'miles': 198, 'min_stay': 1, 'platichastyami': 0, 'mircashback': 331}]",3313.6,198,670703_101hotels,2026-08-15
2290063,,Новая студия Гладь,2,1,0,1,Двухместный,2,1,"[{'single': 2, 'f-chair': 1}]","[{'id': '17656', 'number': '1', 'min_age': '0', 'max_age': '18', 'is_extra_bed': '1', 'extra_bed_type_id': '2'}]","[{'id': 965216, 'capacity': 1, 'prepayment': 'FULL', 'nonrefundable': 0, 'cancellation_period': 0, 'cancellation_fee': 'NO', 'breakfast': 0, 'base_price': 3300, 'prices': [3300], 'price': 3135, 'old_price': 3300, 'currency': 'RUB', 'payment_amount': 3300, 'extras_variants': [], 'extras': {'17656': {'id': 17656, 'number': 1, 'extra_bed_type_id': 2, 'age': [0, 18], 'extra_bed': 1, 'free': 1}}, 'rate_id': 45396, 'deals': ['LAST_MINUTE'], 'cancellation_type': 'free', 'credit_card': 1, 'bonus': 157, 'miles': 186, 'min_stay': 1, 'platichastyami': 0, 'mircashback': 314}, {'id': 965217, 'capacity': 2, 'prepayment': 'FULL', 'nonrefundable': 0, 'cancellation_period': 0, 'cancellation_fee': 'NO', 'breakfast': 0, 'base_price': 3300, 'prices': [3300], 'price': 3135, 'old_price': 3300, 'currency': 'RUB', 'payment_amount': 3300, 'extras_variants': [], 'extras': {'17656': {'id': 17656, 'number': 1, 'extra_bed_type_id': 2, 'age': [0, 18], 'extra_bed': 1, 'free': 1}}, 'rate_id': 45396, 'deals': ['LAST_MINUTE'], 'cancellation_type': 'free', 'credit_card': 1, 'bonus': 157, 'miles': 186, 'min_stay': 1, 'platichastyami': 0, 'mircashback': 314}]",3135.0,186,670703_101hotels,2026-08-15
2274283,,Апартаменты Лето,2,0,0,1,Двухместный,2,1,[{'single': 2}],[],"[{'id': 790262, 'capacity': 1, 'prepayment': 'FULL', 'nonrefundable': 0, 'cancellation_period': 0, 'cancellation_fee': 'NO', 'breakfast': 0, 'base_price': 3900, 'prices': [3900], 'price': 3705, 'old_price': 3900, 'currency': 'RUB', 'payment_amount': 3900, 'extras_variants': [], 'extras': [], 'rate_id': 35631, 'deals': ['LAST_MINUTE'], 'cancellation_type': 'free', 'credit_card': 1, 'bonus': 185, 'miles': 222, 'min_stay': 1, 'platichastyami': 0, 'mircashback': 371}, {'id': 790263, 'capacity': 2, 'prepayment': 'FULL', 'nonrefundable': 0, 'cancellation_period': 0, 'cancellation_fee': 'NO', 'breakfast': 0, 'base_price': 3900, 'prices': [3900], 'price': 3705, 'old_price': 3900, 'currency': 'RUB', 'payment_amount': 3900, 'extras_variants': [], 'extras': [], 'rate_id': 35631, 'deals': ['LAST_MINUTE'], 'cancellation_type': 'free', 'credit_card': 1, 'bonus': 185, 'miles': 222, 'min_stay': 1, 'platichastyami': 0, 'mircashback': 371}]",3705.0,222,666215_101hotels,2026-08-15
2274287,,Апартаменты Гармония,2,0,0,1,Двухместный,2,1,[{'double': 1}],[],"[{'id': 790268, 'capacity': 1, 'prepayment': 'FULL', 'nonrefundable': 0, 'cancellation_period': 0, 'cancellation_fee': 'NO', 'breakfast': 0, 'base_price': 3750, 'prices': [3750], 'price': 3562.5, 'old_price': 3750, 'currency': 'RUB', 'payment_amount': 3750, 'extras_variants': [], 'extras': [], 'rate_id': 35631, 'deals': ['LAST_MINUTE'], 'cancellation_type': 'free', 'credit_card': 1, 'bonus': 178, 'miles': 213, 'min_stay': 1, 'platichastyami': 0, 'mircashback': 356}, {'id': 790269, 'capacity': 2, 'prepayment': 'FULL', 'nonrefundable': 0, 'cancellation_period': 0, 'cancellation_fee': 'NO', 'breakfast': 0, 'base_price': 3750, 'prices': [3750], 'price': 3562.5, 'old_price': 3750, 'currency': 'RUB', 'payment_amount': 3750, 'extras_variants': [], 'extras': [], 'rate_id': 35631, 'deals': ['LAST_MINUTE'], 'cancellation_type': 'free', 'credit_card': 1, 'bonus': 178, 'miles': 213, 'min_stay': 1, 'platichastyami': 0, 'mircashback': 356}]",3562.5,213,666215_101hotels,2026-08-15
1754408,,С 2 отдельными кроватями,2,0,0,1,Двухместный,2,10,[{'single': 2}],[],"[{'id': 857249, 'capacity': 1, 'prepayment': 'FIRST', 'nonrefundable': 0, 'cancellation_period': 0, 'cancellation_fee': 'NO', 'breakfast': 0, 'base_price': 2850, 'prices': [2850], 'price': 2850, 'old_price': 2850, 'currency': 'RUB', 'payment_amount': 2850, 'extras_variants': [], 'extras': [], 'rate_id': 39085, 'deals': [], 'cancellation_type': 'free', 'credit_card': 1, 'bonus': 143, 'miles': 171, 'min_stay': 1, 'platichastyami': 0, 'mircashback': 285}, {'id': 857250, 'capacity': 2, 'prepayment': 'FIRST', 'nonrefundable': 0, 'cancellation_period': 0, 'cancellation_fee': 'NO', 'breakfast': 0, 'base_price': 2950, 'prices': [2950], 'price': 2950, 'old_price': 2950, 'currency': 'RUB', 'payment_amount': 2950, 'extras_variants': [], 'extras': [], 'rate_id': 39085, 'deals': [], 'cancellation_type': 'free', 'credit_card': 1, 'bonus': 148, 'miles': 177, 'min_stay': 1, 'platichastyami': 0, 'mircashback': 295}]",2850.0,171,514851_101hotels,2026-08-15
1754409,,,2,0,0,1,Семейный,44,7,[{'single': 1}],[],"[{'id': 857256, 'capacity': 1, 'prepayment': 'FIRST', 'nonrefundable': 0, 'cancellation_period': 0, 'cancellation_fee': 'NO', 'breakfast': 0, 'base_price': 2600, 'prices': [2600], 'price': 2600, 'old_price': 2600, 'currency': 'RUB', 'payment_amount': 2600, 'extras_variants': [], 'extras': [], 'rate_id': 39085, 'deals': [], 'cancellation_type': 'free', 'credit_card': 1, 'bonus': 130, 'miles': 156, 'min_stay': 1, 'platichastyami': 0, 'mircashback': 260}, {'id': 857257, 'capacity': 2, 'prepayment': 'FIRST', 'nonrefundable': 0, 'cancellation_period': 0, 'cancellation_fee': 'NO', 'breakfast': 0, 'base_price': 2700, 'prices': [2700], 'price': 2700, 'old_price': 2700, 'currency': 'RUB', 'payment_amount': 2700, 'extras_variants': [], 'extras': [], 'rate_id': 39085, 'deals': [], 'cancellation_type': 'free', 'credit_card': 1, 'bonus': 135, 'miles': 162, 'min_stay': 1, 'platichastyami': 0, 'mircashback': 270}]",2600.0,156,514851_101hotels,2026-08-15
1754411,,Люкс,3,1,0,1,Сюит,27,3,"[{'double': 1}, {'sofa': 1}]",[],"[{'id': 857251, 'capacity': 1, 'prepayment': 'FIRST', 'nonrefundable': 0, 'cancellation_period': 0, 'cancellation_fee': 'NO', 'breakfast': 0, 'base_price': 3600, 'prices': [3600], 'price': 3600, 'old_price': 3600, 'currency': 'RUB', 'payment_amount': 3600, 'extras_variants': [], 'extras': [], 'rate_id': 39085, 'deals': [], 'cancellation_type': 'free', 'credit_card': 1, 'bonus': 180, 'miles': 216, 'min_stay': 1, 'platichastyami': 0, 'mircashback': 360}, {'id': 857252, 'capacity': 2, 'prepayment': 'FIRST', 'nonrefundable': 0, 'cancellation_period': 0, 'cancellation_fee': 'NO', 'breakfast': 0, 'base_price': 3700, 'prices': [3700], 'price': 3700, 'old_price': 3700, 'currency': 'RUB', 'payment_amount': 3700, 'extras_variants': [], 'extras': [], 'rate_id': 39085, 'deals': [], 'cancellation_type': 'free', 'credit_card': 1, 'bonus': 185, 'miles': 222, 'min_stay': 1, 'platichastyami': 0, 'mircashback': 370}, {'id': 857259, 'capacity': 3, 'prepayment': 'FIRST', 'nonrefundable': 0, 'cancellation_period': 0, 'cancellation_fee': 'NO', 'breakfast': 0, 'base_price': 5300, 'prices': [5300], 'price': 5300, 'old_price': 5300, 'currency': 'RUB', 'payment_amount': 5300, 'extras_variants': [], 'extras': [], 'rate_id': 39085, 'deals': [], 'cancellation_type': 'free', 'credit_card': 1, 'bonus': 265, 'miles': 318, 'min_stay': 1, 'platichastyami': 0, 'mircashback': 530}]",3600.0,216,514851_101hotels,2026-08-15
1754412,,Кровать в общем номере,3,0,1,0,Трехместный,37,4,[{'single': 1}],[],"[{'id': 857253, 'capacity': 1, 'prepayment': 'FIRST', 'nonrefundable': 0, 'cancellation_period': 0, 'cancellation_fee': 'NO', 'breakfast': 0, 'base_price': 1200, 'prices': [1200], 'price': 1200, 'old_price': 1200, 'currency': 'RUB', 'payment_amount': 1200, 'extras_variants': [], 'extras': [], 'rate_id': 39085, 'deals': [], 'cancellation_type': 'free', 'credit_card': 1, 'bonus': 60, 'miles': 72, 'min_stay': 1, 'platichastyami': 0, 'mircashback': 120}]",1200.0,72,514851_101hotels,2026-08-15
1754413,,Кровать в общем номере,8,0,1,0,Восьмиместный,38,8,[{'single': 1}],[],"[{'id': 857258, 'capacity': 1, 'prepayment': 'FIRST', 'nonrefundable': 0, 'cancellation_period': 0, 'cancellation_fee': 'NO', 'breakfast': 0, 'base_price': 1200, 'prices': [1200], 'price': 1200, 'old_price': 1200, 'currency': 'RUB', 'payment_amount': 1200, 'extras_variants': [], 'extras': [], 'rate_id': 39085, 'deals': [], 'cancellation_type': 'free', 'credit_card': 1, 'bonus': 60, 'miles': 72, 'min_stay': 1, 'platichastyami': 0, 'mircashback': 120}]",1200.0,72,514851_101hotels,2026-08-15
1300454,,,2,2,0,1,Люкс,6,2,"[{'single': 2}, {'double': 1, 'sofa': 1}]",[],"[{'id': 755005, 'capacity': 1, 'prepayment': 'NO', 'nonrefundable': 0, 'cancellation_period': 0, 'cancellation_fee': 'NO', 'breakfast': 1, 'base_price': 15000, 'prices': [15000], 'price': 15000, 'old_price': 15000, 'currency': 'RUB', 'payment_amount': 0, 'extras_variants': [], 'extras': [], 'rate_id': 32986, 'deals': [], 'cancellation_type': 'free', 'credit_card': 0, 'bonus': 750, 'miles': 900, 'min_stay': 1, 'platichastyami': 0, 'mircashback': 1500}, {'id': 755006, 'capacity': 2, 'prepayment': 'NO', 'nonrefundable': 0, 'cancellation_period': 0, 'cancellation_fee': 'NO', 'breakfast': 1, 'base_price': 16000, 'prices': [16000], 'price': 16000, 'old_price': 16000, 'currency': 'RUB', 'payment_amount': 0, 'extras_variants': [], 'extras': [], 'rate_id': 32986, 'deals': [], 'cancellation_type': 'free', 'credit_card': 0, 'bonus': 800, 'miles': 960, 'min_stay': 1, 'platichastyami': 0, 'mircashback': 1600}]",15000.0,900,406989_101hotels,2026-08-15
1334467,,"Стандарт, Double/Twin",2,0,0,1,Двухместный,2,3,"[{'single': 2}, {'double': 1}]",[],"[{'id': 755001, 'capacity': 1, 'prepayment': 'NO', 'nonrefundable': 0, 'cancellation_period': 0, 'cancellation_fee': 'NO', 'breakfast': 1, 'base_price': 8900, 'prices': [8900], 'price': 8900, 'old_price': 8900, 'currency': 'RUB', 'payment_amount': 0, 'extras_variants': [], 'extras': [], 'rate_id': 32986, 'deals': [], 'cancellation_type': 'free', 'credit_card': 0, 'bonus': 445, 'miles': 534, 'min_stay': 1, 'platichastyami': 0, 'mircashback': 890}, {'id': 755002, 'capacity': 2, 'prepayment': 'NO', 'nonrefundable': 0, 'cancellation_period': 0, 'cancellation_fee': 'NO', 'breakfast': 1, 'base_price': 9900, 'prices': [9900], 'price': 9900, 'old_price': 9900, 'currency': 'RUB', 'payment_amount': 0, 'extras_variants': [], 'extras': [], 'rate_id': 32986, 'deals': [], 'cancellation_type': 'free', 'credit_card': 0, 'bonus': 495, 'miles': 594, 'min_stay': 1, 'platichastyami': 0, 'mircashback': 990}]",8900.0,534,406989_101hotels,2026-08-15
2269881,,Дизайнерский - Ретро,2,0,0,1,Двухместный,2,1,[{'double': 1}],[],"[{'id': 755000, 'capacity': 1, 'prepayment': 'NO', 'nonrefundable': 0, 'cancellation_period': 0, 'cancellation_fee': 'NO', 'breakfast': 1, 'base_price': 8900, 'prices': [8900], 'price': 8900, 'old_price': 8900, 'currency': 'RUB', 'payment_amount': 0, 'extras_variants': [], 'extras': [], 'rate_id': 32986, 'deals': [], 'cancellation_type': 'free', 'credit_card': 0, 'bonus': 445, 'miles': 534, 'min_stay': 1, 'platichastyami': 0, 'mircashback': 890}, {'id': 755014, 'capacity': 2, 'prepayment': 'NO', 'nonrefundable': 0, 'cancellation_period': 0, 'cancellation_fee': 'NO', 'breakfast': 1, 'base_price': 9900, 'prices': [9900], 'price': 9900, 'old_price': 9900, 'currency': 'RUB', 'payment_amount': 0, 'extras_variants': [], 'extras': [], 'rate_id': 32986, 'deals': [], 'cancellation_type': 'free', 'credit_card': 0, 'bonus': 495, 'miles': 594, 'min_stay': 1, 'platichastyami': 0, 'mircashback': 990}]",8900.0,534,406989_101hotels,2026-08-15
2269883,,Улучшенный стандартный,2,0,0,1,Двухместный,2,7,"[{'single': 2}, {'double': 2}]",[],"[{'id': 755003, 'capacity': 1, 'prepayment': 'NO', 'nonrefundable': 0, 'cancellation_period': 0, 'cancellation_fee': 'NO', 'breakfast': 1, 'base_price': 10900, 'prices': [10900], 'price': 10900, 'old_price': 10900, 'currency': 'RUB', 'payment_amount': 0, 'extras_variants': [], 'extras': [], 'rate_id': 32986, 'deals': [], 'cancellation_type': 'free', 'credit_card': 0, 'bonus': 545, 'miles': 654, 'min_stay': 1, 'platichastyami': 0, 'mircashback': 1090}, {'id': 755004, 'capacity': 2, 'prepayment': 'NO', 'nonrefundable': 0, 'cancellation_period': 0, 'cancellation_fee': 'NO', 'breakfast': 1, 'base_price': 11900, 'prices': [11900], 'price': 11900, 'old_price': 11900, 'currency': 'RUB', 'payment_amount': 0, 'extras_variants': [], 'extras': [], 'rate_id': 32986, 'deals': [], 'cancellation_type': 'free', 'credit_card': 0, 'bonus': 595, 'miles': 714, 'min_stay': 1, 'platichastyami': 0, 'mircashback': 1190}]",10900.0,654,406989_101hotels,2026-08-15
2241247,,Стандартный номер,2,0,0,1,Двухместный,2,3,"[{'single': 2}, {'double': 1}]",[],"[{'id': 475017, 'capacity': 1, 'prepayment': 'FIRST', 'nonrefundable': 0, 'cancellation_period': 7, 'cancellation_fee': 'FIRST', 'breakfast': 0, 'base_price': 7300, 'prices': [7300], 'price': 6570, 'old_price': 7300, 'currency': 'RUB', 'payment_amount': 7300, 'extras_variants': [], 'extras': [], 'rate_id': 12700, 'deals': ['LAST_MINUTE'], 'cancellation_type': 'special', 'credit_card': 1, 'bonus': 329, 'miles': 393, 'min_stay': 1, 'platichastyami': 0, 'mircashback': 657}, {'id': 475008, 'capacity': 1, 'prepayment': 'FIRST', 'nonrefundable': 0, 'cancellation_period': 7, 'cancellation_fee': 'FIRST', 'breakfast': 1, 'base_price': 8100, 'prices': [8100], 'price': 8100, 'old_price': 8100, 'currency': 'RUB', 'payment_amount': 8100, 'extras_variants': [], 'extras': [], 'rate_id': 12699, 'deals': [], 'cancellation_type': 'special', 'credit_card': 1, 'bonus': 405, 'miles': 486, 'min_stay': 1, 'platichastyami': 0, 'mircashback': 810}, {'id': 475018, 'capacity': 2, 'prepayment': 'FIRST', 'nonrefundable': 0, 'cancellation_period': 7, 'cancellation_fee': 'FIRST', 'breakfast': 0, 'base_price': 7900, 'prices': [7900], 'price': 7110, 'old_price': 7900, 'currency': 'RUB', 'payment_amount': 7900, 'extras_variants': [], 'extras': [], 'rate_id': 12700, 'deals': ['LAST_MINUTE'], 'cancellation_type': 'special', 'credit_card': 1, 'bonus': 356, 'miles': 426, 'min_stay': 1, 'platichastyami': 0, 'mircashback': 711}, {'id': 475009, 'capacity': 2, 'prepayment': 'FIRST', 'nonrefundable': 0, 'cancellation_period': 7, 'cancellation_fee': 'FIRST', 'breakfast': 1, 'base_price': 9500, 'prices': [9500], 'price': 9500, 'old_price': 9500, 'currency': 'RUB', 'payment_amount': 9500, 'extras_variants': [], 'extras': [], 'rate_id': 12699, 'deals': [], 'cancellation_type': 'special', 'credit_card': 1, 'bonus': 475, 'miles': 570, 'min_stay': 1, 'platichastyami': 0, 'mircashback': 950}]",6570.0,393,649990_101hotels,2026-08-15
2241254,,Стандартный номер,1,0,0,1,Одноместный,1,3,[{'single': 1}],[],"[{'id': 475016, 'capacity': 1, 'prepayment': 'FIRST', 'nonrefundable': 0, 'cancellation_period': 7, 'cancellation_fee': 'FIRST', 'breakfast': 0, 'base_price': 6600, 'prices': [6600], 'price': 5940, 'old_price': 6600, 'currency': 'RUB', 'payment_amount': 6600, 'extras_variants': [], 'extras': [], 'rate_id': 12700, 'deals': ['LAST_MINUTE'], 'cancellation_type': 'special', 'credit_card': 1, 'bonus': 297, 'miles': 354, 'min_stay': 1, 'platichastyami': 0, 'mircashback': 594}, {'id': 475007, 'capacity': 1, 'prepayment': 'FIRST', 'nonrefundable': 0, 'cancellation_period': 7, 'cancellation_fee': 'FIRST', 'breakfast': 1, 'base_price': 7400, 'prices': [7400], 'price': 7400, 'old_price': 7400, 'currency': 'RUB', 'payment_amount': 7400, 'extras_variants': [], 'extras': [], 'rate_id': 12699, 'deals': [], 'cancellation_type': 'special', 'credit_card': 1, 'bonus': 370, 'miles': 444, 'min_stay': 1, 'platichastyami': 0, 'mircashback': 740}]",5940.0,354,649990_101hotels,2026-08-15
1336373,,Стандарт,1,0,0,1,Одноместный,1,1,[{'single': 1}],[],"[{'id': 594733, 'capacity': 1, 'prepayment': 'NO', 'nonrefundable': 0, 'cancellation_period': 0, 'cancellation_fee': 'NO', 'breakfast': 0, 'base_price': 5200, 'prices': [5200], 'price': 5200, 'old_price': 5200, 'currency': 'RUB', 'payment_amount': 0, 'extras_variants': [], 'extras': [], 'rate_id': 20742, 'deals': [], 'cancellation_type': 'free', 'credit_card': 0, 'bonus': 260, 'miles': 312, 'min_stay': 1, 'platichastyami': 0, 'mircashback': 520}, {'id': 594724, 'capacity': 1, 'prepayment': 'NO', 'nonrefundable': 0, 'cancellation_period': 0, 'cancellation_fee': 'NO', 'breakfast': 6, 'base_price': 6200, 'prices': [6200], 'price': 6200, 'old_price': 6200, 'currency': 'RUB', 'payment_amount': 0, 'extras_variants': [], 'extras': [], 'rate_id': 20741, 'deals': [], 'cancellation_type': 'free', 'credit_card': 0, 'bonus': 310, 'miles': 372, 'min_stay': 1, 'platichastyami': 0, 'mircashback': 620}, {'id': '594733P', 'capacity': 1, 'prepayment': 'FULL', 'nonrefundable': 0, 'cancellation_period': 0, 'cancellation_fee': 'NO', 'breakfast': 0, 'base_price': 5200, 'prices': [5200], 'price': 5200, 'old_price': 5200, 'currency': 'RUB', 'payment_amount': 5200, 'extras_variants': [], 'extras': [], 'rate_id': 20742, 'deals': [], 'cancellation_type': 'free', 'credit_card': 0, 'bonus': 260, 'miles': 312, 'min_stay': 1, 'platichastyami': 0, 'mircashback': 520}, {'id': '594724P', 'capacity': 1, 'prepayment': 'FULL', 'nonrefundable': 0, 'cancellation_period': 0, 'cancellation_fee': 'NO', 'breakfast': 6, 'base_price': 6200, 'prices': [6200], 'price': 6200, 'old_price': 6200, 'currency': 'RUB', 'payment_amount': 6200, 'extras_variants': [], 'extras': [], 'rate_id': 20741, 'deals': [], 'cancellation_type': 'free', 'credit_card': 0, 'bonus': 310, 'miles': 372, 'min_stay': 1, 'platichastyami': 0, 'mircashback': 620}]",5200.0,312,421457_101hotels,2026-08-15
1336377,,"Стандарт с 1 двуспальной, или 2 раздельными кроватями",2,0,0,1,Двухместный,2,8,"[{'single': 2}, {'double': 1}]","[{'id': '52690', 'number': '1', 'min_age': '0', 'max_age': '6', 'is_extra_bed': '0', 'extra_bed_type_id': '0'}]","[{'id': 594734, 'capacity': 1, 'prepayment': 'NO', 'nonrefundable': 0, 'cancellation_period': 0, 'cancellation_fee': 'NO', 'breakfast': 0, 'base_price': 5200, 'prices': [5200], 'price': 5200, 'old_price': 5200, 'currency': 'RUB', 'payment_amount': 0, 'extras_variants': [], 'extras': {'52690': {'id': 52690, 'number': 1, 'extra_bed_type_id': 0, 'age': [0, 6], 'extra_bed': 0, 'free': 1}}, 'rate_id': 20742, 'deals': [], 'cancellation_type': 'free', 'credit_card': 0, 'bonus': 260, 'miles': 312, 'min_stay': 1, 'platichastyami': 0, 'mircashback': 520}, {'id': 594725, 'capacity': 1, 'prepayment': 'NO', 'nonrefundable': 0, 'cancellation_period': 0, 'cancellation_fee': 'NO', 'breakfast': 6, 'base_price': 6200, 'prices': [6200], 'price': 6200, 'old_price': 6200, 'currency': 'RUB', 'payment_amount': 0, 'extras_variants': [], 'extras': {'52690': {'id': 52690, 'number': 1, 'extra_bed_type_id': 0, 'age': [0, 6], 'extra_bed': 0, 'free': 1}}, 'rate_id': 20741, 'deals': [], 'cancellation_type': 'free', 'credit_card': 0, 'bonus': 310, 'miles': 372, 'min_stay': 1, 'platichastyami': 0, 'mircashback': 620}, {'id': 594735, 'capacity': 2, 'prepayment': 'NO', 'nonrefundable': 0, 'cancellation_period': 0, 'cancellation_fee': 'NO', 'breakfast': 0, 'base_price': 6000, 'prices': [6000], 'price': 6000, 'old_price': 6000, 'currency': 'RUB', 'payment_amount': 0, 'extras_variants': [], 'extras': {'52690': {'id': 52690, 'number': 1, 'extra_bed_type_id': 0, 'age': [0, 6], 'extra_bed': 0, 'free': 1}}, 'rate_id': 20742, 'deals': [], 'cancellation_type': 'free', 'credit_card': 0, 'bonus': 300, 'miles': 360, 'min_stay': 1, 'platichastyami': 0, 'mircashback': 600}, {'id': 594726, 'capacity': 2, 'prepayment': 'NO', 'nonrefundable': 0, 'cancellation_period': 0, 'cancellation_fee': 'NO', 'breakfast': 6, 'base_price': 7600, 'prices': [7600], 'price': 7600, 'old_price': 7600, 'currency': 'RUB', 'payment_amount': 0, 'extras_variants': [], 'extras': {'52690': {'id': 52690, 'number': 1, 'extra_bed_type_id': 0, 'age': [0, 6], 'extra_bed': 0, 'free': 1}}, 'rate_id': 20741, 'deals': [], 'cancellation_type': 'free', 'credit_card': 0, 'bonus': 380, 'miles': 456, 'min_stay': 1, 'platichastyami': 0, 'mircashback': 760}, {'id': '594734P', 'capacity': 1, 'prepayment': 'FULL', 'nonrefundable': 0, 'cancellation_period': 0, 'cancellation_fee': 'NO', 'breakfast': 0, 'base_price': 5200, 'prices': [5200], 'price': 5200, 'old_price': 5200, 'currency': 'RUB', 'payment_amount': 5200, 'extras_variants': [], 'extras': {'52690': {'id': 52690, 'number': 1, 'extra_bed_type_id': 0, 'age': [0, 6], 'extra_bed': 0, 'free': 1}}, 'rate_id': 20742, 'deals': [], 'cancellation_type': 'free', 'credit_card': 0, 'bonus': 260, 'miles': 312, 'min_stay': 1, 'platichastyami': 0, 'mircashback': 520}, {'id': '594725P', 'capacity': 1, 'prepayment': 'FULL', 'nonrefundable': 0, 'cancellation_period': 0, 'cancellation_fee': 'NO', 'breakfast': 6, 'base_price': 6200, 'prices': [6200], 'price': 6200, 'old_price': 6200, 'currency': 'RUB', 'payment_amount': 6200, 'extras_variants': [], 'extras': {'52690': {'id': 52690, 'number': 1, 'extra_bed_type_id': 0, 'age': [0, 6], 'extra_bed': 0, 'free': 1}}, 'rate_id': 20741, 'deals': [], 'cancellation_type': 'free', 'credit_card': 0, 'bonus': 310, 'miles': 372, 'min_stay': 1, 'platichastyami': 0, 'mircashback': 620}, {'id': '594735P', 'capacity': 2, 'prepayment': 'FULL', 'nonrefundable': 0, 'cancellation_period': 0, 'cancellation_fee': 'NO', 'breakfast': 0, 'base_price': 6000, 'prices': [6000], 'price': 6000, 'old_price': 6000, 'currency': 'RUB', 'payment_amount': 6000, 'extras_variants': [], 'extras': {'52690': {'id': 52690, 'number': 1, 'extra_bed_type_id': 0, 'age': [0, 6], 'extra_bed': 0, 'free': 1}}, 'rate_id': 20742, 'deals': [], 'cancellation_type': 'free', 'credit_card': 0, 'bonus': 300, 'miles': 360, 'min_stay': 1, 'platichastyami': 0, 'mircashback': 600}, {'id': '594726P', 'capacity': 2, 'prepayment': 'FULL', 'nonrefundable': 0, 'cancellation_period': 0, 'cancellation_fee': 'NO', 'breakfast': 6, 'base_price': 7600, 'prices': [7600], 'price': 7600, 'old_price': 7600, 'currency': 'RUB', 'payment_amount': 7600, 'extras_variants': [], 'extras': {'52690': {'id': 52690, 'number': 1, 'extra_bed_type_id': 0, 'age': [0, 6], 'extra_bed': 0, 'free': 1}}, 'rate_id': 20741, 'deals': [], 'cancellation_type': 'free', 'credit_card': 0, 'bonus': 380, 'miles': 456, 'min_stay': 1, 'platichastyami': 0, 'mircashback': 760}]",5200.0,312,421457_101hotels,2026-08-15
1336388,,Стандарт для людей с ограниченными возможностями,2,1,0,1,Двухместный,2,1,"[{'single': 2}, {'double': 1}]","[{'id': '52691', 'number': '1', 'min_age': '0', 'max_age': '6', 'is_extra_bed': '0', 'extra_bed_type_id': '0'}, {'id': '52692', 'number': '1', 'min_age': '0', 'max_age': '6', 'is_extra_bed': '1', 'extra_bed_type_id': '3'}]","[{'id': 594736, 'capacity': 1, 'prepayment': 'NO', 'nonrefundable': 0, 'cancellation_period': 0, 'cancellation_fee': 'NO', 'breakfast': 0, 'base_price': 6300, 'prices': [6300], 'price': 6300, 'old_price': 6300, 'currency': 'RUB', 'payment_amount': 0, 'extras_variants': [], 'extras': {'52691': {'id': 52691, 'number': 1, 'extra_bed_type_id': 0, 'age': [0, 6], 'extra_bed': 0, 'free': 1}, '52692': {'id': 52692, 'number': 1, 'extra_bed_type_id': 3, 'age': [0, 6], 'extra_bed': 1, 'free': 1}}, 'rate_id': 20742, 'deals': [], 'cancellation_type': 'free', 'credit_card': 0, 'bonus': 315, 'miles': 378, 'min_stay': 1, 'platichastyami': 0, 'mircashback': 630}, {'id': 594727, 'capacity': 1, 'prepayment': 'NO', 'nonrefundable': 0, 'cancellation_period': 0, 'cancellation_fee': 'NO', 'breakfast': 6, 'base_price': 7000, 'prices': [7000], 'price': 7000, 'old_price': 7000, 'currency': 'RUB', 'payment_amount': 0, 'extras_variants': [], 'extras': {'52691': {'id': 52691, 'number': 1, 'extra_bed_type_id': 0, 'age': [0, 6], 'extra_bed': 0, 'free': 1}, '52692': {'id': 52692, 'number': 1, 'extra_bed_type_id': 3, 'age': [0, 6], 'extra_bed': 1, 'free': 1}}, 'rate_id': 20741, 'deals': [], 'cancellation_type': 'free', 'credit_card': 0, 'bonus': 350, 'miles': 420, 'min_stay': 1, 'platichastyami': 0, 'mircashback': 700}, {'id': 594737, 'capacity': 2, 'prepayment': 'NO', 'nonrefundable': 0, 'cancellation_period': 0, 'cancellation_fee': 'NO', 'breakfast': 0, 'base_price': 7500, 'prices': [7500], 'price': 7500, 'old_price': 7500, 'currency': 'RUB', 'payment_amount': 0, 'extras_variants': [], 'extras': {'52691': {'id': 52691, 'number': 1, 'extra_bed_type_id': 0, 'age': [0, 6], 'extra_bed': 0, 'free': 1}, '52692': {'id': 52692, 'number': 1, 'extra_bed_type_id': 3, 'age': [0, 6], 'extra_bed': 1, 'free': 1}}, 'rate_id': 20742, 'deals': [], 'cancellation_type': 'free', 'credit_card': 0, 'bonus': 375, 'miles': 450, 'min_stay': 1, 'platichastyami': 0, 'mircashback': 750}, {'id': 594728, 'capacity': 2, 'prepayment': 'NO', 'nonrefundable': 0, 'cancellation_period': 0, 'cancellation_fee': 'NO', 'breakfast': 6, 'base_price': 8400, 'prices': [8400], 'price': 8400, 'old_price': 8400, 'currency': 'RUB', 'payment_amount': 0, 'extras_variants': [], 'extras': {'52691': {'id': 52691, 'number': 1, 'extra_bed_type_id': 0, 'age': [0, 6], 'extra_bed': 0, 'free': 1}, '52692': {'id': 52692, 'number': 1, 'extra_bed_type_id': 3, 'age': [0, 6], 'extra_bed': 1, 'free': 1}}, 'rate_id': 20741, 'deals': [], 'cancellation_type': 'free', 'credit_card': 0, 'bonus': 420, 'miles': 504, 'min_stay': 1, 'platichastyami': 0, 'mircashback': 840}, {'id': '594736P', 'capacity': 1, 'prepayment': 'FULL', 'nonrefundable': 0, 'cancellation_period': 0, 'cancellation_fee': 'NO', 'breakfast': 0, 'base_price': 6300, 'prices': [6300], 'price': 6300, 'old_price': 6300, 'currency': 'RUB', 'payment_amount': 6300, 'extras_variants': [], 'extras': {'52691': {'id': 52691, 'number': 1, 'extra_bed_type_id': 0, 'age': [0, 6], 'extra_bed': 0, 'free': 1}, '52692': {'id': 52692, 'number': 1, 'extra_bed_type_id': 3, 'age': [0, 6], 'extra_bed': 1, 'free': 1}}, 'rate_id': 20742, 'deals': [], 'cancellation_type': 'free', 'credit_card': 0, 'bonus': 315, 'miles': 378, 'min_stay': 1, 'platichastyami': 0, 'mircashback': 630}, {'id': '594727P', 'capacity': 1, 'prepayment': 'FULL', 'nonrefundable': 0, 'cancellation_period': 0, 'cancellation_fee': 'NO', 'breakfast': 6, 'base_price': 7000, 'prices': [7000], 'price': 7000, 'old_price': 7000, 'currency': 'RUB', 'payment_amount': 7000, 'extras_variants': [], 'extras': {'52691': {'id': 52691, 'number': 1, 'extra_bed_type_id': 0, 'age': [0, 6], 'extra_bed': 0, 'free': 1}, '52692': {'id': 52692, 'number': 1, 'extra_bed_type_id': 3, 'age': [0, 6], 'extra_bed': 1, 'free': 1}}, 'rate_id': 20741, 'deals': [], 'cancellation_type': 'free', 'credit_card': 0, 'bonus': 350, 'miles': 420, 'min_stay': 1, 'platichastyami': 0, 'mircashback': 700}, {'id': '594737P', 'capacity': 2, 'prepayment': 'FULL', 'nonrefundable': 0, 'cancellation_period': 0, 'cancellation_fee': 'NO', 'breakfast': 0, 'base_price': 7500, 'prices': [7500], 'price': 7500, 'old_price': 7500, 'currency': 'RUB', 'payment_amount': 7500, 'extras_variants': [], 'extras': {'52691': {'id': 52691, 'number': 1, 'extra_bed_type_id': 0, 'age': [0, 6], 'extra_bed': 0, 'free': 1}, '52692': {'id': 52692, 'number': 1, 'extra_bed_type_id': 3, 'age': [0, 6], 'extra_bed': 1, 'free': 1}}, 'rate_id': 20742, 'deals': [], 'cancellation_type': 'free', 'credit_card': 0, 'bonus': 375, 'miles': 450, 'min_stay': 1, 'platichastyami': 0, 'mircashback': 750}, {'id': '594728P', 'capacity': 2, 'prepayment': 'FULL', 'nonrefundable': 0, 'cancellation_period': 0, 'cancellation_fee': 'NO', 'breakfast': 6, 'base_price': 8400, 'prices': [8400], 'price': 8400, 'old_price': 8400, 'currency': 'RUB', 'payment_amount': 8400, 'extras_variants': [], 'extras': {'52691': {'id': 52691, 'number': 1, 'extra_bed_type_id': 0, 'age': [0, 6], 'extra_bed': 0, 'free': 1}, '52692': {'id': 52692, 'number': 1, 'extra_bed_type_id': 3, 'age': [0, 6], 'extra_bed': 1, 'free': 1}}, 'rate_id': 20741, 'deals': [], 'cancellation_type': 'free', 'credit_card': 0, 'bonus': 420, 'miles': 504, 'min_stay': 1, 'platichastyami': 0, 'mircashback': 840}]",6300.0,378,421457_101hotels,2026-08-15
1336395,,Полулюкс,2,1,0,1,Двухместный,2,7,"[{'single': 2}, {'double': 1}]","[{'id': '52695', 'number': '1', 'min_age': '0', 'max_age': '6', 'is_extra_bed': '1', 'extra_bed_type_id': '3'}, {'id': '52696', 'number': '1', 'min_age': '0', 'max_age': '6', 'is_extra_bed': '0', 'extra_bed_type_id': '0'}]","[{'id': 594738, 'capacity': 1, 'prepayment': 'NO', 'nonrefundable': 0, 'cancellation_period': 0, 'cancellation_fee': 'NO', 'breakfast': 0, 'base_price': 6300, 'prices': [6300], 'price': 6300, 'old_price': 6300, 'currency': 'RUB', 'payment_amount': 0, 'extras_variants': [], 'extras': {'52695': {'id': 52695, 'number': 1, 'extra_bed_type_id': 3, 'age': [0, 6], 'extra_bed': 1, 'free': 1}, '52696': {'id': 52696, 'number': 1, 'extra_bed_type_id': 0, 'age': [0, 6], 'extra_bed': 0, 'free': 1}}, 'rate_id': 20742, 'deals': [], 'cancellation_type': 'free', 'credit_card': 0, 'bonus': 315, 'miles': 378, 'min_stay': 1, 'platichastyami': 0, 'mircashback': 630}, {'id': 594729, 'capacity': 1, 'prepayment': 'NO', 'nonrefundable': 0, 'cancellation_period': 0, 'cancellation_fee': 'NO', 'breakfast': 6, 'base_price': 7000, 'prices': [7000], 'price': 7000, 'old_price': 7000, 'currency': 'RUB', 'payment_amount': 0, 'extras_variants': [], 'extras': {'52695': {'id': 52695, 'number': 1, 'extra_bed_type_id': 3, 'age': [0, 6], 'extra_bed': 1, 'free': 1}, '52696': {'id': 52696, 'number': 1, 'extra_bed_type_id': 0, 'age': [0, 6], 'extra_bed': 0, 'free': 1}}, 'rate_id': 20741, 'deals': [], 'cancellation_type': 'free', 'credit_card': 0, 'bonus': 350, 'miles': 420, 'min_stay': 1, 'platichastyami': 0, 'mircashback': 700}, {'id': 594739, 'capacity': 2, 'prepayment': 'NO', 'nonrefundable': 0, 'cancellation_period': 0, 'cancellation_fee': 'NO', 'breakfast': 0, 'base_price': 7500, 'prices': [7500], 'price': 7500, 'old_price': 7500, 'currency': 'RUB', 'payment_amount': 0, 'extras_variants': [], 'extras': {'52695': {'id': 52695, 'number': 1, 'extra_bed_type_id': 3, 'age': [0, 6], 'extra_bed': 1, 'free': 1}, '52696': {'id': 52696, 'number': 1, 'extra_bed_type_id': 0, 'age': [0, 6], 'extra_bed': 0, 'free': 1}}, 'rate_id': 20742, 'deals': [], 'cancellation_type': 'free', 'credit_card': 0, 'bonus': 375, 'miles': 450, 'min_stay': 1, 'platichastyami': 0, 'mircashback': 750}, {'id': 594730, 'capacity': 2, 'prepayment': 'NO', 'nonrefundable': 0, 'cancellation_period': 0, 'cancellation_fee': 'NO', 'breakfast': 6, 'base_price': 8400, 'prices': [8400], 'price': 8400, 'old_price': 8400, 'currency': 'RUB', 'payment_amount': 0, 'extras_variants': [], 'extras': {'52695': {'id': 52695, 'number': 1, 'extra_bed_type_id': 3, 'age': [0, 6], 'extra_bed': 1, 'free': 1}, '52696': {'id': 52696, 'number': 1, 'extra_bed_type_id': 0, 'age': [0, 6], 'extra_bed': 0, 'free': 1}}, 'rate_id': 20741, 'deals': [], 'cancellation_type': 'free', 'credit_card': 0, 'bonus': 420, 'miles': 504, 'min_stay': 1, 'platichastyami': 0, 'mircashback': 840}, {'id': '594738P', 'capacity': 1, 'prepayment': 'FULL', 'nonrefundable': 0, 'cancellation_period': 0, 'cancellation_fee': 'NO', 'breakfast': 0, 'base_price': 6300, 'prices': [6300], 'price': 6300, 'old_price': 6300, 'currency': 'RUB', 'payment_amount': 6300, 'extras_variants': [], 'extras': {'52695': {'id': 52695, 'number': 1, 'extra_bed_type_id': 3, 'age': [0, 6], 'extra_bed': 1, 'free': 1}, '52696': {'id': 52696, 'number': 1, 'extra_bed_type_id': 0, 'age': [0, 6], 'extra_bed': 0, 'free': 1}}, 'rate_id': 20742, 'deals': [], 'cancellation_type': 'free', 'credit_card': 0, 'bonus': 315, 'miles': 378, 'min_stay': 1, 'platichastyami': 0, 'mircashback': 630}, {'id': '594729P', 'capacity': 1, 'prepayment': 'FULL', 'nonrefundable': 0, 'cancellation_period': 0, 'cancellation_fee': 'NO', 'breakfast': 6, 'base_price': 7000, 'prices': [7000], 'price': 7000, 'old_price': 7000, 'currency': 'RUB', 'payment_amount': 7000, 'extras_variants': [], 'extras': {'52695': {'id': 52695, 'number': 1, 'extra_bed_type_id': 3, 'age': [0, 6], 'extra_bed': 1, 'free': 1}, '52696': {'id': 52696, 'number': 1, 'extra_bed_type_id': 0, 'age': [0, 6], 'extra_bed': 0, 'free': 1}}, 'rate_id': 20741, 'deals': [], 'cancellation_type': 'free', 'credit_card': 0, 'bonus': 350, 'miles': 420, 'min_stay': 1, 'platichastyami': 0, 'mircashback': 700}, {'id': '594739P', 'capacity': 2, 'prepayment': 'FULL', 'nonrefundable': 0, 'cancellation_period': 0, 'cancellation_fee': 'NO', 'breakfast': 0, 'base_price': 7500, 'prices': [7500], 'price': 7500, 'old_price': 7500, 'currency': 'RUB', 'payment_amount': 7500, 'extras_variants': [], 'extras': {'52695': {'id': 52695, 'number': 1, 'extra_bed_type_id': 3, 'age': [0, 6], 'extra_bed': 1, 'free': 1}, '52696': {'id': 52696, 'number': 1, 'extra_bed_type_id': 0, 'age': [0, 6], 'extra_bed': 0, 'free': 1}}, 'rate_id': 20742, 'deals': [], 'cancellation_type': 'free', 'credit_card': 0, 'bonus': 375, 'miles': 450, 'min_stay': 1, 'platichastyami': 0, 'mircashback': 750}, {'id': '594730P', 'capacity': 2, 'prepayment': 'FULL', 'nonrefundable': 0, 'cancellation_period': 0, 'cancellation_fee': 'NO', 'breakfast': 6, 'base_price': 8400, 'prices': [8400], 'price': 8400, 'old_price': 8400, 'currency': 'RUB', 'payment_amount': 8400, 'extras_variants': [], 'extras': {'52695': {'id': 52695, 'number': 1, 'extra_bed_type_id': 3, 'age': [0, 6], 'extra_bed': 1, 'free': 1}, '52696': {'id': 52696, 'number': 1, 'extra_bed_type_id': 0, 'age': [0, 6], 'extra_bed': 0, 'free': 1}}, 'rate_id': 20741, 'deals': [], 'cancellation_type': 'free', 'credit_card': 0, 'bonus': 420, 'miles': 504, 'min_stay': 1, 'platichastyami': 0, 'mircashback': 840}]",6300.0,378,421457_101hotels,2026-08-15
1336396,,Люкс,2,1,0,1,Двухместный,2,1,"[{'single': 2}, {'double': 1}]","[{'id': '52697', 'number': '1', 'min_age': '0', 'max_age': '6', 'is_extra_bed': '0', 'extra_bed_type_id': '0'}, {'id': '52698', 'number': '1', 'min_age': '0', 'max_age': '6', 'is_extra_bed': '1', 'extra_bed_type_id': '3'}]","[{'id': 594731, 'capacity': 1, 'prepayment': 'NO', 'nonrefundable': 0, 'cancellation_period': 0, 'cancellation_fee': 'NO', 'breakfast': 6, 'base_price': 11000, 'prices': [11000], 'price': 11000, 'old_price': 11000, 'currency': 'RUB', 'payment_amount': 0, 'extras_variants': [], 'extras': {'52697': {'id': 52697, 'number': 1, 'extra_bed_type_id': 0, 'age': [0, 6], 'extra_bed': 0, 'free': 1}, '52698': {'id': 52698, 'number': 1, 'extra_bed_type_id': 3, 'age': [0, 6], 'extra_bed': 1, 'free': 1}}, 'rate_id': 20741, 'deals': [], 'cancellation_type': 'free', 'credit_card': 0, 'bonus': 550, 'miles': 660, 'min_stay': 1, 'platichastyami': 0, 'mircashback': 1100}, {'id': 594732, 'capacity': 2, 'prepayment': 'NO', 'nonrefundable': 0, 'cancellation_period': 0, 'cancellation_fee': 'NO', 'breakfast': 6, 'base_price': 12400, 'prices': [12400], 'price': 12400, 'old_price': 12400, 'currency': 'RUB', 'payment_amount': 0, 'extras_variants': [], 'extras': {'52697': {'id': 52697, 'number': 1, 'extra_bed_type_id': 0, 'age': [0, 6], 'extra_bed': 0, 'free': 1}, '52698': {'id': 52698, 'number': 1, 'extra_bed_type_id': 3, 'age': [0, 6], 'extra_bed': 1, 'free': 1}}, 'rate_id': 20741, 'deals': [], 'cancellation_type': 'free', 'credit_card': 0, 'bonus': 620, 'miles': 744, 'min_stay': 1, 'platichastyami': 0, 'mircashback': 1240}, {'id': '594731P', 'capacity': 1, 'prepayment': 'FULL', 'nonrefundable': 0, 'cancellation_period': 0, 'cancellation_fee': 'NO', 'breakfast': 6, 'base_price': 11000, 'prices': [11000], 'price': 11000, 'old_price': 11000, 'currency': 'RUB', 'payment_amount': 11000, 'extras_variants': [], 'extras': {'52697': {'id': 52697, 'number': 1, 'extra_bed_type_id': 0, 'age': [0, 6], 'extra_bed': 0, 'free': 1}, '52698': {'id': 52698, 'number': 1, 'extra_bed_type_id': 3, 'age': [0, 6], 'extra_bed': 1, 'free': 1}}, 'rate_id': 20741, 'deals': [], 'cancellation_type': 'free', 'credit_card': 0, 'bonus': 550, 'miles': 660, 'min_stay': 1, 'platichastyami': 0, 'mircashback': 1100}, {'id': '594732P', 'capacity': 2, 'prepayment': 'FULL', 'nonrefundable': 0, 'cancellation_period': 0, 'cancellation_fee': 'NO', 'breakfast': 6, 'base_price': 12400, 'prices': [12400], 'price': 12400, 'old_price': 12400, 'currency': 'RUB', 'payment_amount': 12400, 'extras_variants': [], 'extras': {'52697': {'id': 52697, 'number': 1, 'extra_bed_type_id': 0, 'age': [0, 6], 'extra_bed': 0, 'free': 1}, '52698': {'id': 52698, 'number': 1, 'extra_bed_type_id': 3, 'age': [0, 6], 'extra_bed': 1, 'free': 1}}, 'rate_id': 20741, 'deals': [], 'cancellation_type': 'free', 'credit_card': 0, 'bonus': 620, 'miles': 744, 'min_stay': 1, 'platichastyami': 0, 'mircashback': 1240}]",11000.0,660,421457_101hotels,2026-08-15
2308950,,Семейный,2,1,0,1,Номер,45,1,"[{'single': 2}, {'double': 1}]","[{'id': '52693', 'number': '1', 'min_age': '0', 'max_age': '6', 'is_extra_bed': '1', 'extra_bed_type_id': '3'}, {'id': '52694', 'number': '1', 'min_age': '0', 'max_age': '6', 'is_extra_bed': '0', 'extra_bed_type_id': '0'}]","[{'id': 1117298, 'capacity': 1, 'prepayment': 'NO', 'nonrefundable': 0, 'cancellation_period': 0, 'cancellation_fee': 'NO', 'breakfast': 0, 'base_price': 6300, 'prices': [6300], 'price': 6300, 'old_price': 6300, 'currency': 'RUB', 'payment_amount': 0, 'extras_variants': [], 'extras': {'52693': {'id': 52693, 'number': 1, 'extra_bed_type_id': 3, 'age': [0, 6], 'extra_bed': 1, 'free': 1}, '52694': {'id': 52694, 'number': 1, 'extra_bed_type_id': 0, 'age': [0, 6], 'extra_bed': 0, 'free': 1}}, 'rate_id': 20742, 'deals': [], 'cancellation_type': 'free', 'credit_card': 0, 'bonus': 315, 'miles': 378, 'min_stay': 1, 'platichastyami': 0, 'mircashback': 630}, {'id': 1117300, 'capacity': 1, 'prepayment': 'NO', 'nonrefundable': 0, 'cancellation_period': 0, 'cancellation_fee': 'NO', 'breakfast': 6, 'base_price': 7000, 'prices': [7000], 'price': 7000, 'old_price': 7000, 'currency': 'RUB', 'payment_amount': 0, 'extras_variants': [], 'extras': {'52693': {'id': 52693, 'number': 1, 'extra_bed_type_id': 3, 'age': [0, 6], 'extra_bed': 1, 'free': 1}, '52694': {'id': 52694, 'number': 1, 'extra_bed_type_id': 0, 'age': [0, 6], 'extra_bed': 0, 'free': 1}}, 'rate_id': 20741, 'deals': [], 'cancellation_type': 'free', 'credit_card': 0, 'bonus': 350, 'miles': 420, 'min_stay': 1, 'platichastyami': 0, 'mircashback': 700}, {'id': 1117299, 'capacity': 2, 'prepayment': 'NO', 'nonrefundable': 0, 'cancellation_period': 0, 'cancellation_fee': 'NO', 'breakfast': 0, 'base_price': 7500, 'prices': [7500], 'price': 7500, 'old_price': 7500, 'currency': 'RUB', 'payment_amount': 0, 'extras_variants': [], 'extras': {'52693': {'id': 52693, 'number': 1, 'extra_bed_type_id': 3, 'age': [0, 6], 'extra_bed': 1, 'free': 1}, '52694': {'id': 52694, 'number': 1, 'extra_bed_type_id': 0, 'age': [0, 6], 'extra_bed': 0, 'free': 1}}, 'rate_id': 20742, 'deals': [], 'cancellation_type': 'free', 'credit_card': 0, 'bonus': 375, 'miles': 450, 'min_stay': 1, 'platichastyami': 0, 'mircashback': 750}, {'id': 1117301, 'capacity': 2, 'prepayment': 'NO', 'nonrefundable': 0, 'cancellation_period': 0, 'cancellation_fee': 'NO', 'breakfast': 6, 'base_price': 8400, 'prices': [8400], 'price': 8400, 'old_price': 8400, 'currency': 'RUB', 'payment_amount': 0, 'extras_variants': [], 'extras': {'52693': {'id': 52693, 'number': 1, 'extra_bed_type_id': 3, 'age': [0, 6], 'extra_bed': 1, 'free': 1}, '52694': {'id': 52694, 'number': 1, 'extra_bed_type_id': 0, 'age': [0, 6], 'extra_bed': 0, 'free': 1}}, 'rate_id': 20741, 'deals': [], 'cancellation_type': 'free', 'credit_card': 0, 'bonus': 420, 'miles': 504, 'min_stay': 1, 'platichastyami': 0, 'mircashback': 840}, {'id': '1117298P', 'capacity': 1, 'prepayment': 'FULL', 'nonrefundable': 0, 'cancellation_period': 0, 'cancellation_fee': 'NO', 'breakfast': 0, 'base_price': 6300, 'prices': [6300], 'price': 6300, 'old_price': 6300, 'currency': 'RUB', 'payment_amount': 6300, 'extras_variants': [], 'extras': {'52693': {'id': 52693, 'number': 1, 'extra_bed_type_id': 3, 'age': [0, 6], 'extra_bed': 1, 'free': 1}, '52694': {'id': 52694, 'number': 1, 'extra_bed_type_id': 0, 'age': [0, 6], 'extra_bed': 0, 'free': 1}}, 'rate_id': 20742, 'deals': [], 'cancellation_type': 'free', 'credit_card': 0, 'bonus': 315, 'miles': 378, 'min_stay': 1, 'platichastyami': 0, 'mircashback': 630}, {'id': '1117300P', 'capacity': 1, 'prepayment': 'FULL', 'nonrefundable': 0, 'cancellation_period': 0, 'cancellation_fee': 'NO', 'breakfast': 6, 'base_price': 7000, 'prices': [7000], 'price': 7000, 'old_price': 7000, 'currency': 'RUB', 'payment_amount': 7000, 'extras_variants': [], 'extras': {'52693': {'id': 52693, 'number': 1, 'extra_bed_type_id': 3, 'age': [0, 6], 'extra_bed': 1, 'free': 1}, '52694': {'id': 52694, 'number': 1, 'extra_bed_type_id': 0, 'age': [0, 6], 'extra_bed': 0, 'free': 1}}, 'rate_id': 20741, 'deals': [], 'cancellation_type': 'free', 'credit_card': 0, 'bonus': 350, 'miles': 420, 'min_stay': 1, 'platichastyami': 0, 'mircashback': 700}, {'id': '1117299P', 'capacity': 2, 'prepayment': 'FULL', 'nonrefundable': 0, 'cancellation_period': 0, 'cancellation_fee': 'NO', 'breakfast': 0, 'base_price': 7500, 'prices': [7500], 'price': 7500, 'old_price': 7500, 'currency': 'RUB', 'payment_amount': 7500, 'extras_variants': [], 'extras': {'52693': {'id': 52693, 'number': 1, 'extra_bed_type_id': 3, 'age': [0, 6], 'extra_bed': 1, 'free': 1}, '52694': {'id': 52694, 'number': 1, 'extra_bed_type_id': 0, 'age': [0, 6], 'extra_bed': 0, 'free': 1}}, 'rate_id': 20742, 'deals': [], 'cancellation_type': 'free', 'credit_card': 0, 'bonus': 375, 'miles': 450, 'min_stay': 1, 'platichastyami': 0, 'mircashback': 750}, {'id': '1117301P', 'capacity': 2, 'prepayment': 'FULL', 'nonrefundable': 0, 'cancellation_period': 0, 'cancellation_fee': 'NO', 'breakfast': 6, 'base_price': 8400, 'prices': [8400], 'price': 8400, 'old_price': 8400, 'currency': 'RUB', 'payment_amount': 8400, 'extras_variants': [], 'extras': {'52693': {'id': 52693, 'number': 1, 'extra_bed_type_id': 3, 'age': [0, 6], 'extra_bed': 1, 'free': 1}, '52694': {'id': 52694, 'number': 1, 'extra_bed_type_id': 0, 'age': [0, 6], 'extra_bed': 0, 'free': 1}}, 'rate_id': 20741, 'deals': [], 'cancellation_type': 'free', 'credit_card': 0, 'bonus': 420, 'miles': 504, 'min_stay': 1, 'platichastyami': 0, 'mircashback': 840}]",6300.0,378,421457_101hotels,2026-08-15
34488,,Комфорт,2,0,0,1,Двухместный,2,2,"[{'single': 2}, {'double': 1}]","[{'id': '29389', 'number': '1', 'min_age': '0', 'max_age': '7', 'is_extra_bed': '0', 'extra_bed_type_id': '0'}]","[{'id': 496275, 'capacity': 1, 'prepayment': 'FIRST', 'nonrefundable': 0, 'cancellation_period': 0, 'cancellation_fee': 'NO', 'breakfast': 0, 'base_price': 5040, 'prices': [5040], 'price': 5040, 'old_price': 0, 'currency': 'RUB', 'payment_amount': 5040, 'extras_variants': [], 'extras': {'29389': {'id': 29389, 'number': 1, 'extra_bed_type_id': 0, 'age': [0, 7], 'extra_bed': 0, 'free': 1}}, 'rate_id': 14079, 'deals': [], 'cancellation_type': 'free', 'credit_card': 1, 'bonus': 252, 'miles': 300, 'min_stay': 1, 'platichastyami': 0, 'mircashback': 504}, {'id': 496267, 'capacity': 1, 'prepayment': 'FIRST', 'nonrefundable': 0, 'cancellation_period': 0, 'cancellation_fee': 'NO', 'breakfast': 1, 'base_price': 5520, 'prices': [5520], 'price': 4968, 'old_price': 0, 'currency': 'RUB', 'payment_amount': 5520, 'extras_variants': [], 'extras': {'29389': {'id': 29389, 'number': 1, 'extra_bed_type_id': 0, 'age': [0, 7], 'extra_bed': 0, 'free': 1}}, 'rate_id': 14078, 'deals': ['LAST_MINUTE'], 'cancellation_type': 'free', 'credit_card': 1, 'bonus': 248, 'miles': 297, 'min_stay': 1, 'platichastyami': 0, 'mircashback': 497}, {'id': 496276, 'capacity': 2, 'prepayment': 'FIRST', 'nonrefundable': 0, 'cancellation_period': 0, 'cancellation_fee': 'NO', 'breakfast': 0, 'base_price': 5280, 'prices': [5280], 'price': 5280, 'old_price': 0, 'currency': 'RUB', 'payment_amount': 5280, 'extras_variants': [], 'extras': {'29389': {'id': 29389, 'number': 1, 'extra_bed_type_id': 0, 'age': [0, 7], 'extra_bed': 0, 'free': 1}}, 'rate_id': 14079, 'deals': [], 'cancellation_type': 'free', 'credit_card': 1, 'bonus': 264, 'miles': 315, 'min_stay': 1, 'platichastyami': 0, 'mircashback': 528}, {'id': 496268, 'capacity': 2, 'prepayment': 'FIRST', 'nonrefundable': 0, 'cancellation_period': 0, 'cancellation_fee': 'NO', 'breakfast': 1, 'base_price': 6240, 'prices': [6240], 'price': 5616, 'old_price': 0, 'currency': 'RUB', 'payment_amount': 6240, 'extras_variants': [], 'extras': {'29389': {'id': 29389, 'number': 1, 'extra_bed_type_id': 0, 'age': [0, 7], 'extra_bed': 0, 'free': 1}}, 'rate_id': 14078, 'deals': ['LAST_MINUTE'], 'cancellation_type': 'free', 'credit_card': 1, 'bonus': 281, 'miles': 336, 'min_stay': 1, 'platichastyami': 0, 'mircashback': 562}]",4968.0,297,7178_101hotels,2026-08-15
128227,,Стандарт,2,0,0,1,Двухместный,2,1,"[{'single': 2}, {'double': 1}]","[{'id': '29390', 'number': '1', 'min_age': '0', 'max_age': '7', 'is_extra_bed': '0', 'extra_bed_type_id': '0'}]","[{'id': 496277, 'capacity': 1, 'prepayment': 'FIRST', 'nonrefundable': 0, 'cancellation_period': 0, 'cancellation_fee': 'NO', 'breakfast': 0, 'base_price': 4500, 'prices': [4500], 'price': 4500, 'old_price': 0, 'currency': 'RUB', 'payment_amount': 4500, 'extras_variants': [], 'extras': {'29390': {'id': 29390, 'number': 1, 'extra_bed_type_id': 0, 'age': [0, 7], 'extra_bed': 0, 'free': 1}}, 'rate_id': 14079, 'deals': [], 'cancellation_type': 'free', 'credit_card': 1, 'bonus': 225, 'miles': 270, 'min_stay': 1, 'platichastyami': 0, 'mircashback': 450}, {'id': 496269, 'capacity': 1, 'prepayment': 'FIRST', 'nonrefundable': 0, 'cancellation_period': 0, 'cancellation_fee': 'NO', 'breakfast': 1, 'base_price': 4980, 'prices': [4980], 'price': 4482, 'old_price': 0, 'currency': 'RUB', 'payment_amount': 4980, 'extras_variants': [], 'extras': {'29390': {'id': 29390, 'number': 1, 'extra_bed_type_id': 0, 'age': [0, 7], 'extra_bed': 0, 'free': 1}}, 'rate_id': 14078, 'deals': ['LAST_MINUTE'], 'cancellation_type': 'free', 'credit_card': 1, 'bonus': 224, 'miles': 267, 'min_stay': 1, 'platichastyami': 0, 'mircashback': 448}, {'id': 496278, 'capacity': 2, 'prepayment': 'FIRST', 'nonrefundable': 0, 'cancellation_period': 0, 'cancellation_fee': 'NO', 'breakfast': 0, 'base_price': 4740, 'prices': [4740], 'price': 4740, 'old_price': 0, 'currency': 'RUB', 'payment_amount': 4740, 'extras_variants': [], 'extras': {'29390': {'id': 29390, 'number': 1, 'extra_bed_type_id': 0, 'age': [0, 7], 'extra_bed': 0, 'free': 1}}, 'rate_id': 14079, 'deals': [], 'cancellation_type': 'free', 'credit_card': 1, 'bonus': 237, 'miles': 282, 'min_stay': 1, 'platichastyami': 0, 'mircashback': 474}, {'id': 496270, 'capacity': 2, 'prepayment': 'FIRST', 'nonrefundable': 0, 'cancellation_period': 0, 'cancellation_fee': 'NO', 'breakfast': 1, 'base_price': 5700, 'prices': [5700], 'price': 5130, 'old_price': 0, 'currency': 'RUB', 'payment_amount': 5700, 'extras_variants': [], 'extras': {'29390': {'id': 29390, 'number': 1, 'extra_bed_type_id': 0, 'age': [0, 7], 'extra_bed': 0, 'free': 1}}, 'rate_id': 14078, 'deals': ['LAST_MINUTE'], 'cancellation_type': 'free', 'credit_card': 1, 'bonus': 257, 'miles': 306, 'min_stay': 1, 'platichastyami': 0, 'mircashback': 513}]",4482.0,267,7178_101hotels,2026-08-15
2302230,,Реновация 2025 на 4 этаже,3,0,0,1,Полулюкс,4,1,"[{'single': 2}, {'double': 1}]","[{'id': '44942', 'number': '1', 'min_age': '0', 'max_age': '7', 'is_extra_bed': '0', 'extra_bed_type_id': '0'}]","[{'id': 1057033, 'capacity': 1, 'prepayment': 'FIRST', 'nonrefundable': 0, 'cancellation_period': 0, 'cancellation_fee': 'NO', 'breakfast': 0, 'base_price': 6000, 'prices': [6000], 'price': 6000, 'old_price': 0, 'currency': 'RUB', 'payment_amount': 6000, 'extras_variants': [], 'extras': {'44942': {'id': 44942, 'number': 1, 'extra_bed_type_id': 0, 'age': [0, 7], 'extra_bed': 0, 'free': 1}}, 'rate_id': 14079, 'deals': [], 'cancellation_type': 'free', 'credit_card': 1, 'bonus': 300, 'miles': 360, 'min_stay': 1, 'platichastyami': 0, 'mircashback': 600}, {'id': 1057035, 'capacity': 1, 'prepayment': 'FIRST', 'nonrefundable': 0, 'cancellation_period': 0, 'cancellation_fee': 'NO', 'breakfast': 1, 'base_price': 6480, 'prices': [6480], 'price': 5832, 'old_price': 0, 'currency': 'RUB', 'payment_amount': 6480, 'extras_variants': [], 'extras': {'44942': {'id': 44942, 'number': 1, 'extra_bed_type_id': 0, 'age': [0, 7], 'extra_bed': 0, 'free': 1}}, 'rate_id': 14078, 'deals': ['LAST_MINUTE'], 'cancellation_type': 'free', 'credit_card': 1, 'bonus': 292, 'miles': 348, 'min_stay': 1, 'platichastyami': 0, 'mircashback': 583}, {'id': 1057034, 'capacity': 2, 'prepayment': 'FIRST', 'nonrefundable': 0, 'cancellation_period': 0, 'cancellation_fee': 'NO', 'breakfast': 0, 'base_price': 6240, 'prices': [6240], 'price': 6240, 'old_price': 0, 'currency': 'RUB', 'payment_amount': 6240, 'extras_variants': [], 'extras': {'44942': {'id': 44942, 'number': 1, 'extra_bed_type_id': 0, 'age': [0, 7], 'extra_bed': 0, 'free': 1}}, 'rate_id': 14079, 'deals': [], 'cancellation_type': 'free', 'credit_card': 1, 'bonus': 312, 'miles': 372, 'min_stay': 1, 'platichastyami': 0, 'mircashback': 624}, {'id': 1057036, 'capacity': 2, 'prepayment': 'FIRST', 'nonrefundable': 0, 'cancellation_period': 0, 'cancellation_fee': 'NO', 'breakfast': 1, 'base_price': 7200, 'prices': [7200], 'price': 6480, 'old_price': 0, 'currency': 'RUB', 'payment_amount': 7200, 'extras_variants': [], 'extras': {'44942': {'id': 44942, 'number': 1, 'extra_bed_type_id': 0, 'age': [0, 7], 'extra_bed': 0, 'free': 1}}, 'rate_id': 14078, 'deals': ['LAST_MINUTE'], 'cancellation_type': 'free', 'credit_card': 1, 'bonus': 324, 'miles': 387, 'min_stay': 1, 'platichastyami': 0, 'mircashback': 648}, {'id': 1194109, 'capacity': 3, 'prepayment': 'FIRST', 'nonrefundable': 0, 'cancellation_period': 0, 'cancellation_fee': 'NO', 'breakfast': 0, 'base_price': 7680, 'prices': [7680], 'price': 7680, 'old_price': 0, 'currency': 'RUB', 'payment_amount': 7680, 'extras_variants': [], 'extras': {'44942': {'id': 44942, 'number': 1, 'extra_bed_type_id': 0, 'age': [0, 7], 'extra_bed': 0, 'free': 1}}, 'rate_id': 14079, 'deals': [], 'cancellation_type': 'free', 'credit_card': 1, 'bonus': 384, 'miles': 459, 'min_stay': 1, 'platichastyami': 0, 'mircashback': 768}, {'id': 1194108, 'capacity': 3, 'prepayment': 'FIRST', 'nonrefundable': 0, 'cancellation_period': 0, 'cancellation_fee': 'NO', 'breakfast': 1, 'base_price': 9120, 'prices': [9120], 'price': 9120, 'old_price': 0, 'currency': 'RUB', 'payment_amount': 9120, 'extras_variants': [], 'extras': {'44942': {'id': 44942, 'number': 1, 'extra_bed_type_id': 0, 'age': [0, 7], 'extra_bed': 0, 'free': 1}}, 'rate_id': 14078, 'deals': [], 'cancellation_type': 'free', 'credit_card': 1, 'bonus': 456, 'miles': 546, 'min_stay': 1, 'platichastyami': 0, 'mircashback': 912}]",5832.0,348,7178_101hotels,2026-08-15
2317080,,Двухместный,2,0,0,1,Полулюкс,4,1,"[{'single': 2}, {'double': 1}]","[{'id': '44919', 'number': '1', 'min_age': '0', 'max_age': '7', 'is_extra_bed': '0', 'extra_bed_type_id': '0'}]","[{'id': 1194044, 'capacity': 1, 'prepayment': 'FIRST', 'nonrefundable': 0, 'cancellation_period': 0, 'cancellation_fee': 'NO', 'breakfast': 1, 'base_price': 5880, 'prices': [5880], 'price': 5880, 'old_price': 0, 'currency': 'RUB', 'payment_amount': 5880, 'extras_variants': [], 'extras': {'44919': {'id': 44919, 'number': 1, 'extra_bed_type_id': 0, 'age': [0, 7], 'extra_bed': 0, 'free': 1}}, 'rate_id': 14078, 'deals': [], 'cancellation_type': 'free', 'credit_card': 1, 'bonus': 294, 'miles': 351, 'min_stay': 1, 'platichastyami': 0, 'mircashback': 588}, {'id': 1194045, 'capacity': 2, 'prepayment': 'FIRST', 'nonrefundable': 0, 'cancellation_period': 0, 'cancellation_fee': 'NO', 'breakfast': 1, 'base_price': 6600, 'prices': [6600], 'price': 6600, 'old_price': 0, 'currency': 'RUB', 'payment_amount': 6600, 'extras_variants': [], 'extras': {'44919': {'id': 44919, 'number': 1, 'extra_bed_type_id': 0, 'age': [0, 7], 'extra_bed': 0, 'free': 1}}, 'rate_id': 14078, 'deals': [], 'cancellation_type': 'free', 'credit_card': 1, 'bonus': 330, 'miles': 396, 'min_stay': 1, 'platichastyami': 0, 'mircashback': 660}]",5880.0,351,7178_101hotels,2026-08-15
2275530,,Капсульная кровать  в женском номере,6,1,1,0,Шестиместный,36,3,[{'2-tier': 1}],[],"[{'id': 799707, 'capacity': 1, 'prepayment': 'FIRST', 'nonrefundable': 1, 'cancellation_period': 0, 'cancellation_fee': 'FIRST', 'breakfast': 0, 'base_price': 1300, 'prices': [1300], 'price': 1105, 'old_price': 1300, 'currency': 'RUB', 'payment_amount': 1300, 'extras_variants': [], 'extras': [], 'rate_id': 36336, 'deals': ['LAST_MINUTE'], 'cancellation_type': 'nonrefundable', 'credit_card': 1, 'bonus': 55, 'miles': 66, 'min_stay': 1, 'platichastyami': 0, 'mircashback': 111}]",1105.0,66,666722_101hotels,2026-08-15
2275533,,Капсульная кровать в мужском номере,8,1,1,0,Восьмиместный,38,7,[{'single': 1}],"[{'id': '24092', 'number': '1', 'min_age': '0', 'max_age': '7', 'is_extra_bed': '0', 'extra_bed_type_id': '0'}]","[{'id': 1074873, 'capacity': 1, 'prepayment': 'FIRST', 'nonrefundable': 1, 'cancellation_period': 0, 'cancellation_fee': 'FIRST', 'breakfast': 0, 'base_price': 1300, 'prices': [1300], 'price': 1105, 'old_price': 1300, 'currency': 'RUB', 'payment_amount': 1300, 'extras_variants': [], 'extras': {'24092': {'id': 24092, 'number': 1, 'extra_bed_type_id': 0, 'age': [0, 7], 'extra_bed': 0, 'free': 1}}, 'rate_id': 36336, 'deals': ['LAST_MINUTE'], 'cancellation_type': 'nonrefundable', 'credit_card': 1, 'bonus': 55, 'miles': 66, 'min_stay': 1, 'platichastyami': 0, 'mircashback': 111}]",1105.0,66,666722_101hotels,2026-08-15
2275538,,Общий женский номер,16,0,1,0,Шестнадцатиместный,46,16,[{'2-tier': 1}],[],"[{'id': 1074874, 'capacity': 1, 'prepayment': 'FIRST', 'nonrefundable': 1, 'cancellation_period': 0, 'cancellation_fee': 'FIRST', 'breakfast': 0, 'base_price': 1100, 'prices': [1100], 'price': 935, 'old_price': 1100, 'currency': 'RUB', 'payment_amount': 1100, 'extras_variants': [], 'extras': [], 'rate_id': 36336, 'deals': ['LAST_MINUTE'], 'cancellation_type': 'nonrefundable', 'credit_card': 1, 'bonus': 47, 'miles': 54, 'min_stay': 1, 'platichastyami': 0, 'mircashback': 94}]",935.0,54,666722_101hotels,2026-08-15
2275539,,Общий мужской   номер,14,0,1,0,Четырнадцатиместный,43,12,[{'2-tier': 1}],[],"[{'id': 1074875, 'capacity': 1, 'prepayment': 'FIRST', 'nonrefundable': 1, 'cancellation_period': 0, 'cancellation_fee': 'FIRST', 'breakfast': 0, 'base_price': 1100, 'prices': [1100], 'price': 935, 'old_price': 1100, 'currency': 'RUB', 'payment_amount': 1100, 'extras_variants': [], 'extras': [], 'rate_id': 36336, 'deals': ['LAST_MINUTE'], 'cancellation_type': 'nonrefundable', 'credit_card': 1, 'bonus': 47, 'miles': 54, 'min_stay': 1, 'platichastyami': 0, 'mircashback': 94}]",935.0,54,666722_101hotels,2026-08-15
2254105,,Койко-место в общем экономе,4,0,1,0,Четырехместный,34,3,[{'single': 1}],[],"[{'id': 635987, 'capacity': 1, 'prepayment': 'FULL', 'nonrefundable': 1, 'cancellation_period': 0, 'cancellation_fee': 'FIRST', 'breakfast': 0, 'base_price': 2020, 'prices': [2020], 'price': 2020, 'old_price': 2020, 'currency': 'RUB', 'payment_amount': 2020, 'extras_variants': [], 'extras': [], 'rate_id': 23703, 'deals': [], 'cancellation_type': 'nonrefundable', 'credit_card': 1, 'bonus': 101, 'miles': 120, 'min_stay': 1, 'platichastyami': 0, 'mircashback': 202}]",2020.0,120,658692_101hotels,2026-08-15
83986,,Twin,2,0,0,1,Двухместный,2,1,[{'single': 2}],[],"[{'id': 654322, 'capacity': 1, 'prepayment': 'NO', 'nonrefundable': 0, 'cancellation_period': 0, 'cancellation_fee': 'NO', 'breakfast': 0, 'base_price': 4000, 'prices': [4000], 'price': 4000, 'old_price': 0, 'currency': 'RUB', 'payment_amount': 0, 'extras_variants': [], 'extras': [], 'rate_id': 25215, 'deals': [], 'cancellation_type': 'free', 'credit_card': 0, 'bonus': 200, 'miles': 240, 'min_stay': 1, 'platichastyami': 0, 'mircashback': 400}, {'id': 251121, 'capacity': 1, 'prepayment': 'NO', 'nonrefundable': 0, 'cancellation_period': 0, 'cancellation_fee': 'NO', 'breakfast': 1, 'base_price': 4500, 'prices': [4500], 'price': 4500, 'old_price': 0, 'currency': 'RUB', 'payment_amount': 0, 'extras_variants': [], 'extras': [], 'rate_id': 246, 'deals': [], 'cancellation_type': 'free', 'credit_card': 0, 'bonus': 225, 'miles': 270, 'min_stay': 1, 'platichastyami': 0, 'mircashback': 450}, {'id': 654323, 'capacity': 2, 'prepayment': 'NO', 'nonrefundable': 0, 'cancellation_period': 0, 'cancellation_fee': 'NO', 'breakfast': 0, 'base_price': 4300, 'prices': [4300], 'price': 4300, 'old_price': 0, 'currency': 'RUB', 'payment_amount': 0, 'extras_variants': [], 'extras': [], 'rate_id': 25215, 'deals': [], 'cancellation_type': 'free', 'credit_card': 0, 'bonus': 215, 'miles': 258, 'min_stay': 1, 'platichastyami': 0, 'mircashback': 430}, {'id': 251122, 'capacity': 2, 'prepayment': 'NO', 'nonrefundable': 0, 'cancellation_period': 0, 'cancellation_fee': 'NO', 'breakfast': 1, 'base_price': 4900, 'prices': [4900], 'price': 4900, 'old_price': 0, 'currency': 'RUB', 'payment_amount': 0, 'extras_variants': [], 'extras': [], 'rate_id': 246, 'deals': [], 'cancellation_type': 'free', 'credit_card': 0, 'bonus': 245, 'miles': 294, 'min_stay': 1, 'platichastyami': 0, 'mircashback': 490}]",4000.0,240,17090_101hotels,2026-08-15
83988,,,2,1,0,1,Студио,5,2,"[{'double': 1}, {'single': 1, 'double': 1}]",[],"[{'id': 251131, 'capacity': 1, 'prepayment': 'NO', 'nonrefundable': 0, 'cancellation_period': 0, 'cancellation_fee': 'NO', 'breakfast': 1, 'base_price': 6500, 'prices': [6500], 'price': 6500, 'old_price': 0, 'currency': 'RUB', 'payment_amount': 0, 'extras_variants': [], 'extras': [], 'rate_id': 246, 'deals': [], 'cancellation_type': 'free', 'credit_card': 0, 'bonus': 325, 'miles': 390, 'min_stay': 1, 'platichastyami': 0, 'mircashback': 650}, {'id': 251132, 'capacity': 2, 'prepayment': 'NO', 'nonrefundable': 0, 'cancellation_period': 0, 'cancellation_fee': 'NO', 'breakfast': 1, 'base_price': 6900, 'prices': [6900], 'price': 6900, 'old_price': 0, 'currency': 'RUB', 'payment_amount': 0, 'extras_variants': [], 'extras': [], 'rate_id': 246, 'deals': [], 'cancellation_type': 'free', 'credit_card': 0, 'bonus': 345, 'miles': 414, 'min_stay': 1, 'platichastyami': 0, 'mircashback': 690}]",6500.0,390,17090_101hotels,2026-08-15
126133,,Double+1,2,1,0,1,Двухместный,2,1,"[{'single': 1, 'double': 1}, {'single': 1}, {'single': 1}, {'double': 1}]",[],"[{'id': 654326, 'capacity': 1, 'prepayment': 'NO', 'nonrefundable': 0, 'cancellation_period': 0, 'cancellation_fee': 'NO', 'breakfast': 0, 'base_price': 4000, 'prices': [4000], 'price': 4000, 'old_price': 0, 'currency': 'RUB', 'payment_amount': 0, 'extras_variants': [], 'extras': [], 'rate_id': 25215, 'deals': [], 'cancellation_type': 'free', 'credit_card': 0, 'bonus': 200, 'miles': 240, 'min_stay': 1, 'platichastyami': 0, 'mircashback': 400}, {'id': 251127, 'capacity': 1, 'prepayment': 'NO', 'nonrefundable': 0, 'cancellation_period': 0, 'cancellation_fee': 'NO', 'breakfast': 1, 'base_price': 4500, 'prices': [4500], 'price': 4500, 'old_price': 0, 'currency': 'RUB', 'payment_amount': 0, 'extras_variants': [], 'extras': [], 'rate_id': 246, 'deals': [], 'cancellation_type': 'free', 'credit_card': 0, 'bonus': 225, 'miles': 270, 'min_stay': 1, 'platichastyami': 0, 'mircashback': 450}, {'id': 654327, 'capacity': 2, 'prepayment': 'NO', 'nonrefundable': 0, 'cancellation_period': 0, 'cancellation_fee': 'NO', 'breakfast': 0, 'base_price': 4300, 'prices': [4300], 'price': 4300, 'old_price': 0, 'currency': 'RUB', 'payment_amount': 0, 'extras_variants': [], 'extras': [], 'rate_id': 25215, 'deals': [], 'cancellation_type': 'free', 'credit_card': 0, 'bonus': 215, 'miles': 258, 'min_stay': 1, 'platichastyami': 0, 'mircashback': 430}, {'id': 251128, 'capacity': 2, 'prepayment': 'NO', 'nonrefundable': 0, 'cancellation_period': 0, 'cancellation_fee': 'NO', 'breakfast': 1, 'base_price': 4900, 'prices': [4900], 'price': 4900, 'old_price': 0, 'currency': 'RUB', 'payment_amount': 0, 'extras_variants': [], 'extras': [], 'rate_id': 246, 'deals': [], 'cancellation_type': 'free', 'credit_card': 0, 'bonus': 245, 'miles': 294, 'min_stay': 1, 'platichastyami': 0, 'mircashback': 490}]",4000.0,240,17090_101hotels,2026-08-15
126134,,Twin+1,2,1,0,1,Двухместный,2,2,"[{'single': 2}, {'single': 3}]",[],"[{'id': 654328, 'capacity': 1, 'prepayment': 'NO', 'nonrefundable': 0, 'cancellation_period': 0, 'cancellation_fee': 'NO', 'breakfast': 0, 'base_price': 4000, 'prices': [4000], 'price': 4000, 'old_price': 0, 'currency': 'RUB', 'payment_amount': 0, 'extras_variants': [], 'extras': [], 'rate_id': 25215, 'deals': [], 'cancellation_type': 'free', 'credit_card': 0, 'bonus': 200, 'miles': 240, 'min_stay': 1, 'platichastyami': 0, 'mircashback': 400}, {'id': 251129, 'capacity': 1, 'prepayment': 'NO', 'nonrefundable': 0, 'cancellation_period': 0, 'cancellation_fee': 'NO', 'breakfast': 1, 'base_price': 4500, 'prices': [4500], 'price': 4500, 'old_price': 0, 'currency': 'RUB', 'payment_amount': 0, 'extras_variants': [], 'extras': [], 'rate_id': 246, 'deals': [], 'cancellation_type': 'free', 'credit_card': 0, 'bonus': 225, 'miles': 270, 'min_stay': 1, 'platichastyami': 0, 'mircashback': 450}, {'id': 654329, 'capacity': 2, 'prepayment': 'NO', 'nonrefundable': 0, 'cancellation_period': 0, 'cancellation_fee': 'NO', 'breakfast': 0, 'base_price': 4300, 'prices': [4300], 'price': 4300, 'old_price': 0, 'currency': 'RUB', 'payment_amount': 0, 'extras_variants': [], 'extras': [], 'rate_id': 25215, 'deals': [], 'cancellation_type': 'free', 'credit_card': 0, 'bonus': 215, 'miles': 258, 'min_stay': 1, 'platichastyami': 0, 'mircashback': 430}, {'id': 251130, 'capacity': 2, 'prepayment': 'NO', 'nonrefundable': 0, 'cancellation_period': 0, 'cancellation_fee': 'NO', 'breakfast': 1, 'base_price': 4900, 'prices': [4900], 'price': 4900, 'old_price': 0, 'currency': 'RUB', 'payment_amount': 0, 'extras_variants': [], 'extras': [], 'rate_id': 246, 'deals': [], 'cancellation_type': 'free', 'credit_card': 0, 'bonus': 245, 'miles': 294, 'min_stay': 1, 'platichastyami': 0, 'mircashback': 490}]",4000.0,240,17090_101hotels,2026-08-15
2256161,,Single,1,0,0,1,Одноместный,1,2,[{'double': 1}],[],"[{'id': 654321, 'capacity': 1, 'prepayment': 'NO', 'nonrefundable': 0, 'cancellation_period': 0, 'cancellation_fee': 'NO', 'breakfast': 0, 'base_price': 5355, 'prices': [5355], 'price': 5355, 'old_price': 0, 'currency': 'RUB', 'payment_amount': 0, 'extras_variants': [], 'extras': [], 'rate_id': 25032, 'deals': [], 'cancellation_type': 'free', 'credit_card': 0, 'bonus': 268, 'miles': 321, 'min_stay': 1, 'platichastyami': 0, 'mircashback': 536}]",5355.0,321,17090_101hotels,2026-08-15
74030,,Стандарт Twin,2,0,0,1,Двухместный,2,2,[{'single': 2}],[],"[{'id': 742131, 'capacity': 1, 'prepayment': 'NO', 'nonrefundable': 0, 'cancellation_period': 0, 'cancellation_fee': 'NO', 'breakfast': 0, 'base_price': 3750, 'prices': [3750], 'price': 3750, 'old_price': 0, 'currency': 'RUB', 'payment_amount': 0, 'extras_variants': [], 'extras': [], 'rate_id': 31838, 'deals': [], 'cancellation_type': 'free', 'credit_card': 0, 'bonus': 188, 'miles': 225, 'min_stay': 1, 'platichastyami': 0, 'mircashback': 375}, {'id': 742132, 'capacity': 2, 'prepayment': 'NO', 'nonrefundable': 0, 'cancellation_period': 0, 'cancellation_fee': 'NO', 'breakfast': 0, 'base_price': 3950, 'prices': [3950], 'price': 3950, 'old_price': 0, 'currency': 'RUB', 'payment_amount': 0, 'extras_variants': [], 'extras': [], 'rate_id': 31838, 'deals': [], 'cancellation_type': 'free', 'credit_card': 0, 'bonus': 198, 'miles': 237, 'min_stay': 1, 'platichastyami': 0, 'mircashback': 395}]",3750.0,225,14079_101hotels,2026-08-15
74031,,,3,1,0,1,Семейный,44,2,"[{'double': 1, 'sofa': 1}]",[],"[{'id': 742137, 'capacity': 1, 'prepayment': 'NO', 'nonrefundable': 0, 'cancellation_period': 0, 'cancellation_fee': 'NO', 'breakfast': 0, 'base_price': 5050, 'prices': [5050], 'price': 5050, 'old_price': 0, 'currency': 'RUB', 'payment_amount': 0, 'extras_variants': [], 'extras': [], 'rate_id': 31838, 'deals': [], 'cancellation_type': 'free', 'credit_card': 0, 'bonus': 253, 'miles': 303, 'min_stay': 1, 'platichastyami': 0, 'mircashback': 505}, {'id': 742138, 'capacity': 2, 'prepayment': 'NO', 'nonrefundable': 0, 'cancellation_period': 0, 'cancellation_fee': 'NO', 'breakfast': 0, 'base_price': 5050, 'prices': [5050], 'price': 5050, 'old_price': 0, 'currency': 'RUB', 'payment_amount': 0, 'extras_variants': [], 'extras': [], 'rate_id': 31838, 'deals': [], 'cancellation_type': 'free', 'credit_card': 0, 'bonus': 253, 'miles': 303, 'min_stay': 1, 'platichastyami': 0, 'mircashback': 505}, {'id': 742139, 'capacity': 3, 'prepayment': 'NO', 'nonrefundable': 0, 'cancellation_period': 0, 'cancellation_fee': 'NO', 'breakfast': 0, 'base_price': 5050, 'prices': [5050], 'price': 5050, 'old_price': 0, 'currency': 'RUB', 'payment_amount': 0, 'extras_variants': [], 'extras': [], 'rate_id': 31838, 'deals': [], 'cancellation_type': 'free', 'credit_card': 0, 'bonus': 253, 'miles': 303, 'min_stay': 1, 'platichastyami': 0, 'mircashback': 505}]",5050.0,303,14079_101hotels,2026-08-15
74032,,,2,0,0,1,Люкс,6,1,[{'double': 1}],[],"[{'id': 742135, 'capacity': 1, 'prepayment': 'NO', 'nonrefundable': 0, 'cancellation_period': 0, 'cancellation_fee': 'NO', 'breakfast': 0, 'base_price': 6050, 'prices': [6050], 'price': 6050, 'old_price': 0, 'currency': 'RUB', 'payment_amount': 0, 'extras_variants': [], 'extras': [], 'rate_id': 31838, 'deals': [], 'cancellation_type': 'free', 'credit_card': 0, 'bonus': 303, 'miles': 363, 'min_stay': 1, 'platichastyami': 0, 'mircashback': 605}, {'id': 742136, 'capacity': 2, 'prepayment': 'NO', 'nonrefundable': 0, 'cancellation_period': 0, 'cancellation_fee': 'NO', 'breakfast': 0, 'base_price': 6050, 'prices': [6050], 'price': 6050, 'old_price': 0, 'currency': 'RUB', 'payment_amount': 0, 'extras_variants': [], 'extras': [], 'rate_id': 31838, 'deals': [], 'cancellation_type': 'free', 'credit_card': 0, 'bonus': 303, 'miles': 363, 'min_stay': 1, 'platichastyami': 0, 'mircashback': 605}]",6050.0,363,14079_101hotels,2026-08-15
74033,,,2,0,0,1,Полулюкс,4,1,"[{'double': 1, 'sofa': 1}]",[],"[{'id': 742133, 'capacity': 1, 'prepayment': 'NO', 'nonrefundable': 0, 'cancellation_period': 0, 'cancellation_fee': 'NO', 'breakfast': 0, 'base_price': 5550, 'prices': [5550], 'price': 5550, 'old_price': 0, 'currency': 'RUB', 'payment_amount': 0, 'extras_variants': [], 'extras': [], 'rate_id': 31838, 'deals': [], 'cancellation_type': 'free', 'credit_card': 0, 'bonus': 278, 'miles': 333, 'min_stay': 1, 'platichastyami': 0, 'mircashback': 555}, {'id': 742134, 'capacity': 2, 'prepayment': 'NO', 'nonrefundable': 0, 'cancellation_period': 0, 'cancellation_fee': 'NO', 'breakfast': 0, 'base_price': 5550, 'prices': [5550], 'price': 5550, 'old_price': 0, 'currency': 'RUB', 'payment_amount': 0, 'extras_variants': [], 'extras': [], 'rate_id': 31838, 'deals': [], 'cancellation_type': 'free', 'credit_card': 0, 'bonus': 278, 'miles': 333, 'min_stay': 1, 'platichastyami': 0, 'mircashback': 555}]",5550.0,333,14079_101hotels,2026-08-15
2224104,,на 4-х,4,1,0,0,Семейный,44,3,"[{'double': 1, '2-tier': 1}]",[],"[{'id': 346385, 'capacity': 1, 'prepayment': 'NO', 'nonrefundable': 0, 'cancellation_period': 0, 'cancellation_fee': 'NO', 'breakfast': 0, 'base_price': 4500, 'prices': [4500], 'price': 4500, 'old_price': 4500, 'currency': 'RUB', 'payment_amount': 0, 'extras_variants': [], 'extras': [], 'rate_id': 4588, 'deals': [], 'cancellation_type': 'free', 'credit_card': 0, 'bonus': 225, 'miles': 270, 'min_stay': 1, 'platichastyami': 0, 'mircashback': 450}, {'id': 346386, 'capacity': 2, 'prepayment': 'NO', 'nonrefundable': 0, 'cancellation_period': 0, 'cancellation_fee': 'NO', 'breakfast': 0, 'base_price': 4500, 'prices': [4500], 'price': 4500, 'old_price': 4500, 'currency': 'RUB', 'payment_amount': 0, 'extras_variants': [], 'extras': [], 'rate_id': 4588, 'deals': [], 'cancellation_type': 'free', 'credit_card': 0, 'bonus': 225, 'miles': 270, 'min_stay': 1, 'platichastyami': 0, 'mircashback': 450}, {'id': 346387, 'capacity': 3, 'prepayment': 'NO', 'nonrefundable': 0, 'cancellation_period': 0, 'cancellation_fee': 'NO', 'breakfast': 0, 'base_price': 5000, 'prices': [5000], 'price': 5000, 'old_price': 5000, 'currency': 'RUB', 'payment_amount': 0, 'extras_variants': [], 'extras': [], 'rate_id': 4588, 'deals': [], 'cancellation_type': 'free', 'credit_card': 0, 'bonus': 250, 'miles': 300, 'min_stay': 1, 'platichastyami': 0, 'mircashback': 500}, {'id': 346388, 'capacity': 4, 'prepayment': 'NO', 'nonrefundable': 0, 'cancellation_period': 0, 'cancellation_fee': 'NO', 'breakfast': 0, 'base_price': 6500, 'prices': [6500], 'price': 6500, 'old_price': 6500, 'currency': 'RUB', 'payment_amount': 0, 'extras_variants': [], 'extras': [], 'rate_id': 4588, 'deals': [], 'cancellation_type': 'free', 'credit_card': 0, 'bonus': 325, 'miles': 390, 'min_stay': 1, 'platichastyami': 0, 'mircashback': 650}]",4500.0,270,651714_101hotels,2026-08-15
2224112,,Двухместный улучшенный номер,2,0,0,1,Полулюкс,4,1,[{'double': 1}],[],"[{'id': 346389, 'capacity': 1, 'prepayment': 'NO', 'nonrefundable': 0, 'cancellation_period': 0, 'cancellation_fee': 'NO', 'breakfast': 0, 'base_price': 4000, 'prices': [4000], 'price': 4000, 'old_price': 4000, 'currency': 'RUB', 'payment_amount': 0, 'extras_variants': [], 'extras': [], 'rate_id': 4588, 'deals': [], 'cancellation_type': 'free', 'credit_card': 0, 'bonus': 200, 'miles': 240, 'min_stay': 1, 'platichastyami': 0, 'mircashback': 400}, {'id': 346390, 'capacity': 2, 'prepayment': 'NO', 'nonrefundable': 0, 'cancellation_period': 0, 'cancellation_fee': 'NO', 'breakfast': 0, 'base_price': 4500, 'prices': [4500], 'price': 4500, 'old_price': 4500, 'currency': 'RUB', 'payment_amount': 0, 'extras_variants': [], 'extras': [], 'rate_id': 4588, 'deals': [], 'cancellation_type': 'free', 'credit_card': 0, 'bonus': 225, 'miles': 270, 'min_stay': 1, 'platichastyami': 0, 'mircashback': 450}]",4000.0,240,651714_101hotels,2026-08-15
2224116,,,2,0,0,0,Двухместный,2,4,[{'2-tier': 2}],[],"[{'id': 346391, 'capacity': 1, 'prepayment': 'NO', 'nonrefundable': 0, 'cancellation_period': 0, 'cancellation_fee': 'NO', 'breakfast': 0, 'base_price': 3000, 'prices': [3000], 'price': 3000, 'old_price': 3000, 'currency': 'RUB', 'payment_amount': 0, 'extras_variants': [], 'extras': [], 'rate_id': 4588, 'deals': [], 'cancellation_type': 'free', 'credit_card': 0, 'bonus': 150, 'miles': 180, 'min_stay': 1, 'platichastyami': 0, 'mircashback': 300}, {'id': 346392, 'capacity': 2, 'prepayment': 'NO', 'nonrefundable': 0, 'cancellation_period': 0, 'cancellation_fee': 'NO', 'breakfast': 0, 'base_price': 3500, 'prices': [3500], 'price': 3500, 'old_price': 3500, 'currency': 'RUB', 'payment_amount': 0, 'extras_variants': [], 'extras': [], 'rate_id': 4588, 'deals': [], 'cancellation_type': 'free', 'credit_card': 0, 'bonus': 175, 'miles': 210, 'min_stay': 1, 'platichastyami': 0, 'mircashback': 350}]",3000.0,180,651714_101hotels,2026-08-15
2224117,,Койко-место в номере эконом класса,4,0,1,0,Четырехместный,34,8,[{'2-tier': 1}],[],"[{'id': 347794, 'capacity': 1, 'prepayment': 'NO', 'nonrefundable': 0, 'cancellation_period': 0, 'cancellation_fee': 'NO', 'breakfast': 0, 'base_price': 1500, 'prices': [1500], 'price': 1500, 'old_price': 1500, 'currency': 'RUB', 'payment_amount': 0, 'extras_variants': [], 'extras': [], 'rate_id': 4588, 'deals': [], 'cancellation_type': 'free', 'credit_card': 0, 'bonus': 75, 'miles': 90, 'min_stay': 1, 'platichastyami': 0, 'mircashback': 150}]",1500.0,90,651714_101hotels,2026-08-15
72017,,Twin (вторая категория),2,0,0,1,Двухместный,2,9,[{'single': 2}],[],"[{'id': 560367, 'capacity': 1, 'prepayment': 'NO', 'nonrefundable': 0, 'cancellation_period': 0, 'cancellation_fee': 'NO', 'breakfast': 0, 'base_price': 5000, 'prices': [5000], 'price': 5000, 'old_price': 0, 'currency': 'RUB', 'payment_amount': 0, 'extras_variants': [], 'extras': [], 'rate_id': 18216, 'deals': [], 'cancellation_type': 'free', 'credit_card': 0, 'bonus': 250, 'miles': 300, 'min_stay': 1, 'platichastyami': 0, 'mircashback': 500}, {'id': 560368, 'capacity': 2, 'prepayment': 'NO', 'nonrefundable': 0, 'cancellation_period': 0, 'cancellation_fee': 'NO', 'breakfast': 0, 'base_price': 5000, 'prices': [5000], 'price': 5000, 'old_price': 0, 'currency': 'RUB', 'payment_amount': 0, 'extras_variants': [], 'extras': [], 'rate_id': 18216, 'deals': [], 'cancellation_type': 'free', 'credit_card': 0, 'bonus': 250, 'miles': 300, 'min_stay': 1, 'platichastyami': 0, 'mircashback': 500}]",5000.0,300,13519_101hotels,2026-08-15
2254042,,Двухкомнатный СЕМЕЙНЫЙ (третья категория),3,0,0,1,Трехместный,37,1,"[{'single': 1, 'double': 1}]",[],"[{'id': 635580, 'capacity': 1, 'prepayment': 'NO', 'nonrefundable': 0, 'cancellation_period': 0, 'cancellation_fee': 'NO', 'breakfast': 0, 'base_price': 6600, 'prices': [6600], 'price': 6600, 'old_price': 0, 'currency': 'RUB', 'payment_amount': 0, 'extras_variants': [], 'extras': [], 'rate_id': 18216, 'deals': [], 'cancellation_type': 'free', 'credit_card': 0, 'bonus': 330, 'miles': 396, 'min_stay': 1, 'platichastyami': 0, 'mircashback': 660}, {'id': 635581, 'capacity': 2, 'prepayment': 'NO', 'nonrefundable': 0, 'cancellation_period': 0, 'cancellation_fee': 'NO', 'breakfast': 0, 'base_price': 6600, 'prices': [6600], 'price': 6600, 'old_price': 0, 'currency': 'RUB', 'payment_amount': 0, 'extras_variants': [], 'extras': [], 'rate_id': 18216, 'deals': [], 'cancellation_type': 'free', 'credit_card': 0, 'bonus': 330, 'miles': 396, 'min_stay': 1, 'platichastyami': 0, 'mircashback': 660}, {'id': 635582, 'capacity': 3, 'prepayment': 'NO', 'nonrefundable': 0, 'cancellation_period': 0, 'cancellation_fee': 'NO', 'breakfast': 0, 'base_price': 6600, 'prices': [6600], 'price': 6600, 'old_price': 0, 'currency': 'RUB', 'payment_amount': 0, 'extras_variants': [], 'extras': [], 'rate_id': 18216, 'deals': [], 'cancellation_type': 'free', 'credit_card': 0, 'bonus': 330, 'miles': 396, 'min_stay': 1, 'platichastyami': 0, 'mircashback': 660}]",6600.0,396,13519_101hotels,2026-08-15
2254043,,Двухкомнатный (третья категория),3,0,0,1,Трехместный,37,5,[{'single': 3}],[],"[{'id': 635583, 'capacity': 1, 'prepayment': 'NO', 'nonrefundable': 0, 'cancellation_period': 0, 'cancellation_fee': 'NO', 'breakfast': 0, 'base_price': 6600, 'prices': [6600], 'price': 6600, 'old_price': 0, 'currency': 'RUB', 'payment_amount': 0, 'extras_variants': [], 'extras': [], 'rate_id': 18216, 'deals': [], 'cancellation_type': 'free', 'credit_card': 0, 'bonus': 330, 'miles': 396, 'min_stay': 1, 'platichastyami': 0, 'mircashback': 660}, {'id': 635584, 'capacity': 2, 'prepayment': 'NO', 'nonrefundable': 0, 'cancellation_period': 0, 'cancellation_fee': 'NO', 'breakfast': 0, 'base_price': 6600, 'prices': [6600], 'price': 6600, 'old_price': 0, 'currency': 'RUB', 'payment_amount': 0, 'extras_variants': [], 'extras': [], 'rate_id': 18216, 'deals': [], 'cancellation_type': 'free', 'credit_card': 0, 'bonus': 330, 'miles': 396, 'min_stay': 1, 'platichastyami': 0, 'mircashback': 660}, {'id': 635585, 'capacity': 3, 'prepayment': 'NO', 'nonrefundable': 0, 'cancellation_period': 0, 'cancellation_fee': 'NO', 'breakfast': 0, 'base_price': 6600, 'prices': [6600], 'price': 6600, 'old_price': 0, 'currency': 'RUB', 'payment_amount': 0, 'extras_variants': [], 'extras': [], 'rate_id': 18216, 'deals': [], 'cancellation_type': 'free', 'credit_card': 0, 'bonus': 330, 'miles': 396, 'min_stay': 1, 'platichastyami': 0, 'mircashback': 660}]",6600.0,396,13519_101hotels,2026-08-15
2227631,,Комната № 1,2,1,0,1,Двухместный,2,1,"[{'single': 1, 'double': 1}, {'f-chair': 1}]",[],"[{'id': 424166, 'capacity': 1, 'prepayment': 'NO', 'nonrefundable': 0, 'cancellation_period': 0, 'cancellation_fee': 'NO', 'breakfast': 0, 'base_price': 3300, 'prices': [3300], 'price': 3300, 'old_price': 3300, 'currency': 'RUB', 'payment_amount': 0, 'extras_variants': [], 'extras': [], 'rate_id': 9060, 'deals': [], 'cancellation_type': 'free', 'credit_card': 0, 'bonus': 165, 'miles': 198, 'min_stay': 1, 'platichastyami': 0}, {'id': 424167, 'capacity': 2, 'prepayment': 'NO', 'nonrefundable': 0, 'cancellation_period': 0, 'cancellation_fee': 'NO', 'breakfast': 0, 'base_price': 3900, 'prices': [3900], 'price': 3900, 'old_price': 3900, 'currency': 'RUB', 'payment_amount': 0, 'extras_variants': [], 'extras': [], 'rate_id': 9060, 'deals': [], 'cancellation_type': 'free', 'credit_card': 0, 'bonus': 195, 'miles': 234, 'min_stay': 1, 'platichastyami': 0}]",3300.0,198,610841_101hotels,2026-08-15
2227632,,Комната № 2,2,1,0,1,Двухместный,2,1,"[{'single': 1, 'double': 1, 'f-chair': 1}]",[],"[{'id': 424168, 'capacity': 1, 'prepayment': 'NO', 'nonrefundable': 0, 'cancellation_period': 0, 'cancellation_fee': 'NO', 'breakfast': 0, 'base_price': 3100, 'prices': [3100], 'price': 3100, 'old_price': 3100, 'currency': 'RUB', 'payment_amount': 0, 'extras_variants': [], 'extras': [], 'rate_id': 9060, 'deals': [], 'cancellation_type': 'free', 'credit_card': 0, 'bonus': 155, 'miles': 186, 'min_stay': 1, 'platichastyami': 0}, {'id': 424169, 'capacity': 2, 'prepayment': 'NO', 'nonrefundable': 0, 'cancellation_period': 0, 'cancellation_fee': 'NO', 'breakfast': 0, 'base_price': 3800, 'prices': [3800], 'price': 3800, 'old_price': 3800, 'currency': 'RUB', 'payment_amount': 0, 'extras_variants': [], 'extras': [], 'rate_id': 9060, 'deals': [], 'cancellation_type': 'free', 'credit_card': 0, 'bonus': 190, 'miles': 228, 'min_stay': 1, 'platichastyami': 0}]",3100.0,186,610841_101hotels,2026-08-15
2227635,,Комната № 5,2,0,0,1,Двухместный,2,1,"[{'single': 1}, {'single': 1}]",[],"[{'id': 424174, 'capacity': 1, 'prepayment': 'NO', 'nonrefundable': 0, 'cancellation_period': 0, 'cancellation_fee': 'NO', 'breakfast': 0, 'base_price': 4300, 'prices': [4300], 'price': 4300, 'old_price': 4300, 'currency': 'RUB', 'payment_amount': 0, 'extras_variants': [], 'extras': [], 'rate_id': 9060, 'deals': [], 'cancellation_type': 'free', 'credit_card': 0, 'bonus': 215, 'miles': 258, 'min_stay': 1, 'platichastyami': 0}, {'id': 424175, 'capacity': 2, 'prepayment': 'NO', 'nonrefundable': 0, 'cancellation_period': 0, 'cancellation_fee': 'NO', 'breakfast': 0, 'base_price': 5300, 'prices': [5300], 'price': 5300, 'old_price': 5300, 'currency': 'RUB', 'payment_amount': 0, 'extras_variants': [], 'extras': [], 'rate_id': 9060, 'deals': [], 'cancellation_type': 'free', 'credit_card': 0, 'bonus': 265, 'miles': 318, 'min_stay': 1, 'platichastyami': 0}]",4300.0,258,610841_101hotels,2026-08-15
2227636,,Комната № 6,2,0,0,1,Двухместный,2,1,[{'single': 2}],[],"[{'id': 424176, 'capacity': 1, 'prepayment': 'NO', 'nonrefundable': 0, 'cancellation_period': 0, 'cancellation_fee': 'NO', 'breakfast': 0, 'base_price': 5500, 'prices': [5500], 'price': 5500, 'old_price': 5500, 'currency': 'RUB', 'payment_amount': 0, 'extras_variants': [], 'extras': [], 'rate_id': 9060, 'deals': [], 'cancellation_type': 'free', 'credit_card': 0, 'bonus': 275, 'miles': 330, 'min_stay': 1, 'platichastyami': 0}, {'id': 424177, 'capacity': 2, 'prepayment': 'NO', 'nonrefundable': 0, 'cancellation_period': 0, 'cancellation_fee': 'NO', 'breakfast': 0, 'base_price': 6500, 'prices': [6500], 'price': 6500, 'old_price': 6500, 'currency': 'RUB', 'payment_amount': 0, 'extras_variants': [], 'extras': [], 'rate_id': 9060, 'deals': [], 'cancellation_type': 'free', 'credit_card': 0, 'bonus': 325, 'miles': 390, 'min_stay': 1, 'platichastyami': 0}]",5500.0,330,610841_101hotels,2026-08-15
2227637,,Комната № 7,1,0,0,1,Одноместный,1,1,[{'double': 1}],[],"[{'id': 424165, 'capacity': 1, 'prepayment': 'NO', 'nonrefundable': 0, 'cancellation_period': 0, 'cancellation_fee': 'NO', 'breakfast': 0, 'base_price': 5200, 'prices': [5200], 'price': 5200, 'old_price': 5200, 'currency': 'RUB', 'payment_amount': 0, 'extras_variants': [], 'extras': [], 'rate_id': 9060, 'deals': [], 'cancellation_type': 'free', 'credit_card': 0, 'bonus': 260, 'miles': 312, 'min_stay': 1, 'platichastyami': 0}]",5200.0,312,610841_101hotels,2026-08-15
2270770,,Комната № 4,4,2,0,1,Семейный,44,1,"[{'single': 2, 'double': 2}, {'single': 1}]",[],"[{'id': 762327, 'capacity': 1, 'prepayment': 'NO', 'nonrefundable': 0, 'cancellation_period': 0, 'cancellation_fee': 'NO', 'breakfast': 0, 'base_price': 6500, 'prices': [6500], 'price': 6500, 'old_price': 6500, 'currency': 'RUB', 'payment_amount': 0, 'extras_variants': [], 'extras': [], 'rate_id': 9060, 'deals': [], 'cancellation_type': 'free', 'credit_card': 0, 'bonus': 325, 'miles': 390, 'min_stay': 1, 'platichastyami': 0}, {'id': 762328, 'capacity': 2, 'prepayment': 'NO', 'nonrefundable': 0, 'cancellation_period': 0, 'cancellation_fee': 'NO', 'breakfast': 0, 'base_price': 7000, 'prices': [7000], 'price': 7000, 'old_price': 7000, 'currency': 'RUB', 'payment_amount': 0, 'extras_variants': [], 'extras': [], 'rate_id': 9060, 'deals': [], 'cancellation_type': 'free', 'credit_card': 0, 'bonus': 350, 'miles': 420, 'min_stay': 1, 'platichastyami': 0}, {'id': 762329, 'capacity': 3, 'prepayment': 'NO', 'nonrefundable': 0, 'cancellation_period': 0, 'cancellation_fee': 'NO', 'breakfast': 0, 'base_price': 7500, 'prices': [7500], 'price': 7500, 'old_price': 7500, 'currency': 'RUB', 'payment_amount': 0, 'extras_variants': [], 'extras': [], 'rate_id': 9060, 'deals': [], 'cancellation_type': 'free', 'credit_card': 0, 'bonus': 375, 'miles': 450, 'min_stay': 1, 'platichastyami': 0}, {'id': 762330, 'capacity': 4, 'prepayment': 'NO', 'nonrefundable': 0, 'cancellation_period': 0, 'cancellation_fee': 'NO', 'breakfast': 0, 'base_price': 8000, 'prices': [8000], 'price': 8000, 'old_price': 8000, 'currency': 'RUB', 'payment_amount': 0, 'extras_variants': [], 'extras': [], 'rate_id': 9060, 'deals': [], 'cancellation_type': 'free', 'credit_card': 0, 'bonus': 400, 'miles': 480, 'min_stay': 1, 'platichastyami': 0}]",6500.0,390,610841_101hotels,2026-08-15
2270772,,Комната №  3Б,4,0,1,1,Четырехместный,34,4,[{'2-tier': 1}],[],"[{'id': 762331, 'capacity': 1, 'prepayment': 'NO', 'nonrefundable': 0, 'cancellation_period': 0, 'cancellation_fee': 'NO', 'breakfast': 0, 'base_price': 1900, 'prices': [1900], 'price': 1900, 'old_price': 1900, 'currency': 'RUB', 'payment_amount': 0, 'extras_variants': [], 'extras': [], 'rate_id': 9060, 'deals': [], 'cancellation_type': 'free', 'credit_card': 0, 'bonus': 95, 'miles': 114, 'min_stay': 1, 'platichastyami': 0}]",1900.0,114,610841_101hotels,2026-08-15
2270773,,Комната № 1 А,4,1,1,0,Четырехместный,34,1,[{'single': 1}],[],"[{'id': 762332, 'capacity': 1, 'prepayment': 'NO', 'nonrefundable': 0, 'cancellation_period': 0, 'cancellation_fee': 'NO', 'breakfast': 0, 'base_price': 1800, 'prices': [1800], 'price': 1800, 'old_price': 1800, 'currency': 'RUB', 'payment_amount': 0, 'extras_variants': [], 'extras': [], 'rate_id': 9060, 'deals': [], 'cancellation_type': 'free', 'credit_card': 0, 'bonus': 90, 'miles': 108, 'min_stay': 1, 'platichastyami': 0}]",1800.0,108,610841_101hotels,2026-08-15
2253180,,Студия 63-1,2,0,0,1,Студио,5,1,[{'double': 1}],[],"[{'id': 626584, 'capacity': 1, 'prepayment': 'FULL', 'nonrefundable': 0, 'cancellation_period': 0, 'cancellation_fee': 'NO', 'breakfast': 0, 'base_price': 3367, 'prices': [3367], 'price': 3367, 'old_price': 3367, 'currency': 'RUB', 'payment_amount': 3367, 'extras_variants': [], 'extras': [], 'rate_id': 23089, 'deals': [], 'cancellation_type': 'free', 'credit_card': 1, 'bonus': 168, 'miles': 201, 'min_stay': 1, 'platichastyami': 0, 'mircashback': 337}, {'id': 626585, 'capacity': 2, 'prepayment': 'FULL', 'nonrefundable': 0, 'cancellation_period': 0, 'cancellation_fee': 'NO', 'breakfast': 0, 'base_price': 3367, 'prices': [3367], 'price': 3367, 'old_price': 3367, 'currency': 'RUB', 'payment_amount': 3367, 'extras_variants': [], 'extras': [], 'rate_id': 23089, 'deals': [], 'cancellation_type': 'free', 'credit_card': 1, 'bonus': 168, 'miles': 201, 'min_stay': 1, 'platichastyami': 0, 'mircashback': 337}]",3367.0,201,658938_101hotels,2026-08-15
2276021,,Студия yellow без балкона,2,0,0,1,Двухместный,2,1,[{'double': 1}],[],"[{'id': 803207, 'capacity': 1, 'prepayment': 'FULL', 'nonrefundable': 0, 'cancellation_period': 0, 'cancellation_fee': 'NO', 'breakfast': 0, 'base_price': 3367, 'prices': [3367], 'price': 3367, 'old_price': 3367, 'currency': 'RUB', 'payment_amount': 3367, 'extras_variants': [], 'extras': [], 'rate_id': 30902, 'deals': [], 'cancellation_type': 'free', 'credit_card': 1, 'bonus': 168, 'miles': 201, 'min_stay': 1, 'platichastyami': 0, 'mircashback': 337}, {'id': 803208, 'capacity': 2, 'prepayment': 'FULL', 'nonrefundable': 0, 'cancellation_period': 0, 'cancellation_fee': 'NO', 'breakfast': 0, 'base_price': 3367, 'prices': [3367], 'price': 3367, 'old_price': 3367, 'currency': 'RUB', 'payment_amount': 3367, 'extras_variants': [], 'extras': [], 'rate_id': 30902, 'deals': [], 'cancellation_type': 'free', 'credit_card': 1, 'bonus': 168, 'miles': 201, 'min_stay': 1, 'platichastyami': 0, 'mircashback': 337}]",3367.0,201,662866_101hotels,2026-08-15
2276001,,Студия Green,2,0,0,1,Двухместный,2,1,[{'single': 1}],[],"[{'id': 805139, 'capacity': 1, 'prepayment': 'FULL', 'nonrefundable': 0, 'cancellation_period': 0, 'cancellation_fee': 'NO', 'breakfast': 0, 'base_price': 3107, 'prices': [3107], 'price': 3107, 'old_price': 3107, 'currency': 'RUB', 'payment_amount': 3107, 'extras_variants': [], 'extras': [], 'rate_id': 36551, 'deals': [], 'cancellation_type': 'free', 'credit_card': 1, 'bonus': 155, 'miles': 186, 'min_stay': 1, 'platichastyami': 0, 'mircashback': 311}, {'id': 805140, 'capacity': 2, 'prepayment': 'FULL', 'nonrefundable': 0, 'cancellation_period': 0, 'cancellation_fee': 'NO', 'breakfast': 0, 'base_price': 3107, 'prices': [3107], 'price': 3107, 'old_price': 3107, 'currency': 'RUB', 'payment_amount': 3107, 'extras_variants': [], 'extras': [], 'rate_id': 36551, 'deals': [], 'cancellation_type': 'free', 'credit_card': 1, 'bonus': 155, 'miles': 186, 'min_stay': 1, 'platichastyami': 0, 'mircashback': 311}]",3107.0,186,662868_101hotels,2026-08-15
2271959,,Уютнaя 2-x комнaтная кваpтира «ЛАТТE» в ЦЕHТРE.,6,0,0,1,Апартаменты,14,1,"[{'double': 1, 'sofa': 2}]","[{'id': '23355', 'number': '1', 'min_age': '0', 'max_age': '4', 'is_extra_bed': '0', 'extra_bed_type_id': '0'}]","[{'id': 771573, 'capacity': 1, 'prepayment': 'FULL', 'nonrefundable': 0, 'cancellation_period': 0, 'cancellation_fee': 'NO', 'breakfast': 0, 'base_price': 7975, 'prices': [7975], 'price': 7177.5, 'old_price': 7975, 'currency': 'RUB', 'payment_amount': 7975, 'extras_variants': [], 'extras': {'23355': {'id': 23355, 'number': 1, 'extra_bed_type_id': 0, 'age': [0, 4], 'extra_bed': 0, 'free': 1}}, 'rate_id': 34269, 'deals': ['LAST_MINUTE'], 'cancellation_type': 'free', 'credit_card': 1, 'bonus': 359, 'miles': 429, 'min_stay': 1, 'platichastyami': 0, 'mircashback': 718}, {'id': 771574, 'capacity': 2, 'prepayment': 'FULL', 'nonrefundable': 0, 'cancellation_period': 0, 'cancellation_fee': 'NO', 'breakfast': 0, 'base_price': 7975, 'prices': [7975], 'price': 7177.5, 'old_price': 7975, 'currency': 'RUB', 'payment_amount': 7975, 'extras_variants': [], 'extras': {'23355': {'id': 23355, 'number': 1, 'extra_bed_type_id': 0, 'age': [0, 4], 'extra_bed': 0, 'free': 1}}, 'rate_id': 34269, 'deals': ['LAST_MINUTE'], 'cancellation_type': 'free', 'credit_card': 1, 'bonus': 359, 'miles': 429, 'min_stay': 1, 'platichastyami': 0, 'mircashback': 718}, {'id': 771575, 'capacity': 3, 'prepayment': 'FULL', 'nonrefundable': 0, 'cancellation_period': 0, 'cancellation_fee': 'NO', 'breakfast': 0, 'base_price': 8275, 'prices': [8275], 'price': 7447.5, 'old_price': 8275, 'currency': 'RUB', 'payment_amount': 8275, 'extras_variants': [], 'extras': {'23355': {'id': 23355, 'number': 1, 'extra_bed_type_id': 0, 'age': [0, 4], 'extra_bed': 0, 'free': 1}}, 'rate_id': 34269, 'deals': ['LAST_MINUTE'], 'cancellation_type': 'free', 'credit_card': 1, 'bonus': 372, 'miles': 444, 'min_stay': 1, 'platichastyami': 0, 'mircashback': 745}, {'id': 771576, 'capacity': 4, 'prepayment': 'FULL', 'nonrefundable': 0, 'cancellation_period': 0, 'cancellation_fee': 'NO', 'breakfast': 0, 'base_price': 8575, 'prices': [8575], 'price': 7717.5, 'old_price': 8575, 'currency': 'RUB', 'payment_amount': 8575, 'extras_variants': [], 'extras': {'23355': {'id': 23355, 'number': 1, 'extra_bed_type_id': 0, 'age': [0, 4], 'extra_bed': 0, 'free': 1}}, 'rate_id': 34269, 'deals': ['LAST_MINUTE'], 'cancellation_type': 'free', 'credit_card': 1, 'bonus': 386, 'miles': 462, 'min_stay': 1, 'platichastyami': 0, 'mircashback': 772}, {'id': 1043017, 'capacity': 5, 'prepayment': 'FULL', 'nonrefundable': 0, 'cancellation_period': 0, 'cancellation_fee': 'NO', 'breakfast': 0, 'base_price': 8875, 'prices': [8875], 'price': 7987.5, 'old_price': 8875, 'currency': 'RUB', 'payment_amount': 8875, 'extras_variants': [], 'extras': {'23355': {'id': 23355, 'number': 1, 'extra_bed_type_id': 0, 'age': [0, 4], 'extra_bed': 0, 'free': 1}}, 'rate_id': 34269, 'deals': ['LAST_MINUTE'], 'cancellation_type': 'free', 'credit_card': 1, 'bonus': 399, 'miles': 477, 'min_stay': 1, 'platichastyami': 0, 'mircashback': 799}, {'id': 1043018, 'capacity': 6, 'prepayment': 'FULL', 'nonrefundable': 0, 'cancellation_period': 0, 'cancellation_fee': 'NO', 'breakfast': 0, 'base_price': 9175, 'prices': [9175], 'price': 8257.5, 'old_price': 9175, 'currency': 'RUB', 'payment_amount': 9175, 'extras_variants': [], 'extras': {'23355': {'id': 23355, 'number': 1, 'extra_bed_type_id': 0, 'age': [0, 4], 'extra_bed': 0, 'free': 1}}, 'rate_id': 34269, 'deals': ['LAST_MINUTE'], 'cancellation_type': 'free', 'credit_card': 1, 'bonus': 413, 'miles': 495, 'min_stay': 1, 'platichastyami': 0, 'mircashback': 826}]",7177.5,429,665410_101hotels,2026-08-15
2271957,,"Современная СТУДИЯ - ЛЕТО возле ""Модного квартала"" для двоих.",4,0,0,1,Апартаменты,14,1,"[{'double': 1, 'sofa': 1}]",[],"[{'id': 771567, 'capacity': 1, 'prepayment': 'FULL', 'nonrefundable': 0, 'cancellation_period': 0, 'cancellation_fee': 'NO', 'breakfast': 0, 'base_price': 4995, 'prices': [4995], 'price': 4995, 'old_price': 4995, 'currency': 'RUB', 'payment_amount': 4995, 'extras_variants': [], 'extras': [], 'rate_id': 33984, 'deals': [], 'cancellation_type': 'free', 'credit_card': 1, 'bonus': 250, 'miles': 297, 'min_stay': 1, 'platichastyami': 0, 'mircashback': 500}, {'id': 771568, 'capacity': 2, 'prepayment': 'FULL', 'nonrefundable': 0, 'cancellation_period': 0, 'cancellation_fee': 'NO', 'breakfast': 0, 'base_price': 5295, 'prices': [5295], 'price': 5295, 'old_price': 5295, 'currency': 'RUB', 'payment_amount': 5295, 'extras_variants': [], 'extras': [], 'rate_id': 33984, 'deals': [], 'cancellation_type': 'free', 'credit_card': 1, 'bonus': 265, 'miles': 315, 'min_stay': 1, 'platichastyami': 0, 'mircashback': 530}, {'id': 1044130, 'capacity': 3, 'prepayment': 'FULL', 'nonrefundable': 0, 'cancellation_period': 0, 'cancellation_fee': 'NO', 'breakfast': 0, 'base_price': 5595, 'prices': [5595], 'price': 5595, 'old_price': 5595, 'currency': 'RUB', 'payment_amount': 5595, 'extras_variants': [], 'extras': [], 'rate_id': 33984, 'deals': [], 'cancellation_type': 'free', 'credit_card': 1, 'bonus': 280, 'miles': 333, 'min_stay': 1, 'platichastyami': 0, 'mircashback': 560}, {'id': 1044131, 'capacity': 4, 'prepayment': 'FULL', 'nonrefundable': 0, 'cancellation_period': 0, 'cancellation_fee': 'NO', 'breakfast': 0, 'base_price': 5895, 'prices': [5895], 'price': 5895, 'old_price': 5895, 'currency': 'RUB', 'payment_amount': 5895, 'extras_variants': [], 'extras': [], 'rate_id': 33984, 'deals': [], 'cancellation_type': 'free', 'credit_card': 1, 'bonus': 295, 'miles': 351, 'min_stay': 1, 'platichastyami': 0, 'mircashback': 590}]",4995.0,297,665414_101hotels,2026-08-15
2271958,,"УЮTНАЯ И OЧEHЬ КOМФОРТHАЯ ""Oсeнняя фaнтазия"" в ЦEНТPЕ Иpкутcкa",4,0,0,1,Апартаменты,14,1,"[{'double': 1, 'sofa': 1}]",[],"[{'id': 771569, 'capacity': 1, 'prepayment': 'FULL', 'nonrefundable': 0, 'cancellation_period': 0, 'cancellation_fee': 'NO', 'breakfast': 0, 'base_price': 4995, 'prices': [4995], 'price': 4995, 'old_price': 4995, 'currency': 'RUB', 'payment_amount': 4995, 'extras_variants': [], 'extras': [], 'rate_id': 33984, 'deals': [], 'cancellation_type': 'free', 'credit_card': 1, 'bonus': 250, 'miles': 297, 'min_stay': 1, 'platichastyami': 0, 'mircashback': 500}, {'id': 771570, 'capacity': 2, 'prepayment': 'FULL', 'nonrefundable': 0, 'cancellation_period': 0, 'cancellation_fee': 'NO', 'breakfast': 0, 'base_price': 4995, 'prices': [4995], 'price': 4995, 'old_price': 4995, 'currency': 'RUB', 'payment_amount': 4995, 'extras_variants': [], 'extras': [], 'rate_id': 33984, 'deals': [], 'cancellation_type': 'free', 'credit_card': 1, 'bonus': 250, 'miles': 297, 'min_stay': 1, 'platichastyami': 0, 'mircashback': 500}, {'id': 771571, 'capacity': 3, 'prepayment': 'FULL', 'nonrefundable': 0, 'cancellation_period': 0, 'cancellation_fee': 'NO', 'breakfast': 0, 'base_price': 5295, 'prices': [5295], 'price': 5295, 'old_price': 5295, 'currency': 'RUB', 'payment_amount': 5295, 'extras_variants': [], 'extras': [], 'rate_id': 33984, 'deals': [], 'cancellation_type': 'free', 'credit_card': 1, 'bonus': 265, 'miles': 315, 'min_stay': 1, 'platichastyami': 0, 'mircashback': 530}, {'id': 771572, 'capacity': 4, 'prepayment': 'FULL', 'nonrefundable': 0, 'cancellation_period': 0, 'cancellation_fee': 'NO', 'breakfast': 0, 'base_price': 5595, 'prices': [5595], 'price': 5595, 'old_price': 5595, 'currency': 'RUB', 'payment_amount': 5595, 'extras_variants': [], 'extras': [], 'rate_id': 33984, 'deals': [], 'cancellation_type': 'free', 'credit_card': 1, 'bonus': 280, 'miles': 333, 'min_stay': 1, 'platichastyami': 0, 'mircashback': 560}]",4995.0,297,665414_101hotels,2026-08-15
2271960,,Милая и комфортная Студия - АССОЛЬ,4,0,0,1,Апартаменты,14,1,"[{'double': 1, 'sofa': 1}]",[],"[{'id': 771585, 'capacity': 1, 'prepayment': 'FULL', 'nonrefundable': 0, 'cancellation_period': 0, 'cancellation_fee': 'NO', 'breakfast': 0, 'base_price': 4712, 'prices': [4712], 'price': 4712, 'old_price': 4712, 'currency': 'RUB', 'payment_amount': 4712, 'extras_variants': [], 'extras': [], 'rate_id': 34271, 'deals': [], 'cancellation_type': 'free', 'credit_card': 1, 'bonus': 236, 'miles': 282, 'min_stay': 1, 'platichastyami': 0, 'mircashback': 471}, {'id': 771586, 'capacity': 2, 'prepayment': 'FULL', 'nonrefundable': 0, 'cancellation_period': 0, 'cancellation_fee': 'NO', 'breakfast': 0, 'base_price': 4712, 'prices': [4712], 'price': 4712, 'old_price': 4712, 'currency': 'RUB', 'payment_amount': 4712, 'extras_variants': [], 'extras': [], 'rate_id': 34271, 'deals': [], 'cancellation_type': 'free', 'credit_card': 1, 'bonus': 236, 'miles': 282, 'min_stay': 1, 'platichastyami': 0, 'mircashback': 471}, {'id': 771587, 'capacity': 3, 'prepayment': 'FULL', 'nonrefundable': 0, 'cancellation_period': 0, 'cancellation_fee': 'NO', 'breakfast': 0, 'base_price': 5012, 'prices': [5012], 'price': 5012, 'old_price': 5012, 'currency': 'RUB', 'payment_amount': 5012, 'extras_variants': [], 'extras': [], 'rate_id': 34271, 'deals': [], 'cancellation_type': 'free', 'credit_card': 1, 'bonus': 251, 'miles': 300, 'min_stay': 1, 'platichastyami': 0, 'mircashback': 501}, {'id': 771588, 'capacity': 4, 'prepayment': 'FULL', 'nonrefundable': 0, 'cancellation_period': 0, 'cancellation_fee': 'NO', 'breakfast': 0, 'base_price': 5312, 'prices': [5312], 'price': 5312, 'old_price': 5312, 'currency': 'RUB', 'payment_amount': 5312, 'extras_variants': [], 'extras': [], 'rate_id': 34271, 'deals': [], 'cancellation_type': 'free', 'credit_card': 1, 'bonus': 266, 'miles': 318, 'min_stay': 1, 'platichastyami': 0, 'mircashback': 531}]",4712.0,282,665413_101hotels,2026-08-15
2271961,,Модная и стильная Студия - ЛИСА,4,0,0,1,Апартаменты,14,1,"[{'double': 1, 'sofa': 1}]",[],"[{'id': 771589, 'capacity': 1, 'prepayment': 'FULL', 'nonrefundable': 0, 'cancellation_period': 0, 'cancellation_fee': 'NO', 'breakfast': 0, 'base_price': 4995, 'prices': [4995], 'price': 4995, 'old_price': 4995, 'currency': 'RUB', 'payment_amount': 4995, 'extras_variants': [], 'extras': [], 'rate_id': 34271, 'deals': [], 'cancellation_type': 'free', 'credit_card': 1, 'bonus': 250, 'miles': 297, 'min_stay': 1, 'platichastyami': 0, 'mircashback': 500}, {'id': 771590, 'capacity': 2, 'prepayment': 'FULL', 'nonrefundable': 0, 'cancellation_period': 0, 'cancellation_fee': 'NO', 'breakfast': 0, 'base_price': 4995, 'prices': [4995], 'price': 4995, 'old_price': 4995, 'currency': 'RUB', 'payment_amount': 4995, 'extras_variants': [], 'extras': [], 'rate_id': 34271, 'deals': [], 'cancellation_type': 'free', 'credit_card': 1, 'bonus': 250, 'miles': 297, 'min_stay': 1, 'platichastyami': 0, 'mircashback': 500}, {'id': 771591, 'capacity': 3, 'prepayment': 'FULL', 'nonrefundable': 0, 'cancellation_period': 0, 'cancellation_fee': 'NO', 'breakfast': 0, 'base_price': 5295, 'prices': [5295], 'price': 5295, 'old_price': 5295, 'currency': 'RUB', 'payment_amount': 5295, 'extras_variants': [], 'extras': [], 'rate_id': 34271, 'deals': [], 'cancellation_type': 'free', 'credit_card': 1, 'bonus': 265, 'miles': 315, 'min_stay': 1, 'platichastyami': 0, 'mircashback': 530}, {'id': 771592, 'capacity': 4, 'prepayment': 'FULL', 'nonrefundable': 0, 'cancellation_period': 0, 'cancellation_fee': 'NO', 'breakfast': 0, 'base_price': 5595, 'prices': [5595], 'price': 5595, 'old_price': 5595, 'currency': 'RUB', 'payment_amount': 5595, 'extras_variants': [], 'extras': [], 'rate_id': 34271, 'deals': [], 'cancellation_type': 'free', 'credit_card': 1, 'bonus': 280, 'miles': 333, 'min_stay': 1, 'platichastyami': 0, 'mircashback': 560}]",4995.0,297,665413_101hotels,2026-08-15
2274111,,Апартаменты Солнце,2,0,0,1,Двухместный,2,1,[{'double': 1}],[],"[{'id': 789123, 'capacity': 1, 'prepayment': 'FULL', 'nonrefundable': 0, 'cancellation_period': 0, 'cancellation_fee': 'NO', 'breakfast': 0, 'base_price': 3900, 'prices': [3900], 'price': 3705, 'old_price': 3900, 'currency': 'RUB', 'payment_amount': 3900, 'extras_variants': [], 'extras': [], 'rate_id': 35523, 'deals': ['LAST_MINUTE'], 'cancellation_type': 'free', 'credit_card': 1, 'bonus': 185, 'miles': 222, 'min_stay': 1, 'platichastyami': 0, 'mircashback': 371}, {'id': 789124, 'capacity': 2, 'prepayment': 'FULL', 'nonrefundable': 0, 'cancellation_period': 0, 'cancellation_fee': 'NO', 'breakfast': 0, 'base_price': 3900, 'prices': [3900], 'price': 3705, 'old_price': 3900, 'currency': 'RUB', 'payment_amount': 3900, 'extras_variants': [], 'extras': [], 'rate_id': 35523, 'deals': ['LAST_MINUTE'], 'cancellation_type': 'free', 'credit_card': 1, 'bonus': 185, 'miles': 222, 'min_stay': 1, 'platichastyami': 0, 'mircashback': 371}]",3705.0,222,666214_101hotels,2026-08-15
2274112,,Апартаменты Луна,2,0,0,1,Двухместный,2,1,[{'double': 1}],[],"[{'id': 789125, 'capacity': 1, 'prepayment': 'FULL', 'nonrefundable': 0, 'cancellation_period': 0, 'cancellation_fee': 'NO', 'breakfast': 0, 'base_price': 3900, 'prices': [3900], 'price': 3705, 'old_price': 3900, 'currency': 'RUB', 'payment_amount': 3900, 'extras_variants': [], 'extras': [], 'rate_id': 35523, 'deals': ['LAST_MINUTE'], 'cancellation_type': 'free', 'credit_card': 1, 'bonus': 185, 'miles': 222, 'min_stay': 1, 'platichastyami': 0, 'mircashback': 371}, {'id': 789126, 'capacity': 2, 'prepayment': 'FULL', 'nonrefundable': 0, 'cancellation_period': 0, 'cancellation_fee': 'NO', 'breakfast': 0, 'base_price': 3900, 'prices': [3900], 'price': 3705, 'old_price': 3900, 'currency': 'RUB', 'payment_amount': 3900, 'extras_variants': [], 'extras': [], 'rate_id': 35523, 'deals': ['LAST_MINUTE'], 'cancellation_type': 'free', 'credit_card': 1, 'bonus': 185, 'miles': 222, 'min_stay': 1, 'platichastyami': 0, 'mircashback': 371}]",3705.0,222,666214_101hotels,2026-08-15
2289478,,Rozmary,2,0,0,1,Двухместный,2,1,[{'double': 1}],"[{'id': '18231', 'number': '1', 'min_age': '0', 'max_age': '5', 'is_extra_bed': '0', 'extra_bed_type_id': '0'}]","[{'id': 951762, 'capacity': 1, 'prepayment': 'FULL', 'nonrefundable': 0, 'cancellation_period': 0, 'cancellation_fee': 'NO', 'breakfast': 0, 'base_price': 3439, 'prices': [3439], 'price': 3267.05, 'old_price': 3439, 'currency': 'RUB', 'payment_amount': 3439, 'extras_variants': [], 'extras': {'18231': {'id': 18231, 'number': 1, 'extra_bed_type_id': 0, 'age': [0, 5], 'extra_bed': 0, 'free': 1}}, 'rate_id': 44422, 'deals': ['LAST_MINUTE'], 'cancellation_type': 'free', 'credit_card': 1, 'bonus': 163, 'miles': 195, 'min_stay': 1, 'platichastyami': 0, 'mircashback': 327}, {'id': 951763, 'capacity': 2, 'prepayment': 'FULL', 'nonrefundable': 0, 'cancellation_period': 0, 'cancellation_fee': 'NO', 'breakfast': 0, 'base_price': 3439, 'prices': [3439], 'price': 3267.05, 'old_price': 3439, 'currency': 'RUB', 'payment_amount': 3439, 'extras_variants': [], 'extras': {'18231': {'id': 18231, 'number': 1, 'extra_bed_type_id': 0, 'age': [0, 5], 'extra_bed': 0, 'free': 1}}, 'rate_id': 44422, 'deals': ['LAST_MINUTE'], 'cancellation_type': 'free', 'credit_card': 1, 'bonus': 163, 'miles': 195, 'min_stay': 1, 'platichastyami': 0, 'mircashback': 327}]",3267.05,195,670249_101hotels,2026-08-15
2289484,,Кристальная Вода,2,2,0,1,Двухместный,2,1,[{'double': 1}],"[{'id': '16920', 'number': '2', 'min_age': '0', 'max_age': '18', 'is_extra_bed': '1', 'extra_bed_type_id': '1'}]","[{'id': 951789, 'capacity': 1, 'prepayment': 'FULL', 'nonrefundable': 0, 'cancellation_period': 0, 'cancellation_fee': 'NO', 'breakfast': 0, 'base_price': 4420, 'prices': [4420], 'price': 4199, 'old_price': 4420, 'currency': 'RUB', 'payment_amount': 4420, 'extras_variants': [], 'extras': {'16920': {'id': 16920, 'number': 2, 'extra_bed_type_id': 1, 'age': [0, 18], 'extra_bed': 1, 'free': 1}}, 'rate_id': 44426, 'deals': ['LAST_MINUTE'], 'cancellation_type': 'free', 'credit_card': 1, 'bonus': 210, 'miles': 249, 'min_stay': 1, 'platichastyami': 0, 'mircashback': 420}, {'id': 951790, 'capacity': 2, 'prepayment': 'FULL', 'nonrefundable': 0, 'cancellation_period': 0, 'cancellation_fee': 'NO', 'breakfast': 0, 'base_price': 4420, 'prices': [4420], 'price': 4199, 'old_price': 4420, 'currency': 'RUB', 'payment_amount': 4420, 'extras_variants': [], 'extras': {'16920': {'id': 16920, 'number': 2, 'extra_bed_type_id': 1, 'age': [0, 18], 'extra_bed': 1, 'free': 1}}, 'rate_id': 44426, 'deals': ['LAST_MINUTE'], 'cancellation_type': 'free', 'credit_card': 1, 'bonus': 210, 'miles': 249, 'min_stay': 1, 'platichastyami': 0, 'mircashback': 420}]",4199.0,249,669838_101hotels,2026-08-15
2289486,,Кристальный Лёд,2,1,0,1,Двухместный,2,1,[{'double': 1}],"[{'id': '16922', 'number': '1', 'min_age': '0', 'max_age': '18', 'is_extra_bed': '1', 'extra_bed_type_id': '1'}]","[{'id': 951795, 'capacity': 1, 'prepayment': 'FULL', 'nonrefundable': 0, 'cancellation_period': 0, 'cancellation_fee': 'NO', 'breakfast': 0, 'base_price': 3770, 'prices': [3770], 'price': 3581.5, 'old_price': 3770, 'currency': 'RUB', 'payment_amount': 3770, 'extras_variants': [], 'extras': {'16922': {'id': 16922, 'number': 1, 'extra_bed_type_id': 1, 'age': [0, 18], 'extra_bed': 1, 'free': 1}}, 'rate_id': 44426, 'deals': ['LAST_MINUTE'], 'cancellation_type': 'free', 'credit_card': 1, 'bonus': 179, 'miles': 213, 'min_stay': 1, 'platichastyami': 0, 'mircashback': 358}, {'id': 951796, 'capacity': 2, 'prepayment': 'FULL', 'nonrefundable': 0, 'cancellation_period': 0, 'cancellation_fee': 'NO', 'breakfast': 0, 'base_price': 3770, 'prices': [3770], 'price': 3581.5, 'old_price': 3770, 'currency': 'RUB', 'payment_amount': 3770, 'extras_variants': [], 'extras': {'16922': {'id': 16922, 'number': 1, 'extra_bed_type_id': 1, 'age': [0, 18], 'extra_bed': 1, 'free': 1}}, 'rate_id': 44426, 'deals': ['LAST_MINUTE'], 'cancellation_type': 'free', 'credit_card': 1, 'bonus': 179, 'miles': 213, 'min_stay': 1, 'platichastyami': 0, 'mircashback': 358}]",3581.5,213,669838_101hotels,2026-08-15
2289882,,Пушкино 2,2,2,0,1,Апартаменты,14,1,[{'double': 1}],"[{'id': '17105', 'number': '2', 'min_age': '0', 'max_age': '18', 'is_extra_bed': '1', 'extra_bed_type_id': '1'}]","[{'id': 955454, 'capacity': 1, 'prepayment': 'FULL', 'nonrefundable': 0, 'cancellation_period': 0, 'cancellation_fee': 'NO', 'breakfast': 0, 'base_price': 4810, 'prices': [4810], 'price': 4569.5, 'old_price': 4810, 'currency': 'RUB', 'payment_amount': 4810, 'extras_variants': [], 'extras': {'17105': {'id': 17105, 'number': 2, 'extra_bed_type_id': 1, 'age': [0, 18], 'extra_bed': 1, 'free': 1}}, 'rate_id': 44723, 'deals': ['LAST_MINUTE'], 'cancellation_type': 'free', 'credit_card': 1, 'bonus': 228, 'miles': 273, 'min_stay': 1, 'platichastyami': 0, 'mircashback': 457}, {'id': 955456, 'capacity': 1, 'prepayment': 'FULL', 'nonrefundable': 0, 'cancellation_period': 0, 'cancellation_fee': 'NO', 'breakfast': 0, 'base_price': 4810, 'prices': [4810], 'price': 4810, 'old_price': 4810, 'currency': 'RUB', 'payment_amount': 4810, 'extras_variants': [], 'extras': {'17105': {'id': 17105, 'number': 2, 'extra_bed_type_id': 1, 'age': [0, 18], 'extra_bed': 1, 'free': 1}}, 'rate_id': 44724, 'deals': [], 'cancellation_type': 'free', 'credit_card': 1, 'bonus': 241, 'miles': 288, 'min_stay': 1, 'platichastyami': 0, 'mircashback': 481}, {'id': 955455, 'capacity': 2, 'prepayment': 'FULL', 'nonrefundable': 0, 'cancellation_period': 0, 'cancellation_fee': 'NO', 'breakfast': 0, 'base_price': 4810, 'prices': [4810], 'price': 4569.5, 'old_price': 4810, 'currency': 'RUB', 'payment_amount': 4810, 'extras_variants': [], 'extras': {'17105': {'id': 17105, 'number': 2, 'extra_bed_type_id': 1, 'age': [0, 18], 'extra_bed': 1, 'free': 1}}, 'rate_id': 44723, 'deals': ['LAST_MINUTE'], 'cancellation_type': 'free', 'credit_card': 1, 'bonus': 228, 'miles': 273, 'min_stay': 1, 'platichastyami': 0, 'mircashback': 457}, {'id': 955457, 'capacity': 2, 'prepayment': 'FULL', 'nonrefundable': 0, 'cancellation_period': 0, 'cancellation_fee': 'NO', 'breakfast': 0, 'base_price': 4810, 'prices': [4810], 'price': 4810, 'old_price': 4810, 'currency': 'RUB', 'payment_amount': 4810, 'extras_variants': [], 'extras': {'17105': {'id': 17105, 'number': 2, 'extra_bed_type_id': 1, 'age': [0, 18], 'extra_bed': 1, 'free': 1}}, 'rate_id': 44724, 'deals': [], 'cancellation_type': 'free', 'credit_card': 1, 'bonus': 241, 'miles': 288, 'min_stay': 1, 'platichastyami': 0, 'mircashback': 481}]",4569.5,273,670168_101hotels,2026-08-15
2293712,,Уютные у Аэропорта,4,0,0,1,Апартаменты,14,1,"[{'double': 1, 'sofa': 1}]",[],"[{'id': 985739, 'capacity': 1, 'prepayment': 'FULL', 'nonrefundable': 0, 'cancellation_period': 0, 'cancellation_fee': 'NO', 'breakfast': 0, 'base_price': 4725, 'prices': [4725], 'price': 4488.75, 'old_price': 4725, 'currency': 'RUB', 'payment_amount': 4725, 'extras_variants': [], 'extras': [], 'rate_id': 46977, 'deals': ['LAST_MINUTE'], 'cancellation_type': 'free', 'credit_card': 1, 'bonus': 224, 'miles': 267, 'min_stay': 1, 'platichastyami': 0, 'mircashback': 449}, {'id': 985740, 'capacity': 2, 'prepayment': 'FULL', 'nonrefundable': 0, 'cancellation_period': 0, 'cancellation_fee': 'NO', 'breakfast': 0, 'base_price': 4725, 'prices': [4725], 'price': 4488.75, 'old_price': 4725, 'currency': 'RUB', 'payment_amount': 4725, 'extras_variants': [], 'extras': [], 'rate_id': 46977, 'deals': ['LAST_MINUTE'], 'cancellation_type': 'free', 'credit_card': 1, 'bonus': 224, 'miles': 267, 'min_stay': 1, 'platichastyami': 0, 'mircashback': 449}, {'id': 985741, 'capacity': 3, 'prepayment': 'FULL', 'nonrefundable': 0, 'cancellation_period': 0, 'cancellation_fee': 'NO', 'breakfast': 0, 'base_price': 5225, 'prices': [5225], 'price': 4963.75, 'old_price': 5225, 'currency': 'RUB', 'payment_amount': 5225, 'extras_variants': [], 'extras': [], 'rate_id': 46977, 'deals': ['LAST_MINUTE'], 'cancellation_type': 'free', 'credit_card': 1, 'bonus': 248, 'miles': 297, 'min_stay': 1, 'platichastyami': 0, 'mircashback': 496}, {'id': 985742, 'capacity': 4, 'prepayment': 'FULL', 'nonrefundable': 0, 'cancellation_period': 0, 'cancellation_fee': 'NO', 'breakfast': 0, 'base_price': 5725, 'prices': [5725], 'price': 5438.75, 'old_price': 5725, 'currency': 'RUB', 'payment_amount': 5725, 'extras_variants': [], 'extras': [], 'rate_id': 46977, 'deals': ['LAST_MINUTE'], 'cancellation_type': 'free', 'credit_card': 1, 'bonus': 272, 'miles': 324, 'min_stay': 1, 'platichastyami': 0, 'mircashback': 544}]",4488.75,267,671748_101hotels,2026-08-15
2297560,,Апартаменты Вираж,2,0,0,1,Студио,5,1,[{'double': 1}],[],"[{'id': 1020101, 'capacity': 1, 'prepayment': 'FULL', 'nonrefundable': 0, 'cancellation_period': 0, 'cancellation_fee': 'NO', 'breakfast': 0, 'base_price': 3900, 'prices': [3900], 'price': 3705, 'old_price': 3900, 'currency': 'RUB', 'payment_amount': 3900, 'extras_variants': [], 'extras': [], 'rate_id': 49159, 'deals': ['LAST_MINUTE'], 'cancellation_type': 'free', 'credit_card': 1, 'bonus': 185, 'miles': 222, 'min_stay': 1, 'platichastyami': 0, 'mircashback': 371}, {'id': 1020102, 'capacity': 2, 'prepayment': 'FULL', 'nonrefundable': 0, 'cancellation_period': 0, 'cancellation_fee': 'NO', 'breakfast': 0, 'base_price': 3900, 'prices': [3900], 'price': 3705, 'old_price': 3900, 'currency': 'RUB', 'payment_amount': 3900, 'extras_variants': [], 'extras': [], 'rate_id': 49159, 'deals': ['LAST_MINUTE'], 'cancellation_type': 'free', 'credit_card': 1, 'bonus': 185, 'miles': 222, 'min_stay': 1, 'platichastyami': 0, 'mircashback': 371}]",3705.0,222,672593_101hotels,2026-08-15
2297561,,Апартаменты Взлёт,2,0,0,1,Студио,5,1,[{'double': 1}],[],"[{'id': 1020103, 'capacity': 1, 'prepayment': 'FULL', 'nonrefundable': 0, 'cancellation_period': 0, 'cancellation_fee': 'NO', 'breakfast': 0, 'base_price': 3900, 'prices': [3900], 'price': 3705, 'old_price': 3900, 'currency': 'RUB', 'payment_amount': 3900, 'extras_variants': [], 'extras': [], 'rate_id': 49159, 'deals': ['LAST_MINUTE'], 'cancellation_type': 'free', 'credit_card': 1, 'bonus': 185, 'miles': 222, 'min_stay': 1, 'platichastyami': 0, 'mircashback': 371}, {'id': 1020104, 'capacity': 2, 'prepayment': 'FULL', 'nonrefundable': 0, 'cancellation_period': 0, 'cancellation_fee': 'NO', 'breakfast': 0, 'base_price': 3900, 'prices': [3900], 'price': 3705, 'old_price': 3900, 'currency': 'RUB', 'payment_amount': 3900, 'extras_variants': [], 'extras': [], 'rate_id': 49159, 'deals': ['LAST_MINUTE'], 'cancellation_type': 'free', 'credit_card': 1, 'bonus': 185, 'miles': 222, 'min_stay': 1, 'platichastyami': 0, 'mircashback': 371}]",3705.0,222,672593_101hotels,2026-08-15
2311547,,Уютная квартира в 7 минутах езды от аэропорта,2,0,0,1,Студио,5,1,[{'double': 1}],"[{'id': '40043', 'number': '1', 'min_age': '0', 'max_age': '18', 'is_extra_bed': '0', 'extra_bed_type_id': '0'}]","[{'id': 1143397, 'capacity': 1, 'prepayment': 'FULL', 'nonrefundable': 0, 'cancellation_period': 0, 'cancellation_fee': 'NO', 'breakfast': 0, 'base_price': 3360, 'prices': [3360], 'price': 3360, 'old_price': 3360, 'currency': 'RUB', 'payment_amount': 3360, 'extras_variants': [], 'extras': {'40043': {'id': 40043, 'number': 1, 'extra_bed_type_id': 0, 'age': [0, 18], 'extra_bed': 0, 'free': 1}}, 'rate_id': 57623, 'deals': [], 'cancellation_type': 'free', 'credit_card': 1, 'bonus': 168, 'miles': 201, 'min_stay': 1, 'platichastyami': 0, 'mircashback': 336}, {'id': 1143398, 'capacity': 2, 'prepayment': 'FULL', 'nonrefundable': 0, 'cancellation_period': 0, 'cancellation_fee': 'NO', 'breakfast': 0, 'base_price': 3360, 'prices': [3360], 'price': 3360, 'old_price': 3360, 'currency': 'RUB', 'payment_amount': 3360, 'extras_variants': [], 'extras': {'40043': {'id': 40043, 'number': 1, 'extra_bed_type_id': 0, 'age': [0, 18], 'extra_bed': 0, 'free': 1}}, 'rate_id': 57623, 'deals': [], 'cancellation_type': 'free', 'credit_card': 1, 'bonus': 168, 'miles': 201, 'min_stay': 1, 'platichastyami': 0, 'mircashback': 336}]",3360.0,201,675909_101hotels,2026-08-15
2311561,,Уютная квартира в 7 минутах езды от центра города и аэропорта,2,0,0,1,Студио,5,1,[{'double': 1}],"[{'id': '40046', 'number': '1', 'min_age': '0', 'max_age': '18', 'is_extra_bed': '0', 'extra_bed_type_id': '0'}]","[{'id': 1143679, 'capacity': 1, 'prepayment': 'FULL', 'nonrefundable': 0, 'cancellation_period': 0, 'cancellation_fee': 'NO', 'breakfast': 0, 'base_price': 4640, 'prices': [4640], 'price': 4640, 'old_price': 4640, 'currency': 'RUB', 'payment_amount': 4640, 'extras_variants': [], 'extras': {'40046': {'id': 40046, 'number': 1, 'extra_bed_type_id': 0, 'age': [0, 18], 'extra_bed': 0, 'free': 1}}, 'rate_id': 57635, 'deals': [], 'cancellation_type': 'free', 'credit_card': 1, 'bonus': 232, 'miles': 276, 'min_stay': 1, 'platichastyami': 0, 'mircashback': 464}, {'id': 1143680, 'capacity': 2, 'prepayment': 'FULL', 'nonrefundable': 0, 'cancellation_period': 0, 'cancellation_fee': 'NO', 'breakfast': 0, 'base_price': 4640, 'prices': [4640], 'price': 4640, 'old_price': 4640, 'currency': 'RUB', 'payment_amount': 4640, 'extras_variants': [], 'extras': {'40046': {'id': 40046, 'number': 1, 'extra_bed_type_id': 0, 'age': [0, 18], 'extra_bed': 0, 'free': 1}}, 'rate_id': 57635, 'deals': [], 'cancellation_type': 'free', 'credit_card': 1, 'bonus': 232, 'miles': 276, 'min_stay': 1, 'platichastyami': 0, 'mircashback': 464}]",4640.0,276,675910_101hotels,2026-08-15
2313267,,,2,2,0,1,Трёхместный и более,3,1,"[{'single': 1}, {'sofa': 1}, {'single': 1}]",[],"[{'id': 1158899, 'capacity': 1, 'prepayment': 'FULL', 'nonrefundable': 0, 'cancellation_period': 0, 'cancellation_fee': 'NO', 'breakfast': 0, 'base_price': 12000, 'prices': [12000], 'price': 12000, 'old_price': 12000, 'currency': 'RUB', 'payment_amount': 12000, 'extras_variants': [], 'extras': [], 'rate_id': 58773, 'deals': [], 'cancellation_type': 'free', 'credit_card': 1, 'bonus': 600, 'miles': 720, 'min_stay': 1, 'platichastyami': 0, 'mircashback': 1200}, {'id': 1158900, 'capacity': 2, 'prepayment': 'FULL', 'nonrefundable': 0, 'cancellation_period': 0, 'cancellation_fee': 'NO', 'breakfast': 0, 'base_price': 12000, 'prices': [12000], 'price': 12000, 'old_price': 12000, 'currency': 'RUB', 'payment_amount': 12000, 'extras_variants': [], 'extras': [], 'rate_id': 58773, 'deals': [], 'cancellation_type': 'free', 'credit_card': 1, 'bonus': 600, 'miles': 720, 'min_stay': 1, 'platichastyami': 0, 'mircashback': 1200}]",12000.0,720,676186_101hotels,2026-08-15
2316964,,Верхняя набережная на 4 человека,4,0,0,1,Апартаменты,14,1,"[{'double': 1, 'sofa': 1}]","[{'id': '44665', 'number': '3', 'min_age': '0', 'max_age': '4', 'is_extra_bed': '0', 'extra_bed_type_id': '0'}]","[{'id': 1192628, 'capacity': 1, 'prepayment': 'FULL', 'nonrefundable': 0, 'cancellation_period': 0, 'cancellation_fee': 'NO', 'breakfast': 0, 'base_price': 4441.25, 'prices': [4441.25], 'price': 4441.25, 'old_price': 4441.25, 'currency': 'RUB', 'payment_amount': 4441.25, 'extras_variants': [], 'extras': {'44665': {'id': 44665, 'number': 3, 'extra_bed_type_id': 0, 'age': [0, 4], 'extra_bed': 0, 'free': 1}}, 'rate_id': 60922, 'deals': [], 'cancellation_type': 'free', 'credit_card': 1, 'bonus': 222, 'miles': 264, 'min_stay': 1, 'platichastyami': 0, 'mircashback': 444}, {'id': 1192629, 'capacity': 2, 'prepayment': 'FULL', 'nonrefundable': 0, 'cancellation_period': 0, 'cancellation_fee': 'NO', 'breakfast': 0, 'base_price': 4441.25, 'prices': [4441.25], 'price': 4441.25, 'old_price': 4441.25, 'currency': 'RUB', 'payment_amount': 4441.25, 'extras_variants': [], 'extras': {'44665': {'id': 44665, 'number': 3, 'extra_bed_type_id': 0, 'age': [0, 4], 'extra_bed': 0, 'free': 1}}, 'rate_id': 60922, 'deals': [], 'cancellation_type': 'free', 'credit_card': 1, 'bonus': 222, 'miles': 264, 'min_stay': 1, 'platichastyami': 0, 'mircashback': 444}, {'id': 1192630, 'capacity': 3, 'prepayment': 'FULL', 'nonrefundable': 0, 'cancellation_period': 0, 'cancellation_fee': 'NO', 'breakfast': 0, 'base_price': 4833.13, 'prices': [4833.13], 'price': 4833.13, 'old_price': 4833.13, 'currency': 'RUB', 'payment_amount': 4833.13, 'extras_variants': [], 'extras': {'44665': {'id': 44665, 'number': 3, 'extra_bed_type_id': 0, 'age': [0, 4], 'extra_bed': 0, 'free': 1}}, 'rate_id': 60922, 'deals': [], 'cancellation_type': 'free', 'credit_card': 1, 'bonus': 242, 'miles': 288, 'min_stay': 1, 'platichastyami': 0, 'mircashback': 483}, {'id': 1192631, 'capacity': 4, 'prepayment': 'FULL', 'nonrefundable': 0, 'cancellation_period': 0, 'cancellation_fee': 'NO', 'breakfast': 0, 'base_price': 5225, 'prices': [5225], 'price': 5225, 'old_price': 5225, 'currency': 'RUB', 'payment_amount': 5225, 'extras_variants': [], 'extras': {'44665': {'id': 44665, 'number': 3, 'extra_bed_type_id': 0, 'age': [0, 4], 'extra_bed': 0, 'free': 1}}, 'rate_id': 60922, 'deals': [], 'cancellation_type': 'free', 'credit_card': 1, 'bonus': 261, 'miles': 312, 'min_stay': 1, 'platichastyami': 0, 'mircashback': 523}]",4441.25,264,677035_101hotels,2026-08-15
2317023,,На верхней набережной с красивым видом из окна,4,0,0,1,Четырехместный,34,1,"[{'double': 1, 'sofa': 1}]","[{'id': '44761', 'number': '3', 'min_age': '0', 'max_age': '4', 'is_extra_bed': '0', 'extra_bed_type_id': '0'}]","[{'id': 1193719, 'capacity': 1, 'prepayment': 'FULL', 'nonrefundable': 0, 'cancellation_period': 0, 'cancellation_fee': 'NO', 'breakfast': 0, 'base_price': 4310.63, 'prices': [4310.63], 'price': 4310.63, 'old_price': 4310.63, 'currency': 'RUB', 'payment_amount': 4310.63, 'extras_variants': [], 'extras': {'44761': {'id': 44761, 'number': 3, 'extra_bed_type_id': 0, 'age': [0, 4], 'extra_bed': 0, 'free': 1}}, 'rate_id': 60974, 'deals': [], 'cancellation_type': 'free', 'credit_card': 1, 'bonus': 216, 'miles': 258, 'min_stay': 1, 'platichastyami': 0, 'mircashback': 431}, {'id': 1193720, 'capacity': 2, 'prepayment': 'FULL', 'nonrefundable': 0, 'cancellation_period': 0, 'cancellation_fee': 'NO', 'breakfast': 0, 'base_price': 4310.63, 'prices': [4310.63], 'price': 4310.63, 'old_price': 4310.63, 'currency': 'RUB', 'payment_amount': 4310.63, 'extras_variants': [], 'extras': {'44761': {'id': 44761, 'number': 3, 'extra_bed_type_id': 0, 'age': [0, 4], 'extra_bed': 0, 'free': 1}}, 'rate_id': 60974, 'deals': [], 'cancellation_type': 'free', 'credit_card': 1, 'bonus': 216, 'miles': 258, 'min_stay': 1, 'platichastyami': 0, 'mircashback': 431}, {'id': 1193721, 'capacity': 3, 'prepayment': 'FULL', 'nonrefundable': 0, 'cancellation_period': 0, 'cancellation_fee': 'NO', 'breakfast': 0, 'base_price': 4702.5, 'prices': [4702.5], 'price': 4702.5, 'old_price': 4702.5, 'currency': 'RUB', 'payment_amount': 4702.5, 'extras_variants': [], 'extras': {'44761': {'id': 44761, 'number': 3, 'extra_bed_type_id': 0, 'age': [0, 4], 'extra_bed': 0, 'free': 1}}, 'rate_id': 60974, 'deals': [], 'cancellation_type': 'free', 'credit_card': 1, 'bonus': 235, 'miles': 282, 'min_stay': 1, 'platichastyami': 0, 'mircashback': 470}, {'id': 1193722, 'capacity': 4, 'prepayment': 'FULL', 'nonrefundable': 0, 'cancellation_period': 0, 'cancellation_fee': 'NO', 'breakfast': 0, 'base_price': 5094.38, 'prices': [5094.38], 'price': 5094.38, 'old_price': 5094.38, 'currency': 'RUB', 'payment_amount': 5094.38, 'extras_variants': [], 'extras': {'44761': {'id': 44761, 'number': 3, 'extra_bed_type_id': 0, 'age': [0, 4], 'extra_bed': 0, 'free': 1}}, 'rate_id': 60974, 'deals': [], 'cancellation_type': 'free', 'credit_card': 1, 'bonus': 255, 'miles': 303, 'min_stay': 1, 'platichastyami': 0, 'mircashback': 509}]",4310.63,258,677036_101hotels,2026-08-15
5768,,"1-категории, Стандарт",2,0,0,1,Двухместный,2,15,"[{'double': 1}, {'single': 2}]",[],"[{'id': 507732, 'capacity': 1, 'prepayment': 'FIRST', 'nonrefundable': 0, 'cancellation_period': 0, 'cancellation_fee': 'NO', 'breakfast': 1, 'base_price': 6700, 'prices': [6700], 'price': 6030, 'old_price': 0, 'currency': 'RUB', 'payment_amount': 6700, 'extras_variants': [], 'extras': [], 'rate_id': 14917, 'deals': ['LAST_MINUTE'], 'cancellation_type': 'free', 'credit_card': 1, 'bonus': 302, 'miles': 360, 'min_stay': 1, 'platichastyami': 0, 'mircashback': 603}, {'id': 507733, 'capacity': 2, 'prepayment': 'FIRST', 'nonrefundable': 0, 'cancellation_period': 0, 'cancellation_fee': 'NO', 'breakfast': 1, 'base_price': 7700, 'prices': [7700], 'price': 6930, 'old_price': 0, 'currency': 'RUB', 'payment_amount': 7700, 'extras_variants': [], 'extras': [], 'rate_id': 14917, 'deals': ['LAST_MINUTE'], 'cancellation_type': 'free', 'credit_card': 1, 'bonus': 347, 'miles': 414, 'min_stay': 1, 'platichastyami': 0, 'mircashback': 693}]",6030.0,360,227_101hotels,2026-08-15
5770,,Джуниор,2,2,0,1,Сюит,27,3,[{'double': 1}],"[{'id': '3306', 'number': '2', 'min_age': '0', 'max_age': '16', 'is_extra_bed': '0', 'extra_bed_type_id': '0'}, {'id': '3307', 'number': '2', 'min_age': '0', 'max_age': '16', 'is_extra_bed': '1', 'extra_bed_type_id': '1'}]","[{'id': 507740, 'capacity': 1, 'prepayment': 'FIRST', 'nonrefundable': 0, 'cancellation_period': 0, 'cancellation_fee': 'NO', 'breakfast': 1, 'base_price': 13100, 'prices': [13100], 'price': 11790, 'old_price': 0, 'currency': 'RUB', 'payment_amount': 13100, 'extras_variants': [], 'extras': {'3306': {'id': 3306, 'number': 2, 'extra_bed_type_id': 0, 'age': [0, 16], 'extra_bed': 0, 'free': 1}, '3307': {'id': 3307, 'number': 2, 'extra_bed_type_id': 1, 'age': [0, 16], 'extra_bed': 1, 'free': 1}}, 'rate_id': 14917, 'deals': ['LAST_MINUTE'], 'cancellation_type': 'free', 'credit_card': 1, 'bonus': 590, 'miles': 705, 'min_stay': 1, 'platichastyami': 0, 'mircashback': 1179}, {'id': 507741, 'capacity': 2, 'prepayment': 'FIRST', 'nonrefundable': 0, 'cancellation_period': 0, 'cancellation_fee': 'NO', 'breakfast': 1, 'base_price': 13100, 'prices': [13100], 'price': 11790, 'old_price': 0, 'currency': 'RUB', 'payment_amount': 13100, 'extras_variants': [], 'extras': {'3306': {'id': 3306, 'number': 2, 'extra_bed_type_id': 0, 'age': [0, 16], 'extra_bed': 0, 'free': 1}, '3307': {'id': 3307, 'number': 2, 'extra_bed_type_id': 1, 'age': [0, 16], 'extra_bed': 1, 'free': 1}}, 'rate_id': 14917, 'deals': ['LAST_MINUTE'], 'cancellation_type': 'free', 'credit_card': 1, 'bonus': 590, 'miles': 705, 'min_stay': 1, 'platichastyami': 0, 'mircashback': 1179}]",11790.0,705,227_101hotels,2026-08-15
5777,,,2,2,0,1,Люкс,6,2,[{'double': 1}],[],"[{'id': 507734, 'capacity': 1, 'prepayment': 'FIRST', 'nonrefundable': 0, 'cancellation_period': 0, 'cancellation_fee': 'NO', 'breakfast': 1, 'base_price': 19000, 'prices': [19000], 'price': 17100, 'old_price': 0, 'currency': 'RUB', 'payment_amount': 19000, 'extras_variants': [], 'extras': [], 'rate_id': 14917, 'deals': ['LAST_MINUTE'], 'cancellation_type': 'free', 'credit_card': 1, 'bonus': 855, 'miles': 1026, 'min_stay': 1, 'platichastyami': 0, 'mircashback': 1710}, {'id': 507735, 'capacity': 2, 'prepayment': 'FIRST', 'nonrefundable': 0, 'cancellation_period': 0, 'cancellation_fee': 'NO', 'breakfast': 1, 'base_price': 19000, 'prices': [19000], 'price': 17100, 'old_price': 0, 'currency': 'RUB', 'payment_amount': 19000, 'extras_variants': [], 'extras': [], 'rate_id': 14917, 'deals': ['LAST_MINUTE'], 'cancellation_type': 'free', 'credit_card': 1, 'bonus': 855, 'miles': 1026, 'min_stay': 1, 'platichastyami': 0, 'mircashback': 1710}]",17100.0,1026,227_101hotels,2026-08-15
5781,,Президентский,4,0,0,1,Люкс,6,1,[{'double': 2}],[],"[{'id': 507736, 'capacity': 1, 'prepayment': 'FIRST', 'nonrefundable': 0, 'cancellation_period': 0, 'cancellation_fee': 'NO', 'breakfast': 1, 'base_price': 25000, 'prices': [25000], 'price': 22500, 'old_price': 0, 'currency': 'RUB', 'payment_amount': 25000, 'extras_variants': [], 'extras': [], 'rate_id': 14917, 'deals': ['LAST_MINUTE'], 'cancellation_type': 'free', 'credit_card': 1, 'bonus': 1125, 'miles': 1350, 'min_stay': 1, 'platichastyami': 0, 'mircashback': 2250}, {'id': 507737, 'capacity': 2, 'prepayment': 'FIRST', 'nonrefundable': 0, 'cancellation_period': 0, 'cancellation_fee': 'NO', 'breakfast': 1, 'base_price': 25000, 'prices': [25000], 'price': 22500, 'old_price': 0, 'currency': 'RUB', 'payment_amount': 25000, 'extras_variants': [], 'extras': [], 'rate_id': 14917, 'deals': ['LAST_MINUTE'], 'cancellation_type': 'free', 'credit_card': 1, 'bonus': 1125, 'miles': 1350, 'min_stay': 1, 'platichastyami': 0, 'mircashback': 2250}]",22500.0,1350,227_101hotels,2026-08-15
1563526,,"Стандарт, 1-ой категории",1,0,0,1,Одноместный,1,15,[{'double': 1}],"[{'id': '425', 'number': '1', 'min_age': '1', 'max_age': '5', 'is_extra_bed': '0', 'extra_bed_type_id': '0'}]","[{'id': 507731, 'capacity': 1, 'prepayment': 'FIRST', 'nonrefundable': 0, 'cancellation_period': 0, 'cancellation_fee': 'NO', 'breakfast': 1, 'base_price': 6700, 'prices': [6700], 'price': 6030, 'old_price': 0, 'currency': 'RUB', 'payment_amount': 6700, 'extras_variants': [], 'extras': {'425': {'id': 425, 'number': 1, 'extra_bed_type_id': 0, 'age': [1, 5], 'extra_bed': 0, 'free': 1}}, 'rate_id': 14917, 'deals': ['LAST_MINUTE'], 'cancellation_type': 'free', 'credit_card': 1, 'bonus': 302, 'miles': 360, 'min_stay': 1, 'platichastyami': 0, 'mircashback': 603}]",6030.0,360,227_101hotels,2026-08-15
2310716,,Дом Русанова,2,1,0,1,Апартаменты,14,1,[{'double': 1}],[],"[{'id': 1135056, 'capacity': 1, 'prepayment': 'FULL', 'nonrefundable': 0, 'cancellation_period': 1, 'cancellation_fee': 'FIRST', 'breakfast': 0, 'base_price': 58000, 'prices': [58000], 'price': 58000, 'old_price': 58000, 'currency': 'RUB', 'payment_amount': 58000, 'extras_variants': [], 'extras': [], 'rate_id': 57158, 'deals': [], 'cancellation_type': 'special', 'credit_card': 1, 'bonus': 2900, 'miles': 3480, 'min_stay': 1, 'platichastyami': 0, 'mircashback': 5800}, {'id': 1135057, 'capacity': 2, 'prepayment': 'FULL', 'nonrefundable': 0, 'cancellation_period': 1, 'cancellation_fee': 'FIRST', 'breakfast': 0, 'base_price': 58000, 'prices': [58000], 'price': 58000, 'old_price': 58000, 'currency': 'RUB', 'payment_amount': 58000, 'extras_variants': [], 'extras': [], 'rate_id': 57158, 'deals': [], 'cancellation_type': 'special', 'credit_card': 1, 'bonus': 2900, 'miles': 3480, 'min_stay': 1, 'platichastyami': 0, 'mircashback': 5800}]",58000.0,3480,675391_101hotels,2026-08-15
2310717,,Дом Курбатова,2,1,0,1,Делюкс,29,2,[{'double': 1}],"[{'id': '33811', 'number': '1', 'min_age': '0', 'max_age': '3', 'is_extra_bed': '1', 'extra_bed_type_id': '4'}, {'id': '33812', 'number': '1', 'min_age': '0', 'max_age': '7', 'is_extra_bed': '0', 'extra_bed_type_id': '0'}]","[{'id': 1135058, 'capacity': 1, 'prepayment': 'FULL', 'nonrefundable': 0, 'cancellation_period': 1, 'cancellation_fee': 'FIRST', 'breakfast': 0, 'base_price': 32500, 'prices': [32500], 'price': 32500, 'old_price': 32500, 'currency': 'RUB', 'payment_amount': 32500, 'extras_variants': [], 'extras': {'33811': {'id': 33811, 'number': 1, 'extra_bed_type_id': 4, 'age': [0, 3], 'extra_bed': 1, 'free': 1}, '33812': {'id': 33812, 'number': 1, 'extra_bed_type_id': 0, 'age': [0, 7], 'extra_bed': 0, 'free': 1}}, 'rate_id': 57158, 'deals': [], 'cancellation_type': 'special', 'credit_card': 1, 'bonus': 1625, 'miles': 1950, 'min_stay': 1, 'platichastyami': 0, 'mircashback': 3250}, {'id': 1135059, 'capacity': 2, 'prepayment': 'FULL', 'nonrefundable': 0, 'cancellation_period': 1, 'cancellation_fee': 'FIRST', 'breakfast': 0, 'base_price': 32500, 'prices': [32500], 'price': 32500, 'old_price': 32500, 'currency': 'RUB', 'payment_amount': 32500, 'extras_variants': [], 'extras': {'33811': {'id': 33811, 'number': 1, 'extra_bed_type_id': 4, 'age': [0, 3], 'extra_bed': 1, 'free': 1}, '33812': {'id': 33812, 'number': 1, 'extra_bed_type_id': 0, 'age': [0, 7], 'extra_bed': 0, 'free': 1}}, 'rate_id': 57158, 'deals': [], 'cancellation_type': 'special', 'credit_card': 1, 'bonus': 1625, 'miles': 1950, 'min_stay': 1, 'platichastyami': 0, 'mircashback': 3250}]",32500.0,1950,675391_101hotels,2026-08-15
2310718,,Дом Курбатова,2,0,0,1,Улучшенный,113,11,"[{'single': 2}, {'double': 1}]","[{'id': '39406', 'number': '1', 'min_age': '0', 'max_age': '18', 'is_extra_bed': '0', 'extra_bed_type_id': '0'}]","[{'id': 1135060, 'capacity': 1, 'prepayment': 'FULL', 'nonrefundable': 0, 'cancellation_period': 1, 'cancellation_fee': 'FIRST', 'breakfast': 0, 'base_price': 28000, 'prices': [28000], 'price': 28000, 'old_price': 28000, 'currency': 'RUB', 'payment_amount': 28000, 'extras_variants': [], 'extras': {'39406': {'id': 39406, 'number': 1, 'extra_bed_type_id': 0, 'age': [0, 18], 'extra_bed': 0, 'free': 1}}, 'rate_id': 57158, 'deals': [], 'cancellation_type': 'special', 'credit_card': 1, 'bonus': 1400, 'miles': 1680, 'min_stay': 1, 'platichastyami': 0, 'mircashback': 2800}, {'id': 1135061, 'capacity': 2, 'prepayment': 'FULL', 'nonrefundable': 0, 'cancellation_period': 1, 'cancellation_fee': 'FIRST', 'breakfast': 0, 'base_price': 28000, 'prices': [28000], 'price': 28000, 'old_price': 28000, 'currency': 'RUB', 'payment_amount': 28000, 'extras_variants': [], 'extras': {'39406': {'id': 39406, 'number': 1, 'extra_bed_type_id': 0, 'age': [0, 18], 'extra_bed': 0, 'free': 1}}, 'rate_id': 57158, 'deals': [], 'cancellation_type': 'special', 'credit_card': 1, 'bonus': 1400, 'miles': 1680, 'min_stay': 1, 'platichastyami': 0, 'mircashback': 2800}]",28000.0,1680,675391_101hotels,2026-08-15
32287,,Twin (1 категория),2,0,0,1,Двухместный,2,7,[{'single': 2}],[],"[{'id': 684160, 'capacity': 1, 'prepayment': 'FULL', 'nonrefundable': 1, 'cancellation_period': 0, 'cancellation_fee': 'FIRST', 'breakfast': 0, 'base_price': 4400, 'prices': [4400], 'price': 4400, 'old_price': 4400, 'currency': 'RUB', 'payment_amount': 4400, 'extras_variants': [], 'extras': [], 'rate_id': 27299, 'deals': [], 'cancellation_type': 'nonrefundable', 'credit_card': 1, 'bonus': 220, 'miles': 264, 'min_stay': 1, 'platichastyami': 0, 'mircashback': 440}, {'id': 684133, 'capacity': 1, 'prepayment': 'FULL', 'nonrefundable': 1, 'cancellation_period': 0, 'cancellation_fee': 'FIRST', 'breakfast': 1, 'base_price': 5000, 'prices': [5000], 'price': 5000, 'old_price': 5000, 'currency': 'RUB', 'payment_amount': 5000, 'extras_variants': [], 'extras': [], 'rate_id': 27286, 'deals': [], 'cancellation_type': 'nonrefundable', 'credit_card': 1, 'bonus': 250, 'miles': 300, 'min_stay': 1, 'platichastyami': 0, 'mircashback': 500}, {'id': 684161, 'capacity': 2, 'prepayment': 'FULL', 'nonrefundable': 1, 'cancellation_period': 0, 'cancellation_fee': 'FIRST', 'breakfast': 0, 'base_price': 5200, 'prices': [5200], 'price': 5200, 'old_price': 5200, 'currency': 'RUB', 'payment_amount': 5200, 'extras_variants': [], 'extras': [], 'rate_id': 27299, 'deals': [], 'cancellation_type': 'nonrefundable', 'credit_card': 1, 'bonus': 260, 'miles': 312, 'min_stay': 1, 'platichastyami': 0, 'mircashback': 520}, {'id': 684134, 'capacity': 2, 'prepayment': 'FULL', 'nonrefundable': 1, 'cancellation_period': 0, 'cancellation_fee': 'FIRST', 'breakfast': 1, 'base_price': 6400, 'prices': [6400], 'price': 6400, 'old_price': 6400, 'currency': 'RUB', 'payment_amount': 6400, 'extras_variants': [], 'extras': [], 'rate_id': 27286, 'deals': [], 'cancellation_type': 'nonrefundable', 'credit_card': 1, 'bonus': 320, 'miles': 384, 'min_stay': 1, 'platichastyami': 0, 'mircashback': 640}]",4400.0,264,6855_101hotels,2026-08-15
32288,,Double (1 категория),2,0,0,1,Двухместный,2,5,[{'double': 1}],[],"[{'id': 684162, 'capacity': 1, 'prepayment': 'FULL', 'nonrefundable': 1, 'cancellation_period': 0, 'cancellation_fee': 'FIRST', 'breakfast': 0, 'base_price': 5200, 'prices': [5200], 'price': 5200, 'old_price': 5200, 'currency': 'RUB', 'payment_amount': 5200, 'extras_variants': [], 'extras': [], 'rate_id': 27299, 'deals': [], 'cancellation_type': 'nonrefundable', 'credit_card': 1, 'bonus': 260, 'miles': 312, 'min_stay': 1, 'platichastyami': 0, 'mircashback': 520}, {'id': 684135, 'capacity': 1, 'prepayment': 'FULL', 'nonrefundable': 1, 'cancellation_period': 0, 'cancellation_fee': 'FIRST', 'breakfast': 1, 'base_price': 5800, 'prices': [5800], 'price': 5800, 'old_price': 5800, 'currency': 'RUB', 'payment_amount': 5800, 'extras_variants': [], 'extras': [], 'rate_id': 27286, 'deals': [], 'cancellation_type': 'nonrefundable', 'credit_card': 1, 'bonus': 290, 'miles': 348, 'min_stay': 1, 'platichastyami': 0, 'mircashback': 580}, {'id': 684163, 'capacity': 2, 'prepayment': 'FULL', 'nonrefundable': 1, 'cancellation_period': 0, 'cancellation_fee': 'FIRST', 'breakfast': 0, 'base_price': 5200, 'prices': [5200], 'price': 5200, 'old_price': 5200, 'currency': 'RUB', 'payment_amount': 5200, 'extras_variants': [], 'extras': [], 'rate_id': 27299, 'deals': [], 'cancellation_type': 'nonrefundable', 'credit_card': 1, 'bonus': 260, 'miles': 312, 'min_stay': 1, 'platichastyami': 0, 'mircashback': 520}, {'id': 684136, 'capacity': 2, 'prepayment': 'FULL', 'nonrefundable': 1, 'cancellation_period': 0, 'cancellation_fee': 'FIRST', 'breakfast': 1, 'base_price': 6400, 'prices': [6400], 'price': 6400, 'old_price': 6400, 'currency': 'RUB', 'payment_amount': 6400, 'extras_variants': [], 'extras': [], 'rate_id': 27286, 'deals': [], 'cancellation_type': 'nonrefundable', 'credit_card': 1, 'bonus': 320, 'miles': 384, 'min_stay': 1, 'platichastyami': 0, 'mircashback': 640}]",5200.0,312,6855_101hotels,2026-08-15
32289,,Номер Джуниор Сюит (семейная кровать),2,0,0,1,Студио,5,1,[{'double': 1}],[],"[{'id': 684164, 'capacity': 1, 'prepayment': 'FULL', 'nonrefundable': 1, 'cancellation_period': 0, 'cancellation_fee': 'FIRST', 'breakfast': 0, 'base_price': 6600, 'prices': [6600], 'price': 6600, 'old_price': 6600, 'currency': 'RUB', 'payment_amount': 6600, 'extras_variants': [], 'extras': [], 'rate_id': 27299, 'deals': [], 'cancellation_type': 'nonrefundable', 'credit_card': 1, 'bonus': 330, 'miles': 396, 'min_stay': 1, 'platichastyami': 0, 'mircashback': 660}, {'id': 684137, 'capacity': 1, 'prepayment': 'FULL', 'nonrefundable': 1, 'cancellation_period': 0, 'cancellation_fee': 'FIRST', 'breakfast': 1, 'base_price': 7200, 'prices': [7200], 'price': 7200, 'old_price': 7200, 'currency': 'RUB', 'payment_amount': 7200, 'extras_variants': [], 'extras': [], 'rate_id': 27286, 'deals': [], 'cancellation_type': 'nonrefundable', 'credit_card': 1, 'bonus': 360, 'miles': 432, 'min_stay': 1, 'platichastyami': 0, 'mircashback': 720}, {'id': 684165, 'capacity': 2, 'prepayment': 'FULL', 'nonrefundable': 1, 'cancellation_period': 0, 'cancellation_fee': 'FIRST', 'breakfast': 0, 'base_price': 6600, 'prices': [6600], 'price': 6600, 'old_price': 6600, 'currency': 'RUB', 'payment_amount': 6600, 'extras_variants': [], 'extras': [], 'rate_id': 27299, 'deals': [], 'cancellation_type': 'nonrefundable', 'credit_card': 1, 'bonus': 330, 'miles': 396, 'min_stay': 1, 'platichastyami': 0, 'mircashback': 660}, {'id': 684138, 'capacity': 2, 'prepayment': 'FULL', 'nonrefundable': 1, 'cancellation_period': 0, 'cancellation_fee': 'FIRST', 'breakfast': 1, 'base_price': 7800, 'prices': [7800], 'price': 7800, 'old_price': 7800, 'currency': 'RUB', 'payment_amount': 7800, 'extras_variants': [], 'extras': [], 'rate_id': 27286, 'deals': [], 'cancellation_type': 'nonrefundable', 'credit_card': 1, 'bonus': 390, 'miles': 468, 'min_stay': 1, 'platichastyami': 0, 'mircashback': 780}]",6600.0,396,6855_101hotels,2026-08-15
102188,,Single (1 категория),1,0,0,1,Одноместный,1,1,[{'single': 1}],[],"[{'id': 684159, 'capacity': 1, 'prepayment': 'FULL', 'nonrefundable': 1, 'cancellation_period': 0, 'cancellation_fee': 'FIRST', 'breakfast': 0, 'base_price': 4000, 'prices': [4000], 'price': 4000, 'old_price': 4000, 'currency': 'RUB', 'payment_amount': 4000, 'extras_variants': [], 'extras': [], 'rate_id': 27299, 'deals': [], 'cancellation_type': 'nonrefundable', 'credit_card': 1, 'bonus': 200, 'miles': 240, 'min_stay': 1, 'platichastyami': 0, 'mircashback': 400}, {'id': 684139, 'capacity': 1, 'prepayment': 'FULL', 'nonrefundable': 1, 'cancellation_period': 0, 'cancellation_fee': 'FIRST', 'breakfast': 1, 'base_price': 4600, 'prices': [4600], 'price': 4600, 'old_price': 4600, 'currency': 'RUB', 'payment_amount': 4600, 'extras_variants': [], 'extras': [], 'rate_id': 27286, 'deals': [], 'cancellation_type': 'nonrefundable', 'credit_card': 1, 'bonus': 230, 'miles': 276, 'min_stay': 1, 'platichastyami': 0, 'mircashback': 460}]",4000.0,240,6855_101hotels,2026-08-15
1619384,,С кухней,5,0,0,1,Апартаменты,14,2,"[{'single': 1, 'double': 1, 'sofa': 1}]",[],"[{'id': 684166, 'capacity': 1, 'prepayment': 'FULL', 'nonrefundable': 1, 'cancellation_period': 0, 'cancellation_fee': 'FIRST', 'breakfast': 0, 'base_price': 8800, 'prices': [8800], 'price': 8800, 'old_price': 8800, 'currency': 'RUB', 'payment_amount': 8800, 'extras_variants': [], 'extras': [], 'rate_id': 27299, 'deals': [], 'cancellation_type': 'nonrefundable', 'credit_card': 1, 'bonus': 440, 'miles': 528, 'min_stay': 1, 'platichastyami': 0, 'mircashback': 880}, {'id': 684167, 'capacity': 2, 'prepayment': 'FULL', 'nonrefundable': 1, 'cancellation_period': 0, 'cancellation_fee': 'FIRST', 'breakfast': 0, 'base_price': 8800, 'prices': [8800], 'price': 8800, 'old_price': 8800, 'currency': 'RUB', 'payment_amount': 8800, 'extras_variants': [], 'extras': [], 'rate_id': 27299, 'deals': [], 'cancellation_type': 'nonrefundable', 'credit_card': 1, 'bonus': 440, 'miles': 528, 'min_stay': 1, 'platichastyami': 0, 'mircashback': 880}, {'id': 684168, 'capacity': 3, 'prepayment': 'FULL', 'nonrefundable': 1, 'cancellation_period': 0, 'cancellation_fee': 'FIRST', 'breakfast': 0, 'base_price': 8800, 'prices': [8800], 'price': 8800, 'old_price': 8800, 'currency': 'RUB', 'payment_amount': 8800, 'extras_variants': [], 'extras': [], 'rate_id': 27299, 'deals': [], 'cancellation_type': 'nonrefundable', 'credit_card': 1, 'bonus': 440, 'miles': 528, 'min_stay': 1, 'platichastyami': 0, 'mircashback': 880}, {'id': 684169, 'capacity': 4, 'prepayment': 'FULL', 'nonrefundable': 1, 'cancellation_period': 0, 'cancellation_fee': 'FIRST', 'breakfast': 0, 'base_price': 8800, 'prices': [8800], 'price': 8800, 'old_price': 8800, 'currency': 'RUB', 'payment_amount': 8800, 'extras_variants': [], 'extras': [], 'rate_id': 27299, 'deals': [], 'cancellation_type': 'nonrefundable', 'credit_card': 1, 'bonus': 440, 'miles': 528, 'min_stay': 1, 'platichastyami': 0, 'mircashback': 880}, {'id': 684170, 'capacity': 5, 'prepayment': 'FULL', 'nonrefundable': 1, 'cancellation_period': 0, 'cancellation_fee': 'FIRST', 'breakfast': 0, 'base_price': 8800, 'prices': [8800], 'price': 8800, 'old_price': 8800, 'currency': 'RUB', 'payment_amount': 8800, 'extras_variants': [], 'extras': [], 'rate_id': 27299, 'deals': [], 'cancellation_type': 'nonrefundable', 'credit_card': 1, 'bonus': 440, 'miles': 528, 'min_stay': 1, 'platichastyami': 0, 'mircashback': 880}]",8800.0,528,6855_101hotels,2026-08-15
2271860,,Номер первой категории Стандарт улучшенный с 1 кроватью,2,2,0,1,Двухместный,2,3,[{'double': 1}],"[{'id': '22098', 'number': '1', 'min_age': '0', 'max_age': '7', 'is_extra_bed': '1', 'extra_bed_type_id': '1'}, {'id': '22099', 'number': '1', 'min_age': '0', 'max_age': '7', 'is_extra_bed': '1', 'extra_bed_type_id': '2'}]","[{'id': 770736, 'capacity': 1, 'prepayment': 'FULL', 'nonrefundable': 0, 'cancellation_period': 1, 'cancellation_fee': 'FIRST', 'breakfast': 0, 'base_price': 7000, 'prices': [7000], 'price': 7000, 'old_price': 0, 'currency': 'RUB', 'payment_amount': 7000, 'extras_variants': [], 'extras': {'22098': {'id': 22098, 'number': 1, 'extra_bed_type_id': 1, 'age': [0, 7], 'extra_bed': 1, 'free': 1}, '22099': {'id': 22099, 'number': 1, 'extra_bed_type_id': 2, 'age': [0, 7], 'extra_bed': 1, 'free': 1}}, 'rate_id': 18577, 'deals': [], 'cancellation_type': 'special', 'credit_card': 1, 'bonus': 350, 'miles': 420, 'min_stay': 1, 'platichastyami': 0, 'mircashback': 700}, {'id': 770734, 'capacity': 1, 'prepayment': 'FULL', 'nonrefundable': 0, 'cancellation_period': 1, 'cancellation_fee': 'FIRST', 'breakfast': 1, 'base_price': 8200, 'prices': [8200], 'price': 8200, 'old_price': 0, 'currency': 'RUB', 'payment_amount': 8200, 'extras_variants': [], 'extras': {'22098': {'id': 22098, 'number': 1, 'extra_bed_type_id': 1, 'age': [0, 7], 'extra_bed': 1, 'free': 1}, '22099': {'id': 22099, 'number': 1, 'extra_bed_type_id': 2, 'age': [0, 7], 'extra_bed': 1, 'free': 1}}, 'rate_id': 18576, 'deals': [], 'cancellation_type': 'special', 'credit_card': 1, 'bonus': 410, 'miles': 492, 'min_stay': 1, 'platichastyami': 0, 'mircashback': 820}, {'id': 770737, 'capacity': 2, 'prepayment': 'FULL', 'nonrefundable': 0, 'cancellation_period': 1, 'cancellation_fee': 'FIRST', 'breakfast': 0, 'base_price': 7000, 'prices': [7000], 'price': 7000, 'old_price': 0, 'currency': 'RUB', 'payment_amount': 7000, 'extras_variants': [], 'extras': {'22098': {'id': 22098, 'number': 1, 'extra_bed_type_id': 1, 'age': [0, 7], 'extra_bed': 1, 'free': 1}, '22099': {'id': 22099, 'number': 1, 'extra_bed_type_id': 2, 'age': [0, 7], 'extra_bed': 1, 'free': 1}}, 'rate_id': 18577, 'deals': [], 'cancellation_type': 'special', 'credit_card': 1, 'bonus': 350, 'miles': 420, 'min_stay': 1, 'platichastyami': 0, 'mircashback': 700}, {'id': 770735, 'capacity': 2, 'prepayment': 'FULL', 'nonrefundable': 0, 'cancellation_period': 1, 'cancellation_fee': 'FIRST', 'breakfast': 1, 'base_price': 8200, 'prices': [8200], 'price': 8200, 'old_price': 0, 'currency': 'RUB', 'payment_amount': 8200, 'extras_variants': [], 'extras': {'22098': {'id': 22098, 'number': 1, 'extra_bed_type_id': 1, 'age': [0, 7], 'extra_bed': 1, 'free': 1}, '22099': {'id': 22099, 'number': 1, 'extra_bed_type_id': 2, 'age': [0, 7], 'extra_bed': 1, 'free': 1}}, 'rate_id': 18576, 'deals': [], 'cancellation_type': 'special', 'credit_card': 1, 'bonus': 410, 'miles': 492, 'min_stay': 1, 'platichastyami': 0, 'mircashback': 820}]",7000.0,420,8802_101hotels,2026-08-15
2271863,,Джуниор Сюит Семейный 2х комнатный,3,2,0,1,Трехместный,37,1,"[{'single': 1, 'double': 1}]","[{'id': '9153', 'number': '2', 'min_age': '0', 'max_age': '7', 'is_extra_bed': '1', 'extra_bed_type_id': '2'}]","[{'id': 770770, 'capacity': 1, 'prepayment': 'FULL', 'nonrefundable': 0, 'cancellation_period': 1, 'cancellation_fee': 'FIRST', 'breakfast': 0, 'base_price': 9000, 'prices': [9000], 'price': 9000, 'old_price': 0, 'currency': 'RUB', 'payment_amount': 9000, 'extras_variants': [], 'extras': {'9153': {'id': 9153, 'number': 2, 'extra_bed_type_id': 2, 'age': [0, 7], 'extra_bed': 1, 'free': 1}}, 'rate_id': 18577, 'deals': [], 'cancellation_type': 'special', 'credit_card': 1, 'bonus': 450, 'miles': 540, 'min_stay': 1, 'platichastyami': 0, 'mircashback': 900}, {'id': 770767, 'capacity': 1, 'prepayment': 'FULL', 'nonrefundable': 0, 'cancellation_period': 1, 'cancellation_fee': 'FIRST', 'breakfast': 1, 'base_price': 10800, 'prices': [10800], 'price': 10800, 'old_price': 0, 'currency': 'RUB', 'payment_amount': 10800, 'extras_variants': [], 'extras': {'9153': {'id': 9153, 'number': 2, 'extra_bed_type_id': 2, 'age': [0, 7], 'extra_bed': 1, 'free': 1}}, 'rate_id': 18576, 'deals': [], 'cancellation_type': 'special', 'credit_card': 1, 'bonus': 540, 'miles': 648, 'min_stay': 1, 'platichastyami': 0, 'mircashback': 1080}, {'id': 770771, 'capacity': 2, 'prepayment': 'FULL', 'nonrefundable': 0, 'cancellation_period': 1, 'cancellation_fee': 'FIRST', 'breakfast': 0, 'base_price': 9000, 'prices': [9000], 'price': 9000, 'old_price': 0, 'currency': 'RUB', 'payment_amount': 9000, 'extras_variants': [], 'extras': {'9153': {'id': 9153, 'number': 2, 'extra_bed_type_id': 2, 'age': [0, 7], 'extra_bed': 1, 'free': 1}}, 'rate_id': 18577, 'deals': [], 'cancellation_type': 'special', 'credit_card': 1, 'bonus': 450, 'miles': 540, 'min_stay': 1, 'platichastyami': 0, 'mircashback': 900}, {'id': 770768, 'capacity': 2, 'prepayment': 'FULL', 'nonrefundable': 0, 'cancellation_period': 1, 'cancellation_fee': 'FIRST', 'breakfast': 1, 'base_price': 10800, 'prices': [10800], 'price': 10800, 'old_price': 0, 'currency': 'RUB', 'payment_amount': 10800, 'extras_variants': [], 'extras': {'9153': {'id': 9153, 'number': 2, 'extra_bed_type_id': 2, 'age': [0, 7], 'extra_bed': 1, 'free': 1}}, 'rate_id': 18576, 'deals': [], 'cancellation_type': 'special', 'credit_card': 1, 'bonus': 540, 'miles': 648, 'min_stay': 1, 'platichastyami': 0, 'mircashback': 1080}, {'id': 770772, 'capacity': 3, 'prepayment': 'FULL', 'nonrefundable': 0, 'cancellation_period': 1, 'cancellation_fee': 'FIRST', 'breakfast': 0, 'base_price': 9000, 'prices': [9000], 'price': 9000, 'old_price': 0, 'currency': 'RUB', 'payment_amount': 9000, 'extras_variants': [], 'extras': {'9153': {'id': 9153, 'number': 2, 'extra_bed_type_id': 2, 'age': [0, 7], 'extra_bed': 1, 'free': 1}}, 'rate_id': 18577, 'deals': [], 'cancellation_type': 'special', 'credit_card': 1, 'bonus': 450, 'miles': 540, 'min_stay': 1, 'platichastyami': 0, 'mircashback': 900}, {'id': 770769, 'capacity': 3, 'prepayment': 'FULL', 'nonrefundable': 0, 'cancellation_period': 1, 'cancellation_fee': 'FIRST', 'breakfast': 1, 'base_price': 10800, 'prices': [10800], 'price': 10800, 'old_price': 0, 'currency': 'RUB', 'payment_amount': 10800, 'extras_variants': [], 'extras': {'9153': {'id': 9153, 'number': 2, 'extra_bed_type_id': 2, 'age': [0, 7], 'extra_bed': 1, 'free': 1}}, 'rate_id': 18576, 'deals': [], 'cancellation_type': 'special', 'credit_card': 1, 'bonus': 540, 'miles': 648, 'min_stay': 1, 'platichastyami': 0, 'mircashback': 1080}]",9000.0,540,8802_101hotels,2026-08-15
2271865,,Джуниор сюит Семейный 1 комнатный,2,2,0,1,Двухместный,2,1,[{'double': 1}],"[{'id': '22097', 'number': '2', 'min_age': '0', 'max_age': '7', 'is_extra_bed': '1', 'extra_bed_type_id': '2'}]","[{'id': 770775, 'capacity': 1, 'prepayment': 'FULL', 'nonrefundable': 0, 'cancellation_period': 1, 'cancellation_fee': 'FIRST', 'breakfast': 0, 'base_price': 9000, 'prices': [9000], 'price': 9000, 'old_price': 0, 'currency': 'RUB', 'payment_amount': 9000, 'extras_variants': [], 'extras': {'22097': {'id': 22097, 'number': 2, 'extra_bed_type_id': 2, 'age': [0, 7], 'extra_bed': 1, 'free': 1}}, 'rate_id': 18577, 'deals': [], 'cancellation_type': 'special', 'credit_card': 1, 'bonus': 450, 'miles': 540, 'min_stay': 1, 'platichastyami': 0, 'mircashback': 900}, {'id': 770773, 'capacity': 1, 'prepayment': 'FULL', 'nonrefundable': 0, 'cancellation_period': 1, 'cancellation_fee': 'FIRST', 'breakfast': 1, 'base_price': 10800, 'prices': [10800], 'price': 10800, 'old_price': 0, 'currency': 'RUB', 'payment_amount': 10800, 'extras_variants': [], 'extras': {'22097': {'id': 22097, 'number': 2, 'extra_bed_type_id': 2, 'age': [0, 7], 'extra_bed': 1, 'free': 1}}, 'rate_id': 18576, 'deals': [], 'cancellation_type': 'special', 'credit_card': 1, 'bonus': 540, 'miles': 648, 'min_stay': 1, 'platichastyami': 0, 'mircashback': 1080}, {'id': 770776, 'capacity': 2, 'prepayment': 'FULL', 'nonrefundable': 0, 'cancellation_period': 1, 'cancellation_fee': 'FIRST', 'breakfast': 0, 'base_price': 9000, 'prices': [9000], 'price': 9000, 'old_price': 0, 'currency': 'RUB', 'payment_amount': 9000, 'extras_variants': [], 'extras': {'22097': {'id': 22097, 'number': 2, 'extra_bed_type_id': 2, 'age': [0, 7], 'extra_bed': 1, 'free': 1}}, 'rate_id': 18577, 'deals': [], 'cancellation_type': 'special', 'credit_card': 1, 'bonus': 450, 'miles': 540, 'min_stay': 1, 'platichastyami': 0, 'mircashback': 900}, {'id': 770774, 'capacity': 2, 'prepayment': 'FULL', 'nonrefundable': 0, 'cancellation_period': 1, 'cancellation_fee': 'FIRST', 'breakfast': 1, 'base_price': 10800, 'prices': [10800], 'price': 10800, 'old_price': 0, 'currency': 'RUB', 'payment_amount': 10800, 'extras_variants': [], 'extras': {'22097': {'id': 22097, 'number': 2, 'extra_bed_type_id': 2, 'age': [0, 7], 'extra_bed': 1, 'free': 1}}, 'rate_id': 18576, 'deals': [], 'cancellation_type': 'special', 'credit_card': 1, 'bonus': 540, 'miles': 648, 'min_stay': 1, 'platichastyami': 0, 'mircashback': 1080}]",9000.0,540,8802_101hotels,2026-08-15
129464,,Стандартный двухместный номер с 1 кроватью,2,0,0,1,Двухместный,2,3,[{'double': 1}],[],"[{'id': 1181853, 'capacity': 1, 'prepayment': 'NO', 'nonrefundable': 0, 'cancellation_period': 0, 'cancellation_fee': 'NO', 'breakfast': 0, 'base_price': 3500, 'prices': [3500], 'price': 3500, 'old_price': 3500, 'currency': 'RUB', 'payment_amount': 0, 'extras_variants': [], 'extras': [], 'rate_id': 60237, 'deals': [], 'cancellation_type': 'free', 'credit_card': 0, 'bonus': 175, 'miles': 210, 'min_stay': 1, 'platichastyami': 0, 'mircashback': 350}, {'id': 1181854, 'capacity': 2, 'prepayment': 'NO', 'nonrefundable': 0, 'cancellation_period': 0, 'cancellation_fee': 'NO', 'breakfast': 0, 'base_price': 3500, 'prices': [3500], 'price': 3500, 'old_price': 3500, 'currency': 'RUB', 'payment_amount': 0, 'extras_variants': [], 'extras': [], 'rate_id': 60237, 'deals': [], 'cancellation_type': 'free', 'credit_card': 0, 'bonus': 175, 'miles': 210, 'min_stay': 1, 'platichastyami': 0, 'mircashback': 350}, {'id': '1181853P', 'capacity': 1, 'prepayment': 'FULL', 'nonrefundable': 0, 'cancellation_period': 0, 'cancellation_fee': 'NO', 'breakfast': 0, 'base_price': 3500, 'prices': [3500], 'price': 3500, 'old_price': 3500, 'currency': 'RUB', 'payment_amount': 3500, 'extras_variants': [], 'extras': [], 'rate_id': 60237, 'deals': [], 'cancellation_type': 'free', 'credit_card': 0, 'bonus': 175, 'miles': 210, 'min_stay': 1, 'platichastyami': 0, 'mircashback': 350}, {'id': '1181854P', 'capacity': 2, 'prepayment': 'FULL', 'nonrefundable': 0, 'cancellation_period': 0, 'cancellation_fee': 'NO', 'breakfast': 0, 'base_price': 3500, 'prices': [3500], 'price': 3500, 'old_price': 3500, 'currency': 'RUB', 'payment_amount': 3500, 'extras_variants': [], 'extras': [], 'rate_id': 60237, 'deals': [], 'cancellation_type': 'free', 'credit_card': 0, 'bonus': 175, 'miles': 210, 'min_stay': 1, 'platichastyami': 0, 'mircashback': 350}]",3500.0,210,30831_101hotels,2026-08-15
350966,,,2,1,0,1,Полулюкс,4,1,[{'double': 1}],[],"[{'id': 667114, 'capacity': 1, 'prepayment': 'FIRST', 'nonrefundable': 0, 'cancellation_period': 1, 'cancellation_fee': 'FIRST', 'breakfast': 0, 'base_price': 5450, 'prices': [5450], 'price': 5450, 'old_price': 5450, 'currency': 'RUB', 'payment_amount': 5450, 'extras_variants': [], 'extras': [], 'rate_id': 26114, 'deals': [], 'cancellation_type': 'special', 'credit_card': 1, 'bonus': 273, 'miles': 327, 'min_stay': 1, 'platichastyami': 0, 'mircashback': 545}, {'id': 667118, 'capacity': 1, 'prepayment': 'FIRST', 'nonrefundable': 0, 'cancellation_period': 1, 'cancellation_fee': 'FIRST', 'breakfast': 1, 'base_price': 5950, 'prices': [5950], 'price': 5950, 'old_price': 5950, 'currency': 'RUB', 'payment_amount': 5950, 'extras_variants': [], 'extras': [], 'rate_id': 26115, 'deals': [], 'cancellation_type': 'special', 'credit_card': 1, 'bonus': 298, 'miles': 357, 'min_stay': 1, 'platichastyami': 0, 'mircashback': 595}, {'id': 667122, 'capacity': 1, 'prepayment': 'FIRST', 'nonrefundable': 0, 'cancellation_period': 1, 'cancellation_fee': 'FIRST', 'breakfast': 2, 'base_price': 8160, 'prices': [8160], 'price': 8160, 'old_price': 8160, 'currency': 'RUB', 'payment_amount': 8160, 'extras_variants': [], 'extras': [], 'rate_id': 26116, 'deals': [], 'cancellation_type': 'special', 'credit_card': 1, 'bonus': 408, 'miles': 489, 'min_stay': 1, 'platichastyami': 0, 'mircashback': 816}, {'id': 667115, 'capacity': 2, 'prepayment': 'FIRST', 'nonrefundable': 0, 'cancellation_period': 1, 'cancellation_fee': 'FIRST', 'breakfast': 0, 'base_price': 6500, 'prices': [6500], 'price': 6500, 'old_price': 6500, 'currency': 'RUB', 'payment_amount': 6500, 'extras_variants': [], 'extras': [], 'rate_id': 26114, 'deals': [], 'cancellation_type': 'special', 'credit_card': 1, 'bonus': 325, 'miles': 390, 'min_stay': 1, 'platichastyami': 0, 'mircashback': 650}, {'id': 667119, 'capacity': 2, 'prepayment': 'FIRST', 'nonrefundable': 0, 'cancellation_period': 1, 'cancellation_fee': 'FIRST', 'breakfast': 1, 'base_price': 7900, 'prices': [7900], 'price': 7900, 'old_price': 7900, 'currency': 'RUB', 'payment_amount': 7900, 'extras_variants': [], 'extras': [], 'rate_id': 26115, 'deals': [], 'cancellation_type': 'special', 'credit_card': 1, 'bonus': 395, 'miles': 474, 'min_stay': 1, 'platichastyami': 0, 'mircashback': 790}, {'id': 667123, 'capacity': 2, 'prepayment': 'FIRST', 'nonrefundable': 0, 'cancellation_period': 1, 'cancellation_fee': 'FIRST', 'breakfast': 2, 'base_price': 10240, 'prices': [10240], 'price': 10240, 'old_price': 10240, 'currency': 'RUB', 'payment_amount': 10240, 'extras_variants': [], 'extras': [], 'rate_id': 26116, 'deals': [], 'cancellation_type': 'special', 'credit_card': 1, 'bonus': 512, 'miles': 612, 'min_stay': 1, 'platichastyami': 0, 'mircashback': 1024}]",5450.0,327,100517_101hotels,2026-08-15
350973,,"Стандарт, Double/Twin",2,1,0,1,Двухместный,2,16,"[{'single': 2}, {'double': 1}]",[],"[{'id': 667112, 'capacity': 1, 'prepayment': 'FIRST', 'nonrefundable': 0, 'cancellation_period': 1, 'cancellation_fee': 'FIRST', 'breakfast': 0, 'base_price': 4500, 'prices': [4500], 'price': 4500, 'old_price': 4500, 'currency': 'RUB', 'payment_amount': 4500, 'extras_variants': [], 'extras': [], 'rate_id': 26114, 'deals': [], 'cancellation_type': 'special', 'credit_card': 1, 'bonus': 225, 'miles': 270, 'min_stay': 1, 'platichastyami': 0, 'mircashback': 450}, {'id': 667116, 'capacity': 1, 'prepayment': 'FIRST', 'nonrefundable': 0, 'cancellation_period': 1, 'cancellation_fee': 'FIRST', 'breakfast': 1, 'base_price': 4900, 'prices': [4900], 'price': 4900, 'old_price': 4900, 'currency': 'RUB', 'payment_amount': 4900, 'extras_variants': [], 'extras': [], 'rate_id': 26115, 'deals': [], 'cancellation_type': 'special', 'credit_card': 1, 'bonus': 245, 'miles': 294, 'min_stay': 1, 'platichastyami': 0, 'mircashback': 490}, {'id': 667120, 'capacity': 1, 'prepayment': 'FIRST', 'nonrefundable': 0, 'cancellation_period': 1, 'cancellation_fee': 'FIRST', 'breakfast': 2, 'base_price': 6160, 'prices': [6160], 'price': 6160, 'old_price': 6160, 'currency': 'RUB', 'payment_amount': 6160, 'extras_variants': [], 'extras': [], 'rate_id': 26116, 'deals': [], 'cancellation_type': 'special', 'credit_card': 1, 'bonus': 308, 'miles': 369, 'min_stay': 1, 'platichastyami': 0, 'mircashback': 616}, {'id': 667113, 'capacity': 2, 'prepayment': 'FIRST', 'nonrefundable': 0, 'cancellation_period': 1, 'cancellation_fee': 'FIRST', 'breakfast': 0, 'base_price': 5500, 'prices': [5500], 'price': 5500, 'old_price': 5500, 'currency': 'RUB', 'payment_amount': 5500, 'extras_variants': [], 'extras': [], 'rate_id': 26114, 'deals': [], 'cancellation_type': 'special', 'credit_card': 1, 'bonus': 275, 'miles': 330, 'min_stay': 1, 'platichastyami': 0, 'mircashback': 550}, {'id': 667117, 'capacity': 2, 'prepayment': 'FIRST', 'nonrefundable': 0, 'cancellation_period': 1, 'cancellation_fee': 'FIRST', 'breakfast': 1, 'base_price': 5900, 'prices': [5900], 'price': 5900, 'old_price': 5900, 'currency': 'RUB', 'payment_amount': 5900, 'extras_variants': [], 'extras': [], 'rate_id': 26115, 'deals': [], 'cancellation_type': 'special', 'credit_card': 1, 'bonus': 295, 'miles': 354, 'min_stay': 1, 'platichastyami': 0, 'mircashback': 590}, {'id': 667121, 'capacity': 2, 'prepayment': 'FIRST', 'nonrefundable': 0, 'cancellation_period': 1, 'cancellation_fee': 'FIRST', 'breakfast': 2, 'base_price': 8240, 'prices': [8240], 'price': 8240, 'old_price': 8240, 'currency': 'RUB', 'payment_amount': 8240, 'extras_variants': [], 'extras': [], 'rate_id': 26116, 'deals': [], 'cancellation_type': 'special', 'credit_card': 1, 'bonus': 412, 'miles': 492, 'min_stay': 1, 'platichastyami': 0, 'mircashback': 824}]",4500.0,270,100517_101hotels,2026-08-15
2240036,,Стандарт,2,0,0,1,Двухместный,2,2,[{'single': 2}],[],"[{'id': 1132768, 'capacity': 1, 'prepayment': 'FULL', 'nonrefundable': 0, 'cancellation_period': 2, 'cancellation_fee': 'FIRST', 'breakfast': 0, 'base_price': 3500, 'prices': [3500], 'price': 3500, 'old_price': 3500, 'currency': 'RUB', 'payment_amount': 3500, 'extras_variants': [], 'extras': [], 'rate_id': 56994, 'deals': [], 'cancellation_type': 'special', 'credit_card': 1, 'bonus': 175, 'miles': 210, 'min_stay': 1, 'platichastyami': 0, 'mircashback': 350}, {'id': 1132769, 'capacity': 2, 'prepayment': 'FULL', 'nonrefundable': 0, 'cancellation_period': 2, 'cancellation_fee': 'FIRST', 'breakfast': 0, 'base_price': 3500, 'prices': [3500], 'price': 3500, 'old_price': 3500, 'currency': 'RUB', 'payment_amount': 3500, 'extras_variants': [], 'extras': [], 'rate_id': 56994, 'deals': [], 'cancellation_type': 'special', 'credit_card': 1, 'bonus': 175, 'miles': 210, 'min_stay': 1, 'platichastyami': 0, 'mircashback': 350}]",3500.0,210,655480_101hotels,2026-08-15
2310529,,Улучшенный,2,1,0,1,Двухместный,2,3,[{'double': 1}],"[{'id': '33530', 'number': '1', 'min_age': '0', 'max_age': '5', 'is_extra_bed': '0', 'extra_bed_type_id': '0'}]","[{'id': 1132772, 'capacity': 1, 'prepayment': 'FULL', 'nonrefundable': 0, 'cancellation_period': 2, 'cancellation_fee': 'FIRST', 'breakfast': 0, 'base_price': 3900, 'prices': [3900], 'price': 3900, 'old_price': 3900, 'currency': 'RUB', 'payment_amount': 3900, 'extras_variants': [], 'extras': {'33530': {'id': 33530, 'number': 1, 'extra_bed_type_id': 0, 'age': [0, 5], 'extra_bed': 0, 'free': 1}}, 'rate_id': 56994, 'deals': [], 'cancellation_type': 'special', 'credit_card': 1, 'bonus': 195, 'miles': 234, 'min_stay': 1, 'platichastyami': 0, 'mircashback': 390}, {'id': 1132773, 'capacity': 2, 'prepayment': 'FULL', 'nonrefundable': 0, 'cancellation_period': 2, 'cancellation_fee': 'FIRST', 'breakfast': 0, 'base_price': 3900, 'prices': [3900], 'price': 3900, 'old_price': 3900, 'currency': 'RUB', 'payment_amount': 3900, 'extras_variants': [], 'extras': {'33530': {'id': 33530, 'number': 1, 'extra_bed_type_id': 0, 'age': [0, 5], 'extra_bed': 0, 'free': 1}}, 'rate_id': 56994, 'deals': [], 'cancellation_type': 'special', 'credit_card': 1, 'bonus': 195, 'miles': 234, 'min_stay': 1, 'platichastyami': 0, 'mircashback': 390}]",3900.0,234,655480_101hotels,2026-08-15
2310530,,Семейный,3,0,0,1,Трёхместный и более,3,1,[{'single': 3}],"[{'id': '35273', 'number': '1', 'min_age': '0', 'max_age': '5', 'is_extra_bed': '0', 'extra_bed_type_id': '0'}]","[{'id': 1132791, 'capacity': 1, 'prepayment': 'FULL', 'nonrefundable': 0, 'cancellation_period': 2, 'cancellation_fee': 'FIRST', 'breakfast': 0, 'base_price': 4300, 'prices': [4300], 'price': 4300, 'old_price': 4300, 'currency': 'RUB', 'payment_amount': 4300, 'extras_variants': [], 'extras': {'35273': {'id': 35273, 'number': 1, 'extra_bed_type_id': 0, 'age': [0, 5], 'extra_bed': 0, 'free': 1}}, 'rate_id': 56994, 'deals': [], 'cancellation_type': 'special', 'credit_card': 1, 'bonus': 215, 'miles': 258, 'min_stay': 1, 'platichastyami': 0, 'mircashback': 430}, {'id': 1132792, 'capacity': 2, 'prepayment': 'FULL', 'nonrefundable': 0, 'cancellation_period': 2, 'cancellation_fee': 'FIRST', 'breakfast': 0, 'base_price': 4300, 'prices': [4300], 'price': 4300, 'old_price': 4300, 'currency': 'RUB', 'payment_amount': 4300, 'extras_variants': [], 'extras': {'35273': {'id': 35273, 'number': 1, 'extra_bed_type_id': 0, 'age': [0, 5], 'extra_bed': 0, 'free': 1}}, 'rate_id': 56994, 'deals': [], 'cancellation_type': 'special', 'credit_card': 1, 'bonus': 215, 'miles': 258, 'min_stay': 1, 'platichastyami': 0, 'mircashback': 430}, {'id': 1132793, 'capacity': 3, 'prepayment': 'FULL', 'nonrefundable': 0, 'cancellation_period': 2, 'cancellation_fee': 'FIRST', 'breakfast': 0, 'base_price': 4300, 'prices': [4300], 'price': 4300, 'old_price': 4300, 'currency': 'RUB', 'payment_amount': 4300, 'extras_variants': [], 'extras': {'35273': {'id': 35273, 'number': 1, 'extra_bed_type_id': 0, 'age': [0, 5], 'extra_bed': 0, 'free': 1}}, 'rate_id': 56994, 'deals': [], 'cancellation_type': 'special', 'credit_card': 1, 'bonus': 215, 'miles': 258, 'min_stay': 1, 'platichastyami': 0, 'mircashback': 430}]",4300.0,258,655480_101hotels,2026-08-15
2279578,,Джуниор Сьют,2,1,0,1,Полулюкс,4,1,[{'double': 2}],"[{'id': '12801', 'number': '1', 'min_age': '0', 'max_age': '3', 'is_extra_bed': '1', 'extra_bed_type_id': '4'}, {'id': '12802', 'number': '1', 'min_age': '3', 'max_age': '18', 'is_extra_bed': '1', 'extra_bed_type_id': '3'}]","[{'id': 854433, 'capacity': 1, 'prepayment': 'NO', 'nonrefundable': 0, 'cancellation_period': 0, 'cancellation_fee': 'NO', 'breakfast': 1, 'base_price': 62000, 'prices': [62000], 'price': 62000, 'old_price': 62000, 'currency': 'RUB', 'payment_amount': 0, 'extras_variants': [], 'extras': {'12801': {'id': 12801, 'number': 1, 'extra_bed_type_id': 4, 'age': [0, 3], 'extra_bed': 1, 'free': 1}, '12802': {'id': 12802, 'number': 1, 'extra_bed_type_id': 3, 'age': [3, 18], 'extra_bed': 1, 'free': 1}}, 'rate_id': 38528, 'deals': [], 'cancellation_type': 'free', 'credit_card': 0, 'bonus': 3100, 'miles': 3720, 'min_stay': 1, 'platichastyami': 0, 'mircashback': 6200}, {'id': 854434, 'capacity': 2, 'prepayment': 'NO', 'nonrefundable': 0, 'cancellation_period': 0, 'cancellation_fee': 'NO', 'breakfast': 1, 'base_price': 69000, 'prices': [69000], 'price': 69000, 'old_price': 69000, 'currency': 'RUB', 'payment_amount': 0, 'extras_variants': [], 'extras': {'12801': {'id': 12801, 'number': 1, 'extra_bed_type_id': 4, 'age': [0, 3], 'extra_bed': 1, 'free': 1}, '12802': {'id': 12802, 'number': 1, 'extra_bed_type_id': 3, 'age': [3, 18], 'extra_bed': 1, 'free': 1}}, 'rate_id': 38528, 'deals': [], 'cancellation_type': 'free', 'credit_card': 0, 'bonus': 3450, 'miles': 4140, 'min_stay': 1, 'platichastyami': 0, 'mircashback': 6900}]",62000.0,3720,663295_101hotels,2026-08-15
2279586,,Президентский,2,1,0,1,Люкс,6,1,[{'double': 1}],"[{'id': '13052', 'number': '1', 'min_age': '0', 'max_age': '3', 'is_extra_bed': '1', 'extra_bed_type_id': '4'}]","[{'id': 854435, 'capacity': 1, 'prepayment': 'NO', 'nonrefundable': 0, 'cancellation_period': 0, 'cancellation_fee': 'NO', 'breakfast': 1, 'base_price': 200000, 'prices': [200000], 'price': 200000, 'old_price': 200000, 'currency': 'RUB', 'payment_amount': 0, 'extras_variants': [], 'extras': {'13052': {'id': 13052, 'number': 1, 'extra_bed_type_id': 4, 'age': [0, 3], 'extra_bed': 1, 'free': 1}}, 'rate_id': 38528, 'deals': [], 'cancellation_type': 'free', 'credit_card': 0, 'bonus': 10000, 'miles': 6000, 'min_stay': 1, 'platichastyami': 0, 'mircashback': 10000}, {'id': 854436, 'capacity': 2, 'prepayment': 'NO', 'nonrefundable': 0, 'cancellation_period': 0, 'cancellation_fee': 'NO', 'breakfast': 1, 'base_price': 215000, 'prices': [215000], 'price': 215000, 'old_price': 215000, 'currency': 'RUB', 'payment_amount': 0, 'extras_variants': [], 'extras': {'13052': {'id': 13052, 'number': 1, 'extra_bed_type_id': 4, 'age': [0, 3], 'extra_bed': 1, 'free': 1}}, 'rate_id': 38528, 'deals': [], 'cancellation_type': 'free', 'credit_card': 0, 'bonus': 10750, 'miles': 6000, 'min_stay': 1, 'platichastyami': 0, 'mircashback': 10000}]",200000.0,6000,663295_101hotels,2026-08-15
2286155,,Супериор Классик,2,0,0,1,Двухместный,2,3,"[{'single': 2}, {'double': 1}]",[],"[{'id': 922849, 'capacity': 1, 'prepayment': 'NO', 'nonrefundable': 0, 'cancellation_period': 0, 'cancellation_fee': 'NO', 'breakfast': 1, 'base_price': 46000, 'prices': [46000], 'price': 46000, 'old_price': 46000, 'currency': 'RUB', 'payment_amount': 0, 'extras_variants': [], 'extras': [], 'rate_id': 38528, 'deals': [], 'cancellation_type': 'free', 'credit_card': 0, 'bonus': 2300, 'miles': 2760, 'min_stay': 1, 'platichastyami': 0, 'mircashback': 4600}, {'id': 922850, 'capacity': 2, 'prepayment': 'NO', 'nonrefundable': 0, 'cancellation_period': 0, 'cancellation_fee': 'NO', 'breakfast': 1, 'base_price': 53000, 'prices': [53000], 'price': 53000, 'old_price': 53000, 'currency': 'RUB', 'payment_amount': 0, 'extras_variants': [], 'extras': [], 'rate_id': 38528, 'deals': [], 'cancellation_type': 'free', 'credit_card': 0, 'bonus': 2650, 'miles': 3180, 'min_stay': 1, 'platichastyami': 0, 'mircashback': 5300}]",46000.0,2760,663295_101hotels,2026-08-15
2286156,,Супериор Модерн,2,0,0,1,Двухместный,2,7,[{'double': 1}],[],"[{'id': 922853, 'capacity': 1, 'prepayment': 'NO', 'nonrefundable': 0, 'cancellation_period': 0, 'cancellation_fee': 'NO', 'breakfast': 1, 'base_price': 46000, 'prices': [46000], 'price': 46000, 'old_price': 46000, 'currency': 'RUB', 'payment_amount': 0, 'extras_variants': [], 'extras': [], 'rate_id': 38528, 'deals': [], 'cancellation_type': 'free', 'credit_card': 0, 'bonus': 2300, 'miles': 2760, 'min_stay': 1, 'platichastyami': 0, 'mircashback': 4600}, {'id': 922854, 'capacity': 2, 'prepayment': 'NO', 'nonrefundable': 0, 'cancellation_period': 0, 'cancellation_fee': 'NO', 'breakfast': 1, 'base_price': 53000, 'prices': [53000], 'price': 53000, 'old_price': 53000, 'currency': 'RUB', 'payment_amount': 0, 'extras_variants': [], 'extras': [], 'rate_id': 38528, 'deals': [], 'cancellation_type': 'free', 'credit_card': 0, 'bonus': 2650, 'miles': 3180, 'min_stay': 1, 'platichastyami': 0, 'mircashback': 5300}]",46000.0,2760,663295_101hotels,2026-08-15
2286157,,Супериор Нордик,2,0,0,1,Двухместный,2,5,"[{'single': 2}, {'double': 1}]",[],"[{'id': 922856, 'capacity': 1, 'prepayment': 'NO', 'nonrefundable': 0, 'cancellation_period': 0, 'cancellation_fee': 'NO', 'breakfast': 1, 'base_price': 46000, 'prices': [46000], 'price': 46000, 'old_price': 46000, 'currency': 'RUB', 'payment_amount': 0, 'extras_variants': [], 'extras': [], 'rate_id': 38528, 'deals': [], 'cancellation_type': 'free', 'credit_card': 0, 'bonus': 2300, 'miles': 2760, 'min_stay': 1, 'platichastyami': 0, 'mircashback': 4600}, {'id': 922857, 'capacity': 2, 'prepayment': 'NO', 'nonrefundable': 0, 'cancellation_period': 0, 'cancellation_fee': 'NO', 'breakfast': 1, 'base_price': 53000, 'prices': [53000], 'price': 53000, 'old_price': 53000, 'currency': 'RUB', 'payment_amount': 0, 'extras_variants': [], 'extras': [], 'rate_id': 38528, 'deals': [], 'cancellation_type': 'free', 'credit_card': 0, 'bonus': 2650, 'miles': 3180, 'min_stay': 1, 'platichastyami': 0, 'mircashback': 5300}]",46000.0,2760,663295_101hotels,2026-08-15
2286163,,Делюкс Модерн,2,1,0,1,Двухместный,2,3,[{'double': 1}],[],"[{'id': 922924, 'capacity': 1, 'prepayment': 'NO', 'nonrefundable': 0, 'cancellation_period': 0, 'cancellation_fee': 'NO', 'breakfast': 1, 'base_price': 50000, 'prices': [50000], 'price': 50000, 'old_price': 50000, 'currency': 'RUB', 'payment_amount': 0, 'extras_variants': [], 'extras': [], 'rate_id': 38528, 'deals': [], 'cancellation_type': 'free', 'credit_card': 0, 'bonus': 2500, 'miles': 3000, 'min_stay': 1, 'platichastyami': 0, 'mircashback': 5000}, {'id': 922925, 'capacity': 2, 'prepayment': 'NO', 'nonrefundable': 0, 'cancellation_period': 0, 'cancellation_fee': 'NO', 'breakfast': 1, 'base_price': 57000, 'prices': [57000], 'price': 57000, 'old_price': 57000, 'currency': 'RUB', 'payment_amount': 0, 'extras_variants': [], 'extras': [], 'rate_id': 38528, 'deals': [], 'cancellation_type': 'free', 'credit_card': 0, 'bonus': 2850, 'miles': 3420, 'min_stay': 1, 'platichastyami': 0, 'mircashback': 5700}]",50000.0,3000,663295_101hotels,2026-08-15
2286164,,Делюкс Нордик,2,1,0,1,Двухместный,2,1,[{'double': 2}],[],"[{'id': 922922, 'capacity': 1, 'prepayment': 'NO', 'nonrefundable': 0, 'cancellation_period': 0, 'cancellation_fee': 'NO', 'breakfast': 1, 'base_price': 50000, 'prices': [50000], 'price': 50000, 'old_price': 50000, 'currency': 'RUB', 'payment_amount': 0, 'extras_variants': [], 'extras': [], 'rate_id': 38528, 'deals': [], 'cancellation_type': 'free', 'credit_card': 0, 'bonus': 2500, 'miles': 3000, 'min_stay': 1, 'platichastyami': 0, 'mircashback': 5000}, {'id': 922923, 'capacity': 2, 'prepayment': 'NO', 'nonrefundable': 0, 'cancellation_period': 0, 'cancellation_fee': 'NO', 'breakfast': 1, 'base_price': 57000, 'prices': [57000], 'price': 57000, 'old_price': 57000, 'currency': 'RUB', 'payment_amount': 0, 'extras_variants': [], 'extras': [], 'rate_id': 38528, 'deals': [], 'cancellation_type': 'free', 'credit_card': 0, 'bonus': 2850, 'miles': 3420, 'min_stay': 1, 'platichastyami': 0, 'mircashback': 5700}]",50000.0,3000,663295_101hotels,2026-08-15
2295480,,Делюкс,2,0,0,1,Делюкс,29,4,[{'double': 1}],[],"[{'id': 1002429, 'capacity': 1, 'prepayment': 'NO', 'nonrefundable': 0, 'cancellation_period': 0, 'cancellation_fee': 'NO', 'breakfast': 1, 'base_price': 18000, 'prices': [18000], 'price': 18000, 'old_price': 18000, 'currency': 'RUB', 'payment_amount': 0, 'extras_variants': [], 'extras': [], 'rate_id': 48075, 'deals': [], 'cancellation_type': 'free', 'credit_card': 0, 'bonus': 900, 'miles': 1080, 'min_stay': 1, 'platichastyami': 0, 'mircashback': 1800}, {'id': 1002430, 'capacity': 2, 'prepayment': 'NO', 'nonrefundable': 0, 'cancellation_period': 0, 'cancellation_fee': 'NO', 'breakfast': 1, 'base_price': 18000, 'prices': [18000], 'price': 18000, 'old_price': 18000, 'currency': 'RUB', 'payment_amount': 0, 'extras_variants': [], 'extras': [], 'rate_id': 48075, 'deals': [], 'cancellation_type': 'free', 'credit_card': 0, 'bonus': 900, 'miles': 1080, 'min_stay': 1, 'platichastyami': 0, 'mircashback': 1800}, {'id': '1002429P', 'capacity': 1, 'prepayment': 'FULL', 'nonrefundable': 0, 'cancellation_period': 0, 'cancellation_fee': 'NO', 'breakfast': 1, 'base_price': 18000, 'prices': [18000], 'price': 18000, 'old_price': 18000, 'currency': 'RUB', 'payment_amount': 18000, 'extras_variants': [], 'extras': [], 'rate_id': 48075, 'deals': [], 'cancellation_type': 'free', 'credit_card': 0, 'bonus': 900, 'miles': 1080, 'min_stay': 1, 'platichastyami': 0, 'mircashback': 1800}, {'id': '1002430P', 'capacity': 2, 'prepayment': 'FULL', 'nonrefundable': 0, 'cancellation_period': 0, 'cancellation_fee': 'NO', 'breakfast': 1, 'base_price': 18000, 'prices': [18000], 'price': 18000, 'old_price': 18000, 'currency': 'RUB', 'payment_amount': 18000, 'extras_variants': [], 'extras': [], 'rate_id': 48075, 'deals': [], 'cancellation_type': 'free', 'credit_card': 0, 'bonus': 900, 'miles': 1080, 'min_stay': 1, 'platichastyami': 0, 'mircashback': 1800}]",18000.0,1080,672104_101hotels,2026-08-15
2295659,,Гранд Делюкс,2,1,0,1,Трехместный,37,13,[{'double': 1}],"[{'id': '19441', 'number': '1', 'min_age': '0', 'max_age': '5', 'is_extra_bed': '0', 'extra_bed_type_id': '0'}]","[{'id': 1003707, 'capacity': 1, 'prepayment': 'NO', 'nonrefundable': 0, 'cancellation_period': 0, 'cancellation_fee': 'NO', 'breakfast': 1, 'base_price': 21000, 'prices': [21000], 'price': 21000, 'old_price': 21000, 'currency': 'RUB', 'payment_amount': 0, 'extras_variants': [], 'extras': {'19441': {'id': 19441, 'number': 1, 'extra_bed_type_id': 0, 'age': [0, 5], 'extra_bed': 0, 'free': 1}}, 'rate_id': 48075, 'deals': [], 'cancellation_type': 'free', 'credit_card': 0, 'bonus': 1050, 'miles': 1260, 'min_stay': 1, 'platichastyami': 0, 'mircashback': 2100}, {'id': 1003708, 'capacity': 2, 'prepayment': 'NO', 'nonrefundable': 0, 'cancellation_period': 0, 'cancellation_fee': 'NO', 'breakfast': 1, 'base_price': 21000, 'prices': [21000], 'price': 21000, 'old_price': 21000, 'currency': 'RUB', 'payment_amount': 0, 'extras_variants': [], 'extras': {'19441': {'id': 19441, 'number': 1, 'extra_bed_type_id': 0, 'age': [0, 5], 'extra_bed': 0, 'free': 1}}, 'rate_id': 48075, 'deals': [], 'cancellation_type': 'free', 'credit_card': 0, 'bonus': 1050, 'miles': 1260, 'min_stay': 1, 'platichastyami': 0, 'mircashback': 2100}, {'id': '1003707P', 'capacity': 1, 'prepayment': 'FULL', 'nonrefundable': 0, 'cancellation_period': 0, 'cancellation_fee': 'NO', 'breakfast': 1, 'base_price': 21000, 'prices': [21000], 'price': 21000, 'old_price': 21000, 'currency': 'RUB', 'payment_amount': 21000, 'extras_variants': [], 'extras': {'19441': {'id': 19441, 'number': 1, 'extra_bed_type_id': 0, 'age': [0, 5], 'extra_bed': 0, 'free': 1}}, 'rate_id': 48075, 'deals': [], 'cancellation_type': 'free', 'credit_card': 0, 'bonus': 1050, 'miles': 1260, 'min_stay': 1, 'platichastyami': 0, 'mircashback': 2100}, {'id': '1003708P', 'capacity': 2, 'prepayment': 'FULL', 'nonrefundable': 0, 'cancellation_period': 0, 'cancellation_fee': 'NO', 'breakfast': 1, 'base_price': 21000, 'prices': [21000], 'price': 21000, 'old_price': 21000, 'currency': 'RUB', 'payment_amount': 21000, 'extras_variants': [], 'extras': {'19441': {'id': 19441, 'number': 1, 'extra_bed_type_id': 0, 'age': [0, 5], 'extra_bed': 0, 'free': 1}}, 'rate_id': 48075, 'deals': [], 'cancellation_type': 'free', 'credit_card': 0, 'bonus': 1050, 'miles': 1260, 'min_stay': 1, 'platichastyami': 0, 'mircashback': 2100}]",21000.0,1260,672104_101hotels,2026-08-15
2295661,,Премиум,2,1,0,1,Трехместный,37,3,[{'double': 1}],"[{'id': '19443', 'number': '1', 'min_age': '0', 'max_age': '5', 'is_extra_bed': '0', 'extra_bed_type_id': '0'}]","[{'id': 1003711, 'capacity': 1, 'prepayment': 'NO', 'nonrefundable': 0, 'cancellation_period': 0, 'cancellation_fee': 'NO', 'breakfast': 1, 'base_price': 26000, 'prices': [26000], 'price': 26000, 'old_price': 26000, 'currency': 'RUB', 'payment_amount': 0, 'extras_variants': [], 'extras': {'19443': {'id': 19443, 'number': 1, 'extra_bed_type_id': 0, 'age': [0, 5], 'extra_bed': 0, 'free': 1}}, 'rate_id': 48075, 'deals': [], 'cancellation_type': 'free', 'credit_card': 0, 'bonus': 1300, 'miles': 1560, 'min_stay': 1, 'platichastyami': 0, 'mircashback': 2600}, {'id': 1003712, 'capacity': 2, 'prepayment': 'NO', 'nonrefundable': 0, 'cancellation_period': 0, 'cancellation_fee': 'NO', 'breakfast': 1, 'base_price': 31000, 'prices': [31000], 'price': 31000, 'old_price': 31000, 'currency': 'RUB', 'payment_amount': 0, 'extras_variants': [], 'extras': {'19443': {'id': 19443, 'number': 1, 'extra_bed_type_id': 0, 'age': [0, 5], 'extra_bed': 0, 'free': 1}}, 'rate_id': 48075, 'deals': [], 'cancellation_type': 'free', 'credit_card': 0, 'bonus': 1550, 'miles': 1860, 'min_stay': 1, 'platichastyami': 0, 'mircashback': 3100}, {'id': '1003711P', 'capacity': 1, 'prepayment': 'FULL', 'nonrefundable': 0, 'cancellation_period': 0, 'cancellation_fee': 'NO', 'breakfast': 1, 'base_price': 26000, 'prices': [26000], 'price': 26000, 'old_price': 26000, 'currency': 'RUB', 'payment_amount': 26000, 'extras_variants': [], 'extras': {'19443': {'id': 19443, 'number': 1, 'extra_bed_type_id': 0, 'age': [0, 5], 'extra_bed': 0, 'free': 1}}, 'rate_id': 48075, 'deals': [], 'cancellation_type': 'free', 'credit_card': 0, 'bonus': 1300, 'miles': 1560, 'min_stay': 1, 'platichastyami': 0, 'mircashback': 2600}, {'id': '1003712P', 'capacity': 2, 'prepayment': 'FULL', 'nonrefundable': 0, 'cancellation_period': 0, 'cancellation_fee': 'NO', 'breakfast': 1, 'base_price': 31000, 'prices': [31000], 'price': 31000, 'old_price': 31000, 'currency': 'RUB', 'payment_amount': 31000, 'extras_variants': [], 'extras': {'19443': {'id': 19443, 'number': 1, 'extra_bed_type_id': 0, 'age': [0, 5], 'extra_bed': 0, 'free': 1}}, 'rate_id': 48075, 'deals': [], 'cancellation_type': 'free', 'credit_card': 0, 'bonus': 1550, 'miles': 1860, 'min_stay': 1, 'platichastyami': 0, 'mircashback': 3100}]",26000.0,1560,672104_101hotels,2026-08-15
2295663,,Президентский Люкс,2,1,0,1,Трехместный,37,1,[{'double': 1}],"[{'id': '19445', 'number': '1', 'min_age': '0', 'max_age': '5', 'is_extra_bed': '0', 'extra_bed_type_id': '0'}]","[{'id': 1003715, 'capacity': 1, 'prepayment': 'NO', 'nonrefundable': 0, 'cancellation_period': 0, 'cancellation_fee': 'NO', 'breakfast': 1, 'base_price': 48000, 'prices': [48000], 'price': 48000, 'old_price': 48000, 'currency': 'RUB', 'payment_amount': 0, 'extras_variants': [], 'extras': {'19445': {'id': 19445, 'number': 1, 'extra_bed_type_id': 0, 'age': [0, 5], 'extra_bed': 0, 'free': 1}}, 'rate_id': 48075, 'deals': [], 'cancellation_type': 'free', 'credit_card': 0, 'bonus': 2400, 'miles': 2880, 'min_stay': 1, 'platichastyami': 0, 'mircashback': 4800}, {'id': 1003716, 'capacity': 2, 'prepayment': 'NO', 'nonrefundable': 0, 'cancellation_period': 0, 'cancellation_fee': 'NO', 'breakfast': 1, 'base_price': 53000, 'prices': [53000], 'price': 53000, 'old_price': 53000, 'currency': 'RUB', 'payment_amount': 0, 'extras_variants': [], 'extras': {'19445': {'id': 19445, 'number': 1, 'extra_bed_type_id': 0, 'age': [0, 5], 'extra_bed': 0, 'free': 1}}, 'rate_id': 48075, 'deals': [], 'cancellation_type': 'free', 'credit_card': 0, 'bonus': 2650, 'miles': 3180, 'min_stay': 1, 'platichastyami': 0, 'mircashback': 5300}, {'id': '1003715P', 'capacity': 1, 'prepayment': 'FULL', 'nonrefundable': 0, 'cancellation_period': 0, 'cancellation_fee': 'NO', 'breakfast': 1, 'base_price': 48000, 'prices': [48000], 'price': 48000, 'old_price': 48000, 'currency': 'RUB', 'payment_amount': 48000, 'extras_variants': [], 'extras': {'19445': {'id': 19445, 'number': 1, 'extra_bed_type_id': 0, 'age': [0, 5], 'extra_bed': 0, 'free': 1}}, 'rate_id': 48075, 'deals': [], 'cancellation_type': 'free', 'credit_card': 0, 'bonus': 2400, 'miles': 2880, 'min_stay': 1, 'platichastyami': 0, 'mircashback': 4800}, {'id': '1003716P', 'capacity': 2, 'prepayment': 'FULL', 'nonrefundable': 0, 'cancellation_period': 0, 'cancellation_fee': 'NO', 'breakfast': 1, 'base_price': 53000, 'prices': [53000], 'price': 53000, 'old_price': 53000, 'currency': 'RUB', 'payment_amount': 53000, 'extras_variants': [], 'extras': {'19445': {'id': 19445, 'number': 1, 'extra_bed_type_id': 0, 'age': [0, 5], 'extra_bed': 0, 'free': 1}}, 'rate_id': 48075, 'deals': [], 'cancellation_type': 'free', 'credit_card': 0, 'bonus': 2650, 'miles': 3180, 'min_stay': 1, 'platichastyami': 0, 'mircashback': 5300}]",48000.0,2880,672104_101hotels,2026-08-15
2304255,,Одноместный стандартный номер,1,0,0,1,Одноместный,1,2,[{'single': 1}],[],"[{'id': 1078310, 'capacity': 1, 'prepayment': 'NO', 'nonrefundable': 0, 'cancellation_period': 0, 'cancellation_fee': 'NO', 'breakfast': 0, 'base_price': 6080, 'prices': [6080], 'price': 6080, 'old_price': 6080, 'currency': 'RUB', 'payment_amount': 0, 'extras_variants': [], 'extras': [], 'rate_id': 53184, 'deals': [], 'cancellation_type': 'free', 'credit_card': 0, 'bonus': 304, 'miles': 363, 'min_stay': 1, 'platichastyami': 0, 'mircashback': 608}, {'id': 1072440, 'capacity': 1, 'prepayment': 'FIRST', 'nonrefundable': 1, 'cancellation_period': 0, 'cancellation_fee': 'FIRST', 'breakfast': 7, 'base_price': 6655.2, 'prices': [6655.2], 'price': 6655.2, 'old_price': 6655.2, 'currency': 'RUB', 'payment_amount': 6655.2, 'extras_variants': [], 'extras': [], 'rate_id': 52775, 'deals': [], 'cancellation_type': 'nonrefundable', 'credit_card': 1, 'bonus': 333, 'miles': 399, 'min_stay': 1, 'platichastyami': 0, 'mircashback': 666}, {'id': 1072437, 'capacity': 1, 'prepayment': 'NO', 'nonrefundable': 0, 'cancellation_period': 0, 'cancellation_fee': 'NO', 'breakfast': 7, 'base_price': 7080, 'prices': [7080], 'price': 7080, 'old_price': 7080, 'currency': 'RUB', 'payment_amount': 0, 'extras_variants': [], 'extras': [], 'rate_id': 52774, 'deals': [], 'cancellation_type': 'free', 'credit_card': 0, 'bonus': 354, 'miles': 423, 'min_stay': 1, 'platichastyami': 0, 'mircashback': 708}]",6080.0,363,673302_101hotels,2026-08-15
2304281,,Улучшенный стандартный номер,2,0,0,1,Двухместный,2,3,[{'double': 1}],"[{'id': '51111', 'number': '1', 'min_age': '0', 'max_age': '6', 'is_extra_bed': '0', 'extra_bed_type_id': '0'}]","[{'id': 1078311, 'capacity': 1, 'prepayment': 'NO', 'nonrefundable': 0, 'cancellation_period': 0, 'cancellation_fee': 'NO', 'breakfast': 0, 'base_price': 6080, 'prices': [6080], 'price': 6080, 'old_price': 6080, 'currency': 'RUB', 'payment_amount': 0, 'extras_variants': [], 'extras': {'51111': {'id': 51111, 'number': 1, 'extra_bed_type_id': 0, 'age': [0, 6], 'extra_bed': 0, 'free': 1}}, 'rate_id': 53184, 'deals': [], 'cancellation_type': 'free', 'credit_card': 0, 'bonus': 304, 'miles': 363, 'min_stay': 1, 'platichastyami': 0, 'mircashback': 608}, {'id': 1072523, 'capacity': 1, 'prepayment': 'FIRST', 'nonrefundable': 1, 'cancellation_period': 0, 'cancellation_fee': 'FIRST', 'breakfast': 7, 'base_price': 6655.2, 'prices': [6655.2], 'price': 6655.2, 'old_price': 6655.2, 'currency': 'RUB', 'payment_amount': 6655.2, 'extras_variants': [], 'extras': {'51111': {'id': 51111, 'number': 1, 'extra_bed_type_id': 0, 'age': [0, 6], 'extra_bed': 0, 'free': 1}}, 'rate_id': 52775, 'deals': [], 'cancellation_type': 'nonrefundable', 'credit_card': 1, 'bonus': 333, 'miles': 399, 'min_stay': 1, 'platichastyami': 0, 'mircashback': 666}, {'id': 1072522, 'capacity': 1, 'prepayment': 'NO', 'nonrefundable': 0, 'cancellation_period': 0, 'cancellation_fee': 'NO', 'breakfast': 7, 'base_price': 7080, 'prices': [7080], 'price': 7080, 'old_price': 7080, 'currency': 'RUB', 'payment_amount': 0, 'extras_variants': [], 'extras': {'51111': {'id': 51111, 'number': 1, 'extra_bed_type_id': 0, 'age': [0, 6], 'extra_bed': 0, 'free': 1}}, 'rate_id': 52774, 'deals': [], 'cancellation_type': 'free', 'credit_card': 0, 'bonus': 354, 'miles': 423, 'min_stay': 1, 'platichastyami': 0, 'mircashback': 708}, {'id': 1078312, 'capacity': 2, 'prepayment': 'NO', 'nonrefundable': 0, 'cancellation_period': 0, 'cancellation_fee': 'NO', 'breakfast': 0, 'base_price': 7280, 'prices': [7280], 'price': 7280, 'old_price': 7280, 'currency': 'RUB', 'payment_amount': 0, 'extras_variants': [], 'extras': {'51111': {'id': 51111, 'number': 1, 'extra_bed_type_id': 0, 'age': [0, 6], 'extra_bed': 0, 'free': 1}}, 'rate_id': 53184, 'deals': [], 'cancellation_type': 'free', 'credit_card': 0, 'bonus': 364, 'miles': 435, 'min_stay': 1, 'platichastyami': 0, 'mircashback': 728}, {'id': 1072879, 'capacity': 2, 'prepayment': 'FIRST', 'nonrefundable': 1, 'cancellation_period': 0, 'cancellation_fee': 'FIRST', 'breakfast': 7, 'base_price': 7783.2, 'prices': [7783.2], 'price': 7783.2, 'old_price': 7783.2, 'currency': 'RUB', 'payment_amount': 7783.2, 'extras_variants': [], 'extras': {'51111': {'id': 51111, 'number': 1, 'extra_bed_type_id': 0, 'age': [0, 6], 'extra_bed': 0, 'free': 1}}, 'rate_id': 52775, 'deals': [], 'cancellation_type': 'nonrefundable', 'credit_card': 1, 'bonus': 389, 'miles': 465, 'min_stay': 1, 'platichastyami': 0, 'mircashback': 778}, {'id': 1072878, 'capacity': 2, 'prepayment': 'NO', 'nonrefundable': 0, 'cancellation_period': 0, 'cancellation_fee': 'NO', 'breakfast': 7, 'base_price': 8280, 'prices': [8280], 'price': 8280, 'old_price': 8280, 'currency': 'RUB', 'payment_amount': 0, 'extras_variants': [], 'extras': {'51111': {'id': 51111, 'number': 1, 'extra_bed_type_id': 0, 'age': [0, 6], 'extra_bed': 0, 'free': 1}}, 'rate_id': 52774, 'deals': [], 'cancellation_type': 'free', 'credit_card': 0, 'bonus': 414, 'miles': 495, 'min_stay': 1, 'platichastyami': 0, 'mircashback': 828}]",6080.0,363,673302_101hotels,2026-08-15
2304285,,Стандартный номер с двумя раздельными кроватями,2,0,0,1,Двухместный,2,3,[{'single': 2}],[],"[{'id': 1078313, 'capacity': 1, 'prepayment': 'NO', 'nonrefundable': 0, 'cancellation_period': 0, 'cancellation_fee': 'NO', 'breakfast': 0, 'base_price': 6080, 'prices': [6080], 'price': 6080, 'old_price': 6080, 'currency': 'RUB', 'payment_amount': 0, 'extras_variants': [], 'extras': [], 'rate_id': 53184, 'deals': [], 'cancellation_type': 'free', 'credit_card': 0, 'bonus': 304, 'miles': 363, 'min_stay': 1, 'platichastyami': 0, 'mircashback': 608}, {'id': 1072533, 'capacity': 1, 'prepayment': 'FIRST', 'nonrefundable': 1, 'cancellation_period': 0, 'cancellation_fee': 'FIRST', 'breakfast': 7, 'base_price': 6655.2, 'prices': [6655.2], 'price': 6655.2, 'old_price': 6655.2, 'currency': 'RUB', 'payment_amount': 6655.2, 'extras_variants': [], 'extras': [], 'rate_id': 52775, 'deals': [], 'cancellation_type': 'nonrefundable', 'credit_card': 1, 'bonus': 333, 'miles': 399, 'min_stay': 1, 'platichastyami': 0, 'mircashback': 666}, {'id': 1072529, 'capacity': 1, 'prepayment': 'NO', 'nonrefundable': 0, 'cancellation_period': 0, 'cancellation_fee': 'NO', 'breakfast': 7, 'base_price': 7080, 'prices': [7080], 'price': 7080, 'old_price': 7080, 'currency': 'RUB', 'payment_amount': 0, 'extras_variants': [], 'extras': [], 'rate_id': 52774, 'deals': [], 'cancellation_type': 'free', 'credit_card': 0, 'bonus': 354, 'miles': 423, 'min_stay': 1, 'platichastyami': 0, 'mircashback': 708}, {'id': 1078314, 'capacity': 2, 'prepayment': 'NO', 'nonrefundable': 0, 'cancellation_period': 0, 'cancellation_fee': 'NO', 'breakfast': 0, 'base_price': 7280, 'prices': [7280], 'price': 7280, 'old_price': 7280, 'currency': 'RUB', 'payment_amount': 0, 'extras_variants': [], 'extras': [], 'rate_id': 53184, 'deals': [], 'cancellation_type': 'free', 'credit_card': 0, 'bonus': 364, 'miles': 435, 'min_stay': 1, 'platichastyami': 0, 'mircashback': 728}, {'id': 1072534, 'capacity': 2, 'prepayment': 'FIRST', 'nonrefundable': 1, 'cancellation_period': 0, 'cancellation_fee': 'FIRST', 'breakfast': 7, 'base_price': 7783.2, 'prices': [7783.2], 'price': 7783.2, 'old_price': 7783.2, 'currency': 'RUB', 'payment_amount': 7783.2, 'extras_variants': [], 'extras': [], 'rate_id': 52775, 'deals': [], 'cancellation_type': 'nonrefundable', 'credit_card': 1, 'bonus': 389, 'miles': 465, 'min_stay': 1, 'platichastyami': 0, 'mircashback': 778}, {'id': 1072530, 'capacity': 2, 'prepayment': 'NO', 'nonrefundable': 0, 'cancellation_period': 0, 'cancellation_fee': 'NO', 'breakfast': 7, 'base_price': 8280, 'prices': [8280], 'price': 8280, 'old_price': 8280, 'currency': 'RUB', 'payment_amount': 0, 'extras_variants': [], 'extras': [], 'rate_id': 52774, 'deals': [], 'cancellation_type': 'free', 'credit_card': 0, 'bonus': 414, 'miles': 495, 'min_stay': 1, 'platichastyami': 0, 'mircashback': 828}]",6080.0,363,673302_101hotels,2026-08-15
2322780,,Люкс 1901,2,1,0,1,Люкс,6,1,"[{'double': 1}, {'sofa': 1}]","[{'id': '53005', 'number': '1', 'min_age': '0', 'max_age': '6', 'is_extra_bed': '0', 'extra_bed_type_id': '0'}]","[{'id': 1235994, 'capacity': 1, 'prepayment': 'FIRST', 'nonrefundable': 1, 'cancellation_period': 0, 'cancellation_fee': 'FIRST', 'breakfast': 7, 'base_price': 20304, 'prices': [20304], 'price': 20304, 'old_price': 20304, 'currency': 'RUB', 'payment_amount': 20304, 'extras_variants': [], 'extras': {'53005': {'id': 53005, 'number': 1, 'extra_bed_type_id': 0, 'age': [0, 6], 'extra_bed': 0, 'free': 1}}, 'rate_id': 52775, 'deals': [], 'cancellation_type': 'nonrefundable', 'credit_card': 1, 'bonus': 1015, 'miles': 1218, 'min_stay': 1, 'platichastyami': 0, 'mircashback': 2030}, {'id': 1235996, 'capacity': 1, 'prepayment': 'FIRST', 'nonrefundable': 0, 'cancellation_period': 0, 'cancellation_fee': 'NO', 'breakfast': 7, 'base_price': 20520, 'prices': [20520], 'price': 20520, 'old_price': 20520, 'currency': 'RUB', 'payment_amount': 20520, 'extras_variants': [], 'extras': {'53005': {'id': 53005, 'number': 1, 'extra_bed_type_id': 0, 'age': [0, 6], 'extra_bed': 0, 'free': 1}}, 'rate_id': 52776, 'deals': [], 'cancellation_type': 'free', 'credit_card': 1, 'bonus': 1026, 'miles': 1230, 'min_stay': 1, 'platichastyami': 0, 'mircashback': 2052}, {'id': 1235998, 'capacity': 1, 'prepayment': 'NO', 'nonrefundable': 0, 'cancellation_period': 0, 'cancellation_fee': 'NO', 'breakfast': 0, 'base_price': 20600, 'prices': [20600], 'price': 20600, 'old_price': 20600, 'currency': 'RUB', 'payment_amount': 0, 'extras_variants': [], 'extras': {'53005': {'id': 53005, 'number': 1, 'extra_bed_type_id': 0, 'age': [0, 6], 'extra_bed': 0, 'free': 1}}, 'rate_id': 53184, 'deals': [], 'cancellation_type': 'free', 'credit_card': 0, 'bonus': 1030, 'miles': 1236, 'min_stay': 1, 'platichastyami': 0, 'mircashback': 2060}, {'id': 1235992, 'capacity': 1, 'prepayment': 'NO', 'nonrefundable': 0, 'cancellation_period': 0, 'cancellation_fee': 'NO', 'breakfast': 7, 'base_price': 21600, 'prices': [21600], 'price': 21600, 'old_price': 21600, 'currency': 'RUB', 'payment_amount': 0, 'extras_variants': [], 'extras': {'53005': {'id': 53005, 'number': 1, 'extra_bed_type_id': 0, 'age': [0, 6], 'extra_bed': 0, 'free': 1}}, 'rate_id': 52774, 'deals': [], 'cancellation_type': 'free', 'credit_card': 0, 'bonus': 1080, 'miles': 1296, 'min_stay': 1, 'platichastyami': 0, 'mircashback': 2160}, {'id': 1235995, 'capacity': 2, 'prepayment': 'FIRST', 'nonrefundable': 1, 'cancellation_period': 0, 'cancellation_fee': 'FIRST', 'breakfast': 7, 'base_price': 20304, 'prices': [20304], 'price': 20304, 'old_price': 20304, 'currency': 'RUB', 'payment_amount': 20304, 'extras_variants': [], 'extras': {'53005': {'id': 53005, 'number': 1, 'extra_bed_type_id': 0, 'age': [0, 6], 'extra_bed': 0, 'free': 1}}, 'rate_id': 52775, 'deals': [], 'cancellation_type': 'nonrefundable', 'credit_card': 1, 'bonus': 1015, 'miles': 1218, 'min_stay': 1, 'platichastyami': 0, 'mircashback': 2030}, {'id': 1235997, 'capacity': 2, 'prepayment': 'FIRST', 'nonrefundable': 0, 'cancellation_period': 0, 'cancellation_fee': 'NO', 'breakfast': 7, 'base_price': 20520, 'prices': [20520], 'price': 20520, 'old_price': 20520, 'currency': 'RUB', 'payment_amount': 20520, 'extras_variants': [], 'extras': {'53005': {'id': 53005, 'number': 1, 'extra_bed_type_id': 0, 'age': [0, 6], 'extra_bed': 0, 'free': 1}}, 'rate_id': 52776, 'deals': [], 'cancellation_type': 'free', 'credit_card': 1, 'bonus': 1026, 'miles': 1230, 'min_stay': 1, 'platichastyami': 0, 'mircashback': 2052}, {'id': 1235999, 'capacity': 2, 'prepayment': 'NO', 'nonrefundable': 0, 'cancellation_period': 0, 'cancellation_fee': 'NO', 'breakfast': 0, 'base_price': 20600, 'prices': [20600], 'price': 20600, 'old_price': 20600, 'currency': 'RUB', 'payment_amount': 0, 'extras_variants': [], 'extras': {'53005': {'id': 53005, 'number': 1, 'extra_bed_type_id': 0, 'age': [0, 6], 'extra_bed': 0, 'free': 1}}, 'rate_id': 53184, 'deals': [], 'cancellation_type': 'free', 'credit_card': 0, 'bonus': 1030, 'miles': 1236, 'min_stay': 1, 'platichastyami': 0, 'mircashback': 2060}, {'id': 1235993, 'capacity': 2, 'prepayment': 'NO', 'nonrefundable': 0, 'cancellation_period': 0, 'cancellation_fee': 'NO', 'breakfast': 7, 'base_price': 21600, 'prices': [21600], 'price': 21600, 'old_price': 21600, 'currency': 'RUB', 'payment_amount': 0, 'extras_variants': [], 'extras': {'53005': {'id': 53005, 'number': 1, 'extra_bed_type_id': 0, 'age': [0, 6], 'extra_bed': 0, 'free': 1}}, 'rate_id': 52774, 'deals': [], 'cancellation_type': 'free', 'credit_card': 0, 'bonus': 1080, 'miles': 1296, 'min_stay': 1, 'platichastyami': 0, 'mircashback': 2160}]",20304.0,1218,673302_101hotels,2026-08-15
2306327,,С двуспальной кроватью,2,1,0,1,Улучшенный,113,3,[{'double': 2}],"[{'id': '25344', 'number': '1', 'min_age': '1', 'max_age': '14', 'is_extra_bed': '1', 'extra_bed_type_id': '3'}]","[{'id': 1090916, 'capacity': 1, 'prepayment': 'FULL', 'nonrefundable': 0, 'cancellation_period': 5, 'cancellation_fee': 'FIRST', 'breakfast': 0, 'base_price': 7250, 'prices': [7250], 'price': 7250, 'old_price': 7250, 'currency': 'RUB', 'payment_amount': 7250, 'extras_variants': [], 'extras': {'25344': {'id': 25344, 'number': 1, 'extra_bed_type_id': 3, 'age': [1, 14], 'extra_bed': 1, 'free': 1}}, 'rate_id': 53937, 'deals': [], 'cancellation_type': 'special', 'credit_card': 1, 'bonus': 363, 'miles': 435, 'min_stay': 1, 'platichastyami': 0, 'mircashback': 725}, {'id': 1090917, 'capacity': 2, 'prepayment': 'FULL', 'nonrefundable': 0, 'cancellation_period': 5, 'cancellation_fee': 'FIRST', 'breakfast': 0, 'base_price': 7250, 'prices': [7250], 'price': 7250, 'old_price': 7250, 'currency': 'RUB', 'payment_amount': 7250, 'extras_variants': [], 'extras': {'25344': {'id': 25344, 'number': 1, 'extra_bed_type_id': 3, 'age': [1, 14], 'extra_bed': 1, 'free': 1}}, 'rate_id': 53937, 'deals': [], 'cancellation_type': 'special', 'credit_card': 1, 'bonus': 363, 'miles': 435, 'min_stay': 1, 'platichastyami': 0, 'mircashback': 725}]",7250.0,435,674436_101hotels,2026-08-15
2306328,,С двумя раздельными кроватями,2,1,0,1,Улучшенный,113,1,[{'single': 2}],"[{'id': '25345', 'number': '1', 'min_age': '1', 'max_age': '14', 'is_extra_bed': '1', 'extra_bed_type_id': '3'}]","[{'id': 1090918, 'capacity': 1, 'prepayment': 'FULL', 'nonrefundable': 0, 'cancellation_period': 5, 'cancellation_fee': 'FIRST', 'breakfast': 0, 'base_price': 7250, 'prices': [7250], 'price': 7250, 'old_price': 7250, 'currency': 'RUB', 'payment_amount': 7250, 'extras_variants': [], 'extras': {'25345': {'id': 25345, 'number': 1, 'extra_bed_type_id': 3, 'age': [1, 14], 'extra_bed': 1, 'free': 1}}, 'rate_id': 53937, 'deals': [], 'cancellation_type': 'special', 'credit_card': 1, 'bonus': 363, 'miles': 435, 'min_stay': 1, 'platichastyami': 0, 'mircashback': 725}, {'id': 1090919, 'capacity': 2, 'prepayment': 'FULL', 'nonrefundable': 0, 'cancellation_period': 5, 'cancellation_fee': 'FIRST', 'breakfast': 0, 'base_price': 7250, 'prices': [7250], 'price': 7250, 'old_price': 7250, 'currency': 'RUB', 'payment_amount': 7250, 'extras_variants': [], 'extras': {'25345': {'id': 25345, 'number': 1, 'extra_bed_type_id': 3, 'age': [1, 14], 'extra_bed': 1, 'free': 1}}, 'rate_id': 53937, 'deals': [], 'cancellation_type': 'special', 'credit_card': 1, 'bonus': 363, 'miles': 435, 'min_stay': 1, 'platichastyami': 0, 'mircashback': 725}]",7250.0,435,674436_101hotels,2026-08-15
2309530,,Комфорт DBL/TWIN,2,0,0,1,Двухместный,2,1,[{'double': 1}],[],"[{'id': 1123592, 'capacity': 1, 'prepayment': 'FIRST', 'nonrefundable': 0, 'cancellation_period': 0, 'cancellation_fee': 'NO', 'breakfast': 1, 'base_price': 7400, 'prices': [7400], 'price': 6290, 'old_price': 7400, 'currency': 'RUB', 'payment_amount': 7400, 'extras_variants': [], 'extras': [], 'rate_id': 55888, 'deals': ['LAST_MINUTE'], 'cancellation_type': 'free', 'credit_card': 1, 'bonus': 315, 'miles': 375, 'min_stay': 1, 'platichastyami': 0, 'mircashback': 629}, {'id': 1124266, 'capacity': 1, 'prepayment': 'NO', 'nonrefundable': 0, 'cancellation_period': 0, 'cancellation_fee': 'NO', 'breakfast': 0, 'base_price': 7400, 'prices': [7400], 'price': 7400, 'old_price': 7400, 'currency': 'RUB', 'payment_amount': 0, 'extras_variants': [], 'extras': [], 'rate_id': 55889, 'deals': [], 'cancellation_type': 'free', 'credit_card': 0, 'bonus': 370, 'miles': 444, 'min_stay': 1, 'platichastyami': 0, 'mircashback': 740}, {'id': 1123593, 'capacity': 2, 'prepayment': 'FIRST', 'nonrefundable': 0, 'cancellation_period': 0, 'cancellation_fee': 'NO', 'breakfast': 1, 'base_price': 8400, 'prices': [8400], 'price': 7140, 'old_price': 8400, 'currency': 'RUB', 'payment_amount': 8400, 'extras_variants': [], 'extras': [], 'rate_id': 55888, 'deals': ['LAST_MINUTE'], 'cancellation_type': 'free', 'credit_card': 1, 'bonus': 357, 'miles': 426, 'min_stay': 1, 'platichastyami': 0, 'mircashback': 714}, {'id': 1124267, 'capacity': 2, 'prepayment': 'NO', 'nonrefundable': 0, 'cancellation_period': 0, 'cancellation_fee': 'NO', 'breakfast': 0, 'base_price': 8400, 'prices': [8400], 'price': 8400, 'old_price': 8400, 'currency': 'RUB', 'payment_amount': 0, 'extras_variants': [], 'extras': [], 'rate_id': 55889, 'deals': [], 'cancellation_type': 'free', 'credit_card': 0, 'bonus': 420, 'miles': 504, 'min_stay': 1, 'platichastyami': 0, 'mircashback': 840}, {'id': '1124266P', 'capacity': 1, 'prepayment': 'FULL', 'nonrefundable': 0, 'cancellation_period': 0, 'cancellation_fee': 'NO', 'breakfast': 0, 'base_price': 7400, 'prices': [7400], 'price': 7400, 'old_price': 7400, 'currency': 'RUB', 'payment_amount': 7400, 'extras_variants': [], 'extras': [], 'rate_id': 55889, 'deals': [], 'cancellation_type': 'free', 'credit_card': 0, 'bonus': 370, 'miles': 444, 'min_stay': 1, 'platichastyami': 0, 'mircashback': 740}, {'id': '1124267P', 'capacity': 2, 'prepayment': 'FULL', 'nonrefundable': 0, 'cancellation_period': 0, 'cancellation_fee': 'NO', 'breakfast': 0, 'base_price': 8400, 'prices': [8400], 'price': 8400, 'old_price': 8400, 'currency': 'RUB', 'payment_amount': 8400, 'extras_variants': [], 'extras': [], 'rate_id': 55889, 'deals': [], 'cancellation_type': 'free', 'credit_card': 0, 'bonus': 420, 'miles': 504, 'min_stay': 1, 'platichastyami': 0, 'mircashback': 840}]",6290.0,375,674899_101hotels,2026-08-15
2309531,,Стандарт DBL,2,0,0,1,Двухместный,2,4,[{'double': 1}],[],"[{'id': 1123594, 'capacity': 1, 'prepayment': 'FIRST', 'nonrefundable': 0, 'cancellation_period': 0, 'cancellation_fee': 'NO', 'breakfast': 1, 'base_price': 6500, 'prices': [6500], 'price': 5525, 'old_price': 6500, 'currency': 'RUB', 'payment_amount': 6500, 'extras_variants': [], 'extras': [], 'rate_id': 55888, 'deals': ['LAST_MINUTE'], 'cancellation_type': 'free', 'credit_card': 1, 'bonus': 276, 'miles': 330, 'min_stay': 1, 'platichastyami': 0, 'mircashback': 553}, {'id': 1124268, 'capacity': 1, 'prepayment': 'NO', 'nonrefundable': 0, 'cancellation_period': 0, 'cancellation_fee': 'NO', 'breakfast': 0, 'base_price': 6500, 'prices': [6500], 'price': 6500, 'old_price': 6500, 'currency': 'RUB', 'payment_amount': 0, 'extras_variants': [], 'extras': [], 'rate_id': 55889, 'deals': [], 'cancellation_type': 'free', 'credit_card': 0, 'bonus': 325, 'miles': 390, 'min_stay': 1, 'platichastyami': 0, 'mircashback': 650}, {'id': 1123595, 'capacity': 2, 'prepayment': 'FIRST', 'nonrefundable': 0, 'cancellation_period': 0, 'cancellation_fee': 'NO', 'breakfast': 1, 'base_price': 7500, 'prices': [7500], 'price': 6375, 'old_price': 7500, 'currency': 'RUB', 'payment_amount': 7500, 'extras_variants': [], 'extras': [], 'rate_id': 55888, 'deals': ['LAST_MINUTE'], 'cancellation_type': 'free', 'credit_card': 1, 'bonus': 319, 'miles': 381, 'min_stay': 1, 'platichastyami': 0, 'mircashback': 638}, {'id': 1124269, 'capacity': 2, 'prepayment': 'NO', 'nonrefundable': 0, 'cancellation_period': 0, 'cancellation_fee': 'NO', 'breakfast': 0, 'base_price': 7500, 'prices': [7500], 'price': 7500, 'old_price': 7500, 'currency': 'RUB', 'payment_amount': 0, 'extras_variants': [], 'extras': [], 'rate_id': 55889, 'deals': [], 'cancellation_type': 'free', 'credit_card': 0, 'bonus': 375, 'miles': 450, 'min_stay': 1, 'platichastyami': 0, 'mircashback': 750}, {'id': '1124268P', 'capacity': 1, 'prepayment': 'FULL', 'nonrefundable': 0, 'cancellation_period': 0, 'cancellation_fee': 'NO', 'breakfast': 0, 'base_price': 6500, 'prices': [6500], 'price': 6500, 'old_price': 6500, 'currency': 'RUB', 'payment_amount': 6500, 'extras_variants': [], 'extras': [], 'rate_id': 55889, 'deals': [], 'cancellation_type': 'free', 'credit_card': 0, 'bonus': 325, 'miles': 390, 'min_stay': 1, 'platichastyami': 0, 'mircashback': 650}, {'id': '1124269P', 'capacity': 2, 'prepayment': 'FULL', 'nonrefundable': 0, 'cancellation_period': 0, 'cancellation_fee': 'NO', 'breakfast': 0, 'base_price': 7500, 'prices': [7500], 'price': 7500, 'old_price': 7500, 'currency': 'RUB', 'payment_amount': 7500, 'extras_variants': [], 'extras': [], 'rate_id': 55889, 'deals': [], 'cancellation_type': 'free', 'credit_card': 0, 'bonus': 375, 'miles': 450, 'min_stay': 1, 'platichastyami': 0, 'mircashback': 750}]",5525.0,330,674899_101hotels,2026-08-15
2309532,,Семейный DBL/TWIN,1,1,0,1,Трёхместный и более,3,1,"[{'double': 1}, {'s-sofa': 1}]",[],"[{'id': 1123596, 'capacity': 1, 'prepayment': 'FIRST', 'nonrefundable': 0, 'cancellation_period': 0, 'cancellation_fee': 'NO', 'breakfast': 1, 'base_price': 7400, 'prices': [7400], 'price': 6290, 'old_price': 7400, 'currency': 'RUB', 'payment_amount': 7400, 'extras_variants': [], 'extras': [], 'rate_id': 55888, 'deals': ['LAST_MINUTE'], 'cancellation_type': 'free', 'credit_card': 1, 'bonus': 315, 'miles': 375, 'min_stay': 1, 'platichastyami': 0, 'mircashback': 629}, {'id': 1124270, 'capacity': 1, 'prepayment': 'NO', 'nonrefundable': 0, 'cancellation_period': 0, 'cancellation_fee': 'NO', 'breakfast': 0, 'base_price': 7400, 'prices': [7400], 'price': 7400, 'old_price': 7400, 'currency': 'RUB', 'payment_amount': 0, 'extras_variants': [], 'extras': [], 'rate_id': 55889, 'deals': [], 'cancellation_type': 'free', 'credit_card': 0, 'bonus': 370, 'miles': 444, 'min_stay': 1, 'platichastyami': 0, 'mircashback': 740}, {'id': '1124270P', 'capacity': 1, 'prepayment': 'FULL', 'nonrefundable': 0, 'cancellation_period': 0, 'cancellation_fee': 'NO', 'breakfast': 0, 'base_price': 7400, 'prices': [7400], 'price': 7400, 'old_price': 7400, 'currency': 'RUB', 'payment_amount': 7400, 'extras_variants': [], 'extras': [], 'rate_id': 55889, 'deals': [], 'cancellation_type': 'free', 'credit_card': 0, 'bonus': 370, 'miles': 444, 'min_stay': 1, 'platichastyami': 0, 'mircashback': 740}]",6290.0,375,674899_101hotels,2026-08-15
2309533,,Комфорт Мансарда TWIN,2,1,0,1,Трёхместный и более,3,1,[{'single': 2}],[],"[{'id': 1123597, 'capacity': 1, 'prepayment': 'FIRST', 'nonrefundable': 0, 'cancellation_period': 0, 'cancellation_fee': 'NO', 'breakfast': 1, 'base_price': 7400, 'prices': [7400], 'price': 6290, 'old_price': 7400, 'currency': 'RUB', 'payment_amount': 7400, 'extras_variants': [], 'extras': [], 'rate_id': 55888, 'deals': ['LAST_MINUTE'], 'cancellation_type': 'free', 'credit_card': 1, 'bonus': 315, 'miles': 375, 'min_stay': 1, 'platichastyami': 0, 'mircashback': 629}, {'id': 1124271, 'capacity': 1, 'prepayment': 'NO', 'nonrefundable': 0, 'cancellation_period': 0, 'cancellation_fee': 'NO', 'breakfast': 0, 'base_price': 7400, 'prices': [7400], 'price': 7400, 'old_price': 7400, 'currency': 'RUB', 'payment_amount': 0, 'extras_variants': [], 'extras': [], 'rate_id': 55889, 'deals': [], 'cancellation_type': 'free', 'credit_card': 0, 'bonus': 370, 'miles': 444, 'min_stay': 1, 'platichastyami': 0, 'mircashback': 740}, {'id': 1123598, 'capacity': 2, 'prepayment': 'FIRST', 'nonrefundable': 0, 'cancellation_period': 0, 'cancellation_fee': 'NO', 'breakfast': 1, 'base_price': 8400, 'prices': [8400], 'price': 7140, 'old_price': 8400, 'currency': 'RUB', 'payment_amount': 8400, 'extras_variants': [], 'extras': [], 'rate_id': 55888, 'deals': ['LAST_MINUTE'], 'cancellation_type': 'free', 'credit_card': 1, 'bonus': 357, 'miles': 426, 'min_stay': 1, 'platichastyami': 0, 'mircashback': 714}, {'id': 1124272, 'capacity': 2, 'prepayment': 'NO', 'nonrefundable': 0, 'cancellation_period': 0, 'cancellation_fee': 'NO', 'breakfast': 0, 'base_price': 8400, 'prices': [8400], 'price': 8400, 'old_price': 8400, 'currency': 'RUB', 'payment_amount': 0, 'extras_variants': [], 'extras': [], 'rate_id': 55889, 'deals': [], 'cancellation_type': 'free', 'credit_card': 0, 'bonus': 420, 'miles': 504, 'min_stay': 1, 'platichastyami': 0, 'mircashback': 840}, {'id': '1124271P', 'capacity': 1, 'prepayment': 'FULL', 'nonrefundable': 0, 'cancellation_period': 0, 'cancellation_fee': 'NO', 'breakfast': 0, 'base_price': 7400, 'prices': [7400], 'price': 7400, 'old_price': 7400, 'currency': 'RUB', 'payment_amount': 7400, 'extras_variants': [], 'extras': [], 'rate_id': 55889, 'deals': [], 'cancellation_type': 'free', 'credit_card': 0, 'bonus': 370, 'miles': 444, 'min_stay': 1, 'platichastyami': 0, 'mircashback': 740}, {'id': '1124272P', 'capacity': 2, 'prepayment': 'FULL', 'nonrefundable': 0, 'cancellation_period': 0, 'cancellation_fee': 'NO', 'breakfast': 0, 'base_price': 8400, 'prices': [8400], 'price': 8400, 'old_price': 8400, 'currency': 'RUB', 'payment_amount': 8400, 'extras_variants': [], 'extras': [], 'rate_id': 55889, 'deals': [], 'cancellation_type': 'free', 'credit_card': 0, 'bonus': 420, 'miles': 504, 'min_stay': 1, 'platichastyami': 0, 'mircashback': 840}]",6290.0,375,674899_101hotels,2026-08-15
2309534,,Комфорт Мансарда DBL,2,1,0,1,Трёхместный и более,3,2,"[{'double': 1}, {'single': 1}]",[],"[{'id': 1123599, 'capacity': 1, 'prepayment': 'FIRST', 'nonrefundable': 0, 'cancellation_period': 0, 'cancellation_fee': 'NO', 'breakfast': 1, 'base_price': 7000, 'prices': [7000], 'price': 5950, 'old_price': 7000, 'currency': 'RUB', 'payment_amount': 7000, 'extras_variants': [], 'extras': [], 'rate_id': 55888, 'deals': ['LAST_MINUTE'], 'cancellation_type': 'free', 'credit_card': 1, 'bonus': 298, 'miles': 357, 'min_stay': 1, 'platichastyami': 0, 'mircashback': 595}, {'id': 1124273, 'capacity': 1, 'prepayment': 'NO', 'nonrefundable': 0, 'cancellation_period': 0, 'cancellation_fee': 'NO', 'breakfast': 0, 'base_price': 7000, 'prices': [7000], 'price': 7000, 'old_price': 7000, 'currency': 'RUB', 'payment_amount': 0, 'extras_variants': [], 'extras': [], 'rate_id': 55889, 'deals': [], 'cancellation_type': 'free', 'credit_card': 0, 'bonus': 350, 'miles': 420, 'min_stay': 1, 'platichastyami': 0, 'mircashback': 700}, {'id': 1123600, 'capacity': 2, 'prepayment': 'FIRST', 'nonrefundable': 0, 'cancellation_period': 0, 'cancellation_fee': 'NO', 'breakfast': 1, 'base_price': 8000, 'prices': [8000], 'price': 6800, 'old_price': 8000, 'currency': 'RUB', 'payment_amount': 8000, 'extras_variants': [], 'extras': [], 'rate_id': 55888, 'deals': ['LAST_MINUTE'], 'cancellation_type': 'free', 'credit_card': 1, 'bonus': 340, 'miles': 408, 'min_stay': 1, 'platichastyami': 0, 'mircashback': 680}, {'id': 1124274, 'capacity': 2, 'prepayment': 'NO', 'nonrefundable': 0, 'cancellation_period': 0, 'cancellation_fee': 'NO', 'breakfast': 0, 'base_price': 8000, 'prices': [8000], 'price': 8000, 'old_price': 8000, 'currency': 'RUB', 'payment_amount': 0, 'extras_variants': [], 'extras': [], 'rate_id': 55889, 'deals': [], 'cancellation_type': 'free', 'credit_card': 0, 'bonus': 400, 'miles': 480, 'min_stay': 1, 'platichastyami': 0, 'mircashback': 800}, {'id': '1124273P', 'capacity': 1, 'prepayment': 'FULL', 'nonrefundable': 0, 'cancellation_period': 0, 'cancellation_fee': 'NO', 'breakfast': 0, 'base_price': 7000, 'prices': [7000], 'price': 7000, 'old_price': 7000, 'currency': 'RUB', 'payment_amount': 7000, 'extras_variants': [], 'extras': [], 'rate_id': 55889, 'deals': [], 'cancellation_type': 'free', 'credit_card': 0, 'bonus': 350, 'miles': 420, 'min_stay': 1, 'platichastyami': 0, 'mircashback': 700}, {'id': '1124274P', 'capacity': 2, 'prepayment': 'FULL', 'nonrefundable': 0, 'cancellation_period': 0, 'cancellation_fee': 'NO', 'breakfast': 0, 'base_price': 8000, 'prices': [8000], 'price': 8000, 'old_price': 8000, 'currency': 'RUB', 'payment_amount': 8000, 'extras_variants': [], 'extras': [], 'rate_id': 55889, 'deals': [], 'cancellation_type': 'free', 'credit_card': 0, 'bonus': 400, 'miles': 480, 'min_stay': 1, 'platichastyami': 0, 'mircashback': 800}]",5950.0,357,674899_101hotels,2026-08-15
2309535,,Комфорт Мансарда DBL/TWIN,2,1,0,1,Трёхместный и более,3,1,"[{'double': 1}, {'s-sofa': 1}]",[],"[{'id': 1123601, 'capacity': 1, 'prepayment': 'FIRST', 'nonrefundable': 0, 'cancellation_period': 0, 'cancellation_fee': 'NO', 'breakfast': 1, 'base_price': 7400, 'prices': [7400], 'price': 6290, 'old_price': 7400, 'currency': 'RUB', 'payment_amount': 7400, 'extras_variants': [], 'extras': [], 'rate_id': 55888, 'deals': ['LAST_MINUTE'], 'cancellation_type': 'free', 'credit_card': 1, 'bonus': 315, 'miles': 375, 'min_stay': 1, 'platichastyami': 0, 'mircashback': 629}, {'id': 1124275, 'capacity': 1, 'prepayment': 'NO', 'nonrefundable': 0, 'cancellation_period': 0, 'cancellation_fee': 'NO', 'breakfast': 0, 'base_price': 7400, 'prices': [7400], 'price': 7400, 'old_price': 7400, 'currency': 'RUB', 'payment_amount': 0, 'extras_variants': [], 'extras': [], 'rate_id': 55889, 'deals': [], 'cancellation_type': 'free', 'credit_card': 0, 'bonus': 370, 'miles': 444, 'min_stay': 1, 'platichastyami': 0, 'mircashback': 740}, {'id': 1123602, 'capacity': 2, 'prepayment': 'FIRST', 'nonrefundable': 0, 'cancellation_period': 0, 'cancellation_fee': 'NO', 'breakfast': 1, 'base_price': 8400, 'prices': [8400], 'price': 7140, 'old_price': 8400, 'currency': 'RUB', 'payment_amount': 8400, 'extras_variants': [], 'extras': [], 'rate_id': 55888, 'deals': ['LAST_MINUTE'], 'cancellation_type': 'free', 'credit_card': 1, 'bonus': 357, 'miles': 426, 'min_stay': 1, 'platichastyami': 0, 'mircashback': 714}, {'id': 1124276, 'capacity': 2, 'prepayment': 'NO', 'nonrefundable': 0, 'cancellation_period': 0, 'cancellation_fee': 'NO', 'breakfast': 0, 'base_price': 8400, 'prices': [8400], 'price': 8400, 'old_price': 8400, 'currency': 'RUB', 'payment_amount': 0, 'extras_variants': [], 'extras': [], 'rate_id': 55889, 'deals': [], 'cancellation_type': 'free', 'credit_card': 0, 'bonus': 420, 'miles': 504, 'min_stay': 1, 'platichastyami': 0, 'mircashback': 840}, {'id': '1124275P', 'capacity': 1, 'prepayment': 'FULL', 'nonrefundable': 0, 'cancellation_period': 0, 'cancellation_fee': 'NO', 'breakfast': 0, 'base_price': 7400, 'prices': [7400], 'price': 7400, 'old_price': 7400, 'currency': 'RUB', 'payment_amount': 7400, 'extras_variants': [], 'extras': [], 'rate_id': 55889, 'deals': [], 'cancellation_type': 'free', 'credit_card': 0, 'bonus': 370, 'miles': 444, 'min_stay': 1, 'platichastyami': 0, 'mircashback': 740}, {'id': '1124276P', 'capacity': 2, 'prepayment': 'FULL', 'nonrefundable': 0, 'cancellation_period': 0, 'cancellation_fee': 'NO', 'breakfast': 0, 'base_price': 8400, 'prices': [8400], 'price': 8400, 'old_price': 8400, 'currency': 'RUB', 'payment_amount': 8400, 'extras_variants': [], 'extras': [], 'rate_id': 55889, 'deals': [], 'cancellation_type': 'free', 'credit_card': 0, 'bonus': 420, 'miles': 504, 'min_stay': 1, 'platichastyami': 0, 'mircashback': 840}]",6290.0,375,674899_101hotels,2026-08-15
2319142,,Стандарт двухуровневый с одной широкой кроватью и диван кроватью,4,0,0,1,Четырехместный,34,1,"[{'double': 1, 'sofa': 1}]","[{'id': '48036', 'number': '1', 'min_age': '0', 'max_age': '5', 'is_extra_bed': '0', 'extra_bed_type_id': '0'}]","[{'id': 1209521, 'capacity': 1, 'prepayment': 'NO', 'nonrefundable': 0, 'cancellation_period': 0, 'cancellation_fee': 'NO', 'breakfast': 0, 'base_price': 5640, 'prices': [5640], 'price': 5640, 'old_price': 5640, 'currency': 'RUB', 'payment_amount': 0, 'extras_variants': [], 'extras': {'48036': {'id': 48036, 'number': 1, 'extra_bed_type_id': 0, 'age': [0, 5], 'extra_bed': 0, 'free': 1}}, 'rate_id': 61974, 'deals': [], 'cancellation_type': 'free', 'credit_card': 0, 'bonus': 282, 'miles': 336, 'min_stay': 1, 'platichastyami': 0, 'mircashback': 564}, {'id': 1209522, 'capacity': 2, 'prepayment': 'NO', 'nonrefundable': 0, 'cancellation_period': 0, 'cancellation_fee': 'NO', 'breakfast': 0, 'base_price': 6000, 'prices': [6000], 'price': 6000, 'old_price': 6000, 'currency': 'RUB', 'payment_amount': 0, 'extras_variants': [], 'extras': {'48036': {'id': 48036, 'number': 1, 'extra_bed_type_id': 0, 'age': [0, 5], 'extra_bed': 0, 'free': 1}}, 'rate_id': 61974, 'deals': [], 'cancellation_type': 'free', 'credit_card': 0, 'bonus': 300, 'miles': 360, 'min_stay': 1, 'platichastyami': 0, 'mircashback': 600}, {'id': 1209523, 'capacity': 3, 'prepayment': 'NO', 'nonrefundable': 0, 'cancellation_period': 0, 'cancellation_fee': 'NO', 'breakfast': 0, 'base_price': 6360, 'prices': [6360], 'price': 6360, 'old_price': 6360, 'currency': 'RUB', 'payment_amount': 0, 'extras_variants': [], 'extras': {'48036': {'id': 48036, 'number': 1, 'extra_bed_type_id': 0, 'age': [0, 5], 'extra_bed': 0, 'free': 1}}, 'rate_id': 61974, 'deals': [], 'cancellation_type': 'free', 'credit_card': 0, 'bonus': 318, 'miles': 381, 'min_stay': 1, 'platichastyami': 0, 'mircashback': 636}, {'id': 1209524, 'capacity': 4, 'prepayment': 'NO', 'nonrefundable': 0, 'cancellation_period': 0, 'cancellation_fee': 'NO', 'breakfast': 0, 'base_price': 6600, 'prices': [6600], 'price': 6600, 'old_price': 6600, 'currency': 'RUB', 'payment_amount': 0, 'extras_variants': [], 'extras': {'48036': {'id': 48036, 'number': 1, 'extra_bed_type_id': 0, 'age': [0, 5], 'extra_bed': 0, 'free': 1}}, 'rate_id': 61974, 'deals': [], 'cancellation_type': 'free', 'credit_card': 0, 'bonus': 330, 'miles': 396, 'min_stay': 1, 'platichastyami': 0, 'mircashback': 660}, {'id': '1209521P', 'capacity': 1, 'prepayment': 'FULL', 'nonrefundable': 0, 'cancellation_period': 0, 'cancellation_fee': 'NO', 'breakfast': 0, 'base_price': 5640, 'prices': [5640], 'price': 5640, 'old_price': 5640, 'currency': 'RUB', 'payment_amount': 5640, 'extras_variants': [], 'extras': {'48036': {'id': 48036, 'number': 1, 'extra_bed_type_id': 0, 'age': [0, 5], 'extra_bed': 0, 'free': 1}}, 'rate_id': 61974, 'deals': [], 'cancellation_type': 'free', 'credit_card': 0, 'bonus': 282, 'miles': 336, 'min_stay': 1, 'platichastyami': 0, 'mircashback': 564}, {'id': '1209522P', 'capacity': 2, 'prepayment': 'FULL', 'nonrefundable': 0, 'cancellation_period': 0, 'cancellation_fee': 'NO', 'breakfast': 0, 'base_price': 6000, 'prices': [6000], 'price': 6000, 'old_price': 6000, 'currency': 'RUB', 'payment_amount': 6000, 'extras_variants': [], 'extras': {'48036': {'id': 48036, 'number': 1, 'extra_bed_type_id': 0, 'age': [0, 5], 'extra_bed': 0, 'free': 1}}, 'rate_id': 61974, 'deals': [], 'cancellation_type': 'free', 'credit_card': 0, 'bonus': 300, 'miles': 360, 'min_stay': 1, 'platichastyami': 0, 'mircashback': 600}, {'id': '1209523P', 'capacity': 3, 'prepayment': 'FULL', 'nonrefundable': 0, 'cancellation_period': 0, 'cancellation_fee': 'NO', 'breakfast': 0, 'base_price': 6360, 'prices': [6360], 'price': 6360, 'old_price': 6360, 'currency': 'RUB', 'payment_amount': 6360, 'extras_variants': [], 'extras': {'48036': {'id': 48036, 'number': 1, 'extra_bed_type_id': 0, 'age': [0, 5], 'extra_bed': 0, 'free': 1}}, 'rate_id': 61974, 'deals': [], 'cancellation_type': 'free', 'credit_card': 0, 'bonus': 318, 'miles': 381, 'min_stay': 1, 'platichastyami': 0, 'mircashback': 636}, {'id': '1209524P', 'capacity': 4, 'prepayment': 'FULL', 'nonrefundable': 0, 'cancellation_period': 0, 'cancellation_fee': 'NO', 'breakfast': 0, 'base_price': 6600, 'prices': [6600], 'price': 6600, 'old_price': 6600, 'currency': 'RUB', 'payment_amount': 6600, 'extras_variants': [], 'extras': {'48036': {'id': 48036, 'number': 1, 'extra_bed_type_id': 0, 'age': [0, 5], 'extra_bed': 0, 'free': 1}}, 'rate_id': 61974, 'deals': [], 'cancellation_type': 'free', 'credit_card': 0, 'bonus': 330, 'miles': 396, 'min_stay': 1, 'platichastyami': 0, 'mircashback': 660}]",5640.0,336,677680_101hotels,2026-08-15
2319143,,Двухместный номер с широкой кроватью или раздельными и доп местом,2,1,0,1,Трёхместный и более,3,1,"[{'single': 1, 'f-chair': 1}, {'double': 1, 'f-chair': 1}]","[{'id': '48095', 'number': '1', 'min_age': '0', 'max_age': '3', 'is_extra_bed': '0', 'extra_bed_type_id': '0'}, {'id': '48096', 'number': '1', 'min_age': '3', 'max_age': '18', 'is_extra_bed': '1', 'extra_bed_type_id': '2'}]","[{'id': 1209525, 'capacity': 1, 'prepayment': 'NO', 'nonrefundable': 0, 'cancellation_period': 0, 'cancellation_fee': 'NO', 'breakfast': 0, 'base_price': 5400, 'prices': [5400], 'price': 5400, 'old_price': 5400, 'currency': 'RUB', 'payment_amount': 0, 'extras_variants': [], 'extras': {'48095': {'id': 48095, 'number': 1, 'extra_bed_type_id': 0, 'age': [0, 3], 'extra_bed': 0, 'free': 1}, '48096': {'id': 48096, 'number': 1, 'extra_bed_type_id': 2, 'age': [3, 18], 'extra_bed': 1, 'free': 1}}, 'rate_id': 61975, 'deals': [], 'cancellation_type': 'free', 'credit_card': 0, 'bonus': 270, 'miles': 324, 'min_stay': 1, 'platichastyami': 0, 'mircashback': 540}, {'id': 1209526, 'capacity': 2, 'prepayment': 'NO', 'nonrefundable': 0, 'cancellation_period': 0, 'cancellation_fee': 'NO', 'breakfast': 0, 'base_price': 5760, 'prices': [5760], 'price': 5760, 'old_price': 5760, 'currency': 'RUB', 'payment_amount': 0, 'extras_variants': [], 'extras': {'48095': {'id': 48095, 'number': 1, 'extra_bed_type_id': 0, 'age': [0, 3], 'extra_bed': 0, 'free': 1}, '48096': {'id': 48096, 'number': 1, 'extra_bed_type_id': 2, 'age': [3, 18], 'extra_bed': 1, 'free': 1}}, 'rate_id': 61975, 'deals': [], 'cancellation_type': 'free', 'credit_card': 0, 'bonus': 288, 'miles': 345, 'min_stay': 1, 'platichastyami': 0, 'mircashback': 576}, {'id': '1209525P', 'capacity': 1, 'prepayment': 'FULL', 'nonrefundable': 0, 'cancellation_period': 0, 'cancellation_fee': 'NO', 'breakfast': 0, 'base_price': 5400, 'prices': [5400], 'price': 5400, 'old_price': 5400, 'currency': 'RUB', 'payment_amount': 5400, 'extras_variants': [], 'extras': {'48095': {'id': 48095, 'number': 1, 'extra_bed_type_id': 0, 'age': [0, 3], 'extra_bed': 0, 'free': 1}, '48096': {'id': 48096, 'number': 1, 'extra_bed_type_id': 2, 'age': [3, 18], 'extra_bed': 1, 'free': 1}}, 'rate_id': 61975, 'deals': [], 'cancellation_type': 'free', 'credit_card': 0, 'bonus': 270, 'miles': 324, 'min_stay': 1, 'platichastyami': 0, 'mircashback': 540}, {'id': '1209526P', 'capacity': 2, 'prepayment': 'FULL', 'nonrefundable': 0, 'cancellation_period': 0, 'cancellation_fee': 'NO', 'breakfast': 0, 'base_price': 5760, 'prices': [5760], 'price': 5760, 'old_price': 5760, 'currency': 'RUB', 'payment_amount': 5760, 'extras_variants': [], 'extras': {'48095': {'id': 48095, 'number': 1, 'extra_bed_type_id': 0, 'age': [0, 3], 'extra_bed': 0, 'free': 1}, '48096': {'id': 48096, 'number': 1, 'extra_bed_type_id': 2, 'age': [3, 18], 'extra_bed': 1, 'free': 1}}, 'rate_id': 61975, 'deals': [], 'cancellation_type': 'free', 'credit_card': 0, 'bonus': 288, 'miles': 345, 'min_stay': 1, 'platichastyami': 0, 'mircashback': 576}]",5400.0,324,677680_101hotels,2026-08-15
5815,,Стандарт эконом Sgl,2,0,0,1,Двухместный,2,4,"[{'double': 1}, {'single': 2}]","[{'id': '28693', 'number': '1', 'min_age': '0', 'max_age': '7', 'is_extra_bed': '0', 'extra_bed_type_id': '0'}]","[{'id': 525911, 'capacity': 1, 'prepayment': 'NO', 'nonrefundable': 0, 'cancellation_period': 0, 'cancellation_fee': 'NO', 'breakfast': 1, 'base_price': 8800, 'prices': [8800], 'price': 8800, 'old_price': 0, 'currency': 'RUB', 'payment_amount': 0, 'extras_variants': [], 'extras': {'28693': {'id': 28693, 'number': 1, 'extra_bed_type_id': 0, 'age': [0, 7], 'extra_bed': 0, 'free': 1}}, 'rate_id': 16047, 'deals': [], 'cancellation_type': 'free', 'credit_card': 0, 'bonus': 440, 'miles': 528, 'min_stay': 1, 'platichastyami': 0, 'mircashback': 880}, {'id': 525912, 'capacity': 2, 'prepayment': 'NO', 'nonrefundable': 0, 'cancellation_period': 0, 'cancellation_fee': 'NO', 'breakfast': 1, 'base_price': 10200, 'prices': [10200], 'price': 10200, 'old_price': 0, 'currency': 'RUB', 'payment_amount': 0, 'extras_variants': [], 'extras': {'28693': {'id': 28693, 'number': 1, 'extra_bed_type_id': 0, 'age': [0, 7], 'extra_bed': 0, 'free': 1}}, 'rate_id': 16047, 'deals': [], 'cancellation_type': 'free', 'credit_card': 0, 'bonus': 510, 'miles': 612, 'min_stay': 1, 'platichastyami': 0, 'mircashback': 1020}, {'id': '525911P', 'capacity': 1, 'prepayment': 'FULL', 'nonrefundable': 0, 'cancellation_period': 0, 'cancellation_fee': 'NO', 'breakfast': 1, 'base_price': 8800, 'prices': [8800], 'price': 8800, 'old_price': 0, 'currency': 'RUB', 'payment_amount': 8800, 'extras_variants': [], 'extras': {'28693': {'id': 28693, 'number': 1, 'extra_bed_type_id': 0, 'age': [0, 7], 'extra_bed': 0, 'free': 1}}, 'rate_id': 16047, 'deals': [], 'cancellation_type': 'free', 'credit_card': 0, 'bonus': 440, 'miles': 528, 'min_stay': 1, 'platichastyami': 0, 'mircashback': 880}, {'id': '525912P', 'capacity': 2, 'prepayment': 'FULL', 'nonrefundable': 0, 'cancellation_period': 0, 'cancellation_fee': 'NO', 'breakfast': 1, 'base_price': 10200, 'prices': [10200], 'price': 10200, 'old_price': 0, 'currency': 'RUB', 'payment_amount': 10200, 'extras_variants': [], 'extras': {'28693': {'id': 28693, 'number': 1, 'extra_bed_type_id': 0, 'age': [0, 7], 'extra_bed': 0, 'free': 1}}, 'rate_id': 16047, 'deals': [], 'cancellation_type': 'free', 'credit_card': 0, 'bonus': 510, 'miles': 612, 'min_stay': 1, 'platichastyami': 0, 'mircashback': 1020}]",8800.0,528,231_101hotels,2026-08-15
5816,,Стандартный TWIN,2,1,0,1,Двухместный,2,3,[{'single': 3}],"[{'id': '28699', 'number': '1', 'min_age': '0', 'max_age': '7', 'is_extra_bed': '0', 'extra_bed_type_id': '0'}]","[{'id': 525913, 'capacity': 1, 'prepayment': 'NO', 'nonrefundable': 0, 'cancellation_period': 0, 'cancellation_fee': 'NO', 'breakfast': 1, 'base_price': 10100, 'prices': [10100], 'price': 10100, 'old_price': 0, 'currency': 'RUB', 'payment_amount': 0, 'extras_variants': [], 'extras': {'28699': {'id': 28699, 'number': 1, 'extra_bed_type_id': 0, 'age': [0, 7], 'extra_bed': 0, 'free': 1}}, 'rate_id': 16047, 'deals': [], 'cancellation_type': 'free', 'credit_card': 0, 'bonus': 505, 'miles': 606, 'min_stay': 1, 'platichastyami': 0, 'mircashback': 1010}, {'id': 525914, 'capacity': 2, 'prepayment': 'NO', 'nonrefundable': 0, 'cancellation_period': 0, 'cancellation_fee': 'NO', 'breakfast': 1, 'base_price': 11750, 'prices': [11750], 'price': 11750, 'old_price': 0, 'currency': 'RUB', 'payment_amount': 0, 'extras_variants': [], 'extras': {'28699': {'id': 28699, 'number': 1, 'extra_bed_type_id': 0, 'age': [0, 7], 'extra_bed': 0, 'free': 1}}, 'rate_id': 16047, 'deals': [], 'cancellation_type': 'free', 'credit_card': 0, 'bonus': 588, 'miles': 705, 'min_stay': 1, 'platichastyami': 0, 'mircashback': 1175}, {'id': '525913P', 'capacity': 1, 'prepayment': 'FULL', 'nonrefundable': 0, 'cancellation_period': 0, 'cancellation_fee': 'NO', 'breakfast': 1, 'base_price': 10100, 'prices': [10100], 'price': 10100, 'old_price': 0, 'currency': 'RUB', 'payment_amount': 10100, 'extras_variants': [], 'extras': {'28699': {'id': 28699, 'number': 1, 'extra_bed_type_id': 0, 'age': [0, 7], 'extra_bed': 0, 'free': 1}}, 'rate_id': 16047, 'deals': [], 'cancellation_type': 'free', 'credit_card': 0, 'bonus': 505, 'miles': 606, 'min_stay': 1, 'platichastyami': 0, 'mircashback': 1010}, {'id': '525914P', 'capacity': 2, 'prepayment': 'FULL', 'nonrefundable': 0, 'cancellation_period': 0, 'cancellation_fee': 'NO', 'breakfast': 1, 'base_price': 11750, 'prices': [11750], 'price': 11750, 'old_price': 0, 'currency': 'RUB', 'payment_amount': 11750, 'extras_variants': [], 'extras': {'28699': {'id': 28699, 'number': 1, 'extra_bed_type_id': 0, 'age': [0, 7], 'extra_bed': 0, 'free': 1}}, 'rate_id': 16047, 'deals': [], 'cancellation_type': 'free', 'credit_card': 0, 'bonus': 588, 'miles': 705, 'min_stay': 1, 'platichastyami': 0, 'mircashback': 1175}]",10100.0,606,231_101hotels,2026-08-15
5817,,Стандартный DBL,2,1,0,1,Двухместный,2,3,"[{'double': 1}, {'single': 2}]","[{'id': '28698', 'number': '1', 'min_age': '0', 'max_age': '7', 'is_extra_bed': '0', 'extra_bed_type_id': '0'}]","[{'id': 525915, 'capacity': 1, 'prepayment': 'NO', 'nonrefundable': 0, 'cancellation_period': 0, 'cancellation_fee': 'NO', 'breakfast': 1, 'base_price': 10100, 'prices': [10100], 'price': 10100, 'old_price': 0, 'currency': 'RUB', 'payment_amount': 0, 'extras_variants': [], 'extras': {'28698': {'id': 28698, 'number': 1, 'extra_bed_type_id': 0, 'age': [0, 7], 'extra_bed': 0, 'free': 1}}, 'rate_id': 16047, 'deals': [], 'cancellation_type': 'free', 'credit_card': 0, 'bonus': 505, 'miles': 606, 'min_stay': 1, 'platichastyami': 0, 'mircashback': 1010}, {'id': 525916, 'capacity': 2, 'prepayment': 'NO', 'nonrefundable': 0, 'cancellation_period': 0, 'cancellation_fee': 'NO', 'breakfast': 1, 'base_price': 11750, 'prices': [11750], 'price': 11750, 'old_price': 0, 'currency': 'RUB', 'payment_amount': 0, 'extras_variants': [], 'extras': {'28698': {'id': 28698, 'number': 1, 'extra_bed_type_id': 0, 'age': [0, 7], 'extra_bed': 0, 'free': 1}}, 'rate_id': 16047, 'deals': [], 'cancellation_type': 'free', 'credit_card': 0, 'bonus': 588, 'miles': 705, 'min_stay': 1, 'platichastyami': 0, 'mircashback': 1175}, {'id': '525915P', 'capacity': 1, 'prepayment': 'FULL', 'nonrefundable': 0, 'cancellation_period': 0, 'cancellation_fee': 'NO', 'breakfast': 1, 'base_price': 10100, 'prices': [10100], 'price': 10100, 'old_price': 0, 'currency': 'RUB', 'payment_amount': 10100, 'extras_variants': [], 'extras': {'28698': {'id': 28698, 'number': 1, 'extra_bed_type_id': 0, 'age': [0, 7], 'extra_bed': 0, 'free': 1}}, 'rate_id': 16047, 'deals': [], 'cancellation_type': 'free', 'credit_card': 0, 'bonus': 505, 'miles': 606, 'min_stay': 1, 'platichastyami': 0, 'mircashback': 1010}, {'id': '525916P', 'capacity': 2, 'prepayment': 'FULL', 'nonrefundable': 0, 'cancellation_period': 0, 'cancellation_fee': 'NO', 'breakfast': 1, 'base_price': 11750, 'prices': [11750], 'price': 11750, 'old_price': 0, 'currency': 'RUB', 'payment_amount': 11750, 'extras_variants': [], 'extras': {'28698': {'id': 28698, 'number': 1, 'extra_bed_type_id': 0, 'age': [0, 7], 'extra_bed': 0, 'free': 1}}, 'rate_id': 16047, 'deals': [], 'cancellation_type': 'free', 'credit_card': 0, 'bonus': 588, 'miles': 705, 'min_stay': 1, 'platichastyami': 0, 'mircashback': 1175}]",10100.0,606,231_101hotels,2026-08-15
5819,,Джуниор,2,1,0,1,Сюит,27,1,[{'double': 1}],"[{'id': '28700', 'number': '1', 'min_age': '0', 'max_age': '7', 'is_extra_bed': '0', 'extra_bed_type_id': '0'}]","[{'id': 525923, 'capacity': 1, 'prepayment': 'NO', 'nonrefundable': 0, 'cancellation_period': 0, 'cancellation_fee': 'NO', 'breakfast': 1, 'base_price': 11650, 'prices': [11650], 'price': 11650, 'old_price': 0, 'currency': 'RUB', 'payment_amount': 0, 'extras_variants': [], 'extras': {'28700': {'id': 28700, 'number': 1, 'extra_bed_type_id': 0, 'age': [0, 7], 'extra_bed': 0, 'free': 1}}, 'rate_id': 16047, 'deals': [], 'cancellation_type': 'free', 'credit_card': 0, 'bonus': 583, 'miles': 699, 'min_stay': 1, 'platichastyami': 0, 'mircashback': 1165}, {'id': 525924, 'capacity': 2, 'prepayment': 'NO', 'nonrefundable': 0, 'cancellation_period': 0, 'cancellation_fee': 'NO', 'breakfast': 1, 'base_price': 12900, 'prices': [12900], 'price': 12900, 'old_price': 0, 'currency': 'RUB', 'payment_amount': 0, 'extras_variants': [], 'extras': {'28700': {'id': 28700, 'number': 1, 'extra_bed_type_id': 0, 'age': [0, 7], 'extra_bed': 0, 'free': 1}}, 'rate_id': 16047, 'deals': [], 'cancellation_type': 'free', 'credit_card': 0, 'bonus': 645, 'miles': 774, 'min_stay': 1, 'platichastyami': 0, 'mircashback': 1290}, {'id': '525923P', 'capacity': 1, 'prepayment': 'FULL', 'nonrefundable': 0, 'cancellation_period': 0, 'cancellation_fee': 'NO', 'breakfast': 1, 'base_price': 11650, 'prices': [11650], 'price': 11650, 'old_price': 0, 'currency': 'RUB', 'payment_amount': 11650, 'extras_variants': [], 'extras': {'28700': {'id': 28700, 'number': 1, 'extra_bed_type_id': 0, 'age': [0, 7], 'extra_bed': 0, 'free': 1}}, 'rate_id': 16047, 'deals': [], 'cancellation_type': 'free', 'credit_card': 0, 'bonus': 583, 'miles': 699, 'min_stay': 1, 'platichastyami': 0, 'mircashback': 1165}, {'id': '525924P', 'capacity': 2, 'prepayment': 'FULL', 'nonrefundable': 0, 'cancellation_period': 0, 'cancellation_fee': 'NO', 'breakfast': 1, 'base_price': 12900, 'prices': [12900], 'price': 12900, 'old_price': 0, 'currency': 'RUB', 'payment_amount': 12900, 'extras_variants': [], 'extras': {'28700': {'id': 28700, 'number': 1, 'extra_bed_type_id': 0, 'age': [0, 7], 'extra_bed': 0, 'free': 1}}, 'rate_id': 16047, 'deals': [], 'cancellation_type': 'free', 'credit_card': 0, 'bonus': 645, 'miles': 774, 'min_stay': 1, 'platichastyami': 0, 'mircashback': 1290}]",11650.0,699,231_101hotels,2026-08-15
45599,,Джуниор Семейный,2,1,0,1,Сюит,27,2,"[{'double': 1, 'sofa': 1}, {'single': 2, 'sofa': 1}]","[{'id': '28697', 'number': '1', 'min_age': '0', 'max_age': '7', 'is_extra_bed': '0', 'extra_bed_type_id': '0'}]","[{'id': 525925, 'capacity': 1, 'prepayment': 'NO', 'nonrefundable': 0, 'cancellation_period': 0, 'cancellation_fee': 'NO', 'breakfast': 1, 'base_price': 11650, 'prices': [11650], 'price': 11650, 'old_price': 0, 'currency': 'RUB', 'payment_amount': 0, 'extras_variants': [], 'extras': {'28697': {'id': 28697, 'number': 1, 'extra_bed_type_id': 0, 'age': [0, 7], 'extra_bed': 0, 'free': 1}}, 'rate_id': 16047, 'deals': [], 'cancellation_type': 'free', 'credit_card': 0, 'bonus': 583, 'miles': 699, 'min_stay': 1, 'platichastyami': 0, 'mircashback': 1165}, {'id': 525926, 'capacity': 2, 'prepayment': 'NO', 'nonrefundable': 0, 'cancellation_period': 0, 'cancellation_fee': 'NO', 'breakfast': 1, 'base_price': 12900, 'prices': [12900], 'price': 12900, 'old_price': 0, 'currency': 'RUB', 'payment_amount': 0, 'extras_variants': [], 'extras': {'28697': {'id': 28697, 'number': 1, 'extra_bed_type_id': 0, 'age': [0, 7], 'extra_bed': 0, 'free': 1}}, 'rate_id': 16047, 'deals': [], 'cancellation_type': 'free', 'credit_card': 0, 'bonus': 645, 'miles': 774, 'min_stay': 1, 'platichastyami': 0, 'mircashback': 1290}, {'id': '525925P', 'capacity': 1, 'prepayment': 'FULL', 'nonrefundable': 0, 'cancellation_period': 0, 'cancellation_fee': 'NO', 'breakfast': 1, 'base_price': 11650, 'prices': [11650], 'price': 11650, 'old_price': 0, 'currency': 'RUB', 'payment_amount': 11650, 'extras_variants': [], 'extras': {'28697': {'id': 28697, 'number': 1, 'extra_bed_type_id': 0, 'age': [0, 7], 'extra_bed': 0, 'free': 1}}, 'rate_id': 16047, 'deals': [], 'cancellation_type': 'free', 'credit_card': 0, 'bonus': 583, 'miles': 699, 'min_stay': 1, 'platichastyami': 0, 'mircashback': 1165}, {'id': '525926P', 'capacity': 2, 'prepayment': 'FULL', 'nonrefundable': 0, 'cancellation_period': 0, 'cancellation_fee': 'NO', 'breakfast': 1, 'base_price': 12900, 'prices': [12900], 'price': 12900, 'old_price': 0, 'currency': 'RUB', 'payment_amount': 12900, 'extras_variants': [], 'extras': {'28697': {'id': 28697, 'number': 1, 'extra_bed_type_id': 0, 'age': [0, 7], 'extra_bed': 0, 'free': 1}}, 'rate_id': 16047, 'deals': [], 'cancellation_type': 'free', 'credit_card': 0, 'bonus': 645, 'miles': 774, 'min_stay': 1, 'platichastyami': 0, 'mircashback': 1290}]",11650.0,699,231_101hotels,2026-08-15
45600,,Двухкомнатный,2,1,0,1,Люкс,6,1,"[{'double': 1, 'sofa': 1}]","[{'id': '28696', 'number': '1', 'min_age': '0', 'max_age': '7', 'is_extra_bed': '0', 'extra_bed_type_id': '0'}]","[{'id': 525919, 'capacity': 1, 'prepayment': 'NO', 'nonrefundable': 0, 'cancellation_period': 0, 'cancellation_fee': 'NO', 'breakfast': 1, 'base_price': 21500, 'prices': [21500], 'price': 21500, 'old_price': 0, 'currency': 'RUB', 'payment_amount': 0, 'extras_variants': [], 'extras': {'28696': {'id': 28696, 'number': 1, 'extra_bed_type_id': 0, 'age': [0, 7], 'extra_bed': 0, 'free': 1}}, 'rate_id': 16047, 'deals': [], 'cancellation_type': 'free', 'credit_card': 0, 'bonus': 1075, 'miles': 1290, 'min_stay': 1, 'platichastyami': 0, 'mircashback': 2150}, {'id': 525920, 'capacity': 2, 'prepayment': 'NO', 'nonrefundable': 0, 'cancellation_period': 0, 'cancellation_fee': 'NO', 'breakfast': 1, 'base_price': 21500, 'prices': [21500], 'price': 21500, 'old_price': 0, 'currency': 'RUB', 'payment_amount': 0, 'extras_variants': [], 'extras': {'28696': {'id': 28696, 'number': 1, 'extra_bed_type_id': 0, 'age': [0, 7], 'extra_bed': 0, 'free': 1}}, 'rate_id': 16047, 'deals': [], 'cancellation_type': 'free', 'credit_card': 0, 'bonus': 1075, 'miles': 1290, 'min_stay': 1, 'platichastyami': 0, 'mircashback': 2150}, {'id': '525919P', 'capacity': 1, 'prepayment': 'FULL', 'nonrefundable': 0, 'cancellation_period': 0, 'cancellation_fee': 'NO', 'breakfast': 1, 'base_price': 21500, 'prices': [21500], 'price': 21500, 'old_price': 0, 'currency': 'RUB', 'payment_amount': 21500, 'extras_variants': [], 'extras': {'28696': {'id': 28696, 'number': 1, 'extra_bed_type_id': 0, 'age': [0, 7], 'extra_bed': 0, 'free': 1}}, 'rate_id': 16047, 'deals': [], 'cancellation_type': 'free', 'credit_card': 0, 'bonus': 1075, 'miles': 1290, 'min_stay': 1, 'platichastyami': 0, 'mircashback': 2150}, {'id': '525920P', 'capacity': 2, 'prepayment': 'FULL', 'nonrefundable': 0, 'cancellation_period': 0, 'cancellation_fee': 'NO', 'breakfast': 1, 'base_price': 21500, 'prices': [21500], 'price': 21500, 'old_price': 0, 'currency': 'RUB', 'payment_amount': 21500, 'extras_variants': [], 'extras': {'28696': {'id': 28696, 'number': 1, 'extra_bed_type_id': 0, 'age': [0, 7], 'extra_bed': 0, 'free': 1}}, 'rate_id': 16047, 'deals': [], 'cancellation_type': 'free', 'credit_card': 0, 'bonus': 1075, 'miles': 1290, 'min_stay': 1, 'platichastyami': 0, 'mircashback': 2150}]",21500.0,1290,231_101hotels,2026-08-15
804880,,Джуниор Бизнес,2,1,0,1,Сюит,27,1,"[{'single': 2, 'double': 1}]","[{'id': '28701', 'number': '1', 'min_age': '0', 'max_age': '7', 'is_extra_bed': '0', 'extra_bed_type_id': '0'}]","[{'id': 525927, 'capacity': 1, 'prepayment': 'NO', 'nonrefundable': 0, 'cancellation_period': 0, 'cancellation_fee': 'NO', 'breakfast': 1, 'base_price': 11650, 'prices': [11650], 'price': 11650, 'old_price': 0, 'currency': 'RUB', 'payment_amount': 0, 'extras_variants': [], 'extras': {'28701': {'id': 28701, 'number': 1, 'extra_bed_type_id': 0, 'age': [0, 7], 'extra_bed': 0, 'free': 1}}, 'rate_id': 16047, 'deals': [], 'cancellation_type': 'free', 'credit_card': 0, 'bonus': 583, 'miles': 699, 'min_stay': 1, 'platichastyami': 0, 'mircashback': 1165}, {'id': 525928, 'capacity': 2, 'prepayment': 'NO', 'nonrefundable': 0, 'cancellation_period': 0, 'cancellation_fee': 'NO', 'breakfast': 1, 'base_price': 12900, 'prices': [12900], 'price': 12900, 'old_price': 0, 'currency': 'RUB', 'payment_amount': 0, 'extras_variants': [], 'extras': {'28701': {'id': 28701, 'number': 1, 'extra_bed_type_id': 0, 'age': [0, 7], 'extra_bed': 0, 'free': 1}}, 'rate_id': 16047, 'deals': [], 'cancellation_type': 'free', 'credit_card': 0, 'bonus': 645, 'miles': 774, 'min_stay': 1, 'platichastyami': 0, 'mircashback': 1290}, {'id': '525927P', 'capacity': 1, 'prepayment': 'FULL', 'nonrefundable': 0, 'cancellation_period': 0, 'cancellation_fee': 'NO', 'breakfast': 1, 'base_price': 11650, 'prices': [11650], 'price': 11650, 'old_price': 0, 'currency': 'RUB', 'payment_amount': 11650, 'extras_variants': [], 'extras': {'28701': {'id': 28701, 'number': 1, 'extra_bed_type_id': 0, 'age': [0, 7], 'extra_bed': 0, 'free': 1}}, 'rate_id': 16047, 'deals': [], 'cancellation_type': 'free', 'credit_card': 0, 'bonus': 583, 'miles': 699, 'min_stay': 1, 'platichastyami': 0, 'mircashback': 1165}, {'id': '525928P', 'capacity': 2, 'prepayment': 'FULL', 'nonrefundable': 0, 'cancellation_period': 0, 'cancellation_fee': 'NO', 'breakfast': 1, 'base_price': 12900, 'prices': [12900], 'price': 12900, 'old_price': 0, 'currency': 'RUB', 'payment_amount': 12900, 'extras_variants': [], 'extras': {'28701': {'id': 28701, 'number': 1, 'extra_bed_type_id': 0, 'age': [0, 7], 'extra_bed': 0, 'free': 1}}, 'rate_id': 16047, 'deals': [], 'cancellation_type': 'free', 'credit_card': 0, 'bonus': 645, 'miles': 774, 'min_stay': 1, 'platichastyami': 0, 'mircashback': 1290}]",11650.0,699,231_101hotels,2026-08-15
1320188,,Семейный,2,1,0,1,Студио,5,1,"[{'double': 1, 'sofa': 1}]","[{'id': '28694', 'number': '1', 'min_age': '0', 'max_age': '7', 'is_extra_bed': '0', 'extra_bed_type_id': '0'}]","[{'id': 525917, 'capacity': 1, 'prepayment': 'NO', 'nonrefundable': 0, 'cancellation_period': 0, 'cancellation_fee': 'NO', 'breakfast': 1, 'base_price': 16500, 'prices': [16500], 'price': 16500, 'old_price': 0, 'currency': 'RUB', 'payment_amount': 0, 'extras_variants': [], 'extras': {'28694': {'id': 28694, 'number': 1, 'extra_bed_type_id': 0, 'age': [0, 7], 'extra_bed': 0, 'free': 1}}, 'rate_id': 16047, 'deals': [], 'cancellation_type': 'free', 'credit_card': 0, 'bonus': 825, 'miles': 990, 'min_stay': 1, 'platichastyami': 0, 'mircashback': 1650}, {'id': 525918, 'capacity': 2, 'prepayment': 'NO', 'nonrefundable': 0, 'cancellation_period': 0, 'cancellation_fee': 'NO', 'breakfast': 1, 'base_price': 16500, 'prices': [16500], 'price': 16500, 'old_price': 0, 'currency': 'RUB', 'payment_amount': 0, 'extras_variants': [], 'extras': {'28694': {'id': 28694, 'number': 1, 'extra_bed_type_id': 0, 'age': [0, 7], 'extra_bed': 0, 'free': 1}}, 'rate_id': 16047, 'deals': [], 'cancellation_type': 'free', 'credit_card': 0, 'bonus': 825, 'miles': 990, 'min_stay': 1, 'platichastyami': 0, 'mircashback': 1650}, {'id': '525917P', 'capacity': 1, 'prepayment': 'FULL', 'nonrefundable': 0, 'cancellation_period': 0, 'cancellation_fee': 'NO', 'breakfast': 1, 'base_price': 16500, 'prices': [16500], 'price': 16500, 'old_price': 0, 'currency': 'RUB', 'payment_amount': 16500, 'extras_variants': [], 'extras': {'28694': {'id': 28694, 'number': 1, 'extra_bed_type_id': 0, 'age': [0, 7], 'extra_bed': 0, 'free': 1}}, 'rate_id': 16047, 'deals': [], 'cancellation_type': 'free', 'credit_card': 0, 'bonus': 825, 'miles': 990, 'min_stay': 1, 'platichastyami': 0, 'mircashback': 1650}, {'id': '525918P', 'capacity': 2, 'prepayment': 'FULL', 'nonrefundable': 0, 'cancellation_period': 0, 'cancellation_fee': 'NO', 'breakfast': 1, 'base_price': 16500, 'prices': [16500], 'price': 16500, 'old_price': 0, 'currency': 'RUB', 'payment_amount': 16500, 'extras_variants': [], 'extras': {'28694': {'id': 28694, 'number': 1, 'extra_bed_type_id': 0, 'age': [0, 7], 'extra_bed': 0, 'free': 1}}, 'rate_id': 16047, 'deals': [], 'cancellation_type': 'free', 'credit_card': 0, 'bonus': 825, 'miles': 990, 'min_stay': 1, 'platichastyami': 0, 'mircashback': 1650}]",16500.0,990,231_101hotels,2026-08-15
5843,,Стандартный Double,2,0,0,1,Двухместный,2,2,[{'double': 1}],[],"[{'id': 304044, 'capacity': 1, 'prepayment': 'NO', 'nonrefundable': 0, 'cancellation_period': 0, 'cancellation_fee': 'NO', 'breakfast': 6, 'base_price': 5200, 'prices': [5200], 'price': 5200, 'old_price': 0, 'currency': 'RUB', 'payment_amount': 0, 'extras_variants': [], 'extras': [], 'rate_id': 2581, 'deals': [], 'cancellation_type': 'free', 'credit_card': 0, 'bonus': 260, 'miles': 312, 'min_stay': 1, 'platichastyami': 0, 'mircashback': 520}, {'id': 304045, 'capacity': 2, 'prepayment': 'NO', 'nonrefundable': 0, 'cancellation_period': 0, 'cancellation_fee': 'NO', 'breakfast': 6, 'base_price': 5700, 'prices': [5700], 'price': 5700, 'old_price': 0, 'currency': 'RUB', 'payment_amount': 0, 'extras_variants': [], 'extras': [], 'rate_id': 2581, 'deals': [], 'cancellation_type': 'free', 'credit_card': 0, 'bonus': 285, 'miles': 342, 'min_stay': 1, 'platichastyami': 0, 'mircashback': 570}, {'id': '304044P', 'capacity': 1, 'prepayment': 'FULL', 'nonrefundable': 0, 'cancellation_period': 0, 'cancellation_fee': 'NO', 'breakfast': 6, 'base_price': 5200, 'prices': [5200], 'price': 5200, 'old_price': 0, 'currency': 'RUB', 'payment_amount': 5200, 'extras_variants': [], 'extras': [], 'rate_id': 2581, 'deals': [], 'cancellation_type': 'free', 'credit_card': 0, 'bonus': 260, 'miles': 312, 'min_stay': 1, 'platichastyami': 0, 'mircashback': 520}, {'id': '304045P', 'capacity': 2, 'prepayment': 'FULL', 'nonrefundable': 0, 'cancellation_period': 0, 'cancellation_fee': 'NO', 'breakfast': 6, 'base_price': 5700, 'prices': [5700], 'price': 5700, 'old_price': 0, 'currency': 'RUB', 'payment_amount': 5700, 'extras_variants': [], 'extras': [], 'rate_id': 2581, 'deals': [], 'cancellation_type': 'free', 'credit_card': 0, 'bonus': 285, 'miles': 342, 'min_stay': 1, 'platichastyami': 0, 'mircashback': 570}]",5200.0,312,605_101hotels,2026-08-15
103694,,Стандартный Twin,2,0,0,1,Двухместный,2,1,[{'single': 2}],[],"[{'id': 304046, 'capacity': 1, 'prepayment': 'NO', 'nonrefundable': 0, 'cancellation_period': 0, 'cancellation_fee': 'NO', 'breakfast': 6, 'base_price': 5200, 'prices': [5200], 'price': 5200, 'old_price': 0, 'currency': 'RUB', 'payment_amount': 0, 'extras_variants': [], 'extras': [], 'rate_id': 2581, 'deals': [], 'cancellation_type': 'free', 'credit_card': 0, 'bonus': 260, 'miles': 312, 'min_stay': 1, 'platichastyami': 0, 'mircashback': 520}, {'id': 304047, 'capacity': 2, 'prepayment': 'NO', 'nonrefundable': 0, 'cancellation_period': 0, 'cancellation_fee': 'NO', 'breakfast': 6, 'base_price': 5700, 'prices': [5700], 'price': 5700, 'old_price': 0, 'currency': 'RUB', 'payment_amount': 0, 'extras_variants': [], 'extras': [], 'rate_id': 2581, 'deals': [], 'cancellation_type': 'free', 'credit_card': 0, 'bonus': 285, 'miles': 342, 'min_stay': 1, 'platichastyami': 0, 'mircashback': 570}, {'id': '304046P', 'capacity': 1, 'prepayment': 'FULL', 'nonrefundable': 0, 'cancellation_period': 0, 'cancellation_fee': 'NO', 'breakfast': 6, 'base_price': 5200, 'prices': [5200], 'price': 5200, 'old_price': 0, 'currency': 'RUB', 'payment_amount': 5200, 'extras_variants': [], 'extras': [], 'rate_id': 2581, 'deals': [], 'cancellation_type': 'free', 'credit_card': 0, 'bonus': 260, 'miles': 312, 'min_stay': 1, 'platichastyami': 0, 'mircashback': 520}, {'id': '304047P', 'capacity': 2, 'prepayment': 'FULL', 'nonrefundable': 0, 'cancellation_period': 0, 'cancellation_fee': 'NO', 'breakfast': 6, 'base_price': 5700, 'prices': [5700], 'price': 5700, 'old_price': 0, 'currency': 'RUB', 'payment_amount': 5700, 'extras_variants': [], 'extras': [], 'rate_id': 2581, 'deals': [], 'cancellation_type': 'free', 'credit_card': 0, 'bonus': 285, 'miles': 342, 'min_stay': 1, 'platichastyami': 0, 'mircashback': 570}]",5200.0,312,605_101hotels,2026-08-15
2221448,,Улучшенный,2,1,0,1,Двухместный,2,2,[{'double': 1}],[],"[{'id': 317252, 'capacity': 1, 'prepayment': 'NO', 'nonrefundable': 0, 'cancellation_period': 0, 'cancellation_fee': 'NO', 'breakfast': 6, 'base_price': 6000, 'prices': [6000], 'price': 6000, 'old_price': 0, 'currency': 'RUB', 'payment_amount': 0, 'extras_variants': [], 'extras': [], 'rate_id': 2581, 'deals': [], 'cancellation_type': 'free', 'credit_card': 0, 'bonus': 300, 'miles': 360, 'min_stay': 1, 'platichastyami': 0, 'mircashback': 600}, {'id': 317253, 'capacity': 2, 'prepayment': 'NO', 'nonrefundable': 0, 'cancellation_period': 0, 'cancellation_fee': 'NO', 'breakfast': 6, 'base_price': 6500, 'prices': [6500], 'price': 6500, 'old_price': 0, 'currency': 'RUB', 'payment_amount': 0, 'extras_variants': [], 'extras': [], 'rate_id': 2581, 'deals': [], 'cancellation_type': 'free', 'credit_card': 0, 'bonus': 325, 'miles': 390, 'min_stay': 1, 'platichastyami': 0, 'mircashback': 650}, {'id': '317252P', 'capacity': 1, 'prepayment': 'FULL', 'nonrefundable': 0, 'cancellation_period': 0, 'cancellation_fee': 'NO', 'breakfast': 6, 'base_price': 6000, 'prices': [6000], 'price': 6000, 'old_price': 0, 'currency': 'RUB', 'payment_amount': 6000, 'extras_variants': [], 'extras': [], 'rate_id': 2581, 'deals': [], 'cancellation_type': 'free', 'credit_card': 0, 'bonus': 300, 'miles': 360, 'min_stay': 1, 'platichastyami': 0, 'mircashback': 600}, {'id': '317253P', 'capacity': 2, 'prepayment': 'FULL', 'nonrefundable': 0, 'cancellation_period': 0, 'cancellation_fee': 'NO', 'breakfast': 6, 'base_price': 6500, 'prices': [6500], 'price': 6500, 'old_price': 0, 'currency': 'RUB', 'payment_amount': 6500, 'extras_variants': [], 'extras': [], 'rate_id': 2581, 'deals': [], 'cancellation_type': 'free', 'credit_card': 0, 'bonus': 325, 'miles': 390, 'min_stay': 1, 'platichastyami': 0, 'mircashback': 650}]",6000.0,360,605_101hotels,2026-08-15
21363,,Стандарт Double,2,1,0,1,Двухместный,2,1,"[{'double': 1}, {'single': 2}]",[],"[{'id': 493643, 'capacity': 1, 'prepayment': 'FIRST', 'nonrefundable': 0, 'cancellation_period': 1, 'cancellation_fee': 'FIRST', 'breakfast': 1, 'base_price': 8900, 'prices': [8900], 'price': 8900, 'old_price': 8900, 'currency': 'RUB', 'payment_amount': 8900, 'extras_variants': [], 'extras': [], 'rate_id': 13902, 'deals': [], 'cancellation_type': 'special', 'credit_card': 1, 'bonus': 445, 'miles': 534, 'min_stay': 1, 'platichastyami': 0, 'mircashback': 890}, {'id': 493644, 'capacity': 2, 'prepayment': 'FIRST', 'nonrefundable': 0, 'cancellation_period': 1, 'cancellation_fee': 'FIRST', 'breakfast': 1, 'base_price': 9500, 'prices': [9500], 'price': 9500, 'old_price': 9500, 'currency': 'RUB', 'payment_amount': 9500, 'extras_variants': [], 'extras': [], 'rate_id': 13902, 'deals': [], 'cancellation_type': 'special', 'credit_card': 1, 'bonus': 475, 'miles': 570, 'min_stay': 1, 'platichastyami': 0, 'mircashback': 950}]",8900.0,534,4397_101hotels,2026-08-15
863420,,Джуниор Сюит мансарда,2,1,0,1,Студио,5,1,[{'double': 1}],[],"[{'id': 493657, 'capacity': 1, 'prepayment': 'FIRST', 'nonrefundable': 0, 'cancellation_period': 1, 'cancellation_fee': 'FIRST', 'breakfast': 1, 'base_price': 10000, 'prices': [10000], 'price': 10000, 'old_price': 10000, 'currency': 'RUB', 'payment_amount': 10000, 'extras_variants': [], 'extras': [], 'rate_id': 13902, 'deals': [], 'cancellation_type': 'special', 'credit_card': 1, 'bonus': 500, 'miles': 600, 'min_stay': 1, 'platichastyami': 0, 'mircashback': 1000}, {'id': 493658, 'capacity': 2, 'prepayment': 'FIRST', 'nonrefundable': 0, 'cancellation_period': 1, 'cancellation_fee': 'FIRST', 'breakfast': 1, 'base_price': 10000, 'prices': [10000], 'price': 10000, 'old_price': 10000, 'currency': 'RUB', 'payment_amount': 10000, 'extras_variants': [], 'extras': [], 'rate_id': 13902, 'deals': [], 'cancellation_type': 'special', 'credit_card': 1, 'bonus': 500, 'miles': 600, 'min_stay': 1, 'platichastyami': 0, 'mircashback': 1000}]",10000.0,600,4397_101hotels,2026-08-15
863421,,Стандарт Twin мансарда,2,0,0,1,Двухместный,2,1,[{'single': 2}],[],"[{'id': 493647, 'capacity': 1, 'prepayment': 'FIRST', 'nonrefundable': 0, 'cancellation_period': 1, 'cancellation_fee': 'FIRST', 'breakfast': 1, 'base_price': 8200, 'prices': [8200], 'price': 8200, 'old_price': 8200, 'currency': 'RUB', 'payment_amount': 8200, 'extras_variants': [], 'extras': [], 'rate_id': 13902, 'deals': [], 'cancellation_type': 'special', 'credit_card': 1, 'bonus': 410, 'miles': 492, 'min_stay': 1, 'platichastyami': 0, 'mircashback': 820}, {'id': 493648, 'capacity': 2, 'prepayment': 'FIRST', 'nonrefundable': 0, 'cancellation_period': 1, 'cancellation_fee': 'FIRST', 'breakfast': 1, 'base_price': 8900, 'prices': [8900], 'price': 8900, 'old_price': 8900, 'currency': 'RUB', 'payment_amount': 8900, 'extras_variants': [], 'extras': [], 'rate_id': 13902, 'deals': [], 'cancellation_type': 'special', 'credit_card': 1, 'bonus': 445, 'miles': 534, 'min_stay': 1, 'platichastyami': 0, 'mircashback': 890}]",8200.0,492,4397_101hotels,2026-08-15
863422,,Стандарт Double мансарда,2,0,0,1,Двухместный,2,2,[{'double': 1}],[],"[{'id': 493649, 'capacity': 1, 'prepayment': 'FIRST', 'nonrefundable': 0, 'cancellation_period': 1, 'cancellation_fee': 'FIRST', 'breakfast': 1, 'base_price': 8200, 'prices': [8200], 'price': 8200, 'old_price': 8200, 'currency': 'RUB', 'payment_amount': 8200, 'extras_variants': [], 'extras': [], 'rate_id': 13902, 'deals': [], 'cancellation_type': 'special', 'credit_card': 1, 'bonus': 410, 'miles': 492, 'min_stay': 1, 'platichastyami': 0, 'mircashback': 820}, {'id': 493650, 'capacity': 2, 'prepayment': 'FIRST', 'nonrefundable': 0, 'cancellation_period': 1, 'cancellation_fee': 'FIRST', 'breakfast': 1, 'base_price': 8900, 'prices': [8900], 'price': 8900, 'old_price': 8900, 'currency': 'RUB', 'payment_amount': 8900, 'extras_variants': [], 'extras': [], 'rate_id': 13902, 'deals': [], 'cancellation_type': 'special', 'credit_card': 1, 'bonus': 445, 'miles': 534, 'min_stay': 1, 'platichastyami': 0, 'mircashback': 890}]",8200.0,492,4397_101hotels,2026-08-15
2278068,,Deluxe с кроватью king-size,2,0,0,1,Двухместный,2,3,[{'double': 1}],[],"[{'id': 835365, 'capacity': 1, 'prepayment': 'FIRST', 'nonrefundable': 0, 'cancellation_period': 1, 'cancellation_fee': 'FIRST', 'breakfast': 1, 'base_price': 8600, 'prices': [8600], 'price': 8600, 'old_price': 8600, 'currency': 'RUB', 'payment_amount': 8600, 'extras_variants': [], 'extras': [], 'rate_id': 37723, 'deals': [], 'cancellation_type': 'special', 'credit_card': 1, 'bonus': 430, 'miles': 516, 'min_stay': 1, 'platichastyami': 0, 'mircashback': 860}, {'id': 835366, 'capacity': 2, 'prepayment': 'FIRST', 'nonrefundable': 0, 'cancellation_period': 1, 'cancellation_fee': 'FIRST', 'breakfast': 1, 'base_price': 10600, 'prices': [10600], 'price': 10600, 'old_price': 10600, 'currency': 'RUB', 'payment_amount': 10600, 'extras_variants': [], 'extras': [], 'rate_id': 37723, 'deals': [], 'cancellation_type': 'special', 'credit_card': 1, 'bonus': 530, 'miles': 636, 'min_stay': 1, 'platichastyami': 0, 'mircashback': 1060}]",8600.0,516,2397_101hotels,2026-08-15
2278072,,Deluxe Business с кроватью king-size,2,0,0,1,Двухместный,2,6,[{'double': 1}],[],"[{'id': 835391, 'capacity': 1, 'prepayment': 'FIRST', 'nonrefundable': 0, 'cancellation_period': 1, 'cancellation_fee': 'FIRST', 'breakfast': 1, 'base_price': 10600, 'prices': [10600], 'price': 9010, 'old_price': 10600, 'currency': 'RUB', 'payment_amount': 10600, 'extras_variants': [], 'extras': [], 'rate_id': 37754, 'deals': ['LAST_MINUTE'], 'cancellation_type': 'special', 'credit_card': 1, 'bonus': 451, 'miles': 540, 'min_stay': 1, 'platichastyami': 0, 'mircashback': 901}, {'id': 835392, 'capacity': 2, 'prepayment': 'FIRST', 'nonrefundable': 0, 'cancellation_period': 1, 'cancellation_fee': 'FIRST', 'breakfast': 1, 'base_price': 12600, 'prices': [12600], 'price': 10710, 'old_price': 12600, 'currency': 'RUB', 'payment_amount': 12600, 'extras_variants': [], 'extras': [], 'rate_id': 37754, 'deals': ['LAST_MINUTE'], 'cancellation_type': 'special', 'credit_card': 1, 'bonus': 536, 'miles': 642, 'min_stay': 1, 'platichastyami': 0, 'mircashback': 1071}]",9010.0,540,2397_101hotels,2026-08-15
2278121,,Deluxe c 2 односпальными кроватями,2,0,0,1,Двухместный,2,3,[{'single': 2}],[],"[{'id': 835367, 'capacity': 1, 'prepayment': 'FIRST', 'nonrefundable': 0, 'cancellation_period': 1, 'cancellation_fee': 'FIRST', 'breakfast': 1, 'base_price': 6800, 'prices': [6800], 'price': 6800, 'old_price': 6800, 'currency': 'RUB', 'payment_amount': 6800, 'extras_variants': [], 'extras': [], 'rate_id': 37723, 'deals': [], 'cancellation_type': 'special', 'credit_card': 1, 'bonus': 340, 'miles': 408, 'min_stay': 1, 'platichastyami': 0, 'mircashback': 680}, {'id': 835368, 'capacity': 2, 'prepayment': 'FIRST', 'nonrefundable': 0, 'cancellation_period': 1, 'cancellation_fee': 'FIRST', 'breakfast': 1, 'base_price': 8800, 'prices': [8800], 'price': 8800, 'old_price': 8800, 'currency': 'RUB', 'payment_amount': 8800, 'extras_variants': [], 'extras': [], 'rate_id': 37723, 'deals': [], 'cancellation_type': 'special', 'credit_card': 1, 'bonus': 440, 'miles': 528, 'min_stay': 1, 'platichastyami': 0, 'mircashback': 880}]",6800.0,408,2397_101hotels,2026-08-15
2278124,,Deluxe Business c 2 односпальными кроватями,2,0,0,1,Двухместный,2,42,[{'double': 1}],[],"[{'id': 835393, 'capacity': 1, 'prepayment': 'FIRST', 'nonrefundable': 0, 'cancellation_period': 1, 'cancellation_fee': 'FIRST', 'breakfast': 1, 'base_price': 7800, 'prices': [7800], 'price': 6630, 'old_price': 7800, 'currency': 'RUB', 'payment_amount': 7800, 'extras_variants': [], 'extras': [], 'rate_id': 37754, 'deals': ['LAST_MINUTE'], 'cancellation_type': 'special', 'credit_card': 1, 'bonus': 332, 'miles': 396, 'min_stay': 1, 'platichastyami': 0, 'mircashback': 663}, {'id': 835394, 'capacity': 2, 'prepayment': 'FIRST', 'nonrefundable': 0, 'cancellation_period': 1, 'cancellation_fee': 'FIRST', 'breakfast': 1, 'base_price': 10000, 'prices': [10000], 'price': 8500, 'old_price': 10000, 'currency': 'RUB', 'payment_amount': 10000, 'extras_variants': [], 'extras': [], 'rate_id': 37754, 'deals': ['LAST_MINUTE'], 'cancellation_type': 'special', 'credit_card': 1, 'bonus': 425, 'miles': 510, 'min_stay': 1, 'platichastyami': 0, 'mircashback': 850}]",6630.0,396,2397_101hotels,2026-08-15
47335,,"II категории, Улучшенный",1,0,0,1,Одноместный,1,6,[{'single': 1}],[],"[{'id': 613984, 'capacity': 1, 'prepayment': 'NO', 'nonrefundable': 0, 'cancellation_period': 0, 'cancellation_fee': 'NO', 'breakfast': 0, 'base_price': 3200, 'prices': [3200], 'price': 3200, 'old_price': 3200, 'currency': 'RUB', 'payment_amount': 0, 'extras_variants': [], 'extras': [], 'rate_id': 18378, 'deals': [], 'cancellation_type': 'free', 'credit_card': 0, 'bonus': 160, 'miles': 192, 'min_stay': 1, 'platichastyami': 0, 'mircashback': 320}, {'id': '613984P', 'capacity': 1, 'prepayment': 'FULL', 'nonrefundable': 0, 'cancellation_period': 0, 'cancellation_fee': 'NO', 'breakfast': 0, 'base_price': 3200, 'prices': [3200], 'price': 3200, 'old_price': 3200, 'currency': 'RUB', 'payment_amount': 3200, 'extras_variants': [], 'extras': [], 'rate_id': 18378, 'deals': [], 'cancellation_type': 'free', 'credit_card': 0, 'bonus': 160, 'miles': 192, 'min_stay': 1, 'platichastyami': 0, 'mircashback': 320}]",3200.0,192,9536_101hotels,2026-08-15
47336,,"II категории, Улучшенный",2,0,0,1,Двухместный,2,4,[{'single': 2}],[],"[{'id': 613985, 'capacity': 1, 'prepayment': 'NO', 'nonrefundable': 0, 'cancellation_period': 0, 'cancellation_fee': 'NO', 'breakfast': 0, 'base_price': 4500, 'prices': [4500], 'price': 4500, 'old_price': 4500, 'currency': 'RUB', 'payment_amount': 0, 'extras_variants': [], 'extras': [], 'rate_id': 18378, 'deals': [], 'cancellation_type': 'free', 'credit_card': 0, 'bonus': 225, 'miles': 270, 'min_stay': 1, 'platichastyami': 0, 'mircashback': 450}, {'id': 613986, 'capacity': 2, 'prepayment': 'NO', 'nonrefundable': 0, 'cancellation_period': 0, 'cancellation_fee': 'NO', 'breakfast': 0, 'base_price': 4500, 'prices': [4500], 'price': 4500, 'old_price': 4500, 'currency': 'RUB', 'payment_amount': 0, 'extras_variants': [], 'extras': [], 'rate_id': 18378, 'deals': [], 'cancellation_type': 'free', 'credit_card': 0, 'bonus': 225, 'miles': 270, 'min_stay': 1, 'platichastyami': 0, 'mircashback': 450}, {'id': '613985P', 'capacity': 1, 'prepayment': 'FULL', 'nonrefundable': 0, 'cancellation_period': 0, 'cancellation_fee': 'NO', 'breakfast': 0, 'base_price': 4500, 'prices': [4500], 'price': 4500, 'old_price': 4500, 'currency': 'RUB', 'payment_amount': 4500, 'extras_variants': [], 'extras': [], 'rate_id': 18378, 'deals': [], 'cancellation_type': 'free', 'credit_card': 0, 'bonus': 225, 'miles': 270, 'min_stay': 1, 'platichastyami': 0, 'mircashback': 450}, {'id': '613986P', 'capacity': 2, 'prepayment': 'FULL', 'nonrefundable': 0, 'cancellation_period': 0, 'cancellation_fee': 'NO', 'breakfast': 0, 'base_price': 4500, 'prices': [4500], 'price': 4500, 'old_price': 4500, 'currency': 'RUB', 'payment_amount': 4500, 'extras_variants': [], 'extras': [], 'rate_id': 18378, 'deals': [], 'cancellation_type': 'free', 'credit_card': 0, 'bonus': 225, 'miles': 270, 'min_stay': 1, 'platichastyami': 0, 'mircashback': 450}]",4500.0,270,9536_101hotels,2026-08-15
1607837,,"I категории, Комфорт",2,1,0,1,Двухместный,2,1,"[{'double': 1, 'sofa': 1}]",[],"[{'id': 613987, 'capacity': 1, 'prepayment': 'NO', 'nonrefundable': 0, 'cancellation_period': 0, 'cancellation_fee': 'NO', 'breakfast': 0, 'base_price': 6000, 'prices': [6000], 'price': 6000, 'old_price': 6000, 'currency': 'RUB', 'payment_amount': 0, 'extras_variants': [], 'extras': [], 'rate_id': 18378, 'deals': [], 'cancellation_type': 'free', 'credit_card': 0, 'bonus': 300, 'miles': 360, 'min_stay': 1, 'platichastyami': 0, 'mircashback': 600}, {'id': 613988, 'capacity': 2, 'prepayment': 'NO', 'nonrefundable': 0, 'cancellation_period': 0, 'cancellation_fee': 'NO', 'breakfast': 0, 'base_price': 6000, 'prices': [6000], 'price': 6000, 'old_price': 6000, 'currency': 'RUB', 'payment_amount': 0, 'extras_variants': [], 'extras': [], 'rate_id': 18378, 'deals': [], 'cancellation_type': 'free', 'credit_card': 0, 'bonus': 300, 'miles': 360, 'min_stay': 1, 'platichastyami': 0, 'mircashback': 600}, {'id': '613987P', 'capacity': 1, 'prepayment': 'FULL', 'nonrefundable': 0, 'cancellation_period': 0, 'cancellation_fee': 'NO', 'breakfast': 0, 'base_price': 6000, 'prices': [6000], 'price': 6000, 'old_price': 6000, 'currency': 'RUB', 'payment_amount': 6000, 'extras_variants': [], 'extras': [], 'rate_id': 18378, 'deals': [], 'cancellation_type': 'free', 'credit_card': 0, 'bonus': 300, 'miles': 360, 'min_stay': 1, 'platichastyami': 0, 'mircashback': 600}, {'id': '613988P', 'capacity': 2, 'prepayment': 'FULL', 'nonrefundable': 0, 'cancellation_period': 0, 'cancellation_fee': 'NO', 'breakfast': 0, 'base_price': 6000, 'prices': [6000], 'price': 6000, 'old_price': 6000, 'currency': 'RUB', 'payment_amount': 6000, 'extras_variants': [], 'extras': [], 'rate_id': 18378, 'deals': [], 'cancellation_type': 'free', 'credit_card': 0, 'bonus': 300, 'miles': 360, 'min_stay': 1, 'platichastyami': 0, 'mircashback': 600}]",6000.0,360,9536_101hotels,2026-08-15
2220536,,Стандарт с 1 кроватью,2,0,0,1,Двухместный,2,1,[{'double': 1}],[],"[{'id': 321835, 'capacity': 1, 'prepayment': 'NO', 'nonrefundable': 0, 'cancellation_period': 0, 'cancellation_fee': 'NO', 'breakfast': 1, 'base_price': 18850, 'prices': [18850], 'price': 18850, 'old_price': 18850, 'currency': 'RUB', 'payment_amount': 0, 'extras_variants': [], 'extras': [], 'rate_id': 3347, 'deals': [], 'cancellation_type': 'free', 'credit_card': 0, 'bonus': 943, 'miles': 1131, 'min_stay': 1, 'platichastyami': 0, 'mircashback': 1885}, {'id': 321836, 'capacity': 2, 'prepayment': 'NO', 'nonrefundable': 0, 'cancellation_period': 0, 'cancellation_fee': 'NO', 'breakfast': 1, 'base_price': 42250, 'prices': [42250], 'price': 42250, 'old_price': 42250, 'currency': 'RUB', 'payment_amount': 0, 'extras_variants': [], 'extras': [], 'rate_id': 3347, 'deals': [], 'cancellation_type': 'free', 'credit_card': 0, 'bonus': 2113, 'miles': 2535, 'min_stay': 1, 'platichastyami': 0, 'mircashback': 4225}]",18850.0,1131,510842_101hotels,2026-08-15
2220537,,Стандартный номер с 1 большой или 2 раздельными кроватями,2,0,0,1,Двухместный,2,1,"[{'single': 2}, {'double': 1}]",[],"[{'id': 321837, 'capacity': 1, 'prepayment': 'NO', 'nonrefundable': 0, 'cancellation_period': 0, 'cancellation_fee': 'NO', 'breakfast': 1, 'base_price': 18850, 'prices': [18850], 'price': 18850, 'old_price': 18850, 'currency': 'RUB', 'payment_amount': 0, 'extras_variants': [], 'extras': [], 'rate_id': 3347, 'deals': [], 'cancellation_type': 'free', 'credit_card': 0, 'bonus': 943, 'miles': 1131, 'min_stay': 1, 'platichastyami': 0, 'mircashback': 1885}, {'id': 321838, 'capacity': 2, 'prepayment': 'NO', 'nonrefundable': 0, 'cancellation_period': 0, 'cancellation_fee': 'NO', 'breakfast': 1, 'base_price': 42250, 'prices': [42250], 'price': 42250, 'old_price': 42250, 'currency': 'RUB', 'payment_amount': 0, 'extras_variants': [], 'extras': [], 'rate_id': 3347, 'deals': [], 'cancellation_type': 'free', 'credit_card': 0, 'bonus': 2113, 'miles': 2535, 'min_stay': 1, 'platichastyami': 0, 'mircashback': 4225}]",18850.0,1131,510842_101hotels,2026-08-15
2220546,,,2,1,0,1,Люкс,6,2,[{'double': 1}],[],"[{'id': 321843, 'capacity': 1, 'prepayment': 'NO', 'nonrefundable': 0, 'cancellation_period': 0, 'cancellation_fee': 'NO', 'breakfast': 1, 'base_price': 33150, 'prices': [33150], 'price': 33150, 'old_price': 33150, 'currency': 'RUB', 'payment_amount': 0, 'extras_variants': [], 'extras': [], 'rate_id': 3347, 'deals': [], 'cancellation_type': 'free', 'credit_card': 0, 'bonus': 1658, 'miles': 1989, 'min_stay': 1, 'platichastyami': 0, 'mircashback': 3315}, {'id': 321844, 'capacity': 2, 'prepayment': 'NO', 'nonrefundable': 0, 'cancellation_period': 0, 'cancellation_fee': 'NO', 'breakfast': 1, 'base_price': 36530, 'prices': [36530], 'price': 36530, 'old_price': 36530, 'currency': 'RUB', 'payment_amount': 0, 'extras_variants': [], 'extras': [], 'rate_id': 3347, 'deals': [], 'cancellation_type': 'free', 'credit_card': 0, 'bonus': 1827, 'miles': 2190, 'min_stay': 1, 'platichastyami': 0, 'mircashback': 3653}]",33150.0,1989,510842_101hotels,2026-08-15
74046,,Эконом,1,0,0,0,Двухместный,2,3,[{'double': 1}],[],"[{'id': 1174153, 'capacity': 1, 'prepayment': 'NO', 'nonrefundable': 0, 'cancellation_period': 0, 'cancellation_fee': 'NO', 'breakfast': 0, 'base_price': 3900, 'prices': [3900], 'price': 3900, 'old_price': 3900, 'currency': 'RUB', 'payment_amount': 0, 'extras_variants': [], 'extras': [], 'rate_id': 59818, 'deals': [], 'cancellation_type': 'free', 'credit_card': 0, 'bonus': 195, 'miles': 234, 'min_stay': 1, 'platichastyami': 0, 'mircashback': 390}, {'id': '1174153P', 'capacity': 1, 'prepayment': 'FULL', 'nonrefundable': 0, 'cancellation_period': 0, 'cancellation_fee': 'NO', 'breakfast': 0, 'base_price': 3900, 'prices': [3900], 'price': 3900, 'old_price': 3900, 'currency': 'RUB', 'payment_amount': 3900, 'extras_variants': [], 'extras': [], 'rate_id': 59818, 'deals': [], 'cancellation_type': 'free', 'credit_card': 0, 'bonus': 195, 'miles': 234, 'min_stay': 1, 'platichastyami': 0, 'mircashback': 390}]",3900.0,234,14081_101hotels,2026-08-15
74048,,Эконом,3,0,1,0,Трехместный,37,5,[{'single': 1}],[],"[{'id': 1174154, 'capacity': 1, 'prepayment': 'NO', 'nonrefundable': 0, 'cancellation_period': 0, 'cancellation_fee': 'NO', 'breakfast': 0, 'base_price': 2600, 'prices': [2600], 'price': 2600, 'old_price': 2600, 'currency': 'RUB', 'payment_amount': 0, 'extras_variants': [], 'extras': [], 'rate_id': 59818, 'deals': [], 'cancellation_type': 'free', 'credit_card': 0, 'bonus': 130, 'miles': 156, 'min_stay': 1, 'platichastyami': 0, 'mircashback': 260}, {'id': '1174154P', 'capacity': 1, 'prepayment': 'FULL', 'nonrefundable': 0, 'cancellation_period': 0, 'cancellation_fee': 'NO', 'breakfast': 0, 'base_price': 2600, 'prices': [2600], 'price': 2600, 'old_price': 2600, 'currency': 'RUB', 'payment_amount': 2600, 'extras_variants': [], 'extras': [], 'rate_id': 59818, 'deals': [], 'cancellation_type': 'free', 'credit_card': 0, 'bonus': 130, 'miles': 156, 'min_stay': 1, 'platichastyami': 0, 'mircashback': 260}]",2600.0,156,14081_101hotels,2026-08-15
603292,,СТАНДАРТ,1,0,0,1,Одноместный,1,1,[{'single': 1}],[],"[{'id': 1174150, 'capacity': 1, 'prepayment': 'NO', 'nonrefundable': 0, 'cancellation_period': 0, 'cancellation_fee': 'NO', 'breakfast': 0, 'base_price': 5200, 'prices': [5200], 'price': 5200, 'old_price': 5200, 'currency': 'RUB', 'payment_amount': 0, 'extras_variants': [], 'extras': [], 'rate_id': 59818, 'deals': [], 'cancellation_type': 'free', 'credit_card': 0, 'bonus': 260, 'miles': 312, 'min_stay': 1, 'platichastyami': 0, 'mircashback': 520}, {'id': '1174150P', 'capacity': 1, 'prepayment': 'FULL', 'nonrefundable': 0, 'cancellation_period': 0, 'cancellation_fee': 'NO', 'breakfast': 0, 'base_price': 5200, 'prices': [5200], 'price': 5200, 'old_price': 5200, 'currency': 'RUB', 'payment_amount': 5200, 'extras_variants': [], 'extras': [], 'rate_id': 59818, 'deals': [], 'cancellation_type': 'free', 'credit_card': 0, 'bonus': 260, 'miles': 312, 'min_stay': 1, 'platichastyami': 0, 'mircashback': 520}]",5200.0,312,14081_101hotels,2026-08-15
2260915,,Люкс,2,1,0,1,Двухместный,2,4,[{'double': 1}],[],"[{'id': 697771, 'capacity': 1, 'prepayment': 'FULL', 'nonrefundable': 0, 'cancellation_period': 0, 'cancellation_fee': 'NO', 'breakfast': 0, 'base_price': 5200, 'prices': [5200], 'price': 5200, 'old_price': 5200, 'currency': 'RUB', 'payment_amount': 5200, 'extras_variants': [], 'extras': [], 'rate_id': 28245, 'deals': [], 'cancellation_type': 'free', 'credit_card': 1, 'bonus': 260, 'miles': 312, 'min_stay': 1, 'platichastyami': 0, 'mircashback': 520}, {'id': 697772, 'capacity': 2, 'prepayment': 'FULL', 'nonrefundable': 0, 'cancellation_period': 0, 'cancellation_fee': 'NO', 'breakfast': 0, 'base_price': 5200, 'prices': [5200], 'price': 5200, 'old_price': 5200, 'currency': 'RUB', 'payment_amount': 5200, 'extras_variants': [], 'extras': [], 'rate_id': 28245, 'deals': [], 'cancellation_type': 'free', 'credit_card': 1, 'bonus': 260, 'miles': 312, 'min_stay': 1, 'platichastyami': 0, 'mircashback': 520}]",5200.0,312,661097_101hotels,2026-08-15
2261333,,Трехместный,3,1,0,1,Люкс,6,4,"[{'single': 1, 'double': 1}]",[],"[{'id': 701587, 'capacity': 1, 'prepayment': 'FULL', 'nonrefundable': 0, 'cancellation_period': 0, 'cancellation_fee': 'NO', 'breakfast': 0, 'base_price': 8100, 'prices': [8100], 'price': 8100, 'old_price': 8100, 'currency': 'RUB', 'payment_amount': 8100, 'extras_variants': [], 'extras': [], 'rate_id': 28245, 'deals': [], 'cancellation_type': 'free', 'credit_card': 1, 'bonus': 405, 'miles': 486, 'min_stay': 1, 'platichastyami': 0, 'mircashback': 810}, {'id': 701588, 'capacity': 2, 'prepayment': 'FULL', 'nonrefundable': 0, 'cancellation_period': 0, 'cancellation_fee': 'NO', 'breakfast': 0, 'base_price': 8100, 'prices': [8100], 'price': 8100, 'old_price': 8100, 'currency': 'RUB', 'payment_amount': 8100, 'extras_variants': [], 'extras': [], 'rate_id': 28245, 'deals': [], 'cancellation_type': 'free', 'credit_card': 1, 'bonus': 405, 'miles': 486, 'min_stay': 1, 'platichastyami': 0, 'mircashback': 810}, {'id': 701589, 'capacity': 3, 'prepayment': 'FULL', 'nonrefundable': 0, 'cancellation_period': 0, 'cancellation_fee': 'NO', 'breakfast': 0, 'base_price': 8100, 'prices': [8100], 'price': 8100, 'old_price': 8100, 'currency': 'RUB', 'payment_amount': 8100, 'extras_variants': [], 'extras': [], 'rate_id': 28245, 'deals': [], 'cancellation_type': 'free', 'credit_card': 1, 'bonus': 405, 'miles': 486, 'min_stay': 1, 'platichastyami': 0, 'mircashback': 810}]",8100.0,486,661097_101hotels,2026-08-15
2261340,,Койка эконом,4,0,1,1,Четырехместный,34,23,[{'single': 1}],[],"[{'id': 701592, 'capacity': 1, 'prepayment': 'FULL', 'nonrefundable': 0, 'cancellation_period': 0, 'cancellation_fee': 'NO', 'breakfast': 0, 'base_price': 2900, 'prices': [2900], 'price': 2900, 'old_price': 2900, 'currency': 'RUB', 'payment_amount': 2900, 'extras_variants': [], 'extras': [], 'rate_id': 28245, 'deals': [], 'cancellation_type': 'free', 'credit_card': 1, 'bonus': 145, 'miles': 174, 'min_stay': 1, 'platichastyami': 0, 'mircashback': 290}]",2900.0,174,661097_101hotels,2026-08-15
2261345,,Четырехместный,4,1,0,1,Люкс,6,2,"[{'single': 2, 'double': 1}]",[],"[{'id': 701612, 'capacity': 1, 'prepayment': 'FULL', 'nonrefundable': 0, 'cancellation_period': 0, 'cancellation_fee': 'NO', 'breakfast': 0, 'base_price': 10400, 'prices': [10400], 'price': 10400, 'old_price': 10400, 'currency': 'RUB', 'payment_amount': 10400, 'extras_variants': [], 'extras': [], 'rate_id': 28245, 'deals': [], 'cancellation_type': 'free', 'credit_card': 1, 'bonus': 520, 'miles': 624, 'min_stay': 1, 'platichastyami': 0, 'mircashback': 1040}, {'id': 701613, 'capacity': 2, 'prepayment': 'FULL', 'nonrefundable': 0, 'cancellation_period': 0, 'cancellation_fee': 'NO', 'breakfast': 0, 'base_price': 10400, 'prices': [10400], 'price': 10400, 'old_price': 10400, 'currency': 'RUB', 'payment_amount': 10400, 'extras_variants': [], 'extras': [], 'rate_id': 28245, 'deals': [], 'cancellation_type': 'free', 'credit_card': 1, 'bonus': 520, 'miles': 624, 'min_stay': 1, 'platichastyami': 0, 'mircashback': 1040}, {'id': 701614, 'capacity': 3, 'prepayment': 'FULL', 'nonrefundable': 0, 'cancellation_period': 0, 'cancellation_fee': 'NO', 'breakfast': 0, 'base_price': 10400, 'prices': [10400], 'price': 10400, 'old_price': 10400, 'currency': 'RUB', 'payment_amount': 10400, 'extras_variants': [], 'extras': [], 'rate_id': 28245, 'deals': [], 'cancellation_type': 'free', 'credit_card': 1, 'bonus': 520, 'miles': 624, 'min_stay': 1, 'platichastyami': 0, 'mircashback': 1040}, {'id': 701615, 'capacity': 4, 'prepayment': 'FULL', 'nonrefundable': 0, 'cancellation_period': 0, 'cancellation_fee': 'NO', 'breakfast': 0, 'base_price': 10400, 'prices': [10400], 'price': 10400, 'old_price': 10400, 'currency': 'RUB', 'payment_amount': 10400, 'extras_variants': [], 'extras': [], 'rate_id': 28245, 'deals': [], 'cancellation_type': 'free', 'credit_card': 1, 'bonus': 520, 'miles': 624, 'min_stay': 1, 'platichastyami': 0, 'mircashback': 1040}]",10400.0,624,661097_101hotels,2026-08-15
2286594,,Прованс,1,1,0,1,Двухместный,2,1,[{'double': 1}],[],"[{'id': 984765, 'capacity': 1, 'prepayment': 'FIRST', 'nonrefundable': 0, 'cancellation_period': 3, 'cancellation_fee': 'FIRST', 'breakfast': 1, 'base_price': 5300, 'prices': [5300], 'price': 5300, 'old_price': 5300, 'currency': 'RUB', 'payment_amount': 5300, 'extras_variants': [], 'extras': [], 'rate_id': 46655, 'deals': [], 'cancellation_type': 'special', 'credit_card': 1, 'bonus': 265, 'miles': 318, 'min_stay': 1, 'platichastyami': 0, 'mircashback': 530}]",5300.0,318,669748_101hotels,2026-08-15
2286595,,Лазурный,1,1,0,1,Двухместный,2,1,[{'double': 1}],[],"[{'id': 984767, 'capacity': 1, 'prepayment': 'FIRST', 'nonrefundable': 0, 'cancellation_period': 3, 'cancellation_fee': 'FIRST', 'breakfast': 1, 'base_price': 6000, 'prices': [6000], 'price': 6000, 'old_price': 6000, 'currency': 'RUB', 'payment_amount': 6000, 'extras_variants': [], 'extras': [], 'rate_id': 46655, 'deals': [], 'cancellation_type': 'special', 'credit_card': 1, 'bonus': 300, 'miles': 360, 'min_stay': 1, 'platichastyami': 0, 'mircashback': 600}]",6000.0,360,669748_101hotels,2026-08-15
2286596,,Купеческий,1,1,0,1,Двухместный,2,1,[{'double': 1}],[],"[{'id': 984769, 'capacity': 1, 'prepayment': 'FIRST', 'nonrefundable': 0, 'cancellation_period': 3, 'cancellation_fee': 'FIRST', 'breakfast': 1, 'base_price': 6000, 'prices': [6000], 'price': 6000, 'old_price': 6000, 'currency': 'RUB', 'payment_amount': 6000, 'extras_variants': [], 'extras': [], 'rate_id': 46655, 'deals': [], 'cancellation_type': 'special', 'credit_card': 1, 'bonus': 300, 'miles': 360, 'min_stay': 1, 'platichastyami': 0, 'mircashback': 600}]",6000.0,360,669748_101hotels,2026-08-15
2286597,,Кочевник,2,1,0,1,Двухместный,2,1,"[{'double': 1, 'f-chair': 1}]",[],"[{'id': 984771, 'capacity': 1, 'prepayment': 'FIRST', 'nonrefundable': 0, 'cancellation_period': 3, 'cancellation_fee': 'FIRST', 'breakfast': 1, 'base_price': 6000, 'prices': [6000], 'price': 6000, 'old_price': 6000, 'currency': 'RUB', 'payment_amount': 6000, 'extras_variants': [], 'extras': [], 'rate_id': 46655, 'deals': [], 'cancellation_type': 'special', 'credit_card': 1, 'bonus': 300, 'miles': 360, 'min_stay': 1, 'platichastyami': 0, 'mircashback': 600}, {'id': 984772, 'capacity': 2, 'prepayment': 'FIRST', 'nonrefundable': 0, 'cancellation_period': 3, 'cancellation_fee': 'FIRST', 'breakfast': 1, 'base_price': 7500, 'prices': [7500], 'price': 7500, 'old_price': 7500, 'currency': 'RUB', 'payment_amount': 7500, 'extras_variants': [], 'extras': [], 'rate_id': 46655, 'deals': [], 'cancellation_type': 'special', 'credit_card': 1, 'bonus': 375, 'miles': 450, 'min_stay': 1, 'platichastyami': 0, 'mircashback': 750}]",6000.0,360,669748_101hotels,2026-08-15
2286598,,Монгольский Хан,2,1,0,1,Двухместный,2,1,"[{'double': 1, 'f-chair': 1}]",[],"[{'id': 984773, 'capacity': 1, 'prepayment': 'FIRST', 'nonrefundable': 0, 'cancellation_period': 3, 'cancellation_fee': 'FIRST', 'breakfast': 1, 'base_price': 6600, 'prices': [6600], 'price': 6600, 'old_price': 6600, 'currency': 'RUB', 'payment_amount': 6600, 'extras_variants': [], 'extras': [], 'rate_id': 46655, 'deals': [], 'cancellation_type': 'special', 'credit_card': 1, 'bonus': 330, 'miles': 396, 'min_stay': 1, 'platichastyami': 0, 'mircashback': 660}, {'id': 984774, 'capacity': 2, 'prepayment': 'FIRST', 'nonrefundable': 0, 'cancellation_period': 3, 'cancellation_fee': 'FIRST', 'breakfast': 1, 'base_price': 8100, 'prices': [8100], 'price': 8100, 'old_price': 8100, 'currency': 'RUB', 'payment_amount': 8100, 'extras_variants': [], 'extras': [], 'rate_id': 46655, 'deals': [], 'cancellation_type': 'special', 'credit_card': 1, 'bonus': 405, 'miles': 486, 'min_stay': 1, 'platichastyami': 0, 'mircashback': 810}]",6600.0,396,669748_101hotels,2026-08-15
2286599,,Царские палаты,2,1,0,1,Двухместный,2,1,"[{'double': 1, 'sofa': 1}]",[],"[{'id': 984775, 'capacity': 1, 'prepayment': 'FIRST', 'nonrefundable': 0, 'cancellation_period': 3, 'cancellation_fee': 'FIRST', 'breakfast': 1, 'base_price': 7300, 'prices': [7300], 'price': 7300, 'old_price': 7300, 'currency': 'RUB', 'payment_amount': 7300, 'extras_variants': [], 'extras': [], 'rate_id': 46655, 'deals': [], 'cancellation_type': 'special', 'credit_card': 1, 'bonus': 365, 'miles': 438, 'min_stay': 1, 'platichastyami': 0, 'mircashback': 730}, {'id': 984776, 'capacity': 2, 'prepayment': 'FIRST', 'nonrefundable': 0, 'cancellation_period': 3, 'cancellation_fee': 'FIRST', 'breakfast': 1, 'base_price': 8800, 'prices': [8800], 'price': 8800, 'old_price': 8800, 'currency': 'RUB', 'payment_amount': 8800, 'extras_variants': [], 'extras': [], 'rate_id': 46655, 'deals': [], 'cancellation_type': 'special', 'credit_card': 1, 'bonus': 440, 'miles': 528, 'min_stay': 1, 'platichastyami': 0, 'mircashback': 880}]",7300.0,438,669748_101hotels,2026-08-15
74049,,Двухкомнатные апартаменты  103,4,0,0,1,Четырехместный,34,1,"[{'sofa': 1, 'g-double': 1}]",[],"[{'id': 1232037, 'capacity': 1, 'prepayment': 'FULL', 'nonrefundable': 0, 'cancellation_period': 1, 'cancellation_fee': 'FIRST', 'breakfast': 0, 'base_price': 2675, 'prices': [2675], 'price': 2407.5, 'old_price': 2675, 'currency': 'RUB', 'payment_amount': 2675, 'extras_variants': [], 'extras': [], 'rate_id': 63506, 'deals': ['LAST_MINUTE'], 'cancellation_type': 'special', 'credit_card': 1, 'bonus': 120, 'miles': 144, 'min_stay': 1, 'platichastyami': 0, 'mircashback': 241}, {'id': 1232038, 'capacity': 2, 'prepayment': 'FULL', 'nonrefundable': 0, 'cancellation_period': 1, 'cancellation_fee': 'FIRST', 'breakfast': 0, 'base_price': 2889, 'prices': [2889], 'price': 2600.1, 'old_price': 2889, 'currency': 'RUB', 'payment_amount': 2889, 'extras_variants': [], 'extras': [], 'rate_id': 63506, 'deals': ['LAST_MINUTE'], 'cancellation_type': 'special', 'credit_card': 1, 'bonus': 130, 'miles': 156, 'min_stay': 1, 'platichastyami': 0, 'mircashback': 260}, {'id': 1232039, 'capacity': 3, 'prepayment': 'FULL', 'nonrefundable': 0, 'cancellation_period': 1, 'cancellation_fee': 'FIRST', 'breakfast': 0, 'base_price': 3208.93, 'prices': [3208.93], 'price': 2888.04, 'old_price': 3208.93, 'currency': 'RUB', 'payment_amount': 3208.93, 'extras_variants': [], 'extras': [], 'rate_id': 63506, 'deals': ['LAST_MINUTE'], 'cancellation_type': 'special', 'credit_card': 1, 'bonus': 144, 'miles': 171, 'min_stay': 1, 'platichastyami': 0, 'mircashback': 289}, {'id': 1232040, 'capacity': 4, 'prepayment': 'FULL', 'nonrefundable': 0, 'cancellation_period': 1, 'cancellation_fee': 'FIRST', 'breakfast': 0, 'base_price': 3745, 'prices': [3745], 'price': 3370.5, 'old_price': 3745, 'currency': 'RUB', 'payment_amount': 3745, 'extras_variants': [], 'extras': [], 'rate_id': 63506, 'deals': ['LAST_MINUTE'], 'cancellation_type': 'special', 'credit_card': 1, 'bonus': 169, 'miles': 201, 'min_stay': 1, 'platichastyami': 0, 'mircashback': 337}]",2407.5,144,14082_101hotels,2026-08-15
74052,,Апартаменты - Люкс с гидромассажной ванной 304,2,0,0,1,Сюит,27,1,"[{'double': 1, 's-sofa': 1}]",[],"[{'id': 1232035, 'capacity': 1, 'prepayment': 'FULL', 'nonrefundable': 0, 'cancellation_period': 1, 'cancellation_fee': 'FIRST', 'breakfast': 0, 'base_price': 9095, 'prices': [9095], 'price': 8185.5, 'old_price': 9095, 'currency': 'RUB', 'payment_amount': 9095, 'extras_variants': [], 'extras': [], 'rate_id': 63506, 'deals': ['LAST_MINUTE'], 'cancellation_type': 'special', 'credit_card': 1, 'bonus': 409, 'miles': 489, 'min_stay': 1, 'platichastyami': 0, 'mircashback': 819}, {'id': 1232036, 'capacity': 2, 'prepayment': 'FULL', 'nonrefundable': 0, 'cancellation_period': 1, 'cancellation_fee': 'FIRST', 'breakfast': 0, 'base_price': 9095, 'prices': [9095], 'price': 8185.5, 'old_price': 9095, 'currency': 'RUB', 'payment_amount': 9095, 'extras_variants': [], 'extras': [], 'rate_id': 63506, 'deals': ['LAST_MINUTE'], 'cancellation_type': 'special', 'credit_card': 1, 'bonus': 409, 'miles': 489, 'min_stay': 1, 'platichastyami': 0, 'mircashback': 819}]",8185.5,489,14082_101hotels,2026-08-15
74053,,Двухкомнатные апартаменты -Люкс 204,4,0,0,1,Сюит,27,1,"[{'sofa': 1, 'g-double': 1}]",[],"[{'id': 1232041, 'capacity': 1, 'prepayment': 'FULL', 'nonrefundable': 0, 'cancellation_period': 1, 'cancellation_fee': 'FIRST', 'breakfast': 0, 'base_price': 4815, 'prices': [4815], 'price': 4333.5, 'old_price': 4815, 'currency': 'RUB', 'payment_amount': 4815, 'extras_variants': [], 'extras': [], 'rate_id': 63506, 'deals': ['LAST_MINUTE'], 'cancellation_type': 'special', 'credit_card': 1, 'bonus': 217, 'miles': 258, 'min_stay': 1, 'platichastyami': 0, 'mircashback': 433}, {'id': 1232042, 'capacity': 2, 'prepayment': 'FULL', 'nonrefundable': 0, 'cancellation_period': 1, 'cancellation_fee': 'FIRST', 'breakfast': 0, 'base_price': 5029, 'prices': [5029], 'price': 4526.1, 'old_price': 5029, 'currency': 'RUB', 'payment_amount': 5029, 'extras_variants': [], 'extras': [], 'rate_id': 63506, 'deals': ['LAST_MINUTE'], 'cancellation_type': 'special', 'credit_card': 1, 'bonus': 226, 'miles': 270, 'min_stay': 1, 'platichastyami': 0, 'mircashback': 453}, {'id': 1232043, 'capacity': 3, 'prepayment': 'FULL', 'nonrefundable': 0, 'cancellation_period': 1, 'cancellation_fee': 'FIRST', 'breakfast': 0, 'base_price': 5564, 'prices': [5564], 'price': 5007.6, 'old_price': 5564, 'currency': 'RUB', 'payment_amount': 5564, 'extras_variants': [], 'extras': [], 'rate_id': 63506, 'deals': ['LAST_MINUTE'], 'cancellation_type': 'special', 'credit_card': 1, 'bonus': 250, 'miles': 300, 'min_stay': 1, 'platichastyami': 0, 'mircashback': 501}, {'id': 1232044, 'capacity': 4, 'prepayment': 'FULL', 'nonrefundable': 0, 'cancellation_period': 1, 'cancellation_fee': 'FIRST', 'breakfast': 0, 'base_price': 6099, 'prices': [6099], 'price': 5489.1, 'old_price': 6099, 'currency': 'RUB', 'payment_amount': 6099, 'extras_variants': [], 'extras': [], 'rate_id': 63506, 'deals': ['LAST_MINUTE'], 'cancellation_type': 'special', 'credit_card': 1, 'bonus': 274, 'miles': 327, 'min_stay': 1, 'platichastyami': 0, 'mircashback': 549}]",4333.5,258,14082_101hotels,2026-08-15
74054,,Двухместный номер с одной кроватью 209,2,0,0,1,Двухместный,2,2,[{'sofa': 1}],[],"[{'id': 1232065, 'capacity': 1, 'prepayment': 'FULL', 'nonrefundable': 0, 'cancellation_period': 1, 'cancellation_fee': 'FIRST', 'breakfast': 0, 'base_price': 3103, 'prices': [3103], 'price': 2792.7, 'old_price': 3103, 'currency': 'RUB', 'payment_amount': 3103, 'extras_variants': [], 'extras': [], 'rate_id': 63506, 'deals': ['LAST_MINUTE'], 'cancellation_type': 'special', 'credit_card': 1, 'bonus': 140, 'miles': 165, 'min_stay': 1, 'platichastyami': 0, 'mircashback': 279}, {'id': 1232066, 'capacity': 2, 'prepayment': 'FULL', 'nonrefundable': 0, 'cancellation_period': 1, 'cancellation_fee': 'FIRST', 'breakfast': 0, 'base_price': 3638, 'prices': [3638], 'price': 3274.2, 'old_price': 3638, 'currency': 'RUB', 'payment_amount': 3638, 'extras_variants': [], 'extras': [], 'rate_id': 63506, 'deals': ['LAST_MINUTE'], 'cancellation_type': 'special', 'credit_card': 1, 'bonus': 164, 'miles': 195, 'min_stay': 1, 'platichastyami': 0, 'mircashback': 327}]",2792.7,165,14082_101hotels,2026-08-15
74057,,Двухместные апартаменты с кухней 302,2,0,0,1,Двухместный,2,1,[{'double': 1}],[],"[{'id': 1232063, 'capacity': 1, 'prepayment': 'FULL', 'nonrefundable': 0, 'cancellation_period': 1, 'cancellation_fee': 'FIRST', 'breakfast': 0, 'base_price': 3199.3, 'prices': [3199.3], 'price': 2879.37, 'old_price': 3199.3, 'currency': 'RUB', 'payment_amount': 3199.3, 'extras_variants': [], 'extras': [], 'rate_id': 63506, 'deals': ['LAST_MINUTE'], 'cancellation_type': 'special', 'credit_card': 1, 'bonus': 144, 'miles': 171, 'min_stay': 1, 'platichastyami': 0, 'mircashback': 288}, {'id': 1232064, 'capacity': 2, 'prepayment': 'FULL', 'nonrefundable': 0, 'cancellation_period': 1, 'cancellation_fee': 'FIRST', 'breakfast': 0, 'base_price': 3424, 'prices': [3424], 'price': 3081.6, 'old_price': 3424, 'currency': 'RUB', 'payment_amount': 3424, 'extras_variants': [], 'extras': [], 'rate_id': 63506, 'deals': ['LAST_MINUTE'], 'cancellation_type': 'special', 'credit_card': 1, 'bonus': 154, 'miles': 183, 'min_stay': 1, 'platichastyami': 0, 'mircashback': 308}]",2879.37,171,14082_101hotels,2026-08-15
2322362,,Двухкомнатные апартаменты 104,5,0,0,1,Апартаменты,14,1,"[{'double': 1, 'sofa': 2}]",[],"[{'id': 1232053, 'capacity': 1, 'prepayment': 'FULL', 'nonrefundable': 0, 'cancellation_period': 1, 'cancellation_fee': 'FIRST', 'breakfast': 0, 'base_price': 4815, 'prices': [4815], 'price': 4333.5, 'old_price': 4815, 'currency': 'RUB', 'payment_amount': 4815, 'extras_variants': [], 'extras': [], 'rate_id': 63506, 'deals': ['LAST_MINUTE'], 'cancellation_type': 'special', 'credit_card': 1, 'bonus': 217, 'miles': 258, 'min_stay': 1, 'platichastyami': 0, 'mircashback': 433}, {'id': 1232054, 'capacity': 2, 'prepayment': 'FULL', 'nonrefundable': 0, 'cancellation_period': 1, 'cancellation_fee': 'FIRST', 'breakfast': 0, 'base_price': 5029, 'prices': [5029], 'price': 4526.1, 'old_price': 5029, 'currency': 'RUB', 'payment_amount': 5029, 'extras_variants': [], 'extras': [], 'rate_id': 63506, 'deals': ['LAST_MINUTE'], 'cancellation_type': 'special', 'credit_card': 1, 'bonus': 226, 'miles': 270, 'min_stay': 1, 'platichastyami': 0, 'mircashback': 453}, {'id': 1232055, 'capacity': 3, 'prepayment': 'FULL', 'nonrefundable': 0, 'cancellation_period': 1, 'cancellation_fee': 'FIRST', 'breakfast': 0, 'base_price': 5669.93, 'prices': [5669.93], 'price': 5102.94, 'old_price': 5669.93, 'currency': 'RUB', 'payment_amount': 5669.93, 'extras_variants': [], 'extras': [], 'rate_id': 63506, 'deals': ['LAST_MINUTE'], 'cancellation_type': 'special', 'credit_card': 1, 'bonus': 255, 'miles': 306, 'min_stay': 1, 'platichastyami': 0, 'mircashback': 510}, {'id': 1232056, 'capacity': 4, 'prepayment': 'FULL', 'nonrefundable': 0, 'cancellation_period': 1, 'cancellation_fee': 'FIRST', 'breakfast': 0, 'base_price': 6195.3, 'prices': [6195.3], 'price': 5575.77, 'old_price': 6195.3, 'currency': 'RUB', 'payment_amount': 6195.3, 'extras_variants': [], 'extras': [], 'rate_id': 63506, 'deals': ['LAST_MINUTE'], 'cancellation_type': 'special', 'credit_card': 1, 'bonus': 279, 'miles': 333, 'min_stay': 1, 'platichastyami': 0, 'mircashback': 558}, {'id': 1232057, 'capacity': 5, 'prepayment': 'FULL', 'nonrefundable': 0, 'cancellation_period': 1, 'cancellation_fee': 'FIRST', 'breakfast': 0, 'base_price': 6634, 'prices': [6634], 'price': 5970.6, 'old_price': 6634, 'currency': 'RUB', 'payment_amount': 6634, 'extras_variants': [], 'extras': [], 'rate_id': 63506, 'deals': ['LAST_MINUTE'], 'cancellation_type': 'special', 'credit_card': 1, 'bonus': 299, 'miles': 357, 'min_stay': 1, 'platichastyami': 0, 'mircashback': 597}]",4333.5,258,14082_101hotels,2026-08-15
2322363,,Двухкомнатные апартаменты 107,5,0,0,1,Апартаменты,14,3,"[{'double': 1, 'sofa': 2}]",[],"[{'id': 1232058, 'capacity': 1, 'prepayment': 'FULL', 'nonrefundable': 0, 'cancellation_period': 1, 'cancellation_fee': 'FIRST', 'breakfast': 0, 'base_price': 4815, 'prices': [4815], 'price': 4333.5, 'old_price': 4815, 'currency': 'RUB', 'payment_amount': 4815, 'extras_variants': [], 'extras': [], 'rate_id': 63506, 'deals': ['LAST_MINUTE'], 'cancellation_type': 'special', 'credit_card': 1, 'bonus': 217, 'miles': 258, 'min_stay': 1, 'platichastyami': 0, 'mircashback': 433}, {'id': 1232059, 'capacity': 2, 'prepayment': 'FULL', 'nonrefundable': 0, 'cancellation_period': 1, 'cancellation_fee': 'FIRST', 'breakfast': 0, 'base_price': 5243, 'prices': [5243], 'price': 4718.7, 'old_price': 5243, 'currency': 'RUB', 'payment_amount': 5243, 'extras_variants': [], 'extras': [], 'rate_id': 63506, 'deals': ['LAST_MINUTE'], 'cancellation_type': 'special', 'credit_card': 1, 'bonus': 236, 'miles': 282, 'min_stay': 1, 'platichastyami': 0, 'mircashback': 472}, {'id': 1232060, 'capacity': 3, 'prepayment': 'FULL', 'nonrefundable': 0, 'cancellation_period': 1, 'cancellation_fee': 'FIRST', 'breakfast': 0, 'base_price': 5778, 'prices': [5778], 'price': 5200.2, 'old_price': 5778, 'currency': 'RUB', 'payment_amount': 5778, 'extras_variants': [], 'extras': [], 'rate_id': 63506, 'deals': ['LAST_MINUTE'], 'cancellation_type': 'special', 'credit_card': 1, 'bonus': 260, 'miles': 312, 'min_stay': 1, 'platichastyami': 0, 'mircashback': 520}, {'id': 1232061, 'capacity': 4, 'prepayment': 'FULL', 'nonrefundable': 0, 'cancellation_period': 1, 'cancellation_fee': 'FIRST', 'breakfast': 0, 'base_price': 6313, 'prices': [6313], 'price': 5681.7, 'old_price': 6313, 'currency': 'RUB', 'payment_amount': 6313, 'extras_variants': [], 'extras': [], 'rate_id': 63506, 'deals': ['LAST_MINUTE'], 'cancellation_type': 'special', 'credit_card': 1, 'bonus': 284, 'miles': 339, 'min_stay': 1, 'platichastyami': 0, 'mircashback': 568}, {'id': 1232062, 'capacity': 5, 'prepayment': 'FULL', 'nonrefundable': 0, 'cancellation_period': 1, 'cancellation_fee': 'FIRST', 'breakfast': 0, 'base_price': 5883.93, 'prices': [5883.93], 'price': 5295.54, 'old_price': 5883.93, 'currency': 'RUB', 'payment_amount': 5883.93, 'extras_variants': [], 'extras': [], 'rate_id': 63506, 'deals': ['LAST_MINUTE'], 'cancellation_type': 'special', 'credit_card': 1, 'bonus': 265, 'miles': 315, 'min_stay': 1, 'platichastyami': 0, 'mircashback': 530}]",4333.5,258,14082_101hotels,2026-08-15
2322574,,Уютная квартира вблизи вокзала Иркутск 105,3,0,0,1,Квартира,33,3,"[{'double': 1, 'sofa': 1}]",[],"[{'id': 1233721, 'capacity': 1, 'prepayment': 'FULL', 'nonrefundable': 0, 'cancellation_period': 1, 'cancellation_fee': 'FIRST', 'breakfast': 0, 'base_price': 3103, 'prices': [3103], 'price': 3103, 'old_price': 3103, 'currency': 'RUB', 'payment_amount': 3103, 'extras_variants': [], 'extras': [], 'rate_id': 63506, 'deals': [], 'cancellation_type': 'special', 'credit_card': 1, 'bonus': 155, 'miles': 186, 'min_stay': 1, 'platichastyami': 0, 'mircashback': 310}, {'id': 1233722, 'capacity': 2, 'prepayment': 'FULL', 'nonrefundable': 0, 'cancellation_period': 1, 'cancellation_fee': 'FIRST', 'breakfast': 0, 'base_price': 3424, 'prices': [3424], 'price': 3424, 'old_price': 3424, 'currency': 'RUB', 'payment_amount': 3424, 'extras_variants': [], 'extras': [], 'rate_id': 63506, 'deals': [], 'cancellation_type': 'special', 'credit_card': 1, 'bonus': 171, 'miles': 204, 'min_stay': 1, 'platichastyami': 0, 'mircashback': 342}, {'id': 1233723, 'capacity': 3, 'prepayment': 'FULL', 'nonrefundable': 0, 'cancellation_period': 1, 'cancellation_fee': 'FIRST', 'breakfast': 0, 'base_price': 3745, 'prices': [3745], 'price': 3745, 'old_price': 3745, 'currency': 'RUB', 'payment_amount': 3745, 'extras_variants': [], 'extras': [], 'rate_id': 63506, 'deals': [], 'cancellation_type': 'special', 'credit_card': 1, 'bonus': 187, 'miles': 222, 'min_stay': 1, 'platichastyami': 0, 'mircashback': 375}]",3103.0,186,14082_101hotels,2026-08-15
2322584,,Двухкомнатная квартира вблизи ЖД вокзала Иркутск 106,3,0,0,1,Квартира,33,1,"[{'double': 1, 'sofa': 1}]",[],"[{'id': 1233724, 'capacity': 1, 'prepayment': 'FULL', 'nonrefundable': 0, 'cancellation_period': 1, 'cancellation_fee': 'FIRST', 'breakfast': 0, 'base_price': 3210, 'prices': [3210], 'price': 3210, 'old_price': 3210, 'currency': 'RUB', 'payment_amount': 3210, 'extras_variants': [], 'extras': [], 'rate_id': 63506, 'deals': [], 'cancellation_type': 'special', 'credit_card': 1, 'bonus': 161, 'miles': 192, 'min_stay': 1, 'platichastyami': 0, 'mircashback': 321}, {'id': 1233725, 'capacity': 2, 'prepayment': 'FULL', 'nonrefundable': 0, 'cancellation_period': 1, 'cancellation_fee': 'FIRST', 'breakfast': 0, 'base_price': 3745, 'prices': [3745], 'price': 3745, 'old_price': 3745, 'currency': 'RUB', 'payment_amount': 3745, 'extras_variants': [], 'extras': [], 'rate_id': 63506, 'deals': [], 'cancellation_type': 'special', 'credit_card': 1, 'bonus': 187, 'miles': 222, 'min_stay': 1, 'platichastyami': 0, 'mircashback': 375}, {'id': 1233726, 'capacity': 3, 'prepayment': 'FULL', 'nonrefundable': 0, 'cancellation_period': 1, 'cancellation_fee': 'FIRST', 'breakfast': 0, 'base_price': 4173, 'prices': [4173], 'price': 4173, 'old_price': 4173, 'currency': 'RUB', 'payment_amount': 4173, 'extras_variants': [], 'extras': [], 'rate_id': 63506, 'deals': [], 'cancellation_type': 'special', 'credit_card': 1, 'bonus': 209, 'miles': 249, 'min_stay': 1, 'platichastyami': 0, 'mircashback': 417}]",3210.0,192,14082_101hotels,2026-08-15
2322447,,,1,0,0,1,Двухместный,2,1,"[{'single': 1}, {'single': 1}]","[{'id': '52592', 'number': '1', 'min_age': '0', 'max_age': '7', 'is_extra_bed': '0', 'extra_bed_type_id': '0'}]","[{'id': 1232939, 'capacity': 1, 'prepayment': 'FIRST', 'nonrefundable': 0, 'cancellation_period': 1, 'cancellation_fee': 'FIRST', 'breakfast': 0, 'base_price': 2700, 'prices': [2700], 'price': 2700, 'old_price': 2700, 'currency': 'RUB', 'payment_amount': 2700, 'extras_variants': [], 'extras': {'52592': {'id': 52592, 'number': 1, 'extra_bed_type_id': 0, 'age': [0, 7], 'extra_bed': 0, 'free': 1}}, 'rate_id': 63570, 'deals': [], 'cancellation_type': 'special', 'credit_card': 1, 'bonus': 135, 'miles': 162, 'min_stay': 1, 'platichastyami': 0, 'mircashback': 270}]",2700.0,162,422600_101hotels,2026-08-15
2321578,,Квартира 402 на Байкальской,4,0,0,1,Апартаменты,14,1,"[{'single': 2, 'double': 1}]",[],"[{'id': 1226971, 'capacity': 1, 'prepayment': 'FULL', 'nonrefundable': 0, 'cancellation_period': 0, 'cancellation_fee': 'NO', 'breakfast': 0, 'base_price': 3600, 'prices': [3600], 'price': 3600, 'old_price': 3600, 'currency': 'RUB', 'payment_amount': 3600, 'extras_variants': [], 'extras': [], 'rate_id': 63082, 'deals': [], 'cancellation_type': 'free', 'credit_card': 1, 'bonus': 180, 'miles': 216, 'min_stay': 1, 'platichastyami': 0, 'mircashback': 360}, {'id': 1226972, 'capacity': 2, 'prepayment': 'FULL', 'nonrefundable': 0, 'cancellation_period': 0, 'cancellation_fee': 'NO', 'breakfast': 0, 'base_price': 3600, 'prices': [3600], 'price': 3600, 'old_price': 3600, 'currency': 'RUB', 'payment_amount': 3600, 'extras_variants': [], 'extras': [], 'rate_id': 63082, 'deals': [], 'cancellation_type': 'free', 'credit_card': 1, 'bonus': 180, 'miles': 216, 'min_stay': 1, 'platichastyami': 0, 'mircashback': 360}, {'id': 1226973, 'capacity': 3, 'prepayment': 'FULL', 'nonrefundable': 0, 'cancellation_period': 0, 'cancellation_fee': 'NO', 'breakfast': 0, 'base_price': 3600, 'prices': [3600], 'price': 3600, 'old_price': 3600, 'currency': 'RUB', 'payment_amount': 3600, 'extras_variants': [], 'extras': [], 'rate_id': 63082, 'deals': [], 'cancellation_type': 'free', 'credit_card': 1, 'bonus': 180, 'miles': 216, 'min_stay': 1, 'platichastyami': 0, 'mircashback': 360}, {'id': 1226974, 'capacity': 4, 'prepayment': 'FULL', 'nonrefundable': 0, 'cancellation_period': 0, 'cancellation_fee': 'NO', 'breakfast': 0, 'base_price': 3600, 'prices': [3600], 'price': 3600, 'old_price': 3600, 'currency': 'RUB', 'payment_amount': 3600, 'extras_variants': [], 'extras': [], 'rate_id': 63082, 'deals': [], 'cancellation_type': 'free', 'credit_card': 1, 'bonus': 180, 'miles': 216, 'min_stay': 1, 'platichastyami': 0, 'mircashback': 360}]",3600.0,216,678090_101hotels,2026-08-15
2321630,,Квартира 416 на Байкальской,3,0,0,1,Апартаменты,14,1,"[{'single': 1, 'double': 1}]",[],"[{'id': 1227431, 'capacity': 1, 'prepayment': 'FULL', 'nonrefundable': 0, 'cancellation_period': 0, 'cancellation_fee': 'NO', 'breakfast': 0, 'base_price': 3600, 'prices': [3600], 'price': 3600, 'old_price': 3600, 'currency': 'RUB', 'payment_amount': 3600, 'extras_variants': [], 'extras': [], 'rate_id': 63082, 'deals': [], 'cancellation_type': 'free', 'credit_card': 1, 'bonus': 180, 'miles': 216, 'min_stay': 1, 'platichastyami': 0, 'mircashback': 360}, {'id': 1227432, 'capacity': 2, 'prepayment': 'FULL', 'nonrefundable': 0, 'cancellation_period': 0, 'cancellation_fee': 'NO', 'breakfast': 0, 'base_price': 3600, 'prices': [3600], 'price': 3600, 'old_price': 3600, 'currency': 'RUB', 'payment_amount': 3600, 'extras_variants': [], 'extras': [], 'rate_id': 63082, 'deals': [], 'cancellation_type': 'free', 'credit_card': 1, 'bonus': 180, 'miles': 216, 'min_stay': 1, 'platichastyami': 0, 'mircashback': 360}, {'id': 1227433, 'capacity': 3, 'prepayment': 'FULL', 'nonrefundable': 0, 'cancellation_period': 0, 'cancellation_fee': 'NO', 'breakfast': 0, 'base_price': 3600, 'prices': [3600], 'price': 3600, 'old_price': 3600, 'currency': 'RUB', 'payment_amount': 3600, 'extras_variants': [], 'extras': [], 'rate_id': 63082, 'deals': [], 'cancellation_type': 'free', 'credit_card': 1, 'bonus': 180, 'miles': 216, 'min_stay': 1, 'platichastyami': 0, 'mircashback': 360}]",3600.0,216,678090_101hotels,2026-08-15
2321631,,Двухкомнатная квартира 401 на Байкальской,4,0,0,1,Апартаменты,14,1,"[{'double': 1, 'sofa': 1}]",[],"[{'id': 1227434, 'capacity': 1, 'prepayment': 'FULL', 'nonrefundable': 0, 'cancellation_period': 0, 'cancellation_fee': 'NO', 'breakfast': 0, 'base_price': 4000, 'prices': [4000], 'price': 4000, 'old_price': 4000, 'currency': 'RUB', 'payment_amount': 4000, 'extras_variants': [], 'extras': [], 'rate_id': 63082, 'deals': [], 'cancellation_type': 'free', 'credit_card': 1, 'bonus': 200, 'miles': 240, 'min_stay': 1, 'platichastyami': 0, 'mircashback': 400}, {'id': 1227435, 'capacity': 2, 'prepayment': 'FULL', 'nonrefundable': 0, 'cancellation_period': 0, 'cancellation_fee': 'NO', 'breakfast': 0, 'base_price': 4000, 'prices': [4000], 'price': 4000, 'old_price': 4000, 'currency': 'RUB', 'payment_amount': 4000, 'extras_variants': [], 'extras': [], 'rate_id': 63082, 'deals': [], 'cancellation_type': 'free', 'credit_card': 1, 'bonus': 200, 'miles': 240, 'min_stay': 1, 'platichastyami': 0, 'mircashback': 400}, {'id': 1227436, 'capacity': 3, 'prepayment': 'FULL', 'nonrefundable': 0, 'cancellation_period': 0, 'cancellation_fee': 'NO', 'breakfast': 0, 'base_price': 4000, 'prices': [4000], 'price': 4000, 'old_price': 4000, 'currency': 'RUB', 'payment_amount': 4000, 'extras_variants': [], 'extras': [], 'rate_id': 63082, 'deals': [], 'cancellation_type': 'free', 'credit_card': 1, 'bonus': 200, 'miles': 240, 'min_stay': 1, 'platichastyami': 0, 'mircashback': 400}, {'id': 1227437, 'capacity': 4, 'prepayment': 'FULL', 'nonrefundable': 0, 'cancellation_period': 0, 'cancellation_fee': 'NO', 'breakfast': 0, 'base_price': 4000, 'prices': [4000], 'price': 4000, 'old_price': 4000, 'currency': 'RUB', 'payment_amount': 4000, 'extras_variants': [], 'extras': [], 'rate_id': 63082, 'deals': [], 'cancellation_type': 'free', 'credit_card': 1, 'bonus': 200, 'miles': 240, 'min_stay': 1, 'platichastyami': 0, 'mircashback': 400}]",4000.0,240,678090_101hotels,2026-08-15
2321646,,Квартира 510 на Байкальской,4,0,0,1,Апартаменты,14,1,[{'single': 4}],[],"[{'id': 1227643, 'capacity': 1, 'prepayment': 'FULL', 'nonrefundable': 0, 'cancellation_period': 0, 'cancellation_fee': 'NO', 'breakfast': 0, 'base_price': 3600, 'prices': [3600], 'price': 3600, 'old_price': 3600, 'currency': 'RUB', 'payment_amount': 3600, 'extras_variants': [], 'extras': [], 'rate_id': 63082, 'deals': [], 'cancellation_type': 'free', 'credit_card': 1, 'bonus': 180, 'miles': 216, 'min_stay': 1, 'platichastyami': 0, 'mircashback': 360}, {'id': 1227644, 'capacity': 2, 'prepayment': 'FULL', 'nonrefundable': 0, 'cancellation_period': 0, 'cancellation_fee': 'NO', 'breakfast': 0, 'base_price': 3600, 'prices': [3600], 'price': 3600, 'old_price': 3600, 'currency': 'RUB', 'payment_amount': 3600, 'extras_variants': [], 'extras': [], 'rate_id': 63082, 'deals': [], 'cancellation_type': 'free', 'credit_card': 1, 'bonus': 180, 'miles': 216, 'min_stay': 1, 'platichastyami': 0, 'mircashback': 360}, {'id': 1227645, 'capacity': 3, 'prepayment': 'FULL', 'nonrefundable': 0, 'cancellation_period': 0, 'cancellation_fee': 'NO', 'breakfast': 0, 'base_price': 3600, 'prices': [3600], 'price': 3600, 'old_price': 3600, 'currency': 'RUB', 'payment_amount': 3600, 'extras_variants': [], 'extras': [], 'rate_id': 63082, 'deals': [], 'cancellation_type': 'free', 'credit_card': 1, 'bonus': 180, 'miles': 216, 'min_stay': 1, 'platichastyami': 0, 'mircashback': 360}, {'id': 1227646, 'capacity': 4, 'prepayment': 'FULL', 'nonrefundable': 0, 'cancellation_period': 0, 'cancellation_fee': 'NO', 'breakfast': 0, 'base_price': 3600, 'prices': [3600], 'price': 3600, 'old_price': 3600, 'currency': 'RUB', 'payment_amount': 3600, 'extras_variants': [], 'extras': [], 'rate_id': 63082, 'deals': [], 'cancellation_type': 'free', 'credit_card': 1, 'bonus': 180, 'miles': 216, 'min_stay': 1, 'platichastyami': 0, 'mircashback': 360}]",3600.0,216,678090_101hotels,2026-08-15
2322093,,,8,0,0,0,Восьмиместный,38,100,[{'2-tier': 1}],[],"[{'id': 1230628, 'capacity': 1, 'prepayment': 'NO', 'nonrefundable': 0, 'cancellation_period': 0, 'cancellation_fee': 'NO', 'breakfast': 0, 'base_price': 500, 'prices': [500], 'price': 425, 'old_price': 500, 'currency': 'RUB', 'payment_amount': 0, 'extras_variants': [], 'extras': [], 'rate_id': 63399, 'deals': ['LAST_MINUTE'], 'cancellation_type': 'free', 'credit_card': 0, 'bonus': 21, 'miles': 24, 'min_stay': 1, 'platichastyami': 0, 'mircashback': 43}, {'id': 1230629, 'capacity': 2, 'prepayment': 'NO', 'nonrefundable': 0, 'cancellation_period': 0, 'cancellation_fee': 'NO', 'breakfast': 0, 'base_price': 1000, 'prices': [1000], 'price': 850, 'old_price': 1000, 'currency': 'RUB', 'payment_amount': 0, 'extras_variants': [], 'extras': [], 'rate_id': 63399, 'deals': ['LAST_MINUTE'], 'cancellation_type': 'free', 'credit_card': 0, 'bonus': 43, 'miles': 51, 'min_stay': 1, 'platichastyami': 0, 'mircashback': 85}, {'id': 1230630, 'capacity': 3, 'prepayment': 'NO', 'nonrefundable': 0, 'cancellation_period': 0, 'cancellation_fee': 'NO', 'breakfast': 0, 'base_price': 1500, 'prices': [1500], 'price': 1275, 'old_price': 1500, 'currency': 'RUB', 'payment_amount': 0, 'extras_variants': [], 'extras': [], 'rate_id': 63399, 'deals': ['LAST_MINUTE'], 'cancellation_type': 'free', 'credit_card': 0, 'bonus': 64, 'miles': 75, 'min_stay': 1, 'platichastyami': 0, 'mircashback': 128}, {'id': 1230631, 'capacity': 4, 'prepayment': 'NO', 'nonrefundable': 0, 'cancellation_period': 0, 'cancellation_fee': 'NO', 'breakfast': 0, 'base_price': 2000, 'prices': [2000], 'price': 1700, 'old_price': 2000, 'currency': 'RUB', 'payment_amount': 0, 'extras_variants': [], 'extras': [], 'rate_id': 63399, 'deals': ['LAST_MINUTE'], 'cancellation_type': 'free', 'credit_card': 0, 'bonus': 85, 'miles': 102, 'min_stay': 1, 'platichastyami': 0, 'mircashback': 170}, {'id': 1230632, 'capacity': 5, 'prepayment': 'NO', 'nonrefundable': 0, 'cancellation_period': 0, 'cancellation_fee': 'NO', 'breakfast': 0, 'base_price': 2500, 'prices': [2500], 'price': 2125, 'old_price': 2500, 'currency': 'RUB', 'payment_amount': 0, 'extras_variants': [], 'extras': [], 'rate_id': 63399, 'deals': ['LAST_MINUTE'], 'cancellation_type': 'free', 'credit_card': 0, 'bonus': 106, 'miles': 126, 'min_stay': 1, 'platichastyami': 0, 'mircashback': 213}, {'id': 1230633, 'capacity': 6, 'prepayment': 'NO', 'nonrefundable': 0, 'cancellation_period': 0, 'cancellation_fee': 'NO', 'breakfast': 0, 'base_price': 3000, 'prices': [3000], 'price': 2550, 'old_price': 3000, 'currency': 'RUB', 'payment_amount': 0, 'extras_variants': [], 'extras': [], 'rate_id': 63399, 'deals': ['LAST_MINUTE'], 'cancellation_type': 'free', 'credit_card': 0, 'bonus': 128, 'miles': 153, 'min_stay': 1, 'platichastyami': 0, 'mircashback': 255}, {'id': 1230634, 'capacity': 7, 'prepayment': 'NO', 'nonrefundable': 0, 'cancellation_period': 0, 'cancellation_fee': 'NO', 'breakfast': 0, 'base_price': 3500, 'prices': [3500], 'price': 2975, 'old_price': 3500, 'currency': 'RUB', 'payment_amount': 0, 'extras_variants': [], 'extras': [], 'rate_id': 63399, 'deals': ['LAST_MINUTE'], 'cancellation_type': 'free', 'credit_card': 0, 'bonus': 149, 'miles': 177, 'min_stay': 1, 'platichastyami': 0, 'mircashback': 298}, {'id': 1230635, 'capacity': 8, 'prepayment': 'NO', 'nonrefundable': 0, 'cancellation_period': 0, 'cancellation_fee': 'NO', 'breakfast': 0, 'base_price': 4000, 'prices': [4000], 'price': 3400, 'old_price': 4000, 'currency': 'RUB', 'payment_amount': 0, 'extras_variants': [], 'extras': [], 'rate_id': 63399, 'deals': ['LAST_MINUTE'], 'cancellation_type': 'free', 'credit_card': 0, 'bonus': 170, 'miles': 204, 'min_stay': 1, 'platichastyami': 0, 'mircashback': 340}]",425.0,24,677876_101hotels,2026-08-15
2322561,,"С 2-я двуспальными кроватями, 4-я односпальными кроватями либо с 1-й двуспальной и 2-я односпальными кроватями.",4,0,0,1,Четырехместный,34,1,"[{'single': 2, 'double': 2}]",[],"[{'id': 1233629, 'capacity': 1, 'prepayment': 'FIRST', 'nonrefundable': 1, 'cancellation_period': 0, 'cancellation_fee': 'FIRST', 'breakfast': 0, 'base_price': 13800, 'prices': [13800], 'price': 13800, 'old_price': 13800, 'currency': 'RUB', 'payment_amount': 13800, 'extras_variants': [], 'extras': [], 'rate_id': 4042, 'deals': [], 'cancellation_type': 'nonrefundable', 'credit_card': 1, 'bonus': 690, 'miles': 828, 'min_stay': 1, 'platichastyami': 0}, {'id': 1233630, 'capacity': 2, 'prepayment': 'FIRST', 'nonrefundable': 1, 'cancellation_period': 0, 'cancellation_fee': 'FIRST', 'breakfast': 0, 'base_price': 13800, 'prices': [13800], 'price': 13800, 'old_price': 13800, 'currency': 'RUB', 'payment_amount': 13800, 'extras_variants': [], 'extras': [], 'rate_id': 4042, 'deals': [], 'cancellation_type': 'nonrefundable', 'credit_card': 1, 'bonus': 690, 'miles': 828, 'min_stay': 1, 'platichastyami': 0}, {'id': 1233631, 'capacity': 3, 'prepayment': 'FIRST', 'nonrefundable': 1, 'cancellation_period': 0, 'cancellation_fee': 'FIRST', 'breakfast': 0, 'base_price': 13800, 'prices': [13800], 'price': 13800, 'old_price': 13800, 'currency': 'RUB', 'payment_amount': 13800, 'extras_variants': [], 'extras': [], 'rate_id': 4042, 'deals': [], 'cancellation_type': 'nonrefundable', 'credit_card': 1, 'bonus': 690, 'miles': 828, 'min_stay': 1, 'platichastyami': 0}, {'id': 1233632, 'capacity': 4, 'prepayment': 'FIRST', 'nonrefundable': 1, 'cancellation_period': 0, 'cancellation_fee': 'FIRST', 'breakfast': 0, 'base_price': 13800, 'prices': [13800], 'price': 13800, 'old_price': 13800, 'currency': 'RUB', 'payment_amount': 13800, 'extras_variants': [], 'extras': [], 'rate_id': 4042, 'deals': [], 'cancellation_type': 'nonrefundable', 'credit_card': 1, 'bonus': 690, 'miles': 828, 'min_stay': 1, 'platichastyami': 0}]",13800.0,828,11159_101hotels,2026-08-15
2316601,,Комфорт (Коттедж №5),2,1,0,1,Двухместный,2,3,[{'double': 1}],"[{'id': '44124', 'number': '1', 'min_age': '0', 'max_age': '5', 'is_extra_bed': '0', 'extra_bed_type_id': '0'}]","[{'id': 1189768, 'capacity': 1, 'prepayment': 'FULL', 'nonrefundable': 0, 'cancellation_period': 0, 'cancellation_fee': 'NO', 'breakfast': 1, 'base_price': 8900, 'prices': [8900], 'price': 8900, 'old_price': 8900, 'currency': 'RUB', 'payment_amount': 8900, 'extras_variants': [], 'extras': {'44124': {'id': 44124, 'number': 1, 'extra_bed_type_id': 0, 'age': [0, 5], 'extra_bed': 0, 'free': 1}}, 'rate_id': 60731, 'deals': [], 'cancellation_type': 'free', 'credit_card': 1, 'bonus': 445, 'miles': 534, 'min_stay': 1, 'platichastyami': 0, 'mircashback': 890}, {'id': 1189769, 'capacity': 2, 'prepayment': 'FULL', 'nonrefundable': 0, 'cancellation_period': 0, 'cancellation_fee': 'NO', 'breakfast': 1, 'base_price': 8900, 'prices': [8900], 'price': 8900, 'old_price': 8900, 'currency': 'RUB', 'payment_amount': 8900, 'extras_variants': [], 'extras': {'44124': {'id': 44124, 'number': 1, 'extra_bed_type_id': 0, 'age': [0, 5], 'extra_bed': 0, 'free': 1}}, 'rate_id': 60731, 'deals': [], 'cancellation_type': 'free', 'credit_card': 1, 'bonus': 445, 'miles': 534, 'min_stay': 1, 'platichastyami': 0, 'mircashback': 890}]",8900.0,534,676911_101hotels,2026-08-15
2316638,,Стандарт(Коттедж №12),2,0,0,1,Двухместный,2,15,"[{'double': 1}, {'single': 2}]","[{'id': '44189', 'number': '1', 'min_age': '0', 'max_age': '5', 'is_extra_bed': '0', 'extra_bed_type_id': '0'}]","[{'id': 1189955, 'capacity': 1, 'prepayment': 'FULL', 'nonrefundable': 0, 'cancellation_period': 0, 'cancellation_fee': 'NO', 'breakfast': 1, 'base_price': 6500, 'prices': [6500], 'price': 6500, 'old_price': 6500, 'currency': 'RUB', 'payment_amount': 6500, 'extras_variants': [], 'extras': {'44189': {'id': 44189, 'number': 1, 'extra_bed_type_id': 0, 'age': [0, 5], 'extra_bed': 0, 'free': 1}}, 'rate_id': 60731, 'deals': [], 'cancellation_type': 'free', 'credit_card': 1, 'bonus': 325, 'miles': 390, 'min_stay': 1, 'platichastyami': 0, 'mircashback': 650}, {'id': 1189956, 'capacity': 2, 'prepayment': 'FULL', 'nonrefundable': 0, 'cancellation_period': 0, 'cancellation_fee': 'NO', 'breakfast': 1, 'base_price': 6500, 'prices': [6500], 'price': 6500, 'old_price': 6500, 'currency': 'RUB', 'payment_amount': 6500, 'extras_variants': [], 'extras': {'44189': {'id': 44189, 'number': 1, 'extra_bed_type_id': 0, 'age': [0, 5], 'extra_bed': 0, 'free': 1}}, 'rate_id': 60731, 'deals': [], 'cancellation_type': 'free', 'credit_card': 1, 'bonus': 325, 'miles': 390, 'min_stay': 1, 'platichastyami': 0, 'mircashback': 650}]",6500.0,390,676911_101hotels,2026-08-15
46280,,Эконом,1,0,0,0,Одноместный,1,4,[{'single': 1}],[],"[{'id': 937963, 'capacity': 1, 'prepayment': 'NO', 'nonrefundable': 0, 'cancellation_period': 0, 'cancellation_fee': 'NO', 'breakfast': 0, 'base_price': 1000, 'prices': [1000], 'price': 1000, 'old_price': 1000, 'currency': 'RUB', 'payment_amount': 0, 'extras_variants': [], 'extras': [], 'rate_id': 42656, 'deals': [], 'cancellation_type': 'free', 'credit_card': 0, 'bonus': 50, 'miles': 60, 'min_stay': 1, 'platichastyami': 0, 'mircashback': 100}, {'id': 937976, 'capacity': 1, 'prepayment': 'NO', 'nonrefundable': 0, 'cancellation_period': 0, 'cancellation_fee': 'NO', 'breakfast': 1, 'base_price': 1750, 'prices': [1750], 'price': 1750, 'old_price': 1750, 'currency': 'RUB', 'payment_amount': 0, 'extras_variants': [], 'extras': [], 'rate_id': 42655, 'deals': [], 'cancellation_type': 'free', 'credit_card': 0, 'bonus': 88, 'miles': 105, 'min_stay': 1, 'platichastyami': 0, 'mircashback': 175}]",1000.0,60,9394_101hotels,2026-08-15
46281,,Стандарт,1,0,0,1,Одноместный,1,6,[{'single': 1}],[],"[{'id': 937955, 'capacity': 1, 'prepayment': 'NO', 'nonrefundable': 0, 'cancellation_period': 0, 'cancellation_fee': 'NO', 'breakfast': 1, 'base_price': 4000, 'prices': [4000], 'price': 4000, 'old_price': 4000, 'currency': 'RUB', 'payment_amount': 0, 'extras_variants': [], 'extras': [], 'rate_id': 42655, 'deals': [], 'cancellation_type': 'free', 'credit_card': 0, 'bonus': 200, 'miles': 240, 'min_stay': 1, 'platichastyami': 0, 'mircashback': 400}]",4000.0,240,9394_101hotels,2026-08-15
46282,,Комфорт,1,0,0,1,Одноместный,1,10,[{'single': 1}],[],"[{'id': 937956, 'capacity': 1, 'prepayment': 'NO', 'nonrefundable': 0, 'cancellation_period': 0, 'cancellation_fee': 'NO', 'breakfast': 1, 'base_price': 5300, 'prices': [5300], 'price': 5300, 'old_price': 5300, 'currency': 'RUB', 'payment_amount': 0, 'extras_variants': [], 'extras': [], 'rate_id': 42655, 'deals': [], 'cancellation_type': 'free', 'credit_card': 0, 'bonus': 265, 'miles': 318, 'min_stay': 1, 'platichastyami': 0, 'mircashback': 530}]",5300.0,318,9394_101hotels,2026-08-15
46283,,Комфорт улучшенный,1,0,0,1,Одноместный,1,12,[{'single': 1}],[],"[{'id': 937957, 'capacity': 1, 'prepayment': 'NO', 'nonrefundable': 0, 'cancellation_period': 0, 'cancellation_fee': 'NO', 'breakfast': 1, 'base_price': 6000, 'prices': [6000], 'price': 6000, 'old_price': 6000, 'currency': 'RUB', 'payment_amount': 0, 'extras_variants': [], 'extras': [], 'rate_id': 42655, 'deals': [], 'cancellation_type': 'free', 'credit_card': 0, 'bonus': 300, 'miles': 360, 'min_stay': 1, 'platichastyami': 0, 'mircashback': 600}]",6000.0,360,9394_101hotels,2026-08-15
46286,,Улучшенный,1,1,0,1,Люкс,6,1,[{'double': 1}],[],"[{'id': 937962, 'capacity': 1, 'prepayment': 'NO', 'nonrefundable': 0, 'cancellation_period': 0, 'cancellation_fee': 'NO', 'breakfast': 1, 'base_price': 9100, 'prices': [9100], 'price': 9100, 'old_price': 9100, 'currency': 'RUB', 'payment_amount': 0, 'extras_variants': [], 'extras': [], 'rate_id': 42655, 'deals': [], 'cancellation_type': 'free', 'credit_card': 0, 'bonus': 455, 'miles': 546, 'min_stay': 1, 'platichastyami': 0, 'mircashback': 910}]",9100.0,546,9394_101hotels,2026-08-15
84328,,Номер эконом-класса с 2 отдельными кроватями,2,0,0,0,Двухместный,2,4,[{'single': 2}],[],"[{'id': 937964, 'capacity': 1, 'prepayment': 'NO', 'nonrefundable': 0, 'cancellation_period': 0, 'cancellation_fee': 'NO', 'breakfast': 0, 'base_price': 2000, 'prices': [2000], 'price': 2000, 'old_price': 2000, 'currency': 'RUB', 'payment_amount': 0, 'extras_variants': [], 'extras': [], 'rate_id': 42656, 'deals': [], 'cancellation_type': 'free', 'credit_card': 0, 'bonus': 100, 'miles': 120, 'min_stay': 1, 'platichastyami': 0, 'mircashback': 200}, {'id': 937960, 'capacity': 1, 'prepayment': 'NO', 'nonrefundable': 0, 'cancellation_period': 0, 'cancellation_fee': 'NO', 'breakfast': 1, 'base_price': 3500, 'prices': [3500], 'price': 3500, 'old_price': 3500, 'currency': 'RUB', 'payment_amount': 0, 'extras_variants': [], 'extras': [], 'rate_id': 42655, 'deals': [], 'cancellation_type': 'free', 'credit_card': 0, 'bonus': 175, 'miles': 210, 'min_stay': 1, 'platichastyami': 0, 'mircashback': 350}, {'id': 937965, 'capacity': 2, 'prepayment': 'NO', 'nonrefundable': 0, 'cancellation_period': 0, 'cancellation_fee': 'NO', 'breakfast': 0, 'base_price': 2000, 'prices': [2000], 'price': 2000, 'old_price': 2000, 'currency': 'RUB', 'payment_amount': 0, 'extras_variants': [], 'extras': [], 'rate_id': 42656, 'deals': [], 'cancellation_type': 'free', 'credit_card': 0, 'bonus': 100, 'miles': 120, 'min_stay': 1, 'platichastyami': 0, 'mircashback': 200}, {'id': 937961, 'capacity': 2, 'prepayment': 'NO', 'nonrefundable': 0, 'cancellation_period': 0, 'cancellation_fee': 'NO', 'breakfast': 1, 'base_price': 3500, 'prices': [3500], 'price': 3500, 'old_price': 3500, 'currency': 'RUB', 'payment_amount': 0, 'extras_variants': [], 'extras': [], 'rate_id': 42655, 'deals': [], 'cancellation_type': 'free', 'credit_card': 0, 'bonus': 175, 'miles': 210, 'min_stay': 1, 'platichastyami': 0, 'mircashback': 350}]",2000.0,120,9394_101hotels,2026-08-15
2288048,,Стандарт улучшенный,1,0,0,1,Одноместный,1,2,[{'single': 1}],[],"[{'id': 937653, 'capacity': 1, 'prepayment': 'NO', 'nonrefundable': 0, 'cancellation_period': 0, 'cancellation_fee': 'NO', 'breakfast': 1, 'base_price': 4600, 'prices': [4600], 'price': 4600, 'old_price': 4600, 'currency': 'RUB', 'payment_amount': 0, 'extras_variants': [], 'extras': [], 'rate_id': 42655, 'deals': [], 'cancellation_type': 'free', 'credit_card': 0, 'bonus': 230, 'miles': 276, 'min_stay': 1, 'platichastyami': 0, 'mircashback': 460}]",4600.0,276,9394_101hotels,2026-08-15
2288088,,Студия с двуспальной кроватью,1,1,0,1,Сюит,27,1,[{'double': 1}],[],"[{'id': 937875, 'capacity': 1, 'prepayment': 'NO', 'nonrefundable': 0, 'cancellation_period': 0, 'cancellation_fee': 'NO', 'breakfast': 1, 'base_price': 9100, 'prices': [9100], 'price': 9100, 'old_price': 9100, 'currency': 'RUB', 'payment_amount': 0, 'extras_variants': [], 'extras': [], 'rate_id': 42655, 'deals': [], 'cancellation_type': 'free', 'credit_card': 0, 'bonus': 455, 'miles': 546, 'min_stay': 1, 'platichastyami': 0, 'mircashback': 910}]",9100.0,546,9394_101hotels,2026-08-15
2288089,,,1,1,0,1,Люкс,6,1,[{'double': 1}],[],"[{'id': 937876, 'capacity': 1, 'prepayment': 'NO', 'nonrefundable': 0, 'cancellation_period': 0, 'cancellation_fee': 'NO', 'breakfast': 1, 'base_price': 9100, 'prices': [9100], 'price': 9100, 'old_price': 9100, 'currency': 'RUB', 'payment_amount': 0, 'extras_variants': [], 'extras': [], 'rate_id': 42655, 'deals': [], 'cancellation_type': 'free', 'credit_card': 0, 'bonus': 455, 'miles': 546, 'min_stay': 1, 'platichastyami': 0, 'mircashback': 910}]",9100.0,546,9394_101hotels,2026-08-15
2288097,,Комфорт номер с 2 отдельными кроватями,2,0,0,1,Двухместный,2,3,[{'single': 2}],[],"[{'id': 937898, 'capacity': 1, 'prepayment': 'NO', 'nonrefundable': 0, 'cancellation_period': 0, 'cancellation_fee': 'NO', 'breakfast': 1, 'base_price': 7800, 'prices': [7800], 'price': 7800, 'old_price': 7800, 'currency': 'RUB', 'payment_amount': 0, 'extras_variants': [], 'extras': [], 'rate_id': 42655, 'deals': [], 'cancellation_type': 'free', 'credit_card': 0, 'bonus': 390, 'miles': 468, 'min_stay': 1, 'platichastyami': 0, 'mircashback': 780}, {'id': 937899, 'capacity': 2, 'prepayment': 'NO', 'nonrefundable': 0, 'cancellation_period': 0, 'cancellation_fee': 'NO', 'breakfast': 1, 'base_price': 7800, 'prices': [7800], 'price': 7800, 'old_price': 7800, 'currency': 'RUB', 'payment_amount': 0, 'extras_variants': [], 'extras': [], 'rate_id': 42655, 'deals': [], 'cancellation_type': 'free', 'credit_card': 0, 'bonus': 390, 'miles': 468, 'min_stay': 1, 'platichastyami': 0, 'mircashback': 780}]",7800.0,468,9394_101hotels,2026-08-15
