id,k,name,capacity,additional,single_bed,bathroom,type_name,type_id,free,bed_categories,children_extras,placements,min_price,miles,hotel_id,date
1620094,,С внутренним двориком,2,0,0,1,Бунгало,30,2,[{'single': 2}],[],"[{'id': 549113, 'capacity': 1, 'prepayment': 'FULL', 'nonrefundable': 1, 'cancellation_period': 0, 'cancellation_fee': 'FIRST', 'breakfast': 6, 'base_price': 6000, 'prices': [6000], 'price': 6000, 'old_price': 6000, 'currency': 'RUB', 'payment_amount': 6000, 'extras_variants': [], 'extras': [], 'rate_id': 17459, 'deals': [], 'cancellation_type': 'nonrefundable', 'credit_card': 1, 'bonus': 300, 'miles': 360, 'min_stay': 1, 'platichastyami': 0, 'mircashback': 600}, {'id': 549114, 'capacity': 2, 'prepayment': 'FULL', 'nonrefundable': 1, 'cancellation_period': 0, 'cancellation_fee': 'FIRST', 'breakfast': 6, 'base_price': 7000, 'prices': [7000], 'price': 7000, 'old_price': 7000, 'currency': 'RUB', 'payment_amount': 7000, 'extras_variants': [], 'extras': [], 'rate_id': 17459, 'deals': [], 'cancellation_type': 'nonrefundable', 'credit_card': 1, 'bonus': 350, 'miles': 420, 'min_stay': 1, 'platichastyami': 0, 'mircashback': 700}]",6000.0,360,496528_101hotels,2026-08-13
1620095,,Стандартный с 2 отдельными кроватями,2,0,0,1,Двухместный,2,4,[{'single': 2}],[],"[{'id': 549081, 'capacity': 1, 'prepayment': 'FULL', 'nonrefundable': 1, 'cancellation_period': 0, 'cancellation_fee': 'FIRST', 'breakfast': 6, 'base_price': 6000, 'prices': [6000], 'price': 6000, 'old_price': 6000, 'currency': 'RUB', 'payment_amount': 6000, 'extras_variants': [], 'extras': [], 'rate_id': 17459, 'deals': [], 'cancellation_type': 'nonrefundable', 'credit_card': 1, 'bonus': 300, 'miles': 360, 'min_stay': 1, 'platichastyami': 0, 'mircashback': 600}, {'id': 549082, 'capacity': 2, 'prepayment': 'FULL', 'nonrefundable': 1, 'cancellation_period': 0, 'cancellation_fee': 'FIRST', 'breakfast': 6, 'base_price': 6000, 'prices': [6000], 'price': 6000, 'old_price': 6000, 'currency': 'RUB', 'payment_amount': 6000, 'extras_variants': [], 'extras': [], 'rate_id': 17459, 'deals': [], 'cancellation_type': 'nonrefundable', 'credit_card': 1, 'bonus': 300, 'miles': 360, 'min_stay': 1, 'platichastyami': 0, 'mircashback': 600}]",6000.0,360,496528_101hotels,2026-08-13
2264208,,"Люкс  ""Байкал""",2,0,0,1,Семейный,44,3,"[{'double': 1, 'sofa': 1}]",[],"[{'id': 717324, 'capacity': 1, 'prepayment': 'FULL', 'nonrefundable': 1, 'cancellation_period': 0, 'cancellation_fee': 'FIRST', 'breakfast': 6, 'base_price': 6500, 'prices': [6500], 'price': 6500, 'old_price': 6500, 'currency': 'RUB', 'payment_amount': 6500, 'extras_variants': [], 'extras': [], 'rate_id': 17459, 'deals': [], 'cancellation_type': 'nonrefundable', 'credit_card': 1, 'bonus': 325, 'miles': 390, 'min_stay': 1, 'platichastyami': 0, 'mircashback': 650}, {'id': 717325, 'capacity': 2, 'prepayment': 'FULL', 'nonrefundable': 1, 'cancellation_period': 0, 'cancellation_fee': 'FIRST', 'breakfast': 6, 'base_price': 7500, 'prices': [7500], 'price': 7500, 'old_price': 7500, 'currency': 'RUB', 'payment_amount': 7500, 'extras_variants': [], 'extras': [], 'rate_id': 17459, 'deals': [], 'cancellation_type': 'nonrefundable', 'credit_card': 1, 'bonus': 375, 'miles': 450, 'min_stay': 1, 'platichastyami': 0, 'mircashback': 750}]",6500.0,390,496528_101hotels,2026-08-13
2239632,,Стандарт с балконом,2,0,0,1,Двухместный,2,2,[{'single': 2}],"[{'id': '42844', 'number': '1', 'min_age': '1', 'max_age': '16', 'is_extra_bed': '0', 'extra_bed_type_id': '0'}]","[{'id': 462573, 'capacity': 1, 'prepayment': 'FULL', 'nonrefundable': 0, 'cancellation_period': 14, 'cancellation_fee': 'FIRST', 'breakfast': 0, 'base_price': 7500, 'prices': [7500], 'price': 7500, 'old_price': 7500, 'currency': 'RUB', 'payment_amount': 7500, 'extras_variants': [], 'extras': {'42844': {'id': 42844, 'number': 1, 'extra_bed_type_id': 0, 'age': [1, 16], 'extra_bed': 0, 'free': 1}}, 'rate_id': 11859, 'deals': [], 'cancellation_type': 'special', 'credit_card': 1, 'bonus': 375, 'miles': 450, 'min_stay': 1, 'platichastyami': 0, 'mircashback': 750}, {'id': 462574, 'capacity': 2, 'prepayment': 'FULL', 'nonrefundable': 0, 'cancellation_period': 14, 'cancellation_fee': 'FIRST', 'breakfast': 0, 'base_price': 7500, 'prices': [7500], 'price': 7500, 'old_price': 7500, 'currency': 'RUB', 'payment_amount': 7500, 'extras_variants': [], 'extras': {'42844': {'id': 42844, 'number': 1, 'extra_bed_type_id': 0, 'age': [1, 16], 'extra_bed': 0, 'free': 1}}, 'rate_id': 11859, 'deals': [], 'cancellation_type': 'special', 'credit_card': 1, 'bonus': 375, 'miles': 450, 'min_stay': 1, 'platichastyami': 0, 'mircashback': 750}]",7500.0,450,249578_101hotels,2026-08-13
2239634,,Стандарт с видом на Байкал,3,0,0,1,Трёхместный и более,3,2,"[{'single': 3}, {'single': 1, 'double': 1}]","[{'id': '42847', 'number': '1', 'min_age': '1', 'max_age': '16', 'is_extra_bed': '0', 'extra_bed_type_id': '0'}]","[{'id': 462577, 'capacity': 1, 'prepayment': 'FULL', 'nonrefundable': 0, 'cancellation_period': 14, 'cancellation_fee': 'FIRST', 'breakfast': 0, 'base_price': 4000, 'prices': [4000], 'price': 4000, 'old_price': 4000, 'currency': 'RUB', 'payment_amount': 4000, 'extras_variants': [], 'extras': {'42847': {'id': 42847, 'number': 1, 'extra_bed_type_id': 0, 'age': [1, 16], 'extra_bed': 0, 'free': 1}}, 'rate_id': 11859, 'deals': [], 'cancellation_type': 'special', 'credit_card': 1, 'bonus': 200, 'miles': 240, 'min_stay': 1, 'platichastyami': 0, 'mircashback': 400}, {'id': 462578, 'capacity': 2, 'prepayment': 'FULL', 'nonrefundable': 0, 'cancellation_period': 14, 'cancellation_fee': 'FIRST', 'breakfast': 0, 'base_price': 4000, 'prices': [4000], 'price': 4000, 'old_price': 4000, 'currency': 'RUB', 'payment_amount': 4000, 'extras_variants': [], 'extras': {'42847': {'id': 42847, 'number': 1, 'extra_bed_type_id': 0, 'age': [1, 16], 'extra_bed': 0, 'free': 1}}, 'rate_id': 11859, 'deals': [], 'cancellation_type': 'special', 'credit_card': 1, 'bonus': 200, 'miles': 240, 'min_stay': 1, 'platichastyami': 0, 'mircashback': 400}, {'id': 1060483, 'capacity': 3, 'prepayment': 'FULL', 'nonrefundable': 0, 'cancellation_period': 14, 'cancellation_fee': 'FIRST', 'breakfast': 0, 'base_price': 4500, 'prices': [4500], 'price': 4500, 'old_price': 4500, 'currency': 'RUB', 'payment_amount': 4500, 'extras_variants': [], 'extras': {'42847': {'id': 42847, 'number': 1, 'extra_bed_type_id': 0, 'age': [1, 16], 'extra_bed': 0, 'free': 1}}, 'rate_id': 11859, 'deals': [], 'cancellation_type': 'special', 'credit_card': 1, 'bonus': 225, 'miles': 270, 'min_stay': 1, 'platichastyami': 0, 'mircashback': 450}]",4000.0,240,249578_101hotels,2026-08-13
2298379,,"Улучшенный семейный с террасой, 1 этаж",5,0,0,1,Пятиместный,35,1,"[{'single': 3, 'sofa': 1}, {'single': 1, 'double': 1, 'sofa': 1}]","[{'id': '42845', 'number': '1', 'min_age': '1', 'max_age': '16', 'is_extra_bed': '0', 'extra_bed_type_id': '0'}]","[{'id': 1026114, 'capacity': 1, 'prepayment': 'FULL', 'nonrefundable': 0, 'cancellation_period': 14, 'cancellation_fee': 'FIRST', 'breakfast': 0, 'base_price': 7000, 'prices': [7000], 'price': 7000, 'old_price': 7000, 'currency': 'RUB', 'payment_amount': 7000, 'extras_variants': [], 'extras': {'42845': {'id': 42845, 'number': 1, 'extra_bed_type_id': 0, 'age': [1, 16], 'extra_bed': 0, 'free': 1}}, 'rate_id': 11859, 'deals': [], 'cancellation_type': 'special', 'credit_card': 1, 'bonus': 350, 'miles': 420, 'min_stay': 1, 'platichastyami': 0, 'mircashback': 700}, {'id': 1026115, 'capacity': 2, 'prepayment': 'FULL', 'nonrefundable': 0, 'cancellation_period': 14, 'cancellation_fee': 'FIRST', 'breakfast': 0, 'base_price': 7000, 'prices': [7000], 'price': 7000, 'old_price': 7000, 'currency': 'RUB', 'payment_amount': 7000, 'extras_variants': [], 'extras': {'42845': {'id': 42845, 'number': 1, 'extra_bed_type_id': 0, 'age': [1, 16], 'extra_bed': 0, 'free': 1}}, 'rate_id': 11859, 'deals': [], 'cancellation_type': 'special', 'credit_card': 1, 'bonus': 350, 'miles': 420, 'min_stay': 1, 'platichastyami': 0, 'mircashback': 700}, {'id': 1026116, 'capacity': 3, 'prepayment': 'FULL', 'nonrefundable': 0, 'cancellation_period': 14, 'cancellation_fee': 'FIRST', 'breakfast': 0, 'base_price': 7500, 'prices': [7500], 'price': 7500, 'old_price': 7500, 'currency': 'RUB', 'payment_amount': 7500, 'extras_variants': [], 'extras': {'42845': {'id': 42845, 'number': 1, 'extra_bed_type_id': 0, 'age': [1, 16], 'extra_bed': 0, 'free': 1}}, 'rate_id': 11859, 'deals': [], 'cancellation_type': 'special', 'credit_card': 1, 'bonus': 375, 'miles': 450, 'min_stay': 1, 'platichastyami': 0, 'mircashback': 750}, {'id': 1026152, 'capacity': 4, 'prepayment': 'FULL', 'nonrefundable': 0, 'cancellation_period': 14, 'cancellation_fee': 'FIRST', 'breakfast': 0, 'base_price': 8000, 'prices': [8000], 'price': 8000, 'old_price': 8000, 'currency': 'RUB', 'payment_amount': 8000, 'extras_variants': [], 'extras': {'42845': {'id': 42845, 'number': 1, 'extra_bed_type_id': 0, 'age': [1, 16], 'extra_bed': 0, 'free': 1}}, 'rate_id': 11859, 'deals': [], 'cancellation_type': 'special', 'credit_card': 1, 'bonus': 400, 'miles': 480, 'min_stay': 1, 'platichastyami': 0, 'mircashback': 800}, {'id': 1026153, 'capacity': 5, 'prepayment': 'FULL', 'nonrefundable': 0, 'cancellation_period': 14, 'cancellation_fee': 'FIRST', 'breakfast': 0, 'base_price': 8500, 'prices': [8500], 'price': 8500, 'old_price': 8500, 'currency': 'RUB', 'payment_amount': 8500, 'extras_variants': [], 'extras': {'42845': {'id': 42845, 'number': 1, 'extra_bed_type_id': 0, 'age': [1, 16], 'extra_bed': 0, 'free': 1}}, 'rate_id': 11859, 'deals': [], 'cancellation_type': 'special', 'credit_card': 1, 'bonus': 425, 'miles': 510, 'min_stay': 1, 'platichastyami': 0, 'mircashback': 850}]",7000.0,420,249578_101hotels,2026-08-13
2298385,,"Улучшенный семейный с террасой, 2 этаж",4,0,0,1,Четырехместный,34,1,"[{'single': 2, 'sofa': 1}, {'double': 1, 'sofa': 1}]","[{'id': '42848', 'number': '1', 'min_age': '1', 'max_age': '16', 'is_extra_bed': '0', 'extra_bed_type_id': '0'}]","[{'id': 1026147, 'capacity': 1, 'prepayment': 'FULL', 'nonrefundable': 0, 'cancellation_period': 14, 'cancellation_fee': 'FIRST', 'breakfast': 0, 'base_price': 7000, 'prices': [7000], 'price': 7000, 'old_price': 7000, 'currency': 'RUB', 'payment_amount': 7000, 'extras_variants': [], 'extras': {'42848': {'id': 42848, 'number': 1, 'extra_bed_type_id': 0, 'age': [1, 16], 'extra_bed': 0, 'free': 1}}, 'rate_id': 11859, 'deals': [], 'cancellation_type': 'special', 'credit_card': 1, 'bonus': 350, 'miles': 420, 'min_stay': 1, 'platichastyami': 0, 'mircashback': 700}, {'id': 1026148, 'capacity': 2, 'prepayment': 'FULL', 'nonrefundable': 0, 'cancellation_period': 14, 'cancellation_fee': 'FIRST', 'breakfast': 0, 'base_price': 7000, 'prices': [7000], 'price': 7000, 'old_price': 7000, 'currency': 'RUB', 'payment_amount': 7000, 'extras_variants': [], 'extras': {'42848': {'id': 42848, 'number': 1, 'extra_bed_type_id': 0, 'age': [1, 16], 'extra_bed': 0, 'free': 1}}, 'rate_id': 11859, 'deals': [], 'cancellation_type': 'special', 'credit_card': 1, 'bonus': 350, 'miles': 420, 'min_stay': 1, 'platichastyami': 0, 'mircashback': 700}, {'id': 1026156, 'capacity': 3, 'prepayment': 'FULL', 'nonrefundable': 0, 'cancellation_period': 14, 'cancellation_fee': 'FIRST', 'breakfast': 0, 'base_price': 7500, 'prices': [7500], 'price': 7500, 'old_price': 7500, 'currency': 'RUB', 'payment_amount': 7500, 'extras_variants': [], 'extras': {'42848': {'id': 42848, 'number': 1, 'extra_bed_type_id': 0, 'age': [1, 16], 'extra_bed': 0, 'free': 1}}, 'rate_id': 11859, 'deals': [], 'cancellation_type': 'special', 'credit_card': 1, 'bonus': 375, 'miles': 450, 'min_stay': 1, 'platichastyami': 0, 'mircashback': 750}, {'id': 1026157, 'capacity': 4, 'prepayment': 'FULL', 'nonrefundable': 0, 'cancellation_period': 14, 'cancellation_fee': 'FIRST', 'breakfast': 0, 'base_price': 8000, 'prices': [8000], 'price': 8000, 'old_price': 8000, 'currency': 'RUB', 'payment_amount': 8000, 'extras_variants': [], 'extras': {'42848': {'id': 42848, 'number': 1, 'extra_bed_type_id': 0, 'age': [1, 16], 'extra_bed': 0, 'free': 1}}, 'rate_id': 11859, 'deals': [], 'cancellation_type': 'special', 'credit_card': 1, 'bonus': 400, 'miles': 480, 'min_stay': 1, 'platichastyami': 0, 'mircashback': 800}]",7000.0,420,249578_101hotels,2026-08-13
2298386,,Комфорт Семейный,4,0,0,1,Четырехместный,34,3,"[{'single': 2, 'sofa': 1}, {'double': 1, 'sofa': 1}]","[{'id': '42849', 'number': '1', 'min_age': '1', 'max_age': '16', 'is_extra_bed': '0', 'extra_bed_type_id': '0'}]","[{'id': 1026150, 'capacity': 1, 'prepayment': 'FULL', 'nonrefundable': 0, 'cancellation_period': 14, 'cancellation_fee': 'FIRST', 'breakfast': 0, 'base_price': 8000, 'prices': [8000], 'price': 8000, 'old_price': 8000, 'currency': 'RUB', 'payment_amount': 8000, 'extras_variants': [], 'extras': {'42849': {'id': 42849, 'number': 1, 'extra_bed_type_id': 0, 'age': [1, 16], 'extra_bed': 0, 'free': 1}}, 'rate_id': 11859, 'deals': [], 'cancellation_type': 'special', 'credit_card': 1, 'bonus': 400, 'miles': 480, 'min_stay': 1, 'platichastyami': 0, 'mircashback': 800}, {'id': 1026151, 'capacity': 2, 'prepayment': 'FULL', 'nonrefundable': 0, 'cancellation_period': 14, 'cancellation_fee': 'FIRST', 'breakfast': 0, 'base_price': 8000, 'prices': [8000], 'price': 8000, 'old_price': 8000, 'currency': 'RUB', 'payment_amount': 8000, 'extras_variants': [], 'extras': {'42849': {'id': 42849, 'number': 1, 'extra_bed_type_id': 0, 'age': [1, 16], 'extra_bed': 0, 'free': 1}}, 'rate_id': 11859, 'deals': [], 'cancellation_type': 'special', 'credit_card': 1, 'bonus': 400, 'miles': 480, 'min_stay': 1, 'platichastyami': 0, 'mircashback': 800}, {'id': 1026154, 'capacity': 3, 'prepayment': 'FULL', 'nonrefundable': 0, 'cancellation_period': 14, 'cancellation_fee': 'FIRST', 'breakfast': 0, 'base_price': 8500, 'prices': [8500], 'price': 8500, 'old_price': 8500, 'currency': 'RUB', 'payment_amount': 8500, 'extras_variants': [], 'extras': {'42849': {'id': 42849, 'number': 1, 'extra_bed_type_id': 0, 'age': [1, 16], 'extra_bed': 0, 'free': 1}}, 'rate_id': 11859, 'deals': [], 'cancellation_type': 'special', 'credit_card': 1, 'bonus': 425, 'miles': 510, 'min_stay': 1, 'platichastyami': 0, 'mircashback': 850}, {'id': 1026155, 'capacity': 4, 'prepayment': 'FULL', 'nonrefundable': 0, 'cancellation_period': 14, 'cancellation_fee': 'FIRST', 'breakfast': 0, 'base_price': 9000, 'prices': [9000], 'price': 9000, 'old_price': 9000, 'currency': 'RUB', 'payment_amount': 9000, 'extras_variants': [], 'extras': {'42849': {'id': 42849, 'number': 1, 'extra_bed_type_id': 0, 'age': [1, 16], 'extra_bed': 0, 'free': 1}}, 'rate_id': 11859, 'deals': [], 'cancellation_type': 'special', 'credit_card': 1, 'bonus': 450, 'miles': 540, 'min_stay': 1, 'platichastyami': 0, 'mircashback': 900}]",8000.0,480,249578_101hotels,2026-08-13
2232454,,Бюджетный,2,1,0,1,Двухместный,2,14,"[{'single': 2}, {'double': 1}, {'single': 3}]","[{'id': '13409', 'number': '1', 'min_age': '6', 'max_age': '18', 'is_extra_bed': '1', 'extra_bed_type_id': '4'}]","[{'id': 415912, 'capacity': 1, 'prepayment': 'FULL', 'nonrefundable': 0, 'cancellation_period': 14, 'cancellation_fee': 'FIRST', 'breakfast': 1, 'base_price': 7000, 'prices': [7000], 'price': 7000, 'old_price': 7000, 'currency': 'RUB', 'payment_amount': 7000, 'extras_variants': [], 'extras': {'13409': {'id': 13409, 'number': 1, 'extra_bed_type_id': 4, 'age': [6, 18], 'extra_bed': 1, 'free': 1}}, 'rate_id': 8485, 'deals': [], 'cancellation_type': 'special', 'credit_card': 1, 'bonus': 350, 'miles': 420, 'min_stay': 1, 'platichastyami': 0, 'mircashback': 700}, {'id': 415913, 'capacity': 2, 'prepayment': 'FULL', 'nonrefundable': 0, 'cancellation_period': 14, 'cancellation_fee': 'FIRST', 'breakfast': 1, 'base_price': 7000, 'prices': [7000], 'price': 7000, 'old_price': 7000, 'currency': 'RUB', 'payment_amount': 7000, 'extras_variants': [], 'extras': {'13409': {'id': 13409, 'number': 1, 'extra_bed_type_id': 4, 'age': [6, 18], 'extra_bed': 1, 'free': 1}}, 'rate_id': 8485, 'deals': [], 'cancellation_type': 'special', 'credit_card': 1, 'bonus': 350, 'miles': 420, 'min_stay': 1, 'platichastyami': 0, 'mircashback': 700}]",7000.0,420,653669_101hotels,2026-08-13
2301290,,Двухместный благоустроенный номер  с раздельными кроватями,2,0,0,1,Двухместный,2,3,[{'double': 2}],[],"[{'id': 1135960, 'capacity': 1, 'prepayment': 'FULL', 'nonrefundable': 0, 'cancellation_period': 0, 'cancellation_fee': 'NO', 'breakfast': 1, 'base_price': 8000, 'prices': [8000], 'price': 8000, 'old_price': 8000, 'currency': 'RUB', 'payment_amount': 8000, 'extras_variants': [], 'extras': [], 'rate_id': 50646, 'deals': [], 'cancellation_type': 'free', 'credit_card': 1, 'bonus': 400, 'miles': 480, 'min_stay': 1, 'platichastyami': 0, 'mircashback': 800}, {'id': 1135961, 'capacity': 2, 'prepayment': 'FULL', 'nonrefundable': 0, 'cancellation_period': 0, 'cancellation_fee': 'NO', 'breakfast': 1, 'base_price': 10000, 'prices': [10000], 'price': 10000, 'old_price': 10000, 'currency': 'RUB', 'payment_amount': 10000, 'extras_variants': [], 'extras': [], 'rate_id': 50646, 'deals': [], 'cancellation_type': 'free', 'credit_card': 1, 'bonus': 500, 'miles': 600, 'min_stay': 1, 'platichastyami': 0, 'mircashback': 1000}]",8000.0,480,15203_101hotels,2026-08-13
2301294,,Семейный благоустроенный номер,3,0,0,1,Трехместный,37,1,"[{'single': 1, 'double': 1}]",[],"[{'id': 1135958, 'capacity': 2, 'prepayment': 'FULL', 'nonrefundable': 0, 'cancellation_period': 0, 'cancellation_fee': 'NO', 'breakfast': 1, 'base_price': 10500, 'prices': [10500], 'price': 10500, 'old_price': 10500, 'currency': 'RUB', 'payment_amount': 10500, 'extras_variants': [], 'extras': [], 'rate_id': 57212, 'deals': [], 'cancellation_type': 'free', 'credit_card': 1, 'bonus': 525, 'miles': 630, 'min_stay': 1, 'platichastyami': 0, 'mircashback': 1050}, {'id': 1135959, 'capacity': 3, 'prepayment': 'FULL', 'nonrefundable': 0, 'cancellation_period': 0, 'cancellation_fee': 'NO', 'breakfast': 1, 'base_price': 15000, 'prices': [15000], 'price': 15000, 'old_price': 15000, 'currency': 'RUB', 'payment_amount': 15000, 'extras_variants': [], 'extras': [], 'rate_id': 57212, 'deals': [], 'cancellation_type': 'free', 'credit_card': 1, 'bonus': 750, 'miles': 900, 'min_stay': 1, 'platichastyami': 0, 'mircashback': 1500}]",10500.0,630,15203_101hotels,2026-08-13
2301298,,Двухместный благоустроенный с двухспальной кроватью,2,0,0,1,Двухместный,2,2,[{'double': 1}],[],"[{'id': 1048765, 'capacity': 1, 'prepayment': 'FULL', 'nonrefundable': 0, 'cancellation_period': 0, 'cancellation_fee': 'NO', 'breakfast': 1, 'base_price': 8000, 'prices': [8000], 'price': 8000, 'old_price': 8000, 'currency': 'RUB', 'payment_amount': 8000, 'extras_variants': [], 'extras': [], 'rate_id': 50646, 'deals': [], 'cancellation_type': 'free', 'credit_card': 1, 'bonus': 400, 'miles': 480, 'min_stay': 1, 'platichastyami': 0, 'mircashback': 800}, {'id': 1048766, 'capacity': 2, 'prepayment': 'FULL', 'nonrefundable': 0, 'cancellation_period': 0, 'cancellation_fee': 'NO', 'breakfast': 1, 'base_price': 10000, 'prices': [10000], 'price': 10000, 'old_price': 10000, 'currency': 'RUB', 'payment_amount': 10000, 'extras_variants': [], 'extras': [], 'rate_id': 50646, 'deals': [], 'cancellation_type': 'free', 'credit_card': 1, 'bonus': 500, 'miles': 600, 'min_stay': 1, 'platichastyami': 0, 'mircashback': 1000}]",8000.0,480,15203_101hotels,2026-08-13
2301299,,Двухместный благоустроенный домик,2,0,0,1,Двухместный,2,5,[{'single': 2}],[],"[{'id': 1222078, 'capacity': 1, 'prepayment': 'FULL', 'nonrefundable': 0, 'cancellation_period': 0, 'cancellation_fee': 'NO', 'breakfast': 1, 'base_price': 6000, 'prices': [6000], 'price': 6000, 'old_price': 6000, 'currency': 'RUB', 'payment_amount': 6000, 'extras_variants': [], 'extras': [], 'rate_id': 62790, 'deals': [], 'cancellation_type': 'free', 'credit_card': 1, 'bonus': 300, 'miles': 360, 'min_stay': 1, 'platichastyami': 0, 'mircashback': 600}, {'id': 1222079, 'capacity': 2, 'prepayment': 'FULL', 'nonrefundable': 0, 'cancellation_period': 0, 'cancellation_fee': 'NO', 'breakfast': 1, 'base_price': 8000, 'prices': [8000], 'price': 8000, 'old_price': 8000, 'currency': 'RUB', 'payment_amount': 8000, 'extras_variants': [], 'extras': [], 'rate_id': 62790, 'deals': [], 'cancellation_type': 'free', 'credit_card': 1, 'bonus': 400, 'miles': 480, 'min_stay': 1, 'platichastyami': 0, 'mircashback': 800}]",6000.0,360,15203_101hotels,2026-08-13
2301309,,Трехместный номер с 2-мя кроватями и диваном,3,0,0,1,Трёхместный и более,3,2,"[{'single': 1, 'sofa': 1}]",[],"[{'id': 1135956, 'capacity': 2, 'prepayment': 'FULL', 'nonrefundable': 0, 'cancellation_period': 0, 'cancellation_fee': 'NO', 'breakfast': 1, 'base_price': 10500, 'prices': [10500], 'price': 10500, 'old_price': 10500, 'currency': 'RUB', 'payment_amount': 10500, 'extras_variants': [], 'extras': [], 'rate_id': 57212, 'deals': [], 'cancellation_type': 'free', 'credit_card': 1, 'bonus': 525, 'miles': 630, 'min_stay': 1, 'platichastyami': 0, 'mircashback': 1050}, {'id': 1135963, 'capacity': 3, 'prepayment': 'FULL', 'nonrefundable': 0, 'cancellation_period': 0, 'cancellation_fee': 'NO', 'breakfast': 1, 'base_price': 15000, 'prices': [15000], 'price': 15000, 'old_price': 15000, 'currency': 'RUB', 'payment_amount': 15000, 'extras_variants': [], 'extras': [], 'rate_id': 57212, 'deals': [], 'cancellation_type': 'free', 'credit_card': 1, 'bonus': 750, 'miles': 900, 'min_stay': 1, 'platichastyami': 0, 'mircashback': 1500}]",10500.0,630,15203_101hotels,2026-08-13
727625,,Улучшенный,3,0,0,1,Трехместный,37,2,"[{'single': 2, 'sofa': 1}, {'double': 1, 'sofa': 1}]",[],"[{'id': 253922, 'capacity': 1, 'prepayment': 'FIRST', 'nonrefundable': 0, 'cancellation_period': 14, 'cancellation_fee': 'FIRST', 'breakfast': 1, 'base_price': 14375, 'prices': [14375], 'price': 12937.5, 'old_price': 14375, 'currency': 'RUB', 'payment_amount': 14375, 'extras_variants': [], 'extras': [], 'rate_id': 366, 'deals': ['LAST_MINUTE'], 'cancellation_type': 'special', 'credit_card': 1, 'bonus': 647, 'miles': 774, 'min_stay': 1, 'platichastyami': 0, 'mircashback': 1294}, {'id': 253923, 'capacity': 2, 'prepayment': 'FIRST', 'nonrefundable': 0, 'cancellation_period': 14, 'cancellation_fee': 'FIRST', 'breakfast': 1, 'base_price': 14950, 'prices': [14950], 'price': 13455, 'old_price': 14950, 'currency': 'RUB', 'payment_amount': 14950, 'extras_variants': [], 'extras': [], 'rate_id': 366, 'deals': ['LAST_MINUTE'], 'cancellation_type': 'special', 'credit_card': 1, 'bonus': 673, 'miles': 807, 'min_stay': 1, 'platichastyami': 0, 'mircashback': 1346}, {'id': 253955, 'capacity': 3, 'prepayment': 'FIRST', 'nonrefundable': 0, 'cancellation_period': 14, 'cancellation_fee': 'FIRST', 'breakfast': 1, 'base_price': 18975, 'prices': [18975], 'price': 17077.5, 'old_price': 18975, 'currency': 'RUB', 'payment_amount': 18975, 'extras_variants': [], 'extras': [], 'rate_id': 366, 'deals': ['LAST_MINUTE'], 'cancellation_type': 'special', 'credit_card': 1, 'bonus': 854, 'miles': 1023, 'min_stay': 1, 'platichastyami': 0, 'mircashback': 1708}]",12937.5,774,227948_101hotels,2026-08-13
1906257,,,2,0,0,1,Делюкс,29,2,"[{'single': 2}, {'double': 1}]",[],"[{'id': 253916, 'capacity': 1, 'prepayment': 'FIRST', 'nonrefundable': 0, 'cancellation_period': 14, 'cancellation_fee': 'FIRST', 'breakfast': 1, 'base_price': 16675, 'prices': [16675], 'price': 15007.5, 'old_price': 16675, 'currency': 'RUB', 'payment_amount': 16675, 'extras_variants': [], 'extras': [], 'rate_id': 366, 'deals': ['LAST_MINUTE'], 'cancellation_type': 'special', 'credit_card': 1, 'bonus': 750, 'miles': 900, 'min_stay': 1, 'platichastyami': 0, 'mircashback': 1501}, {'id': 253917, 'capacity': 2, 'prepayment': 'FIRST', 'nonrefundable': 0, 'cancellation_period': 14, 'cancellation_fee': 'FIRST', 'breakfast': 1, 'base_price': 17250, 'prices': [17250], 'price': 15525, 'old_price': 17250, 'currency': 'RUB', 'payment_amount': 17250, 'extras_variants': [], 'extras': [], 'rate_id': 366, 'deals': ['LAST_MINUTE'], 'cancellation_type': 'special', 'credit_card': 1, 'bonus': 776, 'miles': 930, 'min_stay': 1, 'platichastyami': 0, 'mircashback': 1553}]",15007.5,900,227948_101hotels,2026-08-13
1906259,,,2,0,0,1,Люкс,6,2,"[{'single': 2}, {'double': 1}]",[],"[{'id': 253920, 'capacity': 1, 'prepayment': 'FIRST', 'nonrefundable': 0, 'cancellation_period': 14, 'cancellation_fee': 'FIRST', 'breakfast': 1, 'base_price': 17825, 'prices': [17825], 'price': 16042.5, 'old_price': 17825, 'currency': 'RUB', 'payment_amount': 17825, 'extras_variants': [], 'extras': [], 'rate_id': 366, 'deals': ['LAST_MINUTE'], 'cancellation_type': 'special', 'credit_card': 1, 'bonus': 802, 'miles': 960, 'min_stay': 1, 'platichastyami': 0, 'mircashback': 1604}, {'id': 253921, 'capacity': 2, 'prepayment': 'FIRST', 'nonrefundable': 0, 'cancellation_period': 14, 'cancellation_fee': 'FIRST', 'breakfast': 1, 'base_price': 18400, 'prices': [18400], 'price': 16560, 'old_price': 18400, 'currency': 'RUB', 'payment_amount': 18400, 'extras_variants': [], 'extras': [], 'rate_id': 366, 'deals': ['LAST_MINUTE'], 'cancellation_type': 'special', 'credit_card': 1, 'bonus': 828, 'miles': 993, 'min_stay': 1, 'platichastyami': 0, 'mircashback': 1656}]",16042.5,960,227948_101hotels,2026-08-13
2299973,,Стандартный,2,1,0,1,Двухместный,2,3,"[{'single': 2, 'sofa': 1}, {'double': 1, 'sofa': 1}]",[],"[{'id': 1040937, 'capacity': 1, 'prepayment': 'FULL', 'nonrefundable': 0, 'cancellation_period': 0, 'cancellation_fee': 'NO', 'breakfast': 0, 'base_price': 10200, 'prices': [10200], 'price': 10200, 'old_price': 10200, 'currency': 'RUB', 'payment_amount': 10200, 'extras_variants': [], 'extras': [], 'rate_id': 50459, 'deals': [], 'cancellation_type': 'free', 'credit_card': 1, 'bonus': 510, 'miles': 612, 'min_stay': 1, 'platichastyami': 0, 'mircashback': 1020}, {'id': 1040938, 'capacity': 2, 'prepayment': 'FULL', 'nonrefundable': 0, 'cancellation_period': 0, 'cancellation_fee': 'NO', 'breakfast': 0, 'base_price': 10200, 'prices': [10200], 'price': 10200, 'old_price': 10200, 'currency': 'RUB', 'payment_amount': 10200, 'extras_variants': [], 'extras': [], 'rate_id': 50459, 'deals': [], 'cancellation_type': 'free', 'credit_card': 1, 'bonus': 510, 'miles': 612, 'min_stay': 1, 'platichastyami': 0, 'mircashback': 1020}]",10200.0,612,673191_101hotels,2026-08-13
2299974,,Стандартный улучшенный,2,0,0,1,Двухместный,2,3,"[{'single': 2}, {'double': 1}]",[],"[{'id': 1040939, 'capacity': 1, 'prepayment': 'FULL', 'nonrefundable': 0, 'cancellation_period': 0, 'cancellation_fee': 'NO', 'breakfast': 0, 'base_price': 11400, 'prices': [11400], 'price': 11400, 'old_price': 11400, 'currency': 'RUB', 'payment_amount': 11400, 'extras_variants': [], 'extras': [], 'rate_id': 50459, 'deals': [], 'cancellation_type': 'free', 'credit_card': 1, 'bonus': 570, 'miles': 684, 'min_stay': 1, 'platichastyami': 0, 'mircashback': 1140}, {'id': 1040940, 'capacity': 2, 'prepayment': 'FULL', 'nonrefundable': 0, 'cancellation_period': 0, 'cancellation_fee': 'NO', 'breakfast': 0, 'base_price': 11400, 'prices': [11400], 'price': 11400, 'old_price': 11400, 'currency': 'RUB', 'payment_amount': 11400, 'extras_variants': [], 'extras': [], 'rate_id': 50459, 'deals': [], 'cancellation_type': 'free', 'credit_card': 1, 'bonus': 570, 'miles': 684, 'min_stay': 1, 'platichastyami': 0, 'mircashback': 1140}]",11400.0,684,673191_101hotels,2026-08-13
2311822,,Стандарт двухместный,2,0,0,1,Двухместный,2,2,[{'single': 2}],"[{'id': '35738', 'number': '1', 'min_age': '0', 'max_age': '6', 'is_extra_bed': '0', 'extra_bed_type_id': '0'}]","[{'id': 1145844, 'capacity': 1, 'prepayment': 'FULL', 'nonrefundable': 0, 'cancellation_period': 0, 'cancellation_fee': 'NO', 'breakfast': 1, 'base_price': 10000, 'prices': [10000], 'price': 10000, 'old_price': 10000, 'currency': 'RUB', 'payment_amount': 10000, 'extras_variants': [], 'extras': {'35738': {'id': 35738, 'number': 1, 'extra_bed_type_id': 0, 'age': [0, 6], 'extra_bed': 0, 'free': 1}}, 'rate_id': 57795, 'deals': [], 'cancellation_type': 'free', 'credit_card': 1, 'bonus': 500, 'miles': 600, 'min_stay': 1, 'platichastyami': 0, 'mircashback': 1000}, {'id': 1145845, 'capacity': 2, 'prepayment': 'FULL', 'nonrefundable': 0, 'cancellation_period': 0, 'cancellation_fee': 'NO', 'breakfast': 1, 'base_price': 10000, 'prices': [10000], 'price': 10000, 'old_price': 10000, 'currency': 'RUB', 'payment_amount': 10000, 'extras_variants': [], 'extras': {'35738': {'id': 35738, 'number': 1, 'extra_bed_type_id': 0, 'age': [0, 6], 'extra_bed': 0, 'free': 1}}, 'rate_id': 57795, 'deals': [], 'cancellation_type': 'free', 'credit_card': 1, 'bonus': 500, 'miles': 600, 'min_stay': 1, 'platichastyami': 0, 'mircashback': 1000}]",10000.0,600,675975_101hotels,2026-08-13
2214297,,С 1 кроватью или 2 отдельными кроватями и боковым видом на море,2,1,0,1,Двухместный,2,2,"[{'single': 2}, {'double': 1}]","[{'id': '2333', 'number': '1', 'min_age': '0', 'max_age': '3', 'is_extra_bed': '1', 'extra_bed_type_id': '4'}]","[{'id': 569268, 'capacity': 1, 'prepayment': 'FIRST', 'nonrefundable': 0, 'cancellation_period': 3, 'cancellation_fee': 'FIRST', 'breakfast': 1, 'base_price': 13200, 'prices': [13200], 'price': 13200, 'old_price': 13200, 'currency': 'RUB', 'payment_amount': 13200, 'extras_variants': [], 'extras': {'2333': {'id': 2333, 'number': 1, 'extra_bed_type_id': 4, 'age': [0, 3], 'extra_bed': 1, 'free': 1}}, 'rate_id': 11332, 'deals': [], 'cancellation_type': 'special', 'credit_card': 1, 'bonus': 660, 'miles': 792, 'min_stay': 1, 'platichastyami': 0, 'mircashback': 1320}, {'id': 569269, 'capacity': 2, 'prepayment': 'FIRST', 'nonrefundable': 0, 'cancellation_period': 3, 'cancellation_fee': 'FIRST', 'breakfast': 1, 'base_price': 14000, 'prices': [14000], 'price': 14000, 'old_price': 14000, 'currency': 'RUB', 'payment_amount': 14000, 'extras_variants': [], 'extras': {'2333': {'id': 2333, 'number': 1, 'extra_bed_type_id': 4, 'age': [0, 3], 'extra_bed': 1, 'free': 1}}, 'rate_id': 11332, 'deals': [], 'cancellation_type': 'special', 'credit_card': 1, 'bonus': 700, 'miles': 840, 'min_stay': 1, 'platichastyami': 0, 'mircashback': 1400}]",13200.0,792,496517_101hotels,2026-08-13
2298229,,Гостевой,2,0,0,1,Двухместный,2,4,[{'single': 2}],[],"[{'id': 1025873, 'capacity': 1, 'prepayment': 'FULL', 'nonrefundable': 0, 'cancellation_period': 0, 'cancellation_fee': 'NO', 'breakfast': 0, 'base_price': 5500, 'prices': [5500], 'price': 5500, 'old_price': 5500, 'currency': 'RUB', 'payment_amount': 5500, 'extras_variants': [], 'extras': [], 'rate_id': 49542, 'deals': [], 'cancellation_type': 'free', 'credit_card': 1, 'bonus': 275, 'miles': 330, 'min_stay': 1, 'platichastyami': 0, 'mircashback': 550}, {'id': 1025874, 'capacity': 2, 'prepayment': 'FULL', 'nonrefundable': 0, 'cancellation_period': 0, 'cancellation_fee': 'NO', 'breakfast': 0, 'base_price': 5500, 'prices': [5500], 'price': 5500, 'old_price': 5500, 'currency': 'RUB', 'payment_amount': 5500, 'extras_variants': [], 'extras': [], 'rate_id': 49542, 'deals': [], 'cancellation_type': 'free', 'credit_card': 1, 'bonus': 275, 'miles': 330, 'min_stay': 1, 'platichastyami': 0, 'mircashback': 550}]",5500.0,330,514123_101hotels,2026-08-13
2298230,,Стандарт,2,1,0,1,Трехместный,37,17,[{'single': 1}],[],"[{'id': 1025879, 'capacity': 1, 'prepayment': 'FULL', 'nonrefundable': 0, 'cancellation_period': 0, 'cancellation_fee': 'NO', 'breakfast': 0, 'base_price': 5500, 'prices': [5500], 'price': 5500, 'old_price': 5500, 'currency': 'RUB', 'payment_amount': 5500, 'extras_variants': [], 'extras': [], 'rate_id': 49542, 'deals': [], 'cancellation_type': 'free', 'credit_card': 1, 'bonus': 275, 'miles': 330, 'min_stay': 1, 'platichastyami': 0, 'mircashback': 550}, {'id': 1025880, 'capacity': 2, 'prepayment': 'FULL', 'nonrefundable': 0, 'cancellation_period': 0, 'cancellation_fee': 'NO', 'breakfast': 0, 'base_price': 5500, 'prices': [5500], 'price': 5500, 'old_price': 5500, 'currency': 'RUB', 'payment_amount': 5500, 'extras_variants': [], 'extras': [], 'rate_id': 49542, 'deals': [], 'cancellation_type': 'free', 'credit_card': 1, 'bonus': 275, 'miles': 330, 'min_stay': 1, 'platichastyami': 0, 'mircashback': 550}]",5500.0,330,514123_101hotels,2026-08-13
2298232,,Улучшенный,2,1,0,1,Бунгало,30,9,"[{'single': 1, 'double': 1}]","[{'id': '20473', 'number': '1', 'min_age': '1', 'max_age': '7', 'is_extra_bed': '1', 'extra_bed_type_id': '4'}]","[{'id': 1025877, 'capacity': 1, 'prepayment': 'FULL', 'nonrefundable': 0, 'cancellation_period': 0, 'cancellation_fee': 'NO', 'breakfast': 0, 'base_price': 6000, 'prices': [6000], 'price': 6000, 'old_price': 6000, 'currency': 'RUB', 'payment_amount': 6000, 'extras_variants': [], 'extras': {'20473': {'id': 20473, 'number': 1, 'extra_bed_type_id': 4, 'age': [1, 7], 'extra_bed': 1, 'free': 1}}, 'rate_id': 49542, 'deals': [], 'cancellation_type': 'free', 'credit_card': 1, 'bonus': 300, 'miles': 360, 'min_stay': 1, 'platichastyami': 0, 'mircashback': 600}, {'id': 1025878, 'capacity': 2, 'prepayment': 'FULL', 'nonrefundable': 0, 'cancellation_period': 0, 'cancellation_fee': 'NO', 'breakfast': 0, 'base_price': 6000, 'prices': [6000], 'price': 6000, 'old_price': 6000, 'currency': 'RUB', 'payment_amount': 6000, 'extras_variants': [], 'extras': {'20473': {'id': 20473, 'number': 1, 'extra_bed_type_id': 4, 'age': [1, 7], 'extra_bed': 1, 'free': 1}}, 'rate_id': 49542, 'deals': [], 'cancellation_type': 'free', 'credit_card': 1, 'bonus': 300, 'miles': 360, 'min_stay': 1, 'platichastyami': 0, 'mircashback': 600}]",6000.0,360,514123_101hotels,2026-08-13
78395,,Комфорт с 1 кроватью или 2 отдельными кроватями,2,0,0,1,Двухместный,2,7,"[{'single': 2}, {'double': 1}]",[],"[{'id': 316488, 'capacity': 1, 'prepayment': 'FIRST', 'nonrefundable': 0, 'cancellation_period': 1, 'cancellation_fee': 'FIRST', 'breakfast': 6, 'base_price': 16632, 'prices': [16632], 'price': 16632, 'old_price': 16632, 'currency': 'RUB', 'payment_amount': 16632, 'extras_variants': [], 'extras': [], 'rate_id': 3119, 'deals': [], 'cancellation_type': 'special', 'credit_card': 1, 'bonus': 832, 'miles': 996, 'min_stay': 1, 'platichastyami': 0, 'mircashback': 1663}, {'id': 525768, 'capacity': 1, 'prepayment': 'FIRST', 'nonrefundable': 0, 'cancellation_period': 1, 'cancellation_fee': 'FIRST', 'breakfast': 1, 'base_price': 16632, 'prices': [16632], 'price': 16632, 'old_price': 16632, 'currency': 'RUB', 'payment_amount': 16632, 'extras_variants': [], 'extras': [], 'rate_id': 16033, 'deals': [], 'cancellation_type': 'special', 'credit_card': 1, 'bonus': 832, 'miles': 996, 'min_stay': 1, 'platichastyami': 0, 'mircashback': 1663}, {'id': 316489, 'capacity': 2, 'prepayment': 'FIRST', 'nonrefundable': 0, 'cancellation_period': 1, 'cancellation_fee': 'FIRST', 'breakfast': 6, 'base_price': 17892, 'prices': [17892], 'price': 17892, 'old_price': 17892, 'currency': 'RUB', 'payment_amount': 17892, 'extras_variants': [], 'extras': [], 'rate_id': 3119, 'deals': [], 'cancellation_type': 'special', 'credit_card': 1, 'bonus': 895, 'miles': 1071, 'min_stay': 1, 'platichastyami': 0, 'mircashback': 1789}, {'id': 525769, 'capacity': 2, 'prepayment': 'FIRST', 'nonrefundable': 0, 'cancellation_period': 1, 'cancellation_fee': 'FIRST', 'breakfast': 1, 'base_price': 17892, 'prices': [17892], 'price': 17892, 'old_price': 17892, 'currency': 'RUB', 'payment_amount': 17892, 'extras_variants': [], 'extras': [], 'rate_id': 16033, 'deals': [], 'cancellation_type': 'special', 'credit_card': 1, 'bonus': 895, 'miles': 1071, 'min_stay': 1, 'platichastyami': 0, 'mircashback': 1789}]",16632.0,996,15192_101hotels,2026-08-13
2216716,,Стандарт с одной или двумя кроватями,2,0,0,1,Двухместный,2,3,"[{'single': 2}, {'double': 1}]",[],"[{'id': 428479, 'capacity': 1, 'prepayment': 'FIRST', 'nonrefundable': 0, 'cancellation_period': 1, 'cancellation_fee': 'FIRST', 'breakfast': 6, 'base_price': 13398, 'prices': [13398], 'price': 13398, 'old_price': 13398, 'currency': 'RUB', 'payment_amount': 13398, 'extras_variants': [], 'extras': [], 'rate_id': 3119, 'deals': [], 'cancellation_type': 'special', 'credit_card': 1, 'bonus': 670, 'miles': 801, 'min_stay': 1, 'platichastyami': 0, 'mircashback': 1340}, {'id': 525772, 'capacity': 1, 'prepayment': 'FIRST', 'nonrefundable': 0, 'cancellation_period': 1, 'cancellation_fee': 'FIRST', 'breakfast': 1, 'base_price': 13398, 'prices': [13398], 'price': 13398, 'old_price': 13398, 'currency': 'RUB', 'payment_amount': 13398, 'extras_variants': [], 'extras': [], 'rate_id': 16033, 'deals': [], 'cancellation_type': 'special', 'credit_card': 1, 'bonus': 670, 'miles': 801, 'min_stay': 1, 'platichastyami': 0, 'mircashback': 1340}, {'id': 428480, 'capacity': 2, 'prepayment': 'FIRST', 'nonrefundable': 0, 'cancellation_period': 1, 'cancellation_fee': 'FIRST', 'breakfast': 6, 'base_price': 14658, 'prices': [14658], 'price': 14658, 'old_price': 14658, 'currency': 'RUB', 'payment_amount': 14658, 'extras_variants': [], 'extras': [], 'rate_id': 3119, 'deals': [], 'cancellation_type': 'special', 'credit_card': 1, 'bonus': 733, 'miles': 879, 'min_stay': 1, 'platichastyami': 0, 'mircashback': 1466}, {'id': 525773, 'capacity': 2, 'prepayment': 'FIRST', 'nonrefundable': 0, 'cancellation_period': 1, 'cancellation_fee': 'FIRST', 'breakfast': 1, 'base_price': 14658, 'prices': [14658], 'price': 14658, 'old_price': 14658, 'currency': 'RUB', 'payment_amount': 14658, 'extras_variants': [], 'extras': [], 'rate_id': 16033, 'deals': [], 'cancellation_type': 'special', 'credit_card': 1, 'bonus': 733, 'miles': 879, 'min_stay': 1, 'platichastyami': 0, 'mircashback': 1466}]",13398.0,801,15192_101hotels,2026-08-13
78442,,Номер с 2 отдельными кроватями и видом на озеро,2,1,0,1,Двухместный,2,4,[{'single': 2}],[],"[{'id': 522551, 'capacity': 1, 'prepayment': 'FIRST', 'nonrefundable': 1, 'cancellation_period': 0, 'cancellation_fee': 'FIRST', 'breakfast': 1, 'base_price': 15000, 'prices': [15000], 'price': 15000, 'old_price': 15000, 'currency': 'RUB', 'payment_amount': 15000, 'extras_variants': [], 'extras': [], 'rate_id': 15854, 'deals': [], 'cancellation_type': 'nonrefundable', 'credit_card': 1, 'bonus': 750, 'miles': 900, 'min_stay': 1, 'platichastyami': 0, 'mircashback': 1500}, {'id': 522552, 'capacity': 2, 'prepayment': 'FIRST', 'nonrefundable': 1, 'cancellation_period': 0, 'cancellation_fee': 'FIRST', 'breakfast': 1, 'base_price': 15000, 'prices': [15000], 'price': 15000, 'old_price': 15000, 'currency': 'RUB', 'payment_amount': 15000, 'extras_variants': [], 'extras': [], 'rate_id': 15854, 'deals': [], 'cancellation_type': 'nonrefundable', 'credit_card': 1, 'bonus': 750, 'miles': 900, 'min_stay': 1, 'platichastyami': 0, 'mircashback': 1500}]",15000.0,900,15206_101hotels,2026-08-13
78443,,Номер с 1 кроватью и видом на озеро,2,1,0,1,Двухместный,2,1,[{'double': 1}],[],"[{'id': 522553, 'capacity': 1, 'prepayment': 'FIRST', 'nonrefundable': 1, 'cancellation_period': 0, 'cancellation_fee': 'FIRST', 'breakfast': 1, 'base_price': 15000, 'prices': [15000], 'price': 15000, 'old_price': 15000, 'currency': 'RUB', 'payment_amount': 15000, 'extras_variants': [], 'extras': [], 'rate_id': 15854, 'deals': [], 'cancellation_type': 'nonrefundable', 'credit_card': 1, 'bonus': 750, 'miles': 900, 'min_stay': 1, 'platichastyami': 0, 'mircashback': 1500}, {'id': 522554, 'capacity': 2, 'prepayment': 'FIRST', 'nonrefundable': 1, 'cancellation_period': 0, 'cancellation_fee': 'FIRST', 'breakfast': 1, 'base_price': 15000, 'prices': [15000], 'price': 15000, 'old_price': 15000, 'currency': 'RUB', 'payment_amount': 15000, 'extras_variants': [], 'extras': [], 'rate_id': 15854, 'deals': [], 'cancellation_type': 'nonrefundable', 'credit_card': 1, 'bonus': 750, 'miles': 900, 'min_stay': 1, 'platichastyami': 0, 'mircashback': 1500}]",15000.0,900,15206_101hotels,2026-08-13
2232543,,Стандарт  раздельные кровати,2,0,0,1,Двухместный,2,5,[{'single': 2}],"[{'id': '13123', 'number': '2', 'min_age': '1', 'max_age': '7', 'is_extra_bed': '0', 'extra_bed_type_id': '0'}]","[{'id': 1220165, 'capacity': 1, 'prepayment': 'FULL', 'nonrefundable': 0, 'cancellation_period': 0, 'cancellation_fee': 'NO', 'breakfast': 0, 'base_price': 6900, 'prices': [6900], 'price': 6900, 'old_price': 6900, 'currency': 'RUB', 'payment_amount': 6900, 'extras_variants': [], 'extras': {'13123': {'id': 13123, 'number': 2, 'extra_bed_type_id': 0, 'age': [1, 7], 'extra_bed': 0, 'free': 1}}, 'rate_id': 62660, 'deals': [], 'cancellation_type': 'free', 'credit_card': 1, 'bonus': 345, 'miles': 414, 'min_stay': 1, 'platichastyami': 0, 'mircashback': 690}, {'id': 1220166, 'capacity': 2, 'prepayment': 'FULL', 'nonrefundable': 0, 'cancellation_period': 0, 'cancellation_fee': 'NO', 'breakfast': 0, 'base_price': 6900, 'prices': [6900], 'price': 6900, 'old_price': 6900, 'currency': 'RUB', 'payment_amount': 6900, 'extras_variants': [], 'extras': {'13123': {'id': 13123, 'number': 2, 'extra_bed_type_id': 0, 'age': [1, 7], 'extra_bed': 0, 'free': 1}}, 'rate_id': 62660, 'deals': [], 'cancellation_type': 'free', 'credit_card': 1, 'bonus': 345, 'miles': 414, 'min_stay': 1, 'platichastyami': 0, 'mircashback': 690}]",6900.0,414,189278_101hotels,2026-08-13
1465386,,Стандарт+,2,1,0,1,Двухместный,2,2,[{'double': 1}],[],"[{'id': 330372, 'capacity': 1, 'prepayment': 'FIRST', 'nonrefundable': 1, 'cancellation_period': 0, 'cancellation_fee': 'FIRST', 'breakfast': 1, 'base_price': 16500, 'prices': [16500], 'price': 16500, 'old_price': 16500, 'currency': 'RUB', 'payment_amount': 16500, 'extras_variants': [], 'extras': [], 'rate_id': 3781, 'deals': [], 'cancellation_type': 'nonrefundable', 'credit_card': 1, 'bonus': 825, 'miles': 990, 'min_stay': 1, 'platichastyami': 0, 'mircashback': 1650}, {'id': 330373, 'capacity': 2, 'prepayment': 'FIRST', 'nonrefundable': 1, 'cancellation_period': 0, 'cancellation_fee': 'FIRST', 'breakfast': 1, 'base_price': 16500, 'prices': [16500], 'price': 16500, 'old_price': 16500, 'currency': 'RUB', 'payment_amount': 16500, 'extras_variants': [], 'extras': [], 'rate_id': 3781, 'deals': [], 'cancellation_type': 'nonrefundable', 'credit_card': 1, 'bonus': 825, 'miles': 990, 'min_stay': 1, 'platichastyami': 0, 'mircashback': 1650}]",16500.0,990,458938_101hotels,2026-08-13
1465387,,Стандартный мансардный  номер с 1 кроватью,2,1,0,1,Двухместный,2,7,[{'double': 1}],[],"[{'id': 330370, 'capacity': 1, 'prepayment': 'FIRST', 'nonrefundable': 1, 'cancellation_period': 0, 'cancellation_fee': 'FIRST', 'breakfast': 1, 'base_price': 16000, 'prices': [16000], 'price': 16000, 'old_price': 16000, 'currency': 'RUB', 'payment_amount': 16000, 'extras_variants': [], 'extras': [], 'rate_id': 3781, 'deals': [], 'cancellation_type': 'nonrefundable', 'credit_card': 1, 'bonus': 800, 'miles': 960, 'min_stay': 1, 'platichastyami': 0, 'mircashback': 1600}, {'id': 330371, 'capacity': 2, 'prepayment': 'FIRST', 'nonrefundable': 1, 'cancellation_period': 0, 'cancellation_fee': 'FIRST', 'breakfast': 1, 'base_price': 16000, 'prices': [16000], 'price': 16000, 'old_price': 16000, 'currency': 'RUB', 'payment_amount': 16000, 'extras_variants': [], 'extras': [], 'rate_id': 3781, 'deals': [], 'cancellation_type': 'nonrefundable', 'credit_card': 1, 'bonus': 800, 'miles': 960, 'min_stay': 1, 'platichastyami': 0, 'mircashback': 1600}]",16000.0,960,458938_101hotels,2026-08-13
1465391,,Улучшенный номер,3,2,0,1,Семейный,44,1,"[{'single': 1, 'double': 1}]",[],"[{'id': 330352, 'capacity': 1, 'prepayment': 'FIRST', 'nonrefundable': 1, 'cancellation_period': 0, 'cancellation_fee': 'FIRST', 'breakfast': 1, 'base_price': 27000, 'prices': [27000], 'price': 27000, 'old_price': 27000, 'currency': 'RUB', 'payment_amount': 27000, 'extras_variants': [], 'extras': [], 'rate_id': 3781, 'deals': [], 'cancellation_type': 'nonrefundable', 'credit_card': 1, 'bonus': 1350, 'miles': 1620, 'min_stay': 1, 'platichastyami': 0, 'mircashback': 2700}, {'id': 330353, 'capacity': 2, 'prepayment': 'FIRST', 'nonrefundable': 1, 'cancellation_period': 0, 'cancellation_fee': 'FIRST', 'breakfast': 1, 'base_price': 27000, 'prices': [27000], 'price': 27000, 'old_price': 27000, 'currency': 'RUB', 'payment_amount': 27000, 'extras_variants': [], 'extras': [], 'rate_id': 3781, 'deals': [], 'cancellation_type': 'nonrefundable', 'credit_card': 1, 'bonus': 1350, 'miles': 1620, 'min_stay': 1, 'platichastyami': 0, 'mircashback': 2700}, {'id': 330354, 'capacity': 3, 'prepayment': 'FIRST', 'nonrefundable': 1, 'cancellation_period': 0, 'cancellation_fee': 'FIRST', 'breakfast': 1, 'base_price': 27000, 'prices': [27000], 'price': 27000, 'old_price': 27000, 'currency': 'RUB', 'payment_amount': 27000, 'extras_variants': [], 'extras': [], 'rate_id': 3781, 'deals': [], 'cancellation_type': 'nonrefundable', 'credit_card': 1, 'bonus': 1350, 'miles': 1620, 'min_stay': 1, 'platichastyami': 0, 'mircashback': 2700}]",27000.0,1620,458938_101hotels,2026-08-13
2214278,,Стандартный номер с 2 отдельными кроватями,2,1,0,1,Двухместный,2,7,[{'single': 2}],[],"[{'id': 330368, 'capacity': 1, 'prepayment': 'FIRST', 'nonrefundable': 1, 'cancellation_period': 0, 'cancellation_fee': 'FIRST', 'breakfast': 1, 'base_price': 16000, 'prices': [16000], 'price': 16000, 'old_price': 16000, 'currency': 'RUB', 'payment_amount': 16000, 'extras_variants': [], 'extras': [], 'rate_id': 3781, 'deals': [], 'cancellation_type': 'nonrefundable', 'credit_card': 1, 'bonus': 800, 'miles': 960, 'min_stay': 1, 'platichastyami': 0, 'mircashback': 1600}, {'id': 330369, 'capacity': 2, 'prepayment': 'FIRST', 'nonrefundable': 1, 'cancellation_period': 0, 'cancellation_fee': 'FIRST', 'breakfast': 1, 'base_price': 16000, 'prices': [16000], 'price': 16000, 'old_price': 16000, 'currency': 'RUB', 'payment_amount': 16000, 'extras_variants': [], 'extras': [], 'rate_id': 3781, 'deals': [], 'cancellation_type': 'nonrefundable', 'credit_card': 1, 'bonus': 800, 'miles': 960, 'min_stay': 1, 'platichastyami': 0, 'mircashback': 1600}]",16000.0,960,458938_101hotels,2026-08-13
2224127,,Арт-номер с двухспальной кроватью,2,1,0,1,Двухместный,2,1,[{'double': 1}],[],"[{'id': 394930, 'capacity': 1, 'prepayment': 'FIRST', 'nonrefundable': 1, 'cancellation_period': 0, 'cancellation_fee': 'FIRST', 'breakfast': 1, 'base_price': 18000, 'prices': [18000], 'price': 18000, 'old_price': 18000, 'currency': 'RUB', 'payment_amount': 18000, 'extras_variants': [], 'extras': [], 'rate_id': 3781, 'deals': [], 'cancellation_type': 'nonrefundable', 'credit_card': 1, 'bonus': 900, 'miles': 1080, 'min_stay': 1, 'platichastyami': 0, 'mircashback': 1800}, {'id': 394931, 'capacity': 2, 'prepayment': 'FIRST', 'nonrefundable': 1, 'cancellation_period': 0, 'cancellation_fee': 'FIRST', 'breakfast': 1, 'base_price': 18000, 'prices': [18000], 'price': 18000, 'old_price': 18000, 'currency': 'RUB', 'payment_amount': 18000, 'extras_variants': [], 'extras': [], 'rate_id': 3781, 'deals': [], 'cancellation_type': 'nonrefundable', 'credit_card': 1, 'bonus': 900, 'miles': 1080, 'min_stay': 1, 'platichastyami': 0, 'mircashback': 1800}]",18000.0,1080,458938_101hotels,2026-08-13
2228781,,Арт-номер с раздельными кроватями,2,1,0,1,Двухместный,2,2,[{'single': 2}],[],"[{'id': 394932, 'capacity': 1, 'prepayment': 'FIRST', 'nonrefundable': 1, 'cancellation_period': 0, 'cancellation_fee': 'FIRST', 'breakfast': 1, 'base_price': 18000, 'prices': [18000], 'price': 18000, 'old_price': 18000, 'currency': 'RUB', 'payment_amount': 18000, 'extras_variants': [], 'extras': [], 'rate_id': 3781, 'deals': [], 'cancellation_type': 'nonrefundable', 'credit_card': 1, 'bonus': 900, 'miles': 1080, 'min_stay': 1, 'platichastyami': 0, 'mircashback': 1800}, {'id': 394933, 'capacity': 2, 'prepayment': 'FIRST', 'nonrefundable': 1, 'cancellation_period': 0, 'cancellation_fee': 'FIRST', 'breakfast': 1, 'base_price': 18000, 'prices': [18000], 'price': 18000, 'old_price': 18000, 'currency': 'RUB', 'payment_amount': 18000, 'extras_variants': [], 'extras': [], 'rate_id': 3781, 'deals': [], 'cancellation_type': 'nonrefundable', 'credit_card': 1, 'bonus': 900, 'miles': 1080, 'min_stay': 1, 'platichastyami': 0, 'mircashback': 1800}]",18000.0,1080,458938_101hotels,2026-08-13
2298936,,Арт номер в доме на береговой линии,2,1,0,1,Мини-дом,57,4,[{'double': 1}],"[{'id': '20762', 'number': '1', 'min_age': '0', 'max_age': '3', 'is_extra_bed': '1', 'extra_bed_type_id': '4'}]","[{'id': 1030861, 'capacity': 1, 'prepayment': 'FIRST', 'nonrefundable': 1, 'cancellation_period': 0, 'cancellation_fee': 'FIRST', 'breakfast': 1, 'base_price': 35000, 'prices': [35000], 'price': 35000, 'old_price': 35000, 'currency': 'RUB', 'payment_amount': 35000, 'extras_variants': [], 'extras': {'20762': {'id': 20762, 'number': 1, 'extra_bed_type_id': 4, 'age': [0, 3], 'extra_bed': 1, 'free': 1}}, 'rate_id': 3781, 'deals': [], 'cancellation_type': 'nonrefundable', 'credit_card': 1, 'bonus': 1750, 'miles': 2100, 'min_stay': 1, 'platichastyami': 0, 'mircashback': 3500}, {'id': 1030862, 'capacity': 2, 'prepayment': 'FIRST', 'nonrefundable': 1, 'cancellation_period': 0, 'cancellation_fee': 'FIRST', 'breakfast': 1, 'base_price': 35000, 'prices': [35000], 'price': 35000, 'old_price': 35000, 'currency': 'RUB', 'payment_amount': 35000, 'extras_variants': [], 'extras': {'20762': {'id': 20762, 'number': 1, 'extra_bed_type_id': 4, 'age': [0, 3], 'extra_bed': 1, 'free': 1}}, 'rate_id': 3781, 'deals': [], 'cancellation_type': 'nonrefundable', 'credit_card': 1, 'bonus': 1750, 'miles': 2100, 'min_stay': 1, 'platichastyami': 0, 'mircashback': 3500}]",35000.0,2100,458938_101hotels,2026-08-13
2298938,,Семейный номер Делюкс с красивым видом из окна,2,1,0,1,Дом,56,4,[{'single': 2}],[],"[{'id': 1030863, 'capacity': 1, 'prepayment': 'FIRST', 'nonrefundable': 1, 'cancellation_period': 0, 'cancellation_fee': 'FIRST', 'breakfast': 1, 'base_price': 40000, 'prices': [40000], 'price': 40000, 'old_price': 40000, 'currency': 'RUB', 'payment_amount': 40000, 'extras_variants': [], 'extras': [], 'rate_id': 3781, 'deals': [], 'cancellation_type': 'nonrefundable', 'credit_card': 1, 'bonus': 2000, 'miles': 2400, 'min_stay': 1, 'platichastyami': 0, 'mircashback': 4000}, {'id': 1030864, 'capacity': 2, 'prepayment': 'FIRST', 'nonrefundable': 1, 'cancellation_period': 0, 'cancellation_fee': 'FIRST', 'breakfast': 1, 'base_price': 40000, 'prices': [40000], 'price': 40000, 'old_price': 40000, 'currency': 'RUB', 'payment_amount': 40000, 'extras_variants': [], 'extras': [], 'rate_id': 3781, 'deals': [], 'cancellation_type': 'nonrefundable', 'credit_card': 1, 'bonus': 2000, 'miles': 2400, 'min_stay': 1, 'platichastyami': 0, 'mircashback': 4000}]",40000.0,2400,458938_101hotels,2026-08-13
2298939,,Апартаменты на берегу озера,2,1,0,1,Дом,56,4,[{'double': 1}],[],"[{'id': 1030867, 'capacity': 1, 'prepayment': 'FIRST', 'nonrefundable': 1, 'cancellation_period': 0, 'cancellation_fee': 'FIRST', 'breakfast': 1, 'base_price': 50000, 'prices': [50000], 'price': 50000, 'old_price': 50000, 'currency': 'RUB', 'payment_amount': 50000, 'extras_variants': [], 'extras': [], 'rate_id': 3781, 'deals': [], 'cancellation_type': 'nonrefundable', 'credit_card': 1, 'bonus': 2500, 'miles': 3000, 'min_stay': 1, 'platichastyami': 0, 'mircashback': 5000}, {'id': 1030868, 'capacity': 2, 'prepayment': 'FIRST', 'nonrefundable': 1, 'cancellation_period': 0, 'cancellation_fee': 'FIRST', 'breakfast': 1, 'base_price': 50000, 'prices': [50000], 'price': 50000, 'old_price': 50000, 'currency': 'RUB', 'payment_amount': 50000, 'extras_variants': [], 'extras': [], 'rate_id': 3781, 'deals': [], 'cancellation_type': 'nonrefundable', 'credit_card': 1, 'bonus': 2500, 'miles': 3000, 'min_stay': 1, 'platichastyami': 0, 'mircashback': 5000}]",50000.0,3000,458938_101hotels,2026-08-13
2298941,,Шале Премиум,6,4,0,1,Шале,55,1,"[{'double': 3, 'sofa': 1}]",[],"[{'id': 1030895, 'capacity': 1, 'prepayment': 'FIRST', 'nonrefundable': 1, 'cancellation_period': 0, 'cancellation_fee': 'FIRST', 'breakfast': 1, 'base_price': 160000, 'prices': [160000], 'price': 160000, 'old_price': 160000, 'currency': 'RUB', 'payment_amount': 160000, 'extras_variants': [], 'extras': [], 'rate_id': 3781, 'deals': [], 'cancellation_type': 'nonrefundable', 'credit_card': 1, 'bonus': 8000, 'miles': 6000, 'min_stay': 1, 'platichastyami': 0, 'mircashback': 10000}, {'id': 1030896, 'capacity': 2, 'prepayment': 'FIRST', 'nonrefundable': 1, 'cancellation_period': 0, 'cancellation_fee': 'FIRST', 'breakfast': 1, 'base_price': 160000, 'prices': [160000], 'price': 160000, 'old_price': 160000, 'currency': 'RUB', 'payment_amount': 160000, 'extras_variants': [], 'extras': [], 'rate_id': 3781, 'deals': [], 'cancellation_type': 'nonrefundable', 'credit_card': 1, 'bonus': 8000, 'miles': 6000, 'min_stay': 1, 'platichastyami': 0, 'mircashback': 10000}, {'id': 1030897, 'capacity': 3, 'prepayment': 'FIRST', 'nonrefundable': 1, 'cancellation_period': 0, 'cancellation_fee': 'FIRST', 'breakfast': 1, 'base_price': 160000, 'prices': [160000], 'price': 160000, 'old_price': 160000, 'currency': 'RUB', 'payment_amount': 160000, 'extras_variants': [], 'extras': [], 'rate_id': 3781, 'deals': [], 'cancellation_type': 'nonrefundable', 'credit_card': 1, 'bonus': 8000, 'miles': 6000, 'min_stay': 1, 'platichastyami': 0, 'mircashback': 10000}, {'id': 1030898, 'capacity': 4, 'prepayment': 'FIRST', 'nonrefundable': 1, 'cancellation_period': 0, 'cancellation_fee': 'FIRST', 'breakfast': 1, 'base_price': 160000, 'prices': [160000], 'price': 160000, 'old_price': 160000, 'currency': 'RUB', 'payment_amount': 160000, 'extras_variants': [], 'extras': [], 'rate_id': 3781, 'deals': [], 'cancellation_type': 'nonrefundable', 'credit_card': 1, 'bonus': 8000, 'miles': 6000, 'min_stay': 1, 'platichastyami': 0, 'mircashback': 10000}, {'id': 1030899, 'capacity': 5, 'prepayment': 'FIRST', 'nonrefundable': 1, 'cancellation_period': 0, 'cancellation_fee': 'FIRST', 'breakfast': 1, 'base_price': 160000, 'prices': [160000], 'price': 160000, 'old_price': 160000, 'currency': 'RUB', 'payment_amount': 160000, 'extras_variants': [], 'extras': [], 'rate_id': 3781, 'deals': [], 'cancellation_type': 'nonrefundable', 'credit_card': 1, 'bonus': 8000, 'miles': 6000, 'min_stay': 1, 'platichastyami': 0, 'mircashback': 10000}, {'id': 1030900, 'capacity': 6, 'prepayment': 'FIRST', 'nonrefundable': 1, 'cancellation_period': 0, 'cancellation_fee': 'FIRST', 'breakfast': 1, 'base_price': 160000, 'prices': [160000], 'price': 160000, 'old_price': 160000, 'currency': 'RUB', 'payment_amount': 160000, 'extras_variants': [], 'extras': [], 'rate_id': 3781, 'deals': [], 'cancellation_type': 'nonrefundable', 'credit_card': 1, 'bonus': 8000, 'miles': 6000, 'min_stay': 1, 'platichastyami': 0, 'mircashback': 10000}]",160000.0,6000,458938_101hotels,2026-08-13
2298942,,Номер в двухэтажном барнхаусе на береговой линии,4,1,0,1,Дом,56,1,"[{'single': 2, 'double': 1}]",[],"[{'id': 1030901, 'capacity': 1, 'prepayment': 'FIRST', 'nonrefundable': 1, 'cancellation_period': 0, 'cancellation_fee': 'FIRST', 'breakfast': 1, 'base_price': 45000, 'prices': [45000], 'price': 45000, 'old_price': 45000, 'currency': 'RUB', 'payment_amount': 45000, 'extras_variants': [], 'extras': [], 'rate_id': 3781, 'deals': [], 'cancellation_type': 'nonrefundable', 'credit_card': 1, 'bonus': 2250, 'miles': 2700, 'min_stay': 1, 'platichastyami': 0, 'mircashback': 4500}, {'id': 1030902, 'capacity': 2, 'prepayment': 'FIRST', 'nonrefundable': 1, 'cancellation_period': 0, 'cancellation_fee': 'FIRST', 'breakfast': 1, 'base_price': 45000, 'prices': [45000], 'price': 45000, 'old_price': 45000, 'currency': 'RUB', 'payment_amount': 45000, 'extras_variants': [], 'extras': [], 'rate_id': 3781, 'deals': [], 'cancellation_type': 'nonrefundable', 'credit_card': 1, 'bonus': 2250, 'miles': 2700, 'min_stay': 1, 'platichastyami': 0, 'mircashback': 4500}, {'id': 1030903, 'capacity': 3, 'prepayment': 'FIRST', 'nonrefundable': 1, 'cancellation_period': 0, 'cancellation_fee': 'FIRST', 'breakfast': 1, 'base_price': 45000, 'prices': [45000], 'price': 45000, 'old_price': 45000, 'currency': 'RUB', 'payment_amount': 45000, 'extras_variants': [], 'extras': [], 'rate_id': 3781, 'deals': [], 'cancellation_type': 'nonrefundable', 'credit_card': 1, 'bonus': 2250, 'miles': 2700, 'min_stay': 1, 'platichastyami': 0, 'mircashback': 4500}, {'id': 1030904, 'capacity': 4, 'prepayment': 'FIRST', 'nonrefundable': 1, 'cancellation_period': 0, 'cancellation_fee': 'FIRST', 'breakfast': 1, 'base_price': 45000, 'prices': [45000], 'price': 45000, 'old_price': 45000, 'currency': 'RUB', 'payment_amount': 45000, 'extras_variants': [], 'extras': [], 'rate_id': 3781, 'deals': [], 'cancellation_type': 'nonrefundable', 'credit_card': 1, 'bonus': 2250, 'miles': 2700, 'min_stay': 1, 'platichastyami': 0, 'mircashback': 4500}]",45000.0,2700,458938_101hotels,2026-08-13
2234065,,Благоустроенный номер,3,0,0,1,Трехместный,37,1,[{'single': 3}],[],"[{'id': 427444, 'capacity': 1, 'prepayment': 'FULL', 'nonrefundable': 0, 'cancellation_period': 3, 'cancellation_fee': 'FIRST', 'breakfast': 1, 'base_price': 8000, 'prices': [8000], 'price': 8000, 'old_price': 8000, 'currency': 'RUB', 'payment_amount': 8000, 'extras_variants': [], 'extras': [], 'rate_id': 9269, 'deals': [], 'cancellation_type': 'special', 'credit_card': 1, 'bonus': 400, 'miles': 480, 'min_stay': 1, 'platichastyami': 0, 'mircashback': 800}, {'id': 427445, 'capacity': 2, 'prepayment': 'FULL', 'nonrefundable': 0, 'cancellation_period': 3, 'cancellation_fee': 'FIRST', 'breakfast': 1, 'base_price': 8000, 'prices': [8000], 'price': 8000, 'old_price': 8000, 'currency': 'RUB', 'payment_amount': 8000, 'extras_variants': [], 'extras': [], 'rate_id': 9269, 'deals': [], 'cancellation_type': 'special', 'credit_card': 1, 'bonus': 400, 'miles': 480, 'min_stay': 1, 'platichastyami': 0, 'mircashback': 800}, {'id': 427446, 'capacity': 3, 'prepayment': 'FULL', 'nonrefundable': 0, 'cancellation_period': 3, 'cancellation_fee': 'FIRST', 'breakfast': 1, 'base_price': 8000, 'prices': [8000], 'price': 8000, 'old_price': 8000, 'currency': 'RUB', 'payment_amount': 8000, 'extras_variants': [], 'extras': [], 'rate_id': 9269, 'deals': [], 'cancellation_type': 'special', 'credit_card': 1, 'bonus': 400, 'miles': 480, 'min_stay': 1, 'platichastyami': 0, 'mircashback': 800}]",8000.0,480,570584_101hotels,2026-08-13
2234067,,Благоустроенный номер,4,0,0,1,Четырехместный,34,1,[{'single': 4}],[],"[{'id': 427447, 'capacity': 1, 'prepayment': 'FULL', 'nonrefundable': 0, 'cancellation_period': 3, 'cancellation_fee': 'FIRST', 'breakfast': 1, 'base_price': 10000, 'prices': [10000], 'price': 10000, 'old_price': 10000, 'currency': 'RUB', 'payment_amount': 10000, 'extras_variants': [], 'extras': [], 'rate_id': 9269, 'deals': [], 'cancellation_type': 'special', 'credit_card': 1, 'bonus': 500, 'miles': 600, 'min_stay': 1, 'platichastyami': 0, 'mircashback': 1000}, {'id': 427448, 'capacity': 2, 'prepayment': 'FULL', 'nonrefundable': 0, 'cancellation_period': 3, 'cancellation_fee': 'FIRST', 'breakfast': 1, 'base_price': 10000, 'prices': [10000], 'price': 10000, 'old_price': 10000, 'currency': 'RUB', 'payment_amount': 10000, 'extras_variants': [], 'extras': [], 'rate_id': 9269, 'deals': [], 'cancellation_type': 'special', 'credit_card': 1, 'bonus': 500, 'miles': 600, 'min_stay': 1, 'platichastyami': 0, 'mircashback': 1000}, {'id': 427449, 'capacity': 3, 'prepayment': 'FULL', 'nonrefundable': 0, 'cancellation_period': 3, 'cancellation_fee': 'FIRST', 'breakfast': 1, 'base_price': 10000, 'prices': [10000], 'price': 10000, 'old_price': 10000, 'currency': 'RUB', 'payment_amount': 10000, 'extras_variants': [], 'extras': [], 'rate_id': 9269, 'deals': [], 'cancellation_type': 'special', 'credit_card': 1, 'bonus': 500, 'miles': 600, 'min_stay': 1, 'platichastyami': 0, 'mircashback': 1000}, {'id': 427450, 'capacity': 4, 'prepayment': 'FULL', 'nonrefundable': 0, 'cancellation_period': 3, 'cancellation_fee': 'FIRST', 'breakfast': 1, 'base_price': 10000, 'prices': [10000], 'price': 10000, 'old_price': 10000, 'currency': 'RUB', 'payment_amount': 10000, 'extras_variants': [], 'extras': [], 'rate_id': 9269, 'deals': [], 'cancellation_type': 'special', 'credit_card': 1, 'bonus': 500, 'miles': 600, 'min_stay': 1, 'platichastyami': 0, 'mircashback': 1000}]",10000.0,600,570584_101hotels,2026-08-13
2259951,,Барнхаус,5,0,0,1,Люкс,6,1,"[{'single': 1, 'double': 1, 'sofa': 1}, {'single': 3, 'sofa': 1}]","[{'id': '23101', 'number': '1', 'min_age': '0', 'max_age': '4', 'is_extra_bed': '0', 'extra_bed_type_id': '0'}]","[{'id': 688931, 'capacity': 1, 'prepayment': 'FIRST', 'nonrefundable': 1, 'cancellation_period': 0, 'cancellation_fee': 'FIRST', 'breakfast': 1, 'base_price': 20000, 'prices': [20000], 'price': 20000, 'old_price': 20000, 'currency': 'RUB', 'payment_amount': 20000, 'extras_variants': [], 'extras': {'23101': {'id': 23101, 'number': 1, 'extra_bed_type_id': 0, 'age': [0, 4], 'extra_bed': 0, 'free': 1}}, 'rate_id': 8928, 'deals': [], 'cancellation_type': 'nonrefundable', 'credit_card': 1, 'bonus': 1000, 'miles': 1200, 'min_stay': 1, 'platichastyami': 0, 'mircashback': 2000}, {'id': 688932, 'capacity': 2, 'prepayment': 'FIRST', 'nonrefundable': 1, 'cancellation_period': 0, 'cancellation_fee': 'FIRST', 'breakfast': 1, 'base_price': 20000, 'prices': [20000], 'price': 20000, 'old_price': 20000, 'currency': 'RUB', 'payment_amount': 20000, 'extras_variants': [], 'extras': {'23101': {'id': 23101, 'number': 1, 'extra_bed_type_id': 0, 'age': [0, 4], 'extra_bed': 0, 'free': 1}}, 'rate_id': 8928, 'deals': [], 'cancellation_type': 'nonrefundable', 'credit_card': 1, 'bonus': 1000, 'miles': 1200, 'min_stay': 1, 'platichastyami': 0, 'mircashback': 2000}, {'id': 688933, 'capacity': 3, 'prepayment': 'FIRST', 'nonrefundable': 1, 'cancellation_period': 0, 'cancellation_fee': 'FIRST', 'breakfast': 1, 'base_price': 23000, 'prices': [23000], 'price': 23000, 'old_price': 23000, 'currency': 'RUB', 'payment_amount': 23000, 'extras_variants': [], 'extras': {'23101': {'id': 23101, 'number': 1, 'extra_bed_type_id': 0, 'age': [0, 4], 'extra_bed': 0, 'free': 1}}, 'rate_id': 8928, 'deals': [], 'cancellation_type': 'nonrefundable', 'credit_card': 1, 'bonus': 1150, 'miles': 1380, 'min_stay': 1, 'platichastyami': 0, 'mircashback': 2300}, {'id': 688934, 'capacity': 4, 'prepayment': 'FIRST', 'nonrefundable': 1, 'cancellation_period': 0, 'cancellation_fee': 'FIRST', 'breakfast': 1, 'base_price': 26000, 'prices': [26000], 'price': 26000, 'old_price': 26000, 'currency': 'RUB', 'payment_amount': 26000, 'extras_variants': [], 'extras': {'23101': {'id': 23101, 'number': 1, 'extra_bed_type_id': 0, 'age': [0, 4], 'extra_bed': 0, 'free': 1}}, 'rate_id': 8928, 'deals': [], 'cancellation_type': 'nonrefundable', 'credit_card': 1, 'bonus': 1300, 'miles': 1560, 'min_stay': 1, 'platichastyami': 0, 'mircashback': 2600}, {'id': 688935, 'capacity': 5, 'prepayment': 'FIRST', 'nonrefundable': 1, 'cancellation_period': 0, 'cancellation_fee': 'FIRST', 'breakfast': 1, 'base_price': 29000, 'prices': [29000], 'price': 29000, 'old_price': 29000, 'currency': 'RUB', 'payment_amount': 29000, 'extras_variants': [], 'extras': {'23101': {'id': 23101, 'number': 1, 'extra_bed_type_id': 0, 'age': [0, 4], 'extra_bed': 0, 'free': 1}}, 'rate_id': 8928, 'deals': [], 'cancellation_type': 'nonrefundable', 'credit_card': 1, 'bonus': 1450, 'miles': 1740, 'min_stay': 1, 'platichastyami': 0, 'mircashback': 2900}]",20000.0,1200,654408_101hotels,2026-08-13
2220086,,Номер эконом-класса с 2 раздельными кроватями,2,0,0,0,Двухместный,2,5,[{'double': 1}],"[{'id': '10291', 'number': '2', 'min_age': '0', 'max_age': '3', 'is_extra_bed': '0', 'extra_bed_type_id': '0'}]","[{'id': 306139, 'capacity': 1, 'prepayment': 'FULL', 'nonrefundable': 0, 'cancellation_period': 1, 'cancellation_fee': 'FIRST', 'breakfast': 0, 'base_price': 6900, 'prices': [6900], 'price': 6900, 'old_price': 6900, 'currency': 'RUB', 'payment_amount': 6900, 'extras_variants': [], 'extras': {'10291': {'id': 10291, 'number': 2, 'extra_bed_type_id': 0, 'age': [0, 3], 'extra_bed': 0, 'free': 1}}, 'rate_id': 2662, 'deals': [], 'cancellation_type': 'special', 'credit_card': 1, 'bonus': 345, 'miles': 414, 'min_stay': 1, 'platichastyami': 0, 'mircashback': 690}, {'id': 306140, 'capacity': 2, 'prepayment': 'FULL', 'nonrefundable': 0, 'cancellation_period': 1, 'cancellation_fee': 'FIRST', 'breakfast': 0, 'base_price': 6900, 'prices': [6900], 'price': 6900, 'old_price': 6900, 'currency': 'RUB', 'payment_amount': 6900, 'extras_variants': [], 'extras': {'10291': {'id': 10291, 'number': 2, 'extra_bed_type_id': 0, 'age': [0, 3], 'extra_bed': 0, 'free': 1}}, 'rate_id': 2662, 'deals': [], 'cancellation_type': 'special', 'credit_card': 1, 'bonus': 345, 'miles': 414, 'min_stay': 1, 'platichastyami': 0, 'mircashback': 690}]",6900.0,414,650956_101hotels,2026-08-13
2220114,,Номер эконом-класса с одной двуспальной кроватью,2,0,0,0,Двухместный,2,1,[{'double': 1}],"[{'id': '10292', 'number': '2', 'min_age': '0', 'max_age': '3', 'is_extra_bed': '0', 'extra_bed_type_id': '0'}]","[{'id': 306141, 'capacity': 1, 'prepayment': 'FULL', 'nonrefundable': 0, 'cancellation_period': 1, 'cancellation_fee': 'FIRST', 'breakfast': 0, 'base_price': 6900, 'prices': [6900], 'price': 6900, 'old_price': 6900, 'currency': 'RUB', 'payment_amount': 6900, 'extras_variants': [], 'extras': {'10292': {'id': 10292, 'number': 2, 'extra_bed_type_id': 0, 'age': [0, 3], 'extra_bed': 0, 'free': 1}}, 'rate_id': 2662, 'deals': [], 'cancellation_type': 'special', 'credit_card': 1, 'bonus': 345, 'miles': 414, 'min_stay': 1, 'platichastyami': 0, 'mircashback': 690}, {'id': 306142, 'capacity': 2, 'prepayment': 'FULL', 'nonrefundable': 0, 'cancellation_period': 1, 'cancellation_fee': 'FIRST', 'breakfast': 0, 'base_price': 6900, 'prices': [6900], 'price': 6900, 'old_price': 6900, 'currency': 'RUB', 'payment_amount': 6900, 'extras_variants': [], 'extras': {'10292': {'id': 10292, 'number': 2, 'extra_bed_type_id': 0, 'age': [0, 3], 'extra_bed': 0, 'free': 1}}, 'rate_id': 2662, 'deals': [], 'cancellation_type': 'special', 'credit_card': 1, 'bonus': 345, 'miles': 414, 'min_stay': 1, 'platichastyami': 0, 'mircashback': 690}]",6900.0,414,650956_101hotels,2026-08-13
2220122,,Номер эконом-класса с 3 раздельными кроватями,3,0,0,0,Трехместный,37,5,[{'single': 3}],"[{'id': '10294', 'number': '3', 'min_age': '0', 'max_age': '3', 'is_extra_bed': '0', 'extra_bed_type_id': '0'}]","[{'id': 306156, 'capacity': 1, 'prepayment': 'FULL', 'nonrefundable': 0, 'cancellation_period': 1, 'cancellation_fee': 'FIRST', 'breakfast': 0, 'base_price': 6900, 'prices': [6900], 'price': 6900, 'old_price': 6900, 'currency': 'RUB', 'payment_amount': 6900, 'extras_variants': [], 'extras': {'10294': {'id': 10294, 'number': 3, 'extra_bed_type_id': 0, 'age': [0, 3], 'extra_bed': 0, 'free': 1}}, 'rate_id': 2662, 'deals': [], 'cancellation_type': 'special', 'credit_card': 1, 'bonus': 345, 'miles': 414, 'min_stay': 1, 'platichastyami': 0, 'mircashback': 690}, {'id': 306157, 'capacity': 2, 'prepayment': 'FULL', 'nonrefundable': 0, 'cancellation_period': 1, 'cancellation_fee': 'FIRST', 'breakfast': 0, 'base_price': 6900, 'prices': [6900], 'price': 6900, 'old_price': 6900, 'currency': 'RUB', 'payment_amount': 6900, 'extras_variants': [], 'extras': {'10294': {'id': 10294, 'number': 3, 'extra_bed_type_id': 0, 'age': [0, 3], 'extra_bed': 0, 'free': 1}}, 'rate_id': 2662, 'deals': [], 'cancellation_type': 'special', 'credit_card': 1, 'bonus': 345, 'miles': 414, 'min_stay': 1, 'platichastyami': 0, 'mircashback': 690}, {'id': 306158, 'capacity': 3, 'prepayment': 'FULL', 'nonrefundable': 0, 'cancellation_period': 1, 'cancellation_fee': 'FIRST', 'breakfast': 0, 'base_price': 6900, 'prices': [6900], 'price': 6900, 'old_price': 6900, 'currency': 'RUB', 'payment_amount': 6900, 'extras_variants': [], 'extras': {'10294': {'id': 10294, 'number': 3, 'extra_bed_type_id': 0, 'age': [0, 3], 'extra_bed': 0, 'free': 1}}, 'rate_id': 2662, 'deals': [], 'cancellation_type': 'special', 'credit_card': 1, 'bonus': 345, 'miles': 414, 'min_stay': 1, 'platichastyami': 0, 'mircashback': 690}]",6900.0,414,650956_101hotels,2026-08-13
2220139,,Номер категории Стандарт с 2 раздельными кроватями,2,2,0,1,Двухместный,2,5,"[{'single': 2, 'sofa': 1}]","[{'id': '10289', 'number': '2', 'min_age': '0', 'max_age': '3', 'is_extra_bed': '0', 'extra_bed_type_id': '0'}]","[{'id': 306143, 'capacity': 1, 'prepayment': 'FULL', 'nonrefundable': 0, 'cancellation_period': 1, 'cancellation_fee': 'FIRST', 'breakfast': 0, 'base_price': 10700, 'prices': [10700], 'price': 10700, 'old_price': 10700, 'currency': 'RUB', 'payment_amount': 10700, 'extras_variants': [], 'extras': {'10289': {'id': 10289, 'number': 2, 'extra_bed_type_id': 0, 'age': [0, 3], 'extra_bed': 0, 'free': 1}}, 'rate_id': 2662, 'deals': [], 'cancellation_type': 'special', 'credit_card': 1, 'bonus': 535, 'miles': 642, 'min_stay': 1, 'platichastyami': 0, 'mircashback': 1070}, {'id': 306144, 'capacity': 2, 'prepayment': 'FULL', 'nonrefundable': 0, 'cancellation_period': 1, 'cancellation_fee': 'FIRST', 'breakfast': 0, 'base_price': 10700, 'prices': [10700], 'price': 10700, 'old_price': 10700, 'currency': 'RUB', 'payment_amount': 10700, 'extras_variants': [], 'extras': {'10289': {'id': 10289, 'number': 2, 'extra_bed_type_id': 0, 'age': [0, 3], 'extra_bed': 0, 'free': 1}}, 'rate_id': 2662, 'deals': [], 'cancellation_type': 'special', 'credit_card': 1, 'bonus': 535, 'miles': 642, 'min_stay': 1, 'platichastyami': 0, 'mircashback': 1070}]",10700.0,642,650956_101hotels,2026-08-13
2220148,,Койко-место в общем номере с 4 кроватями,4,0,1,0,Четырехместный,34,7,[{'single': 1}],[],"[{'id': 306147, 'capacity': 1, 'prepayment': 'FULL', 'nonrefundable': 0, 'cancellation_period': 1, 'cancellation_fee': 'FIRST', 'breakfast': 0, 'base_price': 2300, 'prices': [2300], 'price': 2300, 'old_price': 2300, 'currency': 'RUB', 'payment_amount': 2300, 'extras_variants': [], 'extras': [], 'rate_id': 2662, 'deals': [], 'cancellation_type': 'special', 'credit_card': 1, 'bonus': 115, 'miles': 138, 'min_stay': 1, 'platichastyami': 0, 'mircashback': 230}]",2300.0,138,650956_101hotels,2026-08-13
2220152,,Койко-место в общем номере с 5 кроватями,5,0,1,0,Пятиместный,35,5,[{'single': 1}],[],"[{'id': 306151, 'capacity': 1, 'prepayment': 'FULL', 'nonrefundable': 0, 'cancellation_period': 1, 'cancellation_fee': 'FIRST', 'breakfast': 0, 'base_price': 2300, 'prices': [2300], 'price': 2300, 'old_price': 2300, 'currency': 'RUB', 'payment_amount': 2300, 'extras_variants': [], 'extras': [], 'rate_id': 2662, 'deals': [], 'cancellation_type': 'special', 'credit_card': 1, 'bonus': 115, 'miles': 138, 'min_stay': 1, 'platichastyami': 0, 'mircashback': 230}]",2300.0,138,650956_101hotels,2026-08-13
2321232,,Двухкомнатные апартаменты Премиум с видом на озеро,2,2,0,1,Апартаменты,14,1,"[{'double': 1, 'sofa': 1}]","[{'id': '51147', 'number': '2', 'min_age': '0', 'max_age': '18', 'is_extra_bed': '0', 'extra_bed_type_id': '0'}]","[{'id': 1227850, 'capacity': 1, 'prepayment': 'FULL', 'nonrefundable': 0, 'cancellation_period': 0, 'cancellation_fee': 'NO', 'breakfast': 0, 'base_price': 24750, 'prices': [24750], 'price': 19800, 'old_price': 24750, 'currency': 'RUB', 'payment_amount': 24750, 'extras_variants': [], 'extras': {'51147': {'id': 51147, 'number': 2, 'extra_bed_type_id': 0, 'age': [0, 18], 'extra_bed': 0, 'free': 1}}, 'rate_id': 63172, 'deals': ['LAST_MINUTE'], 'cancellation_type': 'free', 'credit_card': 1, 'bonus': 990, 'miles': 1188, 'min_stay': 1, 'platichastyami': 0, 'mircashback': 1980}, {'id': 1227851, 'capacity': 2, 'prepayment': 'FULL', 'nonrefundable': 0, 'cancellation_period': 0, 'cancellation_fee': 'NO', 'breakfast': 0, 'base_price': 24750, 'prices': [24750], 'price': 19800, 'old_price': 24750, 'currency': 'RUB', 'payment_amount': 24750, 'extras_variants': [], 'extras': {'51147': {'id': 51147, 'number': 2, 'extra_bed_type_id': 0, 'age': [0, 18], 'extra_bed': 0, 'free': 1}}, 'rate_id': 63172, 'deals': ['LAST_MINUTE'], 'cancellation_type': 'free', 'credit_card': 1, 'bonus': 990, 'miles': 1188, 'min_stay': 1, 'platichastyami': 0, 'mircashback': 1980}]",19800.0,1188,678111_101hotels,2026-08-13
2321616,,Двухкомнатные Апартаменты Делюкс с террасой и видом на озеро,2,2,0,1,Апартаменты,14,2,"[{'double': 1, 'sofa': 1}]","[{'id': '51606', 'number': '2', 'min_age': '0', 'max_age': '18', 'is_extra_bed': '0', 'extra_bed_type_id': '0'}]","[{'id': 1227848, 'capacity': 1, 'prepayment': 'FULL', 'nonrefundable': 0, 'cancellation_period': 0, 'cancellation_fee': 'NO', 'breakfast': 0, 'base_price': 19500, 'prices': [19500], 'price': 15600, 'old_price': 19500, 'currency': 'RUB', 'payment_amount': 19500, 'extras_variants': [], 'extras': {'51606': {'id': 51606, 'number': 2, 'extra_bed_type_id': 0, 'age': [0, 18], 'extra_bed': 0, 'free': 1}}, 'rate_id': 63172, 'deals': ['LAST_MINUTE'], 'cancellation_type': 'free', 'credit_card': 1, 'bonus': 780, 'miles': 936, 'min_stay': 1, 'platichastyami': 0, 'mircashback': 1560}, {'id': 1227849, 'capacity': 2, 'prepayment': 'FULL', 'nonrefundable': 0, 'cancellation_period': 0, 'cancellation_fee': 'NO', 'breakfast': 0, 'base_price': 19500, 'prices': [19500], 'price': 15600, 'old_price': 19500, 'currency': 'RUB', 'payment_amount': 19500, 'extras_variants': [], 'extras': {'51606': {'id': 51606, 'number': 2, 'extra_bed_type_id': 0, 'age': [0, 18], 'extra_bed': 0, 'free': 1}}, 'rate_id': 63172, 'deals': ['LAST_MINUTE'], 'cancellation_type': 'free', 'credit_card': 1, 'bonus': 780, 'miles': 936, 'min_stay': 1, 'platichastyami': 0, 'mircashback': 1560}]",15600.0,936,678111_101hotels,2026-08-13
2115487,,Номер с двуспальной кроватью,2,0,0,1,Двухместный,2,1,[{'double': 1}],[],"[{'id': 415373, 'capacity': 1, 'prepayment': 'FIRST', 'nonrefundable': 1, 'cancellation_period': 0, 'cancellation_fee': 'FIRST', 'breakfast': 0, 'base_price': 5900, 'prices': [5900], 'price': 5900, 'old_price': 5900, 'currency': 'RUB', 'payment_amount': 5900, 'extras_variants': [], 'extras': [], 'rate_id': 8465, 'deals': [], 'cancellation_type': 'nonrefundable', 'credit_card': 1, 'bonus': 295, 'miles': 354, 'min_stay': 1, 'platichastyami': 0, 'mircashback': 590}, {'id': 415374, 'capacity': 2, 'prepayment': 'FIRST', 'nonrefundable': 1, 'cancellation_period': 0, 'cancellation_fee': 'FIRST', 'breakfast': 0, 'base_price': 7000, 'prices': [7000], 'price': 7000, 'old_price': 7000, 'currency': 'RUB', 'payment_amount': 7000, 'extras_variants': [], 'extras': [], 'rate_id': 8465, 'deals': [], 'cancellation_type': 'nonrefundable', 'credit_card': 1, 'bonus': 350, 'miles': 420, 'min_stay': 1, 'platichastyami': 0, 'mircashback': 700}]",5900.0,354,632322_101hotels,2026-08-13
2115488,,Номер с односпальными кроватями,2,0,0,1,Двухместный,2,1,[{'single': 2}],[],"[{'id': 415376, 'capacity': 2, 'prepayment': 'FIRST', 'nonrefundable': 1, 'cancellation_period': 0, 'cancellation_fee': 'FIRST', 'breakfast': 0, 'base_price': 7000, 'prices': [7000], 'price': 7000, 'old_price': 7000, 'currency': 'RUB', 'payment_amount': 7000, 'extras_variants': [], 'extras': [], 'rate_id': 8465, 'deals': [], 'cancellation_type': 'nonrefundable', 'credit_card': 1, 'bonus': 350, 'miles': 420, 'min_stay': 1, 'platichastyami': 0, 'mircashback': 700}]",7000.0,420,632322_101hotels,2026-08-13
2115491,,Номер с  двуспальной кроватью и видом на озеро,2,0,0,1,Двухместный,2,1,[{'double': 1}],[],"[{'id': 415445, 'capacity': 1, 'prepayment': 'FIRST', 'nonrefundable': 1, 'cancellation_period': 0, 'cancellation_fee': 'FIRST', 'breakfast': 0, 'base_price': 6400, 'prices': [6400], 'price': 6400, 'old_price': 6400, 'currency': 'RUB', 'payment_amount': 6400, 'extras_variants': [], 'extras': [], 'rate_id': 8467, 'deals': [], 'cancellation_type': 'nonrefundable', 'credit_card': 1, 'bonus': 320, 'miles': 384, 'min_stay': 1, 'platichastyami': 0, 'mircashback': 640}, {'id': 415446, 'capacity': 2, 'prepayment': 'FIRST', 'nonrefundable': 1, 'cancellation_period': 0, 'cancellation_fee': 'FIRST', 'breakfast': 0, 'base_price': 7500, 'prices': [7500], 'price': 7500, 'old_price': 7500, 'currency': 'RUB', 'payment_amount': 7500, 'extras_variants': [], 'extras': [], 'rate_id': 8467, 'deals': [], 'cancellation_type': 'nonrefundable', 'credit_card': 1, 'bonus': 375, 'miles': 450, 'min_stay': 1, 'platichastyami': 0, 'mircashback': 750}]",6400.0,384,632322_101hotels,2026-08-13
2115494,,Стандартный номер с двуспальной и односпальной кроватями,3,0,0,1,Семейный,44,1,"[{'single': 1, 'double': 1}]",[],"[{'id': 415437, 'capacity': 3, 'prepayment': 'FIRST', 'nonrefundable': 1, 'cancellation_period': 0, 'cancellation_fee': 'FIRST', 'breakfast': 0, 'base_price': 12000, 'prices': [12000], 'price': 12000, 'old_price': 12000, 'currency': 'RUB', 'payment_amount': 12000, 'extras_variants': [], 'extras': [], 'rate_id': 8466, 'deals': [], 'cancellation_type': 'nonrefundable', 'credit_card': 1, 'bonus': 600, 'miles': 720, 'min_stay': 1, 'platichastyami': 0, 'mircashback': 1200}]",12000.0,720,632322_101hotels,2026-08-13
2115498,,Номер с двумя односпальными кроватями и видом на горы,2,0,0,1,Двухместный,2,1,[{'single': 2}],[],"[{'id': 961103, 'capacity': 1, 'prepayment': 'FIRST', 'nonrefundable': 1, 'cancellation_period': 0, 'cancellation_fee': 'FIRST', 'breakfast': 0, 'base_price': 6400, 'prices': [6400], 'price': 6400, 'old_price': 6400, 'currency': 'RUB', 'payment_amount': 6400, 'extras_variants': [], 'extras': [], 'rate_id': 29883, 'deals': [], 'cancellation_type': 'nonrefundable', 'credit_card': 1, 'bonus': 320, 'miles': 384, 'min_stay': 1, 'platichastyami': 0, 'mircashback': 640}, {'id': 961104, 'capacity': 2, 'prepayment': 'FIRST', 'nonrefundable': 1, 'cancellation_period': 0, 'cancellation_fee': 'FIRST', 'breakfast': 0, 'base_price': 7500, 'prices': [7500], 'price': 7500, 'old_price': 7500, 'currency': 'RUB', 'payment_amount': 7500, 'extras_variants': [], 'extras': [], 'rate_id': 29883, 'deals': [], 'cancellation_type': 'nonrefundable', 'credit_card': 1, 'bonus': 375, 'miles': 450, 'min_stay': 1, 'platichastyami': 0, 'mircashback': 750}]",6400.0,384,632322_101hotels,2026-08-13
70530,,Люкс с видом на горы,2,1,0,1,Сюит,27,2,"[{'single': 1, 'double': 1}]",[],"[{'id': 388946, 'capacity': 1, 'prepayment': 'FIRST', 'nonrefundable': 1, 'cancellation_period': 0, 'cancellation_fee': 'FIRST', 'breakfast': 0, 'base_price': 7000, 'prices': [7000], 'price': 7000, 'old_price': 7000, 'currency': 'RUB', 'payment_amount': 7000, 'extras_variants': [], 'extras': [], 'rate_id': 6777, 'deals': [], 'cancellation_type': 'nonrefundable', 'credit_card': 1, 'bonus': 350, 'miles': 420, 'min_stay': 1, 'platichastyami': 0, 'mircashback': 700}, {'id': 388947, 'capacity': 2, 'prepayment': 'FIRST', 'nonrefundable': 1, 'cancellation_period': 0, 'cancellation_fee': 'FIRST', 'breakfast': 0, 'base_price': 9000, 'prices': [9000], 'price': 9000, 'old_price': 9000, 'currency': 'RUB', 'payment_amount': 9000, 'extras_variants': [], 'extras': [], 'rate_id': 6777, 'deals': [], 'cancellation_type': 'nonrefundable', 'credit_card': 1, 'bonus': 450, 'miles': 540, 'min_stay': 1, 'platichastyami': 0, 'mircashback': 900}]",7000.0,420,13176_101hotels,2026-08-13
2229199,,Комфорт,2,0,0,1,Двухместный,2,3,[{'double': 1}],[],"[{'id': 1138556, 'capacity': 1, 'prepayment': 'FIRST', 'nonrefundable': 0, 'cancellation_period': 15, 'cancellation_fee': 'FIRST', 'breakfast': 0, 'base_price': 6000, 'prices': [6000], 'price': 6000, 'old_price': 6000, 'currency': 'RUB', 'payment_amount': 6000, 'extras_variants': [], 'extras': [], 'rate_id': 57350, 'deals': [], 'cancellation_type': 'special', 'credit_card': 1, 'bonus': 300, 'miles': 360, 'min_stay': 1, 'platichastyami': 0, 'mircashback': 600}, {'id': 393661, 'capacity': 1, 'prepayment': 'FIRST', 'nonrefundable': 1, 'cancellation_period': 0, 'cancellation_fee': 'FIRST', 'breakfast': 0, 'base_price': 7000, 'prices': [7000], 'price': 7000, 'old_price': 7000, 'currency': 'RUB', 'payment_amount': 7000, 'extras_variants': [], 'extras': [], 'rate_id': 6777, 'deals': [], 'cancellation_type': 'nonrefundable', 'credit_card': 1, 'bonus': 350, 'miles': 420, 'min_stay': 1, 'platichastyami': 0, 'mircashback': 700}, {'id': 1138557, 'capacity': 2, 'prepayment': 'FIRST', 'nonrefundable': 0, 'cancellation_period': 15, 'cancellation_fee': 'FIRST', 'breakfast': 0, 'base_price': 9000, 'prices': [9000], 'price': 9000, 'old_price': 9000, 'currency': 'RUB', 'payment_amount': 9000, 'extras_variants': [], 'extras': [], 'rate_id': 57350, 'deals': [], 'cancellation_type': 'special', 'credit_card': 1, 'bonus': 450, 'miles': 540, 'min_stay': 1, 'platichastyami': 0, 'mircashback': 900}, {'id': 393662, 'capacity': 2, 'prepayment': 'FIRST', 'nonrefundable': 1, 'cancellation_period': 0, 'cancellation_fee': 'FIRST', 'breakfast': 0, 'base_price': 10000, 'prices': [10000], 'price': 10000, 'old_price': 10000, 'currency': 'RUB', 'payment_amount': 10000, 'extras_variants': [], 'extras': [], 'rate_id': 6777, 'deals': [], 'cancellation_type': 'nonrefundable', 'credit_card': 1, 'bonus': 500, 'miles': 600, 'min_stay': 1, 'platichastyami': 0, 'mircashback': 1000}]",6000.0,360,13176_101hotels,2026-08-13
2229204,,Двухместный номер,2,1,0,1,Люкс,6,1,[{'double': 1}],[],"[{'id': 393667, 'capacity': 1, 'prepayment': 'FIRST', 'nonrefundable': 1, 'cancellation_period': 0, 'cancellation_fee': 'FIRST', 'breakfast': 0, 'base_price': 7000, 'prices': [7000], 'price': 7000, 'old_price': 7000, 'currency': 'RUB', 'payment_amount': 7000, 'extras_variants': [], 'extras': [], 'rate_id': 6777, 'deals': [], 'cancellation_type': 'nonrefundable', 'credit_card': 1, 'bonus': 350, 'miles': 420, 'min_stay': 1, 'platichastyami': 0, 'mircashback': 700}, {'id': 393668, 'capacity': 2, 'prepayment': 'FIRST', 'nonrefundable': 1, 'cancellation_period': 0, 'cancellation_fee': 'FIRST', 'breakfast': 0, 'base_price': 9000, 'prices': [9000], 'price': 9000, 'old_price': 9000, 'currency': 'RUB', 'payment_amount': 9000, 'extras_variants': [], 'extras': [], 'rate_id': 6777, 'deals': [], 'cancellation_type': 'nonrefundable', 'credit_card': 1, 'bonus': 450, 'miles': 540, 'min_stay': 1, 'platichastyami': 0, 'mircashback': 900}]",7000.0,420,13176_101hotels,2026-08-13
2229207,,С видом на море,2,1,0,1,Двухместный,2,1,[{'double': 1}],[],"[{'id': 393663, 'capacity': 1, 'prepayment': 'FIRST', 'nonrefundable': 1, 'cancellation_period': 0, 'cancellation_fee': 'FIRST', 'breakfast': 0, 'base_price': 7000, 'prices': [7000], 'price': 7000, 'old_price': 7000, 'currency': 'RUB', 'payment_amount': 7000, 'extras_variants': [], 'extras': [], 'rate_id': 6777, 'deals': [], 'cancellation_type': 'nonrefundable', 'credit_card': 1, 'bonus': 350, 'miles': 420, 'min_stay': 1, 'platichastyami': 0, 'mircashback': 700}, {'id': 393664, 'capacity': 2, 'prepayment': 'FIRST', 'nonrefundable': 1, 'cancellation_period': 0, 'cancellation_fee': 'FIRST', 'breakfast': 0, 'base_price': 9000, 'prices': [9000], 'price': 9000, 'old_price': 9000, 'currency': 'RUB', 'payment_amount': 9000, 'extras_variants': [], 'extras': [], 'rate_id': 6777, 'deals': [], 'cancellation_type': 'nonrefundable', 'credit_card': 1, 'bonus': 450, 'miles': 540, 'min_stay': 1, 'platichastyami': 0, 'mircashback': 900}]",7000.0,420,13176_101hotels,2026-08-13
2229212,,Комфорт с дополнительным местом,2,1,0,1,Двухместный,2,3,"[{'double': 1, 'sofa': 1}]",[],"[{'id': 393665, 'capacity': 1, 'prepayment': 'FIRST', 'nonrefundable': 1, 'cancellation_period': 0, 'cancellation_fee': 'FIRST', 'breakfast': 0, 'base_price': 7000, 'prices': [7000], 'price': 7000, 'old_price': 7000, 'currency': 'RUB', 'payment_amount': 7000, 'extras_variants': [], 'extras': [], 'rate_id': 6777, 'deals': [], 'cancellation_type': 'nonrefundable', 'credit_card': 1, 'bonus': 350, 'miles': 420, 'min_stay': 1, 'platichastyami': 0, 'mircashback': 700}, {'id': 393666, 'capacity': 2, 'prepayment': 'FIRST', 'nonrefundable': 1, 'cancellation_period': 0, 'cancellation_fee': 'FIRST', 'breakfast': 0, 'base_price': 9000, 'prices': [9000], 'price': 9000, 'old_price': 9000, 'currency': 'RUB', 'payment_amount': 9000, 'extras_variants': [], 'extras': [], 'rate_id': 6777, 'deals': [], 'cancellation_type': 'nonrefundable', 'credit_card': 1, 'bonus': 450, 'miles': 540, 'min_stay': 1, 'platichastyami': 0, 'mircashback': 900}]",7000.0,420,13176_101hotels,2026-08-13
2238226,,Номер стандарт twin mini,2,0,0,1,Двухместный,2,1,[{'single': 2}],[],"[{'id': 453562, 'capacity': 1, 'prepayment': 'FIRST', 'nonrefundable': 0, 'cancellation_period': 7, 'cancellation_fee': 'FIRST', 'breakfast': 0, 'base_price': 8800, 'prices': [8800], 'price': 8800, 'old_price': 8800, 'currency': 'RUB', 'payment_amount': 8800, 'extras_variants': [], 'extras': [], 'rate_id': 11203, 'deals': [], 'cancellation_type': 'special', 'credit_card': 1, 'bonus': 440, 'miles': 528, 'min_stay': 1, 'platichastyami': 0, 'mircashback': 880}, {'id': 453563, 'capacity': 2, 'prepayment': 'FIRST', 'nonrefundable': 0, 'cancellation_period': 7, 'cancellation_fee': 'FIRST', 'breakfast': 0, 'base_price': 8800, 'prices': [8800], 'price': 8800, 'old_price': 8800, 'currency': 'RUB', 'payment_amount': 8800, 'extras_variants': [], 'extras': [], 'rate_id': 11203, 'deals': [], 'cancellation_type': 'special', 'credit_card': 1, 'bonus': 440, 'miles': 528, 'min_stay': 1, 'platichastyami': 0, 'mircashback': 880}]",8800.0,528,559425_101hotels,2026-08-13
2238232,,Номер стандарт twin,2,0,0,1,Двухместный,2,1,[{'single': 2}],[],"[{'id': 453564, 'capacity': 1, 'prepayment': 'FIRST', 'nonrefundable': 0, 'cancellation_period': 7, 'cancellation_fee': 'FIRST', 'breakfast': 0, 'base_price': 10200, 'prices': [10200], 'price': 10200, 'old_price': 10200, 'currency': 'RUB', 'payment_amount': 10200, 'extras_variants': [], 'extras': [], 'rate_id': 11203, 'deals': [], 'cancellation_type': 'special', 'credit_card': 1, 'bonus': 510, 'miles': 612, 'min_stay': 1, 'platichastyami': 0, 'mircashback': 1020}, {'id': 453565, 'capacity': 2, 'prepayment': 'FIRST', 'nonrefundable': 0, 'cancellation_period': 7, 'cancellation_fee': 'FIRST', 'breakfast': 0, 'base_price': 10200, 'prices': [10200], 'price': 10200, 'old_price': 10200, 'currency': 'RUB', 'payment_amount': 10200, 'extras_variants': [], 'extras': [], 'rate_id': 11203, 'deals': [], 'cancellation_type': 'special', 'credit_card': 1, 'bonus': 510, 'miles': 612, 'min_stay': 1, 'platichastyami': 0, 'mircashback': 1020}]",10200.0,612,559425_101hotels,2026-08-13
2238236,,Номер стандарт Double,2,0,0,1,Двухместный,2,1,[{'double': 1}],[],"[{'id': 453566, 'capacity': 1, 'prepayment': 'FIRST', 'nonrefundable': 0, 'cancellation_period': 7, 'cancellation_fee': 'FIRST', 'breakfast': 0, 'base_price': 8800, 'prices': [8800], 'price': 8800, 'old_price': 8800, 'currency': 'RUB', 'payment_amount': 8800, 'extras_variants': [], 'extras': [], 'rate_id': 11203, 'deals': [], 'cancellation_type': 'special', 'credit_card': 1, 'bonus': 440, 'miles': 528, 'min_stay': 1, 'platichastyami': 0, 'mircashback': 880}, {'id': 453567, 'capacity': 2, 'prepayment': 'FIRST', 'nonrefundable': 0, 'cancellation_period': 7, 'cancellation_fee': 'FIRST', 'breakfast': 0, 'base_price': 8800, 'prices': [8800], 'price': 8800, 'old_price': 8800, 'currency': 'RUB', 'payment_amount': 8800, 'extras_variants': [], 'extras': [], 'rate_id': 11203, 'deals': [], 'cancellation_type': 'special', 'credit_card': 1, 'bonus': 440, 'miles': 528, 'min_stay': 1, 'platichastyami': 0, 'mircashback': 880}]",8800.0,528,559425_101hotels,2026-08-13
2238260,,Номер стандарт plus,2,1,0,1,Трёхместный и более,3,1,"[{'single': 2, 'sofa': 1}]",[],"[{'id': 453568, 'capacity': 1, 'prepayment': 'FIRST', 'nonrefundable': 0, 'cancellation_period': 7, 'cancellation_fee': 'FIRST', 'breakfast': 0, 'base_price': 10200, 'prices': [10200], 'price': 10200, 'old_price': 10200, 'currency': 'RUB', 'payment_amount': 10200, 'extras_variants': [], 'extras': [], 'rate_id': 11203, 'deals': [], 'cancellation_type': 'special', 'credit_card': 1, 'bonus': 510, 'miles': 612, 'min_stay': 1, 'platichastyami': 0, 'mircashback': 1020}, {'id': 453569, 'capacity': 2, 'prepayment': 'FIRST', 'nonrefundable': 0, 'cancellation_period': 7, 'cancellation_fee': 'FIRST', 'breakfast': 0, 'base_price': 10200, 'prices': [10200], 'price': 10200, 'old_price': 10200, 'currency': 'RUB', 'payment_amount': 10200, 'extras_variants': [], 'extras': [], 'rate_id': 11203, 'deals': [], 'cancellation_type': 'special', 'credit_card': 1, 'bonus': 510, 'miles': 612, 'min_stay': 1, 'platichastyami': 0, 'mircashback': 1020}]",10200.0,612,559425_101hotels,2026-08-13
2238289,,,2,2,0,1,Люкс,6,1,"[{'double': 1, 'sofa': 1}]",[],"[{'id': 453570, 'capacity': 1, 'prepayment': 'FIRST', 'nonrefundable': 0, 'cancellation_period': 7, 'cancellation_fee': 'FIRST', 'breakfast': 0, 'base_price': 13500, 'prices': [13500], 'price': 13500, 'old_price': 13500, 'currency': 'RUB', 'payment_amount': 13500, 'extras_variants': [], 'extras': [], 'rate_id': 11203, 'deals': [], 'cancellation_type': 'special', 'credit_card': 1, 'bonus': 675, 'miles': 810, 'min_stay': 1, 'platichastyami': 0, 'mircashback': 1350}, {'id': 453571, 'capacity': 2, 'prepayment': 'FIRST', 'nonrefundable': 0, 'cancellation_period': 7, 'cancellation_fee': 'FIRST', 'breakfast': 0, 'base_price': 13500, 'prices': [13500], 'price': 13500, 'old_price': 13500, 'currency': 'RUB', 'payment_amount': 13500, 'extras_variants': [], 'extras': [], 'rate_id': 11203, 'deals': [], 'cancellation_type': 'special', 'credit_card': 1, 'bonus': 675, 'miles': 810, 'min_stay': 1, 'platichastyami': 0, 'mircashback': 1350}]",13500.0,810,559425_101hotels,2026-08-13
2303634,,Стандартный номер,2,2,0,1,Четырехместный,34,8,"[{'double': 1, 'sofa': 1}]",[],"[{'id': 1067485, 'capacity': 1, 'prepayment': 'FIRST', 'nonrefundable': 1, 'cancellation_period': 0, 'cancellation_fee': 'FIRST', 'breakfast': 0, 'base_price': 8500, 'prices': [8500], 'price': 8500, 'old_price': 8500, 'currency': 'RUB', 'payment_amount': 8500, 'extras_variants': [], 'extras': [], 'rate_id': 52445, 'deals': [], 'cancellation_type': 'nonrefundable', 'credit_card': 1, 'bonus': 425, 'miles': 510, 'min_stay': 1, 'platichastyami': 0, 'mircashback': 850}, {'id': 1067486, 'capacity': 2, 'prepayment': 'FIRST', 'nonrefundable': 1, 'cancellation_period': 0, 'cancellation_fee': 'FIRST', 'breakfast': 0, 'base_price': 8500, 'prices': [8500], 'price': 8500, 'old_price': 8500, 'currency': 'RUB', 'payment_amount': 8500, 'extras_variants': [], 'extras': [], 'rate_id': 52445, 'deals': [], 'cancellation_type': 'nonrefundable', 'credit_card': 1, 'bonus': 425, 'miles': 510, 'min_stay': 1, 'platichastyami': 0, 'mircashback': 850}]",8500.0,510,673995_101hotels,2026-08-13
2303636,,Стандартный номер с балконом,2,2,0,1,Четырехместный,34,4,"[{'double': 1, 'sofa': 1}]",[],"[{'id': 1067487, 'capacity': 1, 'prepayment': 'FIRST', 'nonrefundable': 1, 'cancellation_period': 0, 'cancellation_fee': 'FIRST', 'breakfast': 0, 'base_price': 9000, 'prices': [9000], 'price': 9000, 'old_price': 9000, 'currency': 'RUB', 'payment_amount': 9000, 'extras_variants': [], 'extras': [], 'rate_id': 52445, 'deals': [], 'cancellation_type': 'nonrefundable', 'credit_card': 1, 'bonus': 450, 'miles': 540, 'min_stay': 1, 'platichastyami': 0, 'mircashback': 900}, {'id': 1067488, 'capacity': 2, 'prepayment': 'FIRST', 'nonrefundable': 1, 'cancellation_period': 0, 'cancellation_fee': 'FIRST', 'breakfast': 0, 'base_price': 9000, 'prices': [9000], 'price': 9000, 'old_price': 9000, 'currency': 'RUB', 'payment_amount': 9000, 'extras_variants': [], 'extras': [], 'rate_id': 52445, 'deals': [], 'cancellation_type': 'nonrefundable', 'credit_card': 1, 'bonus': 450, 'miles': 540, 'min_stay': 1, 'platichastyami': 0, 'mircashback': 900}]",9000.0,540,673995_101hotels,2026-08-13
44077,,Стандарт с видом на озеро,2,0,0,1,Двухместный,2,2,"[{'single': 2}, {'double': 1}]",[],"[{'id': 619664, 'capacity': 1, 'prepayment': 'FIRST', 'nonrefundable': 0, 'cancellation_period': 10, 'cancellation_fee': 'FIRST', 'breakfast': 1, 'base_price': 13230, 'prices': [13230], 'price': 13230, 'old_price': 13230, 'currency': 'RUB', 'payment_amount': 13230, 'extras_variants': [], 'extras': [], 'rate_id': 22635, 'deals': [], 'cancellation_type': 'special', 'credit_card': 1, 'bonus': 662, 'miles': 792, 'min_stay': 1, 'platichastyami': 0, 'mircashback': 1323}, {'id': 619665, 'capacity': 2, 'prepayment': 'FIRST', 'nonrefundable': 0, 'cancellation_period': 10, 'cancellation_fee': 'FIRST', 'breakfast': 1, 'base_price': 13230, 'prices': [13230], 'price': 13230, 'old_price': 13230, 'currency': 'RUB', 'payment_amount': 13230, 'extras_variants': [], 'extras': [], 'rate_id': 22635, 'deals': [], 'cancellation_type': 'special', 'credit_card': 1, 'bonus': 662, 'miles': 792, 'min_stay': 1, 'platichastyami': 0, 'mircashback': 1323}]",13230.0,792,9002_101hotels,2026-08-13
98417,,Люкс,2,2,0,1,Студио,5,1,[{'double': 1}],[],"[{'id': 619670, 'capacity': 1, 'prepayment': 'FIRST', 'nonrefundable': 0, 'cancellation_period': 10, 'cancellation_fee': 'FIRST', 'breakfast': 1, 'base_price': 26220, 'prices': [26220], 'price': 26220, 'old_price': 26220, 'currency': 'RUB', 'payment_amount': 26220, 'extras_variants': [], 'extras': [], 'rate_id': 22635, 'deals': [], 'cancellation_type': 'special', 'credit_card': 1, 'bonus': 1311, 'miles': 1572, 'min_stay': 1, 'platichastyami': 0, 'mircashback': 2622}, {'id': 619671, 'capacity': 2, 'prepayment': 'FIRST', 'nonrefundable': 0, 'cancellation_period': 10, 'cancellation_fee': 'FIRST', 'breakfast': 1, 'base_price': 26220, 'prices': [26220], 'price': 26220, 'old_price': 26220, 'currency': 'RUB', 'payment_amount': 26220, 'extras_variants': [], 'extras': [], 'rate_id': 22635, 'deals': [], 'cancellation_type': 'special', 'credit_card': 1, 'bonus': 1311, 'miles': 1572, 'min_stay': 1, 'platichastyami': 0, 'mircashback': 2622}]",26220.0,1572,9002_101hotels,2026-08-13
1778184,,Стандарт с видом на лес,2,0,0,1,Двухместный,2,2,"[{'single': 2}, {'double': 1}]",[],"[{'id': 619668, 'capacity': 1, 'prepayment': 'FIRST', 'nonrefundable': 0, 'cancellation_period': 10, 'cancellation_fee': 'FIRST', 'breakfast': 1, 'base_price': 11850, 'prices': [11850], 'price': 11850, 'old_price': 11850, 'currency': 'RUB', 'payment_amount': 11850, 'extras_variants': [], 'extras': [], 'rate_id': 22635, 'deals': [], 'cancellation_type': 'special', 'credit_card': 1, 'bonus': 593, 'miles': 711, 'min_stay': 1, 'platichastyami': 0, 'mircashback': 1185}, {'id': 619669, 'capacity': 2, 'prepayment': 'FIRST', 'nonrefundable': 0, 'cancellation_period': 10, 'cancellation_fee': 'FIRST', 'breakfast': 1, 'base_price': 11850, 'prices': [11850], 'price': 11850, 'old_price': 11850, 'currency': 'RUB', 'payment_amount': 11850, 'extras_variants': [], 'extras': [], 'rate_id': 22635, 'deals': [], 'cancellation_type': 'special', 'credit_card': 1, 'bonus': 593, 'miles': 711, 'min_stay': 1, 'platichastyami': 0, 'mircashback': 1185}]",11850.0,711,9002_101hotels,2026-08-13
282836,,Отдельно стоящий дом,2,0,0,0,Двухместный,2,4,[{'single': 2}],[],"[{'id': 680204, 'capacity': 1, 'prepayment': 'FIRST', 'nonrefundable': 0, 'cancellation_period': 5, 'cancellation_fee': 'FIRST', 'breakfast': 0, 'base_price': 3200, 'prices': [3200], 'price': 2880, 'old_price': 3200, 'currency': 'RUB', 'payment_amount': 3200, 'extras_variants': [], 'extras': [], 'rate_id': 7955, 'deals': ['LAST_MINUTE'], 'cancellation_type': 'special', 'credit_card': 1, 'bonus': 144, 'miles': 171, 'min_stay': 1, 'platichastyami': 0, 'mircashback': 288}, {'id': 680205, 'capacity': 2, 'prepayment': 'FIRST', 'nonrefundable': 0, 'cancellation_period': 5, 'cancellation_fee': 'FIRST', 'breakfast': 0, 'base_price': 3200, 'prices': [3200], 'price': 2880, 'old_price': 3200, 'currency': 'RUB', 'payment_amount': 3200, 'extras_variants': [], 'extras': [], 'rate_id': 7955, 'deals': ['LAST_MINUTE'], 'cancellation_type': 'special', 'credit_card': 1, 'bonus': 144, 'miles': 171, 'min_stay': 1, 'platichastyami': 0, 'mircashback': 288}]",2880.0,171,78755_101hotels,2026-08-13
2232408,,Благоустроенный дом,8,0,0,1,Восьмиместный,38,1,"[{'single': 7, 'sofa': 1}]",[],"[{'id': 415491, 'capacity': 1, 'prepayment': 'FIRST', 'nonrefundable': 0, 'cancellation_period': 5, 'cancellation_fee': 'FIRST', 'breakfast': 0, 'base_price': 22000, 'prices': [22000], 'price': 19800, 'old_price': 22000, 'currency': 'RUB', 'payment_amount': 22000, 'extras_variants': [], 'extras': [], 'rate_id': 7955, 'deals': ['LAST_MINUTE'], 'cancellation_type': 'special', 'credit_card': 1, 'bonus': 990, 'miles': 1188, 'min_stay': 1, 'platichastyami': 0, 'mircashback': 1980}, {'id': 415492, 'capacity': 2, 'prepayment': 'FIRST', 'nonrefundable': 0, 'cancellation_period': 5, 'cancellation_fee': 'FIRST', 'breakfast': 0, 'base_price': 22000, 'prices': [22000], 'price': 19800, 'old_price': 22000, 'currency': 'RUB', 'payment_amount': 22000, 'extras_variants': [], 'extras': [], 'rate_id': 7955, 'deals': ['LAST_MINUTE'], 'cancellation_type': 'special', 'credit_card': 1, 'bonus': 990, 'miles': 1188, 'min_stay': 1, 'platichastyami': 0, 'mircashback': 1980}, {'id': 415493, 'capacity': 3, 'prepayment': 'FIRST', 'nonrefundable': 0, 'cancellation_period': 5, 'cancellation_fee': 'FIRST', 'breakfast': 0, 'base_price': 22000, 'prices': [22000], 'price': 19800, 'old_price': 22000, 'currency': 'RUB', 'payment_amount': 22000, 'extras_variants': [], 'extras': [], 'rate_id': 7955, 'deals': ['LAST_MINUTE'], 'cancellation_type': 'special', 'credit_card': 1, 'bonus': 990, 'miles': 1188, 'min_stay': 1, 'platichastyami': 0, 'mircashback': 1980}, {'id': 415494, 'capacity': 4, 'prepayment': 'FIRST', 'nonrefundable': 0, 'cancellation_period': 5, 'cancellation_fee': 'FIRST', 'breakfast': 0, 'base_price': 22000, 'prices': [22000], 'price': 19800, 'old_price': 22000, 'currency': 'RUB', 'payment_amount': 22000, 'extras_variants': [], 'extras': [], 'rate_id': 7955, 'deals': ['LAST_MINUTE'], 'cancellation_type': 'special', 'credit_card': 1, 'bonus': 990, 'miles': 1188, 'min_stay': 1, 'platichastyami': 0, 'mircashback': 1980}, {'id': 415495, 'capacity': 5, 'prepayment': 'FIRST', 'nonrefundable': 0, 'cancellation_period': 5, 'cancellation_fee': 'FIRST', 'breakfast': 0, 'base_price': 22000, 'prices': [22000], 'price': 19800, 'old_price': 22000, 'currency': 'RUB', 'payment_amount': 22000, 'extras_variants': [], 'extras': [], 'rate_id': 7955, 'deals': ['LAST_MINUTE'], 'cancellation_type': 'special', 'credit_card': 1, 'bonus': 990, 'miles': 1188, 'min_stay': 1, 'platichastyami': 0, 'mircashback': 1980}, {'id': 415496, 'capacity': 6, 'prepayment': 'FIRST', 'nonrefundable': 0, 'cancellation_period': 5, 'cancellation_fee': 'FIRST', 'breakfast': 0, 'base_price': 22000, 'prices': [22000], 'price': 19800, 'old_price': 22000, 'currency': 'RUB', 'payment_amount': 22000, 'extras_variants': [], 'extras': [], 'rate_id': 7955, 'deals': ['LAST_MINUTE'], 'cancellation_type': 'special', 'credit_card': 1, 'bonus': 990, 'miles': 1188, 'min_stay': 1, 'platichastyami': 0, 'mircashback': 1980}, {'id': 415497, 'capacity': 7, 'prepayment': 'FIRST', 'nonrefundable': 0, 'cancellation_period': 5, 'cancellation_fee': 'FIRST', 'breakfast': 0, 'base_price': 22000, 'prices': [22000], 'price': 19800, 'old_price': 22000, 'currency': 'RUB', 'payment_amount': 22000, 'extras_variants': [], 'extras': [], 'rate_id': 7955, 'deals': ['LAST_MINUTE'], 'cancellation_type': 'special', 'credit_card': 1, 'bonus': 990, 'miles': 1188, 'min_stay': 1, 'platichastyami': 0, 'mircashback': 1980}, {'id': 415498, 'capacity': 8, 'prepayment': 'FIRST', 'nonrefundable': 0, 'cancellation_period': 5, 'cancellation_fee': 'FIRST', 'breakfast': 0, 'base_price': 22000, 'prices': [22000], 'price': 19800, 'old_price': 22000, 'currency': 'RUB', 'payment_amount': 22000, 'extras_variants': [], 'extras': [], 'rate_id': 7955, 'deals': ['LAST_MINUTE'], 'cancellation_type': 'special', 'credit_card': 1, 'bonus': 990, 'miles': 1188, 'min_stay': 1, 'platichastyami': 0, 'mircashback': 1980}]",19800.0,1188,78755_101hotels,2026-08-13
2258953,,,2,0,0,0,Двухместный,2,2,[{'single': 2}],[],"[{'id': 680783, 'capacity': 1, 'prepayment': 'FIRST', 'nonrefundable': 0, 'cancellation_period': 5, 'cancellation_fee': 'FIRST', 'breakfast': 0, 'base_price': 3700, 'prices': [3700], 'price': 3330, 'old_price': 3700, 'currency': 'RUB', 'payment_amount': 3700, 'extras_variants': [], 'extras': [], 'rate_id': 7955, 'deals': ['LAST_MINUTE'], 'cancellation_type': 'special', 'credit_card': 1, 'bonus': 167, 'miles': 198, 'min_stay': 1, 'platichastyami': 0, 'mircashback': 333}, {'id': 680784, 'capacity': 2, 'prepayment': 'FIRST', 'nonrefundable': 0, 'cancellation_period': 5, 'cancellation_fee': 'FIRST', 'breakfast': 0, 'base_price': 3700, 'prices': [3700], 'price': 3330, 'old_price': 3700, 'currency': 'RUB', 'payment_amount': 3700, 'extras_variants': [], 'extras': [], 'rate_id': 7955, 'deals': ['LAST_MINUTE'], 'cancellation_type': 'special', 'credit_card': 1, 'bonus': 167, 'miles': 198, 'min_stay': 1, 'platichastyami': 0, 'mircashback': 333}]",3330.0,198,78755_101hotels,2026-08-13
2259810,,Стандарт,3,0,0,0,Трехместный,37,3,[{'single': 3}],[],"[{'id': 803320, 'capacity': 1, 'prepayment': 'FIRST', 'nonrefundable': 0, 'cancellation_period': 5, 'cancellation_fee': 'FIRST', 'breakfast': 0, 'base_price': 6000, 'prices': [6000], 'price': 5400, 'old_price': 6000, 'currency': 'RUB', 'payment_amount': 6000, 'extras_variants': [], 'extras': [], 'rate_id': 7955, 'deals': ['LAST_MINUTE'], 'cancellation_type': 'special', 'credit_card': 1, 'bonus': 270, 'miles': 324, 'min_stay': 1, 'platichastyami': 0, 'mircashback': 540}, {'id': 803321, 'capacity': 2, 'prepayment': 'FIRST', 'nonrefundable': 0, 'cancellation_period': 5, 'cancellation_fee': 'FIRST', 'breakfast': 0, 'base_price': 6000, 'prices': [6000], 'price': 5400, 'old_price': 6000, 'currency': 'RUB', 'payment_amount': 6000, 'extras_variants': [], 'extras': [], 'rate_id': 7955, 'deals': ['LAST_MINUTE'], 'cancellation_type': 'special', 'credit_card': 1, 'bonus': 270, 'miles': 324, 'min_stay': 1, 'platichastyami': 0, 'mircashback': 540}, {'id': 803322, 'capacity': 3, 'prepayment': 'FIRST', 'nonrefundable': 0, 'cancellation_period': 5, 'cancellation_fee': 'FIRST', 'breakfast': 0, 'base_price': 6000, 'prices': [6000], 'price': 5400, 'old_price': 6000, 'currency': 'RUB', 'payment_amount': 6000, 'extras_variants': [], 'extras': [], 'rate_id': 7955, 'deals': ['LAST_MINUTE'], 'cancellation_type': 'special', 'credit_card': 1, 'bonus': 270, 'miles': 324, 'min_stay': 1, 'platichastyami': 0, 'mircashback': 540}]",5400.0,324,78755_101hotels,2026-08-13
2276063,,Благоустроенный,10,0,0,1,Десятиместный,39,1,"[{'single': 8, 'double': 1}]",[],"[{'id': 803338, 'capacity': 1, 'prepayment': 'FIRST', 'nonrefundable': 0, 'cancellation_period': 5, 'cancellation_fee': 'FIRST', 'breakfast': 0, 'base_price': 25000, 'prices': [25000], 'price': 22500, 'old_price': 25000, 'currency': 'RUB', 'payment_amount': 25000, 'extras_variants': [], 'extras': [], 'rate_id': 7955, 'deals': ['LAST_MINUTE'], 'cancellation_type': 'special', 'credit_card': 1, 'bonus': 1125, 'miles': 1350, 'min_stay': 1, 'platichastyami': 0, 'mircashback': 2250}, {'id': 803339, 'capacity': 2, 'prepayment': 'FIRST', 'nonrefundable': 0, 'cancellation_period': 5, 'cancellation_fee': 'FIRST', 'breakfast': 0, 'base_price': 25000, 'prices': [25000], 'price': 22500, 'old_price': 25000, 'currency': 'RUB', 'payment_amount': 25000, 'extras_variants': [], 'extras': [], 'rate_id': 7955, 'deals': ['LAST_MINUTE'], 'cancellation_type': 'special', 'credit_card': 1, 'bonus': 1125, 'miles': 1350, 'min_stay': 1, 'platichastyami': 0, 'mircashback': 2250}, {'id': 803340, 'capacity': 3, 'prepayment': 'FIRST', 'nonrefundable': 0, 'cancellation_period': 5, 'cancellation_fee': 'FIRST', 'breakfast': 0, 'base_price': 25000, 'prices': [25000], 'price': 22500, 'old_price': 25000, 'currency': 'RUB', 'payment_amount': 25000, 'extras_variants': [], 'extras': [], 'rate_id': 7955, 'deals': ['LAST_MINUTE'], 'cancellation_type': 'special', 'credit_card': 1, 'bonus': 1125, 'miles': 1350, 'min_stay': 1, 'platichastyami': 0, 'mircashback': 2250}, {'id': 803341, 'capacity': 4, 'prepayment': 'FIRST', 'nonrefundable': 0, 'cancellation_period': 5, 'cancellation_fee': 'FIRST', 'breakfast': 0, 'base_price': 25000, 'prices': [25000], 'price': 22500, 'old_price': 25000, 'currency': 'RUB', 'payment_amount': 25000, 'extras_variants': [], 'extras': [], 'rate_id': 7955, 'deals': ['LAST_MINUTE'], 'cancellation_type': 'special', 'credit_card': 1, 'bonus': 1125, 'miles': 1350, 'min_stay': 1, 'platichastyami': 0, 'mircashback': 2250}, {'id': 803342, 'capacity': 5, 'prepayment': 'FIRST', 'nonrefundable': 0, 'cancellation_period': 5, 'cancellation_fee': 'FIRST', 'breakfast': 0, 'base_price': 25000, 'prices': [25000], 'price': 22500, 'old_price': 25000, 'currency': 'RUB', 'payment_amount': 25000, 'extras_variants': [], 'extras': [], 'rate_id': 7955, 'deals': ['LAST_MINUTE'], 'cancellation_type': 'special', 'credit_card': 1, 'bonus': 1125, 'miles': 1350, 'min_stay': 1, 'platichastyami': 0, 'mircashback': 2250}, {'id': 803343, 'capacity': 6, 'prepayment': 'FIRST', 'nonrefundable': 0, 'cancellation_period': 5, 'cancellation_fee': 'FIRST', 'breakfast': 0, 'base_price': 25000, 'prices': [25000], 'price': 22500, 'old_price': 25000, 'currency': 'RUB', 'payment_amount': 25000, 'extras_variants': [], 'extras': [], 'rate_id': 7955, 'deals': ['LAST_MINUTE'], 'cancellation_type': 'special', 'credit_card': 1, 'bonus': 1125, 'miles': 1350, 'min_stay': 1, 'platichastyami': 0, 'mircashback': 2250}, {'id': 803344, 'capacity': 7, 'prepayment': 'FIRST', 'nonrefundable': 0, 'cancellation_period': 5, 'cancellation_fee': 'FIRST', 'breakfast': 0, 'base_price': 25000, 'prices': [25000], 'price': 22500, 'old_price': 25000, 'currency': 'RUB', 'payment_amount': 25000, 'extras_variants': [], 'extras': [], 'rate_id': 7955, 'deals': ['LAST_MINUTE'], 'cancellation_type': 'special', 'credit_card': 1, 'bonus': 1125, 'miles': 1350, 'min_stay': 1, 'platichastyami': 0, 'mircashback': 2250}, {'id': 803345, 'capacity': 8, 'prepayment': 'FIRST', 'nonrefundable': 0, 'cancellation_period': 5, 'cancellation_fee': 'FIRST', 'breakfast': 0, 'base_price': 25000, 'prices': [25000], 'price': 22500, 'old_price': 25000, 'currency': 'RUB', 'payment_amount': 25000, 'extras_variants': [], 'extras': [], 'rate_id': 7955, 'deals': ['LAST_MINUTE'], 'cancellation_type': 'special', 'credit_card': 1, 'bonus': 1125, 'miles': 1350, 'min_stay': 1, 'platichastyami': 0, 'mircashback': 2250}, {'id': 803346, 'capacity': 9, 'prepayment': 'FIRST', 'nonrefundable': 0, 'cancellation_period': 5, 'cancellation_fee': 'FIRST', 'breakfast': 0, 'base_price': 25000, 'prices': [25000], 'price': 22500, 'old_price': 25000, 'currency': 'RUB', 'payment_amount': 25000, 'extras_variants': [], 'extras': [], 'rate_id': 7955, 'deals': ['LAST_MINUTE'], 'cancellation_type': 'special', 'credit_card': 1, 'bonus': 1125, 'miles': 1350, 'min_stay': 1, 'platichastyami': 0, 'mircashback': 2250}, {'id': 803347, 'capacity': 10, 'prepayment': 'FIRST', 'nonrefundable': 0, 'cancellation_period': 5, 'cancellation_fee': 'FIRST', 'breakfast': 0, 'base_price': 25000, 'prices': [25000], 'price': 22500, 'old_price': 25000, 'currency': 'RUB', 'payment_amount': 25000, 'extras_variants': [], 'extras': [], 'rate_id': 7955, 'deals': ['LAST_MINUTE'], 'cancellation_type': 'special', 'credit_card': 1, 'bonus': 1125, 'miles': 1350, 'min_stay': 1, 'platichastyami': 0, 'mircashback': 2250}]",22500.0,1350,78755_101hotels,2026-08-13
1585168,,Бюджетный номер,3,0,0,1,Трехместный,37,2,"[{'single': 1, 'double': 1}]",[],"[{'id': 704115, 'capacity': 1, 'prepayment': 'FIRST', 'nonrefundable': 0, 'cancellation_period': 5, 'cancellation_fee': 'FIRST', 'breakfast': 4, 'base_price': 4500, 'prices': [4500], 'price': 4500, 'old_price': 4500, 'currency': 'RUB', 'payment_amount': 4500, 'extras_variants': [], 'extras': [], 'rate_id': 28707, 'deals': [], 'cancellation_type': 'special', 'credit_card': 1, 'bonus': 225, 'miles': 270, 'min_stay': 1, 'platichastyami': 0, 'mircashback': 450}, {'id': 704116, 'capacity': 2, 'prepayment': 'FIRST', 'nonrefundable': 0, 'cancellation_period': 5, 'cancellation_fee': 'FIRST', 'breakfast': 4, 'base_price': 8500, 'prices': [8500], 'price': 8500, 'old_price': 8500, 'currency': 'RUB', 'payment_amount': 8500, 'extras_variants': [], 'extras': [], 'rate_id': 28707, 'deals': [], 'cancellation_type': 'special', 'credit_card': 1, 'bonus': 425, 'miles': 510, 'min_stay': 1, 'platichastyami': 0, 'mircashback': 850}, {'id': 704117, 'capacity': 3, 'prepayment': 'FIRST', 'nonrefundable': 0, 'cancellation_period': 5, 'cancellation_fee': 'FIRST', 'breakfast': 4, 'base_price': 11500, 'prices': [11500], 'price': 11500, 'old_price': 11500, 'currency': 'RUB', 'payment_amount': 11500, 'extras_variants': [], 'extras': [], 'rate_id': 28707, 'deals': [], 'cancellation_type': 'special', 'credit_card': 1, 'bonus': 575, 'miles': 690, 'min_stay': 1, 'platichastyami': 0, 'mircashback': 1150}]",4500.0,270,489617_101hotels,2026-08-13
600906,,Студия,3,1,0,1,Бунгало,30,1,"[{'single': 2, 'double': 1, 'f-chair': 1}]",[],"[{'id': 804943, 'details': [{'day': '13.08.2026', 'base_price': 9500, 'price': 9500, 'discount': 0, 'deal_id': 0, 'deal_ids': [], 'deals': []}], 'capacity': 1, 'prepayment': 'FULL', 'nonrefundable': 0, 'cancellation_period': 0, 'cancellation_fee': 'NO', 'breakfast': 0, 'base_price': 9500, 'prices': [9500], 'price': 9500, 'old_price': 9500, 'currency': 'RUB', 'payment_amount': 9500, 'extras_variants': [], 'extras': [], 'rate_id': 36670, 'deals': [], 'cancellation_type': 'free', 'credit_card': 1, 'bonus': 475, 'miles': 570, 'min_stay': 1, 'platichastyami': 0, 'mircashback': 950}, {'id': 804944, 'details': [{'day': '13.08.2026', 'base_price': 9500, 'price': 9500, 'discount': 0, 'deal_id': 0, 'deal_ids': [], 'deals': []}], 'capacity': 2, 'prepayment': 'FULL', 'nonrefundable': 0, 'cancellation_period': 0, 'cancellation_fee': 'NO', 'breakfast': 0, 'base_price': 9500, 'prices': [9500], 'price': 9500, 'old_price': 9500, 'currency': 'RUB', 'payment_amount': 9500, 'extras_variants': [], 'extras': [], 'rate_id': 36670, 'deals': [], 'cancellation_type': 'free', 'credit_card': 1, 'bonus': 475, 'miles': 570, 'min_stay': 1, 'platichastyami': 0, 'mircashback': 950}, {'id': 804945, 'details': [{'day': '13.08.2026', 'base_price': 9500, 'price': 9500, 'discount': 0, 'deal_id': 0, 'deal_ids': [], 'deals': []}], 'capacity': 3, 'prepayment': 'FULL', 'nonrefundable': 0, 'cancellation_period': 0, 'cancellation_fee': 'NO', 'breakfast': 0, 'base_price': 9500, 'prices': [9500], 'price': 9500, 'old_price': 9500, 'currency': 'RUB', 'payment_amount': 9500, 'extras_variants': [], 'extras': [], 'rate_id': 36670, 'deals': [], 'cancellation_type': 'free', 'credit_card': 1, 'bonus': 475, 'miles': 570, 'min_stay': 1, 'platichastyami': 0, 'mircashback': 950}]",9500.0,570,188946_101hotels,2026-08-13
1616679,,Простой,3,1,0,1,Бунгало,30,4,"[{'single': 3, 'f-chair': 1}]",[],"[{'id': 804946, 'details': [{'day': '13.08.2026', 'base_price': 8500, 'price': 8500, 'discount': 0, 'deal_id': 0, 'deal_ids': [], 'deals': []}], 'capacity': 1, 'prepayment': 'FULL', 'nonrefundable': 0, 'cancellation_period': 0, 'cancellation_fee': 'NO', 'breakfast': 0, 'base_price': 8500, 'prices': [8500], 'price': 8500, 'old_price': 8500, 'currency': 'RUB', 'payment_amount': 8500, 'extras_variants': [], 'extras': [], 'rate_id': 36670, 'deals': [], 'cancellation_type': 'free', 'credit_card': 1, 'bonus': 425, 'miles': 510, 'min_stay': 1, 'platichastyami': 0, 'mircashback': 850}, {'id': 804947, 'details': [{'day': '13.08.2026', 'base_price': 8500, 'price': 8500, 'discount': 0, 'deal_id': 0, 'deal_ids': [], 'deals': []}], 'capacity': 2, 'prepayment': 'FULL', 'nonrefundable': 0, 'cancellation_period': 0, 'cancellation_fee': 'NO', 'breakfast': 0, 'base_price': 8500, 'prices': [8500], 'price': 8500, 'old_price': 8500, 'currency': 'RUB', 'payment_amount': 8500, 'extras_variants': [], 'extras': [], 'rate_id': 36670, 'deals': [], 'cancellation_type': 'free', 'credit_card': 1, 'bonus': 425, 'miles': 510, 'min_stay': 1, 'platichastyami': 0, 'mircashback': 850}, {'id': 804948, 'details': [{'day': '13.08.2026', 'base_price': 8500, 'price': 8500, 'discount': 0, 'deal_id': 0, 'deal_ids': [], 'deals': []}], 'capacity': 3, 'prepayment': 'FULL', 'nonrefundable': 0, 'cancellation_period': 0, 'cancellation_fee': 'NO', 'breakfast': 0, 'base_price': 8500, 'prices': [8500], 'price': 8500, 'old_price': 8500, 'currency': 'RUB', 'payment_amount': 8500, 'extras_variants': [], 'extras': [], 'rate_id': 36670, 'deals': [], 'cancellation_type': 'free', 'credit_card': 1, 'bonus': 425, 'miles': 510, 'min_stay': 1, 'platichastyami': 0, 'mircashback': 850}]",8500.0,510,188946_101hotels,2026-08-13
1675631,,Корпус 3,3,1,0,1,Апартаменты,14,1,"[{'single': 1, 'double': 1, 'f-chair': 1}]",[],"[{'id': 804949, 'details': [{'day': '13.08.2026', 'base_price': 9000, 'price': 9000, 'discount': 0, 'deal_id': 0, 'deal_ids': [], 'deals': []}], 'capacity': 1, 'prepayment': 'FULL', 'nonrefundable': 0, 'cancellation_period': 0, 'cancellation_fee': 'NO', 'breakfast': 0, 'base_price': 9000, 'prices': [9000], 'price': 9000, 'old_price': 9000, 'currency': 'RUB', 'payment_amount': 9000, 'extras_variants': [], 'extras': [], 'rate_id': 36670, 'deals': [], 'cancellation_type': 'free', 'credit_card': 1, 'bonus': 450, 'miles': 540, 'min_stay': 1, 'platichastyami': 0, 'mircashback': 900}, {'id': 804950, 'details': [{'day': '13.08.2026', 'base_price': 9000, 'price': 9000, 'discount': 0, 'deal_id': 0, 'deal_ids': [], 'deals': []}], 'capacity': 2, 'prepayment': 'FULL', 'nonrefundable': 0, 'cancellation_period': 0, 'cancellation_fee': 'NO', 'breakfast': 0, 'base_price': 9000, 'prices': [9000], 'price': 9000, 'old_price': 9000, 'currency': 'RUB', 'payment_amount': 9000, 'extras_variants': [], 'extras': [], 'rate_id': 36670, 'deals': [], 'cancellation_type': 'free', 'credit_card': 1, 'bonus': 450, 'miles': 540, 'min_stay': 1, 'platichastyami': 0, 'mircashback': 900}, {'id': 804951, 'details': [{'day': '13.08.2026', 'base_price': 9000, 'price': 9000, 'discount': 0, 'deal_id': 0, 'deal_ids': [], 'deals': []}], 'capacity': 3, 'prepayment': 'FULL', 'nonrefundable': 0, 'cancellation_period': 0, 'cancellation_fee': 'NO', 'breakfast': 0, 'base_price': 9000, 'prices': [9000], 'price': 9000, 'old_price': 9000, 'currency': 'RUB', 'payment_amount': 9000, 'extras_variants': [], 'extras': [], 'rate_id': 36670, 'deals': [], 'cancellation_type': 'free', 'credit_card': 1, 'bonus': 450, 'miles': 540, 'min_stay': 1, 'platichastyami': 0, 'mircashback': 900}]",9000.0,540,188946_101hotels,2026-08-13
2276204,,Стандарт,2,1,0,1,Двухместный,2,5,"[{'single': 2, 'f-chair': 1}]",[],"[{'id': 804470, 'details': [{'day': '13.08.2026', 'base_price': 5000, 'price': 5000, 'discount': 0, 'deal_id': 0, 'deal_ids': [], 'deals': []}], 'capacity': 1, 'prepayment': 'FULL', 'nonrefundable': 0, 'cancellation_period': 0, 'cancellation_fee': 'NO', 'breakfast': 0, 'base_price': 5000, 'prices': [5000], 'price': 5000, 'old_price': 5000, 'currency': 'RUB', 'payment_amount': 5000, 'extras_variants': [], 'extras': [], 'rate_id': 36670, 'deals': [], 'cancellation_type': 'free', 'credit_card': 1, 'bonus': 250, 'miles': 300, 'min_stay': 1, 'platichastyami': 0, 'mircashback': 500}, {'id': 804471, 'details': [{'day': '13.08.2026', 'base_price': 6500, 'price': 6500, 'discount': 0, 'deal_id': 0, 'deal_ids': [], 'deals': []}], 'capacity': 2, 'prepayment': 'FULL', 'nonrefundable': 0, 'cancellation_period': 0, 'cancellation_fee': 'NO', 'breakfast': 0, 'base_price': 6500, 'prices': [6500], 'price': 6500, 'old_price': 6500, 'currency': 'RUB', 'payment_amount': 6500, 'extras_variants': [], 'extras': [], 'rate_id': 36670, 'deals': [], 'cancellation_type': 'free', 'credit_card': 1, 'bonus': 325, 'miles': 390, 'min_stay': 1, 'platichastyami': 0, 'mircashback': 650}]",5000.0,300,188946_101hotels,2026-08-13
2276205,,Студия,3,1,0,1,Трёхместный и более,3,1,"[{'single': 3, 'f-chair': 1}]",[],"[{'id': 804472, 'details': [{'day': '13.08.2026', 'base_price': 6000, 'price': 6000, 'discount': 0, 'deal_id': 0, 'deal_ids': [], 'deals': []}], 'capacity': 1, 'prepayment': 'FULL', 'nonrefundable': 0, 'cancellation_period': 0, 'cancellation_fee': 'NO', 'breakfast': 0, 'base_price': 6000, 'prices': [6000], 'price': 6000, 'old_price': 6000, 'currency': 'RUB', 'payment_amount': 6000, 'extras_variants': [], 'extras': [], 'rate_id': 36670, 'deals': [], 'cancellation_type': 'free', 'credit_card': 1, 'bonus': 300, 'miles': 360, 'min_stay': 1, 'platichastyami': 0, 'mircashback': 600}, {'id': 804473, 'details': [{'day': '13.08.2026', 'base_price': 8500, 'price': 8500, 'discount': 0, 'deal_id': 0, 'deal_ids': [], 'deals': []}], 'capacity': 2, 'prepayment': 'FULL', 'nonrefundable': 0, 'cancellation_period': 0, 'cancellation_fee': 'NO', 'breakfast': 0, 'base_price': 8500, 'prices': [8500], 'price': 8500, 'old_price': 8500, 'currency': 'RUB', 'payment_amount': 8500, 'extras_variants': [], 'extras': [], 'rate_id': 36670, 'deals': [], 'cancellation_type': 'free', 'credit_card': 1, 'bonus': 425, 'miles': 510, 'min_stay': 1, 'platichastyami': 0, 'mircashback': 850}, {'id': 804474, 'details': [{'day': '13.08.2026', 'base_price': 8500, 'price': 8500, 'discount': 0, 'deal_id': 0, 'deal_ids': [], 'deals': []}], 'capacity': 3, 'prepayment': 'FULL', 'nonrefundable': 0, 'cancellation_period': 0, 'cancellation_fee': 'NO', 'breakfast': 0, 'base_price': 8500, 'prices': [8500], 'price': 8500, 'old_price': 8500, 'currency': 'RUB', 'payment_amount': 8500, 'extras_variants': [], 'extras': [], 'rate_id': 36670, 'deals': [], 'cancellation_type': 'free', 'credit_card': 1, 'bonus': 425, 'miles': 510, 'min_stay': 1, 'platichastyami': 0, 'mircashback': 850}]",6000.0,360,188946_101hotels,2026-08-13
1988743,,Для 2 чел,2,0,0,1,Семейный,44,1,[{'double': 1}],[],"[{'id': 927022, 'details': [{'day': '13.08.2026', 'base_price': 2000, 'price': 2000, 'discount': 0, 'deal_id': 0, 'deal_ids': [], 'deals': []}], 'capacity': 1, 'prepayment': 'FULL', 'nonrefundable': 0, 'cancellation_period': 0, 'cancellation_fee': 'NO', 'breakfast': 0, 'base_price': 2000, 'prices': [2000], 'price': 2000, 'old_price': 2000, 'currency': 'RUB', 'payment_amount': 2000, 'extras_variants': [], 'extras': [], 'rate_id': 42732, 'deals': [], 'cancellation_type': 'free', 'credit_card': 1, 'bonus': 100, 'miles': 120, 'min_stay': 1, 'platichastyami': 0, 'mircashback': 200}, {'id': 927023, 'details': [{'day': '13.08.2026', 'base_price': 4000, 'price': 4000, 'discount': 0, 'deal_id': 0, 'deal_ids': [], 'deals': []}], 'capacity': 2, 'prepayment': 'FULL', 'nonrefundable': 0, 'cancellation_period': 0, 'cancellation_fee': 'NO', 'breakfast': 0, 'base_price': 4000, 'prices': [4000], 'price': 4000, 'old_price': 4000, 'currency': 'RUB', 'payment_amount': 4000, 'extras_variants': [], 'extras': [], 'rate_id': 42732, 'deals': [], 'cancellation_type': 'free', 'credit_card': 1, 'bonus': 200, 'miles': 240, 'min_stay': 1, 'platichastyami': 0, 'mircashback': 400}]",2000.0,120,609283_101hotels,2026-08-13
1988745,,Номер эконом-класса,4,0,0,0,Четырехместный,34,1,[{'2-tier': 2}],[],"[{'id': 927014, 'details': [{'day': '13.08.2026', 'base_price': 1700, 'price': 1700, 'discount': 0, 'deal_id': 0, 'deal_ids': [], 'deals': []}], 'capacity': 1, 'prepayment': 'FULL', 'nonrefundable': 0, 'cancellation_period': 0, 'cancellation_fee': 'NO', 'breakfast': 0, 'base_price': 1700, 'prices': [1700], 'price': 1700, 'old_price': 1700, 'currency': 'RUB', 'payment_amount': 1700, 'extras_variants': [], 'extras': [], 'rate_id': 42732, 'deals': [], 'cancellation_type': 'free', 'credit_card': 1, 'bonus': 85, 'miles': 102, 'min_stay': 1, 'platichastyami': 0, 'mircashback': 170}, {'id': 927015, 'details': [{'day': '13.08.2026', 'base_price': 3400, 'price': 3400, 'discount': 0, 'deal_id': 0, 'deal_ids': [], 'deals': []}], 'capacity': 2, 'prepayment': 'FULL', 'nonrefundable': 0, 'cancellation_period': 0, 'cancellation_fee': 'NO', 'breakfast': 0, 'base_price': 3400, 'prices': [3400], 'price': 3400, 'old_price': 3400, 'currency': 'RUB', 'payment_amount': 3400, 'extras_variants': [], 'extras': [], 'rate_id': 42732, 'deals': [], 'cancellation_type': 'free', 'credit_card': 1, 'bonus': 170, 'miles': 204, 'min_stay': 1, 'platichastyami': 0, 'mircashback': 340}, {'id': 927016, 'details': [{'day': '13.08.2026', 'base_price': 5100, 'price': 5100, 'discount': 0, 'deal_id': 0, 'deal_ids': [], 'deals': []}], 'capacity': 3, 'prepayment': 'FULL', 'nonrefundable': 0, 'cancellation_period': 0, 'cancellation_fee': 'NO', 'breakfast': 0, 'base_price': 5100, 'prices': [5100], 'price': 5100, 'old_price': 5100, 'currency': 'RUB', 'payment_amount': 5100, 'extras_variants': [], 'extras': [], 'rate_id': 42732, 'deals': [], 'cancellation_type': 'free', 'credit_card': 1, 'bonus': 255, 'miles': 306, 'min_stay': 1, 'platichastyami': 0, 'mircashback': 510}, {'id': 927017, 'details': [{'day': '13.08.2026', 'base_price': 6800, 'price': 6800, 'discount': 0, 'deal_id': 0, 'deal_ids': [], 'deals': []}], 'capacity': 4, 'prepayment': 'FULL', 'nonrefundable': 0, 'cancellation_period': 0, 'cancellation_fee': 'NO', 'breakfast': 0, 'base_price': 6800, 'prices': [6800], 'price': 6800, 'old_price': 6800, 'currency': 'RUB', 'payment_amount': 6800, 'extras_variants': [], 'extras': [], 'rate_id': 42732, 'deals': [], 'cancellation_type': 'free', 'credit_card': 1, 'bonus': 340, 'miles': 408, 'min_stay': 1, 'platichastyami': 0, 'mircashback': 680}]",1700.0,102,609283_101hotels,2026-08-13
1988757,,До 4 чел,4,0,0,1,Семейный,44,1,"[{'single': 2, 'sofa': 1}]",[],"[{'id': 927025, 'details': [{'day': '13.08.2026', 'base_price': 2000, 'price': 2000, 'discount': 0, 'deal_id': 0, 'deal_ids': [], 'deals': []}], 'capacity': 1, 'prepayment': 'FULL', 'nonrefundable': 0, 'cancellation_period': 0, 'cancellation_fee': 'NO', 'breakfast': 0, 'base_price': 2000, 'prices': [2000], 'price': 2000, 'old_price': 2000, 'currency': 'RUB', 'payment_amount': 2000, 'extras_variants': [], 'extras': [], 'rate_id': 42732, 'deals': [], 'cancellation_type': 'free', 'credit_card': 1, 'bonus': 100, 'miles': 120, 'min_stay': 1, 'platichastyami': 0, 'mircashback': 200}, {'id': 927026, 'details': [{'day': '13.08.2026', 'base_price': 4000, 'price': 4000, 'discount': 0, 'deal_id': 0, 'deal_ids': [], 'deals': []}], 'capacity': 2, 'prepayment': 'FULL', 'nonrefundable': 0, 'cancellation_period': 0, 'cancellation_fee': 'NO', 'breakfast': 0, 'base_price': 4000, 'prices': [4000], 'price': 4000, 'old_price': 4000, 'currency': 'RUB', 'payment_amount': 4000, 'extras_variants': [], 'extras': [], 'rate_id': 42732, 'deals': [], 'cancellation_type': 'free', 'credit_card': 1, 'bonus': 200, 'miles': 240, 'min_stay': 1, 'platichastyami': 0, 'mircashback': 400}, {'id': 927027, 'details': [{'day': '13.08.2026', 'base_price': 6000, 'price': 6000, 'discount': 0, 'deal_id': 0, 'deal_ids': [], 'deals': []}], 'capacity': 3, 'prepayment': 'FULL', 'nonrefundable': 0, 'cancellation_period': 0, 'cancellation_fee': 'NO', 'breakfast': 0, 'base_price': 6000, 'prices': [6000], 'price': 6000, 'old_price': 6000, 'currency': 'RUB', 'payment_amount': 6000, 'extras_variants': [], 'extras': [], 'rate_id': 42732, 'deals': [], 'cancellation_type': 'free', 'credit_card': 1, 'bonus': 300, 'miles': 360, 'min_stay': 1, 'platichastyami': 0, 'mircashback': 600}, {'id': 927028, 'details': [{'day': '13.08.2026', 'base_price': 8000, 'price': 8000, 'discount': 0, 'deal_id': 0, 'deal_ids': [], 'deals': []}], 'capacity': 4, 'prepayment': 'FULL', 'nonrefundable': 0, 'cancellation_period': 0, 'cancellation_fee': 'NO', 'breakfast': 0, 'base_price': 8000, 'prices': [8000], 'price': 8000, 'old_price': 8000, 'currency': 'RUB', 'payment_amount': 8000, 'extras_variants': [], 'extras': [], 'rate_id': 42732, 'deals': [], 'cancellation_type': 'free', 'credit_card': 1, 'bonus': 400, 'miles': 480, 'min_stay': 1, 'platichastyami': 0, 'mircashback': 800}]",2000.0,120,609283_101hotels,2026-08-13
2319973,,Белый,3,0,0,0,Трехместный,37,1,"[{'single': 1, 'double': 1}]",[],"[{'id': 1214915, 'details': [{'day': '13.08.2026', 'base_price': 2000, 'price': 2000, 'discount': 0, 'deal_id': 0, 'deal_ids': [], 'deals': []}], 'capacity': 1, 'prepayment': 'FULL', 'nonrefundable': 0, 'cancellation_period': 0, 'cancellation_fee': 'NO', 'breakfast': 0, 'base_price': 2000, 'prices': [2000], 'price': 2000, 'old_price': 2000, 'currency': 'RUB', 'payment_amount': 2000, 'extras_variants': [], 'extras': [], 'rate_id': 42732, 'deals': [], 'cancellation_type': 'free', 'credit_card': 1, 'bonus': 100, 'miles': 120, 'min_stay': 1, 'platichastyami': 0, 'mircashback': 200}, {'id': 1214916, 'details': [{'day': '13.08.2026', 'base_price': 4000, 'price': 4000, 'discount': 0, 'deal_id': 0, 'deal_ids': [], 'deals': []}], 'capacity': 2, 'prepayment': 'FULL', 'nonrefundable': 0, 'cancellation_period': 0, 'cancellation_fee': 'NO', 'breakfast': 0, 'base_price': 4000, 'prices': [4000], 'price': 4000, 'old_price': 4000, 'currency': 'RUB', 'payment_amount': 4000, 'extras_variants': [], 'extras': [], 'rate_id': 42732, 'deals': [], 'cancellation_type': 'free', 'credit_card': 1, 'bonus': 200, 'miles': 240, 'min_stay': 1, 'platichastyami': 0, 'mircashback': 400}, {'id': 1216034, 'details': [{'day': '13.08.2026', 'base_price': 6000, 'price': 6000, 'discount': 0, 'deal_id': 0, 'deal_ids': [], 'deals': []}], 'capacity': 3, 'prepayment': 'FULL', 'nonrefundable': 0, 'cancellation_period': 0, 'cancellation_fee': 'NO', 'breakfast': 0, 'base_price': 6000, 'prices': [6000], 'price': 6000, 'old_price': 6000, 'currency': 'RUB', 'payment_amount': 6000, 'extras_variants': [], 'extras': [], 'rate_id': 42732, 'deals': [], 'cancellation_type': 'free', 'credit_card': 1, 'bonus': 300, 'miles': 360, 'min_stay': 1, 'platichastyami': 0, 'mircashback': 600}]",2000.0,120,609283_101hotels,2026-08-13
238139,,В Коттедже,2,0,0,0,Двухместный,2,2,[{'single': 2}],[],"[{'id': 316307, 'details': [{'day': '13.08.2026', 'base_price': 9200, 'price': 9200, 'discount': 0, 'deal_id': 0, 'deal_ids': [], 'deals': []}], 'capacity': 1, 'prepayment': 'FULL', 'nonrefundable': 1, 'cancellation_period': 0, 'cancellation_fee': 'FIRST', 'breakfast': 0, 'base_price': 9200, 'prices': [9200], 'price': 9200, 'old_price': 9200, 'currency': 'RUB', 'payment_amount': 9200, 'extras_variants': [], 'extras': [], 'rate_id': 3108, 'deals': [], 'cancellation_type': 'nonrefundable', 'credit_card': 1, 'bonus': 460, 'miles': 552, 'min_stay': 1, 'platichastyami': 0, 'mircashback': 920}, {'id': 316308, 'details': [{'day': '13.08.2026', 'base_price': 9200, 'price': 9200, 'discount': 0, 'deal_id': 0, 'deal_ids': [], 'deals': []}], 'capacity': 2, 'prepayment': 'FULL', 'nonrefundable': 1, 'cancellation_period': 0, 'cancellation_fee': 'FIRST', 'breakfast': 0, 'base_price': 9200, 'prices': [9200], 'price': 9200, 'old_price': 9200, 'currency': 'RUB', 'payment_amount': 9200, 'extras_variants': [], 'extras': [], 'rate_id': 3108, 'deals': [], 'cancellation_type': 'nonrefundable', 'credit_card': 1, 'bonus': 460, 'miles': 552, 'min_stay': 1, 'platichastyami': 0, 'mircashback': 920}]",9200.0,552,64543_101hotels,2026-08-13
238140,,В Коттедже,3,0,0,0,Трехместный,37,1,[{'single': 1}],[],"[{'id': 316326, 'details': [{'day': '13.08.2026', 'base_price': 11100, 'price': 11100, 'discount': 0, 'deal_id': 0, 'deal_ids': [], 'deals': []}], 'capacity': 1, 'prepayment': 'FULL', 'nonrefundable': 1, 'cancellation_period': 0, 'cancellation_fee': 'FIRST', 'breakfast': 0, 'base_price': 11100, 'prices': [11100], 'price': 11100, 'old_price': 11100, 'currency': 'RUB', 'payment_amount': 11100, 'extras_variants': [], 'extras': [], 'rate_id': 3108, 'deals': [], 'cancellation_type': 'nonrefundable', 'credit_card': 1, 'bonus': 555, 'miles': 666, 'min_stay': 1, 'platichastyami': 0, 'mircashback': 1110}, {'id': 316327, 'details': [{'day': '13.08.2026', 'base_price': 11100, 'price': 11100, 'discount': 0, 'deal_id': 0, 'deal_ids': [], 'deals': []}], 'capacity': 2, 'prepayment': 'FULL', 'nonrefundable': 1, 'cancellation_period': 0, 'cancellation_fee': 'FIRST', 'breakfast': 0, 'base_price': 11100, 'prices': [11100], 'price': 11100, 'old_price': 11100, 'currency': 'RUB', 'payment_amount': 11100, 'extras_variants': [], 'extras': [], 'rate_id': 3108, 'deals': [], 'cancellation_type': 'nonrefundable', 'credit_card': 1, 'bonus': 555, 'miles': 666, 'min_stay': 1, 'platichastyami': 0, 'mircashback': 1110}, {'id': 316328, 'details': [{'day': '13.08.2026', 'base_price': 11100, 'price': 11100, 'discount': 0, 'deal_id': 0, 'deal_ids': [], 'deals': []}], 'capacity': 3, 'prepayment': 'FULL', 'nonrefundable': 1, 'cancellation_period': 0, 'cancellation_fee': 'FIRST', 'breakfast': 0, 'base_price': 11100, 'prices': [11100], 'price': 11100, 'old_price': 11100, 'currency': 'RUB', 'payment_amount': 11100, 'extras_variants': [], 'extras': [], 'rate_id': 3108, 'deals': [], 'cancellation_type': 'nonrefundable', 'credit_card': 1, 'bonus': 555, 'miles': 666, 'min_stay': 1, 'platichastyami': 0, 'mircashback': 1110}]",11100.0,666,64543_101hotels,2026-08-13
238141,,В Коттедже,4,0,0,0,Четырехместный,34,1,[{'single': 4}],[],"[{'id': 316322, 'details': [{'day': '13.08.2026', 'base_price': 14600, 'price': 14600, 'discount': 0, 'deal_id': 0, 'deal_ids': [], 'deals': []}], 'capacity': 1, 'prepayment': 'FULL', 'nonrefundable': 1, 'cancellation_period': 0, 'cancellation_fee': 'FIRST', 'breakfast': 0, 'base_price': 14600, 'prices': [14600], 'price': 14600, 'old_price': 14600, 'currency': 'RUB', 'payment_amount': 14600, 'extras_variants': [], 'extras': [], 'rate_id': 3108, 'deals': [], 'cancellation_type': 'nonrefundable', 'credit_card': 1, 'bonus': 730, 'miles': 876, 'min_stay': 1, 'platichastyami': 0, 'mircashback': 1460}, {'id': 316323, 'details': [{'day': '13.08.2026', 'base_price': 14600, 'price': 14600, 'discount': 0, 'deal_id': 0, 'deal_ids': [], 'deals': []}], 'capacity': 2, 'prepayment': 'FULL', 'nonrefundable': 1, 'cancellation_period': 0, 'cancellation_fee': 'FIRST', 'breakfast': 0, 'base_price': 14600, 'prices': [14600], 'price': 14600, 'old_price': 14600, 'currency': 'RUB', 'payment_amount': 14600, 'extras_variants': [], 'extras': [], 'rate_id': 3108, 'deals': [], 'cancellation_type': 'nonrefundable', 'credit_card': 1, 'bonus': 730, 'miles': 876, 'min_stay': 1, 'platichastyami': 0, 'mircashback': 1460}, {'id': 316324, 'details': [{'day': '13.08.2026', 'base_price': 14600, 'price': 14600, 'discount': 0, 'deal_id': 0, 'deal_ids': [], 'deals': []}], 'capacity': 3, 'prepayment': 'FULL', 'nonrefundable': 1, 'cancellation_period': 0, 'cancellation_fee': 'FIRST', 'breakfast': 0, 'base_price': 14600, 'prices': [14600], 'price': 14600, 'old_price': 14600, 'currency': 'RUB', 'payment_amount': 14600, 'extras_variants': [], 'extras': [], 'rate_id': 3108, 'deals': [], 'cancellation_type': 'nonrefundable', 'credit_card': 1, 'bonus': 730, 'miles': 876, 'min_stay': 1, 'platichastyami': 0, 'mircashback': 1460}, {'id': 316325, 'details': [{'day': '13.08.2026', 'base_price': 14600, 'price': 14600, 'discount': 0, 'deal_id': 0, 'deal_ids': [], 'deals': []}], 'capacity': 4, 'prepayment': 'FULL', 'nonrefundable': 1, 'cancellation_period': 0, 'cancellation_fee': 'FIRST', 'breakfast': 0, 'base_price': 14600, 'prices': [14600], 'price': 14600, 'old_price': 14600, 'currency': 'RUB', 'payment_amount': 14600, 'extras_variants': [], 'extras': [], 'rate_id': 3108, 'deals': [], 'cancellation_type': 'nonrefundable', 'credit_card': 1, 'bonus': 730, 'miles': 876, 'min_stay': 1, 'platichastyami': 0, 'mircashback': 1460}]",14600.0,876,64543_101hotels,2026-08-13
2221441,,Гостевой этаж,2,0,0,0,Двухместный,2,2,[{'single': 2}],[],"[{'id': 316309, 'details': [{'day': '13.08.2026', 'base_price': 8300, 'price': 8300, 'discount': 0, 'deal_id': 0, 'deal_ids': [], 'deals': []}], 'capacity': 1, 'prepayment': 'FULL', 'nonrefundable': 1, 'cancellation_period': 0, 'cancellation_fee': 'FIRST', 'breakfast': 0, 'base_price': 8300, 'prices': [8300], 'price': 8300, 'old_price': 8300, 'currency': 'RUB', 'payment_amount': 8300, 'extras_variants': [], 'extras': [], 'rate_id': 3108, 'deals': [], 'cancellation_type': 'nonrefundable', 'credit_card': 1, 'bonus': 415, 'miles': 498, 'min_stay': 1, 'platichastyami': 0, 'mircashback': 830}, {'id': 316310, 'details': [{'day': '13.08.2026', 'base_price': 8300, 'price': 8300, 'discount': 0, 'deal_id': 0, 'deal_ids': [], 'deals': []}], 'capacity': 2, 'prepayment': 'FULL', 'nonrefundable': 1, 'cancellation_period': 0, 'cancellation_fee': 'FIRST', 'breakfast': 0, 'base_price': 8300, 'prices': [8300], 'price': 8300, 'old_price': 8300, 'currency': 'RUB', 'payment_amount': 8300, 'extras_variants': [], 'extras': [], 'rate_id': 3108, 'deals': [], 'cancellation_type': 'nonrefundable', 'credit_card': 1, 'bonus': 415, 'miles': 498, 'min_stay': 1, 'platichastyami': 0, 'mircashback': 830}]",8300.0,498,64543_101hotels,2026-08-13
2221442,,,11,2,0,0,Коттедж,15,1,[{'single': 2}],[],"[{'id': 316311, 'details': [{'day': '13.08.2026', 'base_price': 39700, 'price': 39700, 'discount': 0, 'deal_id': 0, 'deal_ids': [], 'deals': []}], 'capacity': 1, 'prepayment': 'FULL', 'nonrefundable': 1, 'cancellation_period': 0, 'cancellation_fee': 'FIRST', 'breakfast': 0, 'base_price': 39700, 'prices': [39700], 'price': 39700, 'old_price': 39700, 'currency': 'RUB', 'payment_amount': 39700, 'extras_variants': [], 'extras': [], 'rate_id': 3108, 'deals': [], 'cancellation_type': 'nonrefundable', 'credit_card': 1, 'bonus': 1985, 'miles': 2382, 'min_stay': 1, 'platichastyami': 0, 'mircashback': 3970}, {'id': 316312, 'details': [{'day': '13.08.2026', 'base_price': 39700, 'price': 39700, 'discount': 0, 'deal_id': 0, 'deal_ids': [], 'deals': []}], 'capacity': 2, 'prepayment': 'FULL', 'nonrefundable': 1, 'cancellation_period': 0, 'cancellation_fee': 'FIRST', 'breakfast': 0, 'base_price': 39700, 'prices': [39700], 'price': 39700, 'old_price': 39700, 'currency': 'RUB', 'payment_amount': 39700, 'extras_variants': [], 'extras': [], 'rate_id': 3108, 'deals': [], 'cancellation_type': 'nonrefundable', 'credit_card': 1, 'bonus': 1985, 'miles': 2382, 'min_stay': 1, 'platichastyami': 0, 'mircashback': 3970}, {'id': 316313, 'details': [{'day': '13.08.2026', 'base_price': 39700, 'price': 39700, 'discount': 0, 'deal_id': 0, 'deal_ids': [], 'deals': []}], 'capacity': 3, 'prepayment': 'FULL', 'nonrefundable': 1, 'cancellation_period': 0, 'cancellation_fee': 'FIRST', 'breakfast': 0, 'base_price': 39700, 'prices': [39700], 'price': 39700, 'old_price': 39700, 'currency': 'RUB', 'payment_amount': 39700, 'extras_variants': [], 'extras': [], 'rate_id': 3108, 'deals': [], 'cancellation_type': 'nonrefundable', 'credit_card': 1, 'bonus': 1985, 'miles': 2382, 'min_stay': 1, 'platichastyami': 0, 'mircashback': 3970}, {'id': 316314, 'details': [{'day': '13.08.2026', 'base_price': 39700, 'price': 39700, 'discount': 0, 'deal_id': 0, 'deal_ids': [], 'deals': []}], 'capacity': 4, 'prepayment': 'FULL', 'nonrefundable': 1, 'cancellation_period': 0, 'cancellation_fee': 'FIRST', 'breakfast': 0, 'base_price': 39700, 'prices': [39700], 'price': 39700, 'old_price': 39700, 'currency': 'RUB', 'payment_amount': 39700, 'extras_variants': [], 'extras': [], 'rate_id': 3108, 'deals': [], 'cancellation_type': 'nonrefundable', 'credit_card': 1, 'bonus': 1985, 'miles': 2382, 'min_stay': 1, 'platichastyami': 0, 'mircashback': 3970}, {'id': 316315, 'details': [{'day': '13.08.2026', 'base_price': 39700, 'price': 39700, 'discount': 0, 'deal_id': 0, 'deal_ids': [], 'deals': []}], 'capacity': 5, 'prepayment': 'FULL', 'nonrefundable': 1, 'cancellation_period': 0, 'cancellation_fee': 'FIRST', 'breakfast': 0, 'base_price': 39700, 'prices': [39700], 'price': 39700, 'old_price': 39700, 'currency': 'RUB', 'payment_amount': 39700, 'extras_variants': [], 'extras': [], 'rate_id': 3108, 'deals': [], 'cancellation_type': 'nonrefundable', 'credit_card': 1, 'bonus': 1985, 'miles': 2382, 'min_stay': 1, 'platichastyami': 0, 'mircashback': 3970}, {'id': 316316, 'details': [{'day': '13.08.2026', 'base_price': 39700, 'price': 39700, 'discount': 0, 'deal_id': 0, 'deal_ids': [], 'deals': []}], 'capacity': 6, 'prepayment': 'FULL', 'nonrefundable': 1, 'cancellation_period': 0, 'cancellation_fee': 'FIRST', 'breakfast': 0, 'base_price': 39700, 'prices': [39700], 'price': 39700, 'old_price': 39700, 'currency': 'RUB', 'payment_amount': 39700, 'extras_variants': [], 'extras': [], 'rate_id': 3108, 'deals': [], 'cancellation_type': 'nonrefundable', 'credit_card': 1, 'bonus': 1985, 'miles': 2382, 'min_stay': 1, 'platichastyami': 0, 'mircashback': 3970}, {'id': 316317, 'details': [{'day': '13.08.2026', 'base_price': 39700, 'price': 39700, 'discount': 0, 'deal_id': 0, 'deal_ids': [], 'deals': []}], 'capacity': 7, 'prepayment': 'FULL', 'nonrefundable': 1, 'cancellation_period': 0, 'cancellation_fee': 'FIRST', 'breakfast': 0, 'base_price': 39700, 'prices': [39700], 'price': 39700, 'old_price': 39700, 'currency': 'RUB', 'payment_amount': 39700, 'extras_variants': [], 'extras': [], 'rate_id': 3108, 'deals': [], 'cancellation_type': 'nonrefundable', 'credit_card': 1, 'bonus': 1985, 'miles': 2382, 'min_stay': 1, 'platichastyami': 0, 'mircashback': 3970}, {'id': 316318, 'details': [{'day': '13.08.2026', 'base_price': 39700, 'price': 39700, 'discount': 0, 'deal_id': 0, 'deal_ids': [], 'deals': []}], 'capacity': 8, 'prepayment': 'FULL', 'nonrefundable': 1, 'cancellation_period': 0, 'cancellation_fee': 'FIRST', 'breakfast': 0, 'base_price': 39700, 'prices': [39700], 'price': 39700, 'old_price': 39700, 'currency': 'RUB', 'payment_amount': 39700, 'extras_variants': [], 'extras': [], 'rate_id': 3108, 'deals': [], 'cancellation_type': 'nonrefundable', 'credit_card': 1, 'bonus': 1985, 'miles': 2382, 'min_stay': 1, 'platichastyami': 0, 'mircashback': 3970}, {'id': 316319, 'details': [{'day': '13.08.2026', 'base_price': 39700, 'price': 39700, 'discount': 0, 'deal_id': 0, 'deal_ids': [], 'deals': []}], 'capacity': 9, 'prepayment': 'FULL', 'nonrefundable': 1, 'cancellation_period': 0, 'cancellation_fee': 'FIRST', 'breakfast': 0, 'base_price': 39700, 'prices': [39700], 'price': 39700, 'old_price': 39700, 'currency': 'RUB', 'payment_amount': 39700, 'extras_variants': [], 'extras': [], 'rate_id': 3108, 'deals': [], 'cancellation_type': 'nonrefundable', 'credit_card': 1, 'bonus': 1985, 'miles': 2382, 'min_stay': 1, 'platichastyami': 0, 'mircashback': 3970}, {'id': 316320, 'details': [{'day': '13.08.2026', 'base_price': 39700, 'price': 39700, 'discount': 0, 'deal_id': 0, 'deal_ids': [], 'deals': []}], 'capacity': 10, 'prepayment': 'FULL', 'nonrefundable': 1, 'cancellation_period': 0, 'cancellation_fee': 'FIRST', 'breakfast': 0, 'base_price': 39700, 'prices': [39700], 'price': 39700, 'old_price': 39700, 'currency': 'RUB', 'payment_amount': 39700, 'extras_variants': [], 'extras': [], 'rate_id': 3108, 'deals': [], 'cancellation_type': 'nonrefundable', 'credit_card': 1, 'bonus': 1985, 'miles': 2382, 'min_stay': 1, 'platichastyami': 0, 'mircashback': 3970}, {'id': 316321, 'details': [{'day': '13.08.2026', 'base_price': 39700, 'price': 39700, 'discount': 0, 'deal_id': 0, 'deal_ids': [], 'deals': []}], 'capacity': 11, 'prepayment': 'FULL', 'nonrefundable': 1, 'cancellation_period': 0, 'cancellation_fee': 'FIRST', 'breakfast': 0, 'base_price': 39700, 'prices': [39700], 'price': 39700, 'old_price': 39700, 'currency': 'RUB', 'payment_amount': 39700, 'extras_variants': [], 'extras': [], 'rate_id': 3108, 'deals': [], 'cancellation_type': 'nonrefundable', 'credit_card': 1, 'bonus': 1985, 'miles': 2382, 'min_stay': 1, 'platichastyami': 0, 'mircashback': 3970}]",39700.0,2382,64543_101hotels,2026-08-13
2289208,,Стандарт,1,0,1,1,Одноместный,1,4,[{'single': 1}],[],"[{'id': 948523, 'capacity': 1, 'prepayment': 'NO', 'nonrefundable': 0, 'cancellation_period': 0, 'cancellation_fee': 'NO', 'breakfast': 0, 'base_price': 3600, 'prices': [3600], 'price': 3600, 'old_price': 3600, 'currency': 'RUB', 'payment_amount': 0, 'extras_variants': [], 'extras': [], 'rate_id': 39402, 'deals': [], 'cancellation_type': 'free', 'credit_card': 0, 'bonus': 180, 'miles': 216, 'min_stay': 1, 'platichastyami': 0, 'mircashback': 360}]",3600.0,216,651246_101hotels,2026-08-13
2299441,,Полулюкс,2,0,0,1,Двухместный,2,1,[{'double': 1}],[],"[{'id': 1034241, 'capacity': 1, 'prepayment': 'NO', 'nonrefundable': 0, 'cancellation_period': 0, 'cancellation_fee': 'NO', 'breakfast': 0, 'base_price': 5000, 'prices': [5000], 'price': 5000, 'old_price': 5000, 'currency': 'RUB', 'payment_amount': 0, 'extras_variants': [], 'extras': [], 'rate_id': 39402, 'deals': [], 'cancellation_type': 'free', 'credit_card': 0, 'bonus': 250, 'miles': 300, 'min_stay': 1, 'platichastyami': 0, 'mircashback': 500}, {'id': 1034242, 'capacity': 2, 'prepayment': 'NO', 'nonrefundable': 0, 'cancellation_period': 0, 'cancellation_fee': 'NO', 'breakfast': 0, 'base_price': 5200, 'prices': [5200], 'price': 5200, 'old_price': 5200, 'currency': 'RUB', 'payment_amount': 0, 'extras_variants': [], 'extras': [], 'rate_id': 39402, 'deals': [], 'cancellation_type': 'free', 'credit_card': 0, 'bonus': 260, 'miles': 312, 'min_stay': 1, 'platichastyami': 0, 'mircashback': 520}]",5000.0,300,651246_101hotels,2026-08-13
1867761,,с ванной комнатой,3,0,0,1,Трехместный,37,1,[{'single': 3}],[],"[{'id': 760689, 'capacity': 1, 'prepayment': 'FIRST', 'nonrefundable': 0, 'cancellation_period': 7, 'cancellation_fee': 'FIRST', 'breakfast': 0, 'base_price': 4700, 'prices': [4700], 'price': 4700, 'old_price': 4700, 'currency': 'RUB', 'payment_amount': 4700, 'extras_variants': [], 'extras': [], 'rate_id': 33389, 'deals': [], 'cancellation_type': 'special', 'credit_card': 1, 'bonus': 235, 'miles': 282, 'min_stay': 1, 'platichastyami': 0, 'mircashback': 470}, {'id': 760690, 'capacity': 2, 'prepayment': 'FIRST', 'nonrefundable': 0, 'cancellation_period': 7, 'cancellation_fee': 'FIRST', 'breakfast': 0, 'base_price': 4700, 'prices': [4700], 'price': 4700, 'old_price': 4700, 'currency': 'RUB', 'payment_amount': 4700, 'extras_variants': [], 'extras': [], 'rate_id': 33389, 'deals': [], 'cancellation_type': 'special', 'credit_card': 1, 'bonus': 235, 'miles': 282, 'min_stay': 1, 'platichastyami': 0, 'mircashback': 470}, {'id': 760691, 'capacity': 3, 'prepayment': 'FIRST', 'nonrefundable': 0, 'cancellation_period': 7, 'cancellation_fee': 'FIRST', 'breakfast': 0, 'base_price': 4700, 'prices': [4700], 'price': 4700, 'old_price': 4700, 'currency': 'RUB', 'payment_amount': 4700, 'extras_variants': [], 'extras': [], 'rate_id': 33389, 'deals': [], 'cancellation_type': 'special', 'credit_card': 1, 'bonus': 235, 'miles': 282, 'min_stay': 1, 'platichastyami': 0, 'mircashback': 470}]",4700.0,282,559442_101hotels,2026-08-13
1867762,,Бюджетный номер с 1 кроватью,2,1,0,0,Двухместный,2,1,"[{'single': 1, 'f-chair': 1}]",[],"[{'id': 760683, 'capacity': 1, 'prepayment': 'FIRST', 'nonrefundable': 0, 'cancellation_period': 7, 'cancellation_fee': 'FIRST', 'breakfast': 0, 'base_price': 2400, 'prices': [2400], 'price': 2400, 'old_price': 2400, 'currency': 'RUB', 'payment_amount': 2400, 'extras_variants': [], 'extras': [], 'rate_id': 33389, 'deals': [], 'cancellation_type': 'special', 'credit_card': 1, 'bonus': 120, 'miles': 144, 'min_stay': 1, 'platichastyami': 0, 'mircashback': 240}, {'id': 760684, 'capacity': 2, 'prepayment': 'FIRST', 'nonrefundable': 0, 'cancellation_period': 7, 'cancellation_fee': 'FIRST', 'breakfast': 0, 'base_price': 2900, 'prices': [2900], 'price': 2900, 'old_price': 2900, 'currency': 'RUB', 'payment_amount': 2900, 'extras_variants': [], 'extras': [], 'rate_id': 33389, 'deals': [], 'cancellation_type': 'special', 'credit_card': 1, 'bonus': 145, 'miles': 174, 'min_stay': 1, 'platichastyami': 0, 'mircashback': 290}]",2400.0,144,559442_101hotels,2026-08-13
2320242,,Домик 1,2,0,0,1,Мини-дом,57,1,[{'single': 2}],[],"[{'id': 1217786, 'capacity': 1, 'prepayment': 'FULL', 'nonrefundable': 0, 'cancellation_period': 10, 'cancellation_fee': 'FIRST', 'breakfast': 0, 'base_price': 4750, 'prices': [4750], 'price': 4750, 'old_price': 4750, 'currency': 'RUB', 'payment_amount': 4750, 'extras_variants': [], 'extras': [], 'rate_id': 62501, 'deals': [], 'cancellation_type': 'special', 'credit_card': 1, 'bonus': 238, 'miles': 285, 'min_stay': 1, 'platichastyami': 0, 'mircashback': 475}, {'id': 1217787, 'capacity': 2, 'prepayment': 'FULL', 'nonrefundable': 0, 'cancellation_period': 10, 'cancellation_fee': 'FIRST', 'breakfast': 0, 'base_price': 4750, 'prices': [4750], 'price': 4750, 'old_price': 4750, 'currency': 'RUB', 'payment_amount': 4750, 'extras_variants': [], 'extras': [], 'rate_id': 62501, 'deals': [], 'cancellation_type': 'special', 'credit_card': 1, 'bonus': 238, 'miles': 285, 'min_stay': 1, 'platichastyami': 0, 'mircashback': 475}]",4750.0,285,677907_101hotels,2026-08-13
2320292,,Домик 2,4,0,0,1,Мини-дом,57,1,[{'single': 4}],[],"[{'id': 1217788, 'capacity': 1, 'prepayment': 'FULL', 'nonrefundable': 0, 'cancellation_period': 10, 'cancellation_fee': 'FIRST', 'breakfast': 0, 'base_price': 5625, 'prices': [5625], 'price': 5625, 'old_price': 5625, 'currency': 'RUB', 'payment_amount': 5625, 'extras_variants': [], 'extras': [], 'rate_id': 62501, 'deals': [], 'cancellation_type': 'special', 'credit_card': 1, 'bonus': 281, 'miles': 336, 'min_stay': 1, 'platichastyami': 0, 'mircashback': 563}, {'id': 1217789, 'capacity': 2, 'prepayment': 'FULL', 'nonrefundable': 0, 'cancellation_period': 10, 'cancellation_fee': 'FIRST', 'breakfast': 0, 'base_price': 5625, 'prices': [5625], 'price': 5625, 'old_price': 5625, 'currency': 'RUB', 'payment_amount': 5625, 'extras_variants': [], 'extras': [], 'rate_id': 62501, 'deals': [], 'cancellation_type': 'special', 'credit_card': 1, 'bonus': 281, 'miles': 336, 'min_stay': 1, 'platichastyami': 0, 'mircashback': 563}, {'id': 1217790, 'capacity': 3, 'prepayment': 'FULL', 'nonrefundable': 0, 'cancellation_period': 10, 'cancellation_fee': 'FIRST', 'breakfast': 0, 'base_price': 5625, 'prices': [5625], 'price': 5625, 'old_price': 5625, 'currency': 'RUB', 'payment_amount': 5625, 'extras_variants': [], 'extras': [], 'rate_id': 62501, 'deals': [], 'cancellation_type': 'special', 'credit_card': 1, 'bonus': 281, 'miles': 336, 'min_stay': 1, 'platichastyami': 0, 'mircashback': 563}, {'id': 1217791, 'capacity': 4, 'prepayment': 'FULL', 'nonrefundable': 0, 'cancellation_period': 10, 'cancellation_fee': 'FIRST', 'breakfast': 0, 'base_price': 5625, 'prices': [5625], 'price': 5625, 'old_price': 5625, 'currency': 'RUB', 'payment_amount': 5625, 'extras_variants': [], 'extras': [], 'rate_id': 62501, 'deals': [], 'cancellation_type': 'special', 'credit_card': 1, 'bonus': 281, 'miles': 336, 'min_stay': 1, 'platichastyami': 0, 'mircashback': 563}]",5625.0,336,677907_101hotels,2026-08-13
2320296,,Домик 3,6,0,0,1,Мини-дом,57,1,"[{'single': 4, 'sofa': 1}]",[],"[{'id': 1217796, 'capacity': 1, 'prepayment': 'FULL', 'nonrefundable': 0, 'cancellation_period': 10, 'cancellation_fee': 'FIRST', 'breakfast': 0, 'base_price': 7500, 'prices': [7500], 'price': 7500, 'old_price': 7500, 'currency': 'RUB', 'payment_amount': 7500, 'extras_variants': [], 'extras': [], 'rate_id': 62501, 'deals': [], 'cancellation_type': 'special', 'credit_card': 1, 'bonus': 375, 'miles': 450, 'min_stay': 1, 'platichastyami': 0, 'mircashback': 750}, {'id': 1217797, 'capacity': 2, 'prepayment': 'FULL', 'nonrefundable': 0, 'cancellation_period': 10, 'cancellation_fee': 'FIRST', 'breakfast': 0, 'base_price': 7500, 'prices': [7500], 'price': 7500, 'old_price': 7500, 'currency': 'RUB', 'payment_amount': 7500, 'extras_variants': [], 'extras': [], 'rate_id': 62501, 'deals': [], 'cancellation_type': 'special', 'credit_card': 1, 'bonus': 375, 'miles': 450, 'min_stay': 1, 'platichastyami': 0, 'mircashback': 750}, {'id': 1217798, 'capacity': 3, 'prepayment': 'FULL', 'nonrefundable': 0, 'cancellation_period': 10, 'cancellation_fee': 'FIRST', 'breakfast': 0, 'base_price': 7500, 'prices': [7500], 'price': 7500, 'old_price': 7500, 'currency': 'RUB', 'payment_amount': 7500, 'extras_variants': [], 'extras': [], 'rate_id': 62501, 'deals': [], 'cancellation_type': 'special', 'credit_card': 1, 'bonus': 375, 'miles': 450, 'min_stay': 1, 'platichastyami': 0, 'mircashback': 750}, {'id': 1217799, 'capacity': 4, 'prepayment': 'FULL', 'nonrefundable': 0, 'cancellation_period': 10, 'cancellation_fee': 'FIRST', 'breakfast': 0, 'base_price': 7500, 'prices': [7500], 'price': 7500, 'old_price': 7500, 'currency': 'RUB', 'payment_amount': 7500, 'extras_variants': [], 'extras': [], 'rate_id': 62501, 'deals': [], 'cancellation_type': 'special', 'credit_card': 1, 'bonus': 375, 'miles': 450, 'min_stay': 1, 'platichastyami': 0, 'mircashback': 750}]",7500.0,450,677907_101hotels,2026-08-13
2320299,,Домик 4,4,0,0,1,Мини-дом,57,1,"[{'double': 1, 'sofa': 1}]",[],"[{'id': 1217792, 'capacity': 1, 'prepayment': 'FULL', 'nonrefundable': 0, 'cancellation_period': 10, 'cancellation_fee': 'FIRST', 'breakfast': 0, 'base_price': 5000, 'prices': [5000], 'price': 5000, 'old_price': 5000, 'currency': 'RUB', 'payment_amount': 5000, 'extras_variants': [], 'extras': [], 'rate_id': 62501, 'deals': [], 'cancellation_type': 'special', 'credit_card': 1, 'bonus': 250, 'miles': 300, 'min_stay': 1, 'platichastyami': 0, 'mircashback': 500}, {'id': 1217793, 'capacity': 2, 'prepayment': 'FULL', 'nonrefundable': 0, 'cancellation_period': 10, 'cancellation_fee': 'FIRST', 'breakfast': 0, 'base_price': 5000, 'prices': [5000], 'price': 5000, 'old_price': 5000, 'currency': 'RUB', 'payment_amount': 5000, 'extras_variants': [], 'extras': [], 'rate_id': 62501, 'deals': [], 'cancellation_type': 'special', 'credit_card': 1, 'bonus': 250, 'miles': 300, 'min_stay': 1, 'platichastyami': 0, 'mircashback': 500}]",5000.0,300,677907_101hotels,2026-08-13
2320303,,Номер 1 стандарт,4,0,0,0,Семейный,44,1,"[{'single': 2, 'double': 1}]",[],"[{'id': 1217778, 'capacity': 1, 'prepayment': 'FULL', 'nonrefundable': 0, 'cancellation_period': 10, 'cancellation_fee': 'FIRST', 'breakfast': 0, 'base_price': 4375, 'prices': [4375], 'price': 4375, 'old_price': 4375, 'currency': 'RUB', 'payment_amount': 4375, 'extras_variants': [], 'extras': [], 'rate_id': 62501, 'deals': [], 'cancellation_type': 'special', 'credit_card': 1, 'bonus': 219, 'miles': 261, 'min_stay': 1, 'platichastyami': 0, 'mircashback': 438}, {'id': 1217779, 'capacity': 2, 'prepayment': 'FULL', 'nonrefundable': 0, 'cancellation_period': 10, 'cancellation_fee': 'FIRST', 'breakfast': 0, 'base_price': 4375, 'prices': [4375], 'price': 4375, 'old_price': 4375, 'currency': 'RUB', 'payment_amount': 4375, 'extras_variants': [], 'extras': [], 'rate_id': 62501, 'deals': [], 'cancellation_type': 'special', 'credit_card': 1, 'bonus': 219, 'miles': 261, 'min_stay': 1, 'platichastyami': 0, 'mircashback': 438}, {'id': 1217780, 'capacity': 3, 'prepayment': 'FULL', 'nonrefundable': 0, 'cancellation_period': 10, 'cancellation_fee': 'FIRST', 'breakfast': 0, 'base_price': 4375, 'prices': [4375], 'price': 4375, 'old_price': 4375, 'currency': 'RUB', 'payment_amount': 4375, 'extras_variants': [], 'extras': [], 'rate_id': 62501, 'deals': [], 'cancellation_type': 'special', 'credit_card': 1, 'bonus': 219, 'miles': 261, 'min_stay': 1, 'platichastyami': 0, 'mircashback': 438}, {'id': 1217781, 'capacity': 4, 'prepayment': 'FULL', 'nonrefundable': 0, 'cancellation_period': 10, 'cancellation_fee': 'FIRST', 'breakfast': 0, 'base_price': 4375, 'prices': [4375], 'price': 4375, 'old_price': 4375, 'currency': 'RUB', 'payment_amount': 4375, 'extras_variants': [], 'extras': [], 'rate_id': 62501, 'deals': [], 'cancellation_type': 'special', 'credit_card': 1, 'bonus': 219, 'miles': 261, 'min_stay': 1, 'platichastyami': 0, 'mircashback': 438}]",4375.0,261,677907_101hotels,2026-08-13
2320305,,Номер 2 стандарт,2,0,0,0,Двухместный,2,1,[{'single': 2}],[],"[{'id': 1217763, 'capacity': 1, 'prepayment': 'FULL', 'nonrefundable': 0, 'cancellation_period': 10, 'cancellation_fee': 'FIRST', 'breakfast': 0, 'base_price': 3125, 'prices': [3125], 'price': 3125, 'old_price': 3125, 'currency': 'RUB', 'payment_amount': 3125, 'extras_variants': [], 'extras': [], 'rate_id': 62501, 'deals': [], 'cancellation_type': 'special', 'credit_card': 1, 'bonus': 156, 'miles': 186, 'min_stay': 1, 'platichastyami': 0, 'mircashback': 313}, {'id': 1217764, 'capacity': 2, 'prepayment': 'FULL', 'nonrefundable': 0, 'cancellation_period': 10, 'cancellation_fee': 'FIRST', 'breakfast': 0, 'base_price': 3125, 'prices': [3125], 'price': 3125, 'old_price': 3125, 'currency': 'RUB', 'payment_amount': 3125, 'extras_variants': [], 'extras': [], 'rate_id': 62501, 'deals': [], 'cancellation_type': 'special', 'credit_card': 1, 'bonus': 156, 'miles': 186, 'min_stay': 1, 'platichastyami': 0, 'mircashback': 313}]",3125.0,186,677907_101hotels,2026-08-13
2320307,,Номер 3 стандарт,3,0,0,0,Семейный,44,1,"[{'single': 1, 'double': 1}]",[],"[{'id': 1217772, 'capacity': 1, 'prepayment': 'FULL', 'nonrefundable': 0, 'cancellation_period': 10, 'cancellation_fee': 'FIRST', 'breakfast': 0, 'base_price': 3125, 'prices': [3125], 'price': 3125, 'old_price': 3125, 'currency': 'RUB', 'payment_amount': 3125, 'extras_variants': [], 'extras': [], 'rate_id': 62501, 'deals': [], 'cancellation_type': 'special', 'credit_card': 1, 'bonus': 156, 'miles': 186, 'min_stay': 1, 'platichastyami': 0, 'mircashback': 313}, {'id': 1217773, 'capacity': 2, 'prepayment': 'FULL', 'nonrefundable': 0, 'cancellation_period': 10, 'cancellation_fee': 'FIRST', 'breakfast': 0, 'base_price': 3125, 'prices': [3125], 'price': 3125, 'old_price': 3125, 'currency': 'RUB', 'payment_amount': 3125, 'extras_variants': [], 'extras': [], 'rate_id': 62501, 'deals': [], 'cancellation_type': 'special', 'credit_card': 1, 'bonus': 156, 'miles': 186, 'min_stay': 1, 'platichastyami': 0, 'mircashback': 313}, {'id': 1217774, 'capacity': 3, 'prepayment': 'FULL', 'nonrefundable': 0, 'cancellation_period': 10, 'cancellation_fee': 'FIRST', 'breakfast': 0, 'base_price': 3125, 'prices': [3125], 'price': 3125, 'old_price': 3125, 'currency': 'RUB', 'payment_amount': 3125, 'extras_variants': [], 'extras': [], 'rate_id': 62501, 'deals': [], 'cancellation_type': 'special', 'credit_card': 1, 'bonus': 156, 'miles': 186, 'min_stay': 1, 'platichastyami': 0, 'mircashback': 313}]",3125.0,186,677907_101hotels,2026-08-13
2320309,,Номер 4 люкс,2,0,0,1,Семейный,44,1,[{'double': 1}],[],"[{'id': 1217770, 'capacity': 1, 'prepayment': 'FULL', 'nonrefundable': 0, 'cancellation_period': 10, 'cancellation_fee': 'FIRST', 'breakfast': 0, 'base_price': 3750, 'prices': [3750], 'price': 3750, 'old_price': 3750, 'currency': 'RUB', 'payment_amount': 3750, 'extras_variants': [], 'extras': [], 'rate_id': 62501, 'deals': [], 'cancellation_type': 'special', 'credit_card': 1, 'bonus': 188, 'miles': 225, 'min_stay': 1, 'platichastyami': 0, 'mircashback': 375}, {'id': 1217771, 'capacity': 2, 'prepayment': 'FULL', 'nonrefundable': 0, 'cancellation_period': 10, 'cancellation_fee': 'FIRST', 'breakfast': 0, 'base_price': 3750, 'prices': [3750], 'price': 3750, 'old_price': 3750, 'currency': 'RUB', 'payment_amount': 3750, 'extras_variants': [], 'extras': [], 'rate_id': 62501, 'deals': [], 'cancellation_type': 'special', 'credit_card': 1, 'bonus': 188, 'miles': 225, 'min_stay': 1, 'platichastyami': 0, 'mircashback': 375}]",3750.0,225,677907_101hotels,2026-08-13
2320312,,Номер 5 люкс,3,0,0,1,Семейный,44,1,"[{'single': 1, 'double': 1}]",[],"[{'id': 1217775, 'capacity': 1, 'prepayment': 'FULL', 'nonrefundable': 0, 'cancellation_period': 10, 'cancellation_fee': 'FIRST', 'breakfast': 0, 'base_price': 4125, 'prices': [4125], 'price': 4125, 'old_price': 4125, 'currency': 'RUB', 'payment_amount': 4125, 'extras_variants': [], 'extras': [], 'rate_id': 62501, 'deals': [], 'cancellation_type': 'special', 'credit_card': 1, 'bonus': 206, 'miles': 246, 'min_stay': 1, 'platichastyami': 0, 'mircashback': 413}, {'id': 1217776, 'capacity': 2, 'prepayment': 'FULL', 'nonrefundable': 0, 'cancellation_period': 10, 'cancellation_fee': 'FIRST', 'breakfast': 0, 'base_price': 4125, 'prices': [4125], 'price': 4125, 'old_price': 4125, 'currency': 'RUB', 'payment_amount': 4125, 'extras_variants': [], 'extras': [], 'rate_id': 62501, 'deals': [], 'cancellation_type': 'special', 'credit_card': 1, 'bonus': 206, 'miles': 246, 'min_stay': 1, 'platichastyami': 0, 'mircashback': 413}, {'id': 1217777, 'capacity': 3, 'prepayment': 'FULL', 'nonrefundable': 0, 'cancellation_period': 10, 'cancellation_fee': 'FIRST', 'breakfast': 0, 'base_price': 4125, 'prices': [4125], 'price': 4125, 'old_price': 4125, 'currency': 'RUB', 'payment_amount': 4125, 'extras_variants': [], 'extras': [], 'rate_id': 62501, 'deals': [], 'cancellation_type': 'special', 'credit_card': 1, 'bonus': 206, 'miles': 246, 'min_stay': 1, 'platichastyami': 0, 'mircashback': 413}]",4125.0,246,677907_101hotels,2026-08-13
2320313,,Номер 6 стандарт,4,0,0,0,Семейный,44,1,"[{'single': 2, 'double': 1}]",[],"[{'id': 1217782, 'capacity': 1, 'prepayment': 'FULL', 'nonrefundable': 0, 'cancellation_period': 10, 'cancellation_fee': 'FIRST', 'breakfast': 0, 'base_price': 4375, 'prices': [4375], 'price': 4375, 'old_price': 4375, 'currency': 'RUB', 'payment_amount': 4375, 'extras_variants': [], 'extras': [], 'rate_id': 62501, 'deals': [], 'cancellation_type': 'special', 'credit_card': 1, 'bonus': 219, 'miles': 261, 'min_stay': 1, 'platichastyami': 0, 'mircashback': 438}, {'id': 1217783, 'capacity': 2, 'prepayment': 'FULL', 'nonrefundable': 0, 'cancellation_period': 10, 'cancellation_fee': 'FIRST', 'breakfast': 0, 'base_price': 4375, 'prices': [4375], 'price': 4375, 'old_price': 4375, 'currency': 'RUB', 'payment_amount': 4375, 'extras_variants': [], 'extras': [], 'rate_id': 62501, 'deals': [], 'cancellation_type': 'special', 'credit_card': 1, 'bonus': 219, 'miles': 261, 'min_stay': 1, 'platichastyami': 0, 'mircashback': 438}, {'id': 1217784, 'capacity': 3, 'prepayment': 'FULL', 'nonrefundable': 0, 'cancellation_period': 10, 'cancellation_fee': 'FIRST', 'breakfast': 0, 'base_price': 4375, 'prices': [4375], 'price': 4375, 'old_price': 4375, 'currency': 'RUB', 'payment_amount': 4375, 'extras_variants': [], 'extras': [], 'rate_id': 62501, 'deals': [], 'cancellation_type': 'special', 'credit_card': 1, 'bonus': 219, 'miles': 261, 'min_stay': 1, 'platichastyami': 0, 'mircashback': 438}, {'id': 1217785, 'capacity': 4, 'prepayment': 'FULL', 'nonrefundable': 0, 'cancellation_period': 10, 'cancellation_fee': 'FIRST', 'breakfast': 0, 'base_price': 4375, 'prices': [4375], 'price': 4375, 'old_price': 4375, 'currency': 'RUB', 'payment_amount': 4375, 'extras_variants': [], 'extras': [], 'rate_id': 62501, 'deals': [], 'cancellation_type': 'special', 'credit_card': 1, 'bonus': 219, 'miles': 261, 'min_stay': 1, 'platichastyami': 0, 'mircashback': 438}]",4375.0,261,677907_101hotels,2026-08-13
2320314,,Номер 7 стандарт,5,0,0,0,Пятиместный,35,1,[{'single': 5}],[],"[{'id': 1217765, 'capacity': 1, 'prepayment': 'FULL', 'nonrefundable': 0, 'cancellation_period': 10, 'cancellation_fee': 'FIRST', 'breakfast': 0, 'base_price': 9375, 'prices': [9375], 'price': 9375, 'old_price': 9375, 'currency': 'RUB', 'payment_amount': 9375, 'extras_variants': [], 'extras': [], 'rate_id': 62501, 'deals': [], 'cancellation_type': 'special', 'credit_card': 1, 'bonus': 469, 'miles': 561, 'min_stay': 1, 'platichastyami': 0, 'mircashback': 938}]",9375.0,561,677907_101hotels,2026-08-13
2238078,,Стандарт,2,1,0,1,Двухместный,2,2,"[{'single': 2}, {'single': 2}, {'single': 1}, {'single': 1}]","[{'id': '51488', 'number': '1', 'min_age': '0', 'max_age': '5', 'is_extra_bed': '0', 'extra_bed_type_id': '0'}]","[{'id': 451508, 'capacity': 1, 'prepayment': 'FIRST', 'nonrefundable': 0, 'cancellation_period': 1, 'cancellation_fee': 'FIRST', 'breakfast': 1, 'base_price': 4500, 'prices': [4500], 'price': 4500, 'old_price': 4500, 'currency': 'RUB', 'payment_amount': 4500, 'extras_variants': [], 'extras': {'51488': {'id': 51488, 'number': 1, 'extra_bed_type_id': 0, 'age': [0, 5], 'extra_bed': 0, 'free': 1}}, 'rate_id': 11059, 'deals': [], 'cancellation_type': 'special', 'credit_card': 1, 'bonus': 225, 'miles': 270, 'min_stay': 1, 'platichastyami': 0, 'mircashback': 450}, {'id': 1059165, 'capacity': 1, 'prepayment': 'FIRST', 'nonrefundable': 0, 'cancellation_period': 0, 'cancellation_fee': 'NO', 'breakfast': 1, 'base_price': 4500, 'prices': [4500], 'price': 4500, 'old_price': 4500, 'currency': 'RUB', 'payment_amount': 4500, 'extras_variants': [], 'extras': {'51488': {'id': 51488, 'number': 1, 'extra_bed_type_id': 0, 'age': [0, 5], 'extra_bed': 0, 'free': 1}}, 'rate_id': 11061, 'deals': [], 'cancellation_type': 'free', 'credit_card': 1, 'bonus': 225, 'miles': 270, 'min_stay': 1, 'platichastyami': 0, 'mircashback': 450}, {'id': 451509, 'capacity': 2, 'prepayment': 'FIRST', 'nonrefundable': 0, 'cancellation_period': 1, 'cancellation_fee': 'FIRST', 'breakfast': 1, 'base_price': 4500, 'prices': [4500], 'price': 4500, 'old_price': 4500, 'currency': 'RUB', 'payment_amount': 4500, 'extras_variants': [], 'extras': {'51488': {'id': 51488, 'number': 1, 'extra_bed_type_id': 0, 'age': [0, 5], 'extra_bed': 0, 'free': 1}}, 'rate_id': 11059, 'deals': [], 'cancellation_type': 'special', 'credit_card': 1, 'bonus': 225, 'miles': 270, 'min_stay': 1, 'platichastyami': 0, 'mircashback': 450}, {'id': 1059166, 'capacity': 2, 'prepayment': 'FIRST', 'nonrefundable': 0, 'cancellation_period': 0, 'cancellation_fee': 'NO', 'breakfast': 1, 'base_price': 4500, 'prices': [4500], 'price': 4500, 'old_price': 4500, 'currency': 'RUB', 'payment_amount': 4500, 'extras_variants': [], 'extras': {'51488': {'id': 51488, 'number': 1, 'extra_bed_type_id': 0, 'age': [0, 5], 'extra_bed': 0, 'free': 1}}, 'rate_id': 11061, 'deals': [], 'cancellation_type': 'free', 'credit_card': 1, 'bonus': 225, 'miles': 270, 'min_stay': 1, 'platichastyami': 0, 'mircashback': 450}]",4500.0,270,655338_101hotels,2026-08-13
2271673,,Стандарт,2,0,0,1,Двухместный,2,6,[{'single': 2}],[],"[{'id': 1192349, 'capacity': 1, 'prepayment': 'FULL', 'nonrefundable': 0, 'cancellation_period': 1, 'cancellation_fee': 'FIRST', 'breakfast': 0, 'base_price': 5250, 'prices': [5250], 'price': 5250, 'old_price': 5250, 'currency': 'RUB', 'payment_amount': 5250, 'extras_variants': [], 'extras': [], 'rate_id': 29990, 'deals': [], 'cancellation_type': 'special', 'credit_card': 1, 'bonus': 263, 'miles': 315, 'min_stay': 1, 'platichastyami': 0, 'mircashback': 525}, {'id': 1192350, 'capacity': 2, 'prepayment': 'FULL', 'nonrefundable': 0, 'cancellation_period': 1, 'cancellation_fee': 'FIRST', 'breakfast': 0, 'base_price': 5250, 'prices': [5250], 'price': 5250, 'old_price': 5250, 'currency': 'RUB', 'payment_amount': 5250, 'extras_variants': [], 'extras': [], 'rate_id': 29990, 'deals': [], 'cancellation_type': 'special', 'credit_card': 1, 'bonus': 263, 'miles': 315, 'min_stay': 1, 'platichastyami': 0, 'mircashback': 525}]",5250.0,315,495209_101hotels,2026-08-13
2321114,,Семейный,4,0,0,1,Люкс,6,1,"[{'sofa': 1, 'double': 1}]",[],"[{'id': 1223988, 'capacity': 1, 'prepayment': 'FULL', 'nonrefundable': 0, 'cancellation_period': 1, 'cancellation_fee': 'FIRST', 'breakfast': 0, 'base_price': 9750, 'prices': [9750], 'price': 9750, 'old_price': 9750, 'currency': 'RUB', 'payment_amount': 9750, 'extras_variants': [], 'extras': [], 'rate_id': 29992, 'deals': [], 'cancellation_type': 'special', 'credit_card': 1, 'bonus': 488, 'miles': 585, 'min_stay': 1, 'platichastyami': 0, 'mircashback': 975}, {'id': 1223989, 'capacity': 2, 'prepayment': 'FULL', 'nonrefundable': 0, 'cancellation_period': 1, 'cancellation_fee': 'FIRST', 'breakfast': 0, 'base_price': 9750, 'prices': [9750], 'price': 9750, 'old_price': 9750, 'currency': 'RUB', 'payment_amount': 9750, 'extras_variants': [], 'extras': [], 'rate_id': 29992, 'deals': [], 'cancellation_type': 'special', 'credit_card': 1, 'bonus': 488, 'miles': 585, 'min_stay': 1, 'platichastyami': 0, 'mircashback': 975}, {'id': 1223995, 'capacity': 3, 'prepayment': 'FULL', 'nonrefundable': 0, 'cancellation_period': 1, 'cancellation_fee': 'FIRST', 'breakfast': 0, 'base_price': 9750, 'prices': [9750], 'price': 9750, 'old_price': 9750, 'currency': 'RUB', 'payment_amount': 9750, 'extras_variants': [], 'extras': [], 'rate_id': 29992, 'deals': [], 'cancellation_type': 'special', 'credit_card': 1, 'bonus': 488, 'miles': 585, 'min_stay': 1, 'platichastyami': 0, 'mircashback': 975}, {'id': 1223996, 'capacity': 4, 'prepayment': 'FULL', 'nonrefundable': 0, 'cancellation_period': 1, 'cancellation_fee': 'FIRST', 'breakfast': 0, 'base_price': 9750, 'prices': [9750], 'price': 9750, 'old_price': 9750, 'currency': 'RUB', 'payment_amount': 9750, 'extras_variants': [], 'extras': [], 'rate_id': 29992, 'deals': [], 'cancellation_type': 'special', 'credit_card': 1, 'bonus': 488, 'miles': 585, 'min_stay': 1, 'platichastyami': 0, 'mircashback': 975}]",9750.0,585,495209_101hotels,2026-08-13
15957,,Двухэтажный,6,6,0,1,Коттедж,15,2,[{'double': 3}],[],"[{'id': 1047856, 'capacity': 1, 'prepayment': 'FIRST', 'nonrefundable': 0, 'cancellation_period': 1, 'cancellation_fee': 'FIRST', 'breakfast': 1, 'base_price': 40000, 'prices': [40000], 'price': 40000, 'old_price': 40000, 'currency': 'RUB', 'payment_amount': 40000, 'extras_variants': [], 'extras': [], 'rate_id': 51045, 'deals': [], 'cancellation_type': 'special', 'credit_card': 1, 'bonus': 2000, 'miles': 2400, 'min_stay': 1, 'platichastyami': 0, 'mircashback': 4000}, {'id': 1047857, 'capacity': 2, 'prepayment': 'FIRST', 'nonrefundable': 0, 'cancellation_period': 1, 'cancellation_fee': 'FIRST', 'breakfast': 1, 'base_price': 40000, 'prices': [40000], 'price': 40000, 'old_price': 40000, 'currency': 'RUB', 'payment_amount': 40000, 'extras_variants': [], 'extras': [], 'rate_id': 51045, 'deals': [], 'cancellation_type': 'special', 'credit_card': 1, 'bonus': 2000, 'miles': 2400, 'min_stay': 1, 'platichastyami': 0, 'mircashback': 4000}, {'id': 1047858, 'capacity': 3, 'prepayment': 'FIRST', 'nonrefundable': 0, 'cancellation_period': 1, 'cancellation_fee': 'FIRST', 'breakfast': 1, 'base_price': 40000, 'prices': [40000], 'price': 40000, 'old_price': 40000, 'currency': 'RUB', 'payment_amount': 40000, 'extras_variants': [], 'extras': [], 'rate_id': 51045, 'deals': [], 'cancellation_type': 'special', 'credit_card': 1, 'bonus': 2000, 'miles': 2400, 'min_stay': 1, 'platichastyami': 0, 'mircashback': 4000}, {'id': 1047859, 'capacity': 4, 'prepayment': 'FIRST', 'nonrefundable': 0, 'cancellation_period': 1, 'cancellation_fee': 'FIRST', 'breakfast': 1, 'base_price': 40000, 'prices': [40000], 'price': 40000, 'old_price': 40000, 'currency': 'RUB', 'payment_amount': 40000, 'extras_variants': [], 'extras': [], 'rate_id': 51045, 'deals': [], 'cancellation_type': 'special', 'credit_card': 1, 'bonus': 2000, 'miles': 2400, 'min_stay': 1, 'platichastyami': 0, 'mircashback': 4000}, {'id': 1047860, 'capacity': 5, 'prepayment': 'FIRST', 'nonrefundable': 0, 'cancellation_period': 1, 'cancellation_fee': 'FIRST', 'breakfast': 1, 'base_price': 40000, 'prices': [40000], 'price': 40000, 'old_price': 40000, 'currency': 'RUB', 'payment_amount': 40000, 'extras_variants': [], 'extras': [], 'rate_id': 51045, 'deals': [], 'cancellation_type': 'special', 'credit_card': 1, 'bonus': 2000, 'miles': 2400, 'min_stay': 1, 'platichastyami': 0, 'mircashback': 4000}, {'id': 1047861, 'capacity': 6, 'prepayment': 'FIRST', 'nonrefundable': 0, 'cancellation_period': 1, 'cancellation_fee': 'FIRST', 'breakfast': 1, 'base_price': 40000, 'prices': [40000], 'price': 40000, 'old_price': 40000, 'currency': 'RUB', 'payment_amount': 40000, 'extras_variants': [], 'extras': [], 'rate_id': 51045, 'deals': [], 'cancellation_type': 'special', 'credit_card': 1, 'bonus': 2000, 'miles': 2400, 'min_stay': 1, 'platichastyami': 0, 'mircashback': 4000}]",40000.0,2400,3365_101hotels,2026-08-13
2301172,,Двухместный стандарт с возможностью трехместного размещения,3,0,0,1,Трехместный,37,5,"[{'single': 3}, {'single': 1, 'double': 1}]",[],"[{'id': 1047862, 'capacity': 1, 'prepayment': 'FIRST', 'nonrefundable': 0, 'cancellation_period': 1, 'cancellation_fee': 'FIRST', 'breakfast': 1, 'base_price': 13700, 'prices': [13700], 'price': 13700, 'old_price': 13700, 'currency': 'RUB', 'payment_amount': 13700, 'extras_variants': [], 'extras': [], 'rate_id': 51045, 'deals': [], 'cancellation_type': 'special', 'credit_card': 1, 'bonus': 685, 'miles': 822, 'min_stay': 1, 'platichastyami': 0, 'mircashback': 1370}, {'id': 1047863, 'capacity': 2, 'prepayment': 'FIRST', 'nonrefundable': 0, 'cancellation_period': 1, 'cancellation_fee': 'FIRST', 'breakfast': 1, 'base_price': 13700, 'prices': [13700], 'price': 13700, 'old_price': 13700, 'currency': 'RUB', 'payment_amount': 13700, 'extras_variants': [], 'extras': [], 'rate_id': 51045, 'deals': [], 'cancellation_type': 'special', 'credit_card': 1, 'bonus': 685, 'miles': 822, 'min_stay': 1, 'platichastyami': 0, 'mircashback': 1370}]",13700.0,822,3365_101hotels,2026-08-13
2269634,,С раздельными кроватями Standart № 3,3,0,0,0,Трёхместный и более,3,1,[{'single': 3}],"[{'id': '19969', 'number': '1', 'min_age': '3', 'max_age': '14', 'is_extra_bed': '0', 'extra_bed_type_id': '0'}]","[{'id': 752592, 'capacity': 1, 'prepayment': 'FULL', 'nonrefundable': 0, 'cancellation_period': 0, 'cancellation_fee': 'NO', 'breakfast': 0, 'base_price': 3100, 'prices': [3100], 'price': 3100, 'old_price': 3100, 'currency': 'RUB', 'payment_amount': 3100, 'extras_variants': [], 'extras': {'19969': {'id': 19969, 'number': 1, 'extra_bed_type_id': 0, 'age': [3, 14], 'extra_bed': 0, 'free': 1}}, 'rate_id': 32736, 'deals': [], 'cancellation_type': 'free', 'credit_card': 1, 'bonus': 155, 'miles': 186, 'min_stay': 1, 'platichastyami': 0, 'mircashback': 310}, {'id': 752593, 'capacity': 2, 'prepayment': 'FULL', 'nonrefundable': 0, 'cancellation_period': 0, 'cancellation_fee': 'NO', 'breakfast': 0, 'base_price': 5000, 'prices': [5000], 'price': 5000, 'old_price': 5000, 'currency': 'RUB', 'payment_amount': 5000, 'extras_variants': [], 'extras': {'19969': {'id': 19969, 'number': 1, 'extra_bed_type_id': 0, 'age': [3, 14], 'extra_bed': 0, 'free': 1}}, 'rate_id': 32736, 'deals': [], 'cancellation_type': 'free', 'credit_card': 1, 'bonus': 250, 'miles': 300, 'min_stay': 1, 'platichastyami': 0, 'mircashback': 500}, {'id': 752594, 'capacity': 3, 'prepayment': 'FULL', 'nonrefundable': 0, 'cancellation_period': 0, 'cancellation_fee': 'NO', 'breakfast': 0, 'base_price': 6900, 'prices': [6900], 'price': 6900, 'old_price': 6900, 'currency': 'RUB', 'payment_amount': 6900, 'extras_variants': [], 'extras': {'19969': {'id': 19969, 'number': 1, 'extra_bed_type_id': 0, 'age': [3, 14], 'extra_bed': 0, 'free': 1}}, 'rate_id': 32736, 'deals': [], 'cancellation_type': 'free', 'credit_card': 1, 'bonus': 345, 'miles': 414, 'min_stay': 1, 'platichastyami': 0, 'mircashback': 690}]",3100.0,186,664549_101hotels,2026-08-13
2297009,,Двухместный номер с одной двухспальной кроватью № 5,2,0,0,0,Двухместный,2,1,[{'double': 1}],"[{'id': '23783', 'number': '1', 'min_age': '3', 'max_age': '5', 'is_extra_bed': '0', 'extra_bed_type_id': '0'}]","[{'id': 1016099, 'capacity': 1, 'prepayment': 'FULL', 'nonrefundable': 0, 'cancellation_period': 0, 'cancellation_fee': 'NO', 'breakfast': 0, 'base_price': 3100, 'prices': [3100], 'price': 3100, 'old_price': 3100, 'currency': 'RUB', 'payment_amount': 3100, 'extras_variants': [], 'extras': {'23783': {'id': 23783, 'number': 1, 'extra_bed_type_id': 0, 'age': [3, 5], 'extra_bed': 0, 'free': 1}}, 'rate_id': 32736, 'deals': [], 'cancellation_type': 'free', 'credit_card': 1, 'bonus': 155, 'miles': 186, 'min_stay': 1, 'platichastyami': 0, 'mircashback': 310}, {'id': 1016100, 'capacity': 2, 'prepayment': 'FULL', 'nonrefundable': 0, 'cancellation_period': 0, 'cancellation_fee': 'NO', 'breakfast': 0, 'base_price': 3800, 'prices': [3800], 'price': 3800, 'old_price': 3800, 'currency': 'RUB', 'payment_amount': 3800, 'extras_variants': [], 'extras': {'23783': {'id': 23783, 'number': 1, 'extra_bed_type_id': 0, 'age': [3, 5], 'extra_bed': 0, 'free': 1}}, 'rate_id': 32736, 'deals': [], 'cancellation_type': 'free', 'credit_card': 1, 'bonus': 190, 'miles': 228, 'min_stay': 1, 'platichastyami': 0, 'mircashback': 380}]",3100.0,186,664549_101hotels,2026-08-13
1616134,,с 1 спальней,4,0,0,1,Апартаменты,14,2,[{'single': 1}],[],"[{'id': 503068, 'capacity': 1, 'prepayment': 'FULL', 'nonrefundable': 1, 'cancellation_period': 0, 'cancellation_fee': 'FIRST', 'breakfast': 0, 'base_price': 6900, 'prices': [6900], 'price': 6900, 'old_price': 6900, 'currency': 'RUB', 'payment_amount': 6900, 'extras_variants': [], 'extras': [], 'rate_id': 14586, 'deals': [], 'cancellation_type': 'nonrefundable', 'credit_card': 1, 'bonus': 345, 'miles': 414, 'min_stay': 1, 'platichastyami': 0, 'mircashback': 690}, {'id': 503069, 'capacity': 2, 'prepayment': 'FULL', 'nonrefundable': 1, 'cancellation_period': 0, 'cancellation_fee': 'FIRST', 'breakfast': 0, 'base_price': 6900, 'prices': [6900], 'price': 6900, 'old_price': 6900, 'currency': 'RUB', 'payment_amount': 6900, 'extras_variants': [], 'extras': [], 'rate_id': 14586, 'deals': [], 'cancellation_type': 'nonrefundable', 'credit_card': 1, 'bonus': 345, 'miles': 414, 'min_stay': 1, 'platichastyami': 0, 'mircashback': 690}, {'id': 503070, 'capacity': 3, 'prepayment': 'FULL', 'nonrefundable': 1, 'cancellation_period': 0, 'cancellation_fee': 'FIRST', 'breakfast': 0, 'base_price': 8400, 'prices': [8400], 'price': 8400, 'old_price': 8400, 'currency': 'RUB', 'payment_amount': 8400, 'extras_variants': [], 'extras': [], 'rate_id': 14586, 'deals': [], 'cancellation_type': 'nonrefundable', 'credit_card': 1, 'bonus': 420, 'miles': 504, 'min_stay': 1, 'platichastyami': 0, 'mircashback': 840}]",6900.0,414,495574_101hotels,2026-08-13
1616135,,с 2 спальнями,8,0,0,1,Апартаменты,14,1,"[{'single': 1}, {'single': 1}]",[],"[{'id': 503072, 'capacity': 1, 'prepayment': 'FULL', 'nonrefundable': 1, 'cancellation_period': 0, 'cancellation_fee': 'FIRST', 'breakfast': 0, 'base_price': 10500, 'prices': [10500], 'price': 10500, 'old_price': 10500, 'currency': 'RUB', 'payment_amount': 10500, 'extras_variants': [], 'extras': [], 'rate_id': 14586, 'deals': [], 'cancellation_type': 'nonrefundable', 'credit_card': 1, 'bonus': 525, 'miles': 630, 'min_stay': 1, 'platichastyami': 0, 'mircashback': 1050}, {'id': 503073, 'capacity': 2, 'prepayment': 'FULL', 'nonrefundable': 1, 'cancellation_period': 0, 'cancellation_fee': 'FIRST', 'breakfast': 0, 'base_price': 10500, 'prices': [10500], 'price': 10500, 'old_price': 10500, 'currency': 'RUB', 'payment_amount': 10500, 'extras_variants': [], 'extras': [], 'rate_id': 14586, 'deals': [], 'cancellation_type': 'nonrefundable', 'credit_card': 1, 'bonus': 525, 'miles': 630, 'min_stay': 1, 'platichastyami': 0, 'mircashback': 1050}, {'id': 503074, 'capacity': 3, 'prepayment': 'FULL', 'nonrefundable': 1, 'cancellation_period': 0, 'cancellation_fee': 'FIRST', 'breakfast': 0, 'base_price': 10500, 'prices': [10500], 'price': 10500, 'old_price': 10500, 'currency': 'RUB', 'payment_amount': 10500, 'extras_variants': [], 'extras': [], 'rate_id': 14586, 'deals': [], 'cancellation_type': 'nonrefundable', 'credit_card': 1, 'bonus': 525, 'miles': 630, 'min_stay': 1, 'platichastyami': 0, 'mircashback': 1050}, {'id': 503075, 'capacity': 4, 'prepayment': 'FULL', 'nonrefundable': 1, 'cancellation_period': 0, 'cancellation_fee': 'FIRST', 'breakfast': 0, 'base_price': 10500, 'prices': [10500], 'price': 10500, 'old_price': 10500, 'currency': 'RUB', 'payment_amount': 10500, 'extras_variants': [], 'extras': [], 'rate_id': 14586, 'deals': [], 'cancellation_type': 'nonrefundable', 'credit_card': 1, 'bonus': 525, 'miles': 630, 'min_stay': 1, 'platichastyami': 0, 'mircashback': 1050}, {'id': 503076, 'capacity': 5, 'prepayment': 'FULL', 'nonrefundable': 1, 'cancellation_period': 0, 'cancellation_fee': 'FIRST', 'breakfast': 0, 'base_price': 12000, 'prices': [12000], 'price': 12000, 'old_price': 12000, 'currency': 'RUB', 'payment_amount': 12000, 'extras_variants': [], 'extras': [], 'rate_id': 14586, 'deals': [], 'cancellation_type': 'nonrefundable', 'credit_card': 1, 'bonus': 600, 'miles': 720, 'min_stay': 1, 'platichastyami': 0, 'mircashback': 1200}, {'id': 503077, 'capacity': 6, 'prepayment': 'FULL', 'nonrefundable': 1, 'cancellation_period': 0, 'cancellation_fee': 'FIRST', 'breakfast': 0, 'base_price': 13500, 'prices': [13500], 'price': 13500, 'old_price': 13500, 'currency': 'RUB', 'payment_amount': 13500, 'extras_variants': [], 'extras': [], 'rate_id': 14586, 'deals': [], 'cancellation_type': 'nonrefundable', 'credit_card': 1, 'bonus': 675, 'miles': 810, 'min_stay': 1, 'platichastyami': 0, 'mircashback': 1350}]",10500.0,630,495574_101hotels,2026-08-13
1616137,,Люкс,4,0,0,1,Сюит,27,2,[{'single': 1}],[],"[{'id': 503080, 'capacity': 1, 'prepayment': 'FULL', 'nonrefundable': 1, 'cancellation_period': 0, 'cancellation_fee': 'FIRST', 'breakfast': 0, 'base_price': 6900, 'prices': [6900], 'price': 6900, 'old_price': 6900, 'currency': 'RUB', 'payment_amount': 6900, 'extras_variants': [], 'extras': [], 'rate_id': 14586, 'deals': [], 'cancellation_type': 'nonrefundable', 'credit_card': 1, 'bonus': 345, 'miles': 414, 'min_stay': 1, 'platichastyami': 0, 'mircashback': 690}, {'id': 503081, 'capacity': 2, 'prepayment': 'FULL', 'nonrefundable': 1, 'cancellation_period': 0, 'cancellation_fee': 'FIRST', 'breakfast': 0, 'base_price': 6900, 'prices': [6900], 'price': 6900, 'old_price': 6900, 'currency': 'RUB', 'payment_amount': 6900, 'extras_variants': [], 'extras': [], 'rate_id': 14586, 'deals': [], 'cancellation_type': 'nonrefundable', 'credit_card': 1, 'bonus': 345, 'miles': 414, 'min_stay': 1, 'platichastyami': 0, 'mircashback': 690}, {'id': 503082, 'capacity': 3, 'prepayment': 'FULL', 'nonrefundable': 1, 'cancellation_period': 0, 'cancellation_fee': 'FIRST', 'breakfast': 0, 'base_price': 8400, 'prices': [8400], 'price': 8400, 'old_price': 8400, 'currency': 'RUB', 'payment_amount': 8400, 'extras_variants': [], 'extras': [], 'rate_id': 14586, 'deals': [], 'cancellation_type': 'nonrefundable', 'credit_card': 1, 'bonus': 420, 'miles': 504, 'min_stay': 1, 'platichastyami': 0, 'mircashback': 840}]",6900.0,414,495574_101hotels,2026-08-13
2219397,,Стандартный,2,0,0,1,Двухместный,2,1,[{'double': 1}],[],"[{'id': 503066, 'capacity': 1, 'prepayment': 'FULL', 'nonrefundable': 1, 'cancellation_period': 0, 'cancellation_fee': 'FIRST', 'breakfast': 0, 'base_price': 5800, 'prices': [5800], 'price': 5800, 'old_price': 5800, 'currency': 'RUB', 'payment_amount': 5800, 'extras_variants': [], 'extras': [], 'rate_id': 14586, 'deals': [], 'cancellation_type': 'nonrefundable', 'credit_card': 1, 'bonus': 290, 'miles': 348, 'min_stay': 1, 'platichastyami': 0, 'mircashback': 580}, {'id': 503067, 'capacity': 2, 'prepayment': 'FULL', 'nonrefundable': 1, 'cancellation_period': 0, 'cancellation_fee': 'FIRST', 'breakfast': 0, 'base_price': 5800, 'prices': [5800], 'price': 5800, 'old_price': 5800, 'currency': 'RUB', 'payment_amount': 5800, 'extras_variants': [], 'extras': [], 'rate_id': 14586, 'deals': [], 'cancellation_type': 'nonrefundable', 'credit_card': 1, 'bonus': 290, 'miles': 348, 'min_stay': 1, 'platichastyami': 0, 'mircashback': 580}]",5800.0,348,495574_101hotels,2026-08-13
1681497,,Стандартный номер с 2 отдельными кроватями,2,0,0,1,Двухместный,2,8,[{'single': 2}],[],"[{'id': 371335, 'capacity': 1, 'prepayment': 'FULL', 'nonrefundable': 1, 'cancellation_period': 0, 'cancellation_fee': 'FIRST', 'breakfast': 0, 'base_price': 4000, 'prices': [4000], 'price': 4000, 'old_price': 4000, 'currency': 'RUB', 'payment_amount': 4000, 'extras_variants': [], 'extras': [], 'rate_id': 5921, 'deals': [], 'cancellation_type': 'nonrefundable', 'credit_card': 1, 'bonus': 200, 'miles': 240, 'min_stay': 1, 'platichastyami': 0, 'mircashback': 400}, {'id': 371336, 'capacity': 2, 'prepayment': 'FULL', 'nonrefundable': 1, 'cancellation_period': 0, 'cancellation_fee': 'FIRST', 'breakfast': 0, 'base_price': 4000, 'prices': [4000], 'price': 4000, 'old_price': 4000, 'currency': 'RUB', 'payment_amount': 4000, 'extras_variants': [], 'extras': [], 'rate_id': 5921, 'deals': [], 'cancellation_type': 'nonrefundable', 'credit_card': 1, 'bonus': 200, 'miles': 240, 'min_stay': 1, 'platichastyami': 0, 'mircashback': 400}]",4000.0,240,511615_101hotels,2026-08-13
1681498,,Стандартный номер,3,0,0,1,Трехместный,37,2,[{'single': 3}],[],"[{'id': 371347, 'capacity': 1, 'prepayment': 'FULL', 'nonrefundable': 1, 'cancellation_period': 0, 'cancellation_fee': 'FIRST', 'breakfast': 0, 'base_price': 4500, 'prices': [4500], 'price': 4500, 'old_price': 4500, 'currency': 'RUB', 'payment_amount': 4500, 'extras_variants': [], 'extras': [], 'rate_id': 5921, 'deals': [], 'cancellation_type': 'nonrefundable', 'credit_card': 1, 'bonus': 225, 'miles': 270, 'min_stay': 1, 'platichastyami': 0, 'mircashback': 450}, {'id': 371348, 'capacity': 2, 'prepayment': 'FULL', 'nonrefundable': 1, 'cancellation_period': 0, 'cancellation_fee': 'FIRST', 'breakfast': 0, 'base_price': 4500, 'prices': [4500], 'price': 4500, 'old_price': 4500, 'currency': 'RUB', 'payment_amount': 4500, 'extras_variants': [], 'extras': [], 'rate_id': 5921, 'deals': [], 'cancellation_type': 'nonrefundable', 'credit_card': 1, 'bonus': 225, 'miles': 270, 'min_stay': 1, 'platichastyami': 0, 'mircashback': 450}, {'id': 371349, 'capacity': 3, 'prepayment': 'FULL', 'nonrefundable': 1, 'cancellation_period': 0, 'cancellation_fee': 'FIRST', 'breakfast': 0, 'base_price': 4500, 'prices': [4500], 'price': 4500, 'old_price': 4500, 'currency': 'RUB', 'payment_amount': 4500, 'extras_variants': [], 'extras': [], 'rate_id': 5921, 'deals': [], 'cancellation_type': 'nonrefundable', 'credit_card': 1, 'bonus': 225, 'miles': 270, 'min_stay': 1, 'platichastyami': 0, 'mircashback': 450}]",4500.0,270,511615_101hotels,2026-08-13
1681499,,Стандартный номер с 1 кроватью,2,0,0,1,Двухместный,2,3,[{'double': 1}],[],"[{'id': 371337, 'capacity': 1, 'prepayment': 'FULL', 'nonrefundable': 1, 'cancellation_period': 0, 'cancellation_fee': 'FIRST', 'breakfast': 0, 'base_price': 4000, 'prices': [4000], 'price': 4000, 'old_price': 4000, 'currency': 'RUB', 'payment_amount': 4000, 'extras_variants': [], 'extras': [], 'rate_id': 5921, 'deals': [], 'cancellation_type': 'nonrefundable', 'credit_card': 1, 'bonus': 200, 'miles': 240, 'min_stay': 1, 'platichastyami': 0, 'mircashback': 400}, {'id': 371338, 'capacity': 2, 'prepayment': 'FULL', 'nonrefundable': 1, 'cancellation_period': 0, 'cancellation_fee': 'FIRST', 'breakfast': 0, 'base_price': 4000, 'prices': [4000], 'price': 4000, 'old_price': 4000, 'currency': 'RUB', 'payment_amount': 4000, 'extras_variants': [], 'extras': [], 'rate_id': 5921, 'deals': [], 'cancellation_type': 'nonrefundable', 'credit_card': 1, 'bonus': 200, 'miles': 240, 'min_stay': 1, 'platichastyami': 0, 'mircashback': 400}]",4000.0,240,511615_101hotels,2026-08-13
1681500,,Стандартный двухкомнатный (1 двуспальная кровать),2,0,0,1,Двухместный,2,1,[{'single': 1}],[],"[{'id': 371350, 'capacity': 1, 'prepayment': 'FULL', 'nonrefundable': 1, 'cancellation_period': 0, 'cancellation_fee': 'FIRST', 'breakfast': 0, 'base_price': 6000, 'prices': [6000], 'price': 6000, 'old_price': 6000, 'currency': 'RUB', 'payment_amount': 6000, 'extras_variants': [], 'extras': [], 'rate_id': 5921, 'deals': [], 'cancellation_type': 'nonrefundable', 'credit_card': 1, 'bonus': 300, 'miles': 360, 'min_stay': 1, 'platichastyami': 0, 'mircashback': 600}, {'id': 371351, 'capacity': 2, 'prepayment': 'FULL', 'nonrefundable': 1, 'cancellation_period': 0, 'cancellation_fee': 'FIRST', 'breakfast': 0, 'base_price': 6000, 'prices': [6000], 'price': 6000, 'old_price': 6000, 'currency': 'RUB', 'payment_amount': 6000, 'extras_variants': [], 'extras': [], 'rate_id': 5921, 'deals': [], 'cancellation_type': 'nonrefundable', 'credit_card': 1, 'bonus': 300, 'miles': 360, 'min_stay': 1, 'platichastyami': 0, 'mircashback': 600}]",6000.0,360,511615_101hotels,2026-08-13
2290138,,Стандарт,2,0,0,1,Двухместный,2,4,[{'double': 1}],[],"[{'id': 968588, 'capacity': 1, 'prepayment': 'FULL', 'nonrefundable': 0, 'cancellation_period': 0, 'cancellation_fee': 'NO', 'breakfast': 0, 'base_price': 4900, 'prices': [4900], 'price': 4900, 'old_price': 4900, 'currency': 'RUB', 'payment_amount': 4900, 'extras_variants': [], 'extras': [], 'rate_id': 45616, 'deals': [], 'cancellation_type': 'free', 'credit_card': 1, 'bonus': 245, 'miles': 294, 'min_stay': 1, 'platichastyami': 0, 'mircashback': 490}, {'id': 968589, 'capacity': 2, 'prepayment': 'FULL', 'nonrefundable': 0, 'cancellation_period': 0, 'cancellation_fee': 'NO', 'breakfast': 0, 'base_price': 4900, 'prices': [4900], 'price': 4900, 'old_price': 4900, 'currency': 'RUB', 'payment_amount': 4900, 'extras_variants': [], 'extras': [], 'rate_id': 45616, 'deals': [], 'cancellation_type': 'free', 'credit_card': 1, 'bonus': 245, 'miles': 294, 'min_stay': 1, 'platichastyami': 0, 'mircashback': 490}]",4900.0,294,670724_101hotels,2026-08-13
2290139,,Стандарт,3,0,0,1,Трехместный,37,5,"[{'single': 1, 'double': 1}]",[],"[{'id': 968592, 'capacity': 1, 'prepayment': 'FULL', 'nonrefundable': 0, 'cancellation_period': 0, 'cancellation_fee': 'NO', 'breakfast': 0, 'base_price': 6600, 'prices': [6600], 'price': 6600, 'old_price': 6600, 'currency': 'RUB', 'payment_amount': 6600, 'extras_variants': [], 'extras': [], 'rate_id': 45616, 'deals': [], 'cancellation_type': 'free', 'credit_card': 1, 'bonus': 330, 'miles': 396, 'min_stay': 1, 'platichastyami': 0, 'mircashback': 660}, {'id': 968593, 'capacity': 2, 'prepayment': 'FULL', 'nonrefundable': 0, 'cancellation_period': 0, 'cancellation_fee': 'NO', 'breakfast': 0, 'base_price': 6600, 'prices': [6600], 'price': 6600, 'old_price': 6600, 'currency': 'RUB', 'payment_amount': 6600, 'extras_variants': [], 'extras': [], 'rate_id': 45616, 'deals': [], 'cancellation_type': 'free', 'credit_card': 1, 'bonus': 330, 'miles': 396, 'min_stay': 1, 'platichastyami': 0, 'mircashback': 660}, {'id': 968594, 'capacity': 3, 'prepayment': 'FULL', 'nonrefundable': 0, 'cancellation_period': 0, 'cancellation_fee': 'NO', 'breakfast': 0, 'base_price': 6600, 'prices': [6600], 'price': 6600, 'old_price': 6600, 'currency': 'RUB', 'payment_amount': 6600, 'extras_variants': [], 'extras': [], 'rate_id': 45616, 'deals': [], 'cancellation_type': 'free', 'credit_card': 1, 'bonus': 330, 'miles': 396, 'min_stay': 1, 'platichastyami': 0, 'mircashback': 660}]",6600.0,396,670724_101hotels,2026-08-13
2220210,,Койко-место в общем номере с 3 кроватями,3,0,1,0,Трехместный,37,9,[{'single': 3}],[],"[{'id': 307027, 'capacity': 1, 'prepayment': 'FULL', 'nonrefundable': 0, 'cancellation_period': 1, 'cancellation_fee': 'FIRST', 'breakfast': 0, 'base_price': 1900, 'prices': [1900], 'price': 1900, 'old_price': 1900, 'currency': 'RUB', 'payment_amount': 1900, 'extras_variants': [], 'extras': [], 'rate_id': 2700, 'deals': [], 'cancellation_type': 'special', 'credit_card': 1, 'bonus': 95, 'miles': 114, 'min_stay': 1, 'platichastyami': 0, 'mircashback': 190}]",1900.0,114,650957_101hotels,2026-08-13
2220233,,Номер эконом с 2 раздельными кроватями,2,0,0,0,Двухместный,2,1,[{'single': 2}],"[{'id': '10264', 'number': '2', 'min_age': '0', 'max_age': '3', 'is_extra_bed': '0', 'extra_bed_type_id': '0'}]","[{'id': 307012, 'capacity': 1, 'prepayment': 'FULL', 'nonrefundable': 0, 'cancellation_period': 1, 'cancellation_fee': 'FIRST', 'breakfast': 0, 'base_price': 4800, 'prices': [4800], 'price': 4800, 'old_price': 4800, 'currency': 'RUB', 'payment_amount': 4800, 'extras_variants': [], 'extras': {'10264': {'id': 10264, 'number': 2, 'extra_bed_type_id': 0, 'age': [0, 3], 'extra_bed': 0, 'free': 1}}, 'rate_id': 2700, 'deals': [], 'cancellation_type': 'special', 'credit_card': 1, 'bonus': 240, 'miles': 288, 'min_stay': 1, 'platichastyami': 0, 'mircashback': 480}, {'id': 307013, 'capacity': 2, 'prepayment': 'FULL', 'nonrefundable': 0, 'cancellation_period': 1, 'cancellation_fee': 'FIRST', 'breakfast': 0, 'base_price': 4800, 'prices': [4800], 'price': 4800, 'old_price': 4800, 'currency': 'RUB', 'payment_amount': 4800, 'extras_variants': [], 'extras': {'10264': {'id': 10264, 'number': 2, 'extra_bed_type_id': 0, 'age': [0, 3], 'extra_bed': 0, 'free': 1}}, 'rate_id': 2700, 'deals': [], 'cancellation_type': 'special', 'credit_card': 1, 'bonus': 240, 'miles': 288, 'min_stay': 1, 'platichastyami': 0, 'mircashback': 480}]",4800.0,288,650957_101hotels,2026-08-13
2291457,,Стандарт,2,2,0,1,Четырехместный,34,1,"[{'double': 1, 'sofa': 1}]",[],"[{'id': 969376, 'capacity': 1, 'prepayment': 'FULL', 'nonrefundable': 0, 'cancellation_period': 0, 'cancellation_fee': 'NO', 'breakfast': 0, 'base_price': 10000, 'prices': [10000], 'price': 10000, 'old_price': 10000, 'currency': 'RUB', 'payment_amount': 10000, 'extras_variants': [], 'extras': [], 'rate_id': 45675, 'deals': [], 'cancellation_type': 'free', 'credit_card': 1, 'bonus': 500, 'miles': 600, 'min_stay': 1, 'platichastyami': 0, 'mircashback': 1000}, {'id': 969377, 'capacity': 2, 'prepayment': 'FULL', 'nonrefundable': 0, 'cancellation_period': 0, 'cancellation_fee': 'NO', 'breakfast': 0, 'base_price': 10000, 'prices': [10000], 'price': 10000, 'old_price': 10000, 'currency': 'RUB', 'payment_amount': 10000, 'extras_variants': [], 'extras': [], 'rate_id': 45675, 'deals': [], 'cancellation_type': 'free', 'credit_card': 1, 'bonus': 500, 'miles': 600, 'min_stay': 1, 'platichastyami': 0, 'mircashback': 1000}]",10000.0,600,671037_101hotels,2026-08-13
2299440,,Шале,2,1,0,1,Двухместный,2,8,[{'double': 1}],[],"[{'id': 1034245, 'capacity': 1, 'prepayment': 'FULL', 'nonrefundable': 0, 'cancellation_period': 0, 'cancellation_fee': 'NO', 'breakfast': 0, 'base_price': 10000, 'prices': [10000], 'price': 10000, 'old_price': 10000, 'currency': 'RUB', 'payment_amount': 10000, 'extras_variants': [], 'extras': [], 'rate_id': 50187, 'deals': [], 'cancellation_type': 'free', 'credit_card': 1, 'bonus': 500, 'miles': 600, 'min_stay': 1, 'platichastyami': 0, 'mircashback': 1000}, {'id': 1034246, 'capacity': 2, 'prepayment': 'FULL', 'nonrefundable': 0, 'cancellation_period': 0, 'cancellation_fee': 'NO', 'breakfast': 0, 'base_price': 10000, 'prices': [10000], 'price': 10000, 'old_price': 10000, 'currency': 'RUB', 'payment_amount': 10000, 'extras_variants': [], 'extras': [], 'rate_id': 50187, 'deals': [], 'cancellation_type': 'free', 'credit_card': 1, 'bonus': 500, 'miles': 600, 'min_stay': 1, 'platichastyami': 0, 'mircashback': 1000}]",10000.0,600,672860_101hotels,2026-08-13
37237,,Стандарт,2,1,0,1,Двухместный,2,3,"[{'single': 2, 'double': 1}]",[],"[{'id': 834998, 'capacity': 1, 'prepayment': 'FULL', 'nonrefundable': 0, 'cancellation_period': 7, 'cancellation_fee': 'FULL', 'breakfast': 0, 'base_price': 5800, 'prices': [5800], 'price': 5800, 'old_price': 5800, 'currency': 'RUB', 'payment_amount': 5800, 'extras_variants': [], 'extras': [], 'rate_id': 37751, 'deals': [], 'cancellation_type': 'special', 'credit_card': 1, 'bonus': 290, 'miles': 348, 'min_stay': 1, 'platichastyami': 0, 'mircashback': 580}, {'id': 834993, 'capacity': 1, 'prepayment': 'FULL', 'nonrefundable': 1, 'cancellation_period': 0, 'cancellation_fee': 'FULL', 'breakfast': 1, 'base_price': 6900, 'prices': [6900], 'price': 6900, 'old_price': 6900, 'currency': 'RUB', 'payment_amount': 6900, 'extras_variants': [], 'extras': [], 'rate_id': 37750, 'deals': [], 'cancellation_type': 'nonrefundable', 'credit_card': 1, 'bonus': 345, 'miles': 414, 'min_stay': 1, 'platichastyami': 0, 'mircashback': 690}, {'id': 834999, 'capacity': 2, 'prepayment': 'FULL', 'nonrefundable': 0, 'cancellation_period': 7, 'cancellation_fee': 'FULL', 'breakfast': 0, 'base_price': 5950, 'prices': [5950], 'price': 5950, 'old_price': 5950, 'currency': 'RUB', 'payment_amount': 5950, 'extras_variants': [], 'extras': [], 'rate_id': 37751, 'deals': [], 'cancellation_type': 'special', 'credit_card': 1, 'bonus': 298, 'miles': 357, 'min_stay': 1, 'platichastyami': 0, 'mircashback': 595}, {'id': 834994, 'capacity': 2, 'prepayment': 'FULL', 'nonrefundable': 1, 'cancellation_period': 0, 'cancellation_fee': 'FULL', 'breakfast': 1, 'base_price': 8150, 'prices': [8150], 'price': 8150, 'old_price': 8150, 'currency': 'RUB', 'payment_amount': 8150, 'extras_variants': [], 'extras': [], 'rate_id': 37750, 'deals': [], 'cancellation_type': 'nonrefundable', 'credit_card': 1, 'bonus': 408, 'miles': 489, 'min_stay': 1, 'platichastyami': 0, 'mircashback': 815}]",5800.0,348,7628_101hotels,2026-08-13
30973,,"Койко-место, Общий",4,0,1,1,Четырехместный,34,8,[{'2-tier': 1}],[],"[{'id': 1225019, 'capacity': 1, 'prepayment': 'FULL', 'nonrefundable': 0, 'cancellation_period': 1, 'cancellation_fee': 'FIRST', 'breakfast': 0, 'base_price': 1700, 'prices': [1700], 'price': 1700, 'old_price': 1700, 'currency': 'RUB', 'payment_amount': 1700, 'extras_variants': [], 'extras': [], 'rate_id': 62979, 'deals': [], 'cancellation_type': 'special', 'credit_card': 1, 'bonus': 85, 'miles': 102, 'min_stay': 1, 'platichastyami': 0, 'mircashback': 170}]",1700.0,102,6480_101hotels,2026-08-13
2275937,,Двухэтажный 2-местный с камином,2,1,0,1,Дом,56,2,"[{'double': 1, 'sofa': 1}]","[{'id': '51203', 'number': '1', 'min_age': '0', 'max_age': '18', 'is_extra_bed': '0', 'extra_bed_type_id': '0'}]","[{'id': 802484, 'capacity': 1, 'prepayment': 'FULL', 'nonrefundable': 0, 'cancellation_period': 2, 'cancellation_fee': 'FIRST', 'breakfast': 1, 'base_price': 16800, 'prices': [16800], 'price': 16800, 'old_price': 16800, 'currency': 'RUB', 'payment_amount': 16800, 'extras_variants': [], 'extras': {'51203': {'id': 51203, 'number': 1, 'extra_bed_type_id': 0, 'age': [0, 18], 'extra_bed': 0, 'free': 1}}, 'rate_id': 36543, 'deals': [], 'cancellation_type': 'special', 'credit_card': 1, 'bonus': 840, 'miles': 1008, 'min_stay': 1, 'platichastyami': 0, 'mircashback': 1680}, {'id': 802485, 'capacity': 2, 'prepayment': 'FULL', 'nonrefundable': 0, 'cancellation_period': 2, 'cancellation_fee': 'FIRST', 'breakfast': 1, 'base_price': 16800, 'prices': [16800], 'price': 16800, 'old_price': 16800, 'currency': 'RUB', 'payment_amount': 16800, 'extras_variants': [], 'extras': {'51203': {'id': 51203, 'number': 1, 'extra_bed_type_id': 0, 'age': [0, 18], 'extra_bed': 0, 'free': 1}}, 'rate_id': 36543, 'deals': [], 'cancellation_type': 'special', 'credit_card': 1, 'bonus': 840, 'miles': 1008, 'min_stay': 1, 'platichastyami': 0, 'mircashback': 1680}]",16800.0,1008,666682_101hotels,2026-08-13
2275940,,Двухэтажный 4-местны дом с камином и террасой,4,2,0,1,Шале,55,3,"[{'single': 2, 'double': 1, 'sofa': 1}]","[{'id': '11187', 'number': '2', 'min_age': '0', 'max_age': '7', 'is_extra_bed': '0', 'extra_bed_type_id': '0'}]","[{'id': 1071747, 'capacity': 1, 'prepayment': 'FULL', 'nonrefundable': 0, 'cancellation_period': 2, 'cancellation_fee': 'FIRST', 'breakfast': 1, 'base_price': 27600, 'prices': [27600], 'price': 27600, 'old_price': 27600, 'currency': 'RUB', 'payment_amount': 27600, 'extras_variants': [], 'extras': {'11187': {'id': 11187, 'number': 2, 'extra_bed_type_id': 0, 'age': [0, 7], 'extra_bed': 0, 'free': 1}}, 'rate_id': 36543, 'deals': [], 'cancellation_type': 'special', 'credit_card': 1, 'bonus': 1380, 'miles': 1656, 'min_stay': 1, 'platichastyami': 0, 'mircashback': 2760}, {'id': 1071748, 'capacity': 2, 'prepayment': 'FULL', 'nonrefundable': 0, 'cancellation_period': 2, 'cancellation_fee': 'FIRST', 'breakfast': 1, 'base_price': 27600, 'prices': [27600], 'price': 27600, 'old_price': 27600, 'currency': 'RUB', 'payment_amount': 27600, 'extras_variants': [], 'extras': {'11187': {'id': 11187, 'number': 2, 'extra_bed_type_id': 0, 'age': [0, 7], 'extra_bed': 0, 'free': 1}}, 'rate_id': 36543, 'deals': [], 'cancellation_type': 'special', 'credit_card': 1, 'bonus': 1380, 'miles': 1656, 'min_stay': 1, 'platichastyami': 0, 'mircashback': 2760}, {'id': 1071749, 'capacity': 3, 'prepayment': 'FULL', 'nonrefundable': 0, 'cancellation_period': 2, 'cancellation_fee': 'FIRST', 'breakfast': 1, 'base_price': 27600, 'prices': [27600], 'price': 27600, 'old_price': 27600, 'currency': 'RUB', 'payment_amount': 27600, 'extras_variants': [], 'extras': {'11187': {'id': 11187, 'number': 2, 'extra_bed_type_id': 0, 'age': [0, 7], 'extra_bed': 0, 'free': 1}}, 'rate_id': 36543, 'deals': [], 'cancellation_type': 'special', 'credit_card': 1, 'bonus': 1380, 'miles': 1656, 'min_stay': 1, 'platichastyami': 0, 'mircashback': 2760}, {'id': 1071750, 'capacity': 4, 'prepayment': 'FULL', 'nonrefundable': 0, 'cancellation_period': 2, 'cancellation_fee': 'FIRST', 'breakfast': 1, 'base_price': 27600, 'prices': [27600], 'price': 27600, 'old_price': 27600, 'currency': 'RUB', 'payment_amount': 27600, 'extras_variants': [], 'extras': {'11187': {'id': 11187, 'number': 2, 'extra_bed_type_id': 0, 'age': [0, 7], 'extra_bed': 0, 'free': 1}}, 'rate_id': 36543, 'deals': [], 'cancellation_type': 'special', 'credit_card': 1, 'bonus': 1380, 'miles': 1656, 'min_stay': 1, 'platichastyami': 0, 'mircashback': 2760}]",27600.0,1656,666682_101hotels,2026-08-13
2315549,,Улучшенный,2,1,0,1,Семейный,44,2,"[{'single': 1, 'double': 1}]","[{'id': '42695', 'number': '1', 'min_age': '0', 'max_age': '5', 'is_extra_bed': '0', 'extra_bed_type_id': '0'}]","[{'id': 1180710, 'capacity': 1, 'prepayment': 'FIRST', 'nonrefundable': 0, 'cancellation_period': 5, 'cancellation_fee': 'FIRST', 'breakfast': 0, 'base_price': 15000, 'prices': [15000], 'price': 15000, 'old_price': 15000, 'currency': 'RUB', 'payment_amount': 15000, 'extras_variants': [], 'extras': {'42695': {'id': 42695, 'number': 1, 'extra_bed_type_id': 0, 'age': [0, 5], 'extra_bed': 0, 'free': 1}}, 'rate_id': 60220, 'deals': [], 'cancellation_type': 'special', 'credit_card': 1, 'bonus': 750, 'miles': 900, 'min_stay': 1, 'platichastyami': 0, 'mircashback': 1500}, {'id': 1180711, 'capacity': 2, 'prepayment': 'FIRST', 'nonrefundable': 0, 'cancellation_period': 5, 'cancellation_fee': 'FIRST', 'breakfast': 0, 'base_price': 15000, 'prices': [15000], 'price': 15000, 'old_price': 15000, 'currency': 'RUB', 'payment_amount': 15000, 'extras_variants': [], 'extras': {'42695': {'id': 42695, 'number': 1, 'extra_bed_type_id': 0, 'age': [0, 5], 'extra_bed': 0, 'free': 1}}, 'rate_id': 60220, 'deals': [], 'cancellation_type': 'special', 'credit_card': 1, 'bonus': 750, 'miles': 900, 'min_stay': 1, 'platichastyami': 0, 'mircashback': 1500}]",15000.0,900,652285_101hotels,2026-08-13
2315552,,Люкс,2,0,0,1,Люкс,6,1,[{'double': 1}],"[{'id': '42697', 'number': '1', 'min_age': '0', 'max_age': '5', 'is_extra_bed': '0', 'extra_bed_type_id': '0'}]","[{'id': 1180708, 'capacity': 1, 'prepayment': 'FIRST', 'nonrefundable': 0, 'cancellation_period': 5, 'cancellation_fee': 'FIRST', 'breakfast': 0, 'base_price': 20000, 'prices': [20000], 'price': 20000, 'old_price': 20000, 'currency': 'RUB', 'payment_amount': 20000, 'extras_variants': [], 'extras': {'42697': {'id': 42697, 'number': 1, 'extra_bed_type_id': 0, 'age': [0, 5], 'extra_bed': 0, 'free': 1}}, 'rate_id': 60220, 'deals': [], 'cancellation_type': 'special', 'credit_card': 1, 'bonus': 1000, 'miles': 1200, 'min_stay': 1, 'platichastyami': 0, 'mircashback': 2000}, {'id': 1180724, 'capacity': 1, 'prepayment': 'FIRST', 'nonrefundable': 0, 'cancellation_period': 5, 'cancellation_fee': 'FIRST', 'breakfast': 1, 'base_price': 36000, 'prices': [36000], 'price': 36000, 'old_price': 36000, 'currency': 'RUB', 'payment_amount': 36000, 'extras_variants': [], 'extras': {'42697': {'id': 42697, 'number': 1, 'extra_bed_type_id': 0, 'age': [0, 5], 'extra_bed': 0, 'free': 1}}, 'rate_id': 60222, 'deals': [], 'cancellation_type': 'special', 'credit_card': 1, 'bonus': 1800, 'miles': 2160, 'min_stay': 1, 'platichastyami': 0, 'mircashback': 3600}, {'id': 1180716, 'capacity': 1, 'prepayment': 'FIRST', 'nonrefundable': 0, 'cancellation_period': 5, 'cancellation_fee': 'FIRST', 'breakfast': 1, 'base_price': 40000, 'prices': [40000], 'price': 40000, 'old_price': 40000, 'currency': 'RUB', 'payment_amount': 40000, 'extras_variants': [], 'extras': {'42697': {'id': 42697, 'number': 1, 'extra_bed_type_id': 0, 'age': [0, 5], 'extra_bed': 0, 'free': 1}}, 'rate_id': 60221, 'deals': [], 'cancellation_type': 'special', 'credit_card': 1, 'bonus': 2000, 'miles': 2400, 'min_stay': 1, 'platichastyami': 0, 'mircashback': 4000}, {'id': 1180709, 'capacity': 2, 'prepayment': 'FIRST', 'nonrefundable': 0, 'cancellation_period': 5, 'cancellation_fee': 'FIRST', 'breakfast': 0, 'base_price': 20000, 'prices': [20000], 'price': 20000, 'old_price': 20000, 'currency': 'RUB', 'payment_amount': 20000, 'extras_variants': [], 'extras': {'42697': {'id': 42697, 'number': 1, 'extra_bed_type_id': 0, 'age': [0, 5], 'extra_bed': 0, 'free': 1}}, 'rate_id': 60220, 'deals': [], 'cancellation_type': 'special', 'credit_card': 1, 'bonus': 1000, 'miles': 1200, 'min_stay': 1, 'platichastyami': 0, 'mircashback': 2000}, {'id': 1180725, 'capacity': 2, 'prepayment': 'FIRST', 'nonrefundable': 0, 'cancellation_period': 5, 'cancellation_fee': 'FIRST', 'breakfast': 1, 'base_price': 36000, 'prices': [36000], 'price': 36000, 'old_price': 36000, 'currency': 'RUB', 'payment_amount': 36000, 'extras_variants': [], 'extras': {'42697': {'id': 42697, 'number': 1, 'extra_bed_type_id': 0, 'age': [0, 5], 'extra_bed': 0, 'free': 1}}, 'rate_id': 60222, 'deals': [], 'cancellation_type': 'special', 'credit_card': 1, 'bonus': 1800, 'miles': 2160, 'min_stay': 1, 'platichastyami': 0, 'mircashback': 3600}, {'id': 1180717, 'capacity': 2, 'prepayment': 'FIRST', 'nonrefundable': 0, 'cancellation_period': 5, 'cancellation_fee': 'FIRST', 'breakfast': 1, 'base_price': 40000, 'prices': [40000], 'price': 40000, 'old_price': 40000, 'currency': 'RUB', 'payment_amount': 40000, 'extras_variants': [], 'extras': {'42697': {'id': 42697, 'number': 1, 'extra_bed_type_id': 0, 'age': [0, 5], 'extra_bed': 0, 'free': 1}}, 'rate_id': 60221, 'deals': [], 'cancellation_type': 'special', 'credit_card': 1, 'bonus': 2000, 'miles': 2400, 'min_stay': 1, 'platichastyami': 0, 'mircashback': 4000}]",20000.0,1200,652285_101hotels,2026-08-13
46999,,,2,0,0,1,Студио,5,1,[{'double': 1}],[],"[{'id': 617731, 'capacity': 1, 'prepayment': 'NO', 'nonrefundable': 0, 'cancellation_period': 0, 'cancellation_fee': 'NO', 'breakfast': 1, 'base_price': 11500, 'prices': [11500], 'price': 11500, 'old_price': 11500, 'currency': 'RUB', 'payment_amount': 0, 'extras_variants': [], 'extras': [], 'rate_id': 22543, 'deals': [], 'cancellation_type': 'free', 'credit_card': 0, 'bonus': 575, 'miles': 690, 'min_stay': 1, 'platichastyami': 0, 'mircashback': 1150}, {'id': 617732, 'capacity': 2, 'prepayment': 'NO', 'nonrefundable': 0, 'cancellation_period': 0, 'cancellation_fee': 'NO', 'breakfast': 1, 'base_price': 12500, 'prices': [12500], 'price': 12500, 'old_price': 12500, 'currency': 'RUB', 'payment_amount': 0, 'extras_variants': [], 'extras': [], 'rate_id': 22543, 'deals': [], 'cancellation_type': 'free', 'credit_card': 0, 'bonus': 625, 'miles': 750, 'min_stay': 1, 'platichastyami': 0, 'mircashback': 1250}]",11500.0,690,9509_101hotels,2026-08-13
47001,,Премиум,2,1,0,1,Делюкс,29,1,[{'double': 1}],[],"[{'id': 617737, 'capacity': 1, 'prepayment': 'NO', 'nonrefundable': 0, 'cancellation_period': 0, 'cancellation_fee': 'NO', 'breakfast': 1, 'base_price': 16000, 'prices': [16000], 'price': 16000, 'old_price': 16000, 'currency': 'RUB', 'payment_amount': 0, 'extras_variants': [], 'extras': [], 'rate_id': 22543, 'deals': [], 'cancellation_type': 'free', 'credit_card': 0, 'bonus': 800, 'miles': 960, 'min_stay': 1, 'platichastyami': 0, 'mircashback': 1600}, {'id': 617738, 'capacity': 2, 'prepayment': 'NO', 'nonrefundable': 0, 'cancellation_period': 0, 'cancellation_fee': 'NO', 'breakfast': 1, 'base_price': 17000, 'prices': [17000], 'price': 17000, 'old_price': 17000, 'currency': 'RUB', 'payment_amount': 0, 'extras_variants': [], 'extras': [], 'rate_id': 22543, 'deals': [], 'cancellation_type': 'free', 'credit_card': 0, 'bonus': 850, 'miles': 1020, 'min_stay': 1, 'platichastyami': 0, 'mircashback': 1700}]",16000.0,960,9509_101hotels,2026-08-13
2309900,,Стандарт,2,0,0,1,Двухместный,2,1,"[{'single': 2}, {'double': 1}]",[],"[{'id': 1126955, 'capacity': 1, 'prepayment': 'NO', 'nonrefundable': 0, 'cancellation_period': 0, 'cancellation_fee': 'NO', 'breakfast': 1, 'base_price': 7400, 'prices': [7400], 'price': 7400, 'old_price': 7400, 'currency': 'RUB', 'payment_amount': 0, 'extras_variants': [], 'extras': [], 'rate_id': 22543, 'deals': [], 'cancellation_type': 'free', 'credit_card': 0, 'bonus': 370, 'miles': 444, 'min_stay': 1, 'platichastyami': 0, 'mircashback': 740}, {'id': 1126956, 'capacity': 2, 'prepayment': 'NO', 'nonrefundable': 0, 'cancellation_period': 0, 'cancellation_fee': 'NO', 'breakfast': 1, 'base_price': 8400, 'prices': [8400], 'price': 8400, 'old_price': 8400, 'currency': 'RUB', 'payment_amount': 0, 'extras_variants': [], 'extras': [], 'rate_id': 22543, 'deals': [], 'cancellation_type': 'free', 'credit_card': 0, 'bonus': 420, 'miles': 504, 'min_stay': 1, 'platichastyami': 0, 'mircashback': 840}]",7400.0,444,9509_101hotels,2026-08-13
2309905,,Стандарт Улучшенный,2,0,0,1,Двухместный,2,2,"[{'single': 2}, {'double': 1}]",[],"[{'id': 1126983, 'capacity': 1, 'prepayment': 'NO', 'nonrefundable': 0, 'cancellation_period': 0, 'cancellation_fee': 'NO', 'breakfast': 1, 'base_price': 9300, 'prices': [9300], 'price': 9300, 'old_price': 9300, 'currency': 'RUB', 'payment_amount': 0, 'extras_variants': [], 'extras': [], 'rate_id': 22543, 'deals': [], 'cancellation_type': 'free', 'credit_card': 0, 'bonus': 465, 'miles': 558, 'min_stay': 1, 'platichastyami': 0, 'mircashback': 930}, {'id': 1126984, 'capacity': 2, 'prepayment': 'NO', 'nonrefundable': 0, 'cancellation_period': 0, 'cancellation_fee': 'NO', 'breakfast': 1, 'base_price': 10300, 'prices': [10300], 'price': 10300, 'old_price': 10300, 'currency': 'RUB', 'payment_amount': 0, 'extras_variants': [], 'extras': [], 'rate_id': 22543, 'deals': [], 'cancellation_type': 'free', 'credit_card': 0, 'bonus': 515, 'miles': 618, 'min_stay': 1, 'platichastyami': 0, 'mircashback': 1030}]",9300.0,558,9509_101hotels,2026-08-13
2251981,,Стандарт,1,0,0,1,Одноместный,1,1,[{'single': 1}],[],"[{'id': 608480, 'capacity': 1, 'prepayment': 'FULL', 'nonrefundable': 0, 'cancellation_period': 1, 'cancellation_fee': 'FIRST', 'breakfast': 0, 'base_price': 3510, 'prices': [3510], 'price': 3510, 'old_price': 3510, 'currency': 'RUB', 'payment_amount': 3510, 'extras_variants': [], 'extras': [], 'rate_id': 21859, 'deals': [], 'cancellation_type': 'special', 'credit_card': 1, 'bonus': 176, 'miles': 210, 'min_stay': 1, 'platichastyami': 0, 'mircashback': 351}, {'id': 965381, 'capacity': 1, 'prepayment': 'NO', 'nonrefundable': 0, 'cancellation_period': 0, 'cancellation_fee': 'NO', 'breakfast': 1, 'base_price': 4510, 'prices': [4510], 'price': 4510, 'old_price': 4510, 'currency': 'RUB', 'payment_amount': 0, 'extras_variants': [], 'extras': [], 'rate_id': 45406, 'deals': [], 'cancellation_type': 'free', 'credit_card': 0, 'bonus': 226, 'miles': 270, 'min_stay': 1, 'platichastyami': 0, 'mircashback': 451}, {'id': 965391, 'capacity': 1, 'prepayment': 'NO', 'nonrefundable': 0, 'cancellation_period': 0, 'cancellation_fee': 'NO', 'breakfast': 9, 'base_price': 4510, 'prices': [4510], 'price': 4510, 'old_price': 4510, 'currency': 'RUB', 'payment_amount': 0, 'extras_variants': [], 'extras': [], 'rate_id': 45407, 'deals': [], 'cancellation_type': 'free', 'credit_card': 0, 'bonus': 226, 'miles': 270, 'min_stay': 1, 'platichastyami': 0, 'mircashback': 451}, {'id': '965381P', 'capacity': 1, 'prepayment': 'FULL', 'nonrefundable': 0, 'cancellation_period': 0, 'cancellation_fee': 'NO', 'breakfast': 1, 'base_price': 4510, 'prices': [4510], 'price': 4510, 'old_price': 4510, 'currency': 'RUB', 'payment_amount': 4510, 'extras_variants': [], 'extras': [], 'rate_id': 45406, 'deals': [], 'cancellation_type': 'free', 'credit_card': 0, 'bonus': 226, 'miles': 270, 'min_stay': 1, 'platichastyami': 0, 'mircashback': 451}, {'id': '965391P', 'capacity': 1, 'prepayment': 'FULL', 'nonrefundable': 0, 'cancellation_period': 0, 'cancellation_fee': 'NO', 'breakfast': 9, 'base_price': 4510, 'prices': [4510], 'price': 4510, 'old_price': 4510, 'currency': 'RUB', 'payment_amount': 4510, 'extras_variants': [], 'extras': [], 'rate_id': 45407, 'deals': [], 'cancellation_type': 'free', 'credit_card': 0, 'bonus': 226, 'miles': 270, 'min_stay': 1, 'platichastyami': 0, 'mircashback': 451}]",3510.0,210,658332_101hotels,2026-08-13
2251983,,Улучшенный,2,0,0,1,Двухместный,2,2,[{'double': 1}],[],"[{'id': 608482, 'capacity': 1, 'prepayment': 'FULL', 'nonrefundable': 0, 'cancellation_period': 1, 'cancellation_fee': 'FIRST', 'breakfast': 0, 'base_price': 4950, 'prices': [4950], 'price': 4950, 'old_price': 4950, 'currency': 'RUB', 'payment_amount': 4950, 'extras_variants': [], 'extras': [], 'rate_id': 21859, 'deals': [], 'cancellation_type': 'special', 'credit_card': 1, 'bonus': 248, 'miles': 297, 'min_stay': 1, 'platichastyami': 0, 'mircashback': 495}, {'id': 965384, 'capacity': 1, 'prepayment': 'NO', 'nonrefundable': 0, 'cancellation_period': 0, 'cancellation_fee': 'NO', 'breakfast': 1, 'base_price': 5950, 'prices': [5950], 'price': 5950, 'old_price': 5950, 'currency': 'RUB', 'payment_amount': 0, 'extras_variants': [], 'extras': [], 'rate_id': 45406, 'deals': [], 'cancellation_type': 'free', 'credit_card': 0, 'bonus': 298, 'miles': 357, 'min_stay': 1, 'platichastyami': 0, 'mircashback': 595}, {'id': 965394, 'capacity': 1, 'prepayment': 'NO', 'nonrefundable': 0, 'cancellation_period': 0, 'cancellation_fee': 'NO', 'breakfast': 9, 'base_price': 5950, 'prices': [5950], 'price': 5950, 'old_price': 5950, 'currency': 'RUB', 'payment_amount': 0, 'extras_variants': [], 'extras': [], 'rate_id': 45407, 'deals': [], 'cancellation_type': 'free', 'credit_card': 0, 'bonus': 298, 'miles': 357, 'min_stay': 1, 'platichastyami': 0, 'mircashback': 595}, {'id': 608512, 'capacity': 2, 'prepayment': 'FULL', 'nonrefundable': 0, 'cancellation_period': 1, 'cancellation_fee': 'FIRST', 'breakfast': 0, 'base_price': 4950, 'prices': [4950], 'price': 4950, 'old_price': 4950, 'currency': 'RUB', 'payment_amount': 4950, 'extras_variants': [], 'extras': [], 'rate_id': 21859, 'deals': [], 'cancellation_type': 'special', 'credit_card': 1, 'bonus': 248, 'miles': 297, 'min_stay': 1, 'platichastyami': 0, 'mircashback': 495}, {'id': 965385, 'capacity': 2, 'prepayment': 'NO', 'nonrefundable': 0, 'cancellation_period': 0, 'cancellation_fee': 'NO', 'breakfast': 1, 'base_price': 6950, 'prices': [6950], 'price': 6950, 'old_price': 6950, 'currency': 'RUB', 'payment_amount': 0, 'extras_variants': [], 'extras': [], 'rate_id': 45406, 'deals': [], 'cancellation_type': 'free', 'credit_card': 0, 'bonus': 348, 'miles': 417, 'min_stay': 1, 'platichastyami': 0, 'mircashback': 695}, {'id': 965395, 'capacity': 2, 'prepayment': 'NO', 'nonrefundable': 0, 'cancellation_period': 0, 'cancellation_fee': 'NO', 'breakfast': 9, 'base_price': 6950, 'prices': [6950], 'price': 6950, 'old_price': 6950, 'currency': 'RUB', 'payment_amount': 0, 'extras_variants': [], 'extras': [], 'rate_id': 45407, 'deals': [], 'cancellation_type': 'free', 'credit_card': 0, 'bonus': 348, 'miles': 417, 'min_stay': 1, 'platichastyami': 0, 'mircashback': 695}, {'id': '965384P', 'capacity': 1, 'prepayment': 'FULL', 'nonrefundable': 0, 'cancellation_period': 0, 'cancellation_fee': 'NO', 'breakfast': 1, 'base_price': 5950, 'prices': [5950], 'price': 5950, 'old_price': 5950, 'currency': 'RUB', 'payment_amount': 5950, 'extras_variants': [], 'extras': [], 'rate_id': 45406, 'deals': [], 'cancellation_type': 'free', 'credit_card': 0, 'bonus': 298, 'miles': 357, 'min_stay': 1, 'platichastyami': 0, 'mircashback': 595}, {'id': '965394P', 'capacity': 1, 'prepayment': 'FULL', 'nonrefundable': 0, 'cancellation_period': 0, 'cancellation_fee': 'NO', 'breakfast': 9, 'base_price': 5950, 'prices': [5950], 'price': 5950, 'old_price': 5950, 'currency': 'RUB', 'payment_amount': 5950, 'extras_variants': [], 'extras': [], 'rate_id': 45407, 'deals': [], 'cancellation_type': 'free', 'credit_card': 0, 'bonus': 298, 'miles': 357, 'min_stay': 1, 'platichastyami': 0, 'mircashback': 595}, {'id': '965385P', 'capacity': 2, 'prepayment': 'FULL', 'nonrefundable': 0, 'cancellation_period': 0, 'cancellation_fee': 'NO', 'breakfast': 1, 'base_price': 6950, 'prices': [6950], 'price': 6950, 'old_price': 6950, 'currency': 'RUB', 'payment_amount': 6950, 'extras_variants': [], 'extras': [], 'rate_id': 45406, 'deals': [], 'cancellation_type': 'free', 'credit_card': 0, 'bonus': 348, 'miles': 417, 'min_stay': 1, 'platichastyami': 0, 'mircashback': 695}, {'id': '965395P', 'capacity': 2, 'prepayment': 'FULL', 'nonrefundable': 0, 'cancellation_period': 0, 'cancellation_fee': 'NO', 'breakfast': 9, 'base_price': 6950, 'prices': [6950], 'price': 6950, 'old_price': 6950, 'currency': 'RUB', 'payment_amount': 6950, 'extras_variants': [], 'extras': [], 'rate_id': 45407, 'deals': [], 'cancellation_type': 'free', 'credit_card': 0, 'bonus': 348, 'miles': 417, 'min_stay': 1, 'platichastyami': 0, 'mircashback': 695}]",4950.0,297,658332_101hotels,2026-08-13
2251984,,Студия,2,1,0,1,Двухместный,2,1,[{'double': 1}],"[{'id': '10179', 'number': '1', 'min_age': '0', 'max_age': '17', 'is_extra_bed': '0', 'extra_bed_type_id': '0'}]","[{'id': 608483, 'capacity': 1, 'prepayment': 'FULL', 'nonrefundable': 0, 'cancellation_period': 1, 'cancellation_fee': 'FIRST', 'breakfast': 0, 'base_price': 5550, 'prices': [5550], 'price': 5550, 'old_price': 5550, 'currency': 'RUB', 'payment_amount': 5550, 'extras_variants': [], 'extras': {'10179': {'id': 10179, 'number': 1, 'extra_bed_type_id': 0, 'age': [0, 17], 'extra_bed': 0, 'free': 1}}, 'rate_id': 21859, 'deals': [], 'cancellation_type': 'special', 'credit_card': 1, 'bonus': 278, 'miles': 333, 'min_stay': 1, 'platichastyami': 0, 'mircashback': 555}, {'id': 965386, 'capacity': 1, 'prepayment': 'NO', 'nonrefundable': 0, 'cancellation_period': 0, 'cancellation_fee': 'NO', 'breakfast': 1, 'base_price': 6550, 'prices': [6550], 'price': 6550, 'old_price': 6550, 'currency': 'RUB', 'payment_amount': 0, 'extras_variants': [], 'extras': {'10179': {'id': 10179, 'number': 1, 'extra_bed_type_id': 0, 'age': [0, 17], 'extra_bed': 0, 'free': 1}}, 'rate_id': 45406, 'deals': [], 'cancellation_type': 'free', 'credit_card': 0, 'bonus': 328, 'miles': 393, 'min_stay': 1, 'platichastyami': 0, 'mircashback': 655}, {'id': 965396, 'capacity': 1, 'prepayment': 'NO', 'nonrefundable': 0, 'cancellation_period': 0, 'cancellation_fee': 'NO', 'breakfast': 9, 'base_price': 6550, 'prices': [6550], 'price': 6550, 'old_price': 6550, 'currency': 'RUB', 'payment_amount': 0, 'extras_variants': [], 'extras': {'10179': {'id': 10179, 'number': 1, 'extra_bed_type_id': 0, 'age': [0, 17], 'extra_bed': 0, 'free': 1}}, 'rate_id': 45407, 'deals': [], 'cancellation_type': 'free', 'credit_card': 0, 'bonus': 328, 'miles': 393, 'min_stay': 1, 'platichastyami': 0, 'mircashback': 655}, {'id': 608513, 'capacity': 2, 'prepayment': 'FULL', 'nonrefundable': 0, 'cancellation_period': 1, 'cancellation_fee': 'FIRST', 'breakfast': 0, 'base_price': 5550, 'prices': [5550], 'price': 5550, 'old_price': 5550, 'currency': 'RUB', 'payment_amount': 5550, 'extras_variants': [], 'extras': {'10179': {'id': 10179, 'number': 1, 'extra_bed_type_id': 0, 'age': [0, 17], 'extra_bed': 0, 'free': 1}}, 'rate_id': 21859, 'deals': [], 'cancellation_type': 'special', 'credit_card': 1, 'bonus': 278, 'miles': 333, 'min_stay': 1, 'platichastyami': 0, 'mircashback': 555}, {'id': 965387, 'capacity': 2, 'prepayment': 'NO', 'nonrefundable': 0, 'cancellation_period': 0, 'cancellation_fee': 'NO', 'breakfast': 1, 'base_price': 7550, 'prices': [7550], 'price': 7550, 'old_price': 7550, 'currency': 'RUB', 'payment_amount': 0, 'extras_variants': [], 'extras': {'10179': {'id': 10179, 'number': 1, 'extra_bed_type_id': 0, 'age': [0, 17], 'extra_bed': 0, 'free': 1}}, 'rate_id': 45406, 'deals': [], 'cancellation_type': 'free', 'credit_card': 0, 'bonus': 378, 'miles': 453, 'min_stay': 1, 'platichastyami': 0, 'mircashback': 755}, {'id': 965397, 'capacity': 2, 'prepayment': 'NO', 'nonrefundable': 0, 'cancellation_period': 0, 'cancellation_fee': 'NO', 'breakfast': 9, 'base_price': 7550, 'prices': [7550], 'price': 7550, 'old_price': 7550, 'currency': 'RUB', 'payment_amount': 0, 'extras_variants': [], 'extras': {'10179': {'id': 10179, 'number': 1, 'extra_bed_type_id': 0, 'age': [0, 17], 'extra_bed': 0, 'free': 1}}, 'rate_id': 45407, 'deals': [], 'cancellation_type': 'free', 'credit_card': 0, 'bonus': 378, 'miles': 453, 'min_stay': 1, 'platichastyami': 0, 'mircashback': 755}, {'id': '965386P', 'capacity': 1, 'prepayment': 'FULL', 'nonrefundable': 0, 'cancellation_period': 0, 'cancellation_fee': 'NO', 'breakfast': 1, 'base_price': 6550, 'prices': [6550], 'price': 6550, 'old_price': 6550, 'currency': 'RUB', 'payment_amount': 6550, 'extras_variants': [], 'extras': {'10179': {'id': 10179, 'number': 1, 'extra_bed_type_id': 0, 'age': [0, 17], 'extra_bed': 0, 'free': 1}}, 'rate_id': 45406, 'deals': [], 'cancellation_type': 'free', 'credit_card': 0, 'bonus': 328, 'miles': 393, 'min_stay': 1, 'platichastyami': 0, 'mircashback': 655}, {'id': '965396P', 'capacity': 1, 'prepayment': 'FULL', 'nonrefundable': 0, 'cancellation_period': 0, 'cancellation_fee': 'NO', 'breakfast': 9, 'base_price': 6550, 'prices': [6550], 'price': 6550, 'old_price': 6550, 'currency': 'RUB', 'payment_amount': 6550, 'extras_variants': [], 'extras': {'10179': {'id': 10179, 'number': 1, 'extra_bed_type_id': 0, 'age': [0, 17], 'extra_bed': 0, 'free': 1}}, 'rate_id': 45407, 'deals': [], 'cancellation_type': 'free', 'credit_card': 0, 'bonus': 328, 'miles': 393, 'min_stay': 1, 'platichastyami': 0, 'mircashback': 655}, {'id': '965387P', 'capacity': 2, 'prepayment': 'FULL', 'nonrefundable': 0, 'cancellation_period': 0, 'cancellation_fee': 'NO', 'breakfast': 1, 'base_price': 7550, 'prices': [7550], 'price': 7550, 'old_price': 7550, 'currency': 'RUB', 'payment_amount': 7550, 'extras_variants': [], 'extras': {'10179': {'id': 10179, 'number': 1, 'extra_bed_type_id': 0, 'age': [0, 17], 'extra_bed': 0, 'free': 1}}, 'rate_id': 45406, 'deals': [], 'cancellation_type': 'free', 'credit_card': 0, 'bonus': 378, 'miles': 453, 'min_stay': 1, 'platichastyami': 0, 'mircashback': 755}, {'id': '965397P', 'capacity': 2, 'prepayment': 'FULL', 'nonrefundable': 0, 'cancellation_period': 0, 'cancellation_fee': 'NO', 'breakfast': 9, 'base_price': 7550, 'prices': [7550], 'price': 7550, 'old_price': 7550, 'currency': 'RUB', 'payment_amount': 7550, 'extras_variants': [], 'extras': {'10179': {'id': 10179, 'number': 1, 'extra_bed_type_id': 0, 'age': [0, 17], 'extra_bed': 0, 'free': 1}}, 'rate_id': 45407, 'deals': [], 'cancellation_type': 'free', 'credit_card': 0, 'bonus': 378, 'miles': 453, 'min_stay': 1, 'platichastyami': 0, 'mircashback': 755}]",5550.0,333,658332_101hotels,2026-08-13
2255148,,Номер «Стандарт +»,1,0,0,0,Одноместный,1,3,[{'single': 1}],[],"[{'id': 645872, 'capacity': 1, 'prepayment': 'FULL', 'nonrefundable': 0, 'cancellation_period': 3, 'cancellation_fee': 'FIRST', 'breakfast': 0, 'base_price': 1700, 'prices': [1700], 'price': 1700, 'old_price': 1700, 'currency': 'RUB', 'payment_amount': 1700, 'extras_variants': [], 'extras': [], 'rate_id': 24566, 'deals': [], 'cancellation_type': 'special', 'credit_card': 1, 'bonus': 85, 'miles': 102, 'min_stay': 1, 'platichastyami': 0, 'mircashback': 170}]",1700.0,102,659250_101hotels,2026-08-13
2255278,,Комфорт,1,0,0,1,Одноместный,1,1,[{'single': 1}],[],"[{'id': 645873, 'capacity': 1, 'prepayment': 'FULL', 'nonrefundable': 0, 'cancellation_period': 3, 'cancellation_fee': 'FIRST', 'breakfast': 0, 'base_price': 2700, 'prices': [2700], 'price': 2700, 'old_price': 2700, 'currency': 'RUB', 'payment_amount': 2700, 'extras_variants': [], 'extras': [], 'rate_id': 24566, 'deals': [], 'cancellation_type': 'special', 'credit_card': 1, 'bonus': 135, 'miles': 162, 'min_stay': 1, 'platichastyami': 0, 'mircashback': 270}]",2700.0,162,659250_101hotels,2026-08-13
2255279,,Номер Комфорт +,2,0,0,1,Двухместный,2,1,[{'double': 1}],[],"[{'id': 645874, 'capacity': 1, 'prepayment': 'FULL', 'nonrefundable': 0, 'cancellation_period': 3, 'cancellation_fee': 'FIRST', 'breakfast': 0, 'base_price': 3500, 'prices': [3500], 'price': 3500, 'old_price': 3500, 'currency': 'RUB', 'payment_amount': 3500, 'extras_variants': [], 'extras': [], 'rate_id': 24566, 'deals': [], 'cancellation_type': 'special', 'credit_card': 1, 'bonus': 175, 'miles': 210, 'min_stay': 1, 'platichastyami': 0, 'mircashback': 350}, {'id': 645875, 'capacity': 2, 'prepayment': 'FULL', 'nonrefundable': 0, 'cancellation_period': 3, 'cancellation_fee': 'FIRST', 'breakfast': 0, 'base_price': 3500, 'prices': [3500], 'price': 3500, 'old_price': 3500, 'currency': 'RUB', 'payment_amount': 3500, 'extras_variants': [], 'extras': [], 'rate_id': 24566, 'deals': [], 'cancellation_type': 'special', 'credit_card': 1, 'bonus': 175, 'miles': 210, 'min_stay': 1, 'platichastyami': 0, 'mircashback': 350}]",3500.0,210,659250_101hotels,2026-08-13
2255282,,Номер Эконом,4,0,1,0,Четырехместный,34,11,[{'2-tier': 1}],[],"[{'id': 645881, 'capacity': 1, 'prepayment': 'FULL', 'nonrefundable': 0, 'cancellation_period': 3, 'cancellation_fee': 'FIRST', 'breakfast': 0, 'base_price': 800, 'prices': [800], 'price': 800, 'old_price': 800, 'currency': 'RUB', 'payment_amount': 800, 'extras_variants': [], 'extras': [], 'rate_id': 24566, 'deals': [], 'cancellation_type': 'special', 'credit_card': 1, 'bonus': 40, 'miles': 48, 'min_stay': 1, 'platichastyami': 0, 'mircashback': 80}]",800.0,48,659250_101hotels,2026-08-13
2255283,,Эконом Плюс,4,0,1,0,Четырехместный,34,13,[{'2-tier': 1}],[],"[{'id': 645882, 'capacity': 1, 'prepayment': 'FULL', 'nonrefundable': 0, 'cancellation_period': 3, 'cancellation_fee': 'FIRST', 'breakfast': 0, 'base_price': 1000, 'prices': [1000], 'price': 1000, 'old_price': 1000, 'currency': 'RUB', 'payment_amount': 1000, 'extras_variants': [], 'extras': [], 'rate_id': 24566, 'deals': [], 'cancellation_type': 'special', 'credit_card': 1, 'bonus': 50, 'miles': 60, 'min_stay': 1, 'platichastyami': 0, 'mircashback': 100}]",1000.0,60,659250_101hotels,2026-08-13
2255284,,Номер Стандарт,2,0,1,0,Двухместный,2,8,[{'single': 1}],[],"[{'id': 645883, 'capacity': 1, 'prepayment': 'FULL', 'nonrefundable': 0, 'cancellation_period': 3, 'cancellation_fee': 'FIRST', 'breakfast': 0, 'base_price': 1200, 'prices': [1200], 'price': 1200, 'old_price': 1200, 'currency': 'RUB', 'payment_amount': 1200, 'extras_variants': [], 'extras': [], 'rate_id': 24566, 'deals': [], 'cancellation_type': 'special', 'credit_card': 1, 'bonus': 60, 'miles': 72, 'min_stay': 1, 'platichastyami': 0, 'mircashback': 120}, {'id': 1107258, 'capacity': 2, 'prepayment': 'FULL', 'nonrefundable': 0, 'cancellation_period': 3, 'cancellation_fee': 'FIRST', 'breakfast': 0, 'base_price': 1200, 'prices': [1200], 'price': 1200, 'old_price': 1200, 'currency': 'RUB', 'payment_amount': 1200, 'extras_variants': [], 'extras': [], 'rate_id': 24566, 'deals': [], 'cancellation_type': 'special', 'credit_card': 1, 'bonus': 60, 'miles': 72, 'min_stay': 1, 'platichastyami': 0, 'mircashback': 120}]",1200.0,72,659250_101hotels,2026-08-13
2306063,,Делюкс,2,0,0,1,Делюкс,29,2,"[{'single': 2}, {'double': 1}]",[],"[{'id': 1088916, 'capacity': 1, 'prepayment': 'FULL', 'nonrefundable': 0, 'cancellation_period': 3, 'cancellation_fee': 'FIRST', 'breakfast': 0, 'base_price': 4500, 'prices': [4500], 'price': 4500, 'old_price': 4500, 'currency': 'RUB', 'payment_amount': 4500, 'extras_variants': [], 'extras': [], 'rate_id': 24566, 'deals': [], 'cancellation_type': 'special', 'credit_card': 1, 'bonus': 225, 'miles': 270, 'min_stay': 1, 'platichastyami': 0, 'mircashback': 450}, {'id': 1088917, 'capacity': 2, 'prepayment': 'FULL', 'nonrefundable': 0, 'cancellation_period': 3, 'cancellation_fee': 'FIRST', 'breakfast': 0, 'base_price': 4500, 'prices': [4500], 'price': 4500, 'old_price': 4500, 'currency': 'RUB', 'payment_amount': 4500, 'extras_variants': [], 'extras': [], 'rate_id': 24566, 'deals': [], 'cancellation_type': 'special', 'credit_card': 1, 'bonus': 225, 'miles': 270, 'min_stay': 1, 'platichastyami': 0, 'mircashback': 450}]",4500.0,270,659250_101hotels,2026-08-13
2309063,,Делюкс +,2,0,0,1,Полулюкс,4,2,"[{'double': 1}, {'single': 2}]",[],"[{'id': 1119036, 'capacity': 1, 'prepayment': 'FULL', 'nonrefundable': 0, 'cancellation_period': 3, 'cancellation_fee': 'FIRST', 'breakfast': 0, 'base_price': 5000, 'prices': [5000], 'price': 5000, 'old_price': 5000, 'currency': 'RUB', 'payment_amount': 5000, 'extras_variants': [], 'extras': [], 'rate_id': 24566, 'deals': [], 'cancellation_type': 'special', 'credit_card': 1, 'bonus': 250, 'miles': 300, 'min_stay': 1, 'platichastyami': 0, 'mircashback': 500}, {'id': 1119037, 'capacity': 2, 'prepayment': 'FULL', 'nonrefundable': 0, 'cancellation_period': 3, 'cancellation_fee': 'FIRST', 'breakfast': 0, 'base_price': 5000, 'prices': [5000], 'price': 5000, 'old_price': 5000, 'currency': 'RUB', 'payment_amount': 5000, 'extras_variants': [], 'extras': [], 'rate_id': 24566, 'deals': [], 'cancellation_type': 'special', 'credit_card': 1, 'bonus': 250, 'miles': 300, 'min_stay': 1, 'platichastyami': 0, 'mircashback': 500}]",5000.0,300,659250_101hotels,2026-08-13
39732,,,2,1,0,1,Полулюкс,4,1,"[{'double': 1, 'sofa': 1}]",[],"[{'id': 693010, 'capacity': 1, 'prepayment': 'NO', 'nonrefundable': 0, 'cancellation_period': 0, 'cancellation_fee': 'NO', 'breakfast': 1, 'base_price': 5500, 'prices': [5500], 'price': 5500, 'old_price': 5500, 'currency': 'RUB', 'payment_amount': 0, 'extras_variants': [], 'extras': [], 'rate_id': 27897, 'deals': [], 'cancellation_type': 'free', 'credit_card': 0, 'bonus': 275, 'miles': 330, 'min_stay': 1, 'platichastyami': 0, 'mircashback': 550}, {'id': 693011, 'capacity': 2, 'prepayment': 'NO', 'nonrefundable': 0, 'cancellation_period': 0, 'cancellation_fee': 'NO', 'breakfast': 1, 'base_price': 6000, 'prices': [6000], 'price': 6000, 'old_price': 6000, 'currency': 'RUB', 'payment_amount': 0, 'extras_variants': [], 'extras': [], 'rate_id': 27897, 'deals': [], 'cancellation_type': 'free', 'credit_card': 0, 'bonus': 300, 'miles': 360, 'min_stay': 1, 'platichastyami': 0, 'mircashback': 600}]",5500.0,330,8209_101hotels,2026-08-13
39733,,,2,1,0,1,Люкс,6,1,[{'double': 1}],[],"[{'id': 693012, 'capacity': 1, 'prepayment': 'NO', 'nonrefundable': 0, 'cancellation_period': 0, 'cancellation_fee': 'NO', 'breakfast': 1, 'base_price': 6000, 'prices': [6000], 'price': 6000, 'old_price': 6000, 'currency': 'RUB', 'payment_amount': 0, 'extras_variants': [], 'extras': [], 'rate_id': 27897, 'deals': [], 'cancellation_type': 'free', 'credit_card': 0, 'bonus': 300, 'miles': 360, 'min_stay': 1, 'platichastyami': 0, 'mircashback': 600}, {'id': 693013, 'capacity': 2, 'prepayment': 'NO', 'nonrefundable': 0, 'cancellation_period': 0, 'cancellation_fee': 'NO', 'breakfast': 1, 'base_price': 6500, 'prices': [6500], 'price': 6500, 'old_price': 6500, 'currency': 'RUB', 'payment_amount': 0, 'extras_variants': [], 'extras': [], 'rate_id': 27897, 'deals': [], 'cancellation_type': 'free', 'credit_card': 0, 'bonus': 325, 'miles': 390, 'min_stay': 1, 'platichastyami': 0, 'mircashback': 650}]",6000.0,360,8209_101hotels,2026-08-13
1572222,,"Стандарт, Double",2,0,0,1,Двухместный,2,1,[{'double': 1}],[],"[{'id': 693817, 'capacity': 1, 'prepayment': 'NO', 'nonrefundable': 0, 'cancellation_period': 0, 'cancellation_fee': 'NO', 'breakfast': 1, 'base_price': 4000, 'prices': [4000], 'price': 4000, 'old_price': 4000, 'currency': 'RUB', 'payment_amount': 0, 'extras_variants': [], 'extras': [], 'rate_id': 27897, 'deals': [], 'cancellation_type': 'free', 'credit_card': 0, 'bonus': 200, 'miles': 240, 'min_stay': 1, 'platichastyami': 0, 'mircashback': 400}, {'id': 693818, 'capacity': 2, 'prepayment': 'NO', 'nonrefundable': 0, 'cancellation_period': 0, 'cancellation_fee': 'NO', 'breakfast': 1, 'base_price': 4500, 'prices': [4500], 'price': 4500, 'old_price': 4500, 'currency': 'RUB', 'payment_amount': 0, 'extras_variants': [], 'extras': [], 'rate_id': 27897, 'deals': [], 'cancellation_type': 'free', 'credit_card': 0, 'bonus': 225, 'miles': 270, 'min_stay': 1, 'platichastyami': 0, 'mircashback': 450}]",4000.0,240,8209_101hotels,2026-08-13
1572225,,"Стандарт, Twin",2,0,0,1,Двухместный,2,1,[{'single': 2}],[],"[{'id': 693819, 'capacity': 1, 'prepayment': 'NO', 'nonrefundable': 0, 'cancellation_period': 0, 'cancellation_fee': 'NO', 'breakfast': 1, 'base_price': 3800, 'prices': [3800], 'price': 3800, 'old_price': 3800, 'currency': 'RUB', 'payment_amount': 0, 'extras_variants': [], 'extras': [], 'rate_id': 27897, 'deals': [], 'cancellation_type': 'free', 'credit_card': 0, 'bonus': 190, 'miles': 228, 'min_stay': 1, 'platichastyami': 0, 'mircashback': 380}, {'id': 693820, 'capacity': 2, 'prepayment': 'NO', 'nonrefundable': 0, 'cancellation_period': 0, 'cancellation_fee': 'NO', 'breakfast': 1, 'base_price': 4500, 'prices': [4500], 'price': 4500, 'old_price': 4500, 'currency': 'RUB', 'payment_amount': 0, 'extras_variants': [], 'extras': [], 'rate_id': 27897, 'deals': [], 'cancellation_type': 'free', 'credit_card': 0, 'bonus': 225, 'miles': 270, 'min_stay': 1, 'platichastyami': 0, 'mircashback': 450}]",3800.0,228,8209_101hotels,2026-08-13
1572261,,"Делюкс, С 1 кроватью",2,0,0,1,Двухместный,2,12,[{'double': 1}],[],"[{'id': 693006, 'capacity': 1, 'prepayment': 'NO', 'nonrefundable': 0, 'cancellation_period': 0, 'cancellation_fee': 'NO', 'breakfast': 1, 'base_price': 4500, 'prices': [4500], 'price': 4500, 'old_price': 4500, 'currency': 'RUB', 'payment_amount': 0, 'extras_variants': [], 'extras': [], 'rate_id': 27897, 'deals': [], 'cancellation_type': 'free', 'credit_card': 0, 'bonus': 225, 'miles': 270, 'min_stay': 1, 'platichastyami': 0, 'mircashback': 450}, {'id': 693007, 'capacity': 2, 'prepayment': 'NO', 'nonrefundable': 0, 'cancellation_period': 0, 'cancellation_fee': 'NO', 'breakfast': 1, 'base_price': 5200, 'prices': [5200], 'price': 5200, 'old_price': 5200, 'currency': 'RUB', 'payment_amount': 0, 'extras_variants': [], 'extras': [], 'rate_id': 27897, 'deals': [], 'cancellation_type': 'free', 'credit_card': 0, 'bonus': 260, 'miles': 312, 'min_stay': 1, 'platichastyami': 0, 'mircashback': 520}]",4500.0,270,8209_101hotels,2026-08-13
1572262,,Семейный,4,0,0,1,Четырехместный,34,2,"[{'single': 2, 'double': 1}]",[],"[{'id': 693016, 'capacity': 1, 'prepayment': 'NO', 'nonrefundable': 0, 'cancellation_period': 0, 'cancellation_fee': 'NO', 'breakfast': 1, 'base_price': 6000, 'prices': [6000], 'price': 6000, 'old_price': 6000, 'currency': 'RUB', 'payment_amount': 0, 'extras_variants': [], 'extras': [], 'rate_id': 27897, 'deals': [], 'cancellation_type': 'free', 'credit_card': 0, 'bonus': 300, 'miles': 360, 'min_stay': 1, 'platichastyami': 0, 'mircashback': 600}, {'id': 693017, 'capacity': 2, 'prepayment': 'NO', 'nonrefundable': 0, 'cancellation_period': 0, 'cancellation_fee': 'NO', 'breakfast': 1, 'base_price': 6500, 'prices': [6500], 'price': 6500, 'old_price': 6500, 'currency': 'RUB', 'payment_amount': 0, 'extras_variants': [], 'extras': [], 'rate_id': 27897, 'deals': [], 'cancellation_type': 'free', 'credit_card': 0, 'bonus': 325, 'miles': 390, 'min_stay': 1, 'platichastyami': 0, 'mircashback': 650}, {'id': 693018, 'capacity': 3, 'prepayment': 'NO', 'nonrefundable': 0, 'cancellation_period': 0, 'cancellation_fee': 'NO', 'breakfast': 1, 'base_price': 7000, 'prices': [7000], 'price': 7000, 'old_price': 7000, 'currency': 'RUB', 'payment_amount': 0, 'extras_variants': [], 'extras': [], 'rate_id': 27897, 'deals': [], 'cancellation_type': 'free', 'credit_card': 0, 'bonus': 350, 'miles': 420, 'min_stay': 1, 'platichastyami': 0, 'mircashback': 700}, {'id': 693019, 'capacity': 4, 'prepayment': 'NO', 'nonrefundable': 0, 'cancellation_period': 0, 'cancellation_fee': 'NO', 'breakfast': 1, 'base_price': 8000, 'prices': [8000], 'price': 8000, 'old_price': 8000, 'currency': 'RUB', 'payment_amount': 0, 'extras_variants': [], 'extras': [], 'rate_id': 27897, 'deals': [], 'cancellation_type': 'free', 'credit_card': 0, 'bonus': 400, 'miles': 480, 'min_stay': 1, 'platichastyami': 0, 'mircashback': 800}]",6000.0,360,8209_101hotels,2026-08-13
1579299,,С 1 спальней,2,0,0,1,Люкс,6,1,[{'double': 1}],[],"[{'id': 693014, 'capacity': 1, 'prepayment': 'NO', 'nonrefundable': 0, 'cancellation_period': 0, 'cancellation_fee': 'NO', 'breakfast': 1, 'base_price': 7000, 'prices': [7000], 'price': 7000, 'old_price': 7000, 'currency': 'RUB', 'payment_amount': 0, 'extras_variants': [], 'extras': [], 'rate_id': 27897, 'deals': [], 'cancellation_type': 'free', 'credit_card': 0, 'bonus': 350, 'miles': 420, 'min_stay': 1, 'platichastyami': 0, 'mircashback': 700}, {'id': 693015, 'capacity': 2, 'prepayment': 'NO', 'nonrefundable': 0, 'cancellation_period': 0, 'cancellation_fee': 'NO', 'breakfast': 1, 'base_price': 7000, 'prices': [7000], 'price': 7000, 'old_price': 7000, 'currency': 'RUB', 'payment_amount': 0, 'extras_variants': [], 'extras': [], 'rate_id': 27897, 'deals': [], 'cancellation_type': 'free', 'credit_card': 0, 'bonus': 350, 'miles': 420, 'min_stay': 1, 'platichastyami': 0, 'mircashback': 700}]",7000.0,420,8209_101hotels,2026-08-13
2293680,,Джуниор Сьюит В,2,0,0,1,Полулюкс,4,2,"[{'double': 1, 'single': 1}]",[],"[{'id': 987488, 'capacity': 1, 'prepayment': 'FIRST', 'nonrefundable': 0, 'cancellation_period': 2, 'cancellation_fee': 'FIRST', 'breakfast': 1, 'base_price': 5900, 'prices': [5900], 'price': 5900, 'old_price': 5900, 'currency': 'RUB', 'payment_amount': 5900, 'extras_variants': [], 'extras': [], 'rate_id': 46908, 'deals': [], 'cancellation_type': 'special', 'credit_card': 1, 'bonus': 295, 'miles': 354, 'min_stay': 1, 'platichastyami': 0, 'mircashback': 590}, {'id': 1047838, 'capacity': 2, 'prepayment': 'FIRST', 'nonrefundable': 0, 'cancellation_period': 2, 'cancellation_fee': 'FIRST', 'breakfast': 1, 'base_price': 7400, 'prices': [7400], 'price': 7400, 'old_price': 7400, 'currency': 'RUB', 'payment_amount': 7400, 'extras_variants': [], 'extras': [], 'rate_id': 46908, 'deals': [], 'cancellation_type': 'special', 'credit_card': 1, 'bonus': 370, 'miles': 444, 'min_stay': 1, 'platichastyami': 0, 'mircashback': 740}]",5900.0,354,2136_101hotels,2026-08-13
2293681,,Джуниор Сьюит А,2,0,0,1,Люкс,6,1,[{'double': 1}],[],"[{'id': 987489, 'capacity': 1, 'prepayment': 'FIRST', 'nonrefundable': 0, 'cancellation_period': 2, 'cancellation_fee': 'FIRST', 'breakfast': 1, 'base_price': 6600, 'prices': [6600], 'price': 6600, 'old_price': 6600, 'currency': 'RUB', 'payment_amount': 6600, 'extras_variants': [], 'extras': [], 'rate_id': 46908, 'deals': [], 'cancellation_type': 'special', 'credit_card': 1, 'bonus': 330, 'miles': 396, 'min_stay': 1, 'platichastyami': 0, 'mircashback': 660}, {'id': 1047839, 'capacity': 2, 'prepayment': 'FIRST', 'nonrefundable': 0, 'cancellation_period': 2, 'cancellation_fee': 'FIRST', 'breakfast': 1, 'base_price': 8100, 'prices': [8100], 'price': 8100, 'old_price': 8100, 'currency': 'RUB', 'payment_amount': 8100, 'extras_variants': [], 'extras': [], 'rate_id': 46908, 'deals': [], 'cancellation_type': 'special', 'credit_card': 1, 'bonus': 405, 'miles': 486, 'min_stay': 1, 'platichastyami': 0, 'mircashback': 810}]",6600.0,396,2136_101hotels,2026-08-13
2291667,,Номер 3 с двуспальной кроватью и видом на Байкал,2,1,0,1,Семейный,44,1,"[{'double': 1, 'sofa': 1}]",[],"[{'id': 971915, 'capacity': 1, 'prepayment': 'FULL', 'nonrefundable': 0, 'cancellation_period': 0, 'cancellation_fee': 'NO', 'breakfast': 1, 'base_price': 8500, 'prices': [8500], 'price': 8500, 'old_price': 8500, 'currency': 'RUB', 'payment_amount': 8500, 'extras_variants': [], 'extras': [], 'rate_id': 45165, 'deals': [], 'cancellation_type': 'free', 'credit_card': 1, 'bonus': 425, 'miles': 510, 'min_stay': 1, 'platichastyami': 0, 'mircashback': 850}, {'id': 971916, 'capacity': 2, 'prepayment': 'FULL', 'nonrefundable': 0, 'cancellation_period': 0, 'cancellation_fee': 'NO', 'breakfast': 1, 'base_price': 8500, 'prices': [8500], 'price': 8500, 'old_price': 8500, 'currency': 'RUB', 'payment_amount': 8500, 'extras_variants': [], 'extras': [], 'rate_id': 45165, 'deals': [], 'cancellation_type': 'free', 'credit_card': 1, 'bonus': 425, 'miles': 510, 'min_stay': 1, 'platichastyami': 0, 'mircashback': 850}]",8500.0,510,10562_101hotels,2026-08-13
2291672,,Номер 6 с дополнительным спальным местом и видом на горы,3,1,0,1,Трёхместный и более,3,1,"[{'single': 3, 'sofa': 1}]",[],"[{'id': 971903, 'capacity': 1, 'prepayment': 'FULL', 'nonrefundable': 0, 'cancellation_period': 0, 'cancellation_fee': 'NO', 'breakfast': 1, 'base_price': 6600, 'prices': [6600], 'price': 6600, 'old_price': 6600, 'currency': 'RUB', 'payment_amount': 6600, 'extras_variants': [], 'extras': [], 'rate_id': 45165, 'deals': [], 'cancellation_type': 'free', 'credit_card': 1, 'bonus': 330, 'miles': 396, 'min_stay': 1, 'platichastyami': 0, 'mircashback': 660}, {'id': 971904, 'capacity': 2, 'prepayment': 'FULL', 'nonrefundable': 0, 'cancellation_period': 0, 'cancellation_fee': 'NO', 'breakfast': 1, 'base_price': 6600, 'prices': [6600], 'price': 6600, 'old_price': 6600, 'currency': 'RUB', 'payment_amount': 6600, 'extras_variants': [], 'extras': [], 'rate_id': 45165, 'deals': [], 'cancellation_type': 'free', 'credit_card': 1, 'bonus': 330, 'miles': 396, 'min_stay': 1, 'platichastyami': 0, 'mircashback': 660}, {'id': 971905, 'capacity': 3, 'prepayment': 'FULL', 'nonrefundable': 0, 'cancellation_period': 0, 'cancellation_fee': 'NO', 'breakfast': 1, 'base_price': 6600, 'prices': [6600], 'price': 6600, 'old_price': 6600, 'currency': 'RUB', 'payment_amount': 6600, 'extras_variants': [], 'extras': [], 'rate_id': 45165, 'deals': [], 'cancellation_type': 'free', 'credit_card': 1, 'bonus': 330, 'miles': 396, 'min_stay': 1, 'platichastyami': 0, 'mircashback': 660}]",6600.0,396,10562_101hotels,2026-08-13
2299775,,С,2,1,0,1,Семейный,44,1,"[{'single': 1, 'sofa': 1}]",[],"[{'id': 1036993, 'capacity': 1, 'prepayment': 'FIRST', 'nonrefundable': 0, 'cancellation_period': 0, 'cancellation_fee': 'NO', 'breakfast': 0, 'base_price': 7500, 'prices': [7500], 'price': 7500, 'old_price': 7500, 'currency': 'RUB', 'payment_amount': 7500, 'extras_variants': [], 'extras': [], 'rate_id': 47432, 'deals': [], 'cancellation_type': 'free', 'credit_card': 1, 'bonus': 375, 'miles': 450, 'min_stay': 1, 'platichastyami': 0, 'mircashback': 750}, {'id': 1036994, 'capacity': 2, 'prepayment': 'FIRST', 'nonrefundable': 0, 'cancellation_period': 0, 'cancellation_fee': 'NO', 'breakfast': 0, 'base_price': 7500, 'prices': [7500], 'price': 7500, 'old_price': 7500, 'currency': 'RUB', 'payment_amount': 7500, 'extras_variants': [], 'extras': [], 'rate_id': 47432, 'deals': [], 'cancellation_type': 'free', 'credit_card': 1, 'bonus': 375, 'miles': 450, 'min_stay': 1, 'platichastyami': 0, 'mircashback': 750}]",7500.0,450,671631_101hotels,2026-08-13
2308443,,,3,0,0,1,Семейный,44,1,"[{'double': 1}, {'sofa': 1}]",[],"[{'id': 1111184, 'capacity': 1, 'prepayment': 'FIRST', 'nonrefundable': 0, 'cancellation_period': 0, 'cancellation_fee': 'NO', 'breakfast': 0, 'base_price': 6000, 'prices': [6000], 'price': 6000, 'old_price': 6000, 'currency': 'RUB', 'payment_amount': 6000, 'extras_variants': [], 'extras': [], 'rate_id': 47432, 'deals': [], 'cancellation_type': 'free', 'credit_card': 1, 'bonus': 300, 'miles': 360, 'min_stay': 1, 'platichastyami': 0, 'mircashback': 600}, {'id': 1111185, 'capacity': 2, 'prepayment': 'FIRST', 'nonrefundable': 0, 'cancellation_period': 0, 'cancellation_fee': 'NO', 'breakfast': 0, 'base_price': 6000, 'prices': [6000], 'price': 6000, 'old_price': 6000, 'currency': 'RUB', 'payment_amount': 6000, 'extras_variants': [], 'extras': [], 'rate_id': 47432, 'deals': [], 'cancellation_type': 'free', 'credit_card': 1, 'bonus': 300, 'miles': 360, 'min_stay': 1, 'platichastyami': 0, 'mircashback': 600}, {'id': 1111186, 'capacity': 3, 'prepayment': 'FIRST', 'nonrefundable': 0, 'cancellation_period': 0, 'cancellation_fee': 'NO', 'breakfast': 0, 'base_price': 6000, 'prices': [6000], 'price': 6000, 'old_price': 6000, 'currency': 'RUB', 'payment_amount': 6000, 'extras_variants': [], 'extras': [], 'rate_id': 47432, 'deals': [], 'cancellation_type': 'free', 'credit_card': 1, 'bonus': 300, 'miles': 360, 'min_stay': 1, 'platichastyami': 0, 'mircashback': 600}]",6000.0,360,671631_101hotels,2026-08-13
2308444,,,2,0,0,1,Двухместный,2,1,[{'double': 1}],[],"[{'id': 1111187, 'capacity': 1, 'prepayment': 'FIRST', 'nonrefundable': 0, 'cancellation_period': 0, 'cancellation_fee': 'NO', 'breakfast': 0, 'base_price': 5500, 'prices': [5500], 'price': 5500, 'old_price': 5500, 'currency': 'RUB', 'payment_amount': 5500, 'extras_variants': [], 'extras': [], 'rate_id': 47432, 'deals': [], 'cancellation_type': 'free', 'credit_card': 1, 'bonus': 275, 'miles': 330, 'min_stay': 1, 'platichastyami': 0, 'mircashback': 550}, {'id': 1111188, 'capacity': 2, 'prepayment': 'FIRST', 'nonrefundable': 0, 'cancellation_period': 0, 'cancellation_fee': 'NO', 'breakfast': 0, 'base_price': 5500, 'prices': [5500], 'price': 5500, 'old_price': 5500, 'currency': 'RUB', 'payment_amount': 5500, 'extras_variants': [], 'extras': [], 'rate_id': 47432, 'deals': [], 'cancellation_type': 'free', 'credit_card': 1, 'bonus': 275, 'miles': 330, 'min_stay': 1, 'platichastyami': 0, 'mircashback': 550}]",5500.0,330,671631_101hotels,2026-08-13
61023,,С 1 кроватью или 2 отдельными кроватями,2,0,0,1,Двухместный,2,5,"[{'single': 2}, {'double': 1}]",[],"[{'id': 402732, 'capacity': 1, 'prepayment': 'FIRST', 'nonrefundable': 0, 'cancellation_period': 30, 'cancellation_fee': 'FIRST', 'breakfast': 0, 'base_price': 6500, 'prices': [6500], 'price': 6500, 'old_price': 6500, 'currency': 'RUB', 'payment_amount': 6500, 'extras_variants': [], 'extras': [], 'rate_id': 7662, 'deals': [], 'cancellation_type': 'special', 'credit_card': 1, 'bonus': 325, 'miles': 390, 'min_stay': 1, 'platichastyami': 0, 'mircashback': 650}, {'id': 402733, 'capacity': 2, 'prepayment': 'FIRST', 'nonrefundable': 0, 'cancellation_period': 30, 'cancellation_fee': 'FIRST', 'breakfast': 0, 'base_price': 6500, 'prices': [6500], 'price': 6500, 'old_price': 6500, 'currency': 'RUB', 'payment_amount': 6500, 'extras_variants': [], 'extras': [], 'rate_id': 7662, 'deals': [], 'cancellation_type': 'special', 'credit_card': 1, 'bonus': 325, 'miles': 390, 'min_stay': 1, 'platichastyami': 0, 'mircashback': 650}]",6500.0,390,10553_101hotels,2026-08-13
2218439,,С одной большой кроватью,2,1,0,1,Двухместный,2,1,[{'double': 1}],[],"[{'id': 1115728, 'capacity': 1, 'prepayment': 'FIRST', 'nonrefundable': 0, 'cancellation_period': 2, 'cancellation_fee': 'FIRST', 'breakfast': 0, 'base_price': 3500, 'prices': [3500], 'price': 3500, 'old_price': 3500, 'currency': 'RUB', 'payment_amount': 3500, 'extras_variants': [], 'extras': [], 'rate_id': 55736, 'deals': [], 'cancellation_type': 'special', 'credit_card': 1, 'bonus': 175, 'miles': 210, 'min_stay': 1, 'platichastyami': 0, 'mircashback': 350}, {'id': 1115729, 'capacity': 2, 'prepayment': 'FIRST', 'nonrefundable': 0, 'cancellation_period': 2, 'cancellation_fee': 'FIRST', 'breakfast': 0, 'base_price': 3500, 'prices': [3500], 'price': 3500, 'old_price': 3500, 'currency': 'RUB', 'payment_amount': 3500, 'extras_variants': [], 'extras': [], 'rate_id': 55736, 'deals': [], 'cancellation_type': 'special', 'credit_card': 1, 'bonus': 175, 'miles': 210, 'min_stay': 1, 'platichastyami': 0, 'mircashback': 350}]",3500.0,210,650200_101hotels,2026-08-13
2218444,,,3,1,0,1,Трехместный,37,3,[{'single': 3}],[],"[{'id': 1115738, 'capacity': 1, 'prepayment': 'FIRST', 'nonrefundable': 0, 'cancellation_period': 2, 'cancellation_fee': 'FIRST', 'breakfast': 0, 'base_price': 3800, 'prices': [3800], 'price': 3800, 'old_price': 3800, 'currency': 'RUB', 'payment_amount': 3800, 'extras_variants': [], 'extras': [], 'rate_id': 55736, 'deals': [], 'cancellation_type': 'special', 'credit_card': 1, 'bonus': 190, 'miles': 228, 'min_stay': 1, 'platichastyami': 0, 'mircashback': 380}, {'id': 1115739, 'capacity': 2, 'prepayment': 'FIRST', 'nonrefundable': 0, 'cancellation_period': 2, 'cancellation_fee': 'FIRST', 'breakfast': 0, 'base_price': 3800, 'prices': [3800], 'price': 3800, 'old_price': 3800, 'currency': 'RUB', 'payment_amount': 3800, 'extras_variants': [], 'extras': [], 'rate_id': 55736, 'deals': [], 'cancellation_type': 'special', 'credit_card': 1, 'bonus': 190, 'miles': 228, 'min_stay': 1, 'platichastyami': 0, 'mircashback': 380}, {'id': 1115740, 'capacity': 3, 'prepayment': 'FIRST', 'nonrefundable': 0, 'cancellation_period': 2, 'cancellation_fee': 'FIRST', 'breakfast': 0, 'base_price': 3800, 'prices': [3800], 'price': 3800, 'old_price': 3800, 'currency': 'RUB', 'payment_amount': 3800, 'extras_variants': [], 'extras': [], 'rate_id': 55736, 'deals': [], 'cancellation_type': 'special', 'credit_card': 1, 'bonus': 190, 'miles': 228, 'min_stay': 1, 'platichastyami': 0, 'mircashback': 380}]",3800.0,228,650200_101hotels,2026-08-13
2218445,,,3,1,0,1,Семейный,44,1,[{'single': 3}],[],"[{'id': 1115741, 'capacity': 1, 'prepayment': 'FIRST', 'nonrefundable': 0, 'cancellation_period': 2, 'cancellation_fee': 'FIRST', 'breakfast': 0, 'base_price': 3800, 'prices': [3800], 'price': 3800, 'old_price': 3800, 'currency': 'RUB', 'payment_amount': 3800, 'extras_variants': [], 'extras': [], 'rate_id': 55736, 'deals': [], 'cancellation_type': 'special', 'credit_card': 1, 'bonus': 190, 'miles': 228, 'min_stay': 1, 'platichastyami': 0, 'mircashback': 380}, {'id': 1115742, 'capacity': 2, 'prepayment': 'FIRST', 'nonrefundable': 0, 'cancellation_period': 2, 'cancellation_fee': 'FIRST', 'breakfast': 0, 'base_price': 3800, 'prices': [3800], 'price': 3800, 'old_price': 3800, 'currency': 'RUB', 'payment_amount': 3800, 'extras_variants': [], 'extras': [], 'rate_id': 55736, 'deals': [], 'cancellation_type': 'special', 'credit_card': 1, 'bonus': 190, 'miles': 228, 'min_stay': 1, 'platichastyami': 0, 'mircashback': 380}, {'id': 1115743, 'capacity': 3, 'prepayment': 'FIRST', 'nonrefundable': 0, 'cancellation_period': 2, 'cancellation_fee': 'FIRST', 'breakfast': 0, 'base_price': 3800, 'prices': [3800], 'price': 3800, 'old_price': 3800, 'currency': 'RUB', 'payment_amount': 3800, 'extras_variants': [], 'extras': [], 'rate_id': 55736, 'deals': [], 'cancellation_type': 'special', 'credit_card': 1, 'bonus': 190, 'miles': 228, 'min_stay': 1, 'platichastyami': 0, 'mircashback': 380}]",3800.0,228,650200_101hotels,2026-08-13
2218448,,,4,1,0,1,Четырехместный,34,2,[{'single': 4}],[],"[{'id': 1115734, 'capacity': 1, 'prepayment': 'FIRST', 'nonrefundable': 0, 'cancellation_period': 2, 'cancellation_fee': 'FIRST', 'breakfast': 0, 'base_price': 4500, 'prices': [4500], 'price': 4500, 'old_price': 4500, 'currency': 'RUB', 'payment_amount': 4500, 'extras_variants': [], 'extras': [], 'rate_id': 55736, 'deals': [], 'cancellation_type': 'special', 'credit_card': 1, 'bonus': 225, 'miles': 270, 'min_stay': 1, 'platichastyami': 0, 'mircashback': 450}, {'id': 1115735, 'capacity': 2, 'prepayment': 'FIRST', 'nonrefundable': 0, 'cancellation_period': 2, 'cancellation_fee': 'FIRST', 'breakfast': 0, 'base_price': 4500, 'prices': [4500], 'price': 4500, 'old_price': 4500, 'currency': 'RUB', 'payment_amount': 4500, 'extras_variants': [], 'extras': [], 'rate_id': 55736, 'deals': [], 'cancellation_type': 'special', 'credit_card': 1, 'bonus': 225, 'miles': 270, 'min_stay': 1, 'platichastyami': 0, 'mircashback': 450}, {'id': 1115736, 'capacity': 3, 'prepayment': 'FIRST', 'nonrefundable': 0, 'cancellation_period': 2, 'cancellation_fee': 'FIRST', 'breakfast': 0, 'base_price': 4500, 'prices': [4500], 'price': 4500, 'old_price': 4500, 'currency': 'RUB', 'payment_amount': 4500, 'extras_variants': [], 'extras': [], 'rate_id': 55736, 'deals': [], 'cancellation_type': 'special', 'credit_card': 1, 'bonus': 225, 'miles': 270, 'min_stay': 1, 'platichastyami': 0, 'mircashback': 450}, {'id': 1115737, 'capacity': 4, 'prepayment': 'FIRST', 'nonrefundable': 0, 'cancellation_period': 2, 'cancellation_fee': 'FIRST', 'breakfast': 0, 'base_price': 4500, 'prices': [4500], 'price': 4500, 'old_price': 4500, 'currency': 'RUB', 'payment_amount': 4500, 'extras_variants': [], 'extras': [], 'rate_id': 55736, 'deals': [], 'cancellation_type': 'special', 'credit_card': 1, 'bonus': 225, 'miles': 270, 'min_stay': 1, 'platichastyami': 0, 'mircashback': 450}]",4500.0,270,650200_101hotels,2026-08-13
1747459,,Стандартный номер с 2 кроватями размера «queen-size»,2,0,0,1,Двухместный,2,1,[{'single': 2}],[],"[{'id': 353067, 'capacity': 1, 'prepayment': 'FULL', 'nonrefundable': 0, 'cancellation_period': 3, 'cancellation_fee': 'FIRST', 'breakfast': 7, 'base_price': 7500, 'prices': [7500], 'price': 7500, 'old_price': 7500, 'currency': 'RUB', 'payment_amount': 7500, 'extras_variants': [], 'extras': [], 'rate_id': 4956, 'deals': [], 'cancellation_type': 'special', 'credit_card': 1, 'bonus': 375, 'miles': 450, 'min_stay': 1, 'platichastyami': 0, 'mircashback': 750}, {'id': 353068, 'capacity': 2, 'prepayment': 'FULL', 'nonrefundable': 0, 'cancellation_period': 3, 'cancellation_fee': 'FIRST', 'breakfast': 7, 'base_price': 7500, 'prices': [7500], 'price': 7500, 'old_price': 7500, 'currency': 'RUB', 'payment_amount': 7500, 'extras_variants': [], 'extras': [], 'rate_id': 4956, 'deals': [], 'cancellation_type': 'special', 'credit_card': 1, 'bonus': 375, 'miles': 450, 'min_stay': 1, 'platichastyami': 0, 'mircashback': 750}]",7500.0,450,514670_101hotels,2026-08-13
2246438,,,3,0,0,1,Семейный,44,3,"[{'single': 2}, {'double': 1}]","[{'id': '33321', 'number': '1', 'min_age': '0', 'max_age': '6', 'is_extra_bed': '0', 'extra_bed_type_id': '0'}]","[{'id': 869411, 'capacity': 1, 'prepayment': 'FIRST', 'nonrefundable': 0, 'cancellation_period': 0, 'cancellation_fee': 'NO', 'breakfast': 1, 'base_price': 22000, 'prices': [22000], 'price': 22000, 'old_price': 22000, 'currency': 'RUB', 'payment_amount': 22000, 'extras_variants': [], 'extras': {'33321': {'id': 33321, 'number': 1, 'extra_bed_type_id': 0, 'age': [0, 6], 'extra_bed': 0, 'free': 1}}, 'rate_id': 11082, 'deals': [], 'cancellation_type': 'free', 'credit_card': 1, 'bonus': 1100, 'miles': 1320, 'min_stay': 1, 'platichastyami': 0, 'mircashback': 2200}, {'id': 869412, 'capacity': 2, 'prepayment': 'FIRST', 'nonrefundable': 0, 'cancellation_period': 0, 'cancellation_fee': 'NO', 'breakfast': 1, 'base_price': 22000, 'prices': [22000], 'price': 22000, 'old_price': 22000, 'currency': 'RUB', 'payment_amount': 22000, 'extras_variants': [], 'extras': {'33321': {'id': 33321, 'number': 1, 'extra_bed_type_id': 0, 'age': [0, 6], 'extra_bed': 0, 'free': 1}}, 'rate_id': 11082, 'deals': [], 'cancellation_type': 'free', 'credit_card': 1, 'bonus': 1100, 'miles': 1320, 'min_stay': 1, 'platichastyami': 0, 'mircashback': 2200}, {'id': 988780, 'capacity': 3, 'prepayment': 'FIRST', 'nonrefundable': 0, 'cancellation_period': 0, 'cancellation_fee': 'NO', 'breakfast': 1, 'base_price': 24500, 'prices': [24500], 'price': 24500, 'old_price': 24500, 'currency': 'RUB', 'payment_amount': 24500, 'extras_variants': [], 'extras': {'33321': {'id': 33321, 'number': 1, 'extra_bed_type_id': 0, 'age': [0, 6], 'extra_bed': 0, 'free': 1}}, 'rate_id': 11082, 'deals': [], 'cancellation_type': 'free', 'credit_card': 1, 'bonus': 1225, 'miles': 1470, 'min_stay': 1, 'platichastyami': 0, 'mircashback': 2450}]",22000.0,1320,4324_101hotels,2026-08-13
2300904,,Double,2,0,0,1,Двухместный,2,1,[{'double': 1}],"[{'id': '33039', 'number': '1', 'min_age': '0', 'max_age': '5', 'is_extra_bed': '0', 'extra_bed_type_id': '0'}]","[{'id': 1120293, 'capacity': 1, 'prepayment': 'FIRST', 'nonrefundable': 0, 'cancellation_period': 5, 'cancellation_fee': 'FIRST', 'breakfast': 1, 'base_price': 5250, 'prices': [5250], 'price': 4725, 'old_price': 5250, 'currency': 'RUB', 'payment_amount': 5250, 'extras_variants': [], 'extras': {'33039': {'id': 33039, 'number': 1, 'extra_bed_type_id': 0, 'age': [0, 5], 'extra_bed': 0, 'free': 1}}, 'rate_id': 56079, 'deals': ['LAST_MINUTE'], 'cancellation_type': 'special', 'credit_card': 1, 'bonus': 236, 'miles': 282, 'min_stay': 1, 'platichastyami': 0, 'mircashback': 473}, {'id': 1120294, 'capacity': 2, 'prepayment': 'FIRST', 'nonrefundable': 0, 'cancellation_period': 5, 'cancellation_fee': 'FIRST', 'breakfast': 1, 'base_price': 6500, 'prices': [6500], 'price': 5850, 'old_price': 6500, 'currency': 'RUB', 'payment_amount': 6500, 'extras_variants': [], 'extras': {'33039': {'id': 33039, 'number': 1, 'extra_bed_type_id': 0, 'age': [0, 5], 'extra_bed': 0, 'free': 1}}, 'rate_id': 56079, 'deals': ['LAST_MINUTE'], 'cancellation_type': 'special', 'credit_card': 1, 'bonus': 293, 'miles': 351, 'min_stay': 1, 'platichastyami': 0, 'mircashback': 585}]",4725.0,282,652826_101hotels,2026-08-13
2290333,,Superior,2,1,0,1,Улучшенный,113,2,[{'double': 1}],"[{'id': '17343', 'number': '1', 'min_age': '0', 'max_age': '6', 'is_extra_bed': '1', 'extra_bed_type_id': '1'}]","[{'id': 972084, 'capacity': 1, 'prepayment': 'FIRST', 'nonrefundable': 1, 'cancellation_period': 0, 'cancellation_fee': 'FIRST', 'breakfast': 0, 'base_price': 10000, 'prices': [10000], 'price': 10000, 'old_price': 10000, 'currency': 'RUB', 'payment_amount': 10000, 'extras_variants': [], 'extras': {'17343': {'id': 17343, 'number': 1, 'extra_bed_type_id': 1, 'age': [0, 6], 'extra_bed': 1, 'free': 1}}, 'rate_id': 45882, 'deals': [], 'cancellation_type': 'nonrefundable', 'credit_card': 1, 'bonus': 500, 'miles': 600, 'min_stay': 1, 'platichastyami': 0, 'mircashback': 1000}, {'id': 972076, 'capacity': 1, 'prepayment': 'FIRST', 'nonrefundable': 1, 'cancellation_period': 0, 'cancellation_fee': 'FIRST', 'breakfast': 1, 'base_price': 11500, 'prices': [11500], 'price': 11500, 'old_price': 11500, 'currency': 'RUB', 'payment_amount': 11500, 'extras_variants': [], 'extras': {'17343': {'id': 17343, 'number': 1, 'extra_bed_type_id': 1, 'age': [0, 6], 'extra_bed': 1, 'free': 1}}, 'rate_id': 45028, 'deals': [], 'cancellation_type': 'nonrefundable', 'credit_card': 1, 'bonus': 575, 'miles': 690, 'min_stay': 1, 'platichastyami': 0, 'mircashback': 1150}, {'id': 972085, 'capacity': 2, 'prepayment': 'FIRST', 'nonrefundable': 1, 'cancellation_period': 0, 'cancellation_fee': 'FIRST', 'breakfast': 0, 'base_price': 9900, 'prices': [9900], 'price': 9900, 'old_price': 9900, 'currency': 'RUB', 'payment_amount': 9900, 'extras_variants': [], 'extras': {'17343': {'id': 17343, 'number': 1, 'extra_bed_type_id': 1, 'age': [0, 6], 'extra_bed': 1, 'free': 1}}, 'rate_id': 45882, 'deals': [], 'cancellation_type': 'nonrefundable', 'credit_card': 1, 'bonus': 495, 'miles': 594, 'min_stay': 1, 'platichastyami': 0, 'mircashback': 990}, {'id': 972077, 'capacity': 2, 'prepayment': 'FIRST', 'nonrefundable': 1, 'cancellation_period': 0, 'cancellation_fee': 'FIRST', 'breakfast': 1, 'base_price': 12900, 'prices': [12900], 'price': 12900, 'old_price': 12900, 'currency': 'RUB', 'payment_amount': 12900, 'extras_variants': [], 'extras': {'17343': {'id': 17343, 'number': 1, 'extra_bed_type_id': 1, 'age': [0, 6], 'extra_bed': 1, 'free': 1}}, 'rate_id': 45028, 'deals': [], 'cancellation_type': 'nonrefundable', 'credit_card': 1, 'bonus': 645, 'miles': 774, 'min_stay': 1, 'platichastyami': 0, 'mircashback': 1290}]",9900.0,594,670516_101hotels,2026-08-13
2292330,,Трехместный номер №3,3,0,0,0,Трёхместный и более,3,1,[{'single': 3}],[],"[{'id': 975357, 'capacity': 1, 'prepayment': 'FULL', 'nonrefundable': 0, 'cancellation_period': 0, 'cancellation_fee': 'NO', 'breakfast': 0, 'base_price': 6000, 'prices': [6000], 'price': 6000, 'old_price': 6000, 'currency': 'RUB', 'payment_amount': 6000, 'extras_variants': [], 'extras': [], 'rate_id': 46088, 'deals': [], 'cancellation_type': 'free', 'credit_card': 1, 'bonus': 300, 'miles': 360, 'min_stay': 1, 'platichastyami': 0, 'mircashback': 600}, {'id': 975358, 'capacity': 2, 'prepayment': 'FULL', 'nonrefundable': 0, 'cancellation_period': 0, 'cancellation_fee': 'NO', 'breakfast': 0, 'base_price': 6000, 'prices': [6000], 'price': 6000, 'old_price': 6000, 'currency': 'RUB', 'payment_amount': 6000, 'extras_variants': [], 'extras': [], 'rate_id': 46088, 'deals': [], 'cancellation_type': 'free', 'credit_card': 1, 'bonus': 300, 'miles': 360, 'min_stay': 1, 'platichastyami': 0, 'mircashback': 600}, {'id': 975359, 'capacity': 3, 'prepayment': 'FULL', 'nonrefundable': 0, 'cancellation_period': 0, 'cancellation_fee': 'NO', 'breakfast': 0, 'base_price': 6000, 'prices': [6000], 'price': 6000, 'old_price': 6000, 'currency': 'RUB', 'payment_amount': 6000, 'extras_variants': [], 'extras': [], 'rate_id': 46088, 'deals': [], 'cancellation_type': 'free', 'credit_card': 1, 'bonus': 300, 'miles': 360, 'min_stay': 1, 'platichastyami': 0, 'mircashback': 600}]",6000.0,360,10535_101hotels,2026-08-13
2292332,,Двухместный номер №31,2,0,0,1,Двухместный,2,1,[{'single': 2}],[],"[{'id': 975377, 'capacity': 1, 'prepayment': 'FULL', 'nonrefundable': 0, 'cancellation_period': 0, 'cancellation_fee': 'NO', 'breakfast': 0, 'base_price': 6000, 'prices': [6000], 'price': 6000, 'old_price': 6000, 'currency': 'RUB', 'payment_amount': 6000, 'extras_variants': [], 'extras': [], 'rate_id': 46088, 'deals': [], 'cancellation_type': 'free', 'credit_card': 1, 'bonus': 300, 'miles': 360, 'min_stay': 1, 'platichastyami': 0, 'mircashback': 600}, {'id': 975378, 'capacity': 2, 'prepayment': 'FULL', 'nonrefundable': 0, 'cancellation_period': 0, 'cancellation_fee': 'NO', 'breakfast': 0, 'base_price': 6000, 'prices': [6000], 'price': 6000, 'old_price': 6000, 'currency': 'RUB', 'payment_amount': 6000, 'extras_variants': [], 'extras': [], 'rate_id': 46088, 'deals': [], 'cancellation_type': 'free', 'credit_card': 1, 'bonus': 300, 'miles': 360, 'min_stay': 1, 'platichastyami': 0, 'mircashback': 600}]",6000.0,360,10535_101hotels,2026-08-13
2292334,,Двухместный номер №32,2,0,0,1,Двухместный,2,1,[{'single': 2}],[],"[{'id': 975379, 'capacity': 1, 'prepayment': 'FULL', 'nonrefundable': 0, 'cancellation_period': 0, 'cancellation_fee': 'NO', 'breakfast': 0, 'base_price': 6000, 'prices': [6000], 'price': 6000, 'old_price': 6000, 'currency': 'RUB', 'payment_amount': 6000, 'extras_variants': [], 'extras': [], 'rate_id': 46088, 'deals': [], 'cancellation_type': 'free', 'credit_card': 1, 'bonus': 300, 'miles': 360, 'min_stay': 1, 'platichastyami': 0, 'mircashback': 600}, {'id': 975380, 'capacity': 2, 'prepayment': 'FULL', 'nonrefundable': 0, 'cancellation_period': 0, 'cancellation_fee': 'NO', 'breakfast': 0, 'base_price': 6000, 'prices': [6000], 'price': 6000, 'old_price': 6000, 'currency': 'RUB', 'payment_amount': 6000, 'extras_variants': [], 'extras': [], 'rate_id': 46088, 'deals': [], 'cancellation_type': 'free', 'credit_card': 1, 'bonus': 300, 'miles': 360, 'min_stay': 1, 'platichastyami': 0, 'mircashback': 600}]",6000.0,360,10535_101hotels,2026-08-13
1992332,,С 2 отдельными кроватями и видом на озеро,2,0,0,1,Двухместный,2,5,[{'single': 2}],[],"[{'id': 1120394, 'capacity': 1, 'prepayment': 'FULL', 'nonrefundable': 1, 'cancellation_period': 0, 'cancellation_fee': 'FIRST', 'breakfast': 1, 'base_price': 9000, 'prices': [9000], 'price': 9000, 'old_price': 9000, 'currency': 'RUB', 'payment_amount': 9000, 'extras_variants': [], 'extras': [], 'rate_id': 56083, 'deals': [], 'cancellation_type': 'nonrefundable', 'credit_card': 1, 'bonus': 450, 'miles': 540, 'min_stay': 1, 'platichastyami': 0, 'mircashback': 900}, {'id': 1120420, 'capacity': 1, 'prepayment': 'FULL', 'nonrefundable': 1, 'cancellation_period': 0, 'cancellation_fee': 'FIRST', 'breakfast': 1, 'base_price': 9000, 'prices': [9000], 'price': 9000, 'old_price': 9000, 'currency': 'RUB', 'payment_amount': 9000, 'extras_variants': [], 'extras': [], 'rate_id': 56085, 'deals': [], 'cancellation_type': 'nonrefundable', 'credit_card': 1, 'bonus': 450, 'miles': 540, 'min_stay': 1, 'platichastyami': 0, 'mircashback': 900}, {'id': 1120429, 'capacity': 1, 'prepayment': 'FULL', 'nonrefundable': 1, 'cancellation_period': 0, 'cancellation_fee': 'FIRST', 'breakfast': 1, 'base_price': 9000, 'prices': [9000], 'price': 9000, 'old_price': 9000, 'currency': 'RUB', 'payment_amount': 9000, 'extras_variants': [], 'extras': [], 'rate_id': 56086, 'deals': [], 'cancellation_type': 'nonrefundable', 'credit_card': 1, 'bonus': 450, 'miles': 540, 'min_stay': 1, 'platichastyami': 0, 'mircashback': 900}, {'id': 1120395, 'capacity': 2, 'prepayment': 'FULL', 'nonrefundable': 1, 'cancellation_period': 0, 'cancellation_fee': 'FIRST', 'breakfast': 1, 'base_price': 9000, 'prices': [9000], 'price': 9000, 'old_price': 9000, 'currency': 'RUB', 'payment_amount': 9000, 'extras_variants': [], 'extras': [], 'rate_id': 56083, 'deals': [], 'cancellation_type': 'nonrefundable', 'credit_card': 1, 'bonus': 450, 'miles': 540, 'min_stay': 1, 'platichastyami': 0, 'mircashback': 900}, {'id': 1120421, 'capacity': 2, 'prepayment': 'FULL', 'nonrefundable': 1, 'cancellation_period': 0, 'cancellation_fee': 'FIRST', 'breakfast': 1, 'base_price': 9000, 'prices': [9000], 'price': 9000, 'old_price': 9000, 'currency': 'RUB', 'payment_amount': 9000, 'extras_variants': [], 'extras': [], 'rate_id': 56085, 'deals': [], 'cancellation_type': 'nonrefundable', 'credit_card': 1, 'bonus': 450, 'miles': 540, 'min_stay': 1, 'platichastyami': 0, 'mircashback': 900}, {'id': 1120430, 'capacity': 2, 'prepayment': 'FULL', 'nonrefundable': 1, 'cancellation_period': 0, 'cancellation_fee': 'FIRST', 'breakfast': 1, 'base_price': 9000, 'prices': [9000], 'price': 9000, 'old_price': 9000, 'currency': 'RUB', 'payment_amount': 9000, 'extras_variants': [], 'extras': [], 'rate_id': 56086, 'deals': [], 'cancellation_type': 'nonrefundable', 'credit_card': 1, 'bonus': 450, 'miles': 540, 'min_stay': 1, 'platichastyami': 0, 'mircashback': 900}]",9000.0,540,610848_101hotels,2026-08-13
1992333,,С 2 отдельными кроватями и видом на горы,2,0,0,1,Двухместный,2,16,[{'single': 2}],[],"[{'id': 1120396, 'capacity': 1, 'prepayment': 'FULL', 'nonrefundable': 1, 'cancellation_period': 0, 'cancellation_fee': 'FIRST', 'breakfast': 1, 'base_price': 9000, 'prices': [9000], 'price': 9000, 'old_price': 9000, 'currency': 'RUB', 'payment_amount': 9000, 'extras_variants': [], 'extras': [], 'rate_id': 56083, 'deals': [], 'cancellation_type': 'nonrefundable', 'credit_card': 1, 'bonus': 450, 'miles': 540, 'min_stay': 1, 'platichastyami': 0, 'mircashback': 900}, {'id': 1120422, 'capacity': 1, 'prepayment': 'FULL', 'nonrefundable': 1, 'cancellation_period': 0, 'cancellation_fee': 'FIRST', 'breakfast': 1, 'base_price': 9000, 'prices': [9000], 'price': 9000, 'old_price': 9000, 'currency': 'RUB', 'payment_amount': 9000, 'extras_variants': [], 'extras': [], 'rate_id': 56085, 'deals': [], 'cancellation_type': 'nonrefundable', 'credit_card': 1, 'bonus': 450, 'miles': 540, 'min_stay': 1, 'platichastyami': 0, 'mircashback': 900}, {'id': 1120431, 'capacity': 1, 'prepayment': 'FULL', 'nonrefundable': 1, 'cancellation_period': 0, 'cancellation_fee': 'FIRST', 'breakfast': 1, 'base_price': 9000, 'prices': [9000], 'price': 9000, 'old_price': 9000, 'currency': 'RUB', 'payment_amount': 9000, 'extras_variants': [], 'extras': [], 'rate_id': 56086, 'deals': [], 'cancellation_type': 'nonrefundable', 'credit_card': 1, 'bonus': 450, 'miles': 540, 'min_stay': 1, 'platichastyami': 0, 'mircashback': 900}, {'id': 1120397, 'capacity': 2, 'prepayment': 'FULL', 'nonrefundable': 1, 'cancellation_period': 0, 'cancellation_fee': 'FIRST', 'breakfast': 1, 'base_price': 9000, 'prices': [9000], 'price': 9000, 'old_price': 9000, 'currency': 'RUB', 'payment_amount': 9000, 'extras_variants': [], 'extras': [], 'rate_id': 56083, 'deals': [], 'cancellation_type': 'nonrefundable', 'credit_card': 1, 'bonus': 450, 'miles': 540, 'min_stay': 1, 'platichastyami': 0, 'mircashback': 900}, {'id': 1120423, 'capacity': 2, 'prepayment': 'FULL', 'nonrefundable': 1, 'cancellation_period': 0, 'cancellation_fee': 'FIRST', 'breakfast': 1, 'base_price': 9000, 'prices': [9000], 'price': 9000, 'old_price': 9000, 'currency': 'RUB', 'payment_amount': 9000, 'extras_variants': [], 'extras': [], 'rate_id': 56085, 'deals': [], 'cancellation_type': 'nonrefundable', 'credit_card': 1, 'bonus': 450, 'miles': 540, 'min_stay': 1, 'platichastyami': 0, 'mircashback': 900}, {'id': 1120432, 'capacity': 2, 'prepayment': 'FULL', 'nonrefundable': 1, 'cancellation_period': 0, 'cancellation_fee': 'FIRST', 'breakfast': 1, 'base_price': 9000, 'prices': [9000], 'price': 9000, 'old_price': 9000, 'currency': 'RUB', 'payment_amount': 9000, 'extras_variants': [], 'extras': [], 'rate_id': 56086, 'deals': [], 'cancellation_type': 'nonrefundable', 'credit_card': 1, 'bonus': 450, 'miles': 540, 'min_stay': 1, 'platichastyami': 0, 'mircashback': 900}]",9000.0,540,610848_101hotels,2026-08-13
1992334,,Люкс с видом на озеро,2,0,0,1,Сюит,27,1,[{'g-double': 1}],[],"[{'id': 1120398, 'capacity': 1, 'prepayment': 'FULL', 'nonrefundable': 1, 'cancellation_period': 0, 'cancellation_fee': 'FIRST', 'breakfast': 1, 'base_price': 21600, 'prices': [21600], 'price': 21600, 'old_price': 21600, 'currency': 'RUB', 'payment_amount': 21600, 'extras_variants': [], 'extras': [], 'rate_id': 56083, 'deals': [], 'cancellation_type': 'nonrefundable', 'credit_card': 1, 'bonus': 1080, 'miles': 1296, 'min_stay': 1, 'platichastyami': 0, 'mircashback': 2160}, {'id': 1120424, 'capacity': 1, 'prepayment': 'FULL', 'nonrefundable': 1, 'cancellation_period': 0, 'cancellation_fee': 'FIRST', 'breakfast': 1, 'base_price': 21600, 'prices': [21600], 'price': 21600, 'old_price': 21600, 'currency': 'RUB', 'payment_amount': 21600, 'extras_variants': [], 'extras': [], 'rate_id': 56085, 'deals': [], 'cancellation_type': 'nonrefundable', 'credit_card': 1, 'bonus': 1080, 'miles': 1296, 'min_stay': 1, 'platichastyami': 0, 'mircashback': 2160}, {'id': 1120433, 'capacity': 1, 'prepayment': 'FULL', 'nonrefundable': 1, 'cancellation_period': 0, 'cancellation_fee': 'FIRST', 'breakfast': 1, 'base_price': 21600, 'prices': [21600], 'price': 21600, 'old_price': 21600, 'currency': 'RUB', 'payment_amount': 21600, 'extras_variants': [], 'extras': [], 'rate_id': 56086, 'deals': [], 'cancellation_type': 'nonrefundable', 'credit_card': 1, 'bonus': 1080, 'miles': 1296, 'min_stay': 1, 'platichastyami': 0, 'mircashback': 2160}, {'id': 1120399, 'capacity': 2, 'prepayment': 'FULL', 'nonrefundable': 1, 'cancellation_period': 0, 'cancellation_fee': 'FIRST', 'breakfast': 1, 'base_price': 21600, 'prices': [21600], 'price': 21600, 'old_price': 21600, 'currency': 'RUB', 'payment_amount': 21600, 'extras_variants': [], 'extras': [], 'rate_id': 56083, 'deals': [], 'cancellation_type': 'nonrefundable', 'credit_card': 1, 'bonus': 1080, 'miles': 1296, 'min_stay': 1, 'platichastyami': 0, 'mircashback': 2160}, {'id': 1120425, 'capacity': 2, 'prepayment': 'FULL', 'nonrefundable': 1, 'cancellation_period': 0, 'cancellation_fee': 'FIRST', 'breakfast': 1, 'base_price': 21600, 'prices': [21600], 'price': 21600, 'old_price': 21600, 'currency': 'RUB', 'payment_amount': 21600, 'extras_variants': [], 'extras': [], 'rate_id': 56085, 'deals': [], 'cancellation_type': 'nonrefundable', 'credit_card': 1, 'bonus': 1080, 'miles': 1296, 'min_stay': 1, 'platichastyami': 0, 'mircashback': 2160}, {'id': 1120434, 'capacity': 2, 'prepayment': 'FULL', 'nonrefundable': 1, 'cancellation_period': 0, 'cancellation_fee': 'FIRST', 'breakfast': 1, 'base_price': 21600, 'prices': [21600], 'price': 21600, 'old_price': 21600, 'currency': 'RUB', 'payment_amount': 21600, 'extras_variants': [], 'extras': [], 'rate_id': 56086, 'deals': [], 'cancellation_type': 'nonrefundable', 'credit_card': 1, 'bonus': 1080, 'miles': 1296, 'min_stay': 1, 'platichastyami': 0, 'mircashback': 2160}]",21600.0,1296,610848_101hotels,2026-08-13
1992336,,Люкс с кроватью размера «king-size» и балконом,2,0,0,1,Сюит,27,1,"[{'single': 1}, {'g-double': 1}]",[],"[{'id': 1120400, 'capacity': 1, 'prepayment': 'FULL', 'nonrefundable': 1, 'cancellation_period': 0, 'cancellation_fee': 'FIRST', 'breakfast': 1, 'base_price': 27600, 'prices': [27600], 'price': 27600, 'old_price': 27600, 'currency': 'RUB', 'payment_amount': 27600, 'extras_variants': [], 'extras': [], 'rate_id': 56083, 'deals': [], 'cancellation_type': 'nonrefundable', 'credit_card': 1, 'bonus': 1380, 'miles': 1656, 'min_stay': 1, 'platichastyami': 0, 'mircashback': 2760}, {'id': 1120426, 'capacity': 1, 'prepayment': 'FULL', 'nonrefundable': 1, 'cancellation_period': 0, 'cancellation_fee': 'FIRST', 'breakfast': 1, 'base_price': 27600, 'prices': [27600], 'price': 27600, 'old_price': 27600, 'currency': 'RUB', 'payment_amount': 27600, 'extras_variants': [], 'extras': [], 'rate_id': 56085, 'deals': [], 'cancellation_type': 'nonrefundable', 'credit_card': 1, 'bonus': 1380, 'miles': 1656, 'min_stay': 1, 'platichastyami': 0, 'mircashback': 2760}, {'id': 1120435, 'capacity': 1, 'prepayment': 'FULL', 'nonrefundable': 1, 'cancellation_period': 0, 'cancellation_fee': 'FIRST', 'breakfast': 1, 'base_price': 27600, 'prices': [27600], 'price': 27600, 'old_price': 27600, 'currency': 'RUB', 'payment_amount': 27600, 'extras_variants': [], 'extras': [], 'rate_id': 56086, 'deals': [], 'cancellation_type': 'nonrefundable', 'credit_card': 1, 'bonus': 1380, 'miles': 1656, 'min_stay': 1, 'platichastyami': 0, 'mircashback': 2760}, {'id': 1120401, 'capacity': 2, 'prepayment': 'FULL', 'nonrefundable': 1, 'cancellation_period': 0, 'cancellation_fee': 'FIRST', 'breakfast': 1, 'base_price': 27600, 'prices': [27600], 'price': 27600, 'old_price': 27600, 'currency': 'RUB', 'payment_amount': 27600, 'extras_variants': [], 'extras': [], 'rate_id': 56083, 'deals': [], 'cancellation_type': 'nonrefundable', 'credit_card': 1, 'bonus': 1380, 'miles': 1656, 'min_stay': 1, 'platichastyami': 0, 'mircashback': 2760}, {'id': 1120427, 'capacity': 2, 'prepayment': 'FULL', 'nonrefundable': 1, 'cancellation_period': 0, 'cancellation_fee': 'FIRST', 'breakfast': 1, 'base_price': 27600, 'prices': [27600], 'price': 27600, 'old_price': 27600, 'currency': 'RUB', 'payment_amount': 27600, 'extras_variants': [], 'extras': [], 'rate_id': 56085, 'deals': [], 'cancellation_type': 'nonrefundable', 'credit_card': 1, 'bonus': 1380, 'miles': 1656, 'min_stay': 1, 'platichastyami': 0, 'mircashback': 2760}, {'id': 1120436, 'capacity': 2, 'prepayment': 'FULL', 'nonrefundable': 1, 'cancellation_period': 0, 'cancellation_fee': 'FIRST', 'breakfast': 1, 'base_price': 27600, 'prices': [27600], 'price': 27600, 'old_price': 27600, 'currency': 'RUB', 'payment_amount': 27600, 'extras_variants': [], 'extras': [], 'rate_id': 56086, 'deals': [], 'cancellation_type': 'nonrefundable', 'credit_card': 1, 'bonus': 1380, 'miles': 1656, 'min_stay': 1, 'platichastyami': 0, 'mircashback': 2760}]",27600.0,1656,610848_101hotels,2026-08-13
2258950,,Комната улучшенная с большой двуспальной кроватью и балконом,2,0,0,1,Двухместный,2,1,[{'double': 1}],[],"[{'id': 681708, 'capacity': 1, 'prepayment': 'FIRST', 'nonrefundable': 0, 'cancellation_period': 15, 'cancellation_fee': 'FIRST', 'breakfast': 0, 'base_price': 6000, 'prices': [6000], 'price': 3900, 'old_price': 6000, 'currency': 'RUB', 'payment_amount': 6000, 'extras_variants': [], 'extras': [], 'rate_id': 27145, 'deals': ['LAST_MINUTE'], 'cancellation_type': 'special', 'credit_card': 1, 'bonus': 195, 'miles': 234, 'min_stay': 1, 'platichastyami': 0, 'mircashback': 390}, {'id': 681709, 'capacity': 2, 'prepayment': 'FIRST', 'nonrefundable': 0, 'cancellation_period': 15, 'cancellation_fee': 'FIRST', 'breakfast': 0, 'base_price': 6000, 'prices': [6000], 'price': 3900, 'old_price': 6000, 'currency': 'RUB', 'payment_amount': 6000, 'extras_variants': [], 'extras': [], 'rate_id': 27145, 'deals': ['LAST_MINUTE'], 'cancellation_type': 'special', 'credit_card': 1, 'bonus': 195, 'miles': 234, 'min_stay': 1, 'platichastyami': 0, 'mircashback': 390}]",3900.0,234,660481_101hotels,2026-08-13
2253464,,Стандартный номер с двумя отдельными кроватями,2,0,0,1,Двухместный,2,1,[{'single': 2}],"[{'id': '31868', 'number': '1', 'min_age': '0', 'max_age': '5', 'is_extra_bed': '0', 'extra_bed_type_id': '0'}]","[{'id': 628906, 'capacity': 1, 'prepayment': 'FIRST', 'nonrefundable': 0, 'cancellation_period': 15, 'cancellation_fee': 'FIRST', 'breakfast': 0, 'base_price': 6000, 'prices': [6000], 'price': 5100, 'old_price': 6000, 'currency': 'RUB', 'payment_amount': 6000, 'extras_variants': [], 'extras': {'31868': {'id': 31868, 'number': 1, 'extra_bed_type_id': 0, 'age': [0, 5], 'extra_bed': 0, 'free': 1}}, 'rate_id': 23223, 'deals': ['LAST_MINUTE'], 'cancellation_type': 'special', 'credit_card': 1, 'bonus': 255, 'miles': 306, 'min_stay': 1, 'platichastyami': 0, 'mircashback': 510}, {'id': 628907, 'capacity': 2, 'prepayment': 'FIRST', 'nonrefundable': 0, 'cancellation_period': 15, 'cancellation_fee': 'FIRST', 'breakfast': 0, 'base_price': 6000, 'prices': [6000], 'price': 5100, 'old_price': 6000, 'currency': 'RUB', 'payment_amount': 6000, 'extras_variants': [], 'extras': {'31868': {'id': 31868, 'number': 1, 'extra_bed_type_id': 0, 'age': [0, 5], 'extra_bed': 0, 'free': 1}}, 'rate_id': 23223, 'deals': ['LAST_MINUTE'], 'cancellation_type': 'special', 'credit_card': 1, 'bonus': 255, 'miles': 306, 'min_stay': 1, 'platichastyami': 0, 'mircashback': 510}]",5100.0,306,659075_101hotels,2026-08-13
2253465,,Стандартный номер с двумя отдельными кроватями и видом на Байкал,2,0,0,1,Двухместный,2,1,[{'single': 2}],"[{'id': '31867', 'number': '1', 'min_age': '0', 'max_age': '5', 'is_extra_bed': '0', 'extra_bed_type_id': '0'}]","[{'id': 628908, 'capacity': 1, 'prepayment': 'FIRST', 'nonrefundable': 0, 'cancellation_period': 15, 'cancellation_fee': 'FIRST', 'breakfast': 0, 'base_price': 6500, 'prices': [6500], 'price': 5525, 'old_price': 6500, 'currency': 'RUB', 'payment_amount': 6500, 'extras_variants': [], 'extras': {'31867': {'id': 31867, 'number': 1, 'extra_bed_type_id': 0, 'age': [0, 5], 'extra_bed': 0, 'free': 1}}, 'rate_id': 23223, 'deals': ['LAST_MINUTE'], 'cancellation_type': 'special', 'credit_card': 1, 'bonus': 276, 'miles': 330, 'min_stay': 1, 'platichastyami': 0, 'mircashback': 553}, {'id': 628909, 'capacity': 2, 'prepayment': 'FIRST', 'nonrefundable': 0, 'cancellation_period': 15, 'cancellation_fee': 'FIRST', 'breakfast': 0, 'base_price': 6500, 'prices': [6500], 'price': 5525, 'old_price': 6500, 'currency': 'RUB', 'payment_amount': 6500, 'extras_variants': [], 'extras': {'31867': {'id': 31867, 'number': 1, 'extra_bed_type_id': 0, 'age': [0, 5], 'extra_bed': 0, 'free': 1}}, 'rate_id': 23223, 'deals': ['LAST_MINUTE'], 'cancellation_type': 'special', 'credit_card': 1, 'bonus': 276, 'miles': 330, 'min_stay': 1, 'platichastyami': 0, 'mircashback': 553}]",5525.0,330,659075_101hotels,2026-08-13
2253466,,Улучшенный номер с видом на Байкал,2,0,0,1,Двухместный,2,1,[{'double': 1}],"[{'id': '31865', 'number': '1', 'min_age': '0', 'max_age': '5', 'is_extra_bed': '0', 'extra_bed_type_id': '0'}]","[{'id': 628910, 'capacity': 1, 'prepayment': 'FIRST', 'nonrefundable': 0, 'cancellation_period': 15, 'cancellation_fee': 'FIRST', 'breakfast': 0, 'base_price': 7000, 'prices': [7000], 'price': 5950, 'old_price': 7000, 'currency': 'RUB', 'payment_amount': 7000, 'extras_variants': [], 'extras': {'31865': {'id': 31865, 'number': 1, 'extra_bed_type_id': 0, 'age': [0, 5], 'extra_bed': 0, 'free': 1}}, 'rate_id': 23223, 'deals': ['LAST_MINUTE'], 'cancellation_type': 'special', 'credit_card': 1, 'bonus': 298, 'miles': 357, 'min_stay': 1, 'platichastyami': 0, 'mircashback': 595}, {'id': 628911, 'capacity': 2, 'prepayment': 'FIRST', 'nonrefundable': 0, 'cancellation_period': 15, 'cancellation_fee': 'FIRST', 'breakfast': 0, 'base_price': 7000, 'prices': [7000], 'price': 5950, 'old_price': 7000, 'currency': 'RUB', 'payment_amount': 7000, 'extras_variants': [], 'extras': {'31865': {'id': 31865, 'number': 1, 'extra_bed_type_id': 0, 'age': [0, 5], 'extra_bed': 0, 'free': 1}}, 'rate_id': 23223, 'deals': ['LAST_MINUTE'], 'cancellation_type': 'special', 'credit_card': 1, 'bonus': 298, 'miles': 357, 'min_stay': 1, 'platichastyami': 0, 'mircashback': 595}]",5950.0,357,659075_101hotels,2026-08-13
61035,,Джуниор Сюит с двуспальной кроватью,2,0,0,1,Студио,5,2,[{'double': 1}],[],"[{'id': 308440, 'capacity': 1, 'prepayment': 'FULL', 'nonrefundable': 0, 'cancellation_period': 1, 'cancellation_fee': 'FIRST', 'breakfast': 1, 'base_price': 11500, 'prices': [11500], 'price': 11500, 'old_price': 11500, 'currency': 'RUB', 'payment_amount': 11500, 'extras_variants': [], 'extras': [], 'rate_id': 2749, 'deals': [], 'cancellation_type': 'special', 'credit_card': 1, 'bonus': 575, 'miles': 690, 'min_stay': 1, 'platichastyami': 0, 'mircashback': 1150}, {'id': 308441, 'capacity': 2, 'prepayment': 'FULL', 'nonrefundable': 0, 'cancellation_period': 1, 'cancellation_fee': 'FIRST', 'breakfast': 1, 'base_price': 11500, 'prices': [11500], 'price': 11500, 'old_price': 11500, 'currency': 'RUB', 'payment_amount': 11500, 'extras_variants': [], 'extras': [], 'rate_id': 2749, 'deals': [], 'cancellation_type': 'special', 'credit_card': 1, 'bonus': 575, 'miles': 690, 'min_stay': 1, 'platichastyami': 0, 'mircashback': 1150}]",11500.0,690,10556_101hotels,2026-08-13
61036,,ВИП,8,0,0,1,Коттедж,15,1,"[{'single': 4, 'double': 2}]",[],"[{'id': 308450, 'capacity': 1, 'prepayment': 'FULL', 'nonrefundable': 0, 'cancellation_period': 1, 'cancellation_fee': 'FIRST', 'breakfast': 1, 'base_price': 48000, 'prices': [48000], 'price': 48000, 'old_price': 48000, 'currency': 'RUB', 'payment_amount': 48000, 'extras_variants': [], 'extras': [], 'rate_id': 2749, 'deals': [], 'cancellation_type': 'special', 'credit_card': 1, 'bonus': 2400, 'miles': 2880, 'min_stay': 1, 'platichastyami': 0, 'mircashback': 4800}, {'id': 308451, 'capacity': 2, 'prepayment': 'FULL', 'nonrefundable': 0, 'cancellation_period': 1, 'cancellation_fee': 'FIRST', 'breakfast': 1, 'base_price': 48000, 'prices': [48000], 'price': 48000, 'old_price': 48000, 'currency': 'RUB', 'payment_amount': 48000, 'extras_variants': [], 'extras': [], 'rate_id': 2749, 'deals': [], 'cancellation_type': 'special', 'credit_card': 1, 'bonus': 2400, 'miles': 2880, 'min_stay': 1, 'platichastyami': 0, 'mircashback': 4800}, {'id': 308452, 'capacity': 3, 'prepayment': 'FULL', 'nonrefundable': 0, 'cancellation_period': 1, 'cancellation_fee': 'FIRST', 'breakfast': 1, 'base_price': 48000, 'prices': [48000], 'price': 48000, 'old_price': 48000, 'currency': 'RUB', 'payment_amount': 48000, 'extras_variants': [], 'extras': [], 'rate_id': 2749, 'deals': [], 'cancellation_type': 'special', 'credit_card': 1, 'bonus': 2400, 'miles': 2880, 'min_stay': 1, 'platichastyami': 0, 'mircashback': 4800}, {'id': 308453, 'capacity': 4, 'prepayment': 'FULL', 'nonrefundable': 0, 'cancellation_period': 1, 'cancellation_fee': 'FIRST', 'breakfast': 1, 'base_price': 48000, 'prices': [48000], 'price': 48000, 'old_price': 48000, 'currency': 'RUB', 'payment_amount': 48000, 'extras_variants': [], 'extras': [], 'rate_id': 2749, 'deals': [], 'cancellation_type': 'special', 'credit_card': 1, 'bonus': 2400, 'miles': 2880, 'min_stay': 1, 'platichastyami': 0, 'mircashback': 4800}, {'id': 308454, 'capacity': 5, 'prepayment': 'FULL', 'nonrefundable': 0, 'cancellation_period': 1, 'cancellation_fee': 'FIRST', 'breakfast': 1, 'base_price': 48000, 'prices': [48000], 'price': 48000, 'old_price': 48000, 'currency': 'RUB', 'payment_amount': 48000, 'extras_variants': [], 'extras': [], 'rate_id': 2749, 'deals': [], 'cancellation_type': 'special', 'credit_card': 1, 'bonus': 2400, 'miles': 2880, 'min_stay': 1, 'platichastyami': 0, 'mircashback': 4800}, {'id': 308455, 'capacity': 6, 'prepayment': 'FULL', 'nonrefundable': 0, 'cancellation_period': 1, 'cancellation_fee': 'FIRST', 'breakfast': 1, 'base_price': 48000, 'prices': [48000], 'price': 48000, 'old_price': 48000, 'currency': 'RUB', 'payment_amount': 48000, 'extras_variants': [], 'extras': [], 'rate_id': 2749, 'deals': [], 'cancellation_type': 'special', 'credit_card': 1, 'bonus': 2400, 'miles': 2880, 'min_stay': 1, 'platichastyami': 0, 'mircashback': 4800}, {'id': 308456, 'capacity': 7, 'prepayment': 'FULL', 'nonrefundable': 0, 'cancellation_period': 1, 'cancellation_fee': 'FIRST', 'breakfast': 1, 'base_price': 48000, 'prices': [48000], 'price': 48000, 'old_price': 48000, 'currency': 'RUB', 'payment_amount': 48000, 'extras_variants': [], 'extras': [], 'rate_id': 2749, 'deals': [], 'cancellation_type': 'special', 'credit_card': 1, 'bonus': 2400, 'miles': 2880, 'min_stay': 1, 'platichastyami': 0, 'mircashback': 4800}, {'id': 308457, 'capacity': 8, 'prepayment': 'FULL', 'nonrefundable': 0, 'cancellation_period': 1, 'cancellation_fee': 'FIRST', 'breakfast': 1, 'base_price': 48000, 'prices': [48000], 'price': 48000, 'old_price': 48000, 'currency': 'RUB', 'payment_amount': 48000, 'extras_variants': [], 'extras': [], 'rate_id': 2749, 'deals': [], 'cancellation_type': 'special', 'credit_card': 1, 'bonus': 2400, 'miles': 2880, 'min_stay': 1, 'platichastyami': 0, 'mircashback': 4800}]",48000.0,2880,10556_101hotels,2026-08-13
61037,,Стандарт с 2 отдельными кроватями (без вида),2,0,0,1,Двухместный,2,4,[{'single': 2}],[],"[{'id': 308434, 'capacity': 1, 'prepayment': 'FULL', 'nonrefundable': 0, 'cancellation_period': 1, 'cancellation_fee': 'FIRST', 'breakfast': 1, 'base_price': 9500, 'prices': [9500], 'price': 9500, 'old_price': 9500, 'currency': 'RUB', 'payment_amount': 9500, 'extras_variants': [], 'extras': [], 'rate_id': 2749, 'deals': [], 'cancellation_type': 'special', 'credit_card': 1, 'bonus': 475, 'miles': 570, 'min_stay': 1, 'platichastyami': 0, 'mircashback': 950}, {'id': 308435, 'capacity': 2, 'prepayment': 'FULL', 'nonrefundable': 0, 'cancellation_period': 1, 'cancellation_fee': 'FIRST', 'breakfast': 1, 'base_price': 9500, 'prices': [9500], 'price': 9500, 'old_price': 9500, 'currency': 'RUB', 'payment_amount': 9500, 'extras_variants': [], 'extras': [], 'rate_id': 2749, 'deals': [], 'cancellation_type': 'special', 'credit_card': 1, 'bonus': 475, 'miles': 570, 'min_stay': 1, 'platichastyami': 0, 'mircashback': 950}]",9500.0,570,10556_101hotels,2026-08-13
61038,,Люкс с двуспальной кроватью,2,0,0,1,Сюит,27,4,[{'double': 1}],[],"[{'id': 308444, 'capacity': 1, 'prepayment': 'FULL', 'nonrefundable': 0, 'cancellation_period': 1, 'cancellation_fee': 'FIRST', 'breakfast': 1, 'base_price': 13500, 'prices': [13500], 'price': 13500, 'old_price': 13500, 'currency': 'RUB', 'payment_amount': 13500, 'extras_variants': [], 'extras': [], 'rate_id': 2749, 'deals': [], 'cancellation_type': 'special', 'credit_card': 1, 'bonus': 675, 'miles': 810, 'min_stay': 1, 'platichastyami': 0, 'mircashback': 1350}, {'id': 308445, 'capacity': 2, 'prepayment': 'FULL', 'nonrefundable': 0, 'cancellation_period': 1, 'cancellation_fee': 'FIRST', 'breakfast': 1, 'base_price': 13500, 'prices': [13500], 'price': 13500, 'old_price': 13500, 'currency': 'RUB', 'payment_amount': 13500, 'extras_variants': [], 'extras': [], 'rate_id': 2749, 'deals': [], 'cancellation_type': 'special', 'credit_card': 1, 'bonus': 675, 'miles': 810, 'min_stay': 1, 'platichastyami': 0, 'mircashback': 1350}]",13500.0,810,10556_101hotels,2026-08-13
1281575,,Улучшенный стандарт,2,0,0,1,Двухместный,2,24,[{'single': 2}],[],"[{'id': 308436, 'capacity': 1, 'prepayment': 'FULL', 'nonrefundable': 0, 'cancellation_period': 1, 'cancellation_fee': 'FIRST', 'breakfast': 1, 'base_price': 10900, 'prices': [10900], 'price': 10900, 'old_price': 10900, 'currency': 'RUB', 'payment_amount': 10900, 'extras_variants': [], 'extras': [], 'rate_id': 2749, 'deals': [], 'cancellation_type': 'special', 'credit_card': 1, 'bonus': 545, 'miles': 654, 'min_stay': 1, 'platichastyami': 0, 'mircashback': 1090}, {'id': 308437, 'capacity': 2, 'prepayment': 'FULL', 'nonrefundable': 0, 'cancellation_period': 1, 'cancellation_fee': 'FIRST', 'breakfast': 1, 'base_price': 10900, 'prices': [10900], 'price': 10900, 'old_price': 10900, 'currency': 'RUB', 'payment_amount': 10900, 'extras_variants': [], 'extras': [], 'rate_id': 2749, 'deals': [], 'cancellation_type': 'special', 'credit_card': 1, 'bonus': 545, 'miles': 654, 'min_stay': 1, 'platichastyami': 0, 'mircashback': 1090}]",10900.0,654,10556_101hotels,2026-08-13
1281578,,Двухкомнатный с 2 раздельными кроватями и 1 большой кроватью (без вида),4,0,0,1,Четырехместный,34,1,"[{'single': 2, 'double': 1}]",[],"[{'id': 308446, 'capacity': 1, 'prepayment': 'FULL', 'nonrefundable': 0, 'cancellation_period': 1, 'cancellation_fee': 'FIRST', 'breakfast': 1, 'base_price': 17000, 'prices': [17000], 'price': 17000, 'old_price': 17000, 'currency': 'RUB', 'payment_amount': 17000, 'extras_variants': [], 'extras': [], 'rate_id': 2749, 'deals': [], 'cancellation_type': 'special', 'credit_card': 1, 'bonus': 850, 'miles': 1020, 'min_stay': 1, 'platichastyami': 0, 'mircashback': 1700}, {'id': 308447, 'capacity': 2, 'prepayment': 'FULL', 'nonrefundable': 0, 'cancellation_period': 1, 'cancellation_fee': 'FIRST', 'breakfast': 1, 'base_price': 17000, 'prices': [17000], 'price': 17000, 'old_price': 17000, 'currency': 'RUB', 'payment_amount': 17000, 'extras_variants': [], 'extras': [], 'rate_id': 2749, 'deals': [], 'cancellation_type': 'special', 'credit_card': 1, 'bonus': 850, 'miles': 1020, 'min_stay': 1, 'platichastyami': 0, 'mircashback': 1700}, {'id': 308448, 'capacity': 3, 'prepayment': 'FULL', 'nonrefundable': 0, 'cancellation_period': 1, 'cancellation_fee': 'FIRST', 'breakfast': 1, 'base_price': 17000, 'prices': [17000], 'price': 17000, 'old_price': 17000, 'currency': 'RUB', 'payment_amount': 17000, 'extras_variants': [], 'extras': [], 'rate_id': 2749, 'deals': [], 'cancellation_type': 'special', 'credit_card': 1, 'bonus': 850, 'miles': 1020, 'min_stay': 1, 'platichastyami': 0, 'mircashback': 1700}, {'id': 308449, 'capacity': 4, 'prepayment': 'FULL', 'nonrefundable': 0, 'cancellation_period': 1, 'cancellation_fee': 'FIRST', 'breakfast': 1, 'base_price': 17000, 'prices': [17000], 'price': 17000, 'old_price': 17000, 'currency': 'RUB', 'payment_amount': 17000, 'extras_variants': [], 'extras': [], 'rate_id': 2749, 'deals': [], 'cancellation_type': 'special', 'credit_card': 1, 'bonus': 850, 'miles': 1020, 'min_stay': 1, 'platichastyami': 0, 'mircashback': 1700}]",17000.0,1020,10556_101hotels,2026-08-13
2316526,,Джуниор Сюит с раздельными кроватями,2,0,0,1,Студио,5,11,[{'single': 2}],[],"[{'id': 1189267, 'capacity': 1, 'prepayment': 'FULL', 'nonrefundable': 0, 'cancellation_period': 1, 'cancellation_fee': 'FIRST', 'breakfast': 1, 'base_price': 11500, 'prices': [11500], 'price': 11500, 'old_price': 11500, 'currency': 'RUB', 'payment_amount': 11500, 'extras_variants': [], 'extras': [], 'rate_id': 2749, 'deals': [], 'cancellation_type': 'special', 'credit_card': 1, 'bonus': 575, 'miles': 690, 'min_stay': 1, 'platichastyami': 0, 'mircashback': 1150}, {'id': 1189268, 'capacity': 2, 'prepayment': 'FULL', 'nonrefundable': 0, 'cancellation_period': 1, 'cancellation_fee': 'FIRST', 'breakfast': 1, 'base_price': 11500, 'prices': [11500], 'price': 11500, 'old_price': 11500, 'currency': 'RUB', 'payment_amount': 11500, 'extras_variants': [], 'extras': [], 'rate_id': 2749, 'deals': [], 'cancellation_type': 'special', 'credit_card': 1, 'bonus': 575, 'miles': 690, 'min_stay': 1, 'platichastyami': 0, 'mircashback': 1150}]",11500.0,690,10556_101hotels,2026-08-13
2316527,,Люкс с раздельными кроватями,2,0,0,1,Сюит,27,2,[{'single': 2}],[],"[{'id': 1189269, 'capacity': 1, 'prepayment': 'FULL', 'nonrefundable': 0, 'cancellation_period': 1, 'cancellation_fee': 'FIRST', 'breakfast': 1, 'base_price': 13500, 'prices': [13500], 'price': 13500, 'old_price': 13500, 'currency': 'RUB', 'payment_amount': 13500, 'extras_variants': [], 'extras': [], 'rate_id': 2749, 'deals': [], 'cancellation_type': 'special', 'credit_card': 1, 'bonus': 675, 'miles': 810, 'min_stay': 1, 'platichastyami': 0, 'mircashback': 1350}, {'id': 1189270, 'capacity': 2, 'prepayment': 'FULL', 'nonrefundable': 0, 'cancellation_period': 1, 'cancellation_fee': 'FIRST', 'breakfast': 1, 'base_price': 13500, 'prices': [13500], 'price': 13500, 'old_price': 13500, 'currency': 'RUB', 'payment_amount': 13500, 'extras_variants': [], 'extras': [], 'rate_id': 2749, 'deals': [], 'cancellation_type': 'special', 'credit_card': 1, 'bonus': 675, 'miles': 810, 'min_stay': 1, 'platichastyami': 0, 'mircashback': 1350}]",13500.0,810,10556_101hotels,2026-08-13
79510,,Номер с 2 отдельными кроватями и душем,2,0,0,1,Двухместный,2,5,[{'single': 2}],[],"[{'id': 403796, 'capacity': 1, 'prepayment': 'NO', 'nonrefundable': 0, 'cancellation_period': 0, 'cancellation_fee': 'NO', 'breakfast': 0, 'base_price': 7300, 'prices': [7300], 'price': 7300, 'old_price': 7300, 'currency': 'RUB', 'payment_amount': 0, 'extras_variants': [], 'extras': [], 'rate_id': 7725, 'deals': [], 'cancellation_type': 'free', 'credit_card': 0, 'bonus': 365, 'miles': 438, 'min_stay': 1, 'platichastyami': 0, 'mircashback': 730}, {'id': 403797, 'capacity': 2, 'prepayment': 'NO', 'nonrefundable': 0, 'cancellation_period': 0, 'cancellation_fee': 'NO', 'breakfast': 0, 'base_price': 7300, 'prices': [7300], 'price': 7300, 'old_price': 7300, 'currency': 'RUB', 'payment_amount': 0, 'extras_variants': [], 'extras': [], 'rate_id': 7725, 'deals': [], 'cancellation_type': 'free', 'credit_card': 0, 'bonus': 365, 'miles': 438, 'min_stay': 1, 'platichastyami': 0, 'mircashback': 730}]",7300.0,438,15486_101hotels,2026-08-13
2208004,,Улучшенный номер с 2 отдельными кроватями и видом на море,2,0,0,1,Двухместный,2,2,[{'single': 2}],[],"[{'id': 403798, 'capacity': 1, 'prepayment': 'NO', 'nonrefundable': 0, 'cancellation_period': 0, 'cancellation_fee': 'NO', 'breakfast': 0, 'base_price': 7100, 'prices': [7100], 'price': 7100, 'old_price': 7100, 'currency': 'RUB', 'payment_amount': 0, 'extras_variants': [], 'extras': [], 'rate_id': 7725, 'deals': [], 'cancellation_type': 'free', 'credit_card': 0, 'bonus': 355, 'miles': 426, 'min_stay': 1, 'platichastyami': 0, 'mircashback': 710}, {'id': 403799, 'capacity': 2, 'prepayment': 'NO', 'nonrefundable': 0, 'cancellation_period': 0, 'cancellation_fee': 'NO', 'breakfast': 0, 'base_price': 7100, 'prices': [7100], 'price': 7100, 'old_price': 7100, 'currency': 'RUB', 'payment_amount': 0, 'extras_variants': [], 'extras': [], 'rate_id': 7725, 'deals': [], 'cancellation_type': 'free', 'credit_card': 0, 'bonus': 355, 'miles': 426, 'min_stay': 1, 'platichastyami': 0, 'mircashback': 710}]",7100.0,426,15486_101hotels,2026-08-13
2017249,,С 2 отдельными кроватями,2,0,0,1,Двухместный,2,1,[{'single': 2}],"[{'id': '33790', 'number': '2', 'min_age': '0', 'max_age': '3', 'is_extra_bed': '0', 'extra_bed_type_id': '0'}]","[{'id': 931022, 'capacity': 1, 'prepayment': 'FIRST', 'nonrefundable': 1, 'cancellation_period': 0, 'cancellation_fee': 'FIRST', 'breakfast': 0, 'base_price': 5500, 'prices': [5500], 'price': 5500, 'old_price': 5500, 'currency': 'RUB', 'payment_amount': 5500, 'extras_variants': [], 'extras': {'33790': {'id': 33790, 'number': 2, 'extra_bed_type_id': 0, 'age': [0, 3], 'extra_bed': 0, 'free': 1}}, 'rate_id': 43034, 'deals': [], 'cancellation_type': 'nonrefundable', 'credit_card': 1, 'bonus': 275, 'miles': 330, 'min_stay': 1, 'platichastyami': 0, 'mircashback': 550}, {'id': 931023, 'capacity': 2, 'prepayment': 'FIRST', 'nonrefundable': 1, 'cancellation_period': 0, 'cancellation_fee': 'FIRST', 'breakfast': 0, 'base_price': 5500, 'prices': [5500], 'price': 5500, 'old_price': 5500, 'currency': 'RUB', 'payment_amount': 5500, 'extras_variants': [], 'extras': {'33790': {'id': 33790, 'number': 2, 'extra_bed_type_id': 0, 'age': [0, 3], 'extra_bed': 0, 'free': 1}}, 'rate_id': 43034, 'deals': [], 'cancellation_type': 'nonrefundable', 'credit_card': 1, 'bonus': 275, 'miles': 330, 'min_stay': 1, 'platichastyami': 0, 'mircashback': 550}]",5500.0,330,625719_101hotels,2026-08-13
2220395,,1 с видом на Байкал,2,2,0,1,Делюкс,29,1,[{'double': 1}],"[{'id': '33786', 'number': '2', 'min_age': '0', 'max_age': '3', 'is_extra_bed': '0', 'extra_bed_type_id': '0'}]","[{'id': 931034, 'capacity': 1, 'prepayment': 'FIRST', 'nonrefundable': 1, 'cancellation_period': 0, 'cancellation_fee': 'FIRST', 'breakfast': 0, 'base_price': 6500, 'prices': [6500], 'price': 6500, 'old_price': 6500, 'currency': 'RUB', 'payment_amount': 6500, 'extras_variants': [], 'extras': {'33786': {'id': 33786, 'number': 2, 'extra_bed_type_id': 0, 'age': [0, 3], 'extra_bed': 0, 'free': 1}}, 'rate_id': 43034, 'deals': [], 'cancellation_type': 'nonrefundable', 'credit_card': 1, 'bonus': 325, 'miles': 390, 'min_stay': 1, 'platichastyami': 0, 'mircashback': 650}, {'id': 931035, 'capacity': 2, 'prepayment': 'FIRST', 'nonrefundable': 1, 'cancellation_period': 0, 'cancellation_fee': 'FIRST', 'breakfast': 0, 'base_price': 6500, 'prices': [6500], 'price': 6500, 'old_price': 6500, 'currency': 'RUB', 'payment_amount': 6500, 'extras_variants': [], 'extras': {'33786': {'id': 33786, 'number': 2, 'extra_bed_type_id': 0, 'age': [0, 3], 'extra_bed': 0, 'free': 1}}, 'rate_id': 43034, 'deals': [], 'cancellation_type': 'nonrefundable', 'credit_card': 1, 'bonus': 325, 'miles': 390, 'min_stay': 1, 'platichastyami': 0, 'mircashback': 650}]",6500.0,390,625719_101hotels,2026-08-13
2220530,,2 с видом на горы,2,2,0,1,Делюкс,29,1,"[{'single': 1, 'double': 1}]","[{'id': '33788', 'number': '2', 'min_age': '0', 'max_age': '3', 'is_extra_bed': '0', 'extra_bed_type_id': '0'}]","[{'id': 931036, 'capacity': 1, 'prepayment': 'FIRST', 'nonrefundable': 1, 'cancellation_period': 0, 'cancellation_fee': 'FIRST', 'breakfast': 0, 'base_price': 6500, 'prices': [6500], 'price': 6500, 'old_price': 6500, 'currency': 'RUB', 'payment_amount': 6500, 'extras_variants': [], 'extras': {'33788': {'id': 33788, 'number': 2, 'extra_bed_type_id': 0, 'age': [0, 3], 'extra_bed': 0, 'free': 1}}, 'rate_id': 43034, 'deals': [], 'cancellation_type': 'nonrefundable', 'credit_card': 1, 'bonus': 325, 'miles': 390, 'min_stay': 1, 'platichastyami': 0, 'mircashback': 650}, {'id': 931037, 'capacity': 2, 'prepayment': 'FIRST', 'nonrefundable': 1, 'cancellation_period': 0, 'cancellation_fee': 'FIRST', 'breakfast': 0, 'base_price': 6500, 'prices': [6500], 'price': 6500, 'old_price': 6500, 'currency': 'RUB', 'payment_amount': 6500, 'extras_variants': [], 'extras': {'33788': {'id': 33788, 'number': 2, 'extra_bed_type_id': 0, 'age': [0, 3], 'extra_bed': 0, 'free': 1}}, 'rate_id': 43034, 'deals': [], 'cancellation_type': 'nonrefundable', 'credit_card': 1, 'bonus': 325, 'miles': 390, 'min_stay': 1, 'platichastyami': 0, 'mircashback': 650}]",6500.0,390,625719_101hotels,2026-08-13
1311622,,Стандарт,2,0,0,1,Двухместный,2,1,[{'double': 1}],[],"[{'id': 493673, 'capacity': 1, 'prepayment': 'FIRST', 'nonrefundable': 0, 'cancellation_period': 3, 'cancellation_fee': 'FIRST', 'breakfast': 1, 'base_price': 7800, 'prices': [7800], 'price': 7800, 'old_price': 7800, 'currency': 'RUB', 'payment_amount': 7800, 'extras_variants': [], 'extras': [], 'rate_id': 13904, 'deals': [], 'cancellation_type': 'special', 'credit_card': 1, 'bonus': 390, 'miles': 468, 'min_stay': 1, 'platichastyami': 0, 'mircashback': 780}, {'id': 493674, 'capacity': 2, 'prepayment': 'FIRST', 'nonrefundable': 0, 'cancellation_period': 3, 'cancellation_fee': 'FIRST', 'breakfast': 1, 'base_price': 8800, 'prices': [8800], 'price': 8800, 'old_price': 8800, 'currency': 'RUB', 'payment_amount': 8800, 'extras_variants': [], 'extras': [], 'rate_id': 13904, 'deals': [], 'cancellation_type': 'special', 'credit_card': 1, 'bonus': 440, 'miles': 528, 'min_stay': 1, 'platichastyami': 0, 'mircashback': 880}]",7800.0,468,411742_101hotels,2026-08-13
1311624,,Стандарт улучшенный,2,1,0,1,Двухместный,2,2,"[{'single': 2}, {'double': 1}]","[{'id': '41933', 'number': '1', 'min_age': '0', 'max_age': '2', 'is_extra_bed': '1', 'extra_bed_type_id': '4'}]","[{'id': 493677, 'capacity': 1, 'prepayment': 'FIRST', 'nonrefundable': 0, 'cancellation_period': 3, 'cancellation_fee': 'FIRST', 'breakfast': 1, 'base_price': 8800, 'prices': [8800], 'price': 8800, 'old_price': 8800, 'currency': 'RUB', 'payment_amount': 8800, 'extras_variants': [], 'extras': {'41933': {'id': 41933, 'number': 1, 'extra_bed_type_id': 4, 'age': [0, 2], 'extra_bed': 1, 'free': 1}}, 'rate_id': 13904, 'deals': [], 'cancellation_type': 'special', 'credit_card': 1, 'bonus': 440, 'miles': 528, 'min_stay': 1, 'platichastyami': 0, 'mircashback': 880}, {'id': 493678, 'capacity': 2, 'prepayment': 'FIRST', 'nonrefundable': 0, 'cancellation_period': 3, 'cancellation_fee': 'FIRST', 'breakfast': 1, 'base_price': 9800, 'prices': [9800], 'price': 9800, 'old_price': 9800, 'currency': 'RUB', 'payment_amount': 9800, 'extras_variants': [], 'extras': {'41933': {'id': 41933, 'number': 1, 'extra_bed_type_id': 4, 'age': [0, 2], 'extra_bed': 1, 'free': 1}}, 'rate_id': 13904, 'deals': [], 'cancellation_type': 'special', 'credit_card': 1, 'bonus': 490, 'miles': 588, 'min_stay': 1, 'platichastyami': 0, 'mircashback': 980}]",8800.0,528,411742_101hotels,2026-08-13
2278075,,"Номер высшей категории ""Джуниор Сюит""  - Премиальный",2,2,0,1,Полулюкс,4,1,"[{'single': 2}, {'double': 1}]",[],"[{'id': 835105, 'capacity': 1, 'prepayment': 'FIRST', 'nonrefundable': 0, 'cancellation_period': 3, 'cancellation_fee': 'FIRST', 'breakfast': 1, 'base_price': 19500, 'prices': [19500], 'price': 19500, 'old_price': 19500, 'currency': 'RUB', 'payment_amount': 19500, 'extras_variants': [], 'extras': [], 'rate_id': 13904, 'deals': [], 'cancellation_type': 'special', 'credit_card': 1, 'bonus': 975, 'miles': 1170, 'min_stay': 1, 'platichastyami': 0, 'mircashback': 1950}, {'id': 835106, 'capacity': 2, 'prepayment': 'FIRST', 'nonrefundable': 0, 'cancellation_period': 3, 'cancellation_fee': 'FIRST', 'breakfast': 1, 'base_price': 19500, 'prices': [19500], 'price': 19500, 'old_price': 19500, 'currency': 'RUB', 'payment_amount': 19500, 'extras_variants': [], 'extras': [], 'rate_id': 13904, 'deals': [], 'cancellation_type': 'special', 'credit_card': 1, 'bonus': 975, 'miles': 1170, 'min_stay': 1, 'platichastyami': 0, 'mircashback': 1950}]",19500.0,1170,411742_101hotels,2026-08-13
5692,,Стандарт с видом,1,0,0,1,Одноместный,1,1,[{'single': 1}],[],"[{'id': 1031129, 'capacity': 1, 'prepayment': 'FULL', 'nonrefundable': 0, 'cancellation_period': 1, 'cancellation_fee': 'FIRST', 'breakfast': 0, 'base_price': 9100, 'prices': [9100], 'price': 9100, 'old_price': 9100, 'currency': 'RUB', 'payment_amount': 9100, 'extras_variants': [], 'extras': [], 'rate_id': 49936, 'deals': [], 'cancellation_type': 'special', 'credit_card': 1, 'bonus': 455, 'miles': 546, 'min_stay': 1, 'platichastyami': 0, 'mircashback': 910}, {'id': 1229228, 'capacity': 1, 'prepayment': 'FULL', 'nonrefundable': 0, 'cancellation_period': 1, 'cancellation_fee': 'FIRST', 'breakfast': 1, 'base_price': 10780, 'prices': [10780], 'price': 10780, 'old_price': 10780, 'currency': 'RUB', 'payment_amount': 10780, 'extras_variants': [], 'extras': [], 'rate_id': 63272, 'deals': [], 'cancellation_type': 'special', 'credit_card': 1, 'bonus': 539, 'miles': 645, 'min_stay': 1, 'platichastyami': 0, 'mircashback': 1078}]",9100.0,546,219_101hotels,2026-08-13
5694,,Стандарт,2,1,0,1,Двухместный,2,3,[{'single': 2}],"[{'id': '49342', 'number': '1', 'min_age': '0', 'max_age': '14', 'is_extra_bed': '1', 'extra_bed_type_id': '3'}]","[{'id': 1031131, 'capacity': 1, 'prepayment': 'FULL', 'nonrefundable': 0, 'cancellation_period': 1, 'cancellation_fee': 'FIRST', 'breakfast': 0, 'base_price': 12700, 'prices': [12700], 'price': 12700, 'old_price': 12700, 'currency': 'RUB', 'payment_amount': 12700, 'extras_variants': [], 'extras': {'49342': {'id': 49342, 'number': 1, 'extra_bed_type_id': 3, 'age': [0, 14], 'extra_bed': 1, 'free': 1}}, 'rate_id': 49936, 'deals': [], 'cancellation_type': 'special', 'credit_card': 1, 'bonus': 635, 'miles': 762, 'min_stay': 1, 'platichastyami': 0, 'mircashback': 1270}, {'id': 1229222, 'capacity': 1, 'prepayment': 'FULL', 'nonrefundable': 0, 'cancellation_period': 1, 'cancellation_fee': 'FIRST', 'breakfast': 1, 'base_price': 14380, 'prices': [14380], 'price': 14380, 'old_price': 14380, 'currency': 'RUB', 'payment_amount': 14380, 'extras_variants': [], 'extras': {'49342': {'id': 49342, 'number': 1, 'extra_bed_type_id': 3, 'age': [0, 14], 'extra_bed': 1, 'free': 1}}, 'rate_id': 63272, 'deals': [], 'cancellation_type': 'special', 'credit_card': 1, 'bonus': 719, 'miles': 861, 'min_stay': 1, 'platichastyami': 0, 'mircashback': 1438}, {'id': 1031132, 'capacity': 2, 'prepayment': 'FULL', 'nonrefundable': 0, 'cancellation_period': 1, 'cancellation_fee': 'FIRST', 'breakfast': 0, 'base_price': 13300, 'prices': [13300], 'price': 13300, 'old_price': 13300, 'currency': 'RUB', 'payment_amount': 13300, 'extras_variants': [], 'extras': {'49342': {'id': 49342, 'number': 1, 'extra_bed_type_id': 3, 'age': [0, 14], 'extra_bed': 1, 'free': 1}}, 'rate_id': 49936, 'deals': [], 'cancellation_type': 'special', 'credit_card': 1, 'bonus': 665, 'miles': 798, 'min_stay': 1, 'platichastyami': 0, 'mircashback': 1330}, {'id': 1229223, 'capacity': 2, 'prepayment': 'FULL', 'nonrefundable': 0, 'cancellation_period': 1, 'cancellation_fee': 'FIRST', 'breakfast': 1, 'base_price': 16660, 'prices': [16660], 'price': 16660, 'old_price': 16660, 'currency': 'RUB', 'payment_amount': 16660, 'extras_variants': [], 'extras': {'49342': {'id': 49342, 'number': 1, 'extra_bed_type_id': 3, 'age': [0, 14], 'extra_bed': 1, 'free': 1}}, 'rate_id': 63272, 'deals': [], 'cancellation_type': 'special', 'credit_card': 1, 'bonus': 833, 'miles': 999, 'min_stay': 1, 'platichastyami': 0, 'mircashback': 1666}]",12700.0,762,219_101hotels,2026-08-13
5695,,Стандарт видом,2,1,0,1,Двухместный,2,2,[{'single': 2}],"[{'id': '49343', 'number': '1', 'min_age': '0', 'max_age': '14', 'is_extra_bed': '1', 'extra_bed_type_id': '3'}]","[{'id': 1031133, 'capacity': 1, 'prepayment': 'FULL', 'nonrefundable': 0, 'cancellation_period': 1, 'cancellation_fee': 'FIRST', 'breakfast': 0, 'base_price': 13500, 'prices': [13500], 'price': 13500, 'old_price': 13500, 'currency': 'RUB', 'payment_amount': 13500, 'extras_variants': [], 'extras': {'49343': {'id': 49343, 'number': 1, 'extra_bed_type_id': 3, 'age': [0, 14], 'extra_bed': 1, 'free': 1}}, 'rate_id': 49936, 'deals': [], 'cancellation_type': 'special', 'credit_card': 1, 'bonus': 675, 'miles': 810, 'min_stay': 1, 'platichastyami': 0, 'mircashback': 1350}, {'id': 1229224, 'capacity': 1, 'prepayment': 'FULL', 'nonrefundable': 0, 'cancellation_period': 1, 'cancellation_fee': 'FIRST', 'breakfast': 1, 'base_price': 15180, 'prices': [15180], 'price': 15180, 'old_price': 15180, 'currency': 'RUB', 'payment_amount': 15180, 'extras_variants': [], 'extras': {'49343': {'id': 49343, 'number': 1, 'extra_bed_type_id': 3, 'age': [0, 14], 'extra_bed': 1, 'free': 1}}, 'rate_id': 63272, 'deals': [], 'cancellation_type': 'special', 'credit_card': 1, 'bonus': 759, 'miles': 909, 'min_stay': 1, 'platichastyami': 0, 'mircashback': 1518}, {'id': 1031134, 'capacity': 2, 'prepayment': 'FULL', 'nonrefundable': 0, 'cancellation_period': 1, 'cancellation_fee': 'FIRST', 'breakfast': 0, 'base_price': 14100, 'prices': [14100], 'price': 14100, 'old_price': 14100, 'currency': 'RUB', 'payment_amount': 14100, 'extras_variants': [], 'extras': {'49343': {'id': 49343, 'number': 1, 'extra_bed_type_id': 3, 'age': [0, 14], 'extra_bed': 1, 'free': 1}}, 'rate_id': 49936, 'deals': [], 'cancellation_type': 'special', 'credit_card': 1, 'bonus': 705, 'miles': 846, 'min_stay': 1, 'platichastyami': 0, 'mircashback': 1410}, {'id': 1229225, 'capacity': 2, 'prepayment': 'FULL', 'nonrefundable': 0, 'cancellation_period': 1, 'cancellation_fee': 'FIRST', 'breakfast': 1, 'base_price': 17460, 'prices': [17460], 'price': 17460, 'old_price': 17460, 'currency': 'RUB', 'payment_amount': 17460, 'extras_variants': [], 'extras': {'49343': {'id': 49343, 'number': 1, 'extra_bed_type_id': 3, 'age': [0, 14], 'extra_bed': 1, 'free': 1}}, 'rate_id': 63272, 'deals': [], 'cancellation_type': 'special', 'credit_card': 1, 'bonus': 873, 'miles': 1047, 'min_stay': 1, 'platichastyami': 0, 'mircashback': 1746}]",13500.0,810,219_101hotels,2026-08-13
5696,,Стандарт+ с видом и балконом,2,1,0,1,Двухместный,2,4,[{'single': 2}],"[{'id': '49344', 'number': '1', 'min_age': '0', 'max_age': '14', 'is_extra_bed': '1', 'extra_bed_type_id': '3'}]","[{'id': 1031135, 'capacity': 1, 'prepayment': 'FULL', 'nonrefundable': 0, 'cancellation_period': 1, 'cancellation_fee': 'FIRST', 'breakfast': 0, 'base_price': 14900, 'prices': [14900], 'price': 14900, 'old_price': 14900, 'currency': 'RUB', 'payment_amount': 14900, 'extras_variants': [], 'extras': {'49344': {'id': 49344, 'number': 1, 'extra_bed_type_id': 3, 'age': [0, 14], 'extra_bed': 1, 'free': 1}}, 'rate_id': 49936, 'deals': [], 'cancellation_type': 'special', 'credit_card': 1, 'bonus': 745, 'miles': 894, 'min_stay': 1, 'platichastyami': 0, 'mircashback': 1490}, {'id': 1229230, 'capacity': 1, 'prepayment': 'FULL', 'nonrefundable': 0, 'cancellation_period': 1, 'cancellation_fee': 'FIRST', 'breakfast': 1, 'base_price': 16580, 'prices': [16580], 'price': 16580, 'old_price': 16580, 'currency': 'RUB', 'payment_amount': 16580, 'extras_variants': [], 'extras': {'49344': {'id': 49344, 'number': 1, 'extra_bed_type_id': 3, 'age': [0, 14], 'extra_bed': 1, 'free': 1}}, 'rate_id': 63272, 'deals': [], 'cancellation_type': 'special', 'credit_card': 1, 'bonus': 829, 'miles': 993, 'min_stay': 1, 'platichastyami': 0, 'mircashback': 1658}, {'id': 1031136, 'capacity': 2, 'prepayment': 'FULL', 'nonrefundable': 0, 'cancellation_period': 1, 'cancellation_fee': 'FIRST', 'breakfast': 0, 'base_price': 15500, 'prices': [15500], 'price': 15500, 'old_price': 15500, 'currency': 'RUB', 'payment_amount': 15500, 'extras_variants': [], 'extras': {'49344': {'id': 49344, 'number': 1, 'extra_bed_type_id': 3, 'age': [0, 14], 'extra_bed': 1, 'free': 1}}, 'rate_id': 49936, 'deals': [], 'cancellation_type': 'special', 'credit_card': 1, 'bonus': 775, 'miles': 930, 'min_stay': 1, 'platichastyami': 0, 'mircashback': 1550}, {'id': 1229231, 'capacity': 2, 'prepayment': 'FULL', 'nonrefundable': 0, 'cancellation_period': 1, 'cancellation_fee': 'FIRST', 'breakfast': 1, 'base_price': 18860, 'prices': [18860], 'price': 18860, 'old_price': 18860, 'currency': 'RUB', 'payment_amount': 18860, 'extras_variants': [], 'extras': {'49344': {'id': 49344, 'number': 1, 'extra_bed_type_id': 3, 'age': [0, 14], 'extra_bed': 1, 'free': 1}}, 'rate_id': 63272, 'deals': [], 'cancellation_type': 'special', 'credit_card': 1, 'bonus': 943, 'miles': 1131, 'min_stay': 1, 'platichastyami': 0, 'mircashback': 1886}]",14900.0,894,219_101hotels,2026-08-13
5697,,Джуниор сюит,2,2,0,1,Студио,5,1,[{'double': 1}],"[{'id': '50103', 'number': '2', 'min_age': '0', 'max_age': '14', 'is_extra_bed': '1', 'extra_bed_type_id': '1'}]","[{'id': 1031139, 'capacity': 1, 'prepayment': 'FULL', 'nonrefundable': 0, 'cancellation_period': 1, 'cancellation_fee': 'FIRST', 'breakfast': 0, 'base_price': 17900, 'prices': [17900], 'price': 17900, 'old_price': 17900, 'currency': 'RUB', 'payment_amount': 17900, 'extras_variants': [], 'extras': {'50103': {'id': 50103, 'number': 2, 'extra_bed_type_id': 1, 'age': [0, 14], 'extra_bed': 1, 'free': 1}}, 'rate_id': 49936, 'deals': [], 'cancellation_type': 'special', 'credit_card': 1, 'bonus': 895, 'miles': 1074, 'min_stay': 1, 'platichastyami': 0, 'mircashback': 1790}, {'id': 1229216, 'capacity': 1, 'prepayment': 'FULL', 'nonrefundable': 0, 'cancellation_period': 1, 'cancellation_fee': 'FIRST', 'breakfast': 1, 'base_price': 19580, 'prices': [19580], 'price': 19580, 'old_price': 19580, 'currency': 'RUB', 'payment_amount': 19580, 'extras_variants': [], 'extras': {'50103': {'id': 50103, 'number': 2, 'extra_bed_type_id': 1, 'age': [0, 14], 'extra_bed': 1, 'free': 1}}, 'rate_id': 63272, 'deals': [], 'cancellation_type': 'special', 'credit_card': 1, 'bonus': 979, 'miles': 1173, 'min_stay': 1, 'platichastyami': 0, 'mircashback': 1958}, {'id': 1031140, 'capacity': 2, 'prepayment': 'FULL', 'nonrefundable': 0, 'cancellation_period': 1, 'cancellation_fee': 'FIRST', 'breakfast': 0, 'base_price': 18400, 'prices': [18400], 'price': 18400, 'old_price': 18400, 'currency': 'RUB', 'payment_amount': 18400, 'extras_variants': [], 'extras': {'50103': {'id': 50103, 'number': 2, 'extra_bed_type_id': 1, 'age': [0, 14], 'extra_bed': 1, 'free': 1}}, 'rate_id': 49936, 'deals': [], 'cancellation_type': 'special', 'credit_card': 1, 'bonus': 920, 'miles': 1104, 'min_stay': 1, 'platichastyami': 0, 'mircashback': 1840}, {'id': 1229217, 'capacity': 2, 'prepayment': 'FULL', 'nonrefundable': 0, 'cancellation_period': 1, 'cancellation_fee': 'FIRST', 'breakfast': 1, 'base_price': 21760, 'prices': [21760], 'price': 21760, 'old_price': 21760, 'currency': 'RUB', 'payment_amount': 21760, 'extras_variants': [], 'extras': {'50103': {'id': 50103, 'number': 2, 'extra_bed_type_id': 1, 'age': [0, 14], 'extra_bed': 1, 'free': 1}}, 'rate_id': 63272, 'deals': [], 'cancellation_type': 'special', 'credit_card': 1, 'bonus': 1088, 'miles': 1305, 'min_stay': 1, 'platichastyami': 0, 'mircashback': 2176}]",17900.0,1074,219_101hotels,2026-08-13
5698,,Люкс,2,2,0,1,Люкс,6,3,[{'double': 1}],"[{'id': '50107', 'number': '1', 'min_age': '0', 'max_age': '14', 'is_extra_bed': '1', 'extra_bed_type_id': '1'}]","[{'id': 1031141, 'capacity': 1, 'prepayment': 'FULL', 'nonrefundable': 0, 'cancellation_period': 1, 'cancellation_fee': 'FIRST', 'breakfast': 0, 'base_price': 20000, 'prices': [20000], 'price': 20000, 'old_price': 20000, 'currency': 'RUB', 'payment_amount': 20000, 'extras_variants': [], 'extras': {'50107': {'id': 50107, 'number': 1, 'extra_bed_type_id': 1, 'age': [0, 14], 'extra_bed': 1, 'free': 1}}, 'rate_id': 49936, 'deals': [], 'cancellation_type': 'special', 'credit_card': 1, 'bonus': 1000, 'miles': 1200, 'min_stay': 1, 'platichastyami': 0, 'mircashback': 2000}, {'id': 1229218, 'capacity': 1, 'prepayment': 'FULL', 'nonrefundable': 0, 'cancellation_period': 1, 'cancellation_fee': 'FIRST', 'breakfast': 1, 'base_price': 21680, 'prices': [21680], 'price': 21680, 'old_price': 21680, 'currency': 'RUB', 'payment_amount': 21680, 'extras_variants': [], 'extras': {'50107': {'id': 50107, 'number': 1, 'extra_bed_type_id': 1, 'age': [0, 14], 'extra_bed': 1, 'free': 1}}, 'rate_id': 63272, 'deals': [], 'cancellation_type': 'special', 'credit_card': 1, 'bonus': 1084, 'miles': 1299, 'min_stay': 1, 'platichastyami': 0, 'mircashback': 2168}, {'id': 1031142, 'capacity': 2, 'prepayment': 'FULL', 'nonrefundable': 0, 'cancellation_period': 1, 'cancellation_fee': 'FIRST', 'breakfast': 0, 'base_price': 20600, 'prices': [20600], 'price': 20600, 'old_price': 20600, 'currency': 'RUB', 'payment_amount': 20600, 'extras_variants': [], 'extras': {'50107': {'id': 50107, 'number': 1, 'extra_bed_type_id': 1, 'age': [0, 14], 'extra_bed': 1, 'free': 1}}, 'rate_id': 49936, 'deals': [], 'cancellation_type': 'special', 'credit_card': 1, 'bonus': 1030, 'miles': 1236, 'min_stay': 1, 'platichastyami': 0, 'mircashback': 2060}, {'id': 1229219, 'capacity': 2, 'prepayment': 'FULL', 'nonrefundable': 0, 'cancellation_period': 1, 'cancellation_fee': 'FIRST', 'breakfast': 1, 'base_price': 23960, 'prices': [23960], 'price': 23960, 'old_price': 23960, 'currency': 'RUB', 'payment_amount': 23960, 'extras_variants': [], 'extras': {'50107': {'id': 50107, 'number': 1, 'extra_bed_type_id': 1, 'age': [0, 14], 'extra_bed': 1, 'free': 1}}, 'rate_id': 63272, 'deals': [], 'cancellation_type': 'special', 'credit_card': 1, 'bonus': 1198, 'miles': 1437, 'min_stay': 1, 'platichastyami': 0, 'mircashback': 2396}]",20000.0,1200,219_101hotels,2026-08-13
32581,,Стандарт+,1,0,0,1,Одноместный,1,1,[{'single': 1}],[],"[{'id': 1031130, 'capacity': 1, 'prepayment': 'FULL', 'nonrefundable': 0, 'cancellation_period': 1, 'cancellation_fee': 'FIRST', 'breakfast': 0, 'base_price': 9500, 'prices': [9500], 'price': 9500, 'old_price': 9500, 'currency': 'RUB', 'payment_amount': 9500, 'extras_variants': [], 'extras': [], 'rate_id': 49936, 'deals': [], 'cancellation_type': 'special', 'credit_card': 1, 'bonus': 475, 'miles': 570, 'min_stay': 1, 'platichastyami': 0, 'mircashback': 950}, {'id': 1229229, 'capacity': 1, 'prepayment': 'FULL', 'nonrefundable': 0, 'cancellation_period': 1, 'cancellation_fee': 'FIRST', 'breakfast': 1, 'base_price': 11180, 'prices': [11180], 'price': 11180, 'old_price': 11180, 'currency': 'RUB', 'payment_amount': 11180, 'extras_variants': [], 'extras': [], 'rate_id': 63272, 'deals': [], 'cancellation_type': 'special', 'credit_card': 1, 'bonus': 559, 'miles': 669, 'min_stay': 1, 'platichastyami': 0, 'mircashback': 1118}]",9500.0,570,219_101hotels,2026-08-13
75155,,Стандарт с балконом,2,1,0,1,Двухместный,2,3,[{'single': 2}],"[{'id': '49345', 'number': '1', 'min_age': '0', 'max_age': '14', 'is_extra_bed': '1', 'extra_bed_type_id': '3'}]","[{'id': 1031137, 'capacity': 1, 'prepayment': 'FULL', 'nonrefundable': 0, 'cancellation_period': 1, 'cancellation_fee': 'FIRST', 'breakfast': 0, 'base_price': 13700, 'prices': [13700], 'price': 13700, 'old_price': 13700, 'currency': 'RUB', 'payment_amount': 13700, 'extras_variants': [], 'extras': {'49345': {'id': 49345, 'number': 1, 'extra_bed_type_id': 3, 'age': [0, 14], 'extra_bed': 1, 'free': 1}}, 'rate_id': 49936, 'deals': [], 'cancellation_type': 'special', 'credit_card': 1, 'bonus': 685, 'miles': 822, 'min_stay': 1, 'platichastyami': 0, 'mircashback': 1370}, {'id': 1229226, 'capacity': 1, 'prepayment': 'FULL', 'nonrefundable': 0, 'cancellation_period': 1, 'cancellation_fee': 'FIRST', 'breakfast': 1, 'base_price': 15380, 'prices': [15380], 'price': 15380, 'old_price': 15380, 'currency': 'RUB', 'payment_amount': 15380, 'extras_variants': [], 'extras': {'49345': {'id': 49345, 'number': 1, 'extra_bed_type_id': 3, 'age': [0, 14], 'extra_bed': 1, 'free': 1}}, 'rate_id': 63272, 'deals': [], 'cancellation_type': 'special', 'credit_card': 1, 'bonus': 769, 'miles': 921, 'min_stay': 1, 'platichastyami': 0, 'mircashback': 1538}, {'id': 1031138, 'capacity': 2, 'prepayment': 'FULL', 'nonrefundable': 0, 'cancellation_period': 1, 'cancellation_fee': 'FIRST', 'breakfast': 0, 'base_price': 14300, 'prices': [14300], 'price': 14300, 'old_price': 14300, 'currency': 'RUB', 'payment_amount': 14300, 'extras_variants': [], 'extras': {'49345': {'id': 49345, 'number': 1, 'extra_bed_type_id': 3, 'age': [0, 14], 'extra_bed': 1, 'free': 1}}, 'rate_id': 49936, 'deals': [], 'cancellation_type': 'special', 'credit_card': 1, 'bonus': 715, 'miles': 858, 'min_stay': 1, 'platichastyami': 0, 'mircashback': 1430}, {'id': 1229227, 'capacity': 2, 'prepayment': 'FULL', 'nonrefundable': 0, 'cancellation_period': 1, 'cancellation_fee': 'FIRST', 'breakfast': 1, 'base_price': 17660, 'prices': [17660], 'price': 17660, 'old_price': 17660, 'currency': 'RUB', 'payment_amount': 17660, 'extras_variants': [], 'extras': {'49345': {'id': 49345, 'number': 1, 'extra_bed_type_id': 3, 'age': [0, 14], 'extra_bed': 1, 'free': 1}}, 'rate_id': 63272, 'deals': [], 'cancellation_type': 'special', 'credit_card': 1, 'bonus': 883, 'miles': 1059, 'min_stay': 1, 'platichastyami': 0, 'mircashback': 1766}]",13700.0,822,219_101hotels,2026-08-13
5827,,Стандарт,1,0,0,1,Одноместный,1,3,[{'single': 1}],[],"[{'id': 1021599, 'capacity': 1, 'prepayment': 'FULL', 'nonrefundable': 0, 'cancellation_period': 1, 'cancellation_fee': 'FIRST', 'breakfast': 1, 'base_price': 4000, 'prices': [4000], 'price': 4000, 'old_price': 4000, 'currency': 'RUB', 'payment_amount': 4000, 'extras_variants': [], 'extras': [], 'rate_id': 49270, 'deals': [], 'cancellation_type': 'special', 'credit_card': 1, 'bonus': 200, 'miles': 240, 'min_stay': 1, 'platichastyami': 0, 'mircashback': 400}]",4000.0,240,2270_101hotels,2026-08-13
5830,,Стандарт,2,0,0,1,Двухместный,2,15,[{'single': 2}],[],"[{'id': 1021600, 'capacity': 1, 'prepayment': 'FULL', 'nonrefundable': 0, 'cancellation_period': 1, 'cancellation_fee': 'FIRST', 'breakfast': 1, 'base_price': 7125, 'prices': [7125], 'price': 7125, 'old_price': 7125, 'currency': 'RUB', 'payment_amount': 7125, 'extras_variants': [], 'extras': [], 'rate_id': 49270, 'deals': [], 'cancellation_type': 'special', 'credit_card': 1, 'bonus': 356, 'miles': 426, 'min_stay': 1, 'platichastyami': 0, 'mircashback': 713}, {'id': 1021601, 'capacity': 2, 'prepayment': 'FULL', 'nonrefundable': 0, 'cancellation_period': 1, 'cancellation_fee': 'FIRST', 'breakfast': 1, 'base_price': 7125, 'prices': [7125], 'price': 7125, 'old_price': 7125, 'currency': 'RUB', 'payment_amount': 7125, 'extras_variants': [], 'extras': [], 'rate_id': 49270, 'deals': [], 'cancellation_type': 'special', 'credit_card': 1, 'bonus': 356, 'miles': 426, 'min_stay': 1, 'platichastyami': 0, 'mircashback': 713}]",7125.0,426,2270_101hotels,2026-08-13
2234329,,,2,1,0,1,Семейный,44,2,"[{'double': 1, 'sofa': 1}]",[],"[{'id': 1021608, 'capacity': 1, 'prepayment': 'FULL', 'nonrefundable': 0, 'cancellation_period': 1, 'cancellation_fee': 'FIRST', 'breakfast': 1, 'base_price': 9500, 'prices': [9500], 'price': 9500, 'old_price': 9500, 'currency': 'RUB', 'payment_amount': 9500, 'extras_variants': [], 'extras': [], 'rate_id': 49270, 'deals': [], 'cancellation_type': 'special', 'credit_card': 1, 'bonus': 475, 'miles': 570, 'min_stay': 1, 'platichastyami': 0, 'mircashback': 950}, {'id': 1021609, 'capacity': 2, 'prepayment': 'FULL', 'nonrefundable': 0, 'cancellation_period': 1, 'cancellation_fee': 'FIRST', 'breakfast': 1, 'base_price': 9500, 'prices': [9500], 'price': 9500, 'old_price': 9500, 'currency': 'RUB', 'payment_amount': 9500, 'extras_variants': [], 'extras': [], 'rate_id': 49270, 'deals': [], 'cancellation_type': 'special', 'credit_card': 1, 'bonus': 475, 'miles': 570, 'min_stay': 1, 'platichastyami': 0, 'mircashback': 950}]",9500.0,570,2270_101hotels,2026-08-13
2234330,,Бизнес,2,1,0,1,Полулюкс,4,2,[{'single': 2}],[],"[{'id': 1021602, 'capacity': 1, 'prepayment': 'FULL', 'nonrefundable': 0, 'cancellation_period': 1, 'cancellation_fee': 'FIRST', 'breakfast': 1, 'base_price': 9500, 'prices': [9500], 'price': 9500, 'old_price': 9500, 'currency': 'RUB', 'payment_amount': 9500, 'extras_variants': [], 'extras': [], 'rate_id': 49270, 'deals': [], 'cancellation_type': 'special', 'credit_card': 1, 'bonus': 475, 'miles': 570, 'min_stay': 1, 'platichastyami': 0, 'mircashback': 950}, {'id': 1021603, 'capacity': 2, 'prepayment': 'FULL', 'nonrefundable': 0, 'cancellation_period': 1, 'cancellation_fee': 'FIRST', 'breakfast': 1, 'base_price': 9500, 'prices': [9500], 'price': 9500, 'old_price': 9500, 'currency': 'RUB', 'payment_amount': 9500, 'extras_variants': [], 'extras': [], 'rate_id': 49270, 'deals': [], 'cancellation_type': 'special', 'credit_card': 1, 'bonus': 475, 'miles': 570, 'min_stay': 1, 'platichastyami': 0, 'mircashback': 950}]",9500.0,570,2270_101hotels,2026-08-13
2234331,,Джуниор сюит (с двуспальной кроватью),2,1,0,1,Люкс,6,1,"[{'double': 1, 'sofa': 1}]",[],"[{'id': 1021604, 'capacity': 1, 'prepayment': 'FULL', 'nonrefundable': 0, 'cancellation_period': 1, 'cancellation_fee': 'FIRST', 'breakfast': 1, 'base_price': 10750, 'prices': [10750], 'price': 10750, 'old_price': 10750, 'currency': 'RUB', 'payment_amount': 10750, 'extras_variants': [], 'extras': [], 'rate_id': 49270, 'deals': [], 'cancellation_type': 'special', 'credit_card': 1, 'bonus': 538, 'miles': 645, 'min_stay': 1, 'platichastyami': 0, 'mircashback': 1075}, {'id': 1021605, 'capacity': 2, 'prepayment': 'FULL', 'nonrefundable': 0, 'cancellation_period': 1, 'cancellation_fee': 'FIRST', 'breakfast': 1, 'base_price': 10750, 'prices': [10750], 'price': 10750, 'old_price': 10750, 'currency': 'RUB', 'payment_amount': 10750, 'extras_variants': [], 'extras': [], 'rate_id': 49270, 'deals': [], 'cancellation_type': 'special', 'credit_card': 1, 'bonus': 538, 'miles': 645, 'min_stay': 1, 'platichastyami': 0, 'mircashback': 1075}]",10750.0,645,2270_101hotels,2026-08-13
2234332,,Джуниор сюит (с двумя раздельными кроватями),2,1,0,1,Люкс,6,1,"[{'single': 2, 'sofa': 1}]",[],"[{'id': 1021606, 'capacity': 1, 'prepayment': 'FULL', 'nonrefundable': 0, 'cancellation_period': 1, 'cancellation_fee': 'FIRST', 'breakfast': 1, 'base_price': 10750, 'prices': [10750], 'price': 10750, 'old_price': 10750, 'currency': 'RUB', 'payment_amount': 10750, 'extras_variants': [], 'extras': [], 'rate_id': 49270, 'deals': [], 'cancellation_type': 'special', 'credit_card': 1, 'bonus': 538, 'miles': 645, 'min_stay': 1, 'platichastyami': 0, 'mircashback': 1075}, {'id': 1021607, 'capacity': 2, 'prepayment': 'FULL', 'nonrefundable': 0, 'cancellation_period': 1, 'cancellation_fee': 'FIRST', 'breakfast': 1, 'base_price': 10750, 'prices': [10750], 'price': 10750, 'old_price': 10750, 'currency': 'RUB', 'payment_amount': 10750, 'extras_variants': [], 'extras': [], 'rate_id': 49270, 'deals': [], 'cancellation_type': 'special', 'credit_card': 1, 'bonus': 538, 'miles': 645, 'min_stay': 1, 'platichastyami': 0, 'mircashback': 1075}]",10750.0,645,2270_101hotels,2026-08-13
142516,,Двухэтажный с 3 спальнями,8,2,0,1,Коттедж,15,2,"[{'double': 3, 'sofa': 1}, {'double': 1}, {'double': 1}]",[],"[{'id': 378249, 'capacity': 1, 'prepayment': 'FULL', 'nonrefundable': 0, 'cancellation_period': 3, 'cancellation_fee': 'FIRST', 'breakfast': 1, 'base_price': 48600, 'prices': [48600], 'price': 48600, 'old_price': 48600, 'currency': 'RUB', 'payment_amount': 48600, 'extras_variants': [], 'extras': [], 'rate_id': 6256, 'deals': [], 'cancellation_type': 'special', 'credit_card': 1, 'bonus': 2430, 'miles': 2916, 'min_stay': 1, 'platichastyami': 0, 'mircashback': 4860}, {'id': 378250, 'capacity': 2, 'prepayment': 'FULL', 'nonrefundable': 0, 'cancellation_period': 3, 'cancellation_fee': 'FIRST', 'breakfast': 1, 'base_price': 48600, 'prices': [48600], 'price': 48600, 'old_price': 48600, 'currency': 'RUB', 'payment_amount': 48600, 'extras_variants': [], 'extras': [], 'rate_id': 6256, 'deals': [], 'cancellation_type': 'special', 'credit_card': 1, 'bonus': 2430, 'miles': 2916, 'min_stay': 1, 'platichastyami': 0, 'mircashback': 4860}, {'id': 378251, 'capacity': 3, 'prepayment': 'FULL', 'nonrefundable': 0, 'cancellation_period': 3, 'cancellation_fee': 'FIRST', 'breakfast': 1, 'base_price': 48600, 'prices': [48600], 'price': 48600, 'old_price': 48600, 'currency': 'RUB', 'payment_amount': 48600, 'extras_variants': [], 'extras': [], 'rate_id': 6256, 'deals': [], 'cancellation_type': 'special', 'credit_card': 1, 'bonus': 2430, 'miles': 2916, 'min_stay': 1, 'platichastyami': 0, 'mircashback': 4860}, {'id': 378252, 'capacity': 4, 'prepayment': 'FULL', 'nonrefundable': 0, 'cancellation_period': 3, 'cancellation_fee': 'FIRST', 'breakfast': 1, 'base_price': 48600, 'prices': [48600], 'price': 48600, 'old_price': 48600, 'currency': 'RUB', 'payment_amount': 48600, 'extras_variants': [], 'extras': [], 'rate_id': 6256, 'deals': [], 'cancellation_type': 'special', 'credit_card': 1, 'bonus': 2430, 'miles': 2916, 'min_stay': 1, 'platichastyami': 0, 'mircashback': 4860}, {'id': 378253, 'capacity': 5, 'prepayment': 'FULL', 'nonrefundable': 0, 'cancellation_period': 3, 'cancellation_fee': 'FIRST', 'breakfast': 1, 'base_price': 48600, 'prices': [48600], 'price': 48600, 'old_price': 48600, 'currency': 'RUB', 'payment_amount': 48600, 'extras_variants': [], 'extras': [], 'rate_id': 6256, 'deals': [], 'cancellation_type': 'special', 'credit_card': 1, 'bonus': 2430, 'miles': 2916, 'min_stay': 1, 'platichastyami': 0, 'mircashback': 4860}, {'id': 378254, 'capacity': 6, 'prepayment': 'FULL', 'nonrefundable': 0, 'cancellation_period': 3, 'cancellation_fee': 'FIRST', 'breakfast': 1, 'base_price': 48600, 'prices': [48600], 'price': 48600, 'old_price': 48600, 'currency': 'RUB', 'payment_amount': 48600, 'extras_variants': [], 'extras': [], 'rate_id': 6256, 'deals': [], 'cancellation_type': 'special', 'credit_card': 1, 'bonus': 2430, 'miles': 2916, 'min_stay': 1, 'platichastyami': 0, 'mircashback': 4860}, {'id': 378255, 'capacity': 7, 'prepayment': 'FULL', 'nonrefundable': 0, 'cancellation_period': 3, 'cancellation_fee': 'FIRST', 'breakfast': 1, 'base_price': 48600, 'prices': [48600], 'price': 48600, 'old_price': 48600, 'currency': 'RUB', 'payment_amount': 48600, 'extras_variants': [], 'extras': [], 'rate_id': 6256, 'deals': [], 'cancellation_type': 'special', 'credit_card': 1, 'bonus': 2430, 'miles': 2916, 'min_stay': 1, 'platichastyami': 0, 'mircashback': 4860}, {'id': 378256, 'capacity': 8, 'prepayment': 'FULL', 'nonrefundable': 0, 'cancellation_period': 3, 'cancellation_fee': 'FIRST', 'breakfast': 1, 'base_price': 48600, 'prices': [48600], 'price': 48600, 'old_price': 48600, 'currency': 'RUB', 'payment_amount': 48600, 'extras_variants': [], 'extras': [], 'rate_id': 6256, 'deals': [], 'cancellation_type': 'special', 'credit_card': 1, 'bonus': 2430, 'miles': 2916, 'min_stay': 1, 'platichastyami': 0, 'mircashback': 4860}]",48600.0,2916,33872_101hotels,2026-08-13
142517,,Одноэтажный 2 спальнями,3,1,0,1,Коттедж,15,1,"[{'single': 1, 'double': 1}]",[],"[{'id': 378246, 'capacity': 1, 'prepayment': 'FULL', 'nonrefundable': 0, 'cancellation_period': 3, 'cancellation_fee': 'FIRST', 'breakfast': 1, 'base_price': 23600, 'prices': [23600], 'price': 23600, 'old_price': 23600, 'currency': 'RUB', 'payment_amount': 23600, 'extras_variants': [], 'extras': [], 'rate_id': 6256, 'deals': [], 'cancellation_type': 'special', 'credit_card': 1, 'bonus': 1180, 'miles': 1416, 'min_stay': 1, 'platichastyami': 0, 'mircashback': 2360}, {'id': 378247, 'capacity': 2, 'prepayment': 'FULL', 'nonrefundable': 0, 'cancellation_period': 3, 'cancellation_fee': 'FIRST', 'breakfast': 1, 'base_price': 23600, 'prices': [23600], 'price': 23600, 'old_price': 23600, 'currency': 'RUB', 'payment_amount': 23600, 'extras_variants': [], 'extras': [], 'rate_id': 6256, 'deals': [], 'cancellation_type': 'special', 'credit_card': 1, 'bonus': 1180, 'miles': 1416, 'min_stay': 1, 'platichastyami': 0, 'mircashback': 2360}, {'id': 378248, 'capacity': 3, 'prepayment': 'FULL', 'nonrefundable': 0, 'cancellation_period': 3, 'cancellation_fee': 'FIRST', 'breakfast': 1, 'base_price': 23600, 'prices': [23600], 'price': 23600, 'old_price': 23600, 'currency': 'RUB', 'payment_amount': 23600, 'extras_variants': [], 'extras': [], 'rate_id': 6256, 'deals': [], 'cancellation_type': 'special', 'credit_card': 1, 'bonus': 1180, 'miles': 1416, 'min_stay': 1, 'platichastyami': 0, 'mircashback': 2360}]",23600.0,1416,33872_101hotels,2026-08-13
142518,,Стандарт,2,1,0,1,Двухместный,2,4,"[{'double': 1}, {'double': 1}]",[],"[{'id': 378240, 'capacity': 1, 'prepayment': 'FULL', 'nonrefundable': 0, 'cancellation_period': 3, 'cancellation_fee': 'FIRST', 'breakfast': 1, 'base_price': 11600, 'prices': [11600], 'price': 11600, 'old_price': 11600, 'currency': 'RUB', 'payment_amount': 11600, 'extras_variants': [], 'extras': [], 'rate_id': 6256, 'deals': [], 'cancellation_type': 'special', 'credit_card': 1, 'bonus': 580, 'miles': 696, 'min_stay': 1, 'platichastyami': 0, 'mircashback': 1160}, {'id': 378241, 'capacity': 2, 'prepayment': 'FULL', 'nonrefundable': 0, 'cancellation_period': 3, 'cancellation_fee': 'FIRST', 'breakfast': 1, 'base_price': 11600, 'prices': [11600], 'price': 11600, 'old_price': 11600, 'currency': 'RUB', 'payment_amount': 11600, 'extras_variants': [], 'extras': [], 'rate_id': 6256, 'deals': [], 'cancellation_type': 'special', 'credit_card': 1, 'bonus': 580, 'miles': 696, 'min_stay': 1, 'platichastyami': 0, 'mircashback': 1160}]",11600.0,696,33872_101hotels,2026-08-13
142520,,,2,0,0,1,Бунгало,30,1,[{'double': 1}],[],"[{'id': 378257, 'capacity': 1, 'prepayment': 'FULL', 'nonrefundable': 0, 'cancellation_period': 3, 'cancellation_fee': 'FIRST', 'breakfast': 1, 'base_price': 20600, 'prices': [20600], 'price': 20600, 'old_price': 20600, 'currency': 'RUB', 'payment_amount': 20600, 'extras_variants': [], 'extras': [], 'rate_id': 6256, 'deals': [], 'cancellation_type': 'special', 'credit_card': 1, 'bonus': 1030, 'miles': 1236, 'min_stay': 1, 'platichastyami': 0, 'mircashback': 2060}, {'id': 378258, 'capacity': 2, 'prepayment': 'FULL', 'nonrefundable': 0, 'cancellation_period': 3, 'cancellation_fee': 'FIRST', 'breakfast': 1, 'base_price': 20600, 'prices': [20600], 'price': 20600, 'old_price': 20600, 'currency': 'RUB', 'payment_amount': 20600, 'extras_variants': [], 'extras': [], 'rate_id': 6256, 'deals': [], 'cancellation_type': 'special', 'credit_card': 1, 'bonus': 1030, 'miles': 1236, 'min_stay': 1, 'platichastyami': 0, 'mircashback': 2060}]",20600.0,1236,33872_101hotels,2026-08-13
142521,,Двухкомнатный люкс,4,0,0,1,Сюит,27,2,"[{'double': 1}, {'double': 1}]",[],"[{'id': 378244, 'capacity': 1, 'prepayment': 'FULL', 'nonrefundable': 0, 'cancellation_period': 3, 'cancellation_fee': 'FIRST', 'breakfast': 1, 'base_price': 20600, 'prices': [20600], 'price': 20600, 'old_price': 20600, 'currency': 'RUB', 'payment_amount': 20600, 'extras_variants': [], 'extras': [], 'rate_id': 6256, 'deals': [], 'cancellation_type': 'special', 'credit_card': 1, 'bonus': 1030, 'miles': 1236, 'min_stay': 1, 'platichastyami': 0, 'mircashback': 2060}, {'id': 378245, 'capacity': 2, 'prepayment': 'FULL', 'nonrefundable': 0, 'cancellation_period': 3, 'cancellation_fee': 'FIRST', 'breakfast': 1, 'base_price': 20600, 'prices': [20600], 'price': 20600, 'old_price': 20600, 'currency': 'RUB', 'payment_amount': 20600, 'extras_variants': [], 'extras': [], 'rate_id': 6256, 'deals': [], 'cancellation_type': 'special', 'credit_card': 1, 'bonus': 1030, 'miles': 1236, 'min_stay': 1, 'platichastyami': 0, 'mircashback': 2060}, {'id': 651707, 'capacity': 3, 'prepayment': 'FULL', 'nonrefundable': 0, 'cancellation_period': 3, 'cancellation_fee': 'FIRST', 'breakfast': 1, 'base_price': 20600, 'prices': [20600], 'price': 20600, 'old_price': 20600, 'currency': 'RUB', 'payment_amount': 20600, 'extras_variants': [], 'extras': [], 'rate_id': 6256, 'deals': [], 'cancellation_type': 'special', 'credit_card': 1, 'bonus': 1030, 'miles': 1236, 'min_stay': 1, 'platichastyami': 0, 'mircashback': 2060}, {'id': 963072, 'capacity': 4, 'prepayment': 'FULL', 'nonrefundable': 0, 'cancellation_period': 3, 'cancellation_fee': 'FIRST', 'breakfast': 1, 'base_price': 20600, 'prices': [20600], 'price': 20600, 'old_price': 20600, 'currency': 'RUB', 'payment_amount': 20600, 'extras_variants': [], 'extras': [], 'rate_id': 6256, 'deals': [], 'cancellation_type': 'special', 'credit_card': 1, 'bonus': 1030, 'miles': 1236, 'min_stay': 1, 'platichastyami': 0, 'mircashback': 2060}]",20600.0,1236,33872_101hotels,2026-08-13
1870574,,Стандартный номер с 1 кроватью или 2 отдельными кроватями,2,0,0,1,Двухместный,2,2,[{'single': 2}],[],"[{'id': 251393, 'capacity': 1, 'prepayment': 'NO', 'nonrefundable': 0, 'cancellation_period': 0, 'cancellation_fee': 'NO', 'breakfast': 1, 'base_price': 6600, 'prices': [6600], 'price': 6600, 'old_price': 6600, 'currency': 'RUB', 'payment_amount': 0, 'extras_variants': [], 'extras': [], 'rate_id': 259, 'deals': [], 'cancellation_type': 'free', 'credit_card': 0, 'bonus': 330, 'miles': 396, 'min_stay': 1, 'platichastyami': 0, 'mircashback': 660}, {'id': 544736, 'capacity': 1, 'prepayment': 'NO', 'nonrefundable': 0, 'cancellation_period': 0, 'cancellation_fee': 'NO', 'breakfast': 2, 'base_price': 6940, 'prices': [6940], 'price': 6940, 'old_price': 6940, 'currency': 'RUB', 'payment_amount': 0, 'extras_variants': [], 'extras': [], 'rate_id': 17193, 'deals': [], 'cancellation_type': 'free', 'credit_card': 0, 'bonus': 347, 'miles': 414, 'min_stay': 1, 'platichastyami': 0, 'mircashback': 694}, {'id': 251394, 'capacity': 2, 'prepayment': 'NO', 'nonrefundable': 0, 'cancellation_period': 0, 'cancellation_fee': 'NO', 'breakfast': 1, 'base_price': 7800, 'prices': [7800], 'price': 7800, 'old_price': 7800, 'currency': 'RUB', 'payment_amount': 0, 'extras_variants': [], 'extras': [], 'rate_id': 259, 'deals': [], 'cancellation_type': 'free', 'credit_card': 0, 'bonus': 390, 'miles': 468, 'min_stay': 1, 'platichastyami': 0, 'mircashback': 780}, {'id': 544737, 'capacity': 2, 'prepayment': 'NO', 'nonrefundable': 0, 'cancellation_period': 0, 'cancellation_fee': 'NO', 'breakfast': 2, 'base_price': 9020, 'prices': [9020], 'price': 9020, 'old_price': 9020, 'currency': 'RUB', 'payment_amount': 0, 'extras_variants': [], 'extras': [], 'rate_id': 17193, 'deals': [], 'cancellation_type': 'free', 'credit_card': 0, 'bonus': 451, 'miles': 540, 'min_stay': 1, 'platichastyami': 0, 'mircashback': 902}, {'id': '251393P', 'capacity': 1, 'prepayment': 'FULL', 'nonrefundable': 0, 'cancellation_period': 0, 'cancellation_fee': 'NO', 'breakfast': 1, 'base_price': 6600, 'prices': [6600], 'price': 6600, 'old_price': 6600, 'currency': 'RUB', 'payment_amount': 6600, 'extras_variants': [], 'extras': [], 'rate_id': 259, 'deals': [], 'cancellation_type': 'free', 'credit_card': 0, 'bonus': 330, 'miles': 396, 'min_stay': 1, 'platichastyami': 0, 'mircashback': 660}, {'id': '251394P', 'capacity': 2, 'prepayment': 'FULL', 'nonrefundable': 0, 'cancellation_period': 0, 'cancellation_fee': 'NO', 'breakfast': 1, 'base_price': 7800, 'prices': [7800], 'price': 7800, 'old_price': 7800, 'currency': 'RUB', 'payment_amount': 7800, 'extras_variants': [], 'extras': [], 'rate_id': 259, 'deals': [], 'cancellation_type': 'free', 'credit_card': 0, 'bonus': 390, 'miles': 468, 'min_stay': 1, 'platichastyami': 0, 'mircashback': 780}]",6600.0,396,560073_101hotels,2026-08-13
194848,,"Стандарт, Double",2,1,0,1,Двухместный,2,20,[{'double': 1}],[],"[{'id': 722611, 'capacity': 1, 'prepayment': 'NO', 'nonrefundable': 0, 'cancellation_period': 0, 'cancellation_fee': 'NO', 'breakfast': 1, 'base_price': 5600, 'prices': [5600], 'price': 5600, 'old_price': 0, 'currency': 'RUB', 'payment_amount': 0, 'extras_variants': [], 'extras': [], 'rate_id': 30319, 'deals': [], 'cancellation_type': 'free', 'credit_card': 0, 'bonus': 280, 'miles': 336, 'min_stay': 1, 'platichastyami': 0, 'mircashback': 560}, {'id': 722612, 'capacity': 2, 'prepayment': 'NO', 'nonrefundable': 0, 'cancellation_period': 0, 'cancellation_fee': 'NO', 'breakfast': 1, 'base_price': 5600, 'prices': [5600], 'price': 5600, 'old_price': 0, 'currency': 'RUB', 'payment_amount': 0, 'extras_variants': [], 'extras': [], 'rate_id': 30319, 'deals': [], 'cancellation_type': 'free', 'credit_card': 0, 'bonus': 280, 'miles': 336, 'min_stay': 1, 'platichastyami': 0, 'mircashback': 560}]",5600.0,336,48009_101hotels,2026-08-13
194860,,"Улучшенный, Double",2,1,0,1,Двухместный,2,14,[{'double': 1}],[],"[{'id': 722613, 'capacity': 1, 'prepayment': 'NO', 'nonrefundable': 0, 'cancellation_period': 0, 'cancellation_fee': 'NO', 'breakfast': 1, 'base_price': 6600, 'prices': [6600], 'price': 6600, 'old_price': 0, 'currency': 'RUB', 'payment_amount': 0, 'extras_variants': [], 'extras': [], 'rate_id': 30319, 'deals': [], 'cancellation_type': 'free', 'credit_card': 0, 'bonus': 330, 'miles': 396, 'min_stay': 1, 'platichastyami': 0, 'mircashback': 660}, {'id': 722614, 'capacity': 2, 'prepayment': 'NO', 'nonrefundable': 0, 'cancellation_period': 0, 'cancellation_fee': 'NO', 'breakfast': 1, 'base_price': 6600, 'prices': [6600], 'price': 6600, 'old_price': 0, 'currency': 'RUB', 'payment_amount': 0, 'extras_variants': [], 'extras': [], 'rate_id': 30319, 'deals': [], 'cancellation_type': 'free', 'credit_card': 0, 'bonus': 330, 'miles': 396, 'min_stay': 1, 'platichastyami': 0, 'mircashback': 660}]",6600.0,396,48009_101hotels,2026-08-13
194868,,Twin,2,1,0,1,Полулюкс,4,7,[{'single': 2}],[],"[{'id': 722619, 'capacity': 1, 'prepayment': 'NO', 'nonrefundable': 0, 'cancellation_period': 0, 'cancellation_fee': 'NO', 'breakfast': 1, 'base_price': 8200, 'prices': [8200], 'price': 8200, 'old_price': 0, 'currency': 'RUB', 'payment_amount': 0, 'extras_variants': [], 'extras': [], 'rate_id': 30319, 'deals': [], 'cancellation_type': 'free', 'credit_card': 0, 'bonus': 410, 'miles': 492, 'min_stay': 1, 'platichastyami': 0, 'mircashback': 820}, {'id': 722620, 'capacity': 2, 'prepayment': 'NO', 'nonrefundable': 0, 'cancellation_period': 0, 'cancellation_fee': 'NO', 'breakfast': 1, 'base_price': 8200, 'prices': [8200], 'price': 8200, 'old_price': 0, 'currency': 'RUB', 'payment_amount': 0, 'extras_variants': [], 'extras': [], 'rate_id': 30319, 'deals': [], 'cancellation_type': 'free', 'credit_card': 0, 'bonus': 410, 'miles': 492, 'min_stay': 1, 'platichastyami': 0, 'mircashback': 820}]",8200.0,492,48009_101hotels,2026-08-13
194876,,Double,2,1,0,1,Люкс,6,7,[{'double': 1}],[],"[{'id': 722623, 'capacity': 1, 'prepayment': 'NO', 'nonrefundable': 0, 'cancellation_period': 0, 'cancellation_fee': 'NO', 'breakfast': 1, 'base_price': 9300, 'prices': [9300], 'price': 9300, 'old_price': 0, 'currency': 'RUB', 'payment_amount': 0, 'extras_variants': [], 'extras': [], 'rate_id': 30319, 'deals': [], 'cancellation_type': 'free', 'credit_card': 0, 'bonus': 465, 'miles': 558, 'min_stay': 1, 'platichastyami': 0, 'mircashback': 930}, {'id': 722624, 'capacity': 2, 'prepayment': 'NO', 'nonrefundable': 0, 'cancellation_period': 0, 'cancellation_fee': 'NO', 'breakfast': 1, 'base_price': 9300, 'prices': [9300], 'price': 9300, 'old_price': 0, 'currency': 'RUB', 'payment_amount': 0, 'extras_variants': [], 'extras': [], 'rate_id': 30319, 'deals': [], 'cancellation_type': 'free', 'credit_card': 0, 'bonus': 465, 'miles': 558, 'min_stay': 1, 'platichastyami': 0, 'mircashback': 930}]",9300.0,558,48009_101hotels,2026-08-13
219796,,"Улучшенный, Twin",2,1,0,1,Двухместный,2,2,[{'single': 2}],[],"[{'id': 722615, 'capacity': 1, 'prepayment': 'NO', 'nonrefundable': 0, 'cancellation_period': 0, 'cancellation_fee': 'NO', 'breakfast': 1, 'base_price': 6600, 'prices': [6600], 'price': 6600, 'old_price': 0, 'currency': 'RUB', 'payment_amount': 0, 'extras_variants': [], 'extras': [], 'rate_id': 30319, 'deals': [], 'cancellation_type': 'free', 'credit_card': 0, 'bonus': 330, 'miles': 396, 'min_stay': 1, 'platichastyami': 0, 'mircashback': 660}, {'id': 722616, 'capacity': 2, 'prepayment': 'NO', 'nonrefundable': 0, 'cancellation_period': 0, 'cancellation_fee': 'NO', 'breakfast': 1, 'base_price': 6600, 'prices': [6600], 'price': 6600, 'old_price': 0, 'currency': 'RUB', 'payment_amount': 0, 'extras_variants': [], 'extras': [], 'rate_id': 30319, 'deals': [], 'cancellation_type': 'free', 'credit_card': 0, 'bonus': 330, 'miles': 396, 'min_stay': 1, 'platichastyami': 0, 'mircashback': 660}]",6600.0,396,48009_101hotels,2026-08-13
1550129,,Twin,2,1,0,1,Люкс,6,4,[{'single': 2}],[],"[{'id': 722625, 'capacity': 1, 'prepayment': 'NO', 'nonrefundable': 0, 'cancellation_period': 0, 'cancellation_fee': 'NO', 'breakfast': 1, 'base_price': 9300, 'prices': [9300], 'price': 9300, 'old_price': 0, 'currency': 'RUB', 'payment_amount': 0, 'extras_variants': [], 'extras': [], 'rate_id': 30319, 'deals': [], 'cancellation_type': 'free', 'credit_card': 0, 'bonus': 465, 'miles': 558, 'min_stay': 1, 'platichastyami': 0, 'mircashback': 930}, {'id': 722626, 'capacity': 2, 'prepayment': 'NO', 'nonrefundable': 0, 'cancellation_period': 0, 'cancellation_fee': 'NO', 'breakfast': 1, 'base_price': 9300, 'prices': [9300], 'price': 9300, 'old_price': 0, 'currency': 'RUB', 'payment_amount': 0, 'extras_variants': [], 'extras': [], 'rate_id': 30319, 'deals': [], 'cancellation_type': 'free', 'credit_card': 0, 'bonus': 465, 'miles': 558, 'min_stay': 1, 'platichastyami': 0, 'mircashback': 930}]",9300.0,558,48009_101hotels,2026-08-13
1550130,,Double,2,1,0,1,Полулюкс,4,4,[{'double': 1}],[],"[{'id': 722621, 'capacity': 1, 'prepayment': 'NO', 'nonrefundable': 0, 'cancellation_period': 0, 'cancellation_fee': 'NO', 'breakfast': 1, 'base_price': 8200, 'prices': [8200], 'price': 8200, 'old_price': 0, 'currency': 'RUB', 'payment_amount': 0, 'extras_variants': [], 'extras': [], 'rate_id': 30319, 'deals': [], 'cancellation_type': 'free', 'credit_card': 0, 'bonus': 410, 'miles': 492, 'min_stay': 1, 'platichastyami': 0, 'mircashback': 820}, {'id': 722622, 'capacity': 2, 'prepayment': 'NO', 'nonrefundable': 0, 'cancellation_period': 0, 'cancellation_fee': 'NO', 'breakfast': 1, 'base_price': 8200, 'prices': [8200], 'price': 8200, 'old_price': 0, 'currency': 'RUB', 'payment_amount': 0, 'extras_variants': [], 'extras': [], 'rate_id': 30319, 'deals': [], 'cancellation_type': 'free', 'credit_card': 0, 'bonus': 410, 'miles': 492, 'min_stay': 1, 'platichastyami': 0, 'mircashback': 820}]",8200.0,492,48009_101hotels,2026-08-13
74035,,Стандартный номер с 1 кроватью,2,0,0,1,Двухместный,2,1,[{'double': 1}],[],"[{'id': 574190, 'capacity': 1, 'prepayment': 'NO', 'nonrefundable': 0, 'cancellation_period': 0, 'cancellation_fee': 'NO', 'breakfast': 0, 'base_price': 4200, 'prices': [4200], 'price': 4200, 'old_price': 4200, 'currency': 'RUB', 'payment_amount': 0, 'extras_variants': [], 'extras': [], 'rate_id': 19257, 'deals': [], 'cancellation_type': 'free', 'credit_card': 0, 'bonus': 210, 'miles': 252, 'min_stay': 1, 'platichastyami': 0, 'mircashback': 420}, {'id': 574191, 'capacity': 2, 'prepayment': 'NO', 'nonrefundable': 0, 'cancellation_period': 0, 'cancellation_fee': 'NO', 'breakfast': 0, 'base_price': 4200, 'prices': [4200], 'price': 4200, 'old_price': 4200, 'currency': 'RUB', 'payment_amount': 0, 'extras_variants': [], 'extras': [], 'rate_id': 19257, 'deals': [], 'cancellation_type': 'free', 'credit_card': 0, 'bonus': 210, 'miles': 252, 'min_stay': 1, 'platichastyami': 0, 'mircashback': 420}, {'id': '574190P', 'capacity': 1, 'prepayment': 'FULL', 'nonrefundable': 0, 'cancellation_period': 0, 'cancellation_fee': 'NO', 'breakfast': 0, 'base_price': 4200, 'prices': [4200], 'price': 4200, 'old_price': 4200, 'currency': 'RUB', 'payment_amount': 4200, 'extras_variants': [], 'extras': [], 'rate_id': 19257, 'deals': [], 'cancellation_type': 'free', 'credit_card': 0, 'bonus': 210, 'miles': 252, 'min_stay': 1, 'platichastyami': 0, 'mircashback': 420}, {'id': '574191P', 'capacity': 2, 'prepayment': 'FULL', 'nonrefundable': 0, 'cancellation_period': 0, 'cancellation_fee': 'NO', 'breakfast': 0, 'base_price': 4200, 'prices': [4200], 'price': 4200, 'old_price': 4200, 'currency': 'RUB', 'payment_amount': 4200, 'extras_variants': [], 'extras': [], 'rate_id': 19257, 'deals': [], 'cancellation_type': 'free', 'credit_card': 0, 'bonus': 210, 'miles': 252, 'min_stay': 1, 'platichastyami': 0, 'mircashback': 420}]",4200.0,252,14080_101hotels,2026-08-13
74036,,Стандартный номер,1,0,0,1,Одноместный,1,1,[{'single': 1}],[],"[{'id': 574188, 'capacity': 1, 'prepayment': 'NO', 'nonrefundable': 0, 'cancellation_period': 0, 'cancellation_fee': 'NO', 'breakfast': 0, 'base_price': 3350, 'prices': [3350], 'price': 3350, 'old_price': 3350, 'currency': 'RUB', 'payment_amount': 0, 'extras_variants': [], 'extras': [], 'rate_id': 19257, 'deals': [], 'cancellation_type': 'free', 'credit_card': 0, 'bonus': 168, 'miles': 201, 'min_stay': 1, 'platichastyami': 0, 'mircashback': 335}, {'id': '574188P', 'capacity': 1, 'prepayment': 'FULL', 'nonrefundable': 0, 'cancellation_period': 0, 'cancellation_fee': 'NO', 'breakfast': 0, 'base_price': 3350, 'prices': [3350], 'price': 3350, 'old_price': 3350, 'currency': 'RUB', 'payment_amount': 3350, 'extras_variants': [], 'extras': [], 'rate_id': 19257, 'deals': [], 'cancellation_type': 'free', 'credit_card': 0, 'bonus': 168, 'miles': 201, 'min_stay': 1, 'platichastyami': 0, 'mircashback': 335}]",3350.0,201,14080_101hotels,2026-08-13
74037,,Стандартный номер с 2 отдельными кроватями,2,0,0,1,Двухместный,2,2,[{'single': 2}],[],"[{'id': 574192, 'capacity': 1, 'prepayment': 'NO', 'nonrefundable': 0, 'cancellation_period': 0, 'cancellation_fee': 'NO', 'breakfast': 0, 'base_price': 4200, 'prices': [4200], 'price': 4200, 'old_price': 4200, 'currency': 'RUB', 'payment_amount': 0, 'extras_variants': [], 'extras': [], 'rate_id': 19257, 'deals': [], 'cancellation_type': 'free', 'credit_card': 0, 'bonus': 210, 'miles': 252, 'min_stay': 1, 'platichastyami': 0, 'mircashback': 420}, {'id': 574193, 'capacity': 2, 'prepayment': 'NO', 'nonrefundable': 0, 'cancellation_period': 0, 'cancellation_fee': 'NO', 'breakfast': 0, 'base_price': 4200, 'prices': [4200], 'price': 4200, 'old_price': 4200, 'currency': 'RUB', 'payment_amount': 0, 'extras_variants': [], 'extras': [], 'rate_id': 19257, 'deals': [], 'cancellation_type': 'free', 'credit_card': 0, 'bonus': 210, 'miles': 252, 'min_stay': 1, 'platichastyami': 0, 'mircashback': 420}, {'id': '574192P', 'capacity': 1, 'prepayment': 'FULL', 'nonrefundable': 0, 'cancellation_period': 0, 'cancellation_fee': 'NO', 'breakfast': 0, 'base_price': 4200, 'prices': [4200], 'price': 4200, 'old_price': 4200, 'currency': 'RUB', 'payment_amount': 4200, 'extras_variants': [], 'extras': [], 'rate_id': 19257, 'deals': [], 'cancellation_type': 'free', 'credit_card': 0, 'bonus': 210, 'miles': 252, 'min_stay': 1, 'platichastyami': 0, 'mircashback': 420}, {'id': '574193P', 'capacity': 2, 'prepayment': 'FULL', 'nonrefundable': 0, 'cancellation_period': 0, 'cancellation_fee': 'NO', 'breakfast': 0, 'base_price': 4200, 'prices': [4200], 'price': 4200, 'old_price': 4200, 'currency': 'RUB', 'payment_amount': 4200, 'extras_variants': [], 'extras': [], 'rate_id': 19257, 'deals': [], 'cancellation_type': 'free', 'credit_card': 0, 'bonus': 210, 'miles': 252, 'min_stay': 1, 'platichastyami': 0, 'mircashback': 420}]",4200.0,252,14080_101hotels,2026-08-13
74038,,Улучшенный номер с 1 кроватью,2,0,0,1,Двухместный,2,1,[{'double': 1}],[],"[{'id': 574194, 'capacity': 1, 'prepayment': 'NO', 'nonrefundable': 0, 'cancellation_period': 0, 'cancellation_fee': 'NO', 'breakfast': 0, 'base_price': 4800, 'prices': [4800], 'price': 4800, 'old_price': 4800, 'currency': 'RUB', 'payment_amount': 0, 'extras_variants': [], 'extras': [], 'rate_id': 19257, 'deals': [], 'cancellation_type': 'free', 'credit_card': 0, 'bonus': 240, 'miles': 288, 'min_stay': 1, 'platichastyami': 0, 'mircashback': 480}, {'id': 574195, 'capacity': 2, 'prepayment': 'NO', 'nonrefundable': 0, 'cancellation_period': 0, 'cancellation_fee': 'NO', 'breakfast': 0, 'base_price': 4800, 'prices': [4800], 'price': 4800, 'old_price': 4800, 'currency': 'RUB', 'payment_amount': 0, 'extras_variants': [], 'extras': [], 'rate_id': 19257, 'deals': [], 'cancellation_type': 'free', 'credit_card': 0, 'bonus': 240, 'miles': 288, 'min_stay': 1, 'platichastyami': 0, 'mircashback': 480}, {'id': '574194P', 'capacity': 1, 'prepayment': 'FULL', 'nonrefundable': 0, 'cancellation_period': 0, 'cancellation_fee': 'NO', 'breakfast': 0, 'base_price': 4800, 'prices': [4800], 'price': 4800, 'old_price': 4800, 'currency': 'RUB', 'payment_amount': 4800, 'extras_variants': [], 'extras': [], 'rate_id': 19257, 'deals': [], 'cancellation_type': 'free', 'credit_card': 0, 'bonus': 240, 'miles': 288, 'min_stay': 1, 'platichastyami': 0, 'mircashback': 480}, {'id': '574195P', 'capacity': 2, 'prepayment': 'FULL', 'nonrefundable': 0, 'cancellation_period': 0, 'cancellation_fee': 'NO', 'breakfast': 0, 'base_price': 4800, 'prices': [4800], 'price': 4800, 'old_price': 4800, 'currency': 'RUB', 'payment_amount': 4800, 'extras_variants': [], 'extras': [], 'rate_id': 19257, 'deals': [], 'cancellation_type': 'free', 'credit_card': 0, 'bonus': 240, 'miles': 288, 'min_stay': 1, 'platichastyami': 0, 'mircashback': 480}]",4800.0,288,14080_101hotels,2026-08-13
74039,,Улучшенный номер с 2 отдельными кроватями,2,0,0,1,Двухместный,2,3,[{'single': 2}],[],"[{'id': 574196, 'capacity': 1, 'prepayment': 'NO', 'nonrefundable': 0, 'cancellation_period': 0, 'cancellation_fee': 'NO', 'breakfast': 0, 'base_price': 4800, 'prices': [4800], 'price': 4800, 'old_price': 4800, 'currency': 'RUB', 'payment_amount': 0, 'extras_variants': [], 'extras': [], 'rate_id': 19257, 'deals': [], 'cancellation_type': 'free', 'credit_card': 0, 'bonus': 240, 'miles': 288, 'min_stay': 1, 'platichastyami': 0, 'mircashback': 480}, {'id': 574197, 'capacity': 2, 'prepayment': 'NO', 'nonrefundable': 0, 'cancellation_period': 0, 'cancellation_fee': 'NO', 'breakfast': 0, 'base_price': 4800, 'prices': [4800], 'price': 4800, 'old_price': 4800, 'currency': 'RUB', 'payment_amount': 0, 'extras_variants': [], 'extras': [], 'rate_id': 19257, 'deals': [], 'cancellation_type': 'free', 'credit_card': 0, 'bonus': 240, 'miles': 288, 'min_stay': 1, 'platichastyami': 0, 'mircashback': 480}, {'id': '574196P', 'capacity': 1, 'prepayment': 'FULL', 'nonrefundable': 0, 'cancellation_period': 0, 'cancellation_fee': 'NO', 'breakfast': 0, 'base_price': 4800, 'prices': [4800], 'price': 4800, 'old_price': 4800, 'currency': 'RUB', 'payment_amount': 4800, 'extras_variants': [], 'extras': [], 'rate_id': 19257, 'deals': [], 'cancellation_type': 'free', 'credit_card': 0, 'bonus': 240, 'miles': 288, 'min_stay': 1, 'platichastyami': 0, 'mircashback': 480}, {'id': '574197P', 'capacity': 2, 'prepayment': 'FULL', 'nonrefundable': 0, 'cancellation_period': 0, 'cancellation_fee': 'NO', 'breakfast': 0, 'base_price': 4800, 'prices': [4800], 'price': 4800, 'old_price': 4800, 'currency': 'RUB', 'payment_amount': 4800, 'extras_variants': [], 'extras': [], 'rate_id': 19257, 'deals': [], 'cancellation_type': 'free', 'credit_card': 0, 'bonus': 240, 'miles': 288, 'min_stay': 1, 'platichastyami': 0, 'mircashback': 480}]",4800.0,288,14080_101hotels,2026-08-13
74041,,Стандарт премиум,2,0,0,1,Сюит,27,1,"[{'double': 1, 'sofa': 1}]",[],"[{'id': 574198, 'capacity': 1, 'prepayment': 'NO', 'nonrefundable': 0, 'cancellation_period': 0, 'cancellation_fee': 'NO', 'breakfast': 0, 'base_price': 6800, 'prices': [6800], 'price': 6800, 'old_price': 6800, 'currency': 'RUB', 'payment_amount': 0, 'extras_variants': [], 'extras': [], 'rate_id': 19257, 'deals': [], 'cancellation_type': 'free', 'credit_card': 0, 'bonus': 340, 'miles': 408, 'min_stay': 1, 'platichastyami': 0, 'mircashback': 680}, {'id': 574199, 'capacity': 2, 'prepayment': 'NO', 'nonrefundable': 0, 'cancellation_period': 0, 'cancellation_fee': 'NO', 'breakfast': 0, 'base_price': 6800, 'prices': [6800], 'price': 6800, 'old_price': 6800, 'currency': 'RUB', 'payment_amount': 0, 'extras_variants': [], 'extras': [], 'rate_id': 19257, 'deals': [], 'cancellation_type': 'free', 'credit_card': 0, 'bonus': 340, 'miles': 408, 'min_stay': 1, 'platichastyami': 0, 'mircashback': 680}, {'id': '574198P', 'capacity': 1, 'prepayment': 'FULL', 'nonrefundable': 0, 'cancellation_period': 0, 'cancellation_fee': 'NO', 'breakfast': 0, 'base_price': 6800, 'prices': [6800], 'price': 6800, 'old_price': 6800, 'currency': 'RUB', 'payment_amount': 6800, 'extras_variants': [], 'extras': [], 'rate_id': 19257, 'deals': [], 'cancellation_type': 'free', 'credit_card': 0, 'bonus': 340, 'miles': 408, 'min_stay': 1, 'platichastyami': 0, 'mircashback': 680}, {'id': '574199P', 'capacity': 2, 'prepayment': 'FULL', 'nonrefundable': 0, 'cancellation_period': 0, 'cancellation_fee': 'NO', 'breakfast': 0, 'base_price': 6800, 'prices': [6800], 'price': 6800, 'old_price': 6800, 'currency': 'RUB', 'payment_amount': 6800, 'extras_variants': [], 'extras': [], 'rate_id': 19257, 'deals': [], 'cancellation_type': 'free', 'credit_card': 0, 'bonus': 340, 'miles': 408, 'min_stay': 1, 'platichastyami': 0, 'mircashback': 680}]",6800.0,408,14080_101hotels,2026-08-13
5699,,Бизнес-Стандарт,1,0,0,1,Одноместный,1,2,[{'single': 1}],"[{'id': '32225', 'number': '1', 'min_age': '0', 'max_age': '7', 'is_extra_bed': '0', 'extra_bed_type_id': '0'}]","[{'id': 505518, 'capacity': 1, 'prepayment': 'NO', 'nonrefundable': 0, 'cancellation_period': 0, 'cancellation_fee': 'NO', 'breakfast': 0, 'base_price': 5750, 'prices': [5750], 'price': 5750, 'old_price': 0, 'currency': 'RUB', 'payment_amount': 0, 'extras_variants': [], 'extras': {'32225': {'id': 32225, 'number': 1, 'extra_bed_type_id': 0, 'age': [0, 7], 'extra_bed': 0, 'free': 1}}, 'rate_id': 14781, 'deals': [], 'cancellation_type': 'free', 'credit_card': 0, 'bonus': 288, 'miles': 345, 'min_stay': 1, 'platichastyami': 0, 'mircashback': 575}, {'id': 289365, 'capacity': 1, 'prepayment': 'NO', 'nonrefundable': 0, 'cancellation_period': 0, 'cancellation_fee': 'NO', 'breakfast': 6, 'base_price': 6000, 'prices': [6000], 'price': 6000, 'old_price': 0, 'currency': 'RUB', 'payment_amount': 0, 'extras_variants': [], 'extras': {'32225': {'id': 32225, 'number': 1, 'extra_bed_type_id': 0, 'age': [0, 7], 'extra_bed': 0, 'free': 1}}, 'rate_id': 1933, 'deals': [], 'cancellation_type': 'free', 'credit_card': 0, 'bonus': 300, 'miles': 360, 'min_stay': 1, 'platichastyami': 0, 'mircashback': 600}]",5750.0,345,220_101hotels,2026-08-13
5701,,Стандарт,1,0,0,1,Одноместный,1,2,[{'single': 1}],"[{'id': '32231', 'number': '1', 'min_age': '0', 'max_age': '7', 'is_extra_bed': '0', 'extra_bed_type_id': '0'}]","[{'id': 505519, 'capacity': 1, 'prepayment': 'NO', 'nonrefundable': 0, 'cancellation_period': 0, 'cancellation_fee': 'NO', 'breakfast': 0, 'base_price': 5250, 'prices': [5250], 'price': 5250, 'old_price': 0, 'currency': 'RUB', 'payment_amount': 0, 'extras_variants': [], 'extras': {'32231': {'id': 32231, 'number': 1, 'extra_bed_type_id': 0, 'age': [0, 7], 'extra_bed': 0, 'free': 1}}, 'rate_id': 14781, 'deals': [], 'cancellation_type': 'free', 'credit_card': 0, 'bonus': 263, 'miles': 315, 'min_stay': 1, 'platichastyami': 0, 'mircashback': 525}, {'id': 289354, 'capacity': 1, 'prepayment': 'NO', 'nonrefundable': 0, 'cancellation_period': 0, 'cancellation_fee': 'NO', 'breakfast': 6, 'base_price': 5500, 'prices': [5500], 'price': 5500, 'old_price': 0, 'currency': 'RUB', 'payment_amount': 0, 'extras_variants': [], 'extras': {'32231': {'id': 32231, 'number': 1, 'extra_bed_type_id': 0, 'age': [0, 7], 'extra_bed': 0, 'free': 1}}, 'rate_id': 1933, 'deals': [], 'cancellation_type': 'free', 'credit_card': 0, 'bonus': 275, 'miles': 330, 'min_stay': 1, 'platichastyami': 0, 'mircashback': 550}]",5250.0,315,220_101hotels,2026-08-13
5708,,Бизнес-Стандарт 2 кровати,2,0,0,1,Двухместный,2,18,[{'single': 2}],"[{'id': '32230', 'number': '1', 'min_age': '0', 'max_age': '7', 'is_extra_bed': '0', 'extra_bed_type_id': '0'}]","[{'id': 505520, 'capacity': 1, 'prepayment': 'NO', 'nonrefundable': 0, 'cancellation_period': 0, 'cancellation_fee': 'NO', 'breakfast': 0, 'base_price': 6650, 'prices': [6650], 'price': 6650, 'old_price': 0, 'currency': 'RUB', 'payment_amount': 0, 'extras_variants': [], 'extras': {'32230': {'id': 32230, 'number': 1, 'extra_bed_type_id': 0, 'age': [0, 7], 'extra_bed': 0, 'free': 1}}, 'rate_id': 14781, 'deals': [], 'cancellation_type': 'free', 'credit_card': 0, 'bonus': 333, 'miles': 399, 'min_stay': 1, 'platichastyami': 0, 'mircashback': 665}, {'id': 289355, 'capacity': 1, 'prepayment': 'NO', 'nonrefundable': 0, 'cancellation_period': 0, 'cancellation_fee': 'NO', 'breakfast': 6, 'base_price': 6900, 'prices': [6900], 'price': 6900, 'old_price': 0, 'currency': 'RUB', 'payment_amount': 0, 'extras_variants': [], 'extras': {'32230': {'id': 32230, 'number': 1, 'extra_bed_type_id': 0, 'age': [0, 7], 'extra_bed': 0, 'free': 1}}, 'rate_id': 1933, 'deals': [], 'cancellation_type': 'free', 'credit_card': 0, 'bonus': 345, 'miles': 414, 'min_stay': 1, 'platichastyami': 0, 'mircashback': 690}, {'id': 505521, 'capacity': 2, 'prepayment': 'NO', 'nonrefundable': 0, 'cancellation_period': 0, 'cancellation_fee': 'NO', 'breakfast': 0, 'base_price': 7200, 'prices': [7200], 'price': 7200, 'old_price': 0, 'currency': 'RUB', 'payment_amount': 0, 'extras_variants': [], 'extras': {'32230': {'id': 32230, 'number': 1, 'extra_bed_type_id': 0, 'age': [0, 7], 'extra_bed': 0, 'free': 1}}, 'rate_id': 14781, 'deals': [], 'cancellation_type': 'free', 'credit_card': 0, 'bonus': 360, 'miles': 432, 'min_stay': 1, 'platichastyami': 0, 'mircashback': 720}, {'id': 289356, 'capacity': 2, 'prepayment': 'NO', 'nonrefundable': 0, 'cancellation_period': 0, 'cancellation_fee': 'NO', 'breakfast': 6, 'base_price': 7700, 'prices': [7700], 'price': 7700, 'old_price': 0, 'currency': 'RUB', 'payment_amount': 0, 'extras_variants': [], 'extras': {'32230': {'id': 32230, 'number': 1, 'extra_bed_type_id': 0, 'age': [0, 7], 'extra_bed': 0, 'free': 1}}, 'rate_id': 1933, 'deals': [], 'cancellation_type': 'free', 'credit_card': 0, 'bonus': 385, 'miles': 462, 'min_stay': 1, 'platichastyami': 0, 'mircashback': 770}]",6650.0,399,220_101hotels,2026-08-13
5713,,Стандарт,2,0,0,1,Двухместный,2,3,[{'single': 2}],"[{'id': '32227', 'number': '1', 'min_age': '0', 'max_age': '7', 'is_extra_bed': '0', 'extra_bed_type_id': '0'}]","[{'id': 505522, 'capacity': 1, 'prepayment': 'NO', 'nonrefundable': 0, 'cancellation_period': 0, 'cancellation_fee': 'NO', 'breakfast': 0, 'base_price': 6050, 'prices': [6050], 'price': 6050, 'old_price': 0, 'currency': 'RUB', 'payment_amount': 0, 'extras_variants': [], 'extras': {'32227': {'id': 32227, 'number': 1, 'extra_bed_type_id': 0, 'age': [0, 7], 'extra_bed': 0, 'free': 1}}, 'rate_id': 14781, 'deals': [], 'cancellation_type': 'free', 'credit_card': 0, 'bonus': 303, 'miles': 363, 'min_stay': 1, 'platichastyami': 0, 'mircashback': 605}, {'id': 289357, 'capacity': 1, 'prepayment': 'NO', 'nonrefundable': 0, 'cancellation_period': 0, 'cancellation_fee': 'NO', 'breakfast': 6, 'base_price': 6300, 'prices': [6300], 'price': 6300, 'old_price': 0, 'currency': 'RUB', 'payment_amount': 0, 'extras_variants': [], 'extras': {'32227': {'id': 32227, 'number': 1, 'extra_bed_type_id': 0, 'age': [0, 7], 'extra_bed': 0, 'free': 1}}, 'rate_id': 1933, 'deals': [], 'cancellation_type': 'free', 'credit_card': 0, 'bonus': 315, 'miles': 378, 'min_stay': 1, 'platichastyami': 0, 'mircashback': 630}, {'id': 505523, 'capacity': 2, 'prepayment': 'NO', 'nonrefundable': 0, 'cancellation_period': 0, 'cancellation_fee': 'NO', 'breakfast': 0, 'base_price': 6600, 'prices': [6600], 'price': 6600, 'old_price': 0, 'currency': 'RUB', 'payment_amount': 0, 'extras_variants': [], 'extras': {'32227': {'id': 32227, 'number': 1, 'extra_bed_type_id': 0, 'age': [0, 7], 'extra_bed': 0, 'free': 1}}, 'rate_id': 14781, 'deals': [], 'cancellation_type': 'free', 'credit_card': 0, 'bonus': 330, 'miles': 396, 'min_stay': 1, 'platichastyami': 0, 'mircashback': 660}, {'id': 289358, 'capacity': 2, 'prepayment': 'NO', 'nonrefundable': 0, 'cancellation_period': 0, 'cancellation_fee': 'NO', 'breakfast': 6, 'base_price': 7100, 'prices': [7100], 'price': 7100, 'old_price': 0, 'currency': 'RUB', 'payment_amount': 0, 'extras_variants': [], 'extras': {'32227': {'id': 32227, 'number': 1, 'extra_bed_type_id': 0, 'age': [0, 7], 'extra_bed': 0, 'free': 1}}, 'rate_id': 1933, 'deals': [], 'cancellation_type': 'free', 'credit_card': 0, 'bonus': 355, 'miles': 426, 'min_stay': 1, 'platichastyami': 0, 'mircashback': 710}]",6050.0,363,220_101hotels,2026-08-13
5722,,Джуниор Сюит,2,1,0,1,Делюкс,29,3,[{'double': 1}],"[{'id': '32232', 'number': '1', 'min_age': '0', 'max_age': '7', 'is_extra_bed': '0', 'extra_bed_type_id': '0'}]","[{'id': 505528, 'capacity': 1, 'prepayment': 'NO', 'nonrefundable': 0, 'cancellation_period': 0, 'cancellation_fee': 'NO', 'breakfast': 0, 'base_price': 8850, 'prices': [8850], 'price': 8850, 'old_price': 0, 'currency': 'RUB', 'payment_amount': 0, 'extras_variants': [], 'extras': {'32232': {'id': 32232, 'number': 1, 'extra_bed_type_id': 0, 'age': [0, 7], 'extra_bed': 0, 'free': 1}}, 'rate_id': 14781, 'deals': [], 'cancellation_type': 'free', 'credit_card': 0, 'bonus': 443, 'miles': 531, 'min_stay': 1, 'platichastyami': 0, 'mircashback': 885}, {'id': 289363, 'capacity': 1, 'prepayment': 'NO', 'nonrefundable': 0, 'cancellation_period': 0, 'cancellation_fee': 'NO', 'breakfast': 6, 'base_price': 9100, 'prices': [9100], 'price': 9100, 'old_price': 0, 'currency': 'RUB', 'payment_amount': 0, 'extras_variants': [], 'extras': {'32232': {'id': 32232, 'number': 1, 'extra_bed_type_id': 0, 'age': [0, 7], 'extra_bed': 0, 'free': 1}}, 'rate_id': 1933, 'deals': [], 'cancellation_type': 'free', 'credit_card': 0, 'bonus': 455, 'miles': 546, 'min_stay': 1, 'platichastyami': 0, 'mircashback': 910}, {'id': 505529, 'capacity': 2, 'prepayment': 'NO', 'nonrefundable': 0, 'cancellation_period': 0, 'cancellation_fee': 'NO', 'breakfast': 0, 'base_price': 9600, 'prices': [9600], 'price': 9600, 'old_price': 0, 'currency': 'RUB', 'payment_amount': 0, 'extras_variants': [], 'extras': {'32232': {'id': 32232, 'number': 1, 'extra_bed_type_id': 0, 'age': [0, 7], 'extra_bed': 0, 'free': 1}}, 'rate_id': 14781, 'deals': [], 'cancellation_type': 'free', 'credit_card': 0, 'bonus': 480, 'miles': 576, 'min_stay': 1, 'platichastyami': 0, 'mircashback': 960}, {'id': 289364, 'capacity': 2, 'prepayment': 'NO', 'nonrefundable': 0, 'cancellation_period': 0, 'cancellation_fee': 'NO', 'breakfast': 6, 'base_price': 10100, 'prices': [10100], 'price': 10100, 'old_price': 0, 'currency': 'RUB', 'payment_amount': 0, 'extras_variants': [], 'extras': {'32232': {'id': 32232, 'number': 1, 'extra_bed_type_id': 0, 'age': [0, 7], 'extra_bed': 0, 'free': 1}}, 'rate_id': 1933, 'deals': [], 'cancellation_type': 'free', 'credit_card': 0, 'bonus': 505, 'miles': 606, 'min_stay': 1, 'platichastyami': 0, 'mircashback': 1010}]",8850.0,531,220_101hotels,2026-08-13
2286098,,Business Suite,2,2,0,1,Сюит,27,4,"[{'double': 1, 'sofa': 1}]","[{'id': '15506', 'number': '1', 'min_age': '0', 'max_age': '7', 'is_extra_bed': '0', 'extra_bed_type_id': '0'}]","[{'id': 922259, 'capacity': 1, 'prepayment': 'NO', 'nonrefundable': 0, 'cancellation_period': 0, 'cancellation_fee': 'NO', 'breakfast': 0, 'base_price': 12200, 'prices': [12200], 'price': 12200, 'old_price': 12200, 'currency': 'RUB', 'payment_amount': 0, 'extras_variants': [], 'extras': {'15506': {'id': 15506, 'number': 1, 'extra_bed_type_id': 0, 'age': [0, 7], 'extra_bed': 0, 'free': 1}}, 'rate_id': 283, 'deals': [], 'cancellation_type': 'free', 'credit_card': 0, 'bonus': 610, 'miles': 732, 'min_stay': 1, 'platichastyami': 0, 'mircashback': 1220}, {'id': 922257, 'capacity': 1, 'prepayment': 'NO', 'nonrefundable': 0, 'cancellation_period': 0, 'cancellation_fee': 'NO', 'breakfast': 1, 'base_price': 13700, 'prices': [13700], 'price': 13700, 'old_price': 13700, 'currency': 'RUB', 'payment_amount': 0, 'extras_variants': [], 'extras': {'15506': {'id': 15506, 'number': 1, 'extra_bed_type_id': 0, 'age': [0, 7], 'extra_bed': 0, 'free': 1}}, 'rate_id': 282, 'deals': [], 'cancellation_type': 'free', 'credit_card': 0, 'bonus': 685, 'miles': 822, 'min_stay': 1, 'platichastyami': 0, 'mircashback': 1370}, {'id': 922260, 'capacity': 2, 'prepayment': 'NO', 'nonrefundable': 0, 'cancellation_period': 0, 'cancellation_fee': 'NO', 'breakfast': 0, 'base_price': 13200, 'prices': [13200], 'price': 13200, 'old_price': 13200, 'currency': 'RUB', 'payment_amount': 0, 'extras_variants': [], 'extras': {'15506': {'id': 15506, 'number': 1, 'extra_bed_type_id': 0, 'age': [0, 7], 'extra_bed': 0, 'free': 1}}, 'rate_id': 283, 'deals': [], 'cancellation_type': 'free', 'credit_card': 0, 'bonus': 660, 'miles': 792, 'min_stay': 1, 'platichastyami': 0, 'mircashback': 1320}, {'id': 922258, 'capacity': 2, 'prepayment': 'NO', 'nonrefundable': 0, 'cancellation_period': 0, 'cancellation_fee': 'NO', 'breakfast': 1, 'base_price': 16200, 'prices': [16200], 'price': 16200, 'old_price': 16200, 'currency': 'RUB', 'payment_amount': 0, 'extras_variants': [], 'extras': {'15506': {'id': 15506, 'number': 1, 'extra_bed_type_id': 0, 'age': [0, 7], 'extra_bed': 0, 'free': 1}}, 'rate_id': 282, 'deals': [], 'cancellation_type': 'free', 'credit_card': 0, 'bonus': 810, 'miles': 972, 'min_stay': 1, 'platichastyami': 0, 'mircashback': 1620}, {'id': '922259P', 'capacity': 1, 'prepayment': 'FULL', 'nonrefundable': 0, 'cancellation_period': 0, 'cancellation_fee': 'NO', 'breakfast': 0, 'base_price': 12200, 'prices': [12200], 'price': 12200, 'old_price': 12200, 'currency': 'RUB', 'payment_amount': 12200, 'extras_variants': [], 'extras': {'15506': {'id': 15506, 'number': 1, 'extra_bed_type_id': 0, 'age': [0, 7], 'extra_bed': 0, 'free': 1}}, 'rate_id': 283, 'deals': [], 'cancellation_type': 'free', 'credit_card': 0, 'bonus': 610, 'miles': 732, 'min_stay': 1, 'platichastyami': 0, 'mircashback': 1220}, {'id': '922257P', 'capacity': 1, 'prepayment': 'FULL', 'nonrefundable': 0, 'cancellation_period': 0, 'cancellation_fee': 'NO', 'breakfast': 1, 'base_price': 13700, 'prices': [13700], 'price': 13700, 'old_price': 13700, 'currency': 'RUB', 'payment_amount': 13700, 'extras_variants': [], 'extras': {'15506': {'id': 15506, 'number': 1, 'extra_bed_type_id': 0, 'age': [0, 7], 'extra_bed': 0, 'free': 1}}, 'rate_id': 282, 'deals': [], 'cancellation_type': 'free', 'credit_card': 0, 'bonus': 685, 'miles': 822, 'min_stay': 1, 'platichastyami': 0, 'mircashback': 1370}, {'id': '922260P', 'capacity': 2, 'prepayment': 'FULL', 'nonrefundable': 0, 'cancellation_period': 0, 'cancellation_fee': 'NO', 'breakfast': 0, 'base_price': 13200, 'prices': [13200], 'price': 13200, 'old_price': 13200, 'currency': 'RUB', 'payment_amount': 13200, 'extras_variants': [], 'extras': {'15506': {'id': 15506, 'number': 1, 'extra_bed_type_id': 0, 'age': [0, 7], 'extra_bed': 0, 'free': 1}}, 'rate_id': 283, 'deals': [], 'cancellation_type': 'free', 'credit_card': 0, 'bonus': 660, 'miles': 792, 'min_stay': 1, 'platichastyami': 0, 'mircashback': 1320}, {'id': '922258P', 'capacity': 2, 'prepayment': 'FULL', 'nonrefundable': 0, 'cancellation_period': 0, 'cancellation_fee': 'NO', 'breakfast': 1, 'base_price': 16200, 'prices': [16200], 'price': 16200, 'old_price': 16200, 'currency': 'RUB', 'payment_amount': 16200, 'extras_variants': [], 'extras': {'15506': {'id': 15506, 'number': 1, 'extra_bed_type_id': 0, 'age': [0, 7], 'extra_bed': 0, 'free': 1}}, 'rate_id': 282, 'deals': [], 'cancellation_type': 'free', 'credit_card': 0, 'bonus': 810, 'miles': 972, 'min_stay': 1, 'platichastyami': 0, 'mircashback': 1620}]",12200.0,732,560072_101hotels,2026-08-13
70634,,Джуниор Сьют,2,1,0,1,Двухместный,2,3,[{'double': 1}],[],"[{'id': 680190, 'capacity': 1, 'prepayment': 'NO', 'nonrefundable': 0, 'cancellation_period': 0, 'cancellation_fee': 'NO', 'breakfast': 0, 'base_price': 10505, 'prices': [10505], 'price': 9454.5, 'old_price': 0, 'currency': 'RUB', 'payment_amount': 0, 'extras_variants': [], 'extras': [], 'rate_id': 27028, 'deals': ['BASE'], 'cancellation_type': 'free', 'credit_card': 0, 'bonus': 473, 'miles': 567, 'min_stay': 1, 'platichastyami': 0, 'mircashback': 945}, {'id': 643047, 'capacity': 1, 'prepayment': 'FIRST', 'nonrefundable': 0, 'cancellation_period': 0, 'cancellation_fee': 'NO', 'breakfast': 1, 'base_price': 10890, 'prices': [10890], 'price': 9801, 'old_price': 0, 'currency': 'RUB', 'payment_amount': 10890, 'extras_variants': [], 'extras': [], 'rate_id': 24319, 'deals': ['BASE'], 'cancellation_type': 'free', 'credit_card': 1, 'bonus': 490, 'miles': 588, 'min_stay': 1, 'platichastyami': 0, 'mircashback': 980}, {'id': 680191, 'capacity': 2, 'prepayment': 'NO', 'nonrefundable': 0, 'cancellation_period': 0, 'cancellation_fee': 'NO', 'breakfast': 0, 'base_price': 11440, 'prices': [11440], 'price': 10296, 'old_price': 0, 'currency': 'RUB', 'payment_amount': 0, 'extras_variants': [], 'extras': [], 'rate_id': 27028, 'deals': ['BASE'], 'cancellation_type': 'free', 'credit_card': 0, 'bonus': 515, 'miles': 615, 'min_stay': 1, 'platichastyami': 0, 'mircashback': 1030}, {'id': 643048, 'capacity': 2, 'prepayment': 'FIRST', 'nonrefundable': 0, 'cancellation_period': 0, 'cancellation_fee': 'NO', 'breakfast': 1, 'base_price': 12210, 'prices': [12210], 'price': 10989, 'old_price': 0, 'currency': 'RUB', 'payment_amount': 12210, 'extras_variants': [], 'extras': [], 'rate_id': 24319, 'deals': ['BASE'], 'cancellation_type': 'free', 'credit_card': 1, 'bonus': 549, 'miles': 657, 'min_stay': 1, 'platichastyami': 0, 'mircashback': 1099}]",9454.5,567,13173_101hotels,2026-08-13
70635,,Стандарт,2,0,0,1,Двухместный,2,2,[{'single': 2}],[],"[{'id': 680192, 'capacity': 1, 'prepayment': 'NO', 'nonrefundable': 0, 'cancellation_period': 0, 'cancellation_fee': 'NO', 'breakfast': 0, 'base_price': 8305, 'prices': [8305], 'price': 7474.5, 'old_price': 0, 'currency': 'RUB', 'payment_amount': 0, 'extras_variants': [], 'extras': [], 'rate_id': 27028, 'deals': ['BASE'], 'cancellation_type': 'free', 'credit_card': 0, 'bonus': 374, 'miles': 447, 'min_stay': 1, 'platichastyami': 0, 'mircashback': 747}, {'id': 643049, 'capacity': 1, 'prepayment': 'FIRST', 'nonrefundable': 0, 'cancellation_period': 0, 'cancellation_fee': 'NO', 'breakfast': 1, 'base_price': 8690, 'prices': [8690], 'price': 7821, 'old_price': 0, 'currency': 'RUB', 'payment_amount': 8690, 'extras_variants': [], 'extras': [], 'rate_id': 24319, 'deals': ['BASE'], 'cancellation_type': 'free', 'credit_card': 1, 'bonus': 391, 'miles': 468, 'min_stay': 1, 'platichastyami': 0, 'mircashback': 782}, {'id': 680193, 'capacity': 2, 'prepayment': 'NO', 'nonrefundable': 0, 'cancellation_period': 0, 'cancellation_fee': 'NO', 'breakfast': 0, 'base_price': 9240, 'prices': [9240], 'price': 8316, 'old_price': 0, 'currency': 'RUB', 'payment_amount': 0, 'extras_variants': [], 'extras': [], 'rate_id': 27028, 'deals': ['BASE'], 'cancellation_type': 'free', 'credit_card': 0, 'bonus': 416, 'miles': 498, 'min_stay': 1, 'platichastyami': 0, 'mircashback': 832}, {'id': 643050, 'capacity': 2, 'prepayment': 'FIRST', 'nonrefundable': 0, 'cancellation_period': 0, 'cancellation_fee': 'NO', 'breakfast': 1, 'base_price': 10010, 'prices': [10010], 'price': 9009, 'old_price': 0, 'currency': 'RUB', 'payment_amount': 10010, 'extras_variants': [], 'extras': [], 'rate_id': 24319, 'deals': ['BASE'], 'cancellation_type': 'free', 'credit_card': 1, 'bonus': 450, 'miles': 540, 'min_stay': 1, 'platichastyami': 0, 'mircashback': 901}]",7474.5,447,13173_101hotels,2026-08-13
70636,,Представительский,2,2,0,1,Люкс,6,5,[{'double': 1}],"[{'id': '6030', 'number': '1', 'min_age': '6', 'max_age': '18', 'is_extra_bed': '0', 'extra_bed_type_id': '0'}]","[{'id': 680198, 'capacity': 1, 'prepayment': 'NO', 'nonrefundable': 0, 'cancellation_period': 0, 'cancellation_fee': 'NO', 'breakfast': 0, 'base_price': 16115, 'prices': [16115], 'price': 14503.5, 'old_price': 0, 'currency': 'RUB', 'payment_amount': 0, 'extras_variants': [], 'extras': {'6030': {'id': 6030, 'number': 1, 'extra_bed_type_id': 0, 'age': [6, 18], 'extra_bed': 0, 'free': 1}}, 'rate_id': 27028, 'deals': ['BASE'], 'cancellation_type': 'free', 'credit_card': 0, 'bonus': 725, 'miles': 870, 'min_stay': 1, 'platichastyami': 0, 'mircashback': 1450}, {'id': 643055, 'capacity': 1, 'prepayment': 'FIRST', 'nonrefundable': 0, 'cancellation_period': 0, 'cancellation_fee': 'NO', 'breakfast': 1, 'base_price': 16500, 'prices': [16500], 'price': 14850, 'old_price': 0, 'currency': 'RUB', 'payment_amount': 16500, 'extras_variants': [], 'extras': {'6030': {'id': 6030, 'number': 1, 'extra_bed_type_id': 0, 'age': [6, 18], 'extra_bed': 0, 'free': 1}}, 'rate_id': 24319, 'deals': ['BASE'], 'cancellation_type': 'free', 'credit_card': 1, 'bonus': 743, 'miles': 891, 'min_stay': 1, 'platichastyami': 0, 'mircashback': 1485}, {'id': 680199, 'capacity': 2, 'prepayment': 'NO', 'nonrefundable': 0, 'cancellation_period': 0, 'cancellation_fee': 'NO', 'breakfast': 0, 'base_price': 17050, 'prices': [17050], 'price': 15345, 'old_price': 0, 'currency': 'RUB', 'payment_amount': 0, 'extras_variants': [], 'extras': {'6030': {'id': 6030, 'number': 1, 'extra_bed_type_id': 0, 'age': [6, 18], 'extra_bed': 0, 'free': 1}}, 'rate_id': 27028, 'deals': ['BASE'], 'cancellation_type': 'free', 'credit_card': 0, 'bonus': 767, 'miles': 918, 'min_stay': 1, 'platichastyami': 0, 'mircashback': 1535}, {'id': 643056, 'capacity': 2, 'prepayment': 'FIRST', 'nonrefundable': 0, 'cancellation_period': 0, 'cancellation_fee': 'NO', 'breakfast': 1, 'base_price': 17820, 'prices': [17820], 'price': 16038, 'old_price': 0, 'currency': 'RUB', 'payment_amount': 17820, 'extras_variants': [], 'extras': {'6030': {'id': 6030, 'number': 1, 'extra_bed_type_id': 0, 'age': [6, 18], 'extra_bed': 0, 'free': 1}}, 'rate_id': 24319, 'deals': ['BASE'], 'cancellation_type': 'free', 'credit_card': 1, 'bonus': 802, 'miles': 960, 'min_stay': 1, 'platichastyami': 0, 'mircashback': 1604}]",14503.5,870,13173_101hotels,2026-08-13
70637,,Президентский,2,2,0,1,Люкс,6,6,[{'double': 1}],[],"[{'id': 680200, 'capacity': 1, 'prepayment': 'NO', 'nonrefundable': 0, 'cancellation_period': 0, 'cancellation_fee': 'NO', 'breakfast': 0, 'base_price': 17215, 'prices': [17215], 'price': 15493.5, 'old_price': 0, 'currency': 'RUB', 'payment_amount': 0, 'extras_variants': [], 'extras': [], 'rate_id': 27028, 'deals': ['BASE'], 'cancellation_type': 'free', 'credit_card': 0, 'bonus': 775, 'miles': 927, 'min_stay': 1, 'platichastyami': 0, 'mircashback': 1549}, {'id': 643057, 'capacity': 1, 'prepayment': 'FIRST', 'nonrefundable': 0, 'cancellation_period': 0, 'cancellation_fee': 'NO', 'breakfast': 1, 'base_price': 17600, 'prices': [17600], 'price': 15840, 'old_price': 0, 'currency': 'RUB', 'payment_amount': 17600, 'extras_variants': [], 'extras': [], 'rate_id': 24319, 'deals': ['BASE'], 'cancellation_type': 'free', 'credit_card': 1, 'bonus': 792, 'miles': 948, 'min_stay': 1, 'platichastyami': 0, 'mircashback': 1584}, {'id': 680201, 'capacity': 2, 'prepayment': 'NO', 'nonrefundable': 0, 'cancellation_period': 0, 'cancellation_fee': 'NO', 'breakfast': 0, 'base_price': 18150, 'prices': [18150], 'price': 16335, 'old_price': 0, 'currency': 'RUB', 'payment_amount': 0, 'extras_variants': [], 'extras': [], 'rate_id': 27028, 'deals': ['BASE'], 'cancellation_type': 'free', 'credit_card': 0, 'bonus': 817, 'miles': 978, 'min_stay': 1, 'platichastyami': 0, 'mircashback': 1634}, {'id': 643058, 'capacity': 2, 'prepayment': 'FIRST', 'nonrefundable': 0, 'cancellation_period': 0, 'cancellation_fee': 'NO', 'breakfast': 1, 'base_price': 18920, 'prices': [18920], 'price': 17028, 'old_price': 0, 'currency': 'RUB', 'payment_amount': 18920, 'extras_variants': [], 'extras': [], 'rate_id': 24319, 'deals': ['BASE'], 'cancellation_type': 'free', 'credit_card': 1, 'bonus': 851, 'miles': 1020, 'min_stay': 1, 'platichastyami': 0, 'mircashback': 1703}]",15493.5,927,13173_101hotels,2026-08-13
72267,,Супериор,2,1,0,1,Двухместный,2,5,[{'single': 2}],[],"[{'id': 680194, 'capacity': 1, 'prepayment': 'NO', 'nonrefundable': 0, 'cancellation_period': 0, 'cancellation_fee': 'NO', 'breakfast': 0, 'base_price': 9405, 'prices': [9405], 'price': 8464.5, 'old_price': 0, 'currency': 'RUB', 'payment_amount': 0, 'extras_variants': [], 'extras': [], 'rate_id': 27028, 'deals': ['BASE'], 'cancellation_type': 'free', 'credit_card': 0, 'bonus': 423, 'miles': 507, 'min_stay': 1, 'platichastyami': 0, 'mircashback': 846}, {'id': 643051, 'capacity': 1, 'prepayment': 'FIRST', 'nonrefundable': 0, 'cancellation_period': 0, 'cancellation_fee': 'NO', 'breakfast': 1, 'base_price': 9790, 'prices': [9790], 'price': 8811, 'old_price': 0, 'currency': 'RUB', 'payment_amount': 9790, 'extras_variants': [], 'extras': [], 'rate_id': 24319, 'deals': ['BASE'], 'cancellation_type': 'free', 'credit_card': 1, 'bonus': 441, 'miles': 528, 'min_stay': 1, 'platichastyami': 0, 'mircashback': 881}, {'id': 680195, 'capacity': 2, 'prepayment': 'NO', 'nonrefundable': 0, 'cancellation_period': 0, 'cancellation_fee': 'NO', 'breakfast': 0, 'base_price': 10340, 'prices': [10340], 'price': 9306, 'old_price': 0, 'currency': 'RUB', 'payment_amount': 0, 'extras_variants': [], 'extras': [], 'rate_id': 27028, 'deals': ['BASE'], 'cancellation_type': 'free', 'credit_card': 0, 'bonus': 465, 'miles': 558, 'min_stay': 1, 'platichastyami': 0, 'mircashback': 931}, {'id': 643052, 'capacity': 2, 'prepayment': 'FIRST', 'nonrefundable': 0, 'cancellation_period': 0, 'cancellation_fee': 'NO', 'breakfast': 1, 'base_price': 11110, 'prices': [11110], 'price': 9999, 'old_price': 0, 'currency': 'RUB', 'payment_amount': 11110, 'extras_variants': [], 'extras': [], 'rate_id': 24319, 'deals': ['BASE'], 'cancellation_type': 'free', 'credit_card': 1, 'bonus': 500, 'miles': 597, 'min_stay': 1, 'platichastyami': 0, 'mircashback': 1000}]",8464.5,507,13173_101hotels,2026-08-13
21258,,Стандарт Твин,2,0,0,1,Двухместный,2,2,"[{'single': 2}, {'double': 1}]","[{'id': '36773', 'number': '1', 'min_age': '1', 'max_age': '5', 'is_extra_bed': '0', 'extra_bed_type_id': '0'}]","[{'id': 246928, 'capacity': 1, 'prepayment': 'FIRST', 'nonrefundable': 0, 'cancellation_period': 1, 'cancellation_fee': 'FIRST', 'breakfast': 0, 'base_price': 3500, 'prices': [3500], 'price': 3500, 'old_price': 3500, 'currency': 'RUB', 'payment_amount': 3500, 'extras_variants': [], 'extras': {'36773': {'id': 36773, 'number': 1, 'extra_bed_type_id': 0, 'age': [1, 5], 'extra_bed': 0, 'free': 1}}, 'rate_id': 116, 'deals': [], 'cancellation_type': 'special', 'credit_card': 1, 'bonus': 175, 'miles': 210, 'min_stay': 1, 'platichastyami': 0, 'mircashback': 350}, {'id': 1051934, 'capacity': 1, 'prepayment': 'FIRST', 'nonrefundable': 0, 'cancellation_period': 1, 'cancellation_fee': 'FIRST', 'breakfast': 1, 'base_price': 4100, 'prices': [4100], 'price': 4100, 'old_price': 4100, 'currency': 'RUB', 'payment_amount': 4100, 'extras_variants': [], 'extras': {'36773': {'id': 36773, 'number': 1, 'extra_bed_type_id': 0, 'age': [1, 5], 'extra_bed': 0, 'free': 1}}, 'rate_id': 51374, 'deals': [], 'cancellation_type': 'special', 'credit_card': 1, 'bonus': 205, 'miles': 246, 'min_stay': 1, 'platichastyami': 0, 'mircashback': 410}, {'id': 246929, 'capacity': 2, 'prepayment': 'FIRST', 'nonrefundable': 0, 'cancellation_period': 1, 'cancellation_fee': 'FIRST', 'breakfast': 0, 'base_price': 3500, 'prices': [3500], 'price': 3500, 'old_price': 3500, 'currency': 'RUB', 'payment_amount': 3500, 'extras_variants': [], 'extras': {'36773': {'id': 36773, 'number': 1, 'extra_bed_type_id': 0, 'age': [1, 5], 'extra_bed': 0, 'free': 1}}, 'rate_id': 116, 'deals': [], 'cancellation_type': 'special', 'credit_card': 1, 'bonus': 175, 'miles': 210, 'min_stay': 1, 'platichastyami': 0, 'mircashback': 350}, {'id': 1051935, 'capacity': 2, 'prepayment': 'FIRST', 'nonrefundable': 0, 'cancellation_period': 1, 'cancellation_fee': 'FIRST', 'breakfast': 1, 'base_price': 4100, 'prices': [4100], 'price': 4100, 'old_price': 4100, 'currency': 'RUB', 'payment_amount': 4100, 'extras_variants': [], 'extras': {'36773': {'id': 36773, 'number': 1, 'extra_bed_type_id': 0, 'age': [1, 5], 'extra_bed': 0, 'free': 1}}, 'rate_id': 51374, 'deals': [], 'cancellation_type': 'special', 'credit_card': 1, 'bonus': 205, 'miles': 246, 'min_stay': 1, 'platichastyami': 0, 'mircashback': 410}]",3500.0,210,4398_101hotels,2026-08-13
27383,,Эконом Твин,2,0,0,0,Двухместный,2,2,[{'single': 2}],"[{'id': '51072', 'number': '1', 'min_age': '1', 'max_age': '5', 'is_extra_bed': '0', 'extra_bed_type_id': '0'}]","[{'id': 246930, 'capacity': 1, 'prepayment': 'FIRST', 'nonrefundable': 0, 'cancellation_period': 1, 'cancellation_fee': 'FIRST', 'breakfast': 0, 'base_price': 2300, 'prices': [2300], 'price': 2300, 'old_price': 2300, 'currency': 'RUB', 'payment_amount': 2300, 'extras_variants': [], 'extras': {'51072': {'id': 51072, 'number': 1, 'extra_bed_type_id': 0, 'age': [1, 5], 'extra_bed': 0, 'free': 1}}, 'rate_id': 116, 'deals': [], 'cancellation_type': 'special', 'credit_card': 1, 'bonus': 115, 'miles': 138, 'min_stay': 1, 'platichastyami': 0, 'mircashback': 230}, {'id': 246931, 'capacity': 2, 'prepayment': 'FIRST', 'nonrefundable': 0, 'cancellation_period': 1, 'cancellation_fee': 'FIRST', 'breakfast': 0, 'base_price': 2300, 'prices': [2300], 'price': 2300, 'old_price': 2300, 'currency': 'RUB', 'payment_amount': 2300, 'extras_variants': [], 'extras': {'51072': {'id': 51072, 'number': 1, 'extra_bed_type_id': 0, 'age': [1, 5], 'extra_bed': 0, 'free': 1}}, 'rate_id': 116, 'deals': [], 'cancellation_type': 'special', 'credit_card': 1, 'bonus': 115, 'miles': 138, 'min_stay': 1, 'platichastyami': 0, 'mircashback': 230}]",2300.0,138,4398_101hotels,2026-08-13
1263836,,Стандарт Макси,2,0,0,1,Двухместный,2,6,"[{'single': 2}, {'single': 2}]","[{'id': '36771', 'number': '1', 'min_age': '1', 'max_age': '5', 'is_extra_bed': '0', 'extra_bed_type_id': '0'}]","[{'id': 246932, 'capacity': 1, 'prepayment': 'FIRST', 'nonrefundable': 0, 'cancellation_period': 1, 'cancellation_fee': 'FIRST', 'breakfast': 0, 'base_price': 3800, 'prices': [3800], 'price': 3800, 'old_price': 3800, 'currency': 'RUB', 'payment_amount': 3800, 'extras_variants': [], 'extras': {'36771': {'id': 36771, 'number': 1, 'extra_bed_type_id': 0, 'age': [1, 5], 'extra_bed': 0, 'free': 1}}, 'rate_id': 116, 'deals': [], 'cancellation_type': 'special', 'credit_card': 1, 'bonus': 190, 'miles': 228, 'min_stay': 1, 'platichastyami': 0, 'mircashback': 380}, {'id': 1051936, 'capacity': 1, 'prepayment': 'FIRST', 'nonrefundable': 0, 'cancellation_period': 1, 'cancellation_fee': 'FIRST', 'breakfast': 1, 'base_price': 4700, 'prices': [4700], 'price': 4700, 'old_price': 4700, 'currency': 'RUB', 'payment_amount': 4700, 'extras_variants': [], 'extras': {'36771': {'id': 36771, 'number': 1, 'extra_bed_type_id': 0, 'age': [1, 5], 'extra_bed': 0, 'free': 1}}, 'rate_id': 51374, 'deals': [], 'cancellation_type': 'special', 'credit_card': 1, 'bonus': 235, 'miles': 282, 'min_stay': 1, 'platichastyami': 0, 'mircashback': 470}, {'id': 246933, 'capacity': 2, 'prepayment': 'FIRST', 'nonrefundable': 0, 'cancellation_period': 1, 'cancellation_fee': 'FIRST', 'breakfast': 0, 'base_price': 3800, 'prices': [3800], 'price': 3800, 'old_price': 3800, 'currency': 'RUB', 'payment_amount': 3800, 'extras_variants': [], 'extras': {'36771': {'id': 36771, 'number': 1, 'extra_bed_type_id': 0, 'age': [1, 5], 'extra_bed': 0, 'free': 1}}, 'rate_id': 116, 'deals': [], 'cancellation_type': 'special', 'credit_card': 1, 'bonus': 190, 'miles': 228, 'min_stay': 1, 'platichastyami': 0, 'mircashback': 380}, {'id': 1051937, 'capacity': 2, 'prepayment': 'FIRST', 'nonrefundable': 0, 'cancellation_period': 1, 'cancellation_fee': 'FIRST', 'breakfast': 1, 'base_price': 4700, 'prices': [4700], 'price': 4700, 'old_price': 4700, 'currency': 'RUB', 'payment_amount': 4700, 'extras_variants': [], 'extras': {'36771': {'id': 36771, 'number': 1, 'extra_bed_type_id': 0, 'age': [1, 5], 'extra_bed': 0, 'free': 1}}, 'rate_id': 51374, 'deals': [], 'cancellation_type': 'special', 'credit_card': 1, 'bonus': 235, 'miles': 282, 'min_stay': 1, 'platichastyami': 0, 'mircashback': 470}]",3800.0,228,4398_101hotels,2026-08-13
2255743,,Место в номере,3,0,1,0,Трехместный,37,1,[{'single': 1}],[],"[{'id': 650399, 'capacity': 1, 'prepayment': 'FULL', 'nonrefundable': 0, 'cancellation_period': 0, 'cancellation_fee': 'NO', 'breakfast': 0, 'base_price': 1800, 'prices': [1800], 'price': 1800, 'old_price': 1800, 'currency': 'RUB', 'payment_amount': 1800, 'extras_variants': [], 'extras': [], 'rate_id': 24891, 'deals': [], 'cancellation_type': 'free', 'credit_card': 1, 'bonus': 90, 'miles': 108, 'min_stay': 1, 'platichastyami': 0, 'mircashback': 180}]",1800.0,108,14172_101hotels,2026-08-13
1567289,,Стандартный номер с 2 отдельными кроватями,2,0,0,1,Двухместный,2,3,"[{'single': 2}, {'single': 1}]","[{'id': '34012', 'number': '2', 'min_age': '1', 'max_age': '12', 'is_extra_bed': '0', 'extra_bed_type_id': '0'}]","[{'id': 521478, 'capacity': 1, 'prepayment': 'FIRST', 'nonrefundable': 0, 'cancellation_period': 1, 'cancellation_fee': 'FIRST', 'breakfast': 0, 'base_price': 3200, 'prices': [3200], 'price': 3200, 'old_price': 3200, 'currency': 'RUB', 'payment_amount': 3200, 'extras_variants': [], 'extras': {'34012': {'id': 34012, 'number': 2, 'extra_bed_type_id': 0, 'age': [1, 12], 'extra_bed': 0, 'free': 1}}, 'rate_id': 15769, 'deals': [], 'cancellation_type': 'special', 'credit_card': 1, 'bonus': 160, 'miles': 192, 'min_stay': 1, 'platichastyami': 0, 'mircashback': 320}, {'id': 521479, 'capacity': 2, 'prepayment': 'FIRST', 'nonrefundable': 0, 'cancellation_period': 1, 'cancellation_fee': 'FIRST', 'breakfast': 0, 'base_price': 4500, 'prices': [4500], 'price': 4500, 'old_price': 4500, 'currency': 'RUB', 'payment_amount': 4500, 'extras_variants': [], 'extras': {'34012': {'id': 34012, 'number': 2, 'extra_bed_type_id': 0, 'age': [1, 12], 'extra_bed': 0, 'free': 1}}, 'rate_id': 15769, 'deals': [], 'cancellation_type': 'special', 'credit_card': 1, 'bonus': 225, 'miles': 270, 'min_stay': 1, 'platichastyami': 0, 'mircashback': 450}]",3200.0,192,485325_101hotels,2026-08-13
1567290,,Семейный с кухней,4,0,0,1,Апартаменты,14,1,"[{'single': 2, 'double': 1}]","[{'id': '11531', 'number': '4', 'min_age': '1', 'max_age': '12', 'is_extra_bed': '0', 'extra_bed_type_id': '0'}]","[{'id': 521480, 'capacity': 1, 'prepayment': 'FIRST', 'nonrefundable': 0, 'cancellation_period': 1, 'cancellation_fee': 'FIRST', 'breakfast': 0, 'base_price': 5200, 'prices': [5200], 'price': 5200, 'old_price': 5200, 'currency': 'RUB', 'payment_amount': 5200, 'extras_variants': [], 'extras': {'11531': {'id': 11531, 'number': 4, 'extra_bed_type_id': 0, 'age': [1, 12], 'extra_bed': 0, 'free': 1}}, 'rate_id': 15769, 'deals': [], 'cancellation_type': 'special', 'credit_card': 1, 'bonus': 260, 'miles': 312, 'min_stay': 1, 'platichastyami': 0, 'mircashback': 520}, {'id': 521481, 'capacity': 2, 'prepayment': 'FIRST', 'nonrefundable': 0, 'cancellation_period': 1, 'cancellation_fee': 'FIRST', 'breakfast': 0, 'base_price': 5200, 'prices': [5200], 'price': 5200, 'old_price': 5200, 'currency': 'RUB', 'payment_amount': 5200, 'extras_variants': [], 'extras': {'11531': {'id': 11531, 'number': 4, 'extra_bed_type_id': 0, 'age': [1, 12], 'extra_bed': 0, 'free': 1}}, 'rate_id': 15769, 'deals': [], 'cancellation_type': 'special', 'credit_card': 1, 'bonus': 260, 'miles': 312, 'min_stay': 1, 'platichastyami': 0, 'mircashback': 520}, {'id': 524734, 'capacity': 3, 'prepayment': 'FIRST', 'nonrefundable': 0, 'cancellation_period': 1, 'cancellation_fee': 'FIRST', 'breakfast': 0, 'base_price': 6500, 'prices': [6500], 'price': 6500, 'old_price': 6500, 'currency': 'RUB', 'payment_amount': 6500, 'extras_variants': [], 'extras': {'11531': {'id': 11531, 'number': 4, 'extra_bed_type_id': 0, 'age': [1, 12], 'extra_bed': 0, 'free': 1}}, 'rate_id': 15769, 'deals': [], 'cancellation_type': 'special', 'credit_card': 1, 'bonus': 325, 'miles': 390, 'min_stay': 1, 'platichastyami': 0, 'mircashback': 650}, {'id': 524735, 'capacity': 4, 'prepayment': 'FIRST', 'nonrefundable': 0, 'cancellation_period': 1, 'cancellation_fee': 'FIRST', 'breakfast': 0, 'base_price': 6500, 'prices': [6500], 'price': 6500, 'old_price': 6500, 'currency': 'RUB', 'payment_amount': 6500, 'extras_variants': [], 'extras': {'11531': {'id': 11531, 'number': 4, 'extra_bed_type_id': 0, 'age': [1, 12], 'extra_bed': 0, 'free': 1}}, 'rate_id': 15769, 'deals': [], 'cancellation_type': 'special', 'credit_card': 1, 'bonus': 325, 'miles': 390, 'min_stay': 1, 'platichastyami': 0, 'mircashback': 650}]",5200.0,312,485325_101hotels,2026-08-13
1567291,,Семейный номер,4,0,0,1,Четырехместный,34,2,"[{'single': 2, 'double': 1}]","[{'id': '17231', 'number': '4', 'min_age': '1', 'max_age': '12', 'is_extra_bed': '0', 'extra_bed_type_id': '0'}]","[{'id': 521482, 'capacity': 1, 'prepayment': 'FIRST', 'nonrefundable': 0, 'cancellation_period': 1, 'cancellation_fee': 'FIRST', 'breakfast': 0, 'base_price': 4500, 'prices': [4500], 'price': 4500, 'old_price': 4500, 'currency': 'RUB', 'payment_amount': 4500, 'extras_variants': [], 'extras': {'17231': {'id': 17231, 'number': 4, 'extra_bed_type_id': 0, 'age': [1, 12], 'extra_bed': 0, 'free': 1}}, 'rate_id': 15769, 'deals': [], 'cancellation_type': 'special', 'credit_card': 1, 'bonus': 225, 'miles': 270, 'min_stay': 1, 'platichastyami': 0, 'mircashback': 450}, {'id': 521483, 'capacity': 2, 'prepayment': 'FIRST', 'nonrefundable': 0, 'cancellation_period': 1, 'cancellation_fee': 'FIRST', 'breakfast': 0, 'base_price': 4500, 'prices': [4500], 'price': 4500, 'old_price': 4500, 'currency': 'RUB', 'payment_amount': 4500, 'extras_variants': [], 'extras': {'17231': {'id': 17231, 'number': 4, 'extra_bed_type_id': 0, 'age': [1, 12], 'extra_bed': 0, 'free': 1}}, 'rate_id': 15769, 'deals': [], 'cancellation_type': 'special', 'credit_card': 1, 'bonus': 225, 'miles': 270, 'min_stay': 1, 'platichastyami': 0, 'mircashback': 450}, {'id': 524736, 'capacity': 3, 'prepayment': 'FIRST', 'nonrefundable': 0, 'cancellation_period': 1, 'cancellation_fee': 'FIRST', 'breakfast': 0, 'base_price': 5800, 'prices': [5800], 'price': 5800, 'old_price': 5800, 'currency': 'RUB', 'payment_amount': 5800, 'extras_variants': [], 'extras': {'17231': {'id': 17231, 'number': 4, 'extra_bed_type_id': 0, 'age': [1, 12], 'extra_bed': 0, 'free': 1}}, 'rate_id': 15769, 'deals': [], 'cancellation_type': 'special', 'credit_card': 1, 'bonus': 290, 'miles': 348, 'min_stay': 1, 'platichastyami': 0, 'mircashback': 580}, {'id': 524737, 'capacity': 4, 'prepayment': 'FIRST', 'nonrefundable': 0, 'cancellation_period': 1, 'cancellation_fee': 'FIRST', 'breakfast': 0, 'base_price': 5800, 'prices': [5800], 'price': 5800, 'old_price': 5800, 'currency': 'RUB', 'payment_amount': 5800, 'extras_variants': [], 'extras': {'17231': {'id': 17231, 'number': 4, 'extra_bed_type_id': 0, 'age': [1, 12], 'extra_bed': 0, 'free': 1}}, 'rate_id': 15769, 'deals': [], 'cancellation_type': 'special', 'credit_card': 1, 'bonus': 290, 'miles': 348, 'min_stay': 1, 'platichastyami': 0, 'mircashback': 580}]",4500.0,270,485325_101hotels,2026-08-13
602834,,Стандарт с двумя раздельными кроватями,2,0,0,1,Двухместный,2,3,[{'single': 2}],[],"[{'id': 663182, 'capacity': 1, 'prepayment': 'FIRST', 'nonrefundable': 0, 'cancellation_period': 2, 'cancellation_fee': 'FIRST', 'breakfast': 0, 'base_price': 4420, 'prices': [4420], 'price': 4420, 'old_price': 0, 'currency': 'RUB', 'payment_amount': 4420, 'extras_variants': [], 'extras': [], 'rate_id': 25839, 'deals': [], 'cancellation_type': 'special', 'credit_card': 1, 'bonus': 221, 'miles': 264, 'min_stay': 1, 'platichastyami': 0, 'mircashback': 442}, {'id': 663183, 'capacity': 2, 'prepayment': 'FIRST', 'nonrefundable': 0, 'cancellation_period': 2, 'cancellation_fee': 'FIRST', 'breakfast': 0, 'base_price': 4420, 'prices': [4420], 'price': 4420, 'old_price': 0, 'currency': 'RUB', 'payment_amount': 4420, 'extras_variants': [], 'extras': [], 'rate_id': 25839, 'deals': [], 'cancellation_type': 'special', 'credit_card': 1, 'bonus': 221, 'miles': 264, 'min_stay': 1, 'platichastyami': 0, 'mircashback': 442}]",4420.0,264,189360_101hotels,2026-08-13
602836,,,3,0,0,1,Люкс,6,2,[{'double': 1}],[],"[{'id': 663187, 'capacity': 1, 'prepayment': 'FIRST', 'nonrefundable': 0, 'cancellation_period': 2, 'cancellation_fee': 'FIRST', 'breakfast': 0, 'base_price': 7680, 'prices': [7680], 'price': 7680, 'old_price': 0, 'currency': 'RUB', 'payment_amount': 7680, 'extras_variants': [], 'extras': [], 'rate_id': 25839, 'deals': [], 'cancellation_type': 'special', 'credit_card': 1, 'bonus': 384, 'miles': 459, 'min_stay': 1, 'platichastyami': 0, 'mircashback': 768}, {'id': 663188, 'capacity': 2, 'prepayment': 'FIRST', 'nonrefundable': 0, 'cancellation_period': 2, 'cancellation_fee': 'FIRST', 'breakfast': 0, 'base_price': 7680, 'prices': [7680], 'price': 7680, 'old_price': 0, 'currency': 'RUB', 'payment_amount': 7680, 'extras_variants': [], 'extras': [], 'rate_id': 25839, 'deals': [], 'cancellation_type': 'special', 'credit_card': 1, 'bonus': 384, 'miles': 459, 'min_stay': 1, 'platichastyami': 0, 'mircashback': 768}, {'id': 663189, 'capacity': 3, 'prepayment': 'FIRST', 'nonrefundable': 0, 'cancellation_period': 2, 'cancellation_fee': 'FIRST', 'breakfast': 0, 'base_price': 7680, 'prices': [7680], 'price': 7680, 'old_price': 0, 'currency': 'RUB', 'payment_amount': 7680, 'extras_variants': [], 'extras': [], 'rate_id': 25839, 'deals': [], 'cancellation_type': 'special', 'credit_card': 1, 'bonus': 384, 'miles': 459, 'min_stay': 1, 'platichastyami': 0, 'mircashback': 768}]",7680.0,459,189360_101hotels,2026-08-13
2268583,,Улучшенный с 2 односпальными кроватями,2,0,0,1,Двухместный,2,2,[{'single': 2}],[],"[{'id': 748747, 'capacity': 1, 'prepayment': 'FIRST', 'nonrefundable': 0, 'cancellation_period': 2, 'cancellation_fee': 'FIRST', 'breakfast': 0, 'base_price': 4950, 'prices': [4950], 'price': 4950, 'old_price': 0, 'currency': 'RUB', 'payment_amount': 4950, 'extras_variants': [], 'extras': [], 'rate_id': 25839, 'deals': [], 'cancellation_type': 'special', 'credit_card': 1, 'bonus': 248, 'miles': 297, 'min_stay': 1, 'platichastyami': 0, 'mircashback': 495}, {'id': 748748, 'capacity': 2, 'prepayment': 'FIRST', 'nonrefundable': 0, 'cancellation_period': 2, 'cancellation_fee': 'FIRST', 'breakfast': 0, 'base_price': 4950, 'prices': [4950], 'price': 4950, 'old_price': 0, 'currency': 'RUB', 'payment_amount': 4950, 'extras_variants': [], 'extras': [], 'rate_id': 25839, 'deals': [], 'cancellation_type': 'special', 'credit_card': 1, 'bonus': 248, 'miles': 297, 'min_stay': 1, 'platichastyami': 0, 'mircashback': 495}]",4950.0,297,189360_101hotels,2026-08-13
2268589,,,2,1,0,1,Делюкс,29,2,[{'double': 1}],[],"[{'id': 748749, 'capacity': 1, 'prepayment': 'FIRST', 'nonrefundable': 0, 'cancellation_period': 2, 'cancellation_fee': 'FIRST', 'breakfast': 0, 'base_price': 7050, 'prices': [7050], 'price': 7050, 'old_price': 0, 'currency': 'RUB', 'payment_amount': 7050, 'extras_variants': [], 'extras': [], 'rate_id': 25839, 'deals': [], 'cancellation_type': 'special', 'credit_card': 1, 'bonus': 353, 'miles': 423, 'min_stay': 1, 'platichastyami': 0, 'mircashback': 705}, {'id': 748750, 'capacity': 2, 'prepayment': 'FIRST', 'nonrefundable': 0, 'cancellation_period': 2, 'cancellation_fee': 'FIRST', 'breakfast': 0, 'base_price': 7050, 'prices': [7050], 'price': 7050, 'old_price': 0, 'currency': 'RUB', 'payment_amount': 7050, 'extras_variants': [], 'extras': [], 'rate_id': 25839, 'deals': [], 'cancellation_type': 'special', 'credit_card': 1, 'bonus': 353, 'miles': 423, 'min_stay': 1, 'platichastyami': 0, 'mircashback': 705}]",7050.0,423,189360_101hotels,2026-08-13
2247928,,Номер 2,1,0,0,0,Одноместный,1,1,[{'single': 1}],"[{'id': '47543', 'number': '1', 'min_age': '0', 'max_age': '6', 'is_extra_bed': '0', 'extra_bed_type_id': '0'}]","[{'id': 551922, 'capacity': 1, 'prepayment': 'FIRST', 'nonrefundable': 0, 'cancellation_period': 1, 'cancellation_fee': 'FIRST', 'breakfast': 0, 'base_price': 2400, 'prices': [2400], 'price': 2400, 'old_price': 2400, 'currency': 'RUB', 'payment_amount': 2400, 'extras_variants': [], 'extras': {'47543': {'id': 47543, 'number': 1, 'extra_bed_type_id': 0, 'age': [0, 6], 'extra_bed': 0, 'free': 1}}, 'rate_id': 17619, 'deals': [], 'cancellation_type': 'special', 'credit_card': 1, 'bonus': 120, 'miles': 144, 'min_stay': 1, 'platichastyami': 0, 'mircashback': 240}]",2400.0,144,657407_101hotels,2026-08-13
2247930,,Улучшенный двухместный номер 6,2,0,0,1,Делюкс,29,1,[{'double': 1}],"[{'id': '47548', 'number': '1', 'min_age': '0', 'max_age': '6', 'is_extra_bed': '0', 'extra_bed_type_id': '0'}]","[{'id': 552468, 'capacity': 1, 'prepayment': 'FIRST', 'nonrefundable': 0, 'cancellation_period': 1, 'cancellation_fee': 'FIRST', 'breakfast': 0, 'base_price': 3600, 'prices': [3600], 'price': 3600, 'old_price': 3600, 'currency': 'RUB', 'payment_amount': 3600, 'extras_variants': [], 'extras': {'47548': {'id': 47548, 'number': 1, 'extra_bed_type_id': 0, 'age': [0, 6], 'extra_bed': 0, 'free': 1}}, 'rate_id': 17619, 'deals': [], 'cancellation_type': 'special', 'credit_card': 1, 'bonus': 180, 'miles': 216, 'min_stay': 1, 'platichastyami': 0, 'mircashback': 360}, {'id': 552469, 'capacity': 2, 'prepayment': 'FIRST', 'nonrefundable': 0, 'cancellation_period': 1, 'cancellation_fee': 'FIRST', 'breakfast': 0, 'base_price': 4200, 'prices': [4200], 'price': 4200, 'old_price': 4200, 'currency': 'RUB', 'payment_amount': 4200, 'extras_variants': [], 'extras': {'47548': {'id': 47548, 'number': 1, 'extra_bed_type_id': 0, 'age': [0, 6], 'extra_bed': 0, 'free': 1}}, 'rate_id': 17619, 'deals': [], 'cancellation_type': 'special', 'credit_card': 1, 'bonus': 210, 'miles': 252, 'min_stay': 1, 'platichastyami': 0, 'mircashback': 420}]",3600.0,216,657407_101hotels,2026-08-13
2247932,,Улучшенный трехместный 7,2,2,0,1,Полулюкс,4,1,"[{'double': 1, 'sofa': 1}]","[{'id': '47546', 'number': '1', 'min_age': '0', 'max_age': '6', 'is_extra_bed': '0', 'extra_bed_type_id': '0'}]","[{'id': 552466, 'capacity': 1, 'prepayment': 'FIRST', 'nonrefundable': 0, 'cancellation_period': 1, 'cancellation_fee': 'FIRST', 'breakfast': 0, 'base_price': 4200, 'prices': [4200], 'price': 4200, 'old_price': 4200, 'currency': 'RUB', 'payment_amount': 4200, 'extras_variants': [], 'extras': {'47546': {'id': 47546, 'number': 1, 'extra_bed_type_id': 0, 'age': [0, 6], 'extra_bed': 0, 'free': 1}}, 'rate_id': 17619, 'deals': [], 'cancellation_type': 'special', 'credit_card': 1, 'bonus': 210, 'miles': 252, 'min_stay': 1, 'platichastyami': 0, 'mircashback': 420}, {'id': 552467, 'capacity': 2, 'prepayment': 'FIRST', 'nonrefundable': 0, 'cancellation_period': 1, 'cancellation_fee': 'FIRST', 'breakfast': 0, 'base_price': 5400, 'prices': [5400], 'price': 5400, 'old_price': 5400, 'currency': 'RUB', 'payment_amount': 5400, 'extras_variants': [], 'extras': {'47546': {'id': 47546, 'number': 1, 'extra_bed_type_id': 0, 'age': [0, 6], 'extra_bed': 0, 'free': 1}}, 'rate_id': 17619, 'deals': [], 'cancellation_type': 'special', 'credit_card': 1, 'bonus': 270, 'miles': 324, 'min_stay': 1, 'platichastyami': 0, 'mircashback': 540}]",4200.0,252,657407_101hotels,2026-08-13
2247933,,Номер 4,6,0,1,0,Шестиместный,36,3,"[{'2-tier': 1}, {'2-tier': 1}]","[{'id': '47545', 'number': '1', 'min_age': '0', 'max_age': '6', 'is_extra_bed': '0', 'extra_bed_type_id': '0'}]","[{'id': 552463, 'capacity': 1, 'prepayment': 'NO', 'nonrefundable': 0, 'cancellation_period': 0, 'cancellation_fee': 'NO', 'breakfast': 0, 'base_price': 1440, 'prices': [1440], 'price': 1440, 'old_price': 1440, 'currency': 'RUB', 'payment_amount': 0, 'extras_variants': [], 'extras': {'47545': {'id': 47545, 'number': 1, 'extra_bed_type_id': 0, 'age': [0, 6], 'extra_bed': 0, 'free': 1}}, 'rate_id': 17655, 'deals': [], 'cancellation_type': 'free', 'credit_card': 0, 'bonus': 72, 'miles': 84, 'min_stay': 1, 'platichastyami': 0, 'mircashback': 144}, {'id': '552463P', 'capacity': 1, 'prepayment': 'FULL', 'nonrefundable': 0, 'cancellation_period': 0, 'cancellation_fee': 'NO', 'breakfast': 0, 'base_price': 1440, 'prices': [1440], 'price': 1440, 'old_price': 1440, 'currency': 'RUB', 'payment_amount': 1440, 'extras_variants': [], 'extras': {'47545': {'id': 47545, 'number': 1, 'extra_bed_type_id': 0, 'age': [0, 6], 'extra_bed': 0, 'free': 1}}, 'rate_id': 17655, 'deals': [], 'cancellation_type': 'free', 'credit_card': 0, 'bonus': 72, 'miles': 84, 'min_stay': 1, 'platichastyami': 0, 'mircashback': 144}]",1440.0,84,657407_101hotels,2026-08-13
2275871,,Номер 5,6,0,1,0,Шестиместный,36,4,[{'single': 1}],"[{'id': '47544', 'number': '1', 'min_age': '0', 'max_age': '6', 'is_extra_bed': '0', 'extra_bed_type_id': '0'}]","[{'id': 1203225, 'capacity': 1, 'prepayment': 'NO', 'nonrefundable': 0, 'cancellation_period': 0, 'cancellation_fee': 'NO', 'breakfast': 0, 'base_price': 1440, 'prices': [1440], 'price': 1440, 'old_price': 1440, 'currency': 'RUB', 'payment_amount': 0, 'extras_variants': [], 'extras': {'47544': {'id': 47544, 'number': 1, 'extra_bed_type_id': 0, 'age': [0, 6], 'extra_bed': 0, 'free': 1}}, 'rate_id': 17655, 'deals': [], 'cancellation_type': 'free', 'credit_card': 0, 'bonus': 72, 'miles': 84, 'min_stay': 1, 'platichastyami': 0, 'mircashback': 144}, {'id': '1203225P', 'capacity': 1, 'prepayment': 'FULL', 'nonrefundable': 0, 'cancellation_period': 0, 'cancellation_fee': 'NO', 'breakfast': 0, 'base_price': 1440, 'prices': [1440], 'price': 1440, 'old_price': 1440, 'currency': 'RUB', 'payment_amount': 1440, 'extras_variants': [], 'extras': {'47544': {'id': 47544, 'number': 1, 'extra_bed_type_id': 0, 'age': [0, 6], 'extra_bed': 0, 'free': 1}}, 'rate_id': 17655, 'deals': [], 'cancellation_type': 'free', 'credit_card': 0, 'bonus': 72, 'miles': 84, 'min_stay': 1, 'platichastyami': 0, 'mircashback': 144}]",1440.0,84,657407_101hotels,2026-08-13
1855149,,Комфорт / Comfort,2,1,0,1,Номер,45,4,"[{'single': 2}, {'double': 1}]","[{'id': '10498', 'number': '1', 'min_age': '0', 'max_age': '4', 'is_extra_bed': '1', 'extra_bed_type_id': '4'}]","[{'id': 1171662, 'capacity': 1, 'prepayment': 'FULL', 'nonrefundable': 0, 'cancellation_period': 3, 'cancellation_fee': 'FIRST', 'breakfast': 1, 'base_price': 26500, 'prices': [26500], 'price': 26500, 'old_price': 26500, 'currency': 'RUB', 'payment_amount': 26500, 'extras_variants': [], 'extras': {'10498': {'id': 10498, 'number': 1, 'extra_bed_type_id': 4, 'age': [0, 4], 'extra_bed': 1, 'free': 1}}, 'rate_id': 59650, 'deals': [], 'cancellation_type': 'special', 'credit_card': 1, 'bonus': 1325, 'miles': 1590, 'min_stay': 1, 'platichastyami': 0, 'mircashback': 2650}, {'id': 493477, 'capacity': 1, 'prepayment': 'NO', 'nonrefundable': 0, 'cancellation_period': 0, 'cancellation_fee': 'NO', 'breakfast': 1, 'base_price': 27825, 'prices': [27825], 'price': 27825, 'old_price': 27825, 'currency': 'RUB', 'payment_amount': 0, 'extras_variants': [], 'extras': {'10498': {'id': 10498, 'number': 1, 'extra_bed_type_id': 4, 'age': [0, 4], 'extra_bed': 1, 'free': 1}}, 'rate_id': 13890, 'deals': [], 'cancellation_type': 'free', 'credit_card': 0, 'bonus': 1391, 'miles': 1668, 'min_stay': 1, 'platichastyami': 0, 'mircashback': 2783}, {'id': 1171663, 'capacity': 2, 'prepayment': 'FULL', 'nonrefundable': 0, 'cancellation_period': 3, 'cancellation_fee': 'FIRST', 'breakfast': 1, 'base_price': 26500, 'prices': [26500], 'price': 26500, 'old_price': 26500, 'currency': 'RUB', 'payment_amount': 26500, 'extras_variants': [], 'extras': {'10498': {'id': 10498, 'number': 1, 'extra_bed_type_id': 4, 'age': [0, 4], 'extra_bed': 1, 'free': 1}}, 'rate_id': 59650, 'deals': [], 'cancellation_type': 'special', 'credit_card': 1, 'bonus': 1325, 'miles': 1590, 'min_stay': 1, 'platichastyami': 0, 'mircashback': 2650}, {'id': 493478, 'capacity': 2, 'prepayment': 'NO', 'nonrefundable': 0, 'cancellation_period': 0, 'cancellation_fee': 'NO', 'breakfast': 1, 'base_price': 27825, 'prices': [27825], 'price': 27825, 'old_price': 27825, 'currency': 'RUB', 'payment_amount': 0, 'extras_variants': [], 'extras': {'10498': {'id': 10498, 'number': 1, 'extra_bed_type_id': 4, 'age': [0, 4], 'extra_bed': 1, 'free': 1}}, 'rate_id': 13890, 'deals': [], 'cancellation_type': 'free', 'credit_card': 0, 'bonus': 1391, 'miles': 1668, 'min_stay': 1, 'platichastyami': 0, 'mircashback': 2783}]",26500.0,1590,556415_101hotels,2026-08-13
1855153,,Джуниор Сюит Президент / Junior Suite President,2,1,0,1,Номер,45,1,[{'g-double': 1}],"[{'id': '10499', 'number': '1', 'min_age': '0', 'max_age': '4', 'is_extra_bed': '1', 'extra_bed_type_id': '4'}, {'id': '10500', 'number': '1', 'min_age': '0', 'max_age': '4', 'is_extra_bed': '1', 'extra_bed_type_id': '1'}]","[{'id': 1171668, 'capacity': 1, 'prepayment': 'FULL', 'nonrefundable': 0, 'cancellation_period': 3, 'cancellation_fee': 'FIRST', 'breakfast': 1, 'base_price': 67500, 'prices': [67500], 'price': 67500, 'old_price': 67500, 'currency': 'RUB', 'payment_amount': 67500, 'extras_variants': [], 'extras': {'10499': {'id': 10499, 'number': 1, 'extra_bed_type_id': 4, 'age': [0, 4], 'extra_bed': 1, 'free': 1}, '10500': {'id': 10500, 'number': 1, 'extra_bed_type_id': 1, 'age': [0, 4], 'extra_bed': 1, 'free': 1}}, 'rate_id': 59650, 'deals': [], 'cancellation_type': 'special', 'credit_card': 1, 'bonus': 3375, 'miles': 4050, 'min_stay': 1, 'platichastyami': 0, 'mircashback': 6750}, {'id': 493483, 'capacity': 1, 'prepayment': 'NO', 'nonrefundable': 0, 'cancellation_period': 0, 'cancellation_fee': 'NO', 'breakfast': 1, 'base_price': 70875, 'prices': [70875], 'price': 70875, 'old_price': 70875, 'currency': 'RUB', 'payment_amount': 0, 'extras_variants': [], 'extras': {'10499': {'id': 10499, 'number': 1, 'extra_bed_type_id': 4, 'age': [0, 4], 'extra_bed': 1, 'free': 1}, '10500': {'id': 10500, 'number': 1, 'extra_bed_type_id': 1, 'age': [0, 4], 'extra_bed': 1, 'free': 1}}, 'rate_id': 13890, 'deals': [], 'cancellation_type': 'free', 'credit_card': 0, 'bonus': 3544, 'miles': 4251, 'min_stay': 1, 'platichastyami': 0, 'mircashback': 7088}, {'id': 1171669, 'capacity': 2, 'prepayment': 'FULL', 'nonrefundable': 0, 'cancellation_period': 3, 'cancellation_fee': 'FIRST', 'breakfast': 1, 'base_price': 67500, 'prices': [67500], 'price': 67500, 'old_price': 67500, 'currency': 'RUB', 'payment_amount': 67500, 'extras_variants': [], 'extras': {'10499': {'id': 10499, 'number': 1, 'extra_bed_type_id': 4, 'age': [0, 4], 'extra_bed': 1, 'free': 1}, '10500': {'id': 10500, 'number': 1, 'extra_bed_type_id': 1, 'age': [0, 4], 'extra_bed': 1, 'free': 1}}, 'rate_id': 59650, 'deals': [], 'cancellation_type': 'special', 'credit_card': 1, 'bonus': 3375, 'miles': 4050, 'min_stay': 1, 'platichastyami': 0, 'mircashback': 6750}, {'id': 493484, 'capacity': 2, 'prepayment': 'NO', 'nonrefundable': 0, 'cancellation_period': 0, 'cancellation_fee': 'NO', 'breakfast': 1, 'base_price': 70875, 'prices': [70875], 'price': 70875, 'old_price': 70875, 'currency': 'RUB', 'payment_amount': 0, 'extras_variants': [], 'extras': {'10499': {'id': 10499, 'number': 1, 'extra_bed_type_id': 4, 'age': [0, 4], 'extra_bed': 1, 'free': 1}, '10500': {'id': 10500, 'number': 1, 'extra_bed_type_id': 1, 'age': [0, 4], 'extra_bed': 1, 'free': 1}}, 'rate_id': 13890, 'deals': [], 'cancellation_type': 'free', 'credit_card': 0, 'bonus': 3544, 'miles': 4251, 'min_stay': 1, 'platichastyami': 0, 'mircashback': 7088}]",67500.0,4050,556415_101hotels,2026-08-13
1855155,,Джуниор Сюит Романтик / Junior Suite Romantic,2,0,0,1,Номер,45,1,[{'double': 1}],"[{'id': '10503', 'number': '1', 'min_age': '0', 'max_age': '4', 'is_extra_bed': '0', 'extra_bed_type_id': '0'}]","[{'id': 1171670, 'capacity': 1, 'prepayment': 'FULL', 'nonrefundable': 0, 'cancellation_period': 3, 'cancellation_fee': 'FIRST', 'breakfast': 1, 'base_price': 34500, 'prices': [34500], 'price': 34500, 'old_price': 34500, 'currency': 'RUB', 'payment_amount': 34500, 'extras_variants': [], 'extras': {'10503': {'id': 10503, 'number': 1, 'extra_bed_type_id': 0, 'age': [0, 4], 'extra_bed': 0, 'free': 1}}, 'rate_id': 59650, 'deals': [], 'cancellation_type': 'special', 'credit_card': 1, 'bonus': 1725, 'miles': 2070, 'min_stay': 1, 'platichastyami': 0, 'mircashback': 3450}, {'id': 493485, 'capacity': 1, 'prepayment': 'NO', 'nonrefundable': 0, 'cancellation_period': 0, 'cancellation_fee': 'NO', 'breakfast': 1, 'base_price': 36225, 'prices': [36225], 'price': 36225, 'old_price': 36225, 'currency': 'RUB', 'payment_amount': 0, 'extras_variants': [], 'extras': {'10503': {'id': 10503, 'number': 1, 'extra_bed_type_id': 0, 'age': [0, 4], 'extra_bed': 0, 'free': 1}}, 'rate_id': 13890, 'deals': [], 'cancellation_type': 'free', 'credit_card': 0, 'bonus': 1811, 'miles': 2172, 'min_stay': 1, 'platichastyami': 0, 'mircashback': 3623}, {'id': 1171671, 'capacity': 2, 'prepayment': 'FULL', 'nonrefundable': 0, 'cancellation_period': 3, 'cancellation_fee': 'FIRST', 'breakfast': 1, 'base_price': 34500, 'prices': [34500], 'price': 34500, 'old_price': 34500, 'currency': 'RUB', 'payment_amount': 34500, 'extras_variants': [], 'extras': {'10503': {'id': 10503, 'number': 1, 'extra_bed_type_id': 0, 'age': [0, 4], 'extra_bed': 0, 'free': 1}}, 'rate_id': 59650, 'deals': [], 'cancellation_type': 'special', 'credit_card': 1, 'bonus': 1725, 'miles': 2070, 'min_stay': 1, 'platichastyami': 0, 'mircashback': 3450}, {'id': 493486, 'capacity': 2, 'prepayment': 'NO', 'nonrefundable': 0, 'cancellation_period': 0, 'cancellation_fee': 'NO', 'breakfast': 1, 'base_price': 36225, 'prices': [36225], 'price': 36225, 'old_price': 36225, 'currency': 'RUB', 'payment_amount': 0, 'extras_variants': [], 'extras': {'10503': {'id': 10503, 'number': 1, 'extra_bed_type_id': 0, 'age': [0, 4], 'extra_bed': 0, 'free': 1}}, 'rate_id': 13890, 'deals': [], 'cancellation_type': 'free', 'credit_card': 0, 'bonus': 1811, 'miles': 2172, 'min_stay': 1, 'platichastyami': 0, 'mircashback': 3623}]",34500.0,2070,556415_101hotels,2026-08-13
1567278,,Twin,2,0,0,1,Двухместный,2,4,"[{'single': 2}, {'g-double': 1}]",[],"[{'id': 946701, 'capacity': 1, 'prepayment': 'FIRST', 'nonrefundable': 1, 'cancellation_period': 0, 'cancellation_fee': 'FIRST', 'breakfast': 0, 'base_price': 4600, 'prices': [4600], 'price': 4600, 'old_price': 4600, 'currency': 'RUB', 'payment_amount': 4600, 'extras_variants': [], 'extras': [], 'rate_id': 44088, 'deals': [], 'cancellation_type': 'nonrefundable', 'credit_card': 1, 'bonus': 230, 'miles': 276, 'min_stay': 1, 'platichastyami': 0, 'mircashback': 460}, {'id': 250516, 'capacity': 1, 'prepayment': 'FULL', 'nonrefundable': 0, 'cancellation_period': 0, 'cancellation_fee': 'NO', 'breakfast': 1, 'base_price': 5750, 'prices': [5750], 'price': 4887.5, 'old_price': 5750, 'currency': 'RUB', 'payment_amount': 5750, 'extras_variants': [], 'extras': [], 'rate_id': 210, 'deals': ['LAST_MINUTE'], 'cancellation_type': 'free', 'credit_card': 1, 'bonus': 244, 'miles': 291, 'min_stay': 1, 'platichastyami': 0, 'mircashback': 489}, {'id': 946702, 'capacity': 2, 'prepayment': 'FIRST', 'nonrefundable': 1, 'cancellation_period': 0, 'cancellation_fee': 'FIRST', 'breakfast': 0, 'base_price': 5200, 'prices': [5200], 'price': 5200, 'old_price': 5200, 'currency': 'RUB', 'payment_amount': 5200, 'extras_variants': [], 'extras': [], 'rate_id': 44088, 'deals': [], 'cancellation_type': 'nonrefundable', 'credit_card': 1, 'bonus': 260, 'miles': 312, 'min_stay': 1, 'platichastyami': 0, 'mircashback': 520}, {'id': 250517, 'capacity': 2, 'prepayment': 'FULL', 'nonrefundable': 0, 'cancellation_period': 0, 'cancellation_fee': 'NO', 'breakfast': 1, 'base_price': 6500, 'prices': [6500], 'price': 5525, 'old_price': 6500, 'currency': 'RUB', 'payment_amount': 6500, 'extras_variants': [], 'extras': [], 'rate_id': 210, 'deals': ['LAST_MINUTE'], 'cancellation_type': 'free', 'credit_card': 1, 'bonus': 276, 'miles': 330, 'min_stay': 1, 'platichastyami': 0, 'mircashback': 553}]",4600.0,276,485323_101hotels,2026-08-13
2314291,,Эдуарда Дьяконова 14 (3),3,0,0,1,Студио,5,1,"[{'double': 1, 'f-chair': 1}]",[],"[{'id': 1169917, 'capacity': 1, 'prepayment': 'FULL', 'nonrefundable': 0, 'cancellation_period': 0, 'cancellation_fee': 'NO', 'breakfast': 0, 'base_price': 3810, 'prices': [3810], 'price': 3429, 'old_price': 3810, 'currency': 'RUB', 'payment_amount': 3810, 'extras_variants': [], 'extras': [], 'rate_id': 59580, 'deals': ['LAST_MINUTE'], 'cancellation_type': 'free', 'credit_card': 1, 'bonus': 171, 'miles': 204, 'min_stay': 1, 'platichastyami': 0, 'mircashback': 343}, {'id': 1169918, 'capacity': 2, 'prepayment': 'FULL', 'nonrefundable': 0, 'cancellation_period': 0, 'cancellation_fee': 'NO', 'breakfast': 0, 'base_price': 3810, 'prices': [3810], 'price': 3429, 'old_price': 3810, 'currency': 'RUB', 'payment_amount': 3810, 'extras_variants': [], 'extras': [], 'rate_id': 59580, 'deals': ['LAST_MINUTE'], 'cancellation_type': 'free', 'credit_card': 1, 'bonus': 171, 'miles': 204, 'min_stay': 1, 'platichastyami': 0, 'mircashback': 343}, {'id': 1169919, 'capacity': 3, 'prepayment': 'FULL', 'nonrefundable': 0, 'cancellation_period': 0, 'cancellation_fee': 'NO', 'breakfast': 0, 'base_price': 3810, 'prices': [3810], 'price': 3429, 'old_price': 3810, 'currency': 'RUB', 'payment_amount': 3810, 'extras_variants': [], 'extras': [], 'rate_id': 59580, 'deals': ['LAST_MINUTE'], 'cancellation_type': 'free', 'credit_card': 1, 'bonus': 171, 'miles': 204, 'min_stay': 1, 'platichastyami': 0, 'mircashback': 343}]",3429.0,204,676501_101hotels,2026-08-13
2252680,,Четырехместный мужской номер,4,0,1,0,Четырехместный,34,3,[{'2-tier': 2}],[],"[{'id': 617083, 'capacity': 1, 'prepayment': 'FULL', 'nonrefundable': 0, 'cancellation_period': 1, 'cancellation_fee': 'FIRST', 'breakfast': 0, 'base_price': 1210, 'prices': [1210], 'price': 1210, 'old_price': 1210, 'currency': 'RUB', 'payment_amount': 1210, 'extras_variants': [], 'extras': [], 'rate_id': 22501, 'deals': [], 'cancellation_type': 'special', 'credit_card': 1, 'bonus': 61, 'miles': 72, 'min_stay': 1, 'platichastyami': 0, 'mircashback': 121}, {'id': 1071150, 'capacity': 1, 'prepayment': 'NO', 'nonrefundable': 0, 'cancellation_period': 0, 'cancellation_fee': 'NO', 'breakfast': 0, 'base_price': 1210, 'prices': [1210], 'price': 1149.5, 'old_price': 1210, 'currency': 'RUB', 'payment_amount': 0, 'extras_variants': [], 'extras': [], 'rate_id': 52691, 'deals': ['LAST_MINUTE'], 'cancellation_type': 'free', 'credit_card': 0, 'bonus': 57, 'miles': 66, 'min_stay': 1, 'platichastyami': 0, 'mircashback': 115}, {'id': 1235000, 'capacity': 1, 'prepayment': 'NO', 'nonrefundable': 0, 'cancellation_period': 0, 'cancellation_fee': 'NO', 'breakfast': 0, 'base_price': 1210, 'prices': [1210], 'price': 1210, 'old_price': 1210, 'currency': 'RUB', 'payment_amount': 0, 'extras_variants': [], 'extras': [], 'rate_id': 63685, 'deals': [], 'cancellation_type': 'free', 'credit_card': 0, 'bonus': 61, 'miles': 72, 'min_stay': 1, 'platichastyami': 0, 'mircashback': 121}, {'id': 1235010, 'capacity': 1, 'prepayment': 'FULL', 'nonrefundable': 0, 'cancellation_period': 1, 'cancellation_fee': 'FIRST', 'breakfast': 0, 'base_price': 1210, 'prices': [1210], 'price': 1210, 'old_price': 1210, 'currency': 'RUB', 'payment_amount': 1210, 'extras_variants': [], 'extras': [], 'rate_id': 29667, 'deals': [], 'cancellation_type': 'special', 'credit_card': 1, 'bonus': 61, 'miles': 72, 'min_stay': 1, 'platichastyami': 0, 'mircashback': 121}, {'id': 617084, 'capacity': 2, 'prepayment': 'FULL', 'nonrefundable': 0, 'cancellation_period': 1, 'cancellation_fee': 'FIRST', 'breakfast': 0, 'base_price': 2420, 'prices': [2420], 'price': 2420, 'old_price': 2420, 'currency': 'RUB', 'payment_amount': 2420, 'extras_variants': [], 'extras': [], 'rate_id': 22501, 'deals': [], 'cancellation_type': 'special', 'credit_card': 1, 'bonus': 121, 'miles': 144, 'min_stay': 1, 'platichastyami': 0, 'mircashback': 242}, {'id': 1071151, 'capacity': 2, 'prepayment': 'NO', 'nonrefundable': 0, 'cancellation_period': 0, 'cancellation_fee': 'NO', 'breakfast': 0, 'base_price': 2420, 'prices': [2420], 'price': 2299, 'old_price': 2420, 'currency': 'RUB', 'payment_amount': 0, 'extras_variants': [], 'extras': [], 'rate_id': 52691, 'deals': ['LAST_MINUTE'], 'cancellation_type': 'free', 'credit_card': 0, 'bonus': 115, 'miles': 135, 'min_stay': 1, 'platichastyami': 0, 'mircashback': 230}, {'id': 1235001, 'capacity': 2, 'prepayment': 'NO', 'nonrefundable': 0, 'cancellation_period': 0, 'cancellation_fee': 'NO', 'breakfast': 0, 'base_price': 2420, 'prices': [2420], 'price': 2420, 'old_price': 2420, 'currency': 'RUB', 'payment_amount': 0, 'extras_variants': [], 'extras': [], 'rate_id': 63685, 'deals': [], 'cancellation_type': 'free', 'credit_card': 0, 'bonus': 121, 'miles': 144, 'min_stay': 1, 'platichastyami': 0, 'mircashback': 242}, {'id': 1235011, 'capacity': 2, 'prepayment': 'FULL', 'nonrefundable': 0, 'cancellation_period': 1, 'cancellation_fee': 'FIRST', 'breakfast': 0, 'base_price': 2420, 'prices': [2420], 'price': 2420, 'old_price': 2420, 'currency': 'RUB', 'payment_amount': 2420, 'extras_variants': [], 'extras': [], 'rate_id': 29667, 'deals': [], 'cancellation_type': 'special', 'credit_card': 1, 'bonus': 121, 'miles': 144, 'min_stay': 1, 'platichastyami': 0, 'mircashback': 242}, {'id': 617085, 'capacity': 3, 'prepayment': 'FULL', 'nonrefundable': 0, 'cancellation_period': 1, 'cancellation_fee': 'FIRST', 'breakfast': 0, 'base_price': 3630, 'prices': [3630], 'price': 3630, 'old_price': 3630, 'currency': 'RUB', 'payment_amount': 3630, 'extras_variants': [], 'extras': [], 'rate_id': 22501, 'deals': [], 'cancellation_type': 'special', 'credit_card': 1, 'bonus': 182, 'miles': 216, 'min_stay': 1, 'platichastyami': 0, 'mircashback': 363}, {'id': 1071152, 'capacity': 3, 'prepayment': 'NO', 'nonrefundable': 0, 'cancellation_period': 0, 'cancellation_fee': 'NO', 'breakfast': 0, 'base_price': 3630, 'prices': [3630], 'price': 3448.5, 'old_price': 3630, 'currency': 'RUB', 'payment_amount': 0, 'extras_variants': [], 'extras': [], 'rate_id': 52691, 'deals': ['LAST_MINUTE'], 'cancellation_type': 'free', 'credit_card': 0, 'bonus': 172, 'miles': 204, 'min_stay': 1, 'platichastyami': 0, 'mircashback': 345}, {'id': 1235002, 'capacity': 3, 'prepayment': 'NO', 'nonrefundable': 0, 'cancellation_period': 0, 'cancellation_fee': 'NO', 'breakfast': 0, 'base_price': 3630, 'prices': [3630], 'price': 3630, 'old_price': 3630, 'currency': 'RUB', 'payment_amount': 0, 'extras_variants': [], 'extras': [], 'rate_id': 63685, 'deals': [], 'cancellation_type': 'free', 'credit_card': 0, 'bonus': 182, 'miles': 216, 'min_stay': 1, 'platichastyami': 0, 'mircashback': 363}, {'id': 1235012, 'capacity': 3, 'prepayment': 'FULL', 'nonrefundable': 0, 'cancellation_period': 1, 'cancellation_fee': 'FIRST', 'breakfast': 0, 'base_price': 3630, 'prices': [3630], 'price': 3630, 'old_price': 3630, 'currency': 'RUB', 'payment_amount': 3630, 'extras_variants': [], 'extras': [], 'rate_id': 29667, 'deals': [], 'cancellation_type': 'special', 'credit_card': 1, 'bonus': 182, 'miles': 216, 'min_stay': 1, 'platichastyami': 0, 'mircashback': 363}, {'id': 617086, 'capacity': 4, 'prepayment': 'FULL', 'nonrefundable': 0, 'cancellation_period': 1, 'cancellation_fee': 'FIRST', 'breakfast': 0, 'base_price': 4840, 'prices': [4840], 'price': 4840, 'old_price': 4840, 'currency': 'RUB', 'payment_amount': 4840, 'extras_variants': [], 'extras': [], 'rate_id': 22501, 'deals': [], 'cancellation_type': 'special', 'credit_card': 1, 'bonus': 242, 'miles': 288, 'min_stay': 1, 'platichastyami': 0, 'mircashback': 484}, {'id': 1071153, 'capacity': 4, 'prepayment': 'NO', 'nonrefundable': 0, 'cancellation_period': 0, 'cancellation_fee': 'NO', 'breakfast': 0, 'base_price': 4840, 'prices': [4840], 'price': 4598, 'old_price': 4840, 'currency': 'RUB', 'payment_amount': 0, 'extras_variants': [], 'extras': [], 'rate_id': 52691, 'deals': ['LAST_MINUTE'], 'cancellation_type': 'free', 'credit_card': 0, 'bonus': 230, 'miles': 273, 'min_stay': 1, 'platichastyami': 0, 'mircashback': 460}, {'id': 1235003, 'capacity': 4, 'prepayment': 'NO', 'nonrefundable': 0, 'cancellation_period': 0, 'cancellation_fee': 'NO', 'breakfast': 0, 'base_price': 4840, 'prices': [4840], 'price': 4840, 'old_price': 4840, 'currency': 'RUB', 'payment_amount': 0, 'extras_variants': [], 'extras': [], 'rate_id': 63685, 'deals': [], 'cancellation_type': 'free', 'credit_card': 0, 'bonus': 242, 'miles': 288, 'min_stay': 1, 'platichastyami': 0, 'mircashback': 484}, {'id': 1235013, 'capacity': 4, 'prepayment': 'FULL', 'nonrefundable': 0, 'cancellation_period': 1, 'cancellation_fee': 'FIRST', 'breakfast': 0, 'base_price': 4840, 'prices': [4840], 'price': 4840, 'old_price': 4840, 'currency': 'RUB', 'payment_amount': 4840, 'extras_variants': [], 'extras': [], 'rate_id': 29667, 'deals': [], 'cancellation_type': 'special', 'credit_card': 1, 'bonus': 242, 'miles': 288, 'min_stay': 1, 'platichastyami': 0, 'mircashback': 484}, {'id': '1071150P', 'capacity': 1, 'prepayment': 'FULL', 'nonrefundable': 0, 'cancellation_period': 0, 'cancellation_fee': 'NO', 'breakfast': 0, 'base_price': 1210, 'prices': [1210], 'price': 1210, 'old_price': 1210, 'currency': 'RUB', 'payment_amount': 1210, 'extras_variants': [], 'extras': [], 'rate_id': 52691, 'deals': [], 'cancellation_type': 'free', 'credit_card': 0, 'bonus': 61, 'miles': 72, 'min_stay': 1, 'platichastyami': 0, 'mircashback': 121}, {'id': '1235000P', 'capacity': 1, 'prepayment': 'FULL', 'nonrefundable': 0, 'cancellation_period': 0, 'cancellation_fee': 'NO', 'breakfast': 0, 'base_price': 1210, 'prices': [1210], 'price': 1210, 'old_price': 1210, 'currency': 'RUB', 'payment_amount': 1210, 'extras_variants': [], 'extras': [], 'rate_id': 63685, 'deals': [], 'cancellation_type': 'free', 'credit_card': 0, 'bonus': 61, 'miles': 72, 'min_stay': 1, 'platichastyami': 0, 'mircashback': 121}, {'id': '1071151P', 'capacity': 2, 'prepayment': 'FULL', 'nonrefundable': 0, 'cancellation_period': 0, 'cancellation_fee': 'NO', 'breakfast': 0, 'base_price': 2420, 'prices': [2420], 'price': 2420, 'old_price': 2420, 'currency': 'RUB', 'payment_amount': 2420, 'extras_variants': [], 'extras': [], 'rate_id': 52691, 'deals': [], 'cancellation_type': 'free', 'credit_card': 0, 'bonus': 121, 'miles': 144, 'min_stay': 1, 'platichastyami': 0, 'mircashback': 242}, {'id': '1235001P', 'capacity': 2, 'prepayment': 'FULL', 'nonrefundable': 0, 'cancellation_period': 0, 'cancellation_fee': 'NO', 'breakfast': 0, 'base_price': 2420, 'prices': [2420], 'price': 2420, 'old_price': 2420, 'currency': 'RUB', 'payment_amount': 2420, 'extras_variants': [], 'extras': [], 'rate_id': 63685, 'deals': [], 'cancellation_type': 'free', 'credit_card': 0, 'bonus': 121, 'miles': 144, 'min_stay': 1, 'platichastyami': 0, 'mircashback': 242}, {'id': '1071152P', 'capacity': 3, 'prepayment': 'FULL', 'nonrefundable': 0, 'cancellation_period': 0, 'cancellation_fee': 'NO', 'breakfast': 0, 'base_price': 3630, 'prices': [3630], 'price': 3630, 'old_price': 3630, 'currency': 'RUB', 'payment_amount': 3630, 'extras_variants': [], 'extras': [], 'rate_id': 52691, 'deals': [], 'cancellation_type': 'free', 'credit_card': 0, 'bonus': 182, 'miles': 216, 'min_stay': 1, 'platichastyami': 0, 'mircashback': 363}, {'id': '1235002P', 'capacity': 3, 'prepayment': 'FULL', 'nonrefundable': 0, 'cancellation_period': 0, 'cancellation_fee': 'NO', 'breakfast': 0, 'base_price': 3630, 'prices': [3630], 'price': 3630, 'old_price': 3630, 'currency': 'RUB', 'payment_amount': 3630, 'extras_variants': [], 'extras': [], 'rate_id': 63685, 'deals': [], 'cancellation_type': 'free', 'credit_card': 0, 'bonus': 182, 'miles': 216, 'min_stay': 1, 'platichastyami': 0, 'mircashback': 363}, {'id': '1071153P', 'capacity': 4, 'prepayment': 'FULL', 'nonrefundable': 0, 'cancellation_period': 0, 'cancellation_fee': 'NO', 'breakfast': 0, 'base_price': 4840, 'prices': [4840], 'price': 4840, 'old_price': 4840, 'currency': 'RUB', 'payment_amount': 4840, 'extras_variants': [], 'extras': [], 'rate_id': 52691, 'deals': [], 'cancellation_type': 'free', 'credit_card': 0, 'bonus': 242, 'miles': 288, 'min_stay': 1, 'platichastyami': 0, 'mircashback': 484}, {'id': '1235003P', 'capacity': 4, 'prepayment': 'FULL', 'nonrefundable': 0, 'cancellation_period': 0, 'cancellation_fee': 'NO', 'breakfast': 0, 'base_price': 4840, 'prices': [4840], 'price': 4840, 'old_price': 4840, 'currency': 'RUB', 'payment_amount': 4840, 'extras_variants': [], 'extras': [], 'rate_id': 63685, 'deals': [], 'cancellation_type': 'free', 'credit_card': 0, 'bonus': 242, 'miles': 288, 'min_stay': 1, 'platichastyami': 0, 'mircashback': 484}]",1149.5,66,658823_101hotels,2026-08-13
2304110,,Четырехместный женский номер,4,0,0,0,Четырехместный Женский,105,4,[{'2-tier': 2}],[],"[{'id': 1071154, 'capacity': 1, 'prepayment': 'NO', 'nonrefundable': 0, 'cancellation_period': 0, 'cancellation_fee': 'NO', 'breakfast': 0, 'base_price': 1210, 'prices': [1210], 'price': 1149.5, 'old_price': 1210, 'currency': 'RUB', 'payment_amount': 0, 'extras_variants': [], 'extras': [], 'rate_id': 52691, 'deals': ['LAST_MINUTE'], 'cancellation_type': 'free', 'credit_card': 0, 'bonus': 57, 'miles': 66, 'min_stay': 1, 'platichastyami': 0, 'mircashback': 115}, {'id': 1234996, 'capacity': 1, 'prepayment': 'NO', 'nonrefundable': 0, 'cancellation_period': 0, 'cancellation_fee': 'NO', 'breakfast': 0, 'base_price': 1210, 'prices': [1210], 'price': 1210, 'old_price': 1210, 'currency': 'RUB', 'payment_amount': 0, 'extras_variants': [], 'extras': [], 'rate_id': 63685, 'deals': [], 'cancellation_type': 'free', 'credit_card': 0, 'bonus': 61, 'miles': 72, 'min_stay': 1, 'platichastyami': 0, 'mircashback': 121}, {'id': 1235006, 'capacity': 1, 'prepayment': 'FULL', 'nonrefundable': 0, 'cancellation_period': 1, 'cancellation_fee': 'FIRST', 'breakfast': 0, 'base_price': 1210, 'prices': [1210], 'price': 1210, 'old_price': 1210, 'currency': 'RUB', 'payment_amount': 1210, 'extras_variants': [], 'extras': [], 'rate_id': 29667, 'deals': [], 'cancellation_type': 'special', 'credit_card': 1, 'bonus': 61, 'miles': 72, 'min_stay': 1, 'platichastyami': 0, 'mircashback': 121}, {'id': 1071155, 'capacity': 2, 'prepayment': 'NO', 'nonrefundable': 0, 'cancellation_period': 0, 'cancellation_fee': 'NO', 'breakfast': 0, 'base_price': 2420, 'prices': [2420], 'price': 2299, 'old_price': 2420, 'currency': 'RUB', 'payment_amount': 0, 'extras_variants': [], 'extras': [], 'rate_id': 52691, 'deals': ['LAST_MINUTE'], 'cancellation_type': 'free', 'credit_card': 0, 'bonus': 115, 'miles': 135, 'min_stay': 1, 'platichastyami': 0, 'mircashback': 230}, {'id': 1234997, 'capacity': 2, 'prepayment': 'NO', 'nonrefundable': 0, 'cancellation_period': 0, 'cancellation_fee': 'NO', 'breakfast': 0, 'base_price': 2420, 'prices': [2420], 'price': 2420, 'old_price': 2420, 'currency': 'RUB', 'payment_amount': 0, 'extras_variants': [], 'extras': [], 'rate_id': 63685, 'deals': [], 'cancellation_type': 'free', 'credit_card': 0, 'bonus': 121, 'miles': 144, 'min_stay': 1, 'platichastyami': 0, 'mircashback': 242}, {'id': 1235007, 'capacity': 2, 'prepayment': 'FULL', 'nonrefundable': 0, 'cancellation_period': 1, 'cancellation_fee': 'FIRST', 'breakfast': 0, 'base_price': 2420, 'prices': [2420], 'price': 2420, 'old_price': 2420, 'currency': 'RUB', 'payment_amount': 2420, 'extras_variants': [], 'extras': [], 'rate_id': 29667, 'deals': [], 'cancellation_type': 'special', 'credit_card': 1, 'bonus': 121, 'miles': 144, 'min_stay': 1, 'platichastyami': 0, 'mircashback': 242}, {'id': 1071156, 'capacity': 3, 'prepayment': 'NO', 'nonrefundable': 0, 'cancellation_period': 0, 'cancellation_fee': 'NO', 'breakfast': 0, 'base_price': 3630, 'prices': [3630], 'price': 3448.5, 'old_price': 3630, 'currency': 'RUB', 'payment_amount': 0, 'extras_variants': [], 'extras': [], 'rate_id': 52691, 'deals': ['LAST_MINUTE'], 'cancellation_type': 'free', 'credit_card': 0, 'bonus': 172, 'miles': 204, 'min_stay': 1, 'platichastyami': 0, 'mircashback': 345}, {'id': 1234998, 'capacity': 3, 'prepayment': 'NO', 'nonrefundable': 0, 'cancellation_period': 0, 'cancellation_fee': 'NO', 'breakfast': 0, 'base_price': 3630, 'prices': [3630], 'price': 3630, 'old_price': 3630, 'currency': 'RUB', 'payment_amount': 0, 'extras_variants': [], 'extras': [], 'rate_id': 63685, 'deals': [], 'cancellation_type': 'free', 'credit_card': 0, 'bonus': 182, 'miles': 216, 'min_stay': 1, 'platichastyami': 0, 'mircashback': 363}, {'id': 1235008, 'capacity': 3, 'prepayment': 'FULL', 'nonrefundable': 0, 'cancellation_period': 1, 'cancellation_fee': 'FIRST', 'breakfast': 0, 'base_price': 3630, 'prices': [3630], 'price': 3630, 'old_price': 3630, 'currency': 'RUB', 'payment_amount': 3630, 'extras_variants': [], 'extras': [], 'rate_id': 29667, 'deals': [], 'cancellation_type': 'special', 'credit_card': 1, 'bonus': 182, 'miles': 216, 'min_stay': 1, 'platichastyami': 0, 'mircashback': 363}, {'id': 1071157, 'capacity': 4, 'prepayment': 'NO', 'nonrefundable': 0, 'cancellation_period': 0, 'cancellation_fee': 'NO', 'breakfast': 0, 'base_price': 4840, 'prices': [4840], 'price': 4598, 'old_price': 4840, 'currency': 'RUB', 'payment_amount': 0, 'extras_variants': [], 'extras': [], 'rate_id': 52691, 'deals': ['LAST_MINUTE'], 'cancellation_type': 'free', 'credit_card': 0, 'bonus': 230, 'miles': 273, 'min_stay': 1, 'platichastyami': 0, 'mircashback': 460}, {'id': 1234999, 'capacity': 4, 'prepayment': 'NO', 'nonrefundable': 0, 'cancellation_period': 0, 'cancellation_fee': 'NO', 'breakfast': 0, 'base_price': 4840, 'prices': [4840], 'price': 4840, 'old_price': 4840, 'currency': 'RUB', 'payment_amount': 0, 'extras_variants': [], 'extras': [], 'rate_id': 63685, 'deals': [], 'cancellation_type': 'free', 'credit_card': 0, 'bonus': 242, 'miles': 288, 'min_stay': 1, 'platichastyami': 0, 'mircashback': 484}, {'id': 1235009, 'capacity': 4, 'prepayment': 'FULL', 'nonrefundable': 0, 'cancellation_period': 1, 'cancellation_fee': 'FIRST', 'breakfast': 0, 'base_price': 4840, 'prices': [4840], 'price': 4840, 'old_price': 4840, 'currency': 'RUB', 'payment_amount': 4840, 'extras_variants': [], 'extras': [], 'rate_id': 29667, 'deals': [], 'cancellation_type': 'special', 'credit_card': 1, 'bonus': 242, 'miles': 288, 'min_stay': 1, 'platichastyami': 0, 'mircashback': 484}, {'id': '1071154P', 'capacity': 1, 'prepayment': 'FULL', 'nonrefundable': 0, 'cancellation_period': 0, 'cancellation_fee': 'NO', 'breakfast': 0, 'base_price': 1210, 'prices': [1210], 'price': 1210, 'old_price': 1210, 'currency': 'RUB', 'payment_amount': 1210, 'extras_variants': [], 'extras': [], 'rate_id': 52691, 'deals': [], 'cancellation_type': 'free', 'credit_card': 0, 'bonus': 61, 'miles': 72, 'min_stay': 1, 'platichastyami': 0, 'mircashback': 121}, {'id': '1234996P', 'capacity': 1, 'prepayment': 'FULL', 'nonrefundable': 0, 'cancellation_period': 0, 'cancellation_fee': 'NO', 'breakfast': 0, 'base_price': 1210, 'prices': [1210], 'price': 1210, 'old_price': 1210, 'currency': 'RUB', 'payment_amount': 1210, 'extras_variants': [], 'extras': [], 'rate_id': 63685, 'deals': [], 'cancellation_type': 'free', 'credit_card': 0, 'bonus': 61, 'miles': 72, 'min_stay': 1, 'platichastyami': 0, 'mircashback': 121}, {'id': '1071155P', 'capacity': 2, 'prepayment': 'FULL', 'nonrefundable': 0, 'cancellation_period': 0, 'cancellation_fee': 'NO', 'breakfast': 0, 'base_price': 2420, 'prices': [2420], 'price': 2420, 'old_price': 2420, 'currency': 'RUB', 'payment_amount': 2420, 'extras_variants': [], 'extras': [], 'rate_id': 52691, 'deals': [], 'cancellation_type': 'free', 'credit_card': 0, 'bonus': 121, 'miles': 144, 'min_stay': 1, 'platichastyami': 0, 'mircashback': 242}, {'id': '1234997P', 'capacity': 2, 'prepayment': 'FULL', 'nonrefundable': 0, 'cancellation_period': 0, 'cancellation_fee': 'NO', 'breakfast': 0, 'base_price': 2420, 'prices': [2420], 'price': 2420, 'old_price': 2420, 'currency': 'RUB', 'payment_amount': 2420, 'extras_variants': [], 'extras': [], 'rate_id': 63685, 'deals': [], 'cancellation_type': 'free', 'credit_card': 0, 'bonus': 121, 'miles': 144, 'min_stay': 1, 'platichastyami': 0, 'mircashback': 242}, {'id': '1071156P', 'capacity': 3, 'prepayment': 'FULL', 'nonrefundable': 0, 'cancellation_period': 0, 'cancellation_fee': 'NO', 'breakfast': 0, 'base_price': 3630, 'prices': [3630], 'price': 3630, 'old_price': 3630, 'currency': 'RUB', 'payment_amount': 3630, 'extras_variants': [], 'extras': [], 'rate_id': 52691, 'deals': [], 'cancellation_type': 'free', 'credit_card': 0, 'bonus': 182, 'miles': 216, 'min_stay': 1, 'platichastyami': 0, 'mircashback': 363}, {'id': '1234998P', 'capacity': 3, 'prepayment': 'FULL', 'nonrefundable': 0, 'cancellation_period': 0, 'cancellation_fee': 'NO', 'breakfast': 0, 'base_price': 3630, 'prices': [3630], 'price': 3630, 'old_price': 3630, 'currency': 'RUB', 'payment_amount': 3630, 'extras_variants': [], 'extras': [], 'rate_id': 63685, 'deals': [], 'cancellation_type': 'free', 'credit_card': 0, 'bonus': 182, 'miles': 216, 'min_stay': 1, 'platichastyami': 0, 'mircashback': 363}, {'id': '1071157P', 'capacity': 4, 'prepayment': 'FULL', 'nonrefundable': 0, 'cancellation_period': 0, 'cancellation_fee': 'NO', 'breakfast': 0, 'base_price': 4840, 'prices': [4840], 'price': 4840, 'old_price': 4840, 'currency': 'RUB', 'payment_amount': 4840, 'extras_variants': [], 'extras': [], 'rate_id': 52691, 'deals': [], 'cancellation_type': 'free', 'credit_card': 0, 'bonus': 242, 'miles': 288, 'min_stay': 1, 'platichastyami': 0, 'mircashback': 484}, {'id': '1234999P', 'capacity': 4, 'prepayment': 'FULL', 'nonrefundable': 0, 'cancellation_period': 0, 'cancellation_fee': 'NO', 'breakfast': 0, 'base_price': 4840, 'prices': [4840], 'price': 4840, 'old_price': 4840, 'currency': 'RUB', 'payment_amount': 4840, 'extras_variants': [], 'extras': [], 'rate_id': 63685, 'deals': [], 'cancellation_type': 'free', 'credit_card': 0, 'bonus': 242, 'miles': 288, 'min_stay': 1, 'platichastyami': 0, 'mircashback': 484}]",1149.5,66,658823_101hotels,2026-08-13
2304111,,Гжель,2,1,0,1,Двухместный,2,2,[{'2-tier': 1}],[],"[{'id': 1071158, 'capacity': 1, 'prepayment': 'NO', 'nonrefundable': 0, 'cancellation_period': 0, 'cancellation_fee': 'NO', 'breakfast': 0, 'base_price': 1430, 'prices': [1430], 'price': 1430, 'old_price': 1430, 'currency': 'RUB', 'payment_amount': 0, 'extras_variants': [], 'extras': [], 'rate_id': 52692, 'deals': [], 'cancellation_type': 'free', 'credit_card': 0, 'bonus': 72, 'miles': 84, 'min_stay': 1, 'platichastyami': 0, 'mircashback': 143}, {'id': 1234848, 'capacity': 1, 'prepayment': 'FIRST', 'nonrefundable': 0, 'cancellation_period': 1, 'cancellation_fee': 'FIRST', 'breakfast': 0, 'base_price': 1430, 'prices': [1430], 'price': 1430, 'old_price': 1430, 'currency': 'RUB', 'payment_amount': 1430, 'extras_variants': [], 'extras': [], 'rate_id': 29666, 'deals': [], 'cancellation_type': 'special', 'credit_card': 1, 'bonus': 72, 'miles': 84, 'min_stay': 1, 'platichastyami': 0, 'mircashback': 143}, {'id': 1234992, 'capacity': 1, 'prepayment': 'NO', 'nonrefundable': 0, 'cancellation_period': 0, 'cancellation_fee': 'NO', 'breakfast': 0, 'base_price': 1430, 'prices': [1430], 'price': 1430, 'old_price': 1430, 'currency': 'RUB', 'payment_amount': 0, 'extras_variants': [], 'extras': [], 'rate_id': 63685, 'deals': [], 'cancellation_type': 'free', 'credit_card': 0, 'bonus': 72, 'miles': 84, 'min_stay': 1, 'platichastyami': 0, 'mircashback': 143}, {'id': 1235004, 'capacity': 1, 'prepayment': 'FULL', 'nonrefundable': 0, 'cancellation_period': 1, 'cancellation_fee': 'FIRST', 'breakfast': 0, 'base_price': 1430, 'prices': [1430], 'price': 1430, 'old_price': 1430, 'currency': 'RUB', 'payment_amount': 1430, 'extras_variants': [], 'extras': [], 'rate_id': 29667, 'deals': [], 'cancellation_type': 'special', 'credit_card': 1, 'bonus': 72, 'miles': 84, 'min_stay': 1, 'platichastyami': 0, 'mircashback': 143}, {'id': 1071159, 'capacity': 2, 'prepayment': 'NO', 'nonrefundable': 0, 'cancellation_period': 0, 'cancellation_fee': 'NO', 'breakfast': 0, 'base_price': 2860, 'prices': [2860], 'price': 2860, 'old_price': 2860, 'currency': 'RUB', 'payment_amount': 0, 'extras_variants': [], 'extras': [], 'rate_id': 52692, 'deals': [], 'cancellation_type': 'free', 'credit_card': 0, 'bonus': 143, 'miles': 171, 'min_stay': 1, 'platichastyami': 0, 'mircashback': 286}, {'id': 1234849, 'capacity': 2, 'prepayment': 'FIRST', 'nonrefundable': 0, 'cancellation_period': 1, 'cancellation_fee': 'FIRST', 'breakfast': 0, 'base_price': 2860, 'prices': [2860], 'price': 2860, 'old_price': 2860, 'currency': 'RUB', 'payment_amount': 2860, 'extras_variants': [], 'extras': [], 'rate_id': 29666, 'deals': [], 'cancellation_type': 'special', 'credit_card': 1, 'bonus': 143, 'miles': 171, 'min_stay': 1, 'platichastyami': 0, 'mircashback': 286}, {'id': 1234993, 'capacity': 2, 'prepayment': 'NO', 'nonrefundable': 0, 'cancellation_period': 0, 'cancellation_fee': 'NO', 'breakfast': 0, 'base_price': 2860, 'prices': [2860], 'price': 2860, 'old_price': 2860, 'currency': 'RUB', 'payment_amount': 0, 'extras_variants': [], 'extras': [], 'rate_id': 63685, 'deals': [], 'cancellation_type': 'free', 'credit_card': 0, 'bonus': 143, 'miles': 171, 'min_stay': 1, 'platichastyami': 0, 'mircashback': 286}, {'id': 1235005, 'capacity': 2, 'prepayment': 'FULL', 'nonrefundable': 0, 'cancellation_period': 1, 'cancellation_fee': 'FIRST', 'breakfast': 0, 'base_price': 2860, 'prices': [2860], 'price': 2860, 'old_price': 2860, 'currency': 'RUB', 'payment_amount': 2860, 'extras_variants': [], 'extras': [], 'rate_id': 29667, 'deals': [], 'cancellation_type': 'special', 'credit_card': 1, 'bonus': 143, 'miles': 171, 'min_stay': 1, 'platichastyami': 0, 'mircashback': 286}, {'id': '1071158P', 'capacity': 1, 'prepayment': 'FULL', 'nonrefundable': 0, 'cancellation_period': 0, 'cancellation_fee': 'NO', 'breakfast': 0, 'base_price': 1430, 'prices': [1430], 'price': 1430, 'old_price': 1430, 'currency': 'RUB', 'payment_amount': 1430, 'extras_variants': [], 'extras': [], 'rate_id': 52692, 'deals': [], 'cancellation_type': 'free', 'credit_card': 0, 'bonus': 72, 'miles': 84, 'min_stay': 1, 'platichastyami': 0, 'mircashback': 143}, {'id': '1234992P', 'capacity': 1, 'prepayment': 'FULL', 'nonrefundable': 0, 'cancellation_period': 0, 'cancellation_fee': 'NO', 'breakfast': 0, 'base_price': 1430, 'prices': [1430], 'price': 1430, 'old_price': 1430, 'currency': 'RUB', 'payment_amount': 1430, 'extras_variants': [], 'extras': [], 'rate_id': 63685, 'deals': [], 'cancellation_type': 'free', 'credit_card': 0, 'bonus': 72, 'miles': 84, 'min_stay': 1, 'platichastyami': 0, 'mircashback': 143}, {'id': '1071159P', 'capacity': 2, 'prepayment': 'FULL', 'nonrefundable': 0, 'cancellation_period': 0, 'cancellation_fee': 'NO', 'breakfast': 0, 'base_price': 2860, 'prices': [2860], 'price': 2860, 'old_price': 2860, 'currency': 'RUB', 'payment_amount': 2860, 'extras_variants': [], 'extras': [], 'rate_id': 52692, 'deals': [], 'cancellation_type': 'free', 'credit_card': 0, 'bonus': 143, 'miles': 171, 'min_stay': 1, 'platichastyami': 0, 'mircashback': 286}, {'id': '1234993P', 'capacity': 2, 'prepayment': 'FULL', 'nonrefundable': 0, 'cancellation_period': 0, 'cancellation_fee': 'NO', 'breakfast': 0, 'base_price': 2860, 'prices': [2860], 'price': 2860, 'old_price': 2860, 'currency': 'RUB', 'payment_amount': 2860, 'extras_variants': [], 'extras': [], 'rate_id': 63685, 'deals': [], 'cancellation_type': 'free', 'credit_card': 0, 'bonus': 143, 'miles': 171, 'min_stay': 1, 'platichastyami': 0, 'mircashback': 286}]",1430.0,84,658823_101hotels,2026-08-13
1788428,,"Стандарт, Twin",2,1,0,1,Двухместный,2,9,[{'single': 2}],[],"[{'id': 604111, 'capacity': 1, 'prepayment': 'NO', 'nonrefundable': 0, 'cancellation_period': 0, 'cancellation_fee': 'NO', 'breakfast': 0, 'base_price': 3000, 'prices': [3000], 'price': 3000, 'old_price': 3000, 'currency': 'RUB', 'payment_amount': 0, 'extras_variants': [], 'extras': [], 'rate_id': 21502, 'deals': [], 'cancellation_type': 'free', 'credit_card': 0, 'bonus': 150, 'miles': 180, 'min_stay': 1, 'platichastyami': 0, 'mircashback': 300}, {'id': 604112, 'capacity': 2, 'prepayment': 'NO', 'nonrefundable': 0, 'cancellation_period': 0, 'cancellation_fee': 'NO', 'breakfast': 0, 'base_price': 3000, 'prices': [3000], 'price': 3000, 'old_price': 3000, 'currency': 'RUB', 'payment_amount': 0, 'extras_variants': [], 'extras': [], 'rate_id': 21502, 'deals': [], 'cancellation_type': 'free', 'credit_card': 0, 'bonus': 150, 'miles': 180, 'min_stay': 1, 'platichastyami': 0, 'mircashback': 300}, {'id': '604111P', 'capacity': 1, 'prepayment': 'FULL', 'nonrefundable': 0, 'cancellation_period': 0, 'cancellation_fee': 'NO', 'breakfast': 0, 'base_price': 3000, 'prices': [3000], 'price': 3000, 'old_price': 3000, 'currency': 'RUB', 'payment_amount': 3000, 'extras_variants': [], 'extras': [], 'rate_id': 21502, 'deals': [], 'cancellation_type': 'free', 'credit_card': 0, 'bonus': 150, 'miles': 180, 'min_stay': 1, 'platichastyami': 0, 'mircashback': 300}, {'id': '604112P', 'capacity': 2, 'prepayment': 'FULL', 'nonrefundable': 0, 'cancellation_period': 0, 'cancellation_fee': 'NO', 'breakfast': 0, 'base_price': 3000, 'prices': [3000], 'price': 3000, 'old_price': 3000, 'currency': 'RUB', 'payment_amount': 3000, 'extras_variants': [], 'extras': [], 'rate_id': 21502, 'deals': [], 'cancellation_type': 'free', 'credit_card': 0, 'bonus': 150, 'miles': 180, 'min_stay': 1, 'platichastyami': 0, 'mircashback': 300}]",3000.0,180,7190_101hotels,2026-08-13
1788430,,"Стандарт, С балконом",1,1,0,1,Одноместный,1,1,[{'single': 1}],[],"[{'id': 604110, 'capacity': 1, 'prepayment': 'NO', 'nonrefundable': 0, 'cancellation_period': 0, 'cancellation_fee': 'NO', 'breakfast': 0, 'base_price': 2700, 'prices': [2700], 'price': 2700, 'old_price': 2700, 'currency': 'RUB', 'payment_amount': 0, 'extras_variants': [], 'extras': [], 'rate_id': 21502, 'deals': [], 'cancellation_type': 'free', 'credit_card': 0, 'bonus': 135, 'miles': 162, 'min_stay': 1, 'platichastyami': 0, 'mircashback': 270}, {'id': '604110P', 'capacity': 1, 'prepayment': 'FULL', 'nonrefundable': 0, 'cancellation_period': 0, 'cancellation_fee': 'NO', 'breakfast': 0, 'base_price': 2700, 'prices': [2700], 'price': 2700, 'old_price': 2700, 'currency': 'RUB', 'payment_amount': 2700, 'extras_variants': [], 'extras': [], 'rate_id': 21502, 'deals': [], 'cancellation_type': 'free', 'credit_card': 0, 'bonus': 135, 'miles': 162, 'min_stay': 1, 'platichastyami': 0, 'mircashback': 270}]",2700.0,162,7190_101hotels,2026-08-13
1788431,,"Стандарт, С 1 кроватью и балконом",2,0,0,1,Двухместный,2,1,[{'double': 1}],[],"[{'id': 604115, 'capacity': 1, 'prepayment': 'NO', 'nonrefundable': 0, 'cancellation_period': 0, 'cancellation_fee': 'NO', 'breakfast': 0, 'base_price': 3200, 'prices': [3200], 'price': 3200, 'old_price': 3200, 'currency': 'RUB', 'payment_amount': 0, 'extras_variants': [], 'extras': [], 'rate_id': 21502, 'deals': [], 'cancellation_type': 'free', 'credit_card': 0, 'bonus': 160, 'miles': 192, 'min_stay': 1, 'platichastyami': 0, 'mircashback': 320}, {'id': 604116, 'capacity': 2, 'prepayment': 'NO', 'nonrefundable': 0, 'cancellation_period': 0, 'cancellation_fee': 'NO', 'breakfast': 0, 'base_price': 3200, 'prices': [3200], 'price': 3200, 'old_price': 3200, 'currency': 'RUB', 'payment_amount': 0, 'extras_variants': [], 'extras': [], 'rate_id': 21502, 'deals': [], 'cancellation_type': 'free', 'credit_card': 0, 'bonus': 160, 'miles': 192, 'min_stay': 1, 'platichastyami': 0, 'mircashback': 320}, {'id': '604115P', 'capacity': 1, 'prepayment': 'FULL', 'nonrefundable': 0, 'cancellation_period': 0, 'cancellation_fee': 'NO', 'breakfast': 0, 'base_price': 3200, 'prices': [3200], 'price': 3200, 'old_price': 3200, 'currency': 'RUB', 'payment_amount': 3200, 'extras_variants': [], 'extras': [], 'rate_id': 21502, 'deals': [], 'cancellation_type': 'free', 'credit_card': 0, 'bonus': 160, 'miles': 192, 'min_stay': 1, 'platichastyami': 0, 'mircashback': 320}, {'id': '604116P', 'capacity': 2, 'prepayment': 'FULL', 'nonrefundable': 0, 'cancellation_period': 0, 'cancellation_fee': 'NO', 'breakfast': 0, 'base_price': 3200, 'prices': [3200], 'price': 3200, 'old_price': 3200, 'currency': 'RUB', 'payment_amount': 3200, 'extras_variants': [], 'extras': [], 'rate_id': 21502, 'deals': [], 'cancellation_type': 'free', 'credit_card': 0, 'bonus': 160, 'miles': 192, 'min_stay': 1, 'platichastyami': 0, 'mircashback': 320}]",3200.0,192,7190_101hotels,2026-08-13
1788432,,"Стандарт, С 1 кроватью и диваном",2,1,0,1,Двухместный,2,2,[{'double': 1}],[],"[{'id': 604117, 'capacity': 1, 'prepayment': 'NO', 'nonrefundable': 0, 'cancellation_period': 0, 'cancellation_fee': 'NO', 'breakfast': 0, 'base_price': 3500, 'prices': [3500], 'price': 3500, 'old_price': 3500, 'currency': 'RUB', 'payment_amount': 0, 'extras_variants': [], 'extras': [], 'rate_id': 21502, 'deals': [], 'cancellation_type': 'free', 'credit_card': 0, 'bonus': 175, 'miles': 210, 'min_stay': 1, 'platichastyami': 0, 'mircashback': 350}, {'id': 604118, 'capacity': 2, 'prepayment': 'NO', 'nonrefundable': 0, 'cancellation_period': 0, 'cancellation_fee': 'NO', 'breakfast': 0, 'base_price': 3500, 'prices': [3500], 'price': 3500, 'old_price': 3500, 'currency': 'RUB', 'payment_amount': 0, 'extras_variants': [], 'extras': [], 'rate_id': 21502, 'deals': [], 'cancellation_type': 'free', 'credit_card': 0, 'bonus': 175, 'miles': 210, 'min_stay': 1, 'platichastyami': 0, 'mircashback': 350}, {'id': '604117P', 'capacity': 1, 'prepayment': 'FULL', 'nonrefundable': 0, 'cancellation_period': 0, 'cancellation_fee': 'NO', 'breakfast': 0, 'base_price': 3500, 'prices': [3500], 'price': 3500, 'old_price': 3500, 'currency': 'RUB', 'payment_amount': 3500, 'extras_variants': [], 'extras': [], 'rate_id': 21502, 'deals': [], 'cancellation_type': 'free', 'credit_card': 0, 'bonus': 175, 'miles': 210, 'min_stay': 1, 'platichastyami': 0, 'mircashback': 350}, {'id': '604118P', 'capacity': 2, 'prepayment': 'FULL', 'nonrefundable': 0, 'cancellation_period': 0, 'cancellation_fee': 'NO', 'breakfast': 0, 'base_price': 3500, 'prices': [3500], 'price': 3500, 'old_price': 3500, 'currency': 'RUB', 'payment_amount': 3500, 'extras_variants': [], 'extras': [], 'rate_id': 21502, 'deals': [], 'cancellation_type': 'free', 'credit_card': 0, 'bonus': 175, 'miles': 210, 'min_stay': 1, 'platichastyami': 0, 'mircashback': 350}]",3500.0,210,7190_101hotels,2026-08-13
5823,,Стандарт,1,0,0,1,Одноместный,1,11,[{'single': 1}],[],"[{'id': 755771, 'capacity': 1, 'prepayment': 'FIRST', 'nonrefundable': 0, 'cancellation_period': 1, 'cancellation_fee': 'FIRST', 'breakfast': 1, 'base_price': 3680, 'prices': [3680], 'price': 3680, 'old_price': 0, 'currency': 'RUB', 'payment_amount': 3680, 'extras_variants': [], 'extras': [], 'rate_id': 33057, 'deals': [], 'cancellation_type': 'special', 'credit_card': 1, 'bonus': 184, 'miles': 219, 'min_stay': 1, 'platichastyami': 0, 'mircashback': 368}]",3680.0,219,230_101hotels,2026-08-13
5824,,Стандарт,2,0,0,1,Двухместный,2,8,"[{'single': 2}, {'double': 1}]",[],"[{'id': 755772, 'capacity': 1, 'prepayment': 'FIRST', 'nonrefundable': 0, 'cancellation_period': 1, 'cancellation_fee': 'FIRST', 'breakfast': 1, 'base_price': 3840, 'prices': [3840], 'price': 3840, 'old_price': 0, 'currency': 'RUB', 'payment_amount': 3840, 'extras_variants': [], 'extras': [], 'rate_id': 33057, 'deals': [], 'cancellation_type': 'special', 'credit_card': 1, 'bonus': 192, 'miles': 228, 'min_stay': 1, 'platichastyami': 0, 'mircashback': 384}, {'id': 755773, 'capacity': 2, 'prepayment': 'FIRST', 'nonrefundable': 0, 'cancellation_period': 1, 'cancellation_fee': 'FIRST', 'breakfast': 1, 'base_price': 5040, 'prices': [5040], 'price': 5040, 'old_price': 0, 'currency': 'RUB', 'payment_amount': 5040, 'extras_variants': [], 'extras': [], 'rate_id': 33057, 'deals': [], 'cancellation_type': 'special', 'credit_card': 1, 'bonus': 252, 'miles': 300, 'min_stay': 1, 'platichastyami': 0, 'mircashback': 504}]",3840.0,228,230_101hotels,2026-08-13
5825,,Комфорт,2,1,0,1,Двухместный,2,1,"[{'single': 2}, {'double': 1}]",[],"[{'id': 755774, 'capacity': 1, 'prepayment': 'FIRST', 'nonrefundable': 0, 'cancellation_period': 1, 'cancellation_fee': 'FIRST', 'breakfast': 1, 'base_price': 4880, 'prices': [4880], 'price': 4880, 'old_price': 0, 'currency': 'RUB', 'payment_amount': 4880, 'extras_variants': [], 'extras': [], 'rate_id': 33057, 'deals': [], 'cancellation_type': 'special', 'credit_card': 1, 'bonus': 244, 'miles': 291, 'min_stay': 1, 'platichastyami': 0, 'mircashback': 488}, {'id': 755775, 'capacity': 2, 'prepayment': 'FIRST', 'nonrefundable': 0, 'cancellation_period': 1, 'cancellation_fee': 'FIRST', 'breakfast': 1, 'base_price': 6080, 'prices': [6080], 'price': 6080, 'old_price': 0, 'currency': 'RUB', 'payment_amount': 6080, 'extras_variants': [], 'extras': [], 'rate_id': 33057, 'deals': [], 'cancellation_type': 'special', 'credit_card': 1, 'bonus': 304, 'miles': 363, 'min_stay': 1, 'platichastyami': 0, 'mircashback': 608}]",4880.0,291,230_101hotels,2026-08-13
5685,,,2,1,0,1,Студио,5,2,[{'double': 1}],[],"[{'id': 1162715, 'capacity': 1, 'prepayment': 'FULL', 'nonrefundable': 0, 'cancellation_period': 0, 'cancellation_fee': 'NO', 'breakfast': 1, 'base_price': 23700, 'prices': [23700], 'price': 23700, 'old_price': 23700, 'currency': 'RUB', 'payment_amount': 23700, 'extras_variants': [], 'extras': [], 'rate_id': 59051, 'deals': [], 'cancellation_type': 'free', 'credit_card': 1, 'bonus': 1185, 'miles': 1422, 'min_stay': 1, 'platichastyami': 0, 'mircashback': 2370}, {'id': 1162716, 'capacity': 2, 'prepayment': 'FULL', 'nonrefundable': 0, 'cancellation_period': 0, 'cancellation_fee': 'NO', 'breakfast': 1, 'base_price': 25700, 'prices': [25700], 'price': 25700, 'old_price': 25700, 'currency': 'RUB', 'payment_amount': 25700, 'extras_variants': [], 'extras': [], 'rate_id': 59051, 'deals': [], 'cancellation_type': 'free', 'credit_card': 1, 'bonus': 1285, 'miles': 1542, 'min_stay': 1, 'platichastyami': 0, 'mircashback': 2570}]",23700.0,1422,607_101hotels,2026-08-13
5686,,Бизнес,2,1,0,1,Делюкс,29,1,[{'double': 1}],[],"[{'id': 1162723, 'capacity': 1, 'prepayment': 'FULL', 'nonrefundable': 0, 'cancellation_period': 0, 'cancellation_fee': 'NO', 'breakfast': 1, 'base_price': 22200, 'prices': [22200], 'price': 22200, 'old_price': 22200, 'currency': 'RUB', 'payment_amount': 22200, 'extras_variants': [], 'extras': [], 'rate_id': 59051, 'deals': [], 'cancellation_type': 'free', 'credit_card': 1, 'bonus': 1110, 'miles': 1332, 'min_stay': 1, 'platichastyami': 0, 'mircashback': 2220}, {'id': 1162724, 'capacity': 2, 'prepayment': 'FULL', 'nonrefundable': 0, 'cancellation_period': 0, 'cancellation_fee': 'NO', 'breakfast': 1, 'base_price': 24200, 'prices': [24200], 'price': 24200, 'old_price': 24200, 'currency': 'RUB', 'payment_amount': 24200, 'extras_variants': [], 'extras': [], 'rate_id': 59051, 'deals': [], 'cancellation_type': 'free', 'credit_card': 1, 'bonus': 1210, 'miles': 1452, 'min_stay': 1, 'platichastyami': 0, 'mircashback': 2420}]",22200.0,1332,607_101hotels,2026-08-13
5688,,,2,1,0,1,Люкс,6,2,[{'double': 1}],[],"[{'id': 1162717, 'capacity': 1, 'prepayment': 'FULL', 'nonrefundable': 0, 'cancellation_period': 0, 'cancellation_fee': 'NO', 'breakfast': 1, 'base_price': 31400, 'prices': [31400], 'price': 31400, 'old_price': 31400, 'currency': 'RUB', 'payment_amount': 31400, 'extras_variants': [], 'extras': [], 'rate_id': 59051, 'deals': [], 'cancellation_type': 'free', 'credit_card': 1, 'bonus': 1570, 'miles': 1884, 'min_stay': 1, 'platichastyami': 0, 'mircashback': 3140}, {'id': 1162718, 'capacity': 2, 'prepayment': 'FULL', 'nonrefundable': 0, 'cancellation_period': 0, 'cancellation_fee': 'NO', 'breakfast': 1, 'base_price': 36400, 'prices': [36400], 'price': 36400, 'old_price': 36400, 'currency': 'RUB', 'payment_amount': 36400, 'extras_variants': [], 'extras': [], 'rate_id': 59051, 'deals': [], 'cancellation_type': 'free', 'credit_card': 1, 'bonus': 1820, 'miles': 2184, 'min_stay': 1, 'platichastyami': 0, 'mircashback': 3640}]",31400.0,1884,607_101hotels,2026-08-13
5693,,,2,1,0,1,Апартаменты,14,1,[{'double': 1}],[],"[{'id': 1162719, 'capacity': 1, 'prepayment': 'FULL', 'nonrefundable': 0, 'cancellation_period': 0, 'cancellation_fee': 'NO', 'breakfast': 1, 'base_price': 52000, 'prices': [52000], 'price': 52000, 'old_price': 52000, 'currency': 'RUB', 'payment_amount': 52000, 'extras_variants': [], 'extras': [], 'rate_id': 59051, 'deals': [], 'cancellation_type': 'free', 'credit_card': 1, 'bonus': 2600, 'miles': 3120, 'min_stay': 1, 'platichastyami': 0, 'mircashback': 5200}, {'id': 1162720, 'capacity': 2, 'prepayment': 'FULL', 'nonrefundable': 0, 'cancellation_period': 0, 'cancellation_fee': 'NO', 'breakfast': 1, 'base_price': 57000, 'prices': [57000], 'price': 57000, 'old_price': 57000, 'currency': 'RUB', 'payment_amount': 57000, 'extras_variants': [], 'extras': [], 'rate_id': 59051, 'deals': [], 'cancellation_type': 'free', 'credit_card': 1, 'bonus': 2850, 'miles': 3420, 'min_stay': 1, 'platichastyami': 0, 'mircashback': 5700}]",52000.0,3120,607_101hotels,2026-08-13
77897,,Стандарт,3,0,0,1,Трехместный,37,5,[{'single': 3}],"[{'id': '42703', 'number': '1', 'min_age': '0', 'max_age': '3', 'is_extra_bed': '0', 'extra_bed_type_id': '0'}]","[{'id': 763207, 'capacity': 1, 'prepayment': 'FULL', 'nonrefundable': 0, 'cancellation_period': 2, 'cancellation_fee': 'FIRST', 'breakfast': 0, 'base_price': 3300, 'prices': [3300], 'price': 3300, 'old_price': 3300, 'currency': 'RUB', 'payment_amount': 3300, 'extras_variants': [], 'extras': {'42703': {'id': 42703, 'number': 1, 'extra_bed_type_id': 0, 'age': [0, 3], 'extra_bed': 0, 'free': 1}}, 'rate_id': 33577, 'deals': [], 'cancellation_type': 'special', 'credit_card': 1, 'bonus': 165, 'miles': 198, 'min_stay': 1, 'platichastyami': 0, 'mircashback': 330}, {'id': 763208, 'capacity': 2, 'prepayment': 'FULL', 'nonrefundable': 0, 'cancellation_period': 2, 'cancellation_fee': 'FIRST', 'breakfast': 0, 'base_price': 3900, 'prices': [3900], 'price': 3900, 'old_price': 3900, 'currency': 'RUB', 'payment_amount': 3900, 'extras_variants': [], 'extras': {'42703': {'id': 42703, 'number': 1, 'extra_bed_type_id': 0, 'age': [0, 3], 'extra_bed': 0, 'free': 1}}, 'rate_id': 33577, 'deals': [], 'cancellation_type': 'special', 'credit_card': 1, 'bonus': 195, 'miles': 234, 'min_stay': 1, 'platichastyami': 0, 'mircashback': 390}, {'id': 763209, 'capacity': 3, 'prepayment': 'FULL', 'nonrefundable': 0, 'cancellation_period': 2, 'cancellation_fee': 'FIRST', 'breakfast': 0, 'base_price': 4500, 'prices': [4500], 'price': 4500, 'old_price': 4500, 'currency': 'RUB', 'payment_amount': 4500, 'extras_variants': [], 'extras': {'42703': {'id': 42703, 'number': 1, 'extra_bed_type_id': 0, 'age': [0, 3], 'extra_bed': 0, 'free': 1}}, 'rate_id': 33577, 'deals': [], 'cancellation_type': 'special', 'credit_card': 1, 'bonus': 225, 'miles': 270, 'min_stay': 1, 'platichastyami': 0, 'mircashback': 450}]",3300.0,198,14970_101hotels,2026-08-13
79722,,Стандарт,2,0,0,1,Двухместный,2,4,[{'single': 2}],"[{'id': '42700', 'number': '1', 'min_age': '0', 'max_age': '3', 'is_extra_bed': '0', 'extra_bed_type_id': '0'}]","[{'id': 763193, 'capacity': 1, 'prepayment': 'FULL', 'nonrefundable': 0, 'cancellation_period': 2, 'cancellation_fee': 'FIRST', 'breakfast': 0, 'base_price': 3300, 'prices': [3300], 'price': 3300, 'old_price': 3300, 'currency': 'RUB', 'payment_amount': 3300, 'extras_variants': [], 'extras': {'42700': {'id': 42700, 'number': 1, 'extra_bed_type_id': 0, 'age': [0, 3], 'extra_bed': 0, 'free': 1}}, 'rate_id': 33576, 'deals': [], 'cancellation_type': 'special', 'credit_card': 1, 'bonus': 165, 'miles': 198, 'min_stay': 1, 'platichastyami': 0, 'mircashback': 330}, {'id': 763194, 'capacity': 2, 'prepayment': 'FULL', 'nonrefundable': 0, 'cancellation_period': 2, 'cancellation_fee': 'FIRST', 'breakfast': 0, 'base_price': 3900, 'prices': [3900], 'price': 3900, 'old_price': 3900, 'currency': 'RUB', 'payment_amount': 3900, 'extras_variants': [], 'extras': {'42700': {'id': 42700, 'number': 1, 'extra_bed_type_id': 0, 'age': [0, 3], 'extra_bed': 0, 'free': 1}}, 'rate_id': 33576, 'deals': [], 'cancellation_type': 'special', 'credit_card': 1, 'bonus': 195, 'miles': 234, 'min_stay': 1, 'platichastyami': 0, 'mircashback': 390}]",3300.0,198,14970_101hotels,2026-08-13
2249149,,Мужское койко-место в 4 местном номере,4,0,1,0,Четырехместный,34,3,[{'single': 1}],"[{'id': '42702', 'number': '1', 'min_age': '0', 'max_age': '3', 'is_extra_bed': '0', 'extra_bed_type_id': '0'}]","[{'id': 763216, 'capacity': 1, 'prepayment': 'FULL', 'nonrefundable': 0, 'cancellation_period': 2, 'cancellation_fee': 'FIRST', 'breakfast': 0, 'base_price': 1500, 'prices': [1500], 'price': 1500, 'old_price': 1500, 'currency': 'RUB', 'payment_amount': 1500, 'extras_variants': [], 'extras': {'42702': {'id': 42702, 'number': 1, 'extra_bed_type_id': 0, 'age': [0, 3], 'extra_bed': 0, 'free': 1}}, 'rate_id': 33578, 'deals': [], 'cancellation_type': 'special', 'credit_card': 1, 'bonus': 75, 'miles': 90, 'min_stay': 1, 'platichastyami': 0, 'mircashback': 150}]",1500.0,90,14970_101hotels,2026-08-13
2249153,,Комфорт,1,0,0,1,Одноместный,1,4,[{'double': 1}],"[{'id': '42699', 'number': '1', 'min_age': '0', 'max_age': '3', 'is_extra_bed': '0', 'extra_bed_type_id': '0'}]","[{'id': 763219, 'capacity': 1, 'prepayment': 'FULL', 'nonrefundable': 0, 'cancellation_period': 2, 'cancellation_fee': 'FIRST', 'breakfast': 0, 'base_price': 3900, 'prices': [3900], 'price': 3900, 'old_price': 3900, 'currency': 'RUB', 'payment_amount': 3900, 'extras_variants': [], 'extras': {'42699': {'id': 42699, 'number': 1, 'extra_bed_type_id': 0, 'age': [0, 3], 'extra_bed': 0, 'free': 1}}, 'rate_id': 33579, 'deals': [], 'cancellation_type': 'special', 'credit_card': 1, 'bonus': 195, 'miles': 234, 'min_stay': 1, 'platichastyami': 0, 'mircashback': 390}]",3900.0,234,14970_101hotels,2026-08-13
2304770,,Женское койко место в 4 местном номер,4,0,1,0,Четырехместный,34,4,[{'single': 1}],"[{'id': '52105', 'number': '1', 'min_age': '0', 'max_age': '3', 'is_extra_bed': '0', 'extra_bed_type_id': '0'}]","[{'id': 1077245, 'capacity': 1, 'prepayment': 'FIRST', 'nonrefundable': 0, 'cancellation_period': 2, 'cancellation_fee': 'FIRST', 'breakfast': 0, 'base_price': 1500, 'prices': [1500], 'price': 1500, 'old_price': 1500, 'currency': 'RUB', 'payment_amount': 1500, 'extras_variants': [], 'extras': {'52105': {'id': 52105, 'number': 1, 'extra_bed_type_id': 0, 'age': [0, 3], 'extra_bed': 0, 'free': 1}}, 'rate_id': 53105, 'deals': [], 'cancellation_type': 'special', 'credit_card': 1, 'bonus': 75, 'miles': 90, 'min_stay': 1, 'platichastyami': 0, 'mircashback': 150}]",1500.0,90,14970_101hotels,2026-08-13
2321990,,Койко-место,1,0,1,0,Трехместный Мужской,100,6,[{'single': 1}],[],"[{'id': 1230122, 'capacity': 1, 'prepayment': 'FULL', 'nonrefundable': 0, 'cancellation_period': 2, 'cancellation_fee': 'FIRST', 'breakfast': 0, 'base_price': 1500, 'prices': [1500], 'price': 1500, 'old_price': 1500, 'currency': 'RUB', 'payment_amount': 1500, 'extras_variants': [], 'extras': [], 'rate_id': 33578, 'deals': [], 'cancellation_type': 'special', 'credit_card': 1, 'bonus': 75, 'miles': 90, 'min_stay': 1, 'platichastyami': 0, 'mircashback': 150}]",1500.0,90,14970_101hotels,2026-08-13
62093,,Койко-место в Общем номере,8,0,0,0,Восьмиместный,38,2,[{'2-tier': 1}],[],"[{'id': 709495, 'capacity': 1, 'prepayment': 'FULL', 'nonrefundable': 0, 'cancellation_period': 1, 'cancellation_fee': 'FIRST', 'breakfast': 0, 'base_price': 800, 'prices': [800], 'price': 800, 'old_price': 800, 'currency': 'RUB', 'payment_amount': 800, 'extras_variants': [], 'extras': [], 'rate_id': 29229, 'deals': [], 'cancellation_type': 'special', 'credit_card': 1, 'bonus': 40, 'miles': 48, 'min_stay': 1, 'platichastyami': 0, 'mircashback': 80}]",800.0,48,10672_101hotels,2026-08-13
62675,,"Койко-место в Мужском номере, С балконом",6,0,0,0,Шестиместный,36,3,[{'2-tier': 1}],[],"[{'id': 709494, 'capacity': 1, 'prepayment': 'FULL', 'nonrefundable': 0, 'cancellation_period': 1, 'cancellation_fee': 'FIRST', 'breakfast': 0, 'base_price': 1000, 'prices': [1000], 'price': 1000, 'old_price': 1000, 'currency': 'RUB', 'payment_amount': 1000, 'extras_variants': [], 'extras': [], 'rate_id': 29229, 'deals': [], 'cancellation_type': 'special', 'credit_card': 1, 'bonus': 50, 'miles': 60, 'min_stay': 1, 'platichastyami': 0, 'mircashback': 100}]",1000.0,60,10672_101hotels,2026-08-13
1855138,,Стандартный  номер,1,0,0,1,Одноместный,1,2,[{'single': 1}],[],"[{'id': 1119378, 'capacity': 1, 'prepayment': 'FULL', 'nonrefundable': 0, 'cancellation_period': 0, 'cancellation_fee': 'NO', 'breakfast': 1, 'base_price': 2850, 'prices': [2850], 'price': 2850, 'old_price': 2850, 'currency': 'RUB', 'payment_amount': 2850, 'extras_variants': [], 'extras': [], 'rate_id': 56011, 'deals': [], 'cancellation_type': 'free', 'credit_card': 1, 'bonus': 143, 'miles': 171, 'min_stay': 1, 'platichastyami': 0, 'mircashback': 285}]",2850.0,171,508922_101hotels,2026-08-13
28779,,Стандарт Double,2,0,0,1,Двухместный,2,5,[{'double': 1}],[],"[{'id': 254614, 'capacity': 1, 'prepayment': 'FIRST', 'nonrefundable': 1, 'cancellation_period': 0, 'cancellation_fee': 'FIRST', 'breakfast': 1, 'base_price': 4800, 'prices': [4800], 'price': 4800, 'old_price': 4800, 'currency': 'RUB', 'payment_amount': 4800, 'extras_variants': [], 'extras': [], 'rate_id': 401, 'deals': [], 'cancellation_type': 'nonrefundable', 'credit_card': 1, 'bonus': 240, 'miles': 288, 'min_stay': 1, 'platichastyami': 0, 'mircashback': 480}, {'id': 254615, 'capacity': 2, 'prepayment': 'FIRST', 'nonrefundable': 1, 'cancellation_period': 0, 'cancellation_fee': 'FIRST', 'breakfast': 1, 'base_price': 5600, 'prices': [5600], 'price': 5600, 'old_price': 5600, 'currency': 'RUB', 'payment_amount': 5600, 'extras_variants': [], 'extras': [], 'rate_id': 401, 'deals': [], 'cancellation_type': 'nonrefundable', 'credit_card': 1, 'bonus': 280, 'miles': 336, 'min_stay': 1, 'platichastyami': 0, 'mircashback': 560}]",4800.0,288,6013_101hotels,2026-08-13
28780,,Стандарт Twin,2,0,0,1,Двухместный,2,7,[{'single': 2}],[],"[{'id': 254616, 'capacity': 1, 'prepayment': 'FIRST', 'nonrefundable': 1, 'cancellation_period': 0, 'cancellation_fee': 'FIRST', 'breakfast': 1, 'base_price': 4800, 'prices': [4800], 'price': 4800, 'old_price': 4800, 'currency': 'RUB', 'payment_amount': 4800, 'extras_variants': [], 'extras': [], 'rate_id': 401, 'deals': [], 'cancellation_type': 'nonrefundable', 'credit_card': 1, 'bonus': 240, 'miles': 288, 'min_stay': 1, 'platichastyami': 0, 'mircashback': 480}, {'id': 254617, 'capacity': 2, 'prepayment': 'FIRST', 'nonrefundable': 1, 'cancellation_period': 0, 'cancellation_fee': 'FIRST', 'breakfast': 1, 'base_price': 5600, 'prices': [5600], 'price': 5600, 'old_price': 5600, 'currency': 'RUB', 'payment_amount': 5600, 'extras_variants': [], 'extras': [], 'rate_id': 401, 'deals': [], 'cancellation_type': 'nonrefundable', 'credit_card': 1, 'bonus': 280, 'miles': 336, 'min_stay': 1, 'platichastyami': 0, 'mircashback': 560}]",4800.0,288,6013_101hotels,2026-08-13
28781,,Классик,3,1,0,1,Трехместный,37,2,"[{'single': 2, 'sofa': 1}, {'double': 1, 'sofa': 1}]",[],"[{'id': 254622, 'capacity': 1, 'prepayment': 'FIRST', 'nonrefundable': 1, 'cancellation_period': 0, 'cancellation_fee': 'FIRST', 'breakfast': 1, 'base_price': 5600, 'prices': [5600], 'price': 5600, 'old_price': 5600, 'currency': 'RUB', 'payment_amount': 5600, 'extras_variants': [], 'extras': [], 'rate_id': 401, 'deals': [], 'cancellation_type': 'nonrefundable', 'credit_card': 1, 'bonus': 280, 'miles': 336, 'min_stay': 1, 'platichastyami': 0, 'mircashback': 560}, {'id': 254623, 'capacity': 2, 'prepayment': 'FIRST', 'nonrefundable': 1, 'cancellation_period': 0, 'cancellation_fee': 'FIRST', 'breakfast': 1, 'base_price': 6600, 'prices': [6600], 'price': 6600, 'old_price': 6600, 'currency': 'RUB', 'payment_amount': 6600, 'extras_variants': [], 'extras': [], 'rate_id': 401, 'deals': [], 'cancellation_type': 'nonrefundable', 'credit_card': 1, 'bonus': 330, 'miles': 396, 'min_stay': 1, 'platichastyami': 0, 'mircashback': 660}, {'id': 254624, 'capacity': 3, 'prepayment': 'FIRST', 'nonrefundable': 1, 'cancellation_period': 0, 'cancellation_fee': 'FIRST', 'breakfast': 1, 'base_price': 7200, 'prices': [7200], 'price': 7200, 'old_price': 7200, 'currency': 'RUB', 'payment_amount': 7200, 'extras_variants': [], 'extras': [], 'rate_id': 401, 'deals': [], 'cancellation_type': 'nonrefundable', 'credit_card': 1, 'bonus': 360, 'miles': 432, 'min_stay': 1, 'platichastyami': 0, 'mircashback': 720}]",5600.0,336,6013_101hotels,2026-08-13
28782,,Комфорт,2,0,0,1,Студио,5,2,[{'double': 1}],[],"[{'id': 254618, 'capacity': 1, 'prepayment': 'FIRST', 'nonrefundable': 1, 'cancellation_period': 0, 'cancellation_fee': 'FIRST', 'breakfast': 1, 'base_price': 5600, 'prices': [5600], 'price': 5600, 'old_price': 5600, 'currency': 'RUB', 'payment_amount': 5600, 'extras_variants': [], 'extras': [], 'rate_id': 401, 'deals': [], 'cancellation_type': 'nonrefundable', 'credit_card': 1, 'bonus': 280, 'miles': 336, 'min_stay': 1, 'platichastyami': 0, 'mircashback': 560}, {'id': 254619, 'capacity': 2, 'prepayment': 'FIRST', 'nonrefundable': 1, 'cancellation_period': 0, 'cancellation_fee': 'FIRST', 'breakfast': 1, 'base_price': 6600, 'prices': [6600], 'price': 6600, 'old_price': 6600, 'currency': 'RUB', 'payment_amount': 6600, 'extras_variants': [], 'extras': [], 'rate_id': 401, 'deals': [], 'cancellation_type': 'nonrefundable', 'credit_card': 1, 'bonus': 330, 'miles': 396, 'min_stay': 1, 'platichastyami': 0, 'mircashback': 660}]",5600.0,336,6013_101hotels,2026-08-13
28783,,Джуниор-Сюит,2,2,0,1,Люкс,6,1,[{'double': 1}],[],"[{'id': 254620, 'capacity': 1, 'prepayment': 'FIRST', 'nonrefundable': 1, 'cancellation_period': 0, 'cancellation_fee': 'FIRST', 'breakfast': 1, 'base_price': 6600, 'prices': [6600], 'price': 6600, 'old_price': 6600, 'currency': 'RUB', 'payment_amount': 6600, 'extras_variants': [], 'extras': [], 'rate_id': 401, 'deals': [], 'cancellation_type': 'nonrefundable', 'credit_card': 1, 'bonus': 330, 'miles': 396, 'min_stay': 1, 'platichastyami': 0, 'mircashback': 660}, {'id': 254621, 'capacity': 2, 'prepayment': 'FIRST', 'nonrefundable': 1, 'cancellation_period': 0, 'cancellation_fee': 'FIRST', 'breakfast': 1, 'base_price': 7200, 'prices': [7200], 'price': 7200, 'old_price': 7200, 'currency': 'RUB', 'payment_amount': 7200, 'extras_variants': [], 'extras': [], 'rate_id': 401, 'deals': [], 'cancellation_type': 'nonrefundable', 'credit_card': 1, 'bonus': 360, 'miles': 432, 'min_stay': 1, 'platichastyami': 0, 'mircashback': 720}]",6600.0,396,6013_101hotels,2026-08-13
2285216,,Джуниор Сюит с сауной,2,2,0,1,Полулюкс,4,1,"[{'double': 1}, {'single': 2}]",[],"[{'id': 913251, 'capacity': 1, 'prepayment': 'FIRST', 'nonrefundable': 1, 'cancellation_period': 0, 'cancellation_fee': 'FIRST', 'breakfast': 1, 'base_price': 8600, 'prices': [8600], 'price': 8600, 'old_price': 8600, 'currency': 'RUB', 'payment_amount': 8600, 'extras_variants': [], 'extras': [], 'rate_id': 401, 'deals': [], 'cancellation_type': 'nonrefundable', 'credit_card': 1, 'bonus': 430, 'miles': 516, 'min_stay': 1, 'platichastyami': 0, 'mircashback': 860}, {'id': 913252, 'capacity': 2, 'prepayment': 'FIRST', 'nonrefundable': 1, 'cancellation_period': 0, 'cancellation_fee': 'FIRST', 'breakfast': 1, 'base_price': 9200, 'prices': [9200], 'price': 9200, 'old_price': 9200, 'currency': 'RUB', 'payment_amount': 9200, 'extras_variants': [], 'extras': [], 'rate_id': 401, 'deals': [], 'cancellation_type': 'nonrefundable', 'credit_card': 1, 'bonus': 460, 'miles': 552, 'min_stay': 1, 'platichastyami': 0, 'mircashback': 920}]",8600.0,516,6013_101hotels,2026-08-13
2274221,,Стандарт,4,0,0,0,Семейный,44,1,"[{'single': 2, 'double': 1}]","[{'id': '10353', 'number': '1', 'min_age': '0', 'max_age': '2', 'is_extra_bed': '0', 'extra_bed_type_id': '0'}]","[{'id': 789978, 'capacity': 1, 'prepayment': 'NO', 'nonrefundable': 0, 'cancellation_period': 0, 'cancellation_fee': 'NO', 'breakfast': 0, 'base_price': 3000, 'prices': [3000], 'price': 3000, 'old_price': 3000, 'currency': 'RUB', 'payment_amount': 0, 'extras_variants': [], 'extras': {'10353': {'id': 10353, 'number': 1, 'extra_bed_type_id': 0, 'age': [0, 2], 'extra_bed': 0, 'free': 1}}, 'rate_id': 35596, 'deals': [], 'cancellation_type': 'free', 'credit_card': 0, 'bonus': 150, 'miles': 180, 'min_stay': 1, 'platichastyami': 0, 'mircashback': 300}, {'id': 789979, 'capacity': 2, 'prepayment': 'NO', 'nonrefundable': 0, 'cancellation_period': 0, 'cancellation_fee': 'NO', 'breakfast': 0, 'base_price': 4000, 'prices': [4000], 'price': 4000, 'old_price': 4000, 'currency': 'RUB', 'payment_amount': 0, 'extras_variants': [], 'extras': {'10353': {'id': 10353, 'number': 1, 'extra_bed_type_id': 0, 'age': [0, 2], 'extra_bed': 0, 'free': 1}}, 'rate_id': 35596, 'deals': [], 'cancellation_type': 'free', 'credit_card': 0, 'bonus': 200, 'miles': 240, 'min_stay': 1, 'platichastyami': 0, 'mircashback': 400}, {'id': 789980, 'capacity': 3, 'prepayment': 'NO', 'nonrefundable': 0, 'cancellation_period': 0, 'cancellation_fee': 'NO', 'breakfast': 0, 'base_price': 5800, 'prices': [5800], 'price': 5800, 'old_price': 5800, 'currency': 'RUB', 'payment_amount': 0, 'extras_variants': [], 'extras': {'10353': {'id': 10353, 'number': 1, 'extra_bed_type_id': 0, 'age': [0, 2], 'extra_bed': 0, 'free': 1}}, 'rate_id': 35596, 'deals': [], 'cancellation_type': 'free', 'credit_card': 0, 'bonus': 290, 'miles': 348, 'min_stay': 1, 'platichastyami': 0, 'mircashback': 580}, {'id': 789981, 'capacity': 4, 'prepayment': 'NO', 'nonrefundable': 0, 'cancellation_period': 0, 'cancellation_fee': 'NO', 'breakfast': 0, 'base_price': 7600, 'prices': [7600], 'price': 7600, 'old_price': 7600, 'currency': 'RUB', 'payment_amount': 0, 'extras_variants': [], 'extras': {'10353': {'id': 10353, 'number': 1, 'extra_bed_type_id': 0, 'age': [0, 2], 'extra_bed': 0, 'free': 1}}, 'rate_id': 35596, 'deals': [], 'cancellation_type': 'free', 'credit_card': 0, 'bonus': 380, 'miles': 456, 'min_stay': 1, 'platichastyami': 0, 'mircashback': 760}, {'id': '789978P', 'capacity': 1, 'prepayment': 'FULL', 'nonrefundable': 0, 'cancellation_period': 0, 'cancellation_fee': 'NO', 'breakfast': 0, 'base_price': 3000, 'prices': [3000], 'price': 3000, 'old_price': 3000, 'currency': 'RUB', 'payment_amount': 3000, 'extras_variants': [], 'extras': {'10353': {'id': 10353, 'number': 1, 'extra_bed_type_id': 0, 'age': [0, 2], 'extra_bed': 0, 'free': 1}}, 'rate_id': 35596, 'deals': [], 'cancellation_type': 'free', 'credit_card': 0, 'bonus': 150, 'miles': 180, 'min_stay': 1, 'platichastyami': 0, 'mircashback': 300}, {'id': '789979P', 'capacity': 2, 'prepayment': 'FULL', 'nonrefundable': 0, 'cancellation_period': 0, 'cancellation_fee': 'NO', 'breakfast': 0, 'base_price': 4000, 'prices': [4000], 'price': 4000, 'old_price': 4000, 'currency': 'RUB', 'payment_amount': 4000, 'extras_variants': [], 'extras': {'10353': {'id': 10353, 'number': 1, 'extra_bed_type_id': 0, 'age': [0, 2], 'extra_bed': 0, 'free': 1}}, 'rate_id': 35596, 'deals': [], 'cancellation_type': 'free', 'credit_card': 0, 'bonus': 200, 'miles': 240, 'min_stay': 1, 'platichastyami': 0, 'mircashback': 400}, {'id': '789980P', 'capacity': 3, 'prepayment': 'FULL', 'nonrefundable': 0, 'cancellation_period': 0, 'cancellation_fee': 'NO', 'breakfast': 0, 'base_price': 5800, 'prices': [5800], 'price': 5800, 'old_price': 5800, 'currency': 'RUB', 'payment_amount': 5800, 'extras_variants': [], 'extras': {'10353': {'id': 10353, 'number': 1, 'extra_bed_type_id': 0, 'age': [0, 2], 'extra_bed': 0, 'free': 1}}, 'rate_id': 35596, 'deals': [], 'cancellation_type': 'free', 'credit_card': 0, 'bonus': 290, 'miles': 348, 'min_stay': 1, 'platichastyami': 0, 'mircashback': 580}, {'id': '789981P', 'capacity': 4, 'prepayment': 'FULL', 'nonrefundable': 0, 'cancellation_period': 0, 'cancellation_fee': 'NO', 'breakfast': 0, 'base_price': 7600, 'prices': [7600], 'price': 7600, 'old_price': 7600, 'currency': 'RUB', 'payment_amount': 7600, 'extras_variants': [], 'extras': {'10353': {'id': 10353, 'number': 1, 'extra_bed_type_id': 0, 'age': [0, 2], 'extra_bed': 0, 'free': 1}}, 'rate_id': 35596, 'deals': [], 'cancellation_type': 'free', 'credit_card': 0, 'bonus': 380, 'miles': 456, 'min_stay': 1, 'platichastyami': 0, 'mircashback': 760}]",3000.0,180,666294_101hotels,2026-08-13
2274226,,Койко-место в женсокм номере,1,0,1,0,Восьмиместный Женский,77,4,[{'2-tier': 1}],[],"[{'id': 790332, 'capacity': 1, 'prepayment': 'NO', 'nonrefundable': 0, 'cancellation_period': 0, 'cancellation_fee': 'NO', 'breakfast': 0, 'base_price': 1800, 'prices': [1800], 'price': 1800, 'old_price': 1800, 'currency': 'RUB', 'payment_amount': 0, 'extras_variants': [], 'extras': [], 'rate_id': 35596, 'deals': [], 'cancellation_type': 'free', 'credit_card': 0, 'bonus': 90, 'miles': 108, 'min_stay': 1, 'platichastyami': 0, 'mircashback': 180}, {'id': '790332P', 'capacity': 1, 'prepayment': 'FULL', 'nonrefundable': 0, 'cancellation_period': 0, 'cancellation_fee': 'NO', 'breakfast': 0, 'base_price': 1800, 'prices': [1800], 'price': 1800, 'old_price': 1800, 'currency': 'RUB', 'payment_amount': 1800, 'extras_variants': [], 'extras': [], 'rate_id': 35596, 'deals': [], 'cancellation_type': 'free', 'credit_card': 0, 'bonus': 90, 'miles': 108, 'min_stay': 1, 'platichastyami': 0, 'mircashback': 180}]",1800.0,108,666294_101hotels,2026-08-13
2274230,,Койко-место в мужском номере,1,0,1,0,Восьмиместный Мужской,76,5,[{'2-tier': 1}],[],"[{'id': 790011, 'capacity': 1, 'prepayment': 'NO', 'nonrefundable': 0, 'cancellation_period': 0, 'cancellation_fee': 'NO', 'breakfast': 0, 'base_price': 1800, 'prices': [1800], 'price': 1800, 'old_price': 1800, 'currency': 'RUB', 'payment_amount': 0, 'extras_variants': [], 'extras': [], 'rate_id': 35596, 'deals': [], 'cancellation_type': 'free', 'credit_card': 0, 'bonus': 90, 'miles': 108, 'min_stay': 1, 'platichastyami': 0, 'mircashback': 180}, {'id': '790011P', 'capacity': 1, 'prepayment': 'FULL', 'nonrefundable': 0, 'cancellation_period': 0, 'cancellation_fee': 'NO', 'breakfast': 0, 'base_price': 1800, 'prices': [1800], 'price': 1800, 'old_price': 1800, 'currency': 'RUB', 'payment_amount': 1800, 'extras_variants': [], 'extras': [], 'rate_id': 35596, 'deals': [], 'cancellation_type': 'free', 'credit_card': 0, 'bonus': 90, 'miles': 108, 'min_stay': 1, 'platichastyami': 0, 'mircashback': 180}]",1800.0,108,666294_101hotels,2026-08-13
1217580,,С 2 односпальными кроватями и своим санузлом №1,2,0,0,1,Двухместный,2,1,[{'single': 2}],[],"[{'id': 375785, 'capacity': 1, 'prepayment': 'FIRST', 'nonrefundable': 0, 'cancellation_period': 1, 'cancellation_fee': 'FIRST', 'breakfast': 0, 'base_price': 2700, 'prices': [2700], 'price': 2295, 'old_price': 2700, 'currency': 'RUB', 'payment_amount': 2700, 'extras_variants': [], 'extras': [], 'rate_id': 6123, 'deals': ['LAST_MINUTE'], 'cancellation_type': 'special', 'credit_card': 1, 'bonus': 115, 'miles': 135, 'min_stay': 1, 'platichastyami': 0, 'mircashback': 230}, {'id': 375786, 'capacity': 2, 'prepayment': 'FIRST', 'nonrefundable': 0, 'cancellation_period': 1, 'cancellation_fee': 'FIRST', 'breakfast': 0, 'base_price': 3200, 'prices': [3200], 'price': 2720, 'old_price': 3200, 'currency': 'RUB', 'payment_amount': 3200, 'extras_variants': [], 'extras': [], 'rate_id': 6123, 'deals': ['LAST_MINUTE'], 'cancellation_type': 'special', 'credit_card': 1, 'bonus': 136, 'miles': 162, 'min_stay': 1, 'platichastyami': 0, 'mircashback': 272}]",2295.0,135,378505_101hotels,2026-08-13
1217581,,Номер с двумя отдельными кроватями №6,2,1,0,0,Двухместный,2,1,"[{'single': 2, 'f-chair': 1}]","[{'id': '48821', 'number': '2', 'min_age': '0', 'max_age': '7', 'is_extra_bed': '0', 'extra_bed_type_id': '0'}]","[{'id': 375787, 'capacity': 1, 'prepayment': 'FIRST', 'nonrefundable': 0, 'cancellation_period': 1, 'cancellation_fee': 'FIRST', 'breakfast': 0, 'base_price': 2300, 'prices': [2300], 'price': 1955, 'old_price': 2300, 'currency': 'RUB', 'payment_amount': 2300, 'extras_variants': [], 'extras': {'48821': {'id': 48821, 'number': 2, 'extra_bed_type_id': 0, 'age': [0, 7], 'extra_bed': 0, 'free': 1}}, 'rate_id': 6123, 'deals': ['LAST_MINUTE'], 'cancellation_type': 'special', 'credit_card': 1, 'bonus': 98, 'miles': 117, 'min_stay': 1, 'platichastyami': 0, 'mircashback': 196}, {'id': 375788, 'capacity': 2, 'prepayment': 'FIRST', 'nonrefundable': 0, 'cancellation_period': 1, 'cancellation_fee': 'FIRST', 'breakfast': 0, 'base_price': 2900, 'prices': [2900], 'price': 2465, 'old_price': 2900, 'currency': 'RUB', 'payment_amount': 2900, 'extras_variants': [], 'extras': {'48821': {'id': 48821, 'number': 2, 'extra_bed_type_id': 0, 'age': [0, 7], 'extra_bed': 0, 'free': 1}}, 'rate_id': 6123, 'deals': ['LAST_MINUTE'], 'cancellation_type': 'special', 'credit_card': 1, 'bonus': 123, 'miles': 147, 'min_stay': 1, 'platichastyami': 0, 'mircashback': 247}]",1955.0,117,378505_101hotels,2026-08-13
1217584,,Кровать в общем номере для женщин №7,6,0,1,0,Шестиместный,36,3,[{'single': 1}],"[{'id': '48824', 'number': '1', 'min_age': '0', 'max_age': '7', 'is_extra_bed': '0', 'extra_bed_type_id': '0'}]","[{'id': 375793, 'capacity': 1, 'prepayment': 'FIRST', 'nonrefundable': 0, 'cancellation_period': 1, 'cancellation_fee': 'FIRST', 'breakfast': 0, 'base_price': 1100, 'prices': [1100], 'price': 935, 'old_price': 1100, 'currency': 'RUB', 'payment_amount': 1100, 'extras_variants': [], 'extras': {'48824': {'id': 48824, 'number': 1, 'extra_bed_type_id': 0, 'age': [0, 7], 'extra_bed': 0, 'free': 1}}, 'rate_id': 6123, 'deals': ['LAST_MINUTE'], 'cancellation_type': 'special', 'credit_card': 1, 'bonus': 47, 'miles': 54, 'min_stay': 1, 'platichastyami': 0, 'mircashback': 94}]",935.0,54,378505_101hotels,2026-08-13
1217585,,"Четырехместный смешанный номер (муж, жен), семейный №4, №5",4,0,1,0,Четырехместный,34,6,[{'single': 1}],"[{'id': '48823', 'number': '1', 'min_age': '0', 'max_age': '7', 'is_extra_bed': '0', 'extra_bed_type_id': '0'}]","[{'id': 375789, 'capacity': 1, 'prepayment': 'FIRST', 'nonrefundable': 0, 'cancellation_period': 1, 'cancellation_fee': 'FIRST', 'breakfast': 0, 'base_price': 1200, 'prices': [1200], 'price': 1020, 'old_price': 1200, 'currency': 'RUB', 'payment_amount': 1200, 'extras_variants': [], 'extras': {'48823': {'id': 48823, 'number': 1, 'extra_bed_type_id': 0, 'age': [0, 7], 'extra_bed': 0, 'free': 1}}, 'rate_id': 6123, 'deals': ['LAST_MINUTE'], 'cancellation_type': 'special', 'credit_card': 1, 'bonus': 51, 'miles': 60, 'min_stay': 1, 'platichastyami': 0, 'mircashback': 102}]",1020.0,60,378505_101hotels,2026-08-13
2301500,,Кровать в общем номере для мужчин №3,1,0,1,0,Восьмиместный Мужской,76,4,[{'single': 1}],[],"[{'id': 1051132, 'capacity': 1, 'prepayment': 'FIRST', 'nonrefundable': 0, 'cancellation_period': 1, 'cancellation_fee': 'FIRST', 'breakfast': 0, 'base_price': 1100, 'prices': [1100], 'price': 935, 'old_price': 1100, 'currency': 'RUB', 'payment_amount': 1100, 'extras_variants': [], 'extras': [], 'rate_id': 6123, 'deals': ['LAST_MINUTE'], 'cancellation_type': 'special', 'credit_card': 1, 'bonus': 47, 'miles': 54, 'min_stay': 1, 'platichastyami': 0, 'mircashback': 94}]",935.0,54,378505_101hotels,2026-08-13
2260193,,Ве Ноme на Строительном переулке (Лотос),4,0,0,1,Четырехместный,34,1,"[{'double': 1, 'sofa': 1}]",[],"[{'id': 690831, 'capacity': 1, 'prepayment': 'FULL', 'nonrefundable': 0, 'cancellation_period': 0, 'cancellation_fee': 'NO', 'breakfast': 0, 'base_price': 3640, 'prices': [3640], 'price': 3348.8, 'old_price': 3640, 'currency': 'RUB', 'payment_amount': 3640, 'extras_variants': [], 'extras': [], 'rate_id': 9236, 'deals': ['LAST_MINUTE'], 'cancellation_type': 'free', 'credit_card': 1, 'bonus': 167, 'miles': 198, 'min_stay': 1, 'platichastyami': 0, 'mircashback': 335}, {'id': 690832, 'capacity': 2, 'prepayment': 'FULL', 'nonrefundable': 0, 'cancellation_period': 0, 'cancellation_fee': 'NO', 'breakfast': 0, 'base_price': 3640, 'prices': [3640], 'price': 3348.8, 'old_price': 3640, 'currency': 'RUB', 'payment_amount': 3640, 'extras_variants': [], 'extras': [], 'rate_id': 9236, 'deals': ['LAST_MINUTE'], 'cancellation_type': 'free', 'credit_card': 1, 'bonus': 167, 'miles': 198, 'min_stay': 1, 'platichastyami': 0, 'mircashback': 335}, {'id': 690833, 'capacity': 3, 'prepayment': 'FULL', 'nonrefundable': 0, 'cancellation_period': 0, 'cancellation_fee': 'NO', 'breakfast': 0, 'base_price': 3790, 'prices': [3790], 'price': 3486.8, 'old_price': 3790, 'currency': 'RUB', 'payment_amount': 3790, 'extras_variants': [], 'extras': [], 'rate_id': 9236, 'deals': ['LAST_MINUTE'], 'cancellation_type': 'free', 'credit_card': 1, 'bonus': 174, 'miles': 207, 'min_stay': 1, 'platichastyami': 0, 'mircashback': 349}, {'id': 690834, 'capacity': 4, 'prepayment': 'FULL', 'nonrefundable': 0, 'cancellation_period': 0, 'cancellation_fee': 'NO', 'breakfast': 0, 'base_price': 3940, 'prices': [3940], 'price': 3624.8, 'old_price': 3940, 'currency': 'RUB', 'payment_amount': 3940, 'extras_variants': [], 'extras': [], 'rate_id': 9236, 'deals': ['LAST_MINUTE'], 'cancellation_type': 'free', 'credit_card': 1, 'bonus': 181, 'miles': 216, 'min_stay': 1, 'platichastyami': 0, 'mircashback': 362}]",3348.8,198,653874_101hotels,2026-08-13
33534,,,2,0,0,1,Полулюкс,4,1,[{'double': 1}],"[{'id': '3521', 'number': '1', 'min_age': '1', 'max_age': '5', 'is_extra_bed': '0', 'extra_bed_type_id': '0'}]","[{'id': 310377, 'capacity': 1, 'prepayment': 'NO', 'nonrefundable': 0, 'cancellation_period': 0, 'cancellation_fee': 'NO', 'breakfast': 1, 'base_price': 4000, 'prices': [4000], 'price': 4000, 'old_price': 4000, 'currency': 'RUB', 'payment_amount': 0, 'extras_variants': [], 'extras': {'3521': {'id': 3521, 'number': 1, 'extra_bed_type_id': 0, 'age': [1, 5], 'extra_bed': 0, 'free': 1}}, 'rate_id': 2848, 'deals': [], 'cancellation_type': 'free', 'credit_card': 0, 'bonus': 200, 'miles': 240, 'min_stay': 1, 'platichastyami': 0, 'mircashback': 400}, {'id': 310378, 'capacity': 2, 'prepayment': 'NO', 'nonrefundable': 0, 'cancellation_period': 0, 'cancellation_fee': 'NO', 'breakfast': 1, 'base_price': 4000, 'prices': [4000], 'price': 4000, 'old_price': 4000, 'currency': 'RUB', 'payment_amount': 0, 'extras_variants': [], 'extras': {'3521': {'id': 3521, 'number': 1, 'extra_bed_type_id': 0, 'age': [1, 5], 'extra_bed': 0, 'free': 1}}, 'rate_id': 2848, 'deals': [], 'cancellation_type': 'free', 'credit_card': 0, 'bonus': 200, 'miles': 240, 'min_stay': 1, 'platichastyami': 0, 'mircashback': 400}]",4000.0,240,7044_101hotels,2026-08-13
1746433,,,1,0,0,1,Одноместный,1,1,[{'single': 1}],[],"[{'id': 310379, 'capacity': 1, 'prepayment': 'NO', 'nonrefundable': 0, 'cancellation_period': 0, 'cancellation_fee': 'NO', 'breakfast': 1, 'base_price': 3000, 'prices': [3000], 'price': 3000, 'old_price': 3000, 'currency': 'RUB', 'payment_amount': 0, 'extras_variants': [], 'extras': [], 'rate_id': 2848, 'deals': [], 'cancellation_type': 'free', 'credit_card': 0, 'bonus': 150, 'miles': 180, 'min_stay': 1, 'platichastyami': 0, 'mircashback': 300}]",3000.0,180,7044_101hotels,2026-08-13
5771,,Классик,1,0,0,1,Одноместный,1,1,[{'single': 1}],[],"[{'id': 1184988, 'capacity': 1, 'prepayment': 'NO', 'nonrefundable': 0, 'cancellation_period': 0, 'cancellation_fee': 'NO', 'breakfast': 1, 'base_price': 5600, 'prices': [5600], 'price': 5600, 'old_price': 0, 'currency': 'RUB', 'payment_amount': 0, 'extras_variants': [], 'extras': [], 'rate_id': 60454, 'deals': [], 'cancellation_type': 'free', 'credit_card': 0, 'bonus': 280, 'miles': 336, 'min_stay': 1, 'platichastyami': 0, 'mircashback': 560}]",5600.0,336,228_101hotels,2026-08-13
5774,,Комфорт,1,0,0,1,Одноместный,1,4,[{'single': 1}],[],"[{'id': 1184989, 'capacity': 1, 'prepayment': 'NO', 'nonrefundable': 0, 'cancellation_period': 0, 'cancellation_fee': 'NO', 'breakfast': 1, 'base_price': 6000, 'prices': [6000], 'price': 6000, 'old_price': 0, 'currency': 'RUB', 'payment_amount': 0, 'extras_variants': [], 'extras': [], 'rate_id': 60454, 'deals': [], 'cancellation_type': 'free', 'credit_card': 0, 'bonus': 300, 'miles': 360, 'min_stay': 1, 'platichastyami': 0, 'mircashback': 600}]",6000.0,360,228_101hotels,2026-08-13
5783,,Джуниор «Купеческий»,2,0,0,1,Сюит,27,1,[{'double': 1}],[],"[{'id': 1184999, 'capacity': 1, 'prepayment': 'NO', 'nonrefundable': 0, 'cancellation_period': 0, 'cancellation_fee': 'NO', 'breakfast': 1, 'base_price': 9700, 'prices': [9700], 'price': 9700, 'old_price': 0, 'currency': 'RUB', 'payment_amount': 0, 'extras_variants': [], 'extras': [], 'rate_id': 60454, 'deals': [], 'cancellation_type': 'free', 'credit_card': 0, 'bonus': 485, 'miles': 582, 'min_stay': 1, 'platichastyami': 0, 'mircashback': 970}, {'id': 1185000, 'capacity': 2, 'prepayment': 'NO', 'nonrefundable': 0, 'cancellation_period': 0, 'cancellation_fee': 'NO', 'breakfast': 1, 'base_price': 9700, 'prices': [9700], 'price': 9700, 'old_price': 0, 'currency': 'RUB', 'payment_amount': 0, 'extras_variants': [], 'extras': [], 'rate_id': 60454, 'deals': [], 'cancellation_type': 'free', 'credit_card': 0, 'bonus': 485, 'miles': 582, 'min_stay': 1, 'platichastyami': 0, 'mircashback': 970}]",9700.0,582,228_101hotels,2026-08-13
5787,,"Дворянский, Генерал-губернаторский",2,0,0,1,Люкс,6,1,[{'double': 1}],[],"[{'id': 1184997, 'capacity': 1, 'prepayment': 'NO', 'nonrefundable': 0, 'cancellation_period': 0, 'cancellation_fee': 'NO', 'breakfast': 1, 'base_price': 13100, 'prices': [13100], 'price': 13100, 'old_price': 0, 'currency': 'RUB', 'payment_amount': 0, 'extras_variants': [], 'extras': [], 'rate_id': 60454, 'deals': [], 'cancellation_type': 'free', 'credit_card': 0, 'bonus': 655, 'miles': 786, 'min_stay': 1, 'platichastyami': 0, 'mircashback': 1310}, {'id': 1184998, 'capacity': 2, 'prepayment': 'NO', 'nonrefundable': 0, 'cancellation_period': 0, 'cancellation_fee': 'NO', 'breakfast': 1, 'base_price': 13100, 'prices': [13100], 'price': 13100, 'old_price': 0, 'currency': 'RUB', 'payment_amount': 0, 'extras_variants': [], 'extras': [], 'rate_id': 60454, 'deals': [], 'cancellation_type': 'free', 'credit_card': 0, 'bonus': 655, 'miles': 786, 'min_stay': 1, 'platichastyami': 0, 'mircashback': 1310}]",13100.0,786,228_101hotels,2026-08-13
1248432,,Классик-М (Мансарда),1,0,0,1,Одноместный,1,4,[{'single': 1}],[],"[{'id': 1184990, 'capacity': 1, 'prepayment': 'NO', 'nonrefundable': 0, 'cancellation_period': 0, 'cancellation_fee': 'NO', 'breakfast': 1, 'base_price': 4900, 'prices': [4900], 'price': 4900, 'old_price': 0, 'currency': 'RUB', 'payment_amount': 0, 'extras_variants': [], 'extras': [], 'rate_id': 60454, 'deals': [], 'cancellation_type': 'free', 'credit_card': 0, 'bonus': 245, 'miles': 294, 'min_stay': 1, 'platichastyami': 0, 'mircashback': 490}]",4900.0,294,228_101hotels,2026-08-13
82026,,Номер с одной двуспальной или двумя односпальными кроватями,2,0,0,1,Двухместный,2,15,"[{'single': 2}, {'double': 1}]","[{'id': '38103', 'number': '1', 'min_age': '0', 'max_age': '7', 'is_extra_bed': '0', 'extra_bed_type_id': '0'}]","[{'id': 713678, 'capacity': 1, 'prepayment': 'NO', 'nonrefundable': 0, 'cancellation_period': 0, 'cancellation_fee': 'NO', 'breakfast': 1, 'base_price': 4500, 'prices': [4500], 'price': 4500, 'old_price': 4500, 'currency': 'RUB', 'payment_amount': 0, 'extras_variants': [], 'extras': {'38103': {'id': 38103, 'number': 1, 'extra_bed_type_id': 0, 'age': [0, 7], 'extra_bed': 0, 'free': 1}}, 'rate_id': 29549, 'deals': [], 'cancellation_type': 'free', 'credit_card': 0, 'bonus': 225, 'miles': 270, 'min_stay': 1, 'platichastyami': 0, 'mircashback': 450}, {'id': 713679, 'capacity': 2, 'prepayment': 'NO', 'nonrefundable': 0, 'cancellation_period': 0, 'cancellation_fee': 'NO', 'breakfast': 1, 'base_price': 4500, 'prices': [4500], 'price': 4500, 'old_price': 4500, 'currency': 'RUB', 'payment_amount': 0, 'extras_variants': [], 'extras': {'38103': {'id': 38103, 'number': 1, 'extra_bed_type_id': 0, 'age': [0, 7], 'extra_bed': 0, 'free': 1}}, 'rate_id': 29549, 'deals': [], 'cancellation_type': 'free', 'credit_card': 0, 'bonus': 225, 'miles': 270, 'min_stay': 1, 'platichastyami': 0, 'mircashback': 450}, {'id': '713678P', 'capacity': 1, 'prepayment': 'FULL', 'nonrefundable': 0, 'cancellation_period': 0, 'cancellation_fee': 'NO', 'breakfast': 1, 'base_price': 4500, 'prices': [4500], 'price': 4500, 'old_price': 4500, 'currency': 'RUB', 'payment_amount': 4500, 'extras_variants': [], 'extras': {'38103': {'id': 38103, 'number': 1, 'extra_bed_type_id': 0, 'age': [0, 7], 'extra_bed': 0, 'free': 1}}, 'rate_id': 29549, 'deals': [], 'cancellation_type': 'free', 'credit_card': 0, 'bonus': 225, 'miles': 270, 'min_stay': 1, 'platichastyami': 0, 'mircashback': 450}, {'id': '713679P', 'capacity': 2, 'prepayment': 'FULL', 'nonrefundable': 0, 'cancellation_period': 0, 'cancellation_fee': 'NO', 'breakfast': 1, 'base_price': 4500, 'prices': [4500], 'price': 4500, 'old_price': 4500, 'currency': 'RUB', 'payment_amount': 4500, 'extras_variants': [], 'extras': {'38103': {'id': 38103, 'number': 1, 'extra_bed_type_id': 0, 'age': [0, 7], 'extra_bed': 0, 'free': 1}}, 'rate_id': 29549, 'deals': [], 'cancellation_type': 'free', 'credit_card': 0, 'bonus': 225, 'miles': 270, 'min_stay': 1, 'platichastyami': 0, 'mircashback': 450}]",4500.0,270,16033_101hotels,2026-08-13
82028,,,3,0,0,1,Трехместный,37,2,[{'single': 3}],[],"[{'id': 713682, 'capacity': 1, 'prepayment': 'NO', 'nonrefundable': 0, 'cancellation_period': 0, 'cancellation_fee': 'NO', 'breakfast': 1, 'base_price': 5000, 'prices': [5000], 'price': 5000, 'old_price': 5000, 'currency': 'RUB', 'payment_amount': 0, 'extras_variants': [], 'extras': [], 'rate_id': 29549, 'deals': [], 'cancellation_type': 'free', 'credit_card': 0, 'bonus': 250, 'miles': 300, 'min_stay': 1, 'platichastyami': 0, 'mircashback': 500}, {'id': 713683, 'capacity': 2, 'prepayment': 'NO', 'nonrefundable': 0, 'cancellation_period': 0, 'cancellation_fee': 'NO', 'breakfast': 1, 'base_price': 5000, 'prices': [5000], 'price': 5000, 'old_price': 5000, 'currency': 'RUB', 'payment_amount': 0, 'extras_variants': [], 'extras': [], 'rate_id': 29549, 'deals': [], 'cancellation_type': 'free', 'credit_card': 0, 'bonus': 250, 'miles': 300, 'min_stay': 1, 'platichastyami': 0, 'mircashback': 500}, {'id': 713684, 'capacity': 3, 'prepayment': 'NO', 'nonrefundable': 0, 'cancellation_period': 0, 'cancellation_fee': 'NO', 'breakfast': 1, 'base_price': 5000, 'prices': [5000], 'price': 5000, 'old_price': 5000, 'currency': 'RUB', 'payment_amount': 0, 'extras_variants': [], 'extras': [], 'rate_id': 29549, 'deals': [], 'cancellation_type': 'free', 'credit_card': 0, 'bonus': 250, 'miles': 300, 'min_stay': 1, 'platichastyami': 0, 'mircashback': 500}, {'id': '713682P', 'capacity': 1, 'prepayment': 'FULL', 'nonrefundable': 0, 'cancellation_period': 0, 'cancellation_fee': 'NO', 'breakfast': 1, 'base_price': 5000, 'prices': [5000], 'price': 5000, 'old_price': 5000, 'currency': 'RUB', 'payment_amount': 5000, 'extras_variants': [], 'extras': [], 'rate_id': 29549, 'deals': [], 'cancellation_type': 'free', 'credit_card': 0, 'bonus': 250, 'miles': 300, 'min_stay': 1, 'platichastyami': 0, 'mircashback': 500}, {'id': '713683P', 'capacity': 2, 'prepayment': 'FULL', 'nonrefundable': 0, 'cancellation_period': 0, 'cancellation_fee': 'NO', 'breakfast': 1, 'base_price': 5000, 'prices': [5000], 'price': 5000, 'old_price': 5000, 'currency': 'RUB', 'payment_amount': 5000, 'extras_variants': [], 'extras': [], 'rate_id': 29549, 'deals': [], 'cancellation_type': 'free', 'credit_card': 0, 'bonus': 250, 'miles': 300, 'min_stay': 1, 'platichastyami': 0, 'mircashback': 500}, {'id': '713684P', 'capacity': 3, 'prepayment': 'FULL', 'nonrefundable': 0, 'cancellation_period': 0, 'cancellation_fee': 'NO', 'breakfast': 1, 'base_price': 5000, 'prices': [5000], 'price': 5000, 'old_price': 5000, 'currency': 'RUB', 'payment_amount': 5000, 'extras_variants': [], 'extras': [], 'rate_id': 29549, 'deals': [], 'cancellation_type': 'free', 'credit_card': 0, 'bonus': 250, 'miles': 300, 'min_stay': 1, 'platichastyami': 0, 'mircashback': 500}]",5000.0,300,16033_101hotels,2026-08-13
5789,,Стандарт,2,0,0,1,Двухместный,2,4,"[{'double': 1}, {'single': 2}]",[],"[{'id': 1191311, 'capacity': 1, 'prepayment': 'FULL', 'nonrefundable': 0, 'cancellation_period': 0, 'cancellation_fee': 'NO', 'breakfast': 0, 'base_price': 5100, 'prices': [5100], 'price': 5100, 'old_price': 5100, 'currency': 'RUB', 'payment_amount': 5100, 'extras_variants': [], 'extras': [], 'rate_id': 60821, 'deals': [], 'cancellation_type': 'free', 'credit_card': 1, 'bonus': 255, 'miles': 306, 'min_stay': 1, 'platichastyami': 0, 'mircashback': 510}, {'id': 598043, 'capacity': 1, 'prepayment': 'FULL', 'nonrefundable': 1, 'cancellation_period': 0, 'cancellation_fee': 'FIRST', 'breakfast': 1, 'base_price': 5900, 'prices': [5900], 'price': 5900, 'old_price': 5900, 'currency': 'RUB', 'payment_amount': 5900, 'extras_variants': [], 'extras': [], 'rate_id': 21056, 'deals': [], 'cancellation_type': 'nonrefundable', 'credit_card': 1, 'bonus': 295, 'miles': 354, 'min_stay': 1, 'platichastyami': 0, 'mircashback': 590}, {'id': 1191312, 'capacity': 2, 'prepayment': 'FULL', 'nonrefundable': 0, 'cancellation_period': 0, 'cancellation_fee': 'NO', 'breakfast': 0, 'base_price': 5600, 'prices': [5600], 'price': 5600, 'old_price': 5600, 'currency': 'RUB', 'payment_amount': 5600, 'extras_variants': [], 'extras': [], 'rate_id': 60821, 'deals': [], 'cancellation_type': 'free', 'credit_card': 1, 'bonus': 280, 'miles': 336, 'min_stay': 1, 'platichastyami': 0, 'mircashback': 560}, {'id': 598044, 'capacity': 2, 'prepayment': 'FULL', 'nonrefundable': 1, 'cancellation_period': 0, 'cancellation_fee': 'FIRST', 'breakfast': 1, 'base_price': 7000, 'prices': [7000], 'price': 7000, 'old_price': 7000, 'currency': 'RUB', 'payment_amount': 7000, 'extras_variants': [], 'extras': [], 'rate_id': 21056, 'deals': [], 'cancellation_type': 'nonrefundable', 'credit_card': 1, 'bonus': 350, 'miles': 420, 'min_stay': 1, 'platichastyami': 0, 'mircashback': 700}]",5100.0,306,224_101hotels,2026-08-13
5791,,Джуниор Сюит,2,0,0,1,Студио,5,3,"[{'single': 2}, {'double': 1}]",[],"[{'id': 1191315, 'capacity': 1, 'prepayment': 'FULL', 'nonrefundable': 0, 'cancellation_period': 0, 'cancellation_fee': 'NO', 'breakfast': 0, 'base_price': 7900, 'prices': [7900], 'price': 7900, 'old_price': 7900, 'currency': 'RUB', 'payment_amount': 7900, 'extras_variants': [], 'extras': [], 'rate_id': 60821, 'deals': [], 'cancellation_type': 'free', 'credit_card': 1, 'bonus': 395, 'miles': 474, 'min_stay': 1, 'platichastyami': 0, 'mircashback': 790}, {'id': 598047, 'capacity': 1, 'prepayment': 'FULL', 'nonrefundable': 1, 'cancellation_period': 0, 'cancellation_fee': 'FIRST', 'breakfast': 1, 'base_price': 8700, 'prices': [8700], 'price': 8700, 'old_price': 8700, 'currency': 'RUB', 'payment_amount': 8700, 'extras_variants': [], 'extras': [], 'rate_id': 21056, 'deals': [], 'cancellation_type': 'nonrefundable', 'credit_card': 1, 'bonus': 435, 'miles': 522, 'min_stay': 1, 'platichastyami': 0, 'mircashback': 870}, {'id': 1191316, 'capacity': 2, 'prepayment': 'FULL', 'nonrefundable': 0, 'cancellation_period': 0, 'cancellation_fee': 'NO', 'breakfast': 0, 'base_price': 8400, 'prices': [8400], 'price': 8400, 'old_price': 8400, 'currency': 'RUB', 'payment_amount': 8400, 'extras_variants': [], 'extras': [], 'rate_id': 60821, 'deals': [], 'cancellation_type': 'free', 'credit_card': 1, 'bonus': 420, 'miles': 504, 'min_stay': 1, 'platichastyami': 0, 'mircashback': 840}, {'id': 598048, 'capacity': 2, 'prepayment': 'FULL', 'nonrefundable': 1, 'cancellation_period': 0, 'cancellation_fee': 'FIRST', 'breakfast': 1, 'base_price': 9800, 'prices': [9800], 'price': 9800, 'old_price': 9800, 'currency': 'RUB', 'payment_amount': 9800, 'extras_variants': [], 'extras': [], 'rate_id': 21056, 'deals': [], 'cancellation_type': 'nonrefundable', 'credit_card': 1, 'bonus': 490, 'miles': 588, 'min_stay': 1, 'platichastyami': 0, 'mircashback': 980}]",7900.0,474,224_101hotels,2026-08-13
5794,,,2,0,0,1,Делюкс,29,2,"[{'single': 2}, {'double': 1}]",[],"[{'id': 1191321, 'capacity': 1, 'prepayment': 'FULL', 'nonrefundable': 0, 'cancellation_period': 0, 'cancellation_fee': 'NO', 'breakfast': 0, 'base_price': 8700, 'prices': [8700], 'price': 8700, 'old_price': 8700, 'currency': 'RUB', 'payment_amount': 8700, 'extras_variants': [], 'extras': [], 'rate_id': 60821, 'deals': [], 'cancellation_type': 'free', 'credit_card': 1, 'bonus': 435, 'miles': 522, 'min_stay': 1, 'platichastyami': 0, 'mircashback': 870}, {'id': 598053, 'capacity': 1, 'prepayment': 'FULL', 'nonrefundable': 1, 'cancellation_period': 0, 'cancellation_fee': 'FIRST', 'breakfast': 1, 'base_price': 9500, 'prices': [9500], 'price': 9500, 'old_price': 9500, 'currency': 'RUB', 'payment_amount': 9500, 'extras_variants': [], 'extras': [], 'rate_id': 21056, 'deals': [], 'cancellation_type': 'nonrefundable', 'credit_card': 1, 'bonus': 475, 'miles': 570, 'min_stay': 1, 'platichastyami': 0, 'mircashback': 950}, {'id': 1191322, 'capacity': 2, 'prepayment': 'FULL', 'nonrefundable': 0, 'cancellation_period': 0, 'cancellation_fee': 'NO', 'breakfast': 0, 'base_price': 9100, 'prices': [9100], 'price': 9100, 'old_price': 9100, 'currency': 'RUB', 'payment_amount': 9100, 'extras_variants': [], 'extras': [], 'rate_id': 60821, 'deals': [], 'cancellation_type': 'free', 'credit_card': 1, 'bonus': 455, 'miles': 546, 'min_stay': 1, 'platichastyami': 0, 'mircashback': 910}, {'id': 598054, 'capacity': 2, 'prepayment': 'FULL', 'nonrefundable': 1, 'cancellation_period': 0, 'cancellation_fee': 'FIRST', 'breakfast': 1, 'base_price': 10500, 'prices': [10500], 'price': 10500, 'old_price': 10500, 'currency': 'RUB', 'payment_amount': 10500, 'extras_variants': [], 'extras': [], 'rate_id': 21056, 'deals': [], 'cancellation_type': 'nonrefundable', 'credit_card': 1, 'bonus': 525, 'miles': 630, 'min_stay': 1, 'platichastyami': 0, 'mircashback': 1050}]",8700.0,522,224_101hotels,2026-08-13
5795,,Представительский (с видом на город),2,0,0,1,Апартаменты,14,1,[{'double': 1}],[],"[{'id': 1191317, 'capacity': 1, 'prepayment': 'FULL', 'nonrefundable': 0, 'cancellation_period': 0, 'cancellation_fee': 'NO', 'breakfast': 0, 'base_price': 11200, 'prices': [11200], 'price': 11200, 'old_price': 11200, 'currency': 'RUB', 'payment_amount': 11200, 'extras_variants': [], 'extras': [], 'rate_id': 60821, 'deals': [], 'cancellation_type': 'free', 'credit_card': 1, 'bonus': 560, 'miles': 672, 'min_stay': 1, 'platichastyami': 0, 'mircashback': 1120}, {'id': 598049, 'capacity': 1, 'prepayment': 'FULL', 'nonrefundable': 1, 'cancellation_period': 0, 'cancellation_fee': 'FIRST', 'breakfast': 1, 'base_price': 12000, 'prices': [12000], 'price': 12000, 'old_price': 12000, 'currency': 'RUB', 'payment_amount': 12000, 'extras_variants': [], 'extras': [], 'rate_id': 21056, 'deals': [], 'cancellation_type': 'nonrefundable', 'credit_card': 1, 'bonus': 600, 'miles': 720, 'min_stay': 1, 'platichastyami': 0, 'mircashback': 1200}, {'id': 1191318, 'capacity': 2, 'prepayment': 'FULL', 'nonrefundable': 0, 'cancellation_period': 0, 'cancellation_fee': 'NO', 'breakfast': 0, 'base_price': 11600, 'prices': [11600], 'price': 11600, 'old_price': 11600, 'currency': 'RUB', 'payment_amount': 11600, 'extras_variants': [], 'extras': [], 'rate_id': 60821, 'deals': [], 'cancellation_type': 'free', 'credit_card': 1, 'bonus': 580, 'miles': 696, 'min_stay': 1, 'platichastyami': 0, 'mircashback': 1160}, {'id': 598050, 'capacity': 2, 'prepayment': 'FULL', 'nonrefundable': 1, 'cancellation_period': 0, 'cancellation_fee': 'FIRST', 'breakfast': 1, 'base_price': 13000, 'prices': [13000], 'price': 13000, 'old_price': 13000, 'currency': 'RUB', 'payment_amount': 13000, 'extras_variants': [], 'extras': [], 'rate_id': 21056, 'deals': [], 'cancellation_type': 'nonrefundable', 'credit_card': 1, 'bonus': 650, 'miles': 780, 'min_stay': 1, 'platichastyami': 0, 'mircashback': 1300}]",11200.0,672,224_101hotels,2026-08-13
5796,,Президентский (с видом на Ангару),2,0,0,1,Апартаменты,14,1,[{'double': 1}],[],"[{'id': 1191319, 'capacity': 1, 'prepayment': 'FULL', 'nonrefundable': 0, 'cancellation_period': 0, 'cancellation_fee': 'NO', 'breakfast': 0, 'base_price': 12200, 'prices': [12200], 'price': 12200, 'old_price': 12200, 'currency': 'RUB', 'payment_amount': 12200, 'extras_variants': [], 'extras': [], 'rate_id': 60821, 'deals': [], 'cancellation_type': 'free', 'credit_card': 1, 'bonus': 610, 'miles': 732, 'min_stay': 1, 'platichastyami': 0, 'mircashback': 1220}, {'id': 598051, 'capacity': 1, 'prepayment': 'FULL', 'nonrefundable': 1, 'cancellation_period': 0, 'cancellation_fee': 'FIRST', 'breakfast': 1, 'base_price': 13000, 'prices': [13000], 'price': 13000, 'old_price': 13000, 'currency': 'RUB', 'payment_amount': 13000, 'extras_variants': [], 'extras': [], 'rate_id': 21056, 'deals': [], 'cancellation_type': 'nonrefundable', 'credit_card': 1, 'bonus': 650, 'miles': 780, 'min_stay': 1, 'platichastyami': 0, 'mircashback': 1300}, {'id': 1191320, 'capacity': 2, 'prepayment': 'FULL', 'nonrefundable': 0, 'cancellation_period': 0, 'cancellation_fee': 'NO', 'breakfast': 0, 'base_price': 12600, 'prices': [12600], 'price': 12600, 'old_price': 12600, 'currency': 'RUB', 'payment_amount': 12600, 'extras_variants': [], 'extras': [], 'rate_id': 60821, 'deals': [], 'cancellation_type': 'free', 'credit_card': 1, 'bonus': 630, 'miles': 756, 'min_stay': 1, 'platichastyami': 0, 'mircashback': 1260}, {'id': 598052, 'capacity': 2, 'prepayment': 'FULL', 'nonrefundable': 1, 'cancellation_period': 0, 'cancellation_fee': 'FIRST', 'breakfast': 1, 'base_price': 14000, 'prices': [14000], 'price': 14000, 'old_price': 14000, 'currency': 'RUB', 'payment_amount': 14000, 'extras_variants': [], 'extras': [], 'rate_id': 21056, 'deals': [], 'cancellation_type': 'nonrefundable', 'credit_card': 1, 'bonus': 700, 'miles': 840, 'min_stay': 1, 'platichastyami': 0, 'mircashback': 1400}]",12200.0,732,224_101hotels,2026-08-13
2307167,,Студия в центре города,4,1,0,1,Апартаменты,14,1,"[{'double': 1, 'sofa': 1}]",[],"[{'id': 1100004, 'capacity': 1, 'prepayment': 'FULL', 'nonrefundable': 0, 'cancellation_period': 0, 'cancellation_fee': 'NO', 'breakfast': 0, 'base_price': 3938, 'prices': [3938], 'price': 3938, 'old_price': 3938, 'currency': 'RUB', 'payment_amount': 3938, 'extras_variants': [], 'extras': [], 'rate_id': 54651, 'deals': [], 'cancellation_type': 'free', 'credit_card': 1, 'bonus': 197, 'miles': 234, 'min_stay': 1, 'platichastyami': 0, 'mircashback': 394}, {'id': 1100005, 'capacity': 2, 'prepayment': 'FULL', 'nonrefundable': 0, 'cancellation_period': 0, 'cancellation_fee': 'NO', 'breakfast': 0, 'base_price': 3938, 'prices': [3938], 'price': 3938, 'old_price': 3938, 'currency': 'RUB', 'payment_amount': 3938, 'extras_variants': [], 'extras': [], 'rate_id': 54651, 'deals': [], 'cancellation_type': 'free', 'credit_card': 1, 'bonus': 197, 'miles': 234, 'min_stay': 1, 'platichastyami': 0, 'mircashback': 394}, {'id': 1100006, 'capacity': 3, 'prepayment': 'FULL', 'nonrefundable': 0, 'cancellation_period': 0, 'cancellation_fee': 'NO', 'breakfast': 0, 'base_price': 4038, 'prices': [4038], 'price': 4038, 'old_price': 4038, 'currency': 'RUB', 'payment_amount': 4038, 'extras_variants': [], 'extras': [], 'rate_id': 54651, 'deals': [], 'cancellation_type': 'free', 'credit_card': 1, 'bonus': 202, 'miles': 240, 'min_stay': 1, 'platichastyami': 0, 'mircashback': 404}, {'id': 1100007, 'capacity': 4, 'prepayment': 'FULL', 'nonrefundable': 0, 'cancellation_period': 0, 'cancellation_fee': 'NO', 'breakfast': 0, 'base_price': 4138, 'prices': [4138], 'price': 4138, 'old_price': 4138, 'currency': 'RUB', 'payment_amount': 4138, 'extras_variants': [], 'extras': [], 'rate_id': 54651, 'deals': [], 'cancellation_type': 'free', 'credit_card': 1, 'bonus': 207, 'miles': 246, 'min_stay': 1, 'platichastyami': 0, 'mircashback': 414}]",3938.0,234,674580_101hotels,2026-08-13
1923102,,Стандарт,4,0,0,1,Четырехместный,34,1,[{'single': 4}],[],"[{'id': 397252, 'capacity': 1, 'prepayment': 'FULL', 'nonrefundable': 0, 'cancellation_period': 1, 'cancellation_fee': 'FIRST', 'breakfast': 0, 'base_price': 3000, 'prices': [3000], 'price': 3000, 'old_price': 3000, 'currency': 'RUB', 'payment_amount': 3000, 'extras_variants': [], 'extras': [], 'rate_id': 7311, 'deals': [], 'cancellation_type': 'special', 'credit_card': 1, 'bonus': 150, 'miles': 180, 'min_stay': 1, 'platichastyami': 0, 'mircashback': 300}, {'id': 397279, 'capacity': 1, 'prepayment': 'FULL', 'nonrefundable': 0, 'cancellation_period': 1, 'cancellation_fee': 'FIRST', 'breakfast': 1, 'base_price': 3500, 'prices': [3500], 'price': 3500, 'old_price': 3500, 'currency': 'RUB', 'payment_amount': 3500, 'extras_variants': [], 'extras': [], 'rate_id': 7312, 'deals': [], 'cancellation_type': 'special', 'credit_card': 1, 'bonus': 175, 'miles': 210, 'min_stay': 1, 'platichastyami': 0, 'mircashback': 350}, {'id': 397253, 'capacity': 2, 'prepayment': 'FULL', 'nonrefundable': 0, 'cancellation_period': 1, 'cancellation_fee': 'FIRST', 'breakfast': 0, 'base_price': 3600, 'prices': [3600], 'price': 3600, 'old_price': 3600, 'currency': 'RUB', 'payment_amount': 3600, 'extras_variants': [], 'extras': [], 'rate_id': 7311, 'deals': [], 'cancellation_type': 'special', 'credit_card': 1, 'bonus': 180, 'miles': 216, 'min_stay': 1, 'platichastyami': 0, 'mircashback': 360}, {'id': 397280, 'capacity': 2, 'prepayment': 'FULL', 'nonrefundable': 0, 'cancellation_period': 1, 'cancellation_fee': 'FIRST', 'breakfast': 1, 'base_price': 4600, 'prices': [4600], 'price': 4600, 'old_price': 4600, 'currency': 'RUB', 'payment_amount': 4600, 'extras_variants': [], 'extras': [], 'rate_id': 7312, 'deals': [], 'cancellation_type': 'special', 'credit_card': 1, 'bonus': 230, 'miles': 276, 'min_stay': 1, 'platichastyami': 0, 'mircashback': 460}, {'id': 397254, 'capacity': 3, 'prepayment': 'FULL', 'nonrefundable': 0, 'cancellation_period': 1, 'cancellation_fee': 'FIRST', 'breakfast': 0, 'base_price': 4200, 'prices': [4200], 'price': 4200, 'old_price': 4200, 'currency': 'RUB', 'payment_amount': 4200, 'extras_variants': [], 'extras': [], 'rate_id': 7311, 'deals': [], 'cancellation_type': 'special', 'credit_card': 1, 'bonus': 210, 'miles': 252, 'min_stay': 1, 'platichastyami': 0, 'mircashback': 420}, {'id': 397281, 'capacity': 3, 'prepayment': 'FULL', 'nonrefundable': 0, 'cancellation_period': 1, 'cancellation_fee': 'FIRST', 'breakfast': 1, 'base_price': 5700, 'prices': [5700], 'price': 5700, 'old_price': 5700, 'currency': 'RUB', 'payment_amount': 5700, 'extras_variants': [], 'extras': [], 'rate_id': 7312, 'deals': [], 'cancellation_type': 'special', 'credit_card': 1, 'bonus': 285, 'miles': 342, 'min_stay': 1, 'platichastyami': 0, 'mircashback': 570}, {'id': 397255, 'capacity': 4, 'prepayment': 'FULL', 'nonrefundable': 0, 'cancellation_period': 1, 'cancellation_fee': 'FIRST', 'breakfast': 0, 'base_price': 4800, 'prices': [4800], 'price': 4800, 'old_price': 4800, 'currency': 'RUB', 'payment_amount': 4800, 'extras_variants': [], 'extras': [], 'rate_id': 7311, 'deals': [], 'cancellation_type': 'special', 'credit_card': 1, 'bonus': 240, 'miles': 288, 'min_stay': 1, 'platichastyami': 0, 'mircashback': 480}, {'id': 397282, 'capacity': 4, 'prepayment': 'FULL', 'nonrefundable': 0, 'cancellation_period': 1, 'cancellation_fee': 'FIRST', 'breakfast': 1, 'base_price': 6800, 'prices': [6800], 'price': 6800, 'old_price': 6800, 'currency': 'RUB', 'payment_amount': 6800, 'extras_variants': [], 'extras': [], 'rate_id': 7312, 'deals': [], 'cancellation_type': 'special', 'credit_card': 1, 'bonus': 340, 'miles': 408, 'min_stay': 1, 'platichastyami': 0, 'mircashback': 680}]",3000.0,180,462906_101hotels,2026-08-13
2182001,,Семейный 2+1+1,4,0,0,1,Четырехместный,34,2,"[{'single': 2, 'double': 1}]",[],"[{'id': 397259, 'capacity': 1, 'prepayment': 'FULL', 'nonrefundable': 0, 'cancellation_period': 1, 'cancellation_fee': 'FIRST', 'breakfast': 0, 'base_price': 4200, 'prices': [4200], 'price': 4200, 'old_price': 4200, 'currency': 'RUB', 'payment_amount': 4200, 'extras_variants': [], 'extras': [], 'rate_id': 7311, 'deals': [], 'cancellation_type': 'special', 'credit_card': 1, 'bonus': 210, 'miles': 252, 'min_stay': 1, 'platichastyami': 0, 'mircashback': 420}, {'id': 397286, 'capacity': 1, 'prepayment': 'FULL', 'nonrefundable': 0, 'cancellation_period': 1, 'cancellation_fee': 'FIRST', 'breakfast': 1, 'base_price': 4700, 'prices': [4700], 'price': 4700, 'old_price': 4700, 'currency': 'RUB', 'payment_amount': 4700, 'extras_variants': [], 'extras': [], 'rate_id': 7312, 'deals': [], 'cancellation_type': 'special', 'credit_card': 1, 'bonus': 235, 'miles': 282, 'min_stay': 1, 'platichastyami': 0, 'mircashback': 470}, {'id': 397260, 'capacity': 2, 'prepayment': 'FULL', 'nonrefundable': 0, 'cancellation_period': 1, 'cancellation_fee': 'FIRST', 'breakfast': 0, 'base_price': 4200, 'prices': [4200], 'price': 4200, 'old_price': 4200, 'currency': 'RUB', 'payment_amount': 4200, 'extras_variants': [], 'extras': [], 'rate_id': 7311, 'deals': [], 'cancellation_type': 'special', 'credit_card': 1, 'bonus': 210, 'miles': 252, 'min_stay': 1, 'platichastyami': 0, 'mircashback': 420}, {'id': 397287, 'capacity': 2, 'prepayment': 'FULL', 'nonrefundable': 0, 'cancellation_period': 1, 'cancellation_fee': 'FIRST', 'breakfast': 1, 'base_price': 5200, 'prices': [5200], 'price': 5200, 'old_price': 5200, 'currency': 'RUB', 'payment_amount': 5200, 'extras_variants': [], 'extras': [], 'rate_id': 7312, 'deals': [], 'cancellation_type': 'special', 'credit_card': 1, 'bonus': 260, 'miles': 312, 'min_stay': 1, 'platichastyami': 0, 'mircashback': 520}, {'id': 397261, 'capacity': 3, 'prepayment': 'FULL', 'nonrefundable': 0, 'cancellation_period': 1, 'cancellation_fee': 'FIRST', 'breakfast': 0, 'base_price': 5400, 'prices': [5400], 'price': 5400, 'old_price': 5400, 'currency': 'RUB', 'payment_amount': 5400, 'extras_variants': [], 'extras': [], 'rate_id': 7311, 'deals': [], 'cancellation_type': 'special', 'credit_card': 1, 'bonus': 270, 'miles': 324, 'min_stay': 1, 'platichastyami': 0, 'mircashback': 540}, {'id': 397288, 'capacity': 3, 'prepayment': 'FULL', 'nonrefundable': 0, 'cancellation_period': 1, 'cancellation_fee': 'FIRST', 'breakfast': 1, 'base_price': 6900, 'prices': [6900], 'price': 6900, 'old_price': 6900, 'currency': 'RUB', 'payment_amount': 6900, 'extras_variants': [], 'extras': [], 'rate_id': 7312, 'deals': [], 'cancellation_type': 'special', 'credit_card': 1, 'bonus': 345, 'miles': 414, 'min_stay': 1, 'platichastyami': 0, 'mircashback': 690}, {'id': 849840, 'capacity': 4, 'prepayment': 'FULL', 'nonrefundable': 0, 'cancellation_period': 1, 'cancellation_fee': 'FIRST', 'breakfast': 0, 'base_price': 5400, 'prices': [5400], 'price': 5400, 'old_price': 5400, 'currency': 'RUB', 'payment_amount': 5400, 'extras_variants': [], 'extras': [], 'rate_id': 7311, 'deals': [], 'cancellation_type': 'special', 'credit_card': 1, 'bonus': 270, 'miles': 324, 'min_stay': 1, 'platichastyami': 0, 'mircashback': 540}, {'id': 849841, 'capacity': 4, 'prepayment': 'FULL', 'nonrefundable': 0, 'cancellation_period': 1, 'cancellation_fee': 'FIRST', 'breakfast': 1, 'base_price': 7400, 'prices': [7400], 'price': 7400, 'old_price': 7400, 'currency': 'RUB', 'payment_amount': 7400, 'extras_variants': [], 'extras': [], 'rate_id': 7312, 'deals': [], 'cancellation_type': 'special', 'credit_card': 1, 'bonus': 370, 'miles': 444, 'min_stay': 1, 'platichastyami': 0, 'mircashback': 740}]",4200.0,252,462906_101hotels,2026-08-13
2206701,,С диваном,4,0,0,1,Семейный,44,1,"[{'double': 1, 'sofa': 1}]",[],"[{'id': 397266, 'capacity': 1, 'prepayment': 'FULL', 'nonrefundable': 0, 'cancellation_period': 1, 'cancellation_fee': 'FIRST', 'breakfast': 0, 'base_price': 4200, 'prices': [4200], 'price': 4200, 'old_price': 4200, 'currency': 'RUB', 'payment_amount': 4200, 'extras_variants': [], 'extras': [], 'rate_id': 7311, 'deals': [], 'cancellation_type': 'special', 'credit_card': 1, 'bonus': 210, 'miles': 252, 'min_stay': 1, 'platichastyami': 0, 'mircashback': 420}, {'id': 397293, 'capacity': 1, 'prepayment': 'FULL', 'nonrefundable': 0, 'cancellation_period': 1, 'cancellation_fee': 'FIRST', 'breakfast': 1, 'base_price': 4700, 'prices': [4700], 'price': 4700, 'old_price': 4700, 'currency': 'RUB', 'payment_amount': 4700, 'extras_variants': [], 'extras': [], 'rate_id': 7312, 'deals': [], 'cancellation_type': 'special', 'credit_card': 1, 'bonus': 235, 'miles': 282, 'min_stay': 1, 'platichastyami': 0, 'mircashback': 470}, {'id': 397267, 'capacity': 2, 'prepayment': 'FULL', 'nonrefundable': 0, 'cancellation_period': 1, 'cancellation_fee': 'FIRST', 'breakfast': 0, 'base_price': 4200, 'prices': [4200], 'price': 4200, 'old_price': 4200, 'currency': 'RUB', 'payment_amount': 4200, 'extras_variants': [], 'extras': [], 'rate_id': 7311, 'deals': [], 'cancellation_type': 'special', 'credit_card': 1, 'bonus': 210, 'miles': 252, 'min_stay': 1, 'platichastyami': 0, 'mircashback': 420}, {'id': 397294, 'capacity': 2, 'prepayment': 'FULL', 'nonrefundable': 0, 'cancellation_period': 1, 'cancellation_fee': 'FIRST', 'breakfast': 1, 'base_price': 5200, 'prices': [5200], 'price': 5200, 'old_price': 5200, 'currency': 'RUB', 'payment_amount': 5200, 'extras_variants': [], 'extras': [], 'rate_id': 7312, 'deals': [], 'cancellation_type': 'special', 'credit_card': 1, 'bonus': 260, 'miles': 312, 'min_stay': 1, 'platichastyami': 0, 'mircashback': 520}, {'id': 397268, 'capacity': 3, 'prepayment': 'FULL', 'nonrefundable': 0, 'cancellation_period': 1, 'cancellation_fee': 'FIRST', 'breakfast': 0, 'base_price': 5400, 'prices': [5400], 'price': 5400, 'old_price': 5400, 'currency': 'RUB', 'payment_amount': 5400, 'extras_variants': [], 'extras': [], 'rate_id': 7311, 'deals': [], 'cancellation_type': 'special', 'credit_card': 1, 'bonus': 270, 'miles': 324, 'min_stay': 1, 'platichastyami': 0, 'mircashback': 540}, {'id': 397295, 'capacity': 3, 'prepayment': 'FULL', 'nonrefundable': 0, 'cancellation_period': 1, 'cancellation_fee': 'FIRST', 'breakfast': 1, 'base_price': 6900, 'prices': [6900], 'price': 6900, 'old_price': 6900, 'currency': 'RUB', 'payment_amount': 6900, 'extras_variants': [], 'extras': [], 'rate_id': 7312, 'deals': [], 'cancellation_type': 'special', 'credit_card': 1, 'bonus': 345, 'miles': 414, 'min_stay': 1, 'platichastyami': 0, 'mircashback': 690}, {'id': 397269, 'capacity': 4, 'prepayment': 'FULL', 'nonrefundable': 0, 'cancellation_period': 1, 'cancellation_fee': 'FIRST', 'breakfast': 0, 'base_price': 5400, 'prices': [5400], 'price': 5400, 'old_price': 5400, 'currency': 'RUB', 'payment_amount': 5400, 'extras_variants': [], 'extras': [], 'rate_id': 7311, 'deals': [], 'cancellation_type': 'special', 'credit_card': 1, 'bonus': 270, 'miles': 324, 'min_stay': 1, 'platichastyami': 0, 'mircashback': 540}, {'id': 397296, 'capacity': 4, 'prepayment': 'FULL', 'nonrefundable': 0, 'cancellation_period': 1, 'cancellation_fee': 'FIRST', 'breakfast': 1, 'base_price': 7400, 'prices': [7400], 'price': 7400, 'old_price': 7400, 'currency': 'RUB', 'payment_amount': 7400, 'extras_variants': [], 'extras': [], 'rate_id': 7312, 'deals': [], 'cancellation_type': 'special', 'credit_card': 1, 'bonus': 370, 'miles': 444, 'min_stay': 1, 'platichastyami': 0, 'mircashback': 740}]",4200.0,252,462906_101hotels,2026-08-13
1736289,,,2,2,0,1,Люкс,6,1,"[{'double': 1, 'sofa': 1}]","[{'id': '28904', 'number': '2', 'min_age': '0', 'max_age': '5', 'is_extra_bed': '0', 'extra_bed_type_id': '0'}, {'id': '28905', 'number': '1', 'min_age': '3', 'max_age': '17', 'is_extra_bed': '1', 'extra_bed_type_id': '1'}]","[{'id': 279306, 'capacity': 1, 'prepayment': 'FIRST', 'nonrefundable': 0, 'cancellation_period': 1, 'cancellation_fee': 'FIRST', 'breakfast': 7, 'base_price': 5550, 'prices': [5550], 'price': 5550, 'old_price': 5550, 'currency': 'RUB', 'payment_amount': 5550, 'extras_variants': [], 'extras': {'28904': {'id': 28904, 'number': 2, 'extra_bed_type_id': 0, 'age': [0, 5], 'extra_bed': 0, 'free': 1}, '28905': {'id': 28905, 'number': 1, 'extra_bed_type_id': 1, 'age': [3, 17], 'extra_bed': 1, 'free': 1}}, 'rate_id': 1560, 'deals': [], 'cancellation_type': 'special', 'credit_card': 1, 'bonus': 278, 'miles': 333, 'min_stay': 1, 'platichastyami': 0, 'mircashback': 555}, {'id': 279307, 'capacity': 2, 'prepayment': 'FIRST', 'nonrefundable': 0, 'cancellation_period': 1, 'cancellation_fee': 'FIRST', 'breakfast': 7, 'base_price': 6660, 'prices': [6660], 'price': 6660, 'old_price': 6660, 'currency': 'RUB', 'payment_amount': 6660, 'extras_variants': [], 'extras': {'28904': {'id': 28904, 'number': 2, 'extra_bed_type_id': 0, 'age': [0, 5], 'extra_bed': 0, 'free': 1}, '28905': {'id': 28905, 'number': 1, 'extra_bed_type_id': 1, 'age': [3, 17], 'extra_bed': 1, 'free': 1}}, 'rate_id': 1560, 'deals': [], 'cancellation_type': 'special', 'credit_card': 1, 'bonus': 333, 'miles': 399, 'min_stay': 1, 'platichastyami': 0, 'mircashback': 666}]",5550.0,333,514527_101hotels,2026-08-13
1736291,,Комфорт с 1 кроватью,2,0,0,1,Двухместный,2,1,[{'double': 1}],"[{'id': '9565', 'number': '1', 'min_age': '0', 'max_age': '5', 'is_extra_bed': '0', 'extra_bed_type_id': '0'}]","[{'id': 279300, 'capacity': 1, 'prepayment': 'FIRST', 'nonrefundable': 0, 'cancellation_period': 1, 'cancellation_fee': 'FIRST', 'breakfast': 7, 'base_price': 4440, 'prices': [4440], 'price': 4440, 'old_price': 4440, 'currency': 'RUB', 'payment_amount': 4440, 'extras_variants': [], 'extras': {'9565': {'id': 9565, 'number': 1, 'extra_bed_type_id': 0, 'age': [0, 5], 'extra_bed': 0, 'free': 1}}, 'rate_id': 1560, 'deals': [], 'cancellation_type': 'special', 'credit_card': 1, 'bonus': 222, 'miles': 264, 'min_stay': 1, 'platichastyami': 0, 'mircashback': 444}, {'id': 279301, 'capacity': 2, 'prepayment': 'FIRST', 'nonrefundable': 0, 'cancellation_period': 1, 'cancellation_fee': 'FIRST', 'breakfast': 7, 'base_price': 5550, 'prices': [5550], 'price': 5550, 'old_price': 5550, 'currency': 'RUB', 'payment_amount': 5550, 'extras_variants': [], 'extras': {'9565': {'id': 9565, 'number': 1, 'extra_bed_type_id': 0, 'age': [0, 5], 'extra_bed': 0, 'free': 1}}, 'rate_id': 1560, 'deals': [], 'cancellation_type': 'special', 'credit_card': 1, 'bonus': 278, 'miles': 333, 'min_stay': 1, 'platichastyami': 0, 'mircashback': 555}]",4440.0,264,514527_101hotels,2026-08-13
2210718,,Стандартный номер,1,0,0,1,Одноместный,1,6,[{'single': 1}],"[{'id': '9564', 'number': '1', 'min_age': '0', 'max_age': '5', 'is_extra_bed': '0', 'extra_bed_type_id': '0'}]","[{'id': 279298, 'capacity': 1, 'prepayment': 'FIRST', 'nonrefundable': 0, 'cancellation_period': 1, 'cancellation_fee': 'FIRST', 'breakfast': 7, 'base_price': 3330, 'prices': [3330], 'price': 3330, 'old_price': 3330, 'currency': 'RUB', 'payment_amount': 3330, 'extras_variants': [], 'extras': {'9564': {'id': 9564, 'number': 1, 'extra_bed_type_id': 0, 'age': [0, 5], 'extra_bed': 0, 'free': 1}}, 'rate_id': 1560, 'deals': [], 'cancellation_type': 'special', 'credit_card': 1, 'bonus': 167, 'miles': 198, 'min_stay': 1, 'platichastyami': 0, 'mircashback': 333}]",3330.0,198,514527_101hotels,2026-08-13
2210739,,Стандартный номер с 2 отдельными кроватями,2,1,0,1,Двухместный,2,1,[{'single': 2}],"[{'id': '28903', 'number': '2', 'min_age': '0', 'max_age': '5', 'is_extra_bed': '0', 'extra_bed_type_id': '0'}]","[{'id': 279302, 'capacity': 1, 'prepayment': 'FIRST', 'nonrefundable': 0, 'cancellation_period': 1, 'cancellation_fee': 'FIRST', 'breakfast': 7, 'base_price': 3885, 'prices': [3885], 'price': 3885, 'old_price': 3885, 'currency': 'RUB', 'payment_amount': 3885, 'extras_variants': [], 'extras': {'28903': {'id': 28903, 'number': 2, 'extra_bed_type_id': 0, 'age': [0, 5], 'extra_bed': 0, 'free': 1}}, 'rate_id': 1560, 'deals': [], 'cancellation_type': 'special', 'credit_card': 1, 'bonus': 194, 'miles': 231, 'min_stay': 1, 'platichastyami': 0, 'mircashback': 389}, {'id': 279303, 'capacity': 2, 'prepayment': 'FIRST', 'nonrefundable': 0, 'cancellation_period': 1, 'cancellation_fee': 'FIRST', 'breakfast': 7, 'base_price': 4995, 'prices': [4995], 'price': 4995, 'old_price': 4995, 'currency': 'RUB', 'payment_amount': 4995, 'extras_variants': [], 'extras': {'28903': {'id': 28903, 'number': 2, 'extra_bed_type_id': 0, 'age': [0, 5], 'extra_bed': 0, 'free': 1}}, 'rate_id': 1560, 'deals': [], 'cancellation_type': 'special', 'credit_card': 1, 'bonus': 250, 'miles': 297, 'min_stay': 1, 'platichastyami': 0, 'mircashback': 500}]",3885.0,231,514527_101hotels,2026-08-13
2210762,,,2,1,0,1,Полулюкс,4,1,[{'double': 1}],"[{'id': '3863', 'number': '1', 'min_age': '0', 'max_age': '5', 'is_extra_bed': '0', 'extra_bed_type_id': '0'}, {'id': '3864', 'number': '1', 'min_age': '3', 'max_age': '17', 'is_extra_bed': '1', 'extra_bed_type_id': '3'}]","[{'id': 279304, 'capacity': 1, 'prepayment': 'FIRST', 'nonrefundable': 0, 'cancellation_period': 1, 'cancellation_fee': 'FIRST', 'breakfast': 7, 'base_price': 4995, 'prices': [4995], 'price': 4995, 'old_price': 4995, 'currency': 'RUB', 'payment_amount': 4995, 'extras_variants': [], 'extras': {'3863': {'id': 3863, 'number': 1, 'extra_bed_type_id': 0, 'age': [0, 5], 'extra_bed': 0, 'free': 1}, '3864': {'id': 3864, 'number': 1, 'extra_bed_type_id': 3, 'age': [3, 17], 'extra_bed': 1, 'free': 1}}, 'rate_id': 1560, 'deals': [], 'cancellation_type': 'special', 'credit_card': 1, 'bonus': 250, 'miles': 297, 'min_stay': 1, 'platichastyami': 0, 'mircashback': 500}, {'id': 279305, 'capacity': 2, 'prepayment': 'FIRST', 'nonrefundable': 0, 'cancellation_period': 1, 'cancellation_fee': 'FIRST', 'breakfast': 7, 'base_price': 6105, 'prices': [6105], 'price': 6105, 'old_price': 6105, 'currency': 'RUB', 'payment_amount': 6105, 'extras_variants': [], 'extras': {'3863': {'id': 3863, 'number': 1, 'extra_bed_type_id': 0, 'age': [0, 5], 'extra_bed': 0, 'free': 1}, '3864': {'id': 3864, 'number': 1, 'extra_bed_type_id': 3, 'age': [3, 17], 'extra_bed': 1, 'free': 1}}, 'rate_id': 1560, 'deals': [], 'cancellation_type': 'special', 'credit_card': 1, 'bonus': 305, 'miles': 366, 'min_stay': 1, 'platichastyami': 0, 'mircashback': 611}]",4995.0,297,514527_101hotels,2026-08-13
2305031,,Двухместный номер стандарт с 1 кроватью,2,1,0,1,Двухместный,2,1,[{'double': 1}],"[{'id': '24384', 'number': '1', 'min_age': '0', 'max_age': '2', 'is_extra_bed': '1', 'extra_bed_type_id': '4'}, {'id': '24385', 'number': '1', 'min_age': '3', 'max_age': '6', 'is_extra_bed': '1', 'extra_bed_type_id': '3'}, {'id': '24386', 'number': '1', 'min_age': '0', 'max_age': '2', 'is_extra_bed': '0', 'extra_bed_type_id': '0'}, {'id': '24387', 'number': '1', 'min_age': '6', 'max_age': '17', 'is_extra_bed': '1', 'extra_bed_type_id': '3'}]","[{'id': 1079326, 'capacity': 1, 'prepayment': 'FIRST', 'nonrefundable': 0, 'cancellation_period': 1, 'cancellation_fee': 'FIRST', 'breakfast': 7, 'base_price': 3885, 'prices': [3885], 'price': 3885, 'old_price': 3885, 'currency': 'RUB', 'payment_amount': 3885, 'extras_variants': [], 'extras': {'24384': {'id': 24384, 'number': 1, 'extra_bed_type_id': 4, 'age': [0, 2], 'extra_bed': 1, 'free': 1}, '24385': {'id': 24385, 'number': 1, 'extra_bed_type_id': 3, 'age': [3, 6], 'extra_bed': 1, 'free': 1}, '24386': {'id': 24386, 'number': 1, 'extra_bed_type_id': 0, 'age': [0, 2], 'extra_bed': 0, 'free': 1}, '24387': {'id': 24387, 'number': 1, 'extra_bed_type_id': 3, 'age': [6, 17], 'extra_bed': 1, 'free': 1}}, 'rate_id': 1560, 'deals': [], 'cancellation_type': 'special', 'credit_card': 1, 'bonus': 194, 'miles': 231, 'min_stay': 1, 'platichastyami': 0, 'mircashback': 389}, {'id': 1079327, 'capacity': 2, 'prepayment': 'FIRST', 'nonrefundable': 0, 'cancellation_period': 1, 'cancellation_fee': 'FIRST', 'breakfast': 7, 'base_price': 4995, 'prices': [4995], 'price': 4995, 'old_price': 4995, 'currency': 'RUB', 'payment_amount': 4995, 'extras_variants': [], 'extras': {'24384': {'id': 24384, 'number': 1, 'extra_bed_type_id': 4, 'age': [0, 2], 'extra_bed': 1, 'free': 1}, '24385': {'id': 24385, 'number': 1, 'extra_bed_type_id': 3, 'age': [3, 6], 'extra_bed': 1, 'free': 1}, '24386': {'id': 24386, 'number': 1, 'extra_bed_type_id': 0, 'age': [0, 2], 'extra_bed': 0, 'free': 1}, '24387': {'id': 24387, 'number': 1, 'extra_bed_type_id': 3, 'age': [6, 17], 'extra_bed': 1, 'free': 1}}, 'rate_id': 1560, 'deals': [], 'cancellation_type': 'special', 'credit_card': 1, 'bonus': 250, 'miles': 297, 'min_stay': 1, 'platichastyami': 0, 'mircashback': 500}]",3885.0,231,514527_101hotels,2026-08-13
2221615,,Кровать в общем мужском номере,6,0,1,0,Шестиместный,36,2,[{'single': 1}],[],"[{'id': 660363, 'capacity': 1, 'prepayment': 'FULL', 'nonrefundable': 0, 'cancellation_period': 1, 'cancellation_fee': 'FIRST', 'breakfast': 0, 'base_price': 800, 'prices': [800], 'price': 800, 'old_price': 800, 'currency': 'RUB', 'payment_amount': 800, 'extras_variants': [], 'extras': [], 'rate_id': 25653, 'deals': [], 'cancellation_type': 'special', 'credit_card': 1, 'bonus': 40, 'miles': 48, 'min_stay': 1, 'platichastyami': 0, 'mircashback': 80}]",800.0,48,650983_101hotels,2026-08-13
2221618,,Кровать в общем женском номере,6,0,1,0,Шестиместный,36,3,[{'2-tier': 1}],[],"[{'id': 660364, 'capacity': 1, 'prepayment': 'FULL', 'nonrefundable': 0, 'cancellation_period': 1, 'cancellation_fee': 'FIRST', 'breakfast': 0, 'base_price': 900, 'prices': [900], 'price': 900, 'old_price': 900, 'currency': 'RUB', 'payment_amount': 900, 'extras_variants': [], 'extras': [], 'rate_id': 25653, 'deals': [], 'cancellation_type': 'special', 'credit_card': 1, 'bonus': 45, 'miles': 54, 'min_stay': 1, 'platichastyami': 0, 'mircashback': 90}]",900.0,54,650983_101hotels,2026-08-13
2221620,,С 2 отдельными кроватями,2,0,0,0,Двухместный,2,1,[{'single': 2}],[],"[{'id': 660353, 'capacity': 1, 'prepayment': 'FULL', 'nonrefundable': 0, 'cancellation_period': 1, 'cancellation_fee': 'FIRST', 'breakfast': 0, 'base_price': 2200, 'prices': [2200], 'price': 2200, 'old_price': 2200, 'currency': 'RUB', 'payment_amount': 2200, 'extras_variants': [], 'extras': [], 'rate_id': 25653, 'deals': [], 'cancellation_type': 'special', 'credit_card': 1, 'bonus': 110, 'miles': 132, 'min_stay': 1, 'platichastyami': 0, 'mircashback': 220}, {'id': 660354, 'capacity': 2, 'prepayment': 'FULL', 'nonrefundable': 0, 'cancellation_period': 1, 'cancellation_fee': 'FIRST', 'breakfast': 0, 'base_price': 2400, 'prices': [2400], 'price': 2400, 'old_price': 2400, 'currency': 'RUB', 'payment_amount': 2400, 'extras_variants': [], 'extras': [], 'rate_id': 25653, 'deals': [], 'cancellation_type': 'special', 'credit_card': 1, 'bonus': 120, 'miles': 144, 'min_stay': 1, 'platichastyami': 0, 'mircashback': 240}]",2200.0,132,650983_101hotels,2026-08-13
2221623,,"Стандартный номер с кроватью размера ""queen-size""",2,0,0,0,Двухместный,2,1,[{'single': 1}],[],"[{'id': 660355, 'capacity': 1, 'prepayment': 'FULL', 'nonrefundable': 0, 'cancellation_period': 1, 'cancellation_fee': 'FIRST', 'breakfast': 0, 'base_price': 2200, 'prices': [2200], 'price': 2200, 'old_price': 2200, 'currency': 'RUB', 'payment_amount': 2200, 'extras_variants': [], 'extras': [], 'rate_id': 25653, 'deals': [], 'cancellation_type': 'special', 'credit_card': 1, 'bonus': 110, 'miles': 132, 'min_stay': 1, 'platichastyami': 0, 'mircashback': 220}, {'id': 660356, 'capacity': 2, 'prepayment': 'FULL', 'nonrefundable': 0, 'cancellation_period': 1, 'cancellation_fee': 'FIRST', 'breakfast': 0, 'base_price': 2400, 'prices': [2400], 'price': 2400, 'old_price': 2400, 'currency': 'RUB', 'payment_amount': 2400, 'extras_variants': [], 'extras': [], 'rate_id': 25653, 'deals': [], 'cancellation_type': 'special', 'credit_card': 1, 'bonus': 120, 'miles': 144, 'min_stay': 1, 'platichastyami': 0, 'mircashback': 240}]",2200.0,132,650983_101hotels,2026-08-13
2229264,,Стандарт,2,0,0,1,Двухместный,2,3,[{'double': 1}],[],"[{'id': 389658, 'capacity': 1, 'prepayment': 'FULL', 'nonrefundable': 1, 'cancellation_period': 0, 'cancellation_fee': 'FIRST', 'breakfast': 0, 'base_price': 2700, 'prices': [2700], 'price': 2700, 'old_price': 2700, 'currency': 'RUB', 'payment_amount': 2700, 'extras_variants': [], 'extras': [], 'rate_id': 6823, 'deals': [], 'cancellation_type': 'nonrefundable', 'credit_card': 1, 'bonus': 135, 'miles': 162, 'min_stay': 1, 'platichastyami': 0, 'mircashback': 270}, {'id': 389659, 'capacity': 2, 'prepayment': 'FULL', 'nonrefundable': 1, 'cancellation_period': 0, 'cancellation_fee': 'FIRST', 'breakfast': 0, 'base_price': 2700, 'prices': [2700], 'price': 2700, 'old_price': 2700, 'currency': 'RUB', 'payment_amount': 2700, 'extras_variants': [], 'extras': [], 'rate_id': 6823, 'deals': [], 'cancellation_type': 'nonrefundable', 'credit_card': 1, 'bonus': 135, 'miles': 162, 'min_stay': 1, 'platichastyami': 0, 'mircashback': 270}]",2700.0,162,510819_101hotels,2026-08-13
2229265,,Койко-место,8,0,1,0,Восьмиместный,38,8,[{'single': 1}],[],"[{'id': 389660, 'capacity': 1, 'prepayment': 'FULL', 'nonrefundable': 1, 'cancellation_period': 0, 'cancellation_fee': 'FIRST', 'breakfast': 0, 'base_price': 1200, 'prices': [1200], 'price': 1200, 'old_price': 1200, 'currency': 'RUB', 'payment_amount': 1200, 'extras_variants': [], 'extras': [], 'rate_id': 6823, 'deals': [], 'cancellation_type': 'nonrefundable', 'credit_card': 1, 'bonus': 60, 'miles': 72, 'min_stay': 1, 'platichastyami': 0, 'mircashback': 120}]",1200.0,72,510819_101hotels,2026-08-13
2264940,,Семейные,2,2,0,1,Апартаменты,14,1,"[{'double': 1, 'sofa': 1}]",[],"[{'id': 721961, 'capacity': 1, 'prepayment': 'FULL', 'nonrefundable': 1, 'cancellation_period': 0, 'cancellation_fee': 'FIRST', 'breakfast': 0, 'base_price': 3600, 'prices': [3600], 'price': 3600, 'old_price': 3600, 'currency': 'RUB', 'payment_amount': 3600, 'extras_variants': [], 'extras': [], 'rate_id': 6823, 'deals': [], 'cancellation_type': 'nonrefundable', 'credit_card': 1, 'bonus': 180, 'miles': 216, 'min_stay': 1, 'platichastyami': 0, 'mircashback': 360}, {'id': 721962, 'capacity': 2, 'prepayment': 'FULL', 'nonrefundable': 1, 'cancellation_period': 0, 'cancellation_fee': 'FIRST', 'breakfast': 0, 'base_price': 3600, 'prices': [3600], 'price': 3600, 'old_price': 3600, 'currency': 'RUB', 'payment_amount': 3600, 'extras_variants': [], 'extras': [], 'rate_id': 6823, 'deals': [], 'cancellation_type': 'nonrefundable', 'credit_card': 1, 'bonus': 180, 'miles': 216, 'min_stay': 1, 'platichastyami': 0, 'mircashback': 360}]",3600.0,216,510819_101hotels,2026-08-13
46273,,Junior Suite,2,0,0,1,Полулюкс,4,1,[{'double': 1}],[],"[{'id': 661648, 'capacity': 1, 'prepayment': 'FULL', 'nonrefundable': 0, 'cancellation_period': 1, 'cancellation_fee': 'FIRST', 'breakfast': 0, 'base_price': 10250, 'prices': [10250], 'price': 10250, 'old_price': 10250, 'currency': 'RUB', 'payment_amount': 10250, 'extras_variants': [], 'extras': [], 'rate_id': 25742, 'deals': [], 'cancellation_type': 'special', 'credit_card': 1, 'bonus': 513, 'miles': 615, 'min_stay': 1, 'platichastyami': 0, 'mircashback': 1025}, {'id': 706393, 'capacity': 1, 'prepayment': 'FIRST', 'nonrefundable': 0, 'cancellation_period': 1, 'cancellation_fee': 'FIRST', 'breakfast': 1, 'base_price': 11000, 'prices': [11000], 'price': 11000, 'old_price': 11000, 'currency': 'RUB', 'payment_amount': 11000, 'extras_variants': [], 'extras': [], 'rate_id': 28923, 'deals': [], 'cancellation_type': 'special', 'credit_card': 1, 'bonus': 550, 'miles': 660, 'min_stay': 1, 'platichastyami': 0, 'mircashback': 1100}, {'id': 659528, 'capacity': 1, 'prepayment': 'NO', 'nonrefundable': 0, 'cancellation_period': 0, 'cancellation_fee': 'NO', 'breakfast': 1, 'base_price': 11220, 'prices': [11220], 'price': 11220, 'old_price': 11220, 'currency': 'RUB', 'payment_amount': 0, 'extras_variants': [], 'extras': [], 'rate_id': 25605, 'deals': [], 'cancellation_type': 'free', 'credit_card': 0, 'bonus': 561, 'miles': 672, 'min_stay': 1, 'platichastyami': 0, 'mircashback': 1122}, {'id': 661649, 'capacity': 2, 'prepayment': 'FULL', 'nonrefundable': 0, 'cancellation_period': 1, 'cancellation_fee': 'FIRST', 'breakfast': 0, 'base_price': 10300, 'prices': [10300], 'price': 10300, 'old_price': 10300, 'currency': 'RUB', 'payment_amount': 10300, 'extras_variants': [], 'extras': [], 'rate_id': 25742, 'deals': [], 'cancellation_type': 'special', 'credit_card': 1, 'bonus': 515, 'miles': 618, 'min_stay': 1, 'platichastyami': 0, 'mircashback': 1030}, {'id': 706394, 'capacity': 2, 'prepayment': 'FIRST', 'nonrefundable': 0, 'cancellation_period': 1, 'cancellation_fee': 'FIRST', 'breakfast': 1, 'base_price': 11800, 'prices': [11800], 'price': 11800, 'old_price': 11800, 'currency': 'RUB', 'payment_amount': 11800, 'extras_variants': [], 'extras': [], 'rate_id': 28923, 'deals': [], 'cancellation_type': 'special', 'credit_card': 1, 'bonus': 590, 'miles': 708, 'min_stay': 1, 'platichastyami': 0, 'mircashback': 1180}, {'id': 659529, 'capacity': 2, 'prepayment': 'NO', 'nonrefundable': 0, 'cancellation_period': 0, 'cancellation_fee': 'NO', 'breakfast': 1, 'base_price': 12036, 'prices': [12036], 'price': 12036, 'old_price': 12036, 'currency': 'RUB', 'payment_amount': 0, 'extras_variants': [], 'extras': [], 'rate_id': 25605, 'deals': [], 'cancellation_type': 'free', 'credit_card': 0, 'bonus': 602, 'miles': 720, 'min_stay': 1, 'platichastyami': 0, 'mircashback': 1204}]",10250.0,615,4060_101hotels,2026-08-13
1749939,,Улучшенный,2,1,0,1,Двухместный,2,2,"[{'single': 2, 'f-chair': 1}, {'double': 1, 'f-chair': 1}]","[{'id': '20449', 'number': '1', 'min_age': '0', 'max_age': '6', 'is_extra_bed': '0', 'extra_bed_type_id': '0'}]","[{'id': 661646, 'capacity': 1, 'prepayment': 'FULL', 'nonrefundable': 0, 'cancellation_period': 1, 'cancellation_fee': 'FIRST', 'breakfast': 0, 'base_price': 9750, 'prices': [9750], 'price': 9750, 'old_price': 9750, 'currency': 'RUB', 'payment_amount': 9750, 'extras_variants': [], 'extras': {'20449': {'id': 20449, 'number': 1, 'extra_bed_type_id': 0, 'age': [0, 6], 'extra_bed': 0, 'free': 1}}, 'rate_id': 25742, 'deals': [], 'cancellation_type': 'special', 'credit_card': 1, 'bonus': 488, 'miles': 585, 'min_stay': 1, 'platichastyami': 0, 'mircashback': 975}, {'id': 706390, 'capacity': 1, 'prepayment': 'FIRST', 'nonrefundable': 0, 'cancellation_period': 1, 'cancellation_fee': 'FIRST', 'breakfast': 1, 'base_price': 10500, 'prices': [10500], 'price': 10500, 'old_price': 10500, 'currency': 'RUB', 'payment_amount': 10500, 'extras_variants': [], 'extras': {'20449': {'id': 20449, 'number': 1, 'extra_bed_type_id': 0, 'age': [0, 6], 'extra_bed': 0, 'free': 1}}, 'rate_id': 28923, 'deals': [], 'cancellation_type': 'special', 'credit_card': 1, 'bonus': 525, 'miles': 630, 'min_stay': 1, 'platichastyami': 0, 'mircashback': 1050}, {'id': 659526, 'capacity': 1, 'prepayment': 'NO', 'nonrefundable': 0, 'cancellation_period': 0, 'cancellation_fee': 'NO', 'breakfast': 1, 'base_price': 10710, 'prices': [10710], 'price': 10710, 'old_price': 10710, 'currency': 'RUB', 'payment_amount': 0, 'extras_variants': [], 'extras': {'20449': {'id': 20449, 'number': 1, 'extra_bed_type_id': 0, 'age': [0, 6], 'extra_bed': 0, 'free': 1}}, 'rate_id': 25605, 'deals': [], 'cancellation_type': 'free', 'credit_card': 0, 'bonus': 536, 'miles': 642, 'min_stay': 1, 'platichastyami': 0, 'mircashback': 1071}, {'id': 661647, 'capacity': 2, 'prepayment': 'FULL', 'nonrefundable': 0, 'cancellation_period': 1, 'cancellation_fee': 'FIRST', 'breakfast': 0, 'base_price': 9800, 'prices': [9800], 'price': 9800, 'old_price': 9800, 'currency': 'RUB', 'payment_amount': 9800, 'extras_variants': [], 'extras': {'20449': {'id': 20449, 'number': 1, 'extra_bed_type_id': 0, 'age': [0, 6], 'extra_bed': 0, 'free': 1}}, 'rate_id': 25742, 'deals': [], 'cancellation_type': 'special', 'credit_card': 1, 'bonus': 490, 'miles': 588, 'min_stay': 1, 'platichastyami': 0, 'mircashback': 980}, {'id': 706391, 'capacity': 2, 'prepayment': 'FIRST', 'nonrefundable': 0, 'cancellation_period': 1, 'cancellation_fee': 'FIRST', 'breakfast': 1, 'base_price': 11300, 'prices': [11300], 'price': 11300, 'old_price': 11300, 'currency': 'RUB', 'payment_amount': 11300, 'extras_variants': [], 'extras': {'20449': {'id': 20449, 'number': 1, 'extra_bed_type_id': 0, 'age': [0, 6], 'extra_bed': 0, 'free': 1}}, 'rate_id': 28923, 'deals': [], 'cancellation_type': 'special', 'credit_card': 1, 'bonus': 565, 'miles': 678, 'min_stay': 1, 'platichastyami': 0, 'mircashback': 1130}, {'id': 659527, 'capacity': 2, 'prepayment': 'NO', 'nonrefundable': 0, 'cancellation_period': 0, 'cancellation_fee': 'NO', 'breakfast': 1, 'base_price': 11526, 'prices': [11526], 'price': 11526, 'old_price': 11526, 'currency': 'RUB', 'payment_amount': 0, 'extras_variants': [], 'extras': {'20449': {'id': 20449, 'number': 1, 'extra_bed_type_id': 0, 'age': [0, 6], 'extra_bed': 0, 'free': 1}}, 'rate_id': 25605, 'deals': [], 'cancellation_type': 'free', 'credit_card': 0, 'bonus': 576, 'miles': 690, 'min_stay': 1, 'platichastyami': 0, 'mircashback': 1153}]",9750.0,585,4060_101hotels,2026-08-13
2273235,,Делюкс с балконом,2,1,0,1,Трёхместный и более,3,1,"[{'double': 1, 's-sofa': 1}, {'single': 2, 's-sofa': 1}]","[{'id': '9786', 'number': '1', 'min_age': '0', 'max_age': '6', 'is_extra_bed': '0', 'extra_bed_type_id': '0'}]","[{'id': 782463, 'capacity': 1, 'prepayment': 'FULL', 'nonrefundable': 0, 'cancellation_period': 1, 'cancellation_fee': 'FIRST', 'breakfast': 0, 'base_price': 9750, 'prices': [9750], 'price': 9750, 'old_price': 9750, 'currency': 'RUB', 'payment_amount': 9750, 'extras_variants': [], 'extras': {'9786': {'id': 9786, 'number': 1, 'extra_bed_type_id': 0, 'age': [0, 6], 'extra_bed': 0, 'free': 1}}, 'rate_id': 25742, 'deals': [], 'cancellation_type': 'special', 'credit_card': 1, 'bonus': 488, 'miles': 585, 'min_stay': 1, 'platichastyami': 0, 'mircashback': 975}, {'id': 782467, 'capacity': 1, 'prepayment': 'FIRST', 'nonrefundable': 0, 'cancellation_period': 1, 'cancellation_fee': 'FIRST', 'breakfast': 1, 'base_price': 10500, 'prices': [10500], 'price': 10500, 'old_price': 10500, 'currency': 'RUB', 'payment_amount': 10500, 'extras_variants': [], 'extras': {'9786': {'id': 9786, 'number': 1, 'extra_bed_type_id': 0, 'age': [0, 6], 'extra_bed': 0, 'free': 1}}, 'rate_id': 28923, 'deals': [], 'cancellation_type': 'special', 'credit_card': 1, 'bonus': 525, 'miles': 630, 'min_stay': 1, 'platichastyami': 0, 'mircashback': 1050}, {'id': 782465, 'capacity': 1, 'prepayment': 'NO', 'nonrefundable': 0, 'cancellation_period': 0, 'cancellation_fee': 'NO', 'breakfast': 1, 'base_price': 10710, 'prices': [10710], 'price': 10710, 'old_price': 10710, 'currency': 'RUB', 'payment_amount': 0, 'extras_variants': [], 'extras': {'9786': {'id': 9786, 'number': 1, 'extra_bed_type_id': 0, 'age': [0, 6], 'extra_bed': 0, 'free': 1}}, 'rate_id': 25605, 'deals': [], 'cancellation_type': 'free', 'credit_card': 0, 'bonus': 536, 'miles': 642, 'min_stay': 1, 'platichastyami': 0, 'mircashback': 1071}, {'id': 782464, 'capacity': 2, 'prepayment': 'FULL', 'nonrefundable': 0, 'cancellation_period': 1, 'cancellation_fee': 'FIRST', 'breakfast': 0, 'base_price': 9800, 'prices': [9800], 'price': 9800, 'old_price': 9800, 'currency': 'RUB', 'payment_amount': 9800, 'extras_variants': [], 'extras': {'9786': {'id': 9786, 'number': 1, 'extra_bed_type_id': 0, 'age': [0, 6], 'extra_bed': 0, 'free': 1}}, 'rate_id': 25742, 'deals': [], 'cancellation_type': 'special', 'credit_card': 1, 'bonus': 490, 'miles': 588, 'min_stay': 1, 'platichastyami': 0, 'mircashback': 980}, {'id': 782468, 'capacity': 2, 'prepayment': 'FIRST', 'nonrefundable': 0, 'cancellation_period': 1, 'cancellation_fee': 'FIRST', 'breakfast': 1, 'base_price': 11300, 'prices': [11300], 'price': 11300, 'old_price': 11300, 'currency': 'RUB', 'payment_amount': 11300, 'extras_variants': [], 'extras': {'9786': {'id': 9786, 'number': 1, 'extra_bed_type_id': 0, 'age': [0, 6], 'extra_bed': 0, 'free': 1}}, 'rate_id': 28923, 'deals': [], 'cancellation_type': 'special', 'credit_card': 1, 'bonus': 565, 'miles': 678, 'min_stay': 1, 'platichastyami': 0, 'mircashback': 1130}, {'id': 782466, 'capacity': 2, 'prepayment': 'NO', 'nonrefundable': 0, 'cancellation_period': 0, 'cancellation_fee': 'NO', 'breakfast': 1, 'base_price': 11526, 'prices': [11526], 'price': 11526, 'old_price': 11526, 'currency': 'RUB', 'payment_amount': 0, 'extras_variants': [], 'extras': {'9786': {'id': 9786, 'number': 1, 'extra_bed_type_id': 0, 'age': [0, 6], 'extra_bed': 0, 'free': 1}}, 'rate_id': 25605, 'deals': [], 'cancellation_type': 'free', 'credit_card': 0, 'bonus': 576, 'miles': 690, 'min_stay': 1, 'platichastyami': 0, 'mircashback': 1153}]",9750.0,585,4060_101hotels,2026-08-13
2316009,,Стандарт,2,0,0,1,Двухместный,2,5,[{'double': 1}],[],"[{'id': 1203172, 'capacity': 1, 'prepayment': 'FULL', 'nonrefundable': 0, 'cancellation_period': 1, 'cancellation_fee': 'FIRST', 'breakfast': 0, 'base_price': 5500, 'prices': [5500], 'price': 4950, 'old_price': 5500, 'currency': 'RUB', 'payment_amount': 5500, 'extras_variants': [], 'extras': [], 'rate_id': 61553, 'deals': ['LAST_MINUTE'], 'cancellation_type': 'special', 'credit_card': 1, 'bonus': 248, 'miles': 297, 'min_stay': 1, 'platichastyami': 0, 'mircashback': 495}, {'id': 1203173, 'capacity': 2, 'prepayment': 'FULL', 'nonrefundable': 0, 'cancellation_period': 1, 'cancellation_fee': 'FIRST', 'breakfast': 0, 'base_price': 5500, 'prices': [5500], 'price': 4950, 'old_price': 5500, 'currency': 'RUB', 'payment_amount': 5500, 'extras_variants': [], 'extras': [], 'rate_id': 61553, 'deals': ['LAST_MINUTE'], 'cancellation_type': 'special', 'credit_card': 1, 'bonus': 248, 'miles': 297, 'min_stay': 1, 'platichastyami': 0, 'mircashback': 495}]",4950.0,297,676828_101hotels,2026-08-13
2316012,,Комфорт,2,0,0,1,Двухместный,2,2,[{'double': 1}],[],"[{'id': 1203174, 'capacity': 1, 'prepayment': 'FULL', 'nonrefundable': 0, 'cancellation_period': 1, 'cancellation_fee': 'FIRST', 'breakfast': 0, 'base_price': 6600, 'prices': [6600], 'price': 5940, 'old_price': 6600, 'currency': 'RUB', 'payment_amount': 6600, 'extras_variants': [], 'extras': [], 'rate_id': 61553, 'deals': ['LAST_MINUTE'], 'cancellation_type': 'special', 'credit_card': 1, 'bonus': 297, 'miles': 354, 'min_stay': 1, 'platichastyami': 0, 'mircashback': 594}, {'id': 1203175, 'capacity': 2, 'prepayment': 'FULL', 'nonrefundable': 0, 'cancellation_period': 1, 'cancellation_fee': 'FIRST', 'breakfast': 0, 'base_price': 6600, 'prices': [6600], 'price': 5940, 'old_price': 6600, 'currency': 'RUB', 'payment_amount': 6600, 'extras_variants': [], 'extras': [], 'rate_id': 61553, 'deals': ['LAST_MINUTE'], 'cancellation_type': 'special', 'credit_card': 1, 'bonus': 297, 'miles': 354, 'min_stay': 1, 'platichastyami': 0, 'mircashback': 594}]",5940.0,354,676828_101hotels,2026-08-13
2316046,,Люкс,2,0,0,1,Двухместный,2,1,[{'double': 1}],[],"[{'id': 1203171, 'capacity': 1, 'prepayment': 'FULL', 'nonrefundable': 0, 'cancellation_period': 1, 'cancellation_fee': 'FIRST', 'breakfast': 0, 'base_price': 7700, 'prices': [7700], 'price': 6930, 'old_price': 7700, 'currency': 'RUB', 'payment_amount': 7700, 'extras_variants': [], 'extras': [], 'rate_id': 61553, 'deals': ['LAST_MINUTE'], 'cancellation_type': 'special', 'credit_card': 1, 'bonus': 347, 'miles': 414, 'min_stay': 1, 'platichastyami': 0, 'mircashback': 693}, {'id': 1225024, 'capacity': 2, 'prepayment': 'FULL', 'nonrefundable': 0, 'cancellation_period': 1, 'cancellation_fee': 'FIRST', 'breakfast': 0, 'base_price': 7700, 'prices': [7700], 'price': 6930, 'old_price': 7700, 'currency': 'RUB', 'payment_amount': 7700, 'extras_variants': [], 'extras': [], 'rate_id': 61553, 'deals': ['LAST_MINUTE'], 'cancellation_type': 'special', 'credit_card': 1, 'bonus': 347, 'miles': 414, 'min_stay': 1, 'platichastyami': 0, 'mircashback': 693}]",6930.0,414,676828_101hotels,2026-08-13
2303794,,Уютные апартаменты рядом с Аэропортом,4,0,0,1,Апартаменты,14,1,"[{'double': 1, 'sofa': 1}]",[],"[{'id': 1068890, 'capacity': 1, 'prepayment': 'FULL', 'nonrefundable': 0, 'cancellation_period': 0, 'cancellation_fee': 'NO', 'breakfast': 0, 'base_price': 4725, 'prices': [4725], 'price': 4488.75, 'old_price': 4725, 'currency': 'RUB', 'payment_amount': 4725, 'extras_variants': [], 'extras': [], 'rate_id': 52525, 'deals': ['LAST_MINUTE'], 'cancellation_type': 'free', 'credit_card': 1, 'bonus': 224, 'miles': 267, 'min_stay': 1, 'platichastyami': 0, 'mircashback': 449}, {'id': 1068891, 'capacity': 2, 'prepayment': 'FULL', 'nonrefundable': 0, 'cancellation_period': 0, 'cancellation_fee': 'NO', 'breakfast': 0, 'base_price': 4725, 'prices': [4725], 'price': 4488.75, 'old_price': 4725, 'currency': 'RUB', 'payment_amount': 4725, 'extras_variants': [], 'extras': [], 'rate_id': 52525, 'deals': ['LAST_MINUTE'], 'cancellation_type': 'free', 'credit_card': 1, 'bonus': 224, 'miles': 267, 'min_stay': 1, 'platichastyami': 0, 'mircashback': 449}, {'id': 1068892, 'capacity': 3, 'prepayment': 'FULL', 'nonrefundable': 0, 'cancellation_period': 0, 'cancellation_fee': 'NO', 'breakfast': 0, 'base_price': 5225, 'prices': [5225], 'price': 4963.75, 'old_price': 5225, 'currency': 'RUB', 'payment_amount': 5225, 'extras_variants': [], 'extras': [], 'rate_id': 52525, 'deals': ['LAST_MINUTE'], 'cancellation_type': 'free', 'credit_card': 1, 'bonus': 248, 'miles': 297, 'min_stay': 1, 'platichastyami': 0, 'mircashback': 496}, {'id': 1068893, 'capacity': 4, 'prepayment': 'FULL', 'nonrefundable': 0, 'cancellation_period': 0, 'cancellation_fee': 'NO', 'breakfast': 0, 'base_price': 5725, 'prices': [5725], 'price': 5438.75, 'old_price': 5725, 'currency': 'RUB', 'payment_amount': 5725, 'extras_variants': [], 'extras': [], 'rate_id': 52525, 'deals': ['LAST_MINUTE'], 'cancellation_type': 'free', 'credit_card': 1, 'bonus': 272, 'miles': 324, 'min_stay': 1, 'platichastyami': 0, 'mircashback': 544}]",4488.75,267,674055_101hotels,2026-08-13
2232403,,Квартира -RED без балкона,2,0,0,1,Студио,5,1,[{'double': 1}],[],"[{'id': 612875, 'capacity': 1, 'prepayment': 'FULL', 'nonrefundable': 0, 'cancellation_period': 0, 'cancellation_fee': 'NO', 'breakfast': 0, 'base_price': 3237, 'prices': [3237], 'price': 3237, 'old_price': 3237, 'currency': 'RUB', 'payment_amount': 3237, 'extras_variants': [], 'extras': [], 'rate_id': 22182, 'deals': [], 'cancellation_type': 'free', 'credit_card': 1, 'bonus': 162, 'miles': 192, 'min_stay': 1, 'platichastyami': 0, 'mircashback': 324}, {'id': 612876, 'capacity': 2, 'prepayment': 'FULL', 'nonrefundable': 0, 'cancellation_period': 0, 'cancellation_fee': 'NO', 'breakfast': 0, 'base_price': 3237, 'prices': [3237], 'price': 3237, 'old_price': 3237, 'currency': 'RUB', 'payment_amount': 3237, 'extras_variants': [], 'extras': [], 'rate_id': 22182, 'deals': [], 'cancellation_type': 'free', 'credit_card': 1, 'bonus': 162, 'miles': 192, 'min_stay': 1, 'platichastyami': 0, 'mircashback': 324}]",3237.0,192,653724_101hotels,2026-08-13
2290063,,Новая студия Гладь,2,1,0,1,Двухместный,2,1,"[{'single': 2, 'f-chair': 1}]","[{'id': '17656', 'number': '1', 'min_age': '0', 'max_age': '18', 'is_extra_bed': '1', 'extra_bed_type_id': '2'}]","[{'id': 965216, 'capacity': 1, 'prepayment': 'FULL', 'nonrefundable': 0, 'cancellation_period': 0, 'cancellation_fee': 'NO', 'breakfast': 0, 'base_price': 3180, 'prices': [3180], 'price': 3021, 'old_price': 3180, 'currency': 'RUB', 'payment_amount': 3180, 'extras_variants': [], 'extras': {'17656': {'id': 17656, 'number': 1, 'extra_bed_type_id': 2, 'age': [0, 18], 'extra_bed': 1, 'free': 1}}, 'rate_id': 45396, 'deals': ['LAST_MINUTE'], 'cancellation_type': 'free', 'credit_card': 1, 'bonus': 151, 'miles': 180, 'min_stay': 1, 'platichastyami': 0, 'mircashback': 302}, {'id': 965217, 'capacity': 2, 'prepayment': 'FULL', 'nonrefundable': 0, 'cancellation_period': 0, 'cancellation_fee': 'NO', 'breakfast': 0, 'base_price': 3180, 'prices': [3180], 'price': 3021, 'old_price': 3180, 'currency': 'RUB', 'payment_amount': 3180, 'extras_variants': [], 'extras': {'17656': {'id': 17656, 'number': 1, 'extra_bed_type_id': 2, 'age': [0, 18], 'extra_bed': 1, 'free': 1}}, 'rate_id': 45396, 'deals': ['LAST_MINUTE'], 'cancellation_type': 'free', 'credit_card': 1, 'bonus': 151, 'miles': 180, 'min_stay': 1, 'platichastyami': 0, 'mircashback': 302}]",3021.0,180,670703_101hotels,2026-08-13
2274283,,Апартаменты Лето,2,0,0,1,Двухместный,2,1,[{'single': 2}],[],"[{'id': 790262, 'capacity': 1, 'prepayment': 'FULL', 'nonrefundable': 0, 'cancellation_period': 0, 'cancellation_fee': 'NO', 'breakfast': 0, 'base_price': 3900, 'prices': [3900], 'price': 3705, 'old_price': 3900, 'currency': 'RUB', 'payment_amount': 3900, 'extras_variants': [], 'extras': [], 'rate_id': 35631, 'deals': ['LAST_MINUTE'], 'cancellation_type': 'free', 'credit_card': 1, 'bonus': 185, 'miles': 222, 'min_stay': 1, 'platichastyami': 0, 'mircashback': 371}, {'id': 790263, 'capacity': 2, 'prepayment': 'FULL', 'nonrefundable': 0, 'cancellation_period': 0, 'cancellation_fee': 'NO', 'breakfast': 0, 'base_price': 3900, 'prices': [3900], 'price': 3705, 'old_price': 3900, 'currency': 'RUB', 'payment_amount': 3900, 'extras_variants': [], 'extras': [], 'rate_id': 35631, 'deals': ['LAST_MINUTE'], 'cancellation_type': 'free', 'credit_card': 1, 'bonus': 185, 'miles': 222, 'min_stay': 1, 'platichastyami': 0, 'mircashback': 371}]",3705.0,222,666215_101hotels,2026-08-13
2237515,,Стандарт с большой кроватью,2,2,0,1,Двухместный,2,1,"[{'single': 1, 'double': 1}]",[],"[{'id': 998374, 'capacity': 1, 'prepayment': 'FULL', 'nonrefundable': 0, 'cancellation_period': 3, 'cancellation_fee': 'FIRST', 'breakfast': 0, 'base_price': 4750, 'prices': [4750], 'price': 4750, 'old_price': 4750, 'currency': 'RUB', 'payment_amount': 4750, 'extras_variants': [], 'extras': [], 'rate_id': 47847, 'deals': [], 'cancellation_type': 'special', 'credit_card': 1, 'bonus': 238, 'miles': 285, 'min_stay': 1, 'platichastyami': 0, 'mircashback': 475}, {'id': 998384, 'capacity': 1, 'prepayment': 'FULL', 'nonrefundable': 0, 'cancellation_period': 3, 'cancellation_fee': 'FIRST', 'breakfast': 1, 'base_price': 6000, 'prices': [6000], 'price': 6000, 'old_price': 6000, 'currency': 'RUB', 'payment_amount': 6000, 'extras_variants': [], 'extras': [], 'rate_id': 47848, 'deals': [], 'cancellation_type': 'special', 'credit_card': 1, 'bonus': 300, 'miles': 360, 'min_stay': 1, 'platichastyami': 0, 'mircashback': 600}, {'id': 998375, 'capacity': 2, 'prepayment': 'FULL', 'nonrefundable': 0, 'cancellation_period': 3, 'cancellation_fee': 'FIRST', 'breakfast': 0, 'base_price': 5280, 'prices': [5280], 'price': 5280, 'old_price': 5280, 'currency': 'RUB', 'payment_amount': 5280, 'extras_variants': [], 'extras': [], 'rate_id': 47847, 'deals': [], 'cancellation_type': 'special', 'credit_card': 1, 'bonus': 264, 'miles': 315, 'min_stay': 1, 'platichastyami': 0, 'mircashback': 528}, {'id': 998385, 'capacity': 2, 'prepayment': 'FULL', 'nonrefundable': 0, 'cancellation_period': 3, 'cancellation_fee': 'FIRST', 'breakfast': 1, 'base_price': 6600, 'prices': [6600], 'price': 6600, 'old_price': 6600, 'currency': 'RUB', 'payment_amount': 6600, 'extras_variants': [], 'extras': [], 'rate_id': 47848, 'deals': [], 'cancellation_type': 'special', 'credit_card': 1, 'bonus': 330, 'miles': 396, 'min_stay': 1, 'platichastyami': 0, 'mircashback': 660}]",4750.0,285,654635_101hotels,2026-08-13
1754408,,С 2 отдельными кроватями,2,0,0,1,Двухместный,2,10,[{'single': 2}],[],"[{'id': 857249, 'capacity': 1, 'prepayment': 'FIRST', 'nonrefundable': 0, 'cancellation_period': 0, 'cancellation_fee': 'NO', 'breakfast': 0, 'base_price': 2850, 'prices': [2850], 'price': 2850, 'old_price': 2850, 'currency': 'RUB', 'payment_amount': 2850, 'extras_variants': [], 'extras': [], 'rate_id': 39085, 'deals': [], 'cancellation_type': 'free', 'credit_card': 1, 'bonus': 143, 'miles': 171, 'min_stay': 1, 'platichastyami': 0, 'mircashback': 285}, {'id': 857250, 'capacity': 2, 'prepayment': 'FIRST', 'nonrefundable': 0, 'cancellation_period': 0, 'cancellation_fee': 'NO', 'breakfast': 0, 'base_price': 2950, 'prices': [2950], 'price': 2950, 'old_price': 2950, 'currency': 'RUB', 'payment_amount': 2950, 'extras_variants': [], 'extras': [], 'rate_id': 39085, 'deals': [], 'cancellation_type': 'free', 'credit_card': 1, 'bonus': 148, 'miles': 177, 'min_stay': 1, 'platichastyami': 0, 'mircashback': 295}]",2850.0,171,514851_101hotels,2026-08-13
1754409,,,2,0,0,1,Семейный,44,7,[{'single': 1}],[],"[{'id': 857256, 'capacity': 1, 'prepayment': 'FIRST', 'nonrefundable': 0, 'cancellation_period': 0, 'cancellation_fee': 'NO', 'breakfast': 0, 'base_price': 2600, 'prices': [2600], 'price': 2600, 'old_price': 2600, 'currency': 'RUB', 'payment_amount': 2600, 'extras_variants': [], 'extras': [], 'rate_id': 39085, 'deals': [], 'cancellation_type': 'free', 'credit_card': 1, 'bonus': 130, 'miles': 156, 'min_stay': 1, 'platichastyami': 0, 'mircashback': 260}, {'id': 857257, 'capacity': 2, 'prepayment': 'FIRST', 'nonrefundable': 0, 'cancellation_period': 0, 'cancellation_fee': 'NO', 'breakfast': 0, 'base_price': 2700, 'prices': [2700], 'price': 2700, 'old_price': 2700, 'currency': 'RUB', 'payment_amount': 2700, 'extras_variants': [], 'extras': [], 'rate_id': 39085, 'deals': [], 'cancellation_type': 'free', 'credit_card': 1, 'bonus': 135, 'miles': 162, 'min_stay': 1, 'platichastyami': 0, 'mircashback': 270}]",2600.0,156,514851_101hotels,2026-08-13
1754411,,Люкс,3,1,0,1,Сюит,27,3,"[{'double': 1}, {'sofa': 1}]",[],"[{'id': 857251, 'capacity': 1, 'prepayment': 'FIRST', 'nonrefundable': 0, 'cancellation_period': 0, 'cancellation_fee': 'NO', 'breakfast': 0, 'base_price': 3600, 'prices': [3600], 'price': 3600, 'old_price': 3600, 'currency': 'RUB', 'payment_amount': 3600, 'extras_variants': [], 'extras': [], 'rate_id': 39085, 'deals': [], 'cancellation_type': 'free', 'credit_card': 1, 'bonus': 180, 'miles': 216, 'min_stay': 1, 'platichastyami': 0, 'mircashback': 360}, {'id': 857252, 'capacity': 2, 'prepayment': 'FIRST', 'nonrefundable': 0, 'cancellation_period': 0, 'cancellation_fee': 'NO', 'breakfast': 0, 'base_price': 3700, 'prices': [3700], 'price': 3700, 'old_price': 3700, 'currency': 'RUB', 'payment_amount': 3700, 'extras_variants': [], 'extras': [], 'rate_id': 39085, 'deals': [], 'cancellation_type': 'free', 'credit_card': 1, 'bonus': 185, 'miles': 222, 'min_stay': 1, 'platichastyami': 0, 'mircashback': 370}, {'id': 857259, 'capacity': 3, 'prepayment': 'FIRST', 'nonrefundable': 0, 'cancellation_period': 0, 'cancellation_fee': 'NO', 'breakfast': 0, 'base_price': 5300, 'prices': [5300], 'price': 5300, 'old_price': 5300, 'currency': 'RUB', 'payment_amount': 5300, 'extras_variants': [], 'extras': [], 'rate_id': 39085, 'deals': [], 'cancellation_type': 'free', 'credit_card': 1, 'bonus': 265, 'miles': 318, 'min_stay': 1, 'platichastyami': 0, 'mircashback': 530}]",3600.0,216,514851_101hotels,2026-08-13
1754412,,Кровать в общем номере,3,0,1,0,Трехместный,37,4,[{'single': 1}],[],"[{'id': 857253, 'capacity': 1, 'prepayment': 'FIRST', 'nonrefundable': 0, 'cancellation_period': 0, 'cancellation_fee': 'NO', 'breakfast': 0, 'base_price': 1200, 'prices': [1200], 'price': 1200, 'old_price': 1200, 'currency': 'RUB', 'payment_amount': 1200, 'extras_variants': [], 'extras': [], 'rate_id': 39085, 'deals': [], 'cancellation_type': 'free', 'credit_card': 1, 'bonus': 60, 'miles': 72, 'min_stay': 1, 'platichastyami': 0, 'mircashback': 120}]",1200.0,72,514851_101hotels,2026-08-13
1754413,,Кровать в общем номере,8,0,1,0,Восьмиместный,38,8,[{'single': 1}],[],"[{'id': 857258, 'capacity': 1, 'prepayment': 'FIRST', 'nonrefundable': 0, 'cancellation_period': 0, 'cancellation_fee': 'NO', 'breakfast': 0, 'base_price': 1200, 'prices': [1200], 'price': 1200, 'old_price': 1200, 'currency': 'RUB', 'payment_amount': 1200, 'extras_variants': [], 'extras': [], 'rate_id': 39085, 'deals': [], 'cancellation_type': 'free', 'credit_card': 1, 'bonus': 60, 'miles': 72, 'min_stay': 1, 'platichastyami': 0, 'mircashback': 120}]",1200.0,72,514851_101hotels,2026-08-13
1334467,,"Стандарт, Double/Twin",2,0,0,1,Двухместный,2,7,"[{'single': 2}, {'double': 1}]",[],"[{'id': 755001, 'capacity': 1, 'prepayment': 'NO', 'nonrefundable': 0, 'cancellation_period': 0, 'cancellation_fee': 'NO', 'breakfast': 1, 'base_price': 8900, 'prices': [8900], 'price': 8900, 'old_price': 8900, 'currency': 'RUB', 'payment_amount': 0, 'extras_variants': [], 'extras': [], 'rate_id': 32986, 'deals': [], 'cancellation_type': 'free', 'credit_card': 0, 'bonus': 445, 'miles': 534, 'min_stay': 1, 'platichastyami': 0, 'mircashback': 890}, {'id': 755002, 'capacity': 2, 'prepayment': 'NO', 'nonrefundable': 0, 'cancellation_period': 0, 'cancellation_fee': 'NO', 'breakfast': 1, 'base_price': 9900, 'prices': [9900], 'price': 9900, 'old_price': 9900, 'currency': 'RUB', 'payment_amount': 0, 'extras_variants': [], 'extras': [], 'rate_id': 32986, 'deals': [], 'cancellation_type': 'free', 'credit_card': 0, 'bonus': 495, 'miles': 594, 'min_stay': 1, 'platichastyami': 0, 'mircashback': 990}]",8900.0,534,406989_101hotels,2026-08-13
2269883,,Улучшенный стандартный,2,0,0,1,Двухместный,2,2,"[{'single': 2}, {'double': 2}]",[],"[{'id': 755003, 'capacity': 1, 'prepayment': 'NO', 'nonrefundable': 0, 'cancellation_period': 0, 'cancellation_fee': 'NO', 'breakfast': 1, 'base_price': 10900, 'prices': [10900], 'price': 10900, 'old_price': 10900, 'currency': 'RUB', 'payment_amount': 0, 'extras_variants': [], 'extras': [], 'rate_id': 32986, 'deals': [], 'cancellation_type': 'free', 'credit_card': 0, 'bonus': 545, 'miles': 654, 'min_stay': 1, 'platichastyami': 0, 'mircashback': 1090}, {'id': 755004, 'capacity': 2, 'prepayment': 'NO', 'nonrefundable': 0, 'cancellation_period': 0, 'cancellation_fee': 'NO', 'breakfast': 1, 'base_price': 11900, 'prices': [11900], 'price': 11900, 'old_price': 11900, 'currency': 'RUB', 'payment_amount': 0, 'extras_variants': [], 'extras': [], 'rate_id': 32986, 'deals': [], 'cancellation_type': 'free', 'credit_card': 0, 'bonus': 595, 'miles': 714, 'min_stay': 1, 'platichastyami': 0, 'mircashback': 1190}]",10900.0,654,406989_101hotels,2026-08-13
2241254,,Стандартный номер,1,0,0,1,Одноместный,1,1,[{'single': 1}],[],"[{'id': 475016, 'capacity': 1, 'prepayment': 'FIRST', 'nonrefundable': 0, 'cancellation_period': 7, 'cancellation_fee': 'FIRST', 'breakfast': 0, 'base_price': 6600, 'prices': [6600], 'price': 5940, 'old_price': 6600, 'currency': 'RUB', 'payment_amount': 6600, 'extras_variants': [], 'extras': [], 'rate_id': 12700, 'deals': ['LAST_MINUTE'], 'cancellation_type': 'special', 'credit_card': 1, 'bonus': 297, 'miles': 354, 'min_stay': 1, 'platichastyami': 0, 'mircashback': 594}, {'id': 475007, 'capacity': 1, 'prepayment': 'FIRST', 'nonrefundable': 0, 'cancellation_period': 7, 'cancellation_fee': 'FIRST', 'breakfast': 1, 'base_price': 7400, 'prices': [7400], 'price': 7400, 'old_price': 7400, 'currency': 'RUB', 'payment_amount': 7400, 'extras_variants': [], 'extras': [], 'rate_id': 12699, 'deals': [], 'cancellation_type': 'special', 'credit_card': 1, 'bonus': 370, 'miles': 444, 'min_stay': 1, 'platichastyami': 0, 'mircashback': 740}]",5940.0,354,649990_101hotels,2026-08-13
1336377,,"Стандарт с 1 двуспальной, или 2 раздельными кроватями",2,0,0,1,Двухместный,2,14,"[{'single': 2}, {'double': 1}]","[{'id': '52690', 'number': '1', 'min_age': '0', 'max_age': '6', 'is_extra_bed': '0', 'extra_bed_type_id': '0'}]","[{'id': 594734, 'capacity': 1, 'prepayment': 'NO', 'nonrefundable': 0, 'cancellation_period': 0, 'cancellation_fee': 'NO', 'breakfast': 0, 'base_price': 5200, 'prices': [5200], 'price': 5200, 'old_price': 5200, 'currency': 'RUB', 'payment_amount': 0, 'extras_variants': [], 'extras': {'52690': {'id': 52690, 'number': 1, 'extra_bed_type_id': 0, 'age': [0, 6], 'extra_bed': 0, 'free': 1}}, 'rate_id': 20742, 'deals': [], 'cancellation_type': 'free', 'credit_card': 0, 'bonus': 260, 'miles': 312, 'min_stay': 1, 'platichastyami': 0, 'mircashback': 520}, {'id': 594725, 'capacity': 1, 'prepayment': 'NO', 'nonrefundable': 0, 'cancellation_period': 0, 'cancellation_fee': 'NO', 'breakfast': 6, 'base_price': 6200, 'prices': [6200], 'price': 6200, 'old_price': 6200, 'currency': 'RUB', 'payment_amount': 0, 'extras_variants': [], 'extras': {'52690': {'id': 52690, 'number': 1, 'extra_bed_type_id': 0, 'age': [0, 6], 'extra_bed': 0, 'free': 1}}, 'rate_id': 20741, 'deals': [], 'cancellation_type': 'free', 'credit_card': 0, 'bonus': 310, 'miles': 372, 'min_stay': 1, 'platichastyami': 0, 'mircashback': 620}, {'id': 594735, 'capacity': 2, 'prepayment': 'NO', 'nonrefundable': 0, 'cancellation_period': 0, 'cancellation_fee': 'NO', 'breakfast': 0, 'base_price': 6000, 'prices': [6000], 'price': 6000, 'old_price': 6000, 'currency': 'RUB', 'payment_amount': 0, 'extras_variants': [], 'extras': {'52690': {'id': 52690, 'number': 1, 'extra_bed_type_id': 0, 'age': [0, 6], 'extra_bed': 0, 'free': 1}}, 'rate_id': 20742, 'deals': [], 'cancellation_type': 'free', 'credit_card': 0, 'bonus': 300, 'miles': 360, 'min_stay': 1, 'platichastyami': 0, 'mircashback': 600}, {'id': 594726, 'capacity': 2, 'prepayment': 'NO', 'nonrefundable': 0, 'cancellation_period': 0, 'cancellation_fee': 'NO', 'breakfast': 6, 'base_price': 7600, 'prices': [7600], 'price': 7600, 'old_price': 7600, 'currency': 'RUB', 'payment_amount': 0, 'extras_variants': [], 'extras': {'52690': {'id': 52690, 'number': 1, 'extra_bed_type_id': 0, 'age': [0, 6], 'extra_bed': 0, 'free': 1}}, 'rate_id': 20741, 'deals': [], 'cancellation_type': 'free', 'credit_card': 0, 'bonus': 380, 'miles': 456, 'min_stay': 1, 'platichastyami': 0, 'mircashback': 760}, {'id': '594734P', 'capacity': 1, 'prepayment': 'FULL', 'nonrefundable': 0, 'cancellation_period': 0, 'cancellation_fee': 'NO', 'breakfast': 0, 'base_price': 5200, 'prices': [5200], 'price': 5200, 'old_price': 5200, 'currency': 'RUB', 'payment_amount': 5200, 'extras_variants': [], 'extras': {'52690': {'id': 52690, 'number': 1, 'extra_bed_type_id': 0, 'age': [0, 6], 'extra_bed': 0, 'free': 1}}, 'rate_id': 20742, 'deals': [], 'cancellation_type': 'free', 'credit_card': 0, 'bonus': 260, 'miles': 312, 'min_stay': 1, 'platichastyami': 0, 'mircashback': 520}, {'id': '594725P', 'capacity': 1, 'prepayment': 'FULL', 'nonrefundable': 0, 'cancellation_period': 0, 'cancellation_fee': 'NO', 'breakfast': 6, 'base_price': 6200, 'prices': [6200], 'price': 6200, 'old_price': 6200, 'currency': 'RUB', 'payment_amount': 6200, 'extras_variants': [], 'extras': {'52690': {'id': 52690, 'number': 1, 'extra_bed_type_id': 0, 'age': [0, 6], 'extra_bed': 0, 'free': 1}}, 'rate_id': 20741, 'deals': [], 'cancellation_type': 'free', 'credit_card': 0, 'bonus': 310, 'miles': 372, 'min_stay': 1, 'platichastyami': 0, 'mircashback': 620}, {'id': '594735P', 'capacity': 2, 'prepayment': 'FULL', 'nonrefundable': 0, 'cancellation_period': 0, 'cancellation_fee': 'NO', 'breakfast': 0, 'base_price': 6000, 'prices': [6000], 'price': 6000, 'old_price': 6000, 'currency': 'RUB', 'payment_amount': 6000, 'extras_variants': [], 'extras': {'52690': {'id': 52690, 'number': 1, 'extra_bed_type_id': 0, 'age': [0, 6], 'extra_bed': 0, 'free': 1}}, 'rate_id': 20742, 'deals': [], 'cancellation_type': 'free', 'credit_card': 0, 'bonus': 300, 'miles': 360, 'min_stay': 1, 'platichastyami': 0, 'mircashback': 600}, {'id': '594726P', 'capacity': 2, 'prepayment': 'FULL', 'nonrefundable': 0, 'cancellation_period': 0, 'cancellation_fee': 'NO', 'breakfast': 6, 'base_price': 7600, 'prices': [7600], 'price': 7600, 'old_price': 7600, 'currency': 'RUB', 'payment_amount': 7600, 'extras_variants': [], 'extras': {'52690': {'id': 52690, 'number': 1, 'extra_bed_type_id': 0, 'age': [0, 6], 'extra_bed': 0, 'free': 1}}, 'rate_id': 20741, 'deals': [], 'cancellation_type': 'free', 'credit_card': 0, 'bonus': 380, 'miles': 456, 'min_stay': 1, 'platichastyami': 0, 'mircashback': 760}]",5200.0,312,421457_101hotels,2026-08-13
1336388,,Стандарт для людей с ограниченными возможностями,2,1,0,1,Двухместный,2,1,"[{'single': 2}, {'double': 1}]","[{'id': '52691', 'number': '1', 'min_age': '0', 'max_age': '6', 'is_extra_bed': '0', 'extra_bed_type_id': '0'}, {'id': '52692', 'number': '1', 'min_age': '0', 'max_age': '6', 'is_extra_bed': '1', 'extra_bed_type_id': '3'}]","[{'id': 594736, 'capacity': 1, 'prepayment': 'NO', 'nonrefundable': 0, 'cancellation_period': 0, 'cancellation_fee': 'NO', 'breakfast': 0, 'base_price': 6300, 'prices': [6300], 'price': 6300, 'old_price': 6300, 'currency': 'RUB', 'payment_amount': 0, 'extras_variants': [], 'extras': {'52691': {'id': 52691, 'number': 1, 'extra_bed_type_id': 0, 'age': [0, 6], 'extra_bed': 0, 'free': 1}, '52692': {'id': 52692, 'number': 1, 'extra_bed_type_id': 3, 'age': [0, 6], 'extra_bed': 1, 'free': 1}}, 'rate_id': 20742, 'deals': [], 'cancellation_type': 'free', 'credit_card': 0, 'bonus': 315, 'miles': 378, 'min_stay': 1, 'platichastyami': 0, 'mircashback': 630}, {'id': 594727, 'capacity': 1, 'prepayment': 'NO', 'nonrefundable': 0, 'cancellation_period': 0, 'cancellation_fee': 'NO', 'breakfast': 6, 'base_price': 7000, 'prices': [7000], 'price': 7000, 'old_price': 7000, 'currency': 'RUB', 'payment_amount': 0, 'extras_variants': [], 'extras': {'52691': {'id': 52691, 'number': 1, 'extra_bed_type_id': 0, 'age': [0, 6], 'extra_bed': 0, 'free': 1}, '52692': {'id': 52692, 'number': 1, 'extra_bed_type_id': 3, 'age': [0, 6], 'extra_bed': 1, 'free': 1}}, 'rate_id': 20741, 'deals': [], 'cancellation_type': 'free', 'credit_card': 0, 'bonus': 350, 'miles': 420, 'min_stay': 1, 'platichastyami': 0, 'mircashback': 700}, {'id': 594737, 'capacity': 2, 'prepayment': 'NO', 'nonrefundable': 0, 'cancellation_period': 0, 'cancellation_fee': 'NO', 'breakfast': 0, 'base_price': 7500, 'prices': [7500], 'price': 7500, 'old_price': 7500, 'currency': 'RUB', 'payment_amount': 0, 'extras_variants': [], 'extras': {'52691': {'id': 52691, 'number': 1, 'extra_bed_type_id': 0, 'age': [0, 6], 'extra_bed': 0, 'free': 1}, '52692': {'id': 52692, 'number': 1, 'extra_bed_type_id': 3, 'age': [0, 6], 'extra_bed': 1, 'free': 1}}, 'rate_id': 20742, 'deals': [], 'cancellation_type': 'free', 'credit_card': 0, 'bonus': 375, 'miles': 450, 'min_stay': 1, 'platichastyami': 0, 'mircashback': 750}, {'id': 594728, 'capacity': 2, 'prepayment': 'NO', 'nonrefundable': 0, 'cancellation_period': 0, 'cancellation_fee': 'NO', 'breakfast': 6, 'base_price': 8400, 'prices': [8400], 'price': 8400, 'old_price': 8400, 'currency': 'RUB', 'payment_amount': 0, 'extras_variants': [], 'extras': {'52691': {'id': 52691, 'number': 1, 'extra_bed_type_id': 0, 'age': [0, 6], 'extra_bed': 0, 'free': 1}, '52692': {'id': 52692, 'number': 1, 'extra_bed_type_id': 3, 'age': [0, 6], 'extra_bed': 1, 'free': 1}}, 'rate_id': 20741, 'deals': [], 'cancellation_type': 'free', 'credit_card': 0, 'bonus': 420, 'miles': 504, 'min_stay': 1, 'platichastyami': 0, 'mircashback': 840}, {'id': '594736P', 'capacity': 1, 'prepayment': 'FULL', 'nonrefundable': 0, 'cancellation_period': 0, 'cancellation_fee': 'NO', 'breakfast': 0, 'base_price': 6300, 'prices': [6300], 'price': 6300, 'old_price': 6300, 'currency': 'RUB', 'payment_amount': 6300, 'extras_variants': [], 'extras': {'52691': {'id': 52691, 'number': 1, 'extra_bed_type_id': 0, 'age': [0, 6], 'extra_bed': 0, 'free': 1}, '52692': {'id': 52692, 'number': 1, 'extra_bed_type_id': 3, 'age': [0, 6], 'extra_bed': 1, 'free': 1}}, 'rate_id': 20742, 'deals': [], 'cancellation_type': 'free', 'credit_card': 0, 'bonus': 315, 'miles': 378, 'min_stay': 1, 'platichastyami': 0, 'mircashback': 630}, {'id': '594727P', 'capacity': 1, 'prepayment': 'FULL', 'nonrefundable': 0, 'cancellation_period': 0, 'cancellation_fee': 'NO', 'breakfast': 6, 'base_price': 7000, 'prices': [7000], 'price': 7000, 'old_price': 7000, 'currency': 'RUB', 'payment_amount': 7000, 'extras_variants': [], 'extras': {'52691': {'id': 52691, 'number': 1, 'extra_bed_type_id': 0, 'age': [0, 6], 'extra_bed': 0, 'free': 1}, '52692': {'id': 52692, 'number': 1, 'extra_bed_type_id': 3, 'age': [0, 6], 'extra_bed': 1, 'free': 1}}, 'rate_id': 20741, 'deals': [], 'cancellation_type': 'free', 'credit_card': 0, 'bonus': 350, 'miles': 420, 'min_stay': 1, 'platichastyami': 0, 'mircashback': 700}, {'id': '594737P', 'capacity': 2, 'prepayment': 'FULL', 'nonrefundable': 0, 'cancellation_period': 0, 'cancellation_fee': 'NO', 'breakfast': 0, 'base_price': 7500, 'prices': [7500], 'price': 7500, 'old_price': 7500, 'currency': 'RUB', 'payment_amount': 7500, 'extras_variants': [], 'extras': {'52691': {'id': 52691, 'number': 1, 'extra_bed_type_id': 0, 'age': [0, 6], 'extra_bed': 0, 'free': 1}, '52692': {'id': 52692, 'number': 1, 'extra_bed_type_id': 3, 'age': [0, 6], 'extra_bed': 1, 'free': 1}}, 'rate_id': 20742, 'deals': [], 'cancellation_type': 'free', 'credit_card': 0, 'bonus': 375, 'miles': 450, 'min_stay': 1, 'platichastyami': 0, 'mircashback': 750}, {'id': '594728P', 'capacity': 2, 'prepayment': 'FULL', 'nonrefundable': 0, 'cancellation_period': 0, 'cancellation_fee': 'NO', 'breakfast': 6, 'base_price': 8400, 'prices': [8400], 'price': 8400, 'old_price': 8400, 'currency': 'RUB', 'payment_amount': 8400, 'extras_variants': [], 'extras': {'52691': {'id': 52691, 'number': 1, 'extra_bed_type_id': 0, 'age': [0, 6], 'extra_bed': 0, 'free': 1}, '52692': {'id': 52692, 'number': 1, 'extra_bed_type_id': 3, 'age': [0, 6], 'extra_bed': 1, 'free': 1}}, 'rate_id': 20741, 'deals': [], 'cancellation_type': 'free', 'credit_card': 0, 'bonus': 420, 'miles': 504, 'min_stay': 1, 'platichastyami': 0, 'mircashback': 840}]",6300.0,378,421457_101hotels,2026-08-13
1336395,,Полулюкс,2,1,0,1,Двухместный,2,5,"[{'single': 2}, {'double': 1}]","[{'id': '52695', 'number': '1', 'min_age': '0', 'max_age': '6', 'is_extra_bed': '1', 'extra_bed_type_id': '3'}, {'id': '52696', 'number': '1', 'min_age': '0', 'max_age': '6', 'is_extra_bed': '0', 'extra_bed_type_id': '0'}]","[{'id': 594738, 'capacity': 1, 'prepayment': 'NO', 'nonrefundable': 0, 'cancellation_period': 0, 'cancellation_fee': 'NO', 'breakfast': 0, 'base_price': 6300, 'prices': [6300], 'price': 6300, 'old_price': 6300, 'currency': 'RUB', 'payment_amount': 0, 'extras_variants': [], 'extras': {'52695': {'id': 52695, 'number': 1, 'extra_bed_type_id': 3, 'age': [0, 6], 'extra_bed': 1, 'free': 1}, '52696': {'id': 52696, 'number': 1, 'extra_bed_type_id': 0, 'age': [0, 6], 'extra_bed': 0, 'free': 1}}, 'rate_id': 20742, 'deals': [], 'cancellation_type': 'free', 'credit_card': 0, 'bonus': 315, 'miles': 378, 'min_stay': 1, 'platichastyami': 0, 'mircashback': 630}, {'id': 594729, 'capacity': 1, 'prepayment': 'NO', 'nonrefundable': 0, 'cancellation_period': 0, 'cancellation_fee': 'NO', 'breakfast': 6, 'base_price': 7000, 'prices': [7000], 'price': 7000, 'old_price': 7000, 'currency': 'RUB', 'payment_amount': 0, 'extras_variants': [], 'extras': {'52695': {'id': 52695, 'number': 1, 'extra_bed_type_id': 3, 'age': [0, 6], 'extra_bed': 1, 'free': 1}, '52696': {'id': 52696, 'number': 1, 'extra_bed_type_id': 0, 'age': [0, 6], 'extra_bed': 0, 'free': 1}}, 'rate_id': 20741, 'deals': [], 'cancellation_type': 'free', 'credit_card': 0, 'bonus': 350, 'miles': 420, 'min_stay': 1, 'platichastyami': 0, 'mircashback': 700}, {'id': 594739, 'capacity': 2, 'prepayment': 'NO', 'nonrefundable': 0, 'cancellation_period': 0, 'cancellation_fee': 'NO', 'breakfast': 0, 'base_price': 7500, 'prices': [7500], 'price': 7500, 'old_price': 7500, 'currency': 'RUB', 'payment_amount': 0, 'extras_variants': [], 'extras': {'52695': {'id': 52695, 'number': 1, 'extra_bed_type_id': 3, 'age': [0, 6], 'extra_bed': 1, 'free': 1}, '52696': {'id': 52696, 'number': 1, 'extra_bed_type_id': 0, 'age': [0, 6], 'extra_bed': 0, 'free': 1}}, 'rate_id': 20742, 'deals': [], 'cancellation_type': 'free', 'credit_card': 0, 'bonus': 375, 'miles': 450, 'min_stay': 1, 'platichastyami': 0, 'mircashback': 750}, {'id': 594730, 'capacity': 2, 'prepayment': 'NO', 'nonrefundable': 0, 'cancellation_period': 0, 'cancellation_fee': 'NO', 'breakfast': 6, 'base_price': 8400, 'prices': [8400], 'price': 8400, 'old_price': 8400, 'currency': 'RUB', 'payment_amount': 0, 'extras_variants': [], 'extras': {'52695': {'id': 52695, 'number': 1, 'extra_bed_type_id': 3, 'age': [0, 6], 'extra_bed': 1, 'free': 1}, '52696': {'id': 52696, 'number': 1, 'extra_bed_type_id': 0, 'age': [0, 6], 'extra_bed': 0, 'free': 1}}, 'rate_id': 20741, 'deals': [], 'cancellation_type': 'free', 'credit_card': 0, 'bonus': 420, 'miles': 504, 'min_stay': 1, 'platichastyami': 0, 'mircashback': 840}, {'id': '594738P', 'capacity': 1, 'prepayment': 'FULL', 'nonrefundable': 0, 'cancellation_period': 0, 'cancellation_fee': 'NO', 'breakfast': 0, 'base_price': 6300, 'prices': [6300], 'price': 6300, 'old_price': 6300, 'currency': 'RUB', 'payment_amount': 6300, 'extras_variants': [], 'extras': {'52695': {'id': 52695, 'number': 1, 'extra_bed_type_id': 3, 'age': [0, 6], 'extra_bed': 1, 'free': 1}, '52696': {'id': 52696, 'number': 1, 'extra_bed_type_id': 0, 'age': [0, 6], 'extra_bed': 0, 'free': 1}}, 'rate_id': 20742, 'deals': [], 'cancellation_type': 'free', 'credit_card': 0, 'bonus': 315, 'miles': 378, 'min_stay': 1, 'platichastyami': 0, 'mircashback': 630}, {'id': '594729P', 'capacity': 1, 'prepayment': 'FULL', 'nonrefundable': 0, 'cancellation_period': 0, 'cancellation_fee': 'NO', 'breakfast': 6, 'base_price': 7000, 'prices': [7000], 'price': 7000, 'old_price': 7000, 'currency': 'RUB', 'payment_amount': 7000, 'extras_variants': [], 'extras': {'52695': {'id': 52695, 'number': 1, 'extra_bed_type_id': 3, 'age': [0, 6], 'extra_bed': 1, 'free': 1}, '52696': {'id': 52696, 'number': 1, 'extra_bed_type_id': 0, 'age': [0, 6], 'extra_bed': 0, 'free': 1}}, 'rate_id': 20741, 'deals': [], 'cancellation_type': 'free', 'credit_card': 0, 'bonus': 350, 'miles': 420, 'min_stay': 1, 'platichastyami': 0, 'mircashback': 700}, {'id': '594739P', 'capacity': 2, 'prepayment': 'FULL', 'nonrefundable': 0, 'cancellation_period': 0, 'cancellation_fee': 'NO', 'breakfast': 0, 'base_price': 7500, 'prices': [7500], 'price': 7500, 'old_price': 7500, 'currency': 'RUB', 'payment_amount': 7500, 'extras_variants': [], 'extras': {'52695': {'id': 52695, 'number': 1, 'extra_bed_type_id': 3, 'age': [0, 6], 'extra_bed': 1, 'free': 1}, '52696': {'id': 52696, 'number': 1, 'extra_bed_type_id': 0, 'age': [0, 6], 'extra_bed': 0, 'free': 1}}, 'rate_id': 20742, 'deals': [], 'cancellation_type': 'free', 'credit_card': 0, 'bonus': 375, 'miles': 450, 'min_stay': 1, 'platichastyami': 0, 'mircashback': 750}, {'id': '594730P', 'capacity': 2, 'prepayment': 'FULL', 'nonrefundable': 0, 'cancellation_period': 0, 'cancellation_fee': 'NO', 'breakfast': 6, 'base_price': 8400, 'prices': [8400], 'price': 8400, 'old_price': 8400, 'currency': 'RUB', 'payment_amount': 8400, 'extras_variants': [], 'extras': {'52695': {'id': 52695, 'number': 1, 'extra_bed_type_id': 3, 'age': [0, 6], 'extra_bed': 1, 'free': 1}, '52696': {'id': 52696, 'number': 1, 'extra_bed_type_id': 0, 'age': [0, 6], 'extra_bed': 0, 'free': 1}}, 'rate_id': 20741, 'deals': [], 'cancellation_type': 'free', 'credit_card': 0, 'bonus': 420, 'miles': 504, 'min_stay': 1, 'platichastyami': 0, 'mircashback': 840}]",6300.0,378,421457_101hotels,2026-08-13
34486,,Стандарт,1,0,0,1,Одноместный,1,4,[{'single': 1}],[],"[{'id': 496273, 'capacity': 1, 'prepayment': 'FIRST', 'nonrefundable': 0, 'cancellation_period': 0, 'cancellation_fee': 'NO', 'breakfast': 0, 'base_price': 4440, 'prices': [4440], 'price': 4440, 'old_price': 0, 'currency': 'RUB', 'payment_amount': 4440, 'extras_variants': [], 'extras': [], 'rate_id': 14079, 'deals': [], 'cancellation_type': 'free', 'credit_card': 1, 'bonus': 222, 'miles': 264, 'min_stay': 1, 'platichastyami': 0, 'mircashback': 444}, {'id': 496265, 'capacity': 1, 'prepayment': 'FIRST', 'nonrefundable': 0, 'cancellation_period': 0, 'cancellation_fee': 'NO', 'breakfast': 1, 'base_price': 4920, 'prices': [4920], 'price': 4428, 'old_price': 0, 'currency': 'RUB', 'payment_amount': 4920, 'extras_variants': [], 'extras': [], 'rate_id': 14078, 'deals': ['LAST_MINUTE'], 'cancellation_type': 'free', 'credit_card': 1, 'bonus': 221, 'miles': 264, 'min_stay': 1, 'platichastyami': 0, 'mircashback': 443}]",4428.0,264,7178_101hotels,2026-08-13
34488,,Комфорт,2,0,0,1,Двухместный,2,3,"[{'single': 2}, {'double': 1}]","[{'id': '29389', 'number': '1', 'min_age': '0', 'max_age': '7', 'is_extra_bed': '0', 'extra_bed_type_id': '0'}]","[{'id': 496275, 'capacity': 1, 'prepayment': 'FIRST', 'nonrefundable': 0, 'cancellation_period': 0, 'cancellation_fee': 'NO', 'breakfast': 0, 'base_price': 5040, 'prices': [5040], 'price': 5040, 'old_price': 0, 'currency': 'RUB', 'payment_amount': 5040, 'extras_variants': [], 'extras': {'29389': {'id': 29389, 'number': 1, 'extra_bed_type_id': 0, 'age': [0, 7], 'extra_bed': 0, 'free': 1}}, 'rate_id': 14079, 'deals': [], 'cancellation_type': 'free', 'credit_card': 1, 'bonus': 252, 'miles': 300, 'min_stay': 1, 'platichastyami': 0, 'mircashback': 504}, {'id': 496267, 'capacity': 1, 'prepayment': 'FIRST', 'nonrefundable': 0, 'cancellation_period': 0, 'cancellation_fee': 'NO', 'breakfast': 1, 'base_price': 5520, 'prices': [5520], 'price': 4968, 'old_price': 0, 'currency': 'RUB', 'payment_amount': 5520, 'extras_variants': [], 'extras': {'29389': {'id': 29389, 'number': 1, 'extra_bed_type_id': 0, 'age': [0, 7], 'extra_bed': 0, 'free': 1}}, 'rate_id': 14078, 'deals': ['LAST_MINUTE'], 'cancellation_type': 'free', 'credit_card': 1, 'bonus': 248, 'miles': 297, 'min_stay': 1, 'platichastyami': 0, 'mircashback': 497}, {'id': 496276, 'capacity': 2, 'prepayment': 'FIRST', 'nonrefundable': 0, 'cancellation_period': 0, 'cancellation_fee': 'NO', 'breakfast': 0, 'base_price': 5280, 'prices': [5280], 'price': 5280, 'old_price': 0, 'currency': 'RUB', 'payment_amount': 5280, 'extras_variants': [], 'extras': {'29389': {'id': 29389, 'number': 1, 'extra_bed_type_id': 0, 'age': [0, 7], 'extra_bed': 0, 'free': 1}}, 'rate_id': 14079, 'deals': [], 'cancellation_type': 'free', 'credit_card': 1, 'bonus': 264, 'miles': 315, 'min_stay': 1, 'platichastyami': 0, 'mircashback': 528}, {'id': 496268, 'capacity': 2, 'prepayment': 'FIRST', 'nonrefundable': 0, 'cancellation_period': 0, 'cancellation_fee': 'NO', 'breakfast': 1, 'base_price': 6240, 'prices': [6240], 'price': 5616, 'old_price': 0, 'currency': 'RUB', 'payment_amount': 6240, 'extras_variants': [], 'extras': {'29389': {'id': 29389, 'number': 1, 'extra_bed_type_id': 0, 'age': [0, 7], 'extra_bed': 0, 'free': 1}}, 'rate_id': 14078, 'deals': ['LAST_MINUTE'], 'cancellation_type': 'free', 'credit_card': 1, 'bonus': 281, 'miles': 336, 'min_stay': 1, 'platichastyami': 0, 'mircashback': 562}]",4968.0,297,7178_101hotels,2026-08-13
34489,,Трёхместный,3,0,0,1,Полулюкс,4,1,"[{'single': 2}, {'double': 1}]","[{'id': '44941', 'number': '1', 'min_age': '0', 'max_age': '7', 'is_extra_bed': '0', 'extra_bed_type_id': '0'}]","[{'id': 496279, 'capacity': 1, 'prepayment': 'FIRST', 'nonrefundable': 0, 'cancellation_period': 0, 'cancellation_fee': 'NO', 'breakfast': 0, 'base_price': 5520, 'prices': [5520], 'price': 5520, 'old_price': 0, 'currency': 'RUB', 'payment_amount': 5520, 'extras_variants': [], 'extras': {'44941': {'id': 44941, 'number': 1, 'extra_bed_type_id': 0, 'age': [0, 7], 'extra_bed': 0, 'free': 1}}, 'rate_id': 14079, 'deals': [], 'cancellation_type': 'free', 'credit_card': 1, 'bonus': 276, 'miles': 330, 'min_stay': 1, 'platichastyami': 0, 'mircashback': 552}, {'id': 496271, 'capacity': 1, 'prepayment': 'FIRST', 'nonrefundable': 0, 'cancellation_period': 0, 'cancellation_fee': 'NO', 'breakfast': 1, 'base_price': 6000, 'prices': [6000], 'price': 5400, 'old_price': 0, 'currency': 'RUB', 'payment_amount': 6000, 'extras_variants': [], 'extras': {'44941': {'id': 44941, 'number': 1, 'extra_bed_type_id': 0, 'age': [0, 7], 'extra_bed': 0, 'free': 1}}, 'rate_id': 14078, 'deals': ['LAST_MINUTE'], 'cancellation_type': 'free', 'credit_card': 1, 'bonus': 270, 'miles': 324, 'min_stay': 1, 'platichastyami': 0, 'mircashback': 540}, {'id': 496280, 'capacity': 2, 'prepayment': 'FIRST', 'nonrefundable': 0, 'cancellation_period': 0, 'cancellation_fee': 'NO', 'breakfast': 0, 'base_price': 5880, 'prices': [5880], 'price': 5880, 'old_price': 0, 'currency': 'RUB', 'payment_amount': 5880, 'extras_variants': [], 'extras': {'44941': {'id': 44941, 'number': 1, 'extra_bed_type_id': 0, 'age': [0, 7], 'extra_bed': 0, 'free': 1}}, 'rate_id': 14079, 'deals': [], 'cancellation_type': 'free', 'credit_card': 1, 'bonus': 294, 'miles': 351, 'min_stay': 1, 'platichastyami': 0, 'mircashback': 588}, {'id': 496272, 'capacity': 2, 'prepayment': 'FIRST', 'nonrefundable': 0, 'cancellation_period': 0, 'cancellation_fee': 'NO', 'breakfast': 1, 'base_price': 6840, 'prices': [6840], 'price': 6156, 'old_price': 0, 'currency': 'RUB', 'payment_amount': 6840, 'extras_variants': [], 'extras': {'44941': {'id': 44941, 'number': 1, 'extra_bed_type_id': 0, 'age': [0, 7], 'extra_bed': 0, 'free': 1}}, 'rate_id': 14078, 'deals': ['LAST_MINUTE'], 'cancellation_type': 'free', 'credit_card': 1, 'bonus': 308, 'miles': 369, 'min_stay': 1, 'platichastyami': 0, 'mircashback': 616}, {'id': 1194106, 'capacity': 3, 'prepayment': 'FIRST', 'nonrefundable': 0, 'cancellation_period': 0, 'cancellation_fee': 'NO', 'breakfast': 0, 'base_price': 7320, 'prices': [7320], 'price': 7320, 'old_price': 0, 'currency': 'RUB', 'payment_amount': 7320, 'extras_variants': [], 'extras': {'44941': {'id': 44941, 'number': 1, 'extra_bed_type_id': 0, 'age': [0, 7], 'extra_bed': 0, 'free': 1}}, 'rate_id': 14079, 'deals': [], 'cancellation_type': 'free', 'credit_card': 1, 'bonus': 366, 'miles': 438, 'min_stay': 1, 'platichastyami': 0, 'mircashback': 732}, {'id': 1194105, 'capacity': 3, 'prepayment': 'FIRST', 'nonrefundable': 0, 'cancellation_period': 0, 'cancellation_fee': 'NO', 'breakfast': 1, 'base_price': 8760, 'prices': [8760], 'price': 8760, 'old_price': 0, 'currency': 'RUB', 'payment_amount': 8760, 'extras_variants': [], 'extras': {'44941': {'id': 44941, 'number': 1, 'extra_bed_type_id': 0, 'age': [0, 7], 'extra_bed': 0, 'free': 1}}, 'rate_id': 14078, 'deals': [], 'cancellation_type': 'free', 'credit_card': 1, 'bonus': 438, 'miles': 525, 'min_stay': 1, 'platichastyami': 0, 'mircashback': 876}]",5400.0,324,7178_101hotels,2026-08-13
128227,,Стандарт,2,0,0,1,Двухместный,2,1,"[{'single': 2}, {'double': 1}]","[{'id': '29390', 'number': '1', 'min_age': '0', 'max_age': '7', 'is_extra_bed': '0', 'extra_bed_type_id': '0'}]","[{'id': 496277, 'capacity': 1, 'prepayment': 'FIRST', 'nonrefundable': 0, 'cancellation_period': 0, 'cancellation_fee': 'NO', 'breakfast': 0, 'base_price': 4500, 'prices': [4500], 'price': 4500, 'old_price': 0, 'currency': 'RUB', 'payment_amount': 4500, 'extras_variants': [], 'extras': {'29390': {'id': 29390, 'number': 1, 'extra_bed_type_id': 0, 'age': [0, 7], 'extra_bed': 0, 'free': 1}}, 'rate_id': 14079, 'deals': [], 'cancellation_type': 'free', 'credit_card': 1, 'bonus': 225, 'miles': 270, 'min_stay': 1, 'platichastyami': 0, 'mircashback': 450}, {'id': 496269, 'capacity': 1, 'prepayment': 'FIRST', 'nonrefundable': 0, 'cancellation_period': 0, 'cancellation_fee': 'NO', 'breakfast': 1, 'base_price': 4980, 'prices': [4980], 'price': 4482, 'old_price': 0, 'currency': 'RUB', 'payment_amount': 4980, 'extras_variants': [], 'extras': {'29390': {'id': 29390, 'number': 1, 'extra_bed_type_id': 0, 'age': [0, 7], 'extra_bed': 0, 'free': 1}}, 'rate_id': 14078, 'deals': ['LAST_MINUTE'], 'cancellation_type': 'free', 'credit_card': 1, 'bonus': 224, 'miles': 267, 'min_stay': 1, 'platichastyami': 0, 'mircashback': 448}, {'id': 496278, 'capacity': 2, 'prepayment': 'FIRST', 'nonrefundable': 0, 'cancellation_period': 0, 'cancellation_fee': 'NO', 'breakfast': 0, 'base_price': 4740, 'prices': [4740], 'price': 4740, 'old_price': 0, 'currency': 'RUB', 'payment_amount': 4740, 'extras_variants': [], 'extras': {'29390': {'id': 29390, 'number': 1, 'extra_bed_type_id': 0, 'age': [0, 7], 'extra_bed': 0, 'free': 1}}, 'rate_id': 14079, 'deals': [], 'cancellation_type': 'free', 'credit_card': 1, 'bonus': 237, 'miles': 282, 'min_stay': 1, 'platichastyami': 0, 'mircashback': 474}, {'id': 496270, 'capacity': 2, 'prepayment': 'FIRST', 'nonrefundable': 0, 'cancellation_period': 0, 'cancellation_fee': 'NO', 'breakfast': 1, 'base_price': 5700, 'prices': [5700], 'price': 5130, 'old_price': 0, 'currency': 'RUB', 'payment_amount': 5700, 'extras_variants': [], 'extras': {'29390': {'id': 29390, 'number': 1, 'extra_bed_type_id': 0, 'age': [0, 7], 'extra_bed': 0, 'free': 1}}, 'rate_id': 14078, 'deals': ['LAST_MINUTE'], 'cancellation_type': 'free', 'credit_card': 1, 'bonus': 257, 'miles': 306, 'min_stay': 1, 'platichastyami': 0, 'mircashback': 513}]",4482.0,267,7178_101hotels,2026-08-13
286825,,Комфорт,1,0,0,1,Одноместный,1,1,[{'single': 1}],[],"[{'id': 496274, 'capacity': 1, 'prepayment': 'FIRST', 'nonrefundable': 0, 'cancellation_period': 0, 'cancellation_fee': 'NO', 'breakfast': 0, 'base_price': 4560, 'prices': [4560], 'price': 4560, 'old_price': 0, 'currency': 'RUB', 'payment_amount': 4560, 'extras_variants': [], 'extras': [], 'rate_id': 14079, 'deals': [], 'cancellation_type': 'free', 'credit_card': 1, 'bonus': 228, 'miles': 273, 'min_stay': 1, 'platichastyami': 0, 'mircashback': 456}, {'id': 496266, 'capacity': 1, 'prepayment': 'FIRST', 'nonrefundable': 0, 'cancellation_period': 0, 'cancellation_fee': 'NO', 'breakfast': 1, 'base_price': 5040, 'prices': [5040], 'price': 4536, 'old_price': 0, 'currency': 'RUB', 'payment_amount': 5040, 'extras_variants': [], 'extras': [], 'rate_id': 14078, 'deals': ['LAST_MINUTE'], 'cancellation_type': 'free', 'credit_card': 1, 'bonus': 227, 'miles': 270, 'min_stay': 1, 'platichastyami': 0, 'mircashback': 454}]",4536.0,270,7178_101hotels,2026-08-13
2302230,,Реновация 2025 на 4 этаже,3,0,0,1,Полулюкс,4,1,"[{'single': 2}, {'double': 1}]","[{'id': '44942', 'number': '1', 'min_age': '0', 'max_age': '7', 'is_extra_bed': '0', 'extra_bed_type_id': '0'}]","[{'id': 1057033, 'capacity': 1, 'prepayment': 'FIRST', 'nonrefundable': 0, 'cancellation_period': 0, 'cancellation_fee': 'NO', 'breakfast': 0, 'base_price': 6000, 'prices': [6000], 'price': 6000, 'old_price': 0, 'currency': 'RUB', 'payment_amount': 6000, 'extras_variants': [], 'extras': {'44942': {'id': 44942, 'number': 1, 'extra_bed_type_id': 0, 'age': [0, 7], 'extra_bed': 0, 'free': 1}}, 'rate_id': 14079, 'deals': [], 'cancellation_type': 'free', 'credit_card': 1, 'bonus': 300, 'miles': 360, 'min_stay': 1, 'platichastyami': 0, 'mircashback': 600}, {'id': 1057035, 'capacity': 1, 'prepayment': 'FIRST', 'nonrefundable': 0, 'cancellation_period': 0, 'cancellation_fee': 'NO', 'breakfast': 1, 'base_price': 6480, 'prices': [6480], 'price': 5832, 'old_price': 0, 'currency': 'RUB', 'payment_amount': 6480, 'extras_variants': [], 'extras': {'44942': {'id': 44942, 'number': 1, 'extra_bed_type_id': 0, 'age': [0, 7], 'extra_bed': 0, 'free': 1}}, 'rate_id': 14078, 'deals': ['LAST_MINUTE'], 'cancellation_type': 'free', 'credit_card': 1, 'bonus': 292, 'miles': 348, 'min_stay': 1, 'platichastyami': 0, 'mircashback': 583}, {'id': 1057034, 'capacity': 2, 'prepayment': 'FIRST', 'nonrefundable': 0, 'cancellation_period': 0, 'cancellation_fee': 'NO', 'breakfast': 0, 'base_price': 6240, 'prices': [6240], 'price': 6240, 'old_price': 0, 'currency': 'RUB', 'payment_amount': 6240, 'extras_variants': [], 'extras': {'44942': {'id': 44942, 'number': 1, 'extra_bed_type_id': 0, 'age': [0, 7], 'extra_bed': 0, 'free': 1}}, 'rate_id': 14079, 'deals': [], 'cancellation_type': 'free', 'credit_card': 1, 'bonus': 312, 'miles': 372, 'min_stay': 1, 'platichastyami': 0, 'mircashback': 624}, {'id': 1057036, 'capacity': 2, 'prepayment': 'FIRST', 'nonrefundable': 0, 'cancellation_period': 0, 'cancellation_fee': 'NO', 'breakfast': 1, 'base_price': 7200, 'prices': [7200], 'price': 6480, 'old_price': 0, 'currency': 'RUB', 'payment_amount': 7200, 'extras_variants': [], 'extras': {'44942': {'id': 44942, 'number': 1, 'extra_bed_type_id': 0, 'age': [0, 7], 'extra_bed': 0, 'free': 1}}, 'rate_id': 14078, 'deals': ['LAST_MINUTE'], 'cancellation_type': 'free', 'credit_card': 1, 'bonus': 324, 'miles': 387, 'min_stay': 1, 'platichastyami': 0, 'mircashback': 648}, {'id': 1194109, 'capacity': 3, 'prepayment': 'FIRST', 'nonrefundable': 0, 'cancellation_period': 0, 'cancellation_fee': 'NO', 'breakfast': 0, 'base_price': 7680, 'prices': [7680], 'price': 7680, 'old_price': 0, 'currency': 'RUB', 'payment_amount': 7680, 'extras_variants': [], 'extras': {'44942': {'id': 44942, 'number': 1, 'extra_bed_type_id': 0, 'age': [0, 7], 'extra_bed': 0, 'free': 1}}, 'rate_id': 14079, 'deals': [], 'cancellation_type': 'free', 'credit_card': 1, 'bonus': 384, 'miles': 459, 'min_stay': 1, 'platichastyami': 0, 'mircashback': 768}, {'id': 1194108, 'capacity': 3, 'prepayment': 'FIRST', 'nonrefundable': 0, 'cancellation_period': 0, 'cancellation_fee': 'NO', 'breakfast': 1, 'base_price': 9120, 'prices': [9120], 'price': 9120, 'old_price': 0, 'currency': 'RUB', 'payment_amount': 9120, 'extras_variants': [], 'extras': {'44942': {'id': 44942, 'number': 1, 'extra_bed_type_id': 0, 'age': [0, 7], 'extra_bed': 0, 'free': 1}}, 'rate_id': 14078, 'deals': [], 'cancellation_type': 'free', 'credit_card': 1, 'bonus': 456, 'miles': 546, 'min_stay': 1, 'platichastyami': 0, 'mircashback': 912}]",5832.0,348,7178_101hotels,2026-08-13
2317080,,Двухместный,2,0,0,1,Полулюкс,4,1,"[{'single': 2}, {'double': 1}]","[{'id': '44919', 'number': '1', 'min_age': '0', 'max_age': '7', 'is_extra_bed': '0', 'extra_bed_type_id': '0'}]","[{'id': 1194044, 'capacity': 1, 'prepayment': 'FIRST', 'nonrefundable': 0, 'cancellation_period': 0, 'cancellation_fee': 'NO', 'breakfast': 1, 'base_price': 5880, 'prices': [5880], 'price': 5880, 'old_price': 0, 'currency': 'RUB', 'payment_amount': 5880, 'extras_variants': [], 'extras': {'44919': {'id': 44919, 'number': 1, 'extra_bed_type_id': 0, 'age': [0, 7], 'extra_bed': 0, 'free': 1}}, 'rate_id': 14078, 'deals': [], 'cancellation_type': 'free', 'credit_card': 1, 'bonus': 294, 'miles': 351, 'min_stay': 1, 'platichastyami': 0, 'mircashback': 588}, {'id': 1194045, 'capacity': 2, 'prepayment': 'FIRST', 'nonrefundable': 0, 'cancellation_period': 0, 'cancellation_fee': 'NO', 'breakfast': 1, 'base_price': 6600, 'prices': [6600], 'price': 6600, 'old_price': 0, 'currency': 'RUB', 'payment_amount': 6600, 'extras_variants': [], 'extras': {'44919': {'id': 44919, 'number': 1, 'extra_bed_type_id': 0, 'age': [0, 7], 'extra_bed': 0, 'free': 1}}, 'rate_id': 14078, 'deals': [], 'cancellation_type': 'free', 'credit_card': 1, 'bonus': 330, 'miles': 396, 'min_stay': 1, 'platichastyami': 0, 'mircashback': 660}]",5880.0,351,7178_101hotels,2026-08-13
2275530,,Капсульная кровать  в женском номере,6,1,1,0,Шестиместный,36,5,[{'2-tier': 1}],[],"[{'id': 799707, 'capacity': 1, 'prepayment': 'FIRST', 'nonrefundable': 1, 'cancellation_period': 0, 'cancellation_fee': 'FIRST', 'breakfast': 0, 'base_price': 1300, 'prices': [1300], 'price': 1105, 'old_price': 1300, 'currency': 'RUB', 'payment_amount': 1300, 'extras_variants': [], 'extras': [], 'rate_id': 36336, 'deals': ['LAST_MINUTE'], 'cancellation_type': 'nonrefundable', 'credit_card': 1, 'bonus': 55, 'miles': 66, 'min_stay': 1, 'platichastyami': 0, 'mircashback': 111}]",1105.0,66,666722_101hotels,2026-08-13
2275533,,Капсульная кровать в мужском номере,8,1,1,0,Восьмиместный,38,4,[{'single': 1}],"[{'id': '24092', 'number': '1', 'min_age': '0', 'max_age': '7', 'is_extra_bed': '0', 'extra_bed_type_id': '0'}]","[{'id': 1074873, 'capacity': 1, 'prepayment': 'FIRST', 'nonrefundable': 1, 'cancellation_period': 0, 'cancellation_fee': 'FIRST', 'breakfast': 0, 'base_price': 1300, 'prices': [1300], 'price': 1105, 'old_price': 1300, 'currency': 'RUB', 'payment_amount': 1300, 'extras_variants': [], 'extras': {'24092': {'id': 24092, 'number': 1, 'extra_bed_type_id': 0, 'age': [0, 7], 'extra_bed': 0, 'free': 1}}, 'rate_id': 36336, 'deals': ['LAST_MINUTE'], 'cancellation_type': 'nonrefundable', 'credit_card': 1, 'bonus': 55, 'miles': 66, 'min_stay': 1, 'platichastyami': 0, 'mircashback': 111}]",1105.0,66,666722_101hotels,2026-08-13
2275538,,Общий женский номер,16,0,1,0,Шестнадцатиместный,46,16,[{'2-tier': 1}],[],"[{'id': 1074874, 'capacity': 1, 'prepayment': 'FIRST', 'nonrefundable': 1, 'cancellation_period': 0, 'cancellation_fee': 'FIRST', 'breakfast': 0, 'base_price': 1100, 'prices': [1100], 'price': 935, 'old_price': 1100, 'currency': 'RUB', 'payment_amount': 1100, 'extras_variants': [], 'extras': [], 'rate_id': 36336, 'deals': ['LAST_MINUTE'], 'cancellation_type': 'nonrefundable', 'credit_card': 1, 'bonus': 47, 'miles': 54, 'min_stay': 1, 'platichastyami': 0, 'mircashback': 94}]",935.0,54,666722_101hotels,2026-08-13
2275539,,Общий мужской   номер,14,0,1,0,Четырнадцатиместный,43,14,[{'2-tier': 1}],[],"[{'id': 1074875, 'capacity': 1, 'prepayment': 'FIRST', 'nonrefundable': 1, 'cancellation_period': 0, 'cancellation_fee': 'FIRST', 'breakfast': 0, 'base_price': 1100, 'prices': [1100], 'price': 935, 'old_price': 1100, 'currency': 'RUB', 'payment_amount': 1100, 'extras_variants': [], 'extras': [], 'rate_id': 36336, 'deals': ['LAST_MINUTE'], 'cancellation_type': 'nonrefundable', 'credit_card': 1, 'bonus': 47, 'miles': 54, 'min_stay': 1, 'platichastyami': 0, 'mircashback': 94}]",935.0,54,666722_101hotels,2026-08-13
2254105,,Койко-место в общем экономе,4,0,1,0,Четырехместный,34,3,[{'single': 1}],[],"[{'id': 635987, 'capacity': 1, 'prepayment': 'FULL', 'nonrefundable': 1, 'cancellation_period': 0, 'cancellation_fee': 'FIRST', 'breakfast': 0, 'base_price': 2020, 'prices': [2020], 'price': 2020, 'old_price': 2020, 'currency': 'RUB', 'payment_amount': 2020, 'extras_variants': [], 'extras': [], 'rate_id': 23703, 'deals': [], 'cancellation_type': 'nonrefundable', 'credit_card': 1, 'bonus': 101, 'miles': 120, 'min_stay': 1, 'platichastyami': 0, 'mircashback': 202}]",2020.0,120,658692_101hotels,2026-08-13
83988,,,2,1,0,1,Студио,5,1,"[{'double': 1}, {'single': 1, 'double': 1}]",[],"[{'id': 251131, 'capacity': 1, 'prepayment': 'NO', 'nonrefundable': 0, 'cancellation_period': 0, 'cancellation_fee': 'NO', 'breakfast': 1, 'base_price': 6500, 'prices': [6500], 'price': 6500, 'old_price': 0, 'currency': 'RUB', 'payment_amount': 0, 'extras_variants': [], 'extras': [], 'rate_id': 246, 'deals': [], 'cancellation_type': 'free', 'credit_card': 0, 'bonus': 325, 'miles': 390, 'min_stay': 1, 'platichastyami': 0, 'mircashback': 650}, {'id': 251132, 'capacity': 2, 'prepayment': 'NO', 'nonrefundable': 0, 'cancellation_period': 0, 'cancellation_fee': 'NO', 'breakfast': 1, 'base_price': 6900, 'prices': [6900], 'price': 6900, 'old_price': 0, 'currency': 'RUB', 'payment_amount': 0, 'extras_variants': [], 'extras': [], 'rate_id': 246, 'deals': [], 'cancellation_type': 'free', 'credit_card': 0, 'bonus': 345, 'miles': 414, 'min_stay': 1, 'platichastyami': 0, 'mircashback': 690}]",6500.0,390,17090_101hotels,2026-08-13
74029,,Стандарт Double,2,0,0,1,Двухместный,2,8,[{'double': 1}],[],"[{'id': 742129, 'capacity': 1, 'prepayment': 'NO', 'nonrefundable': 0, 'cancellation_period': 0, 'cancellation_fee': 'NO', 'breakfast': 0, 'base_price': 3750, 'prices': [3750], 'price': 3750, 'old_price': 0, 'currency': 'RUB', 'payment_amount': 0, 'extras_variants': [], 'extras': [], 'rate_id': 31838, 'deals': [], 'cancellation_type': 'free', 'credit_card': 0, 'bonus': 188, 'miles': 225, 'min_stay': 1, 'platichastyami': 0, 'mircashback': 375}, {'id': 742130, 'capacity': 2, 'prepayment': 'NO', 'nonrefundable': 0, 'cancellation_period': 0, 'cancellation_fee': 'NO', 'breakfast': 0, 'base_price': 3950, 'prices': [3950], 'price': 3950, 'old_price': 0, 'currency': 'RUB', 'payment_amount': 0, 'extras_variants': [], 'extras': [], 'rate_id': 31838, 'deals': [], 'cancellation_type': 'free', 'credit_card': 0, 'bonus': 198, 'miles': 237, 'min_stay': 1, 'platichastyami': 0, 'mircashback': 395}]",3750.0,225,14079_101hotels,2026-08-13
74030,,Стандарт Twin,2,0,0,1,Двухместный,2,5,[{'single': 2}],[],"[{'id': 742131, 'capacity': 1, 'prepayment': 'NO', 'nonrefundable': 0, 'cancellation_period': 0, 'cancellation_fee': 'NO', 'breakfast': 0, 'base_price': 3750, 'prices': [3750], 'price': 3750, 'old_price': 0, 'currency': 'RUB', 'payment_amount': 0, 'extras_variants': [], 'extras': [], 'rate_id': 31838, 'deals': [], 'cancellation_type': 'free', 'credit_card': 0, 'bonus': 188, 'miles': 225, 'min_stay': 1, 'platichastyami': 0, 'mircashback': 375}, {'id': 742132, 'capacity': 2, 'prepayment': 'NO', 'nonrefundable': 0, 'cancellation_period': 0, 'cancellation_fee': 'NO', 'breakfast': 0, 'base_price': 3950, 'prices': [3950], 'price': 3950, 'old_price': 0, 'currency': 'RUB', 'payment_amount': 0, 'extras_variants': [], 'extras': [], 'rate_id': 31838, 'deals': [], 'cancellation_type': 'free', 'credit_card': 0, 'bonus': 198, 'miles': 237, 'min_stay': 1, 'platichastyami': 0, 'mircashback': 395}]",3750.0,225,14079_101hotels,2026-08-13
74031,,,3,1,0,1,Семейный,44,2,"[{'double': 1, 'sofa': 1}]",[],"[{'id': 742137, 'capacity': 1, 'prepayment': 'NO', 'nonrefundable': 0, 'cancellation_period': 0, 'cancellation_fee': 'NO', 'breakfast': 0, 'base_price': 5050, 'prices': [5050], 'price': 5050, 'old_price': 0, 'currency': 'RUB', 'payment_amount': 0, 'extras_variants': [], 'extras': [], 'rate_id': 31838, 'deals': [], 'cancellation_type': 'free', 'credit_card': 0, 'bonus': 253, 'miles': 303, 'min_stay': 1, 'platichastyami': 0, 'mircashback': 505}, {'id': 742138, 'capacity': 2, 'prepayment': 'NO', 'nonrefundable': 0, 'cancellation_period': 0, 'cancellation_fee': 'NO', 'breakfast': 0, 'base_price': 5050, 'prices': [5050], 'price': 5050, 'old_price': 0, 'currency': 'RUB', 'payment_amount': 0, 'extras_variants': [], 'extras': [], 'rate_id': 31838, 'deals': [], 'cancellation_type': 'free', 'credit_card': 0, 'bonus': 253, 'miles': 303, 'min_stay': 1, 'platichastyami': 0, 'mircashback': 505}, {'id': 742139, 'capacity': 3, 'prepayment': 'NO', 'nonrefundable': 0, 'cancellation_period': 0, 'cancellation_fee': 'NO', 'breakfast': 0, 'base_price': 5050, 'prices': [5050], 'price': 5050, 'old_price': 0, 'currency': 'RUB', 'payment_amount': 0, 'extras_variants': [], 'extras': [], 'rate_id': 31838, 'deals': [], 'cancellation_type': 'free', 'credit_card': 0, 'bonus': 253, 'miles': 303, 'min_stay': 1, 'platichastyami': 0, 'mircashback': 505}]",5050.0,303,14079_101hotels,2026-08-13
74032,,,2,0,0,1,Люкс,6,1,[{'double': 1}],[],"[{'id': 742135, 'capacity': 1, 'prepayment': 'NO', 'nonrefundable': 0, 'cancellation_period': 0, 'cancellation_fee': 'NO', 'breakfast': 0, 'base_price': 6050, 'prices': [6050], 'price': 6050, 'old_price': 0, 'currency': 'RUB', 'payment_amount': 0, 'extras_variants': [], 'extras': [], 'rate_id': 31838, 'deals': [], 'cancellation_type': 'free', 'credit_card': 0, 'bonus': 303, 'miles': 363, 'min_stay': 1, 'platichastyami': 0, 'mircashback': 605}, {'id': 742136, 'capacity': 2, 'prepayment': 'NO', 'nonrefundable': 0, 'cancellation_period': 0, 'cancellation_fee': 'NO', 'breakfast': 0, 'base_price': 6050, 'prices': [6050], 'price': 6050, 'old_price': 0, 'currency': 'RUB', 'payment_amount': 0, 'extras_variants': [], 'extras': [], 'rate_id': 31838, 'deals': [], 'cancellation_type': 'free', 'credit_card': 0, 'bonus': 303, 'miles': 363, 'min_stay': 1, 'platichastyami': 0, 'mircashback': 605}]",6050.0,363,14079_101hotels,2026-08-13
2224104,,на 4-х,4,1,0,0,Семейный,44,3,"[{'double': 1, '2-tier': 1}]",[],"[{'id': 346385, 'capacity': 1, 'prepayment': 'NO', 'nonrefundable': 0, 'cancellation_period': 0, 'cancellation_fee': 'NO', 'breakfast': 0, 'base_price': 4500, 'prices': [4500], 'price': 4500, 'old_price': 4500, 'currency': 'RUB', 'payment_amount': 0, 'extras_variants': [], 'extras': [], 'rate_id': 4588, 'deals': [], 'cancellation_type': 'free', 'credit_card': 0, 'bonus': 225, 'miles': 270, 'min_stay': 1, 'platichastyami': 0, 'mircashback': 450}, {'id': 346386, 'capacity': 2, 'prepayment': 'NO', 'nonrefundable': 0, 'cancellation_period': 0, 'cancellation_fee': 'NO', 'breakfast': 0, 'base_price': 4500, 'prices': [4500], 'price': 4500, 'old_price': 4500, 'currency': 'RUB', 'payment_amount': 0, 'extras_variants': [], 'extras': [], 'rate_id': 4588, 'deals': [], 'cancellation_type': 'free', 'credit_card': 0, 'bonus': 225, 'miles': 270, 'min_stay': 1, 'platichastyami': 0, 'mircashback': 450}, {'id': 346387, 'capacity': 3, 'prepayment': 'NO', 'nonrefundable': 0, 'cancellation_period': 0, 'cancellation_fee': 'NO', 'breakfast': 0, 'base_price': 5000, 'prices': [5000], 'price': 5000, 'old_price': 5000, 'currency': 'RUB', 'payment_amount': 0, 'extras_variants': [], 'extras': [], 'rate_id': 4588, 'deals': [], 'cancellation_type': 'free', 'credit_card': 0, 'bonus': 250, 'miles': 300, 'min_stay': 1, 'platichastyami': 0, 'mircashback': 500}, {'id': 346388, 'capacity': 4, 'prepayment': 'NO', 'nonrefundable': 0, 'cancellation_period': 0, 'cancellation_fee': 'NO', 'breakfast': 0, 'base_price': 6500, 'prices': [6500], 'price': 6500, 'old_price': 6500, 'currency': 'RUB', 'payment_amount': 0, 'extras_variants': [], 'extras': [], 'rate_id': 4588, 'deals': [], 'cancellation_type': 'free', 'credit_card': 0, 'bonus': 325, 'miles': 390, 'min_stay': 1, 'platichastyami': 0, 'mircashback': 650}]",4500.0,270,651714_101hotels,2026-08-13
2224112,,Двухместный улучшенный номер,2,0,0,1,Полулюкс,4,1,[{'double': 1}],[],"[{'id': 346389, 'capacity': 1, 'prepayment': 'NO', 'nonrefundable': 0, 'cancellation_period': 0, 'cancellation_fee': 'NO', 'breakfast': 0, 'base_price': 4000, 'prices': [4000], 'price': 4000, 'old_price': 4000, 'currency': 'RUB', 'payment_amount': 0, 'extras_variants': [], 'extras': [], 'rate_id': 4588, 'deals': [], 'cancellation_type': 'free', 'credit_card': 0, 'bonus': 200, 'miles': 240, 'min_stay': 1, 'platichastyami': 0, 'mircashback': 400}, {'id': 346390, 'capacity': 2, 'prepayment': 'NO', 'nonrefundable': 0, 'cancellation_period': 0, 'cancellation_fee': 'NO', 'breakfast': 0, 'base_price': 4500, 'prices': [4500], 'price': 4500, 'old_price': 4500, 'currency': 'RUB', 'payment_amount': 0, 'extras_variants': [], 'extras': [], 'rate_id': 4588, 'deals': [], 'cancellation_type': 'free', 'credit_card': 0, 'bonus': 225, 'miles': 270, 'min_stay': 1, 'platichastyami': 0, 'mircashback': 450}]",4000.0,240,651714_101hotels,2026-08-13
2224116,,,2,0,0,0,Двухместный,2,4,[{'2-tier': 2}],[],"[{'id': 346391, 'capacity': 1, 'prepayment': 'NO', 'nonrefundable': 0, 'cancellation_period': 0, 'cancellation_fee': 'NO', 'breakfast': 0, 'base_price': 3000, 'prices': [3000], 'price': 3000, 'old_price': 3000, 'currency': 'RUB', 'payment_amount': 0, 'extras_variants': [], 'extras': [], 'rate_id': 4588, 'deals': [], 'cancellation_type': 'free', 'credit_card': 0, 'bonus': 150, 'miles': 180, 'min_stay': 1, 'platichastyami': 0, 'mircashback': 300}, {'id': 346392, 'capacity': 2, 'prepayment': 'NO', 'nonrefundable': 0, 'cancellation_period': 0, 'cancellation_fee': 'NO', 'breakfast': 0, 'base_price': 3500, 'prices': [3500], 'price': 3500, 'old_price': 3500, 'currency': 'RUB', 'payment_amount': 0, 'extras_variants': [], 'extras': [], 'rate_id': 4588, 'deals': [], 'cancellation_type': 'free', 'credit_card': 0, 'bonus': 175, 'miles': 210, 'min_stay': 1, 'platichastyami': 0, 'mircashback': 350}]",3000.0,180,651714_101hotels,2026-08-13
2224117,,Койко-место в номере эконом класса,4,0,1,0,Четырехместный,34,8,[{'2-tier': 1}],[],"[{'id': 347794, 'capacity': 1, 'prepayment': 'NO', 'nonrefundable': 0, 'cancellation_period': 0, 'cancellation_fee': 'NO', 'breakfast': 0, 'base_price': 1500, 'prices': [1500], 'price': 1500, 'old_price': 1500, 'currency': 'RUB', 'payment_amount': 0, 'extras_variants': [], 'extras': [], 'rate_id': 4588, 'deals': [], 'cancellation_type': 'free', 'credit_card': 0, 'bonus': 75, 'miles': 90, 'min_stay': 1, 'platichastyami': 0, 'mircashback': 150}]",1500.0,90,651714_101hotels,2026-08-13
72017,,Twin (вторая категория),2,0,0,1,Двухместный,2,10,[{'single': 2}],[],"[{'id': 560367, 'capacity': 1, 'prepayment': 'NO', 'nonrefundable': 0, 'cancellation_period': 0, 'cancellation_fee': 'NO', 'breakfast': 0, 'base_price': 5000, 'prices': [5000], 'price': 5000, 'old_price': 0, 'currency': 'RUB', 'payment_amount': 0, 'extras_variants': [], 'extras': [], 'rate_id': 18216, 'deals': [], 'cancellation_type': 'free', 'credit_card': 0, 'bonus': 250, 'miles': 300, 'min_stay': 1, 'platichastyami': 0, 'mircashback': 500}, {'id': 560368, 'capacity': 2, 'prepayment': 'NO', 'nonrefundable': 0, 'cancellation_period': 0, 'cancellation_fee': 'NO', 'breakfast': 0, 'base_price': 5000, 'prices': [5000], 'price': 5000, 'old_price': 0, 'currency': 'RUB', 'payment_amount': 0, 'extras_variants': [], 'extras': [], 'rate_id': 18216, 'deals': [], 'cancellation_type': 'free', 'credit_card': 0, 'bonus': 250, 'miles': 300, 'min_stay': 1, 'platichastyami': 0, 'mircashback': 500}]",5000.0,300,13519_101hotels,2026-08-13
2254042,,Двухкомнатный СЕМЕЙНЫЙ (третья категория),3,0,0,1,Трехместный,37,1,"[{'single': 1, 'double': 1}]",[],"[{'id': 635580, 'capacity': 1, 'prepayment': 'NO', 'nonrefundable': 0, 'cancellation_period': 0, 'cancellation_fee': 'NO', 'breakfast': 0, 'base_price': 6600, 'prices': [6600], 'price': 6600, 'old_price': 0, 'currency': 'RUB', 'payment_amount': 0, 'extras_variants': [], 'extras': [], 'rate_id': 18216, 'deals': [], 'cancellation_type': 'free', 'credit_card': 0, 'bonus': 330, 'miles': 396, 'min_stay': 1, 'platichastyami': 0, 'mircashback': 660}, {'id': 635581, 'capacity': 2, 'prepayment': 'NO', 'nonrefundable': 0, 'cancellation_period': 0, 'cancellation_fee': 'NO', 'breakfast': 0, 'base_price': 6600, 'prices': [6600], 'price': 6600, 'old_price': 0, 'currency': 'RUB', 'payment_amount': 0, 'extras_variants': [], 'extras': [], 'rate_id': 18216, 'deals': [], 'cancellation_type': 'free', 'credit_card': 0, 'bonus': 330, 'miles': 396, 'min_stay': 1, 'platichastyami': 0, 'mircashback': 660}, {'id': 635582, 'capacity': 3, 'prepayment': 'NO', 'nonrefundable': 0, 'cancellation_period': 0, 'cancellation_fee': 'NO', 'breakfast': 0, 'base_price': 6600, 'prices': [6600], 'price': 6600, 'old_price': 0, 'currency': 'RUB', 'payment_amount': 0, 'extras_variants': [], 'extras': [], 'rate_id': 18216, 'deals': [], 'cancellation_type': 'free', 'credit_card': 0, 'bonus': 330, 'miles': 396, 'min_stay': 1, 'platichastyami': 0, 'mircashback': 660}]",6600.0,396,13519_101hotels,2026-08-13
2254043,,Двухкомнатный (третья категория),3,0,0,1,Трехместный,37,5,[{'single': 3}],[],"[{'id': 635583, 'capacity': 1, 'prepayment': 'NO', 'nonrefundable': 0, 'cancellation_period': 0, 'cancellation_fee': 'NO', 'breakfast': 0, 'base_price': 6600, 'prices': [6600], 'price': 6600, 'old_price': 0, 'currency': 'RUB', 'payment_amount': 0, 'extras_variants': [], 'extras': [], 'rate_id': 18216, 'deals': [], 'cancellation_type': 'free', 'credit_card': 0, 'bonus': 330, 'miles': 396, 'min_stay': 1, 'platichastyami': 0, 'mircashback': 660}, {'id': 635584, 'capacity': 2, 'prepayment': 'NO', 'nonrefundable': 0, 'cancellation_period': 0, 'cancellation_fee': 'NO', 'breakfast': 0, 'base_price': 6600, 'prices': [6600], 'price': 6600, 'old_price': 0, 'currency': 'RUB', 'payment_amount': 0, 'extras_variants': [], 'extras': [], 'rate_id': 18216, 'deals': [], 'cancellation_type': 'free', 'credit_card': 0, 'bonus': 330, 'miles': 396, 'min_stay': 1, 'platichastyami': 0, 'mircashback': 660}, {'id': 635585, 'capacity': 3, 'prepayment': 'NO', 'nonrefundable': 0, 'cancellation_period': 0, 'cancellation_fee': 'NO', 'breakfast': 0, 'base_price': 6600, 'prices': [6600], 'price': 6600, 'old_price': 0, 'currency': 'RUB', 'payment_amount': 0, 'extras_variants': [], 'extras': [], 'rate_id': 18216, 'deals': [], 'cancellation_type': 'free', 'credit_card': 0, 'bonus': 330, 'miles': 396, 'min_stay': 1, 'platichastyami': 0, 'mircashback': 660}]",6600.0,396,13519_101hotels,2026-08-13
2227631,,Комната № 1,2,1,0,1,Двухместный,2,1,"[{'single': 1, 'double': 1}, {'f-chair': 1}]",[],"[{'id': 424166, 'capacity': 1, 'prepayment': 'NO', 'nonrefundable': 0, 'cancellation_period': 0, 'cancellation_fee': 'NO', 'breakfast': 0, 'base_price': 3300, 'prices': [3300], 'price': 3300, 'old_price': 3300, 'currency': 'RUB', 'payment_amount': 0, 'extras_variants': [], 'extras': [], 'rate_id': 9060, 'deals': [], 'cancellation_type': 'free', 'credit_card': 0, 'bonus': 165, 'miles': 198, 'min_stay': 1, 'platichastyami': 0}, {'id': 424167, 'capacity': 2, 'prepayment': 'NO', 'nonrefundable': 0, 'cancellation_period': 0, 'cancellation_fee': 'NO', 'breakfast': 0, 'base_price': 3900, 'prices': [3900], 'price': 3900, 'old_price': 3900, 'currency': 'RUB', 'payment_amount': 0, 'extras_variants': [], 'extras': [], 'rate_id': 9060, 'deals': [], 'cancellation_type': 'free', 'credit_card': 0, 'bonus': 195, 'miles': 234, 'min_stay': 1, 'platichastyami': 0}]",3300.0,198,610841_101hotels,2026-08-13
2227632,,Комната № 2,2,1,0,1,Двухместный,2,1,"[{'single': 1, 'double': 1, 'f-chair': 1}]",[],"[{'id': 424168, 'capacity': 1, 'prepayment': 'NO', 'nonrefundable': 0, 'cancellation_period': 0, 'cancellation_fee': 'NO', 'breakfast': 0, 'base_price': 3100, 'prices': [3100], 'price': 3100, 'old_price': 3100, 'currency': 'RUB', 'payment_amount': 0, 'extras_variants': [], 'extras': [], 'rate_id': 9060, 'deals': [], 'cancellation_type': 'free', 'credit_card': 0, 'bonus': 155, 'miles': 186, 'min_stay': 1, 'platichastyami': 0}, {'id': 424169, 'capacity': 2, 'prepayment': 'NO', 'nonrefundable': 0, 'cancellation_period': 0, 'cancellation_fee': 'NO', 'breakfast': 0, 'base_price': 3800, 'prices': [3800], 'price': 3800, 'old_price': 3800, 'currency': 'RUB', 'payment_amount': 0, 'extras_variants': [], 'extras': [], 'rate_id': 9060, 'deals': [], 'cancellation_type': 'free', 'credit_card': 0, 'bonus': 190, 'miles': 228, 'min_stay': 1, 'platichastyami': 0}]",3100.0,186,610841_101hotels,2026-08-13
2227633,,Комната № 3,2,0,0,1,Двухместный,2,1,"[{'single': 1, 'double': 1}]",[],"[{'id': 424170, 'capacity': 1, 'prepayment': 'NO', 'nonrefundable': 0, 'cancellation_period': 0, 'cancellation_fee': 'NO', 'breakfast': 0, 'base_price': 3200, 'prices': [3200], 'price': 3200, 'old_price': 3200, 'currency': 'RUB', 'payment_amount': 0, 'extras_variants': [], 'extras': [], 'rate_id': 9060, 'deals': [], 'cancellation_type': 'free', 'credit_card': 0, 'bonus': 160, 'miles': 192, 'min_stay': 1, 'platichastyami': 0}, {'id': 424171, 'capacity': 2, 'prepayment': 'NO', 'nonrefundable': 0, 'cancellation_period': 0, 'cancellation_fee': 'NO', 'breakfast': 0, 'base_price': 3700, 'prices': [3700], 'price': 3700, 'old_price': 3700, 'currency': 'RUB', 'payment_amount': 0, 'extras_variants': [], 'extras': [], 'rate_id': 9060, 'deals': [], 'cancellation_type': 'free', 'credit_card': 0, 'bonus': 185, 'miles': 222, 'min_stay': 1, 'platichastyami': 0}]",3200.0,192,610841_101hotels,2026-08-13
2227635,,Комната № 5,2,0,0,1,Двухместный,2,1,"[{'single': 1}, {'single': 1}]",[],"[{'id': 424174, 'capacity': 1, 'prepayment': 'NO', 'nonrefundable': 0, 'cancellation_period': 0, 'cancellation_fee': 'NO', 'breakfast': 0, 'base_price': 4300, 'prices': [4300], 'price': 4300, 'old_price': 4300, 'currency': 'RUB', 'payment_amount': 0, 'extras_variants': [], 'extras': [], 'rate_id': 9060, 'deals': [], 'cancellation_type': 'free', 'credit_card': 0, 'bonus': 215, 'miles': 258, 'min_stay': 1, 'platichastyami': 0}, {'id': 424175, 'capacity': 2, 'prepayment': 'NO', 'nonrefundable': 0, 'cancellation_period': 0, 'cancellation_fee': 'NO', 'breakfast': 0, 'base_price': 5300, 'prices': [5300], 'price': 5300, 'old_price': 5300, 'currency': 'RUB', 'payment_amount': 0, 'extras_variants': [], 'extras': [], 'rate_id': 9060, 'deals': [], 'cancellation_type': 'free', 'credit_card': 0, 'bonus': 265, 'miles': 318, 'min_stay': 1, 'platichastyami': 0}]",4300.0,258,610841_101hotels,2026-08-13
2227636,,Комната № 6,2,0,0,1,Двухместный,2,1,[{'single': 2}],[],"[{'id': 424176, 'capacity': 1, 'prepayment': 'NO', 'nonrefundable': 0, 'cancellation_period': 0, 'cancellation_fee': 'NO', 'breakfast': 0, 'base_price': 5500, 'prices': [5500], 'price': 5500, 'old_price': 5500, 'currency': 'RUB', 'payment_amount': 0, 'extras_variants': [], 'extras': [], 'rate_id': 9060, 'deals': [], 'cancellation_type': 'free', 'credit_card': 0, 'bonus': 275, 'miles': 330, 'min_stay': 1, 'platichastyami': 0}, {'id': 424177, 'capacity': 2, 'prepayment': 'NO', 'nonrefundable': 0, 'cancellation_period': 0, 'cancellation_fee': 'NO', 'breakfast': 0, 'base_price': 6500, 'prices': [6500], 'price': 6500, 'old_price': 6500, 'currency': 'RUB', 'payment_amount': 0, 'extras_variants': [], 'extras': [], 'rate_id': 9060, 'deals': [], 'cancellation_type': 'free', 'credit_card': 0, 'bonus': 325, 'miles': 390, 'min_stay': 1, 'platichastyami': 0}]",5500.0,330,610841_101hotels,2026-08-13
2227637,,Комната № 7,1,0,0,1,Одноместный,1,1,[{'double': 1}],[],"[{'id': 424165, 'capacity': 1, 'prepayment': 'NO', 'nonrefundable': 0, 'cancellation_period': 0, 'cancellation_fee': 'NO', 'breakfast': 0, 'base_price': 5200, 'prices': [5200], 'price': 5200, 'old_price': 5200, 'currency': 'RUB', 'payment_amount': 0, 'extras_variants': [], 'extras': [], 'rate_id': 9060, 'deals': [], 'cancellation_type': 'free', 'credit_card': 0, 'bonus': 260, 'miles': 312, 'min_stay': 1, 'platichastyami': 0}]",5200.0,312,610841_101hotels,2026-08-13
2270770,,Комната № 4,4,2,0,1,Семейный,44,1,"[{'single': 2, 'double': 2}, {'single': 1}]",[],"[{'id': 762327, 'capacity': 1, 'prepayment': 'NO', 'nonrefundable': 0, 'cancellation_period': 0, 'cancellation_fee': 'NO', 'breakfast': 0, 'base_price': 6500, 'prices': [6500], 'price': 6500, 'old_price': 6500, 'currency': 'RUB', 'payment_amount': 0, 'extras_variants': [], 'extras': [], 'rate_id': 9060, 'deals': [], 'cancellation_type': 'free', 'credit_card': 0, 'bonus': 325, 'miles': 390, 'min_stay': 1, 'platichastyami': 0}, {'id': 762328, 'capacity': 2, 'prepayment': 'NO', 'nonrefundable': 0, 'cancellation_period': 0, 'cancellation_fee': 'NO', 'breakfast': 0, 'base_price': 7000, 'prices': [7000], 'price': 7000, 'old_price': 7000, 'currency': 'RUB', 'payment_amount': 0, 'extras_variants': [], 'extras': [], 'rate_id': 9060, 'deals': [], 'cancellation_type': 'free', 'credit_card': 0, 'bonus': 350, 'miles': 420, 'min_stay': 1, 'platichastyami': 0}, {'id': 762329, 'capacity': 3, 'prepayment': 'NO', 'nonrefundable': 0, 'cancellation_period': 0, 'cancellation_fee': 'NO', 'breakfast': 0, 'base_price': 7500, 'prices': [7500], 'price': 7500, 'old_price': 7500, 'currency': 'RUB', 'payment_amount': 0, 'extras_variants': [], 'extras': [], 'rate_id': 9060, 'deals': [], 'cancellation_type': 'free', 'credit_card': 0, 'bonus': 375, 'miles': 450, 'min_stay': 1, 'platichastyami': 0}, {'id': 762330, 'capacity': 4, 'prepayment': 'NO', 'nonrefundable': 0, 'cancellation_period': 0, 'cancellation_fee': 'NO', 'breakfast': 0, 'base_price': 8000, 'prices': [8000], 'price': 8000, 'old_price': 8000, 'currency': 'RUB', 'payment_amount': 0, 'extras_variants': [], 'extras': [], 'rate_id': 9060, 'deals': [], 'cancellation_type': 'free', 'credit_card': 0, 'bonus': 400, 'miles': 480, 'min_stay': 1, 'platichastyami': 0}]",6500.0,390,610841_101hotels,2026-08-13
2270772,,Комната №  3Б,4,0,1,1,Четырехместный,34,4,[{'2-tier': 1}],[],"[{'id': 762331, 'capacity': 1, 'prepayment': 'NO', 'nonrefundable': 0, 'cancellation_period': 0, 'cancellation_fee': 'NO', 'breakfast': 0, 'base_price': 1900, 'prices': [1900], 'price': 1900, 'old_price': 1900, 'currency': 'RUB', 'payment_amount': 0, 'extras_variants': [], 'extras': [], 'rate_id': 9060, 'deals': [], 'cancellation_type': 'free', 'credit_card': 0, 'bonus': 95, 'miles': 114, 'min_stay': 1, 'platichastyami': 0}]",1900.0,114,610841_101hotels,2026-08-13
2270773,,Комната № 1 А,4,1,1,0,Четырехместный,34,1,[{'single': 1}],[],"[{'id': 762332, 'capacity': 1, 'prepayment': 'NO', 'nonrefundable': 0, 'cancellation_period': 0, 'cancellation_fee': 'NO', 'breakfast': 0, 'base_price': 1800, 'prices': [1800], 'price': 1800, 'old_price': 1800, 'currency': 'RUB', 'payment_amount': 0, 'extras_variants': [], 'extras': [], 'rate_id': 9060, 'deals': [], 'cancellation_type': 'free', 'credit_card': 0, 'bonus': 90, 'miles': 108, 'min_stay': 1, 'platichastyami': 0}]",1800.0,108,610841_101hotels,2026-08-13
2276012,,Студия без балкона,2,0,0,1,Двухместный,2,1,[{'double': 1}],[],"[{'id': 803179, 'capacity': 1, 'prepayment': 'FULL', 'nonrefundable': 0, 'cancellation_period': 0, 'cancellation_fee': 'NO', 'breakfast': 0, 'base_price': 3237, 'prices': [3237], 'price': 3237, 'old_price': 3237, 'currency': 'RUB', 'payment_amount': 3237, 'extras_variants': [], 'extras': [], 'rate_id': 30902, 'deals': [], 'cancellation_type': 'free', 'credit_card': 1, 'bonus': 162, 'miles': 192, 'min_stay': 1, 'platichastyami': 0, 'mircashback': 324}, {'id': 803180, 'capacity': 2, 'prepayment': 'FULL', 'nonrefundable': 0, 'cancellation_period': 0, 'cancellation_fee': 'NO', 'breakfast': 0, 'base_price': 3237, 'prices': [3237], 'price': 3237, 'old_price': 3237, 'currency': 'RUB', 'payment_amount': 3237, 'extras_variants': [], 'extras': [], 'rate_id': 30902, 'deals': [], 'cancellation_type': 'free', 'credit_card': 1, 'bonus': 162, 'miles': 192, 'min_stay': 1, 'platichastyami': 0, 'mircashback': 324}]",3237.0,192,662866_101hotels,2026-08-13
2276016,,Студия gray с балконом,2,0,0,1,Двухместный,2,1,[{'double': 1}],[],"[{'id': 803185, 'capacity': 1, 'prepayment': 'FULL', 'nonrefundable': 0, 'cancellation_period': 0, 'cancellation_fee': 'NO', 'breakfast': 0, 'base_price': 3237, 'prices': [3237], 'price': 3237, 'old_price': 3237, 'currency': 'RUB', 'payment_amount': 3237, 'extras_variants': [], 'extras': [], 'rate_id': 30902, 'deals': [], 'cancellation_type': 'free', 'credit_card': 1, 'bonus': 162, 'miles': 192, 'min_stay': 1, 'platichastyami': 0, 'mircashback': 324}, {'id': 803186, 'capacity': 2, 'prepayment': 'FULL', 'nonrefundable': 0, 'cancellation_period': 0, 'cancellation_fee': 'NO', 'breakfast': 0, 'base_price': 3237, 'prices': [3237], 'price': 3237, 'old_price': 3237, 'currency': 'RUB', 'payment_amount': 3237, 'extras_variants': [], 'extras': [], 'rate_id': 30902, 'deals': [], 'cancellation_type': 'free', 'credit_card': 1, 'bonus': 162, 'miles': 192, 'min_stay': 1, 'platichastyami': 0, 'mircashback': 324}]",3237.0,192,662866_101hotels,2026-08-13
2276021,,Студия yellow без балкона,2,0,0,1,Двухместный,2,1,[{'double': 1}],[],"[{'id': 803207, 'capacity': 1, 'prepayment': 'FULL', 'nonrefundable': 0, 'cancellation_period': 0, 'cancellation_fee': 'NO', 'breakfast': 0, 'base_price': 3237, 'prices': [3237], 'price': 3237, 'old_price': 3237, 'currency': 'RUB', 'payment_amount': 3237, 'extras_variants': [], 'extras': [], 'rate_id': 30902, 'deals': [], 'cancellation_type': 'free', 'credit_card': 1, 'bonus': 162, 'miles': 192, 'min_stay': 1, 'platichastyami': 0, 'mircashback': 324}, {'id': 803208, 'capacity': 2, 'prepayment': 'FULL', 'nonrefundable': 0, 'cancellation_period': 0, 'cancellation_fee': 'NO', 'breakfast': 0, 'base_price': 3237, 'prices': [3237], 'price': 3237, 'old_price': 3237, 'currency': 'RUB', 'payment_amount': 3237, 'extras_variants': [], 'extras': [], 'rate_id': 30902, 'deals': [], 'cancellation_type': 'free', 'credit_card': 1, 'bonus': 162, 'miles': 192, 'min_stay': 1, 'platichastyami': 0, 'mircashback': 324}]",3237.0,192,662866_101hotels,2026-08-13
2274112,,Апартаменты Луна,2,0,0,1,Двухместный,2,1,[{'double': 1}],[],"[{'id': 789125, 'capacity': 1, 'prepayment': 'FULL', 'nonrefundable': 0, 'cancellation_period': 0, 'cancellation_fee': 'NO', 'breakfast': 0, 'base_price': 3900, 'prices': [3900], 'price': 3705, 'old_price': 3900, 'currency': 'RUB', 'payment_amount': 3900, 'extras_variants': [], 'extras': [], 'rate_id': 35523, 'deals': ['LAST_MINUTE'], 'cancellation_type': 'free', 'credit_card': 1, 'bonus': 185, 'miles': 222, 'min_stay': 1, 'platichastyami': 0, 'mircashback': 371}, {'id': 789126, 'capacity': 2, 'prepayment': 'FULL', 'nonrefundable': 0, 'cancellation_period': 0, 'cancellation_fee': 'NO', 'breakfast': 0, 'base_price': 3900, 'prices': [3900], 'price': 3705, 'old_price': 3900, 'currency': 'RUB', 'payment_amount': 3900, 'extras_variants': [], 'extras': [], 'rate_id': 35523, 'deals': ['LAST_MINUTE'], 'cancellation_type': 'free', 'credit_card': 1, 'bonus': 185, 'miles': 222, 'min_stay': 1, 'platichastyami': 0, 'mircashback': 371}]",3705.0,222,666214_101hotels,2026-08-13
2311547,,Уютная квартира в 7 минутах езды от аэропорта,2,0,0,1,Студио,5,1,[{'double': 1}],"[{'id': '40043', 'number': '1', 'min_age': '0', 'max_age': '18', 'is_extra_bed': '0', 'extra_bed_type_id': '0'}]","[{'id': 1143397, 'capacity': 1, 'prepayment': 'FULL', 'nonrefundable': 0, 'cancellation_period': 0, 'cancellation_fee': 'NO', 'breakfast': 0, 'base_price': 3080, 'prices': [3080], 'price': 3080, 'old_price': 3080, 'currency': 'RUB', 'payment_amount': 3080, 'extras_variants': [], 'extras': {'40043': {'id': 40043, 'number': 1, 'extra_bed_type_id': 0, 'age': [0, 18], 'extra_bed': 0, 'free': 1}}, 'rate_id': 57623, 'deals': [], 'cancellation_type': 'free', 'credit_card': 1, 'bonus': 154, 'miles': 183, 'min_stay': 1, 'platichastyami': 0, 'mircashback': 308}, {'id': 1143398, 'capacity': 2, 'prepayment': 'FULL', 'nonrefundable': 0, 'cancellation_period': 0, 'cancellation_fee': 'NO', 'breakfast': 0, 'base_price': 3080, 'prices': [3080], 'price': 3080, 'old_price': 3080, 'currency': 'RUB', 'payment_amount': 3080, 'extras_variants': [], 'extras': {'40043': {'id': 40043, 'number': 1, 'extra_bed_type_id': 0, 'age': [0, 18], 'extra_bed': 0, 'free': 1}}, 'rate_id': 57623, 'deals': [], 'cancellation_type': 'free', 'credit_card': 1, 'bonus': 154, 'miles': 183, 'min_stay': 1, 'platichastyami': 0, 'mircashback': 308}]",3080.0,183,675909_101hotels,2026-08-13
2311560,,Квартира недалеко от центра города и аэропорта,2,0,0,1,Студио,5,1,[{'double': 1}],"[{'id': '40047', 'number': '1', 'min_age': '0', 'max_age': '18', 'is_extra_bed': '0', 'extra_bed_type_id': '0'}]","[{'id': 1143657, 'capacity': 1, 'prepayment': 'FULL', 'nonrefundable': 0, 'cancellation_period': 0, 'cancellation_fee': 'NO', 'breakfast': 0, 'base_price': 3625, 'prices': [3625], 'price': 3625, 'old_price': 3625, 'currency': 'RUB', 'payment_amount': 3625, 'extras_variants': [], 'extras': {'40047': {'id': 40047, 'number': 1, 'extra_bed_type_id': 0, 'age': [0, 18], 'extra_bed': 0, 'free': 1}}, 'rate_id': 57635, 'deals': [], 'cancellation_type': 'free', 'credit_card': 1, 'bonus': 181, 'miles': 216, 'min_stay': 1, 'platichastyami': 0, 'mircashback': 363}, {'id': 1143658, 'capacity': 2, 'prepayment': 'FULL', 'nonrefundable': 0, 'cancellation_period': 0, 'cancellation_fee': 'NO', 'breakfast': 0, 'base_price': 3625, 'prices': [3625], 'price': 3625, 'old_price': 3625, 'currency': 'RUB', 'payment_amount': 3625, 'extras_variants': [], 'extras': {'40047': {'id': 40047, 'number': 1, 'extra_bed_type_id': 0, 'age': [0, 18], 'extra_bed': 0, 'free': 1}}, 'rate_id': 57635, 'deals': [], 'cancellation_type': 'free', 'credit_card': 1, 'bonus': 181, 'miles': 216, 'min_stay': 1, 'platichastyami': 0, 'mircashback': 363}]",3625.0,216,675910_101hotels,2026-08-13
2313267,,,2,2,0,1,Трёхместный и более,3,1,"[{'single': 1}, {'sofa': 1}, {'single': 1}]",[],"[{'id': 1158899, 'capacity': 1, 'prepayment': 'FULL', 'nonrefundable': 0, 'cancellation_period': 0, 'cancellation_fee': 'NO', 'breakfast': 0, 'base_price': 12000, 'prices': [12000], 'price': 12000, 'old_price': 12000, 'currency': 'RUB', 'payment_amount': 12000, 'extras_variants': [], 'extras': [], 'rate_id': 58773, 'deals': [], 'cancellation_type': 'free', 'credit_card': 1, 'bonus': 600, 'miles': 720, 'min_stay': 1, 'platichastyami': 0, 'mircashback': 1200}, {'id': 1158900, 'capacity': 2, 'prepayment': 'FULL', 'nonrefundable': 0, 'cancellation_period': 0, 'cancellation_fee': 'NO', 'breakfast': 0, 'base_price': 12000, 'prices': [12000], 'price': 12000, 'old_price': 12000, 'currency': 'RUB', 'payment_amount': 12000, 'extras_variants': [], 'extras': [], 'rate_id': 58773, 'deals': [], 'cancellation_type': 'free', 'credit_card': 1, 'bonus': 600, 'miles': 720, 'min_stay': 1, 'platichastyami': 0, 'mircashback': 1200}]",12000.0,720,676186_101hotels,2026-08-13
2317023,,На верхней набережной с красивым видом из окна,4,0,0,1,Четырехместный,34,1,"[{'double': 1, 'sofa': 1}]","[{'id': '44761', 'number': '3', 'min_age': '0', 'max_age': '4', 'is_extra_bed': '0', 'extra_bed_type_id': '0'}]","[{'id': 1193719, 'capacity': 1, 'prepayment': 'FULL', 'nonrefundable': 0, 'cancellation_period': 0, 'cancellation_fee': 'NO', 'breakfast': 0, 'base_price': 4310.63, 'prices': [4310.63], 'price': 4310.63, 'old_price': 4310.63, 'currency': 'RUB', 'payment_amount': 4310.63, 'extras_variants': [], 'extras': {'44761': {'id': 44761, 'number': 3, 'extra_bed_type_id': 0, 'age': [0, 4], 'extra_bed': 0, 'free': 1}}, 'rate_id': 60974, 'deals': [], 'cancellation_type': 'free', 'credit_card': 1, 'bonus': 216, 'miles': 258, 'min_stay': 1, 'platichastyami': 0, 'mircashback': 431}, {'id': 1193720, 'capacity': 2, 'prepayment': 'FULL', 'nonrefundable': 0, 'cancellation_period': 0, 'cancellation_fee': 'NO', 'breakfast': 0, 'base_price': 4310.63, 'prices': [4310.63], 'price': 4310.63, 'old_price': 4310.63, 'currency': 'RUB', 'payment_amount': 4310.63, 'extras_variants': [], 'extras': {'44761': {'id': 44761, 'number': 3, 'extra_bed_type_id': 0, 'age': [0, 4], 'extra_bed': 0, 'free': 1}}, 'rate_id': 60974, 'deals': [], 'cancellation_type': 'free', 'credit_card': 1, 'bonus': 216, 'miles': 258, 'min_stay': 1, 'platichastyami': 0, 'mircashback': 431}, {'id': 1193721, 'capacity': 3, 'prepayment': 'FULL', 'nonrefundable': 0, 'cancellation_period': 0, 'cancellation_fee': 'NO', 'breakfast': 0, 'base_price': 4702.5, 'prices': [4702.5], 'price': 4702.5, 'old_price': 4702.5, 'currency': 'RUB', 'payment_amount': 4702.5, 'extras_variants': [], 'extras': {'44761': {'id': 44761, 'number': 3, 'extra_bed_type_id': 0, 'age': [0, 4], 'extra_bed': 0, 'free': 1}}, 'rate_id': 60974, 'deals': [], 'cancellation_type': 'free', 'credit_card': 1, 'bonus': 235, 'miles': 282, 'min_stay': 1, 'platichastyami': 0, 'mircashback': 470}, {'id': 1193722, 'capacity': 4, 'prepayment': 'FULL', 'nonrefundable': 0, 'cancellation_period': 0, 'cancellation_fee': 'NO', 'breakfast': 0, 'base_price': 5094.38, 'prices': [5094.38], 'price': 5094.38, 'old_price': 5094.38, 'currency': 'RUB', 'payment_amount': 5094.38, 'extras_variants': [], 'extras': {'44761': {'id': 44761, 'number': 3, 'extra_bed_type_id': 0, 'age': [0, 4], 'extra_bed': 0, 'free': 1}}, 'rate_id': 60974, 'deals': [], 'cancellation_type': 'free', 'credit_card': 1, 'bonus': 255, 'miles': 303, 'min_stay': 1, 'platichastyami': 0, 'mircashback': 509}]",4310.63,258,677036_101hotels,2026-08-13
2310716,,Дом Русанова,2,1,0,1,Апартаменты,14,1,[{'double': 1}],[],"[{'id': 1135056, 'capacity': 1, 'prepayment': 'FULL', 'nonrefundable': 0, 'cancellation_period': 1, 'cancellation_fee': 'FIRST', 'breakfast': 0, 'base_price': 58000, 'prices': [58000], 'price': 58000, 'old_price': 58000, 'currency': 'RUB', 'payment_amount': 58000, 'extras_variants': [], 'extras': [], 'rate_id': 57158, 'deals': [], 'cancellation_type': 'special', 'credit_card': 1, 'bonus': 2900, 'miles': 3480, 'min_stay': 1, 'platichastyami': 0, 'mircashback': 5800}, {'id': 1135057, 'capacity': 2, 'prepayment': 'FULL', 'nonrefundable': 0, 'cancellation_period': 1, 'cancellation_fee': 'FIRST', 'breakfast': 0, 'base_price': 58000, 'prices': [58000], 'price': 58000, 'old_price': 58000, 'currency': 'RUB', 'payment_amount': 58000, 'extras_variants': [], 'extras': [], 'rate_id': 57158, 'deals': [], 'cancellation_type': 'special', 'credit_card': 1, 'bonus': 2900, 'miles': 3480, 'min_stay': 1, 'platichastyami': 0, 'mircashback': 5800}]",58000.0,3480,675391_101hotels,2026-08-13
2310717,,Дом Курбатова,2,1,0,1,Делюкс,29,3,[{'double': 1}],"[{'id': '33811', 'number': '1', 'min_age': '0', 'max_age': '3', 'is_extra_bed': '1', 'extra_bed_type_id': '4'}, {'id': '33812', 'number': '1', 'min_age': '0', 'max_age': '7', 'is_extra_bed': '0', 'extra_bed_type_id': '0'}]","[{'id': 1135058, 'capacity': 1, 'prepayment': 'FULL', 'nonrefundable': 0, 'cancellation_period': 1, 'cancellation_fee': 'FIRST', 'breakfast': 0, 'base_price': 32500, 'prices': [32500], 'price': 32500, 'old_price': 32500, 'currency': 'RUB', 'payment_amount': 32500, 'extras_variants': [], 'extras': {'33811': {'id': 33811, 'number': 1, 'extra_bed_type_id': 4, 'age': [0, 3], 'extra_bed': 1, 'free': 1}, '33812': {'id': 33812, 'number': 1, 'extra_bed_type_id': 0, 'age': [0, 7], 'extra_bed': 0, 'free': 1}}, 'rate_id': 57158, 'deals': [], 'cancellation_type': 'special', 'credit_card': 1, 'bonus': 1625, 'miles': 1950, 'min_stay': 1, 'platichastyami': 0, 'mircashback': 3250}, {'id': 1135059, 'capacity': 2, 'prepayment': 'FULL', 'nonrefundable': 0, 'cancellation_period': 1, 'cancellation_fee': 'FIRST', 'breakfast': 0, 'base_price': 32500, 'prices': [32500], 'price': 32500, 'old_price': 32500, 'currency': 'RUB', 'payment_amount': 32500, 'extras_variants': [], 'extras': {'33811': {'id': 33811, 'number': 1, 'extra_bed_type_id': 4, 'age': [0, 3], 'extra_bed': 1, 'free': 1}, '33812': {'id': 33812, 'number': 1, 'extra_bed_type_id': 0, 'age': [0, 7], 'extra_bed': 0, 'free': 1}}, 'rate_id': 57158, 'deals': [], 'cancellation_type': 'special', 'credit_card': 1, 'bonus': 1625, 'miles': 1950, 'min_stay': 1, 'platichastyami': 0, 'mircashback': 3250}]",32500.0,1950,675391_101hotels,2026-08-13
2310718,,Дом Курбатова,2,0,0,1,Улучшенный,113,10,"[{'single': 2}, {'double': 1}]","[{'id': '39406', 'number': '1', 'min_age': '0', 'max_age': '18', 'is_extra_bed': '0', 'extra_bed_type_id': '0'}]","[{'id': 1135060, 'capacity': 1, 'prepayment': 'FULL', 'nonrefundable': 0, 'cancellation_period': 1, 'cancellation_fee': 'FIRST', 'breakfast': 0, 'base_price': 28000, 'prices': [28000], 'price': 28000, 'old_price': 28000, 'currency': 'RUB', 'payment_amount': 28000, 'extras_variants': [], 'extras': {'39406': {'id': 39406, 'number': 1, 'extra_bed_type_id': 0, 'age': [0, 18], 'extra_bed': 0, 'free': 1}}, 'rate_id': 57158, 'deals': [], 'cancellation_type': 'special', 'credit_card': 1, 'bonus': 1400, 'miles': 1680, 'min_stay': 1, 'platichastyami': 0, 'mircashback': 2800}, {'id': 1135061, 'capacity': 2, 'prepayment': 'FULL', 'nonrefundable': 0, 'cancellation_period': 1, 'cancellation_fee': 'FIRST', 'breakfast': 0, 'base_price': 28000, 'prices': [28000], 'price': 28000, 'old_price': 28000, 'currency': 'RUB', 'payment_amount': 28000, 'extras_variants': [], 'extras': {'39406': {'id': 39406, 'number': 1, 'extra_bed_type_id': 0, 'age': [0, 18], 'extra_bed': 0, 'free': 1}}, 'rate_id': 57158, 'deals': [], 'cancellation_type': 'special', 'credit_card': 1, 'bonus': 1400, 'miles': 1680, 'min_stay': 1, 'platichastyami': 0, 'mircashback': 2800}]",28000.0,1680,675391_101hotels,2026-08-13
32287,,Twin (1 категория),2,0,0,1,Двухместный,2,3,[{'single': 2}],[],"[{'id': 684160, 'capacity': 1, 'prepayment': 'FULL', 'nonrefundable': 1, 'cancellation_period': 0, 'cancellation_fee': 'FIRST', 'breakfast': 0, 'base_price': 4400, 'prices': [4400], 'price': 4400, 'old_price': 4400, 'currency': 'RUB', 'payment_amount': 4400, 'extras_variants': [], 'extras': [], 'rate_id': 27299, 'deals': [], 'cancellation_type': 'nonrefundable', 'credit_card': 1, 'bonus': 220, 'miles': 264, 'min_stay': 1, 'platichastyami': 0, 'mircashback': 440}, {'id': 684133, 'capacity': 1, 'prepayment': 'FULL', 'nonrefundable': 1, 'cancellation_period': 0, 'cancellation_fee': 'FIRST', 'breakfast': 1, 'base_price': 5000, 'prices': [5000], 'price': 5000, 'old_price': 5000, 'currency': 'RUB', 'payment_amount': 5000, 'extras_variants': [], 'extras': [], 'rate_id': 27286, 'deals': [], 'cancellation_type': 'nonrefundable', 'credit_card': 1, 'bonus': 250, 'miles': 300, 'min_stay': 1, 'platichastyami': 0, 'mircashback': 500}, {'id': 684161, 'capacity': 2, 'prepayment': 'FULL', 'nonrefundable': 1, 'cancellation_period': 0, 'cancellation_fee': 'FIRST', 'breakfast': 0, 'base_price': 5200, 'prices': [5200], 'price': 5200, 'old_price': 5200, 'currency': 'RUB', 'payment_amount': 5200, 'extras_variants': [], 'extras': [], 'rate_id': 27299, 'deals': [], 'cancellation_type': 'nonrefundable', 'credit_card': 1, 'bonus': 260, 'miles': 312, 'min_stay': 1, 'platichastyami': 0, 'mircashback': 520}, {'id': 684134, 'capacity': 2, 'prepayment': 'FULL', 'nonrefundable': 1, 'cancellation_period': 0, 'cancellation_fee': 'FIRST', 'breakfast': 1, 'base_price': 6400, 'prices': [6400], 'price': 6400, 'old_price': 6400, 'currency': 'RUB', 'payment_amount': 6400, 'extras_variants': [], 'extras': [], 'rate_id': 27286, 'deals': [], 'cancellation_type': 'nonrefundable', 'credit_card': 1, 'bonus': 320, 'miles': 384, 'min_stay': 1, 'platichastyami': 0, 'mircashback': 640}]",4400.0,264,6855_101hotels,2026-08-13
32288,,Double (1 категория),2,0,0,1,Двухместный,2,2,[{'double': 1}],[],"[{'id': 684162, 'capacity': 1, 'prepayment': 'FULL', 'nonrefundable': 1, 'cancellation_period': 0, 'cancellation_fee': 'FIRST', 'breakfast': 0, 'base_price': 5200, 'prices': [5200], 'price': 5200, 'old_price': 5200, 'currency': 'RUB', 'payment_amount': 5200, 'extras_variants': [], 'extras': [], 'rate_id': 27299, 'deals': [], 'cancellation_type': 'nonrefundable', 'credit_card': 1, 'bonus': 260, 'miles': 312, 'min_stay': 1, 'platichastyami': 0, 'mircashback': 520}, {'id': 684135, 'capacity': 1, 'prepayment': 'FULL', 'nonrefundable': 1, 'cancellation_period': 0, 'cancellation_fee': 'FIRST', 'breakfast': 1, 'base_price': 5800, 'prices': [5800], 'price': 5800, 'old_price': 5800, 'currency': 'RUB', 'payment_amount': 5800, 'extras_variants': [], 'extras': [], 'rate_id': 27286, 'deals': [], 'cancellation_type': 'nonrefundable', 'credit_card': 1, 'bonus': 290, 'miles': 348, 'min_stay': 1, 'platichastyami': 0, 'mircashback': 580}, {'id': 684163, 'capacity': 2, 'prepayment': 'FULL', 'nonrefundable': 1, 'cancellation_period': 0, 'cancellation_fee': 'FIRST', 'breakfast': 0, 'base_price': 5200, 'prices': [5200], 'price': 5200, 'old_price': 5200, 'currency': 'RUB', 'payment_amount': 5200, 'extras_variants': [], 'extras': [], 'rate_id': 27299, 'deals': [], 'cancellation_type': 'nonrefundable', 'credit_card': 1, 'bonus': 260, 'miles': 312, 'min_stay': 1, 'platichastyami': 0, 'mircashback': 520}, {'id': 684136, 'capacity': 2, 'prepayment': 'FULL', 'nonrefundable': 1, 'cancellation_period': 0, 'cancellation_fee': 'FIRST', 'breakfast': 1, 'base_price': 6400, 'prices': [6400], 'price': 6400, 'old_price': 6400, 'currency': 'RUB', 'payment_amount': 6400, 'extras_variants': [], 'extras': [], 'rate_id': 27286, 'deals': [], 'cancellation_type': 'nonrefundable', 'credit_card': 1, 'bonus': 320, 'miles': 384, 'min_stay': 1, 'platichastyami': 0, 'mircashback': 640}]",5200.0,312,6855_101hotels,2026-08-13
32289,,Номер Джуниор Сюит (семейная кровать),2,0,0,1,Студио,5,1,[{'double': 1}],[],"[{'id': 684164, 'capacity': 1, 'prepayment': 'FULL', 'nonrefundable': 1, 'cancellation_period': 0, 'cancellation_fee': 'FIRST', 'breakfast': 0, 'base_price': 6600, 'prices': [6600], 'price': 6600, 'old_price': 6600, 'currency': 'RUB', 'payment_amount': 6600, 'extras_variants': [], 'extras': [], 'rate_id': 27299, 'deals': [], 'cancellation_type': 'nonrefundable', 'credit_card': 1, 'bonus': 330, 'miles': 396, 'min_stay': 1, 'platichastyami': 0, 'mircashback': 660}, {'id': 684137, 'capacity': 1, 'prepayment': 'FULL', 'nonrefundable': 1, 'cancellation_period': 0, 'cancellation_fee': 'FIRST', 'breakfast': 1, 'base_price': 7200, 'prices': [7200], 'price': 7200, 'old_price': 7200, 'currency': 'RUB', 'payment_amount': 7200, 'extras_variants': [], 'extras': [], 'rate_id': 27286, 'deals': [], 'cancellation_type': 'nonrefundable', 'credit_card': 1, 'bonus': 360, 'miles': 432, 'min_stay': 1, 'platichastyami': 0, 'mircashback': 720}, {'id': 684165, 'capacity': 2, 'prepayment': 'FULL', 'nonrefundable': 1, 'cancellation_period': 0, 'cancellation_fee': 'FIRST', 'breakfast': 0, 'base_price': 6600, 'prices': [6600], 'price': 6600, 'old_price': 6600, 'currency': 'RUB', 'payment_amount': 6600, 'extras_variants': [], 'extras': [], 'rate_id': 27299, 'deals': [], 'cancellation_type': 'nonrefundable', 'credit_card': 1, 'bonus': 330, 'miles': 396, 'min_stay': 1, 'platichastyami': 0, 'mircashback': 660}, {'id': 684138, 'capacity': 2, 'prepayment': 'FULL', 'nonrefundable': 1, 'cancellation_period': 0, 'cancellation_fee': 'FIRST', 'breakfast': 1, 'base_price': 7800, 'prices': [7800], 'price': 7800, 'old_price': 7800, 'currency': 'RUB', 'payment_amount': 7800, 'extras_variants': [], 'extras': [], 'rate_id': 27286, 'deals': [], 'cancellation_type': 'nonrefundable', 'credit_card': 1, 'bonus': 390, 'miles': 468, 'min_stay': 1, 'platichastyami': 0, 'mircashback': 780}]",6600.0,396,6855_101hotels,2026-08-13
102188,,Single (1 категория),1,0,0,1,Одноместный,1,1,[{'single': 1}],[],"[{'id': 684159, 'capacity': 1, 'prepayment': 'FULL', 'nonrefundable': 1, 'cancellation_period': 0, 'cancellation_fee': 'FIRST', 'breakfast': 0, 'base_price': 4000, 'prices': [4000], 'price': 4000, 'old_price': 4000, 'currency': 'RUB', 'payment_amount': 4000, 'extras_variants': [], 'extras': [], 'rate_id': 27299, 'deals': [], 'cancellation_type': 'nonrefundable', 'credit_card': 1, 'bonus': 200, 'miles': 240, 'min_stay': 1, 'platichastyami': 0, 'mircashback': 400}, {'id': 684139, 'capacity': 1, 'prepayment': 'FULL', 'nonrefundable': 1, 'cancellation_period': 0, 'cancellation_fee': 'FIRST', 'breakfast': 1, 'base_price': 4600, 'prices': [4600], 'price': 4600, 'old_price': 4600, 'currency': 'RUB', 'payment_amount': 4600, 'extras_variants': [], 'extras': [], 'rate_id': 27286, 'deals': [], 'cancellation_type': 'nonrefundable', 'credit_card': 1, 'bonus': 230, 'miles': 276, 'min_stay': 1, 'platichastyami': 0, 'mircashback': 460}]",4000.0,240,6855_101hotels,2026-08-13
1619384,,С кухней,5,0,0,1,Апартаменты,14,2,"[{'single': 1, 'double': 1, 'sofa': 1}]",[],"[{'id': 684166, 'capacity': 1, 'prepayment': 'FULL', 'nonrefundable': 1, 'cancellation_period': 0, 'cancellation_fee': 'FIRST', 'breakfast': 0, 'base_price': 8800, 'prices': [8800], 'price': 8800, 'old_price': 8800, 'currency': 'RUB', 'payment_amount': 8800, 'extras_variants': [], 'extras': [], 'rate_id': 27299, 'deals': [], 'cancellation_type': 'nonrefundable', 'credit_card': 1, 'bonus': 440, 'miles': 528, 'min_stay': 1, 'platichastyami': 0, 'mircashback': 880}, {'id': 684167, 'capacity': 2, 'prepayment': 'FULL', 'nonrefundable': 1, 'cancellation_period': 0, 'cancellation_fee': 'FIRST', 'breakfast': 0, 'base_price': 8800, 'prices': [8800], 'price': 8800, 'old_price': 8800, 'currency': 'RUB', 'payment_amount': 8800, 'extras_variants': [], 'extras': [], 'rate_id': 27299, 'deals': [], 'cancellation_type': 'nonrefundable', 'credit_card': 1, 'bonus': 440, 'miles': 528, 'min_stay': 1, 'platichastyami': 0, 'mircashback': 880}, {'id': 684168, 'capacity': 3, 'prepayment': 'FULL', 'nonrefundable': 1, 'cancellation_period': 0, 'cancellation_fee': 'FIRST', 'breakfast': 0, 'base_price': 8800, 'prices': [8800], 'price': 8800, 'old_price': 8800, 'currency': 'RUB', 'payment_amount': 8800, 'extras_variants': [], 'extras': [], 'rate_id': 27299, 'deals': [], 'cancellation_type': 'nonrefundable', 'credit_card': 1, 'bonus': 440, 'miles': 528, 'min_stay': 1, 'platichastyami': 0, 'mircashback': 880}, {'id': 684169, 'capacity': 4, 'prepayment': 'FULL', 'nonrefundable': 1, 'cancellation_period': 0, 'cancellation_fee': 'FIRST', 'breakfast': 0, 'base_price': 8800, 'prices': [8800], 'price': 8800, 'old_price': 8800, 'currency': 'RUB', 'payment_amount': 8800, 'extras_variants': [], 'extras': [], 'rate_id': 27299, 'deals': [], 'cancellation_type': 'nonrefundable', 'credit_card': 1, 'bonus': 440, 'miles': 528, 'min_stay': 1, 'platichastyami': 0, 'mircashback': 880}, {'id': 684170, 'capacity': 5, 'prepayment': 'FULL', 'nonrefundable': 1, 'cancellation_period': 0, 'cancellation_fee': 'FIRST', 'breakfast': 0, 'base_price': 8800, 'prices': [8800], 'price': 8800, 'old_price': 8800, 'currency': 'RUB', 'payment_amount': 8800, 'extras_variants': [], 'extras': [], 'rate_id': 27299, 'deals': [], 'cancellation_type': 'nonrefundable', 'credit_card': 1, 'bonus': 440, 'miles': 528, 'min_stay': 1, 'platichastyami': 0, 'mircashback': 880}]",8800.0,528,6855_101hotels,2026-08-13
2271858,,Номер первой категории Стандарт с 2 кроватями,2,0,0,1,Двухместный,2,1,[{'single': 2}],[],"[{'id': 770726, 'capacity': 1, 'prepayment': 'FULL', 'nonrefundable': 0, 'cancellation_period': 1, 'cancellation_fee': 'FIRST', 'breakfast': 0, 'base_price': 6000, 'prices': [6000], 'price': 6000, 'old_price': 0, 'currency': 'RUB', 'payment_amount': 6000, 'extras_variants': [], 'extras': [], 'rate_id': 18577, 'deals': [], 'cancellation_type': 'special', 'credit_card': 1, 'bonus': 300, 'miles': 360, 'min_stay': 1, 'platichastyami': 0, 'mircashback': 600}, {'id': 770724, 'capacity': 1, 'prepayment': 'FULL', 'nonrefundable': 0, 'cancellation_period': 1, 'cancellation_fee': 'FIRST', 'breakfast': 1, 'base_price': 7200, 'prices': [7200], 'price': 7200, 'old_price': 0, 'currency': 'RUB', 'payment_amount': 7200, 'extras_variants': [], 'extras': [], 'rate_id': 18576, 'deals': [], 'cancellation_type': 'special', 'credit_card': 1, 'bonus': 360, 'miles': 432, 'min_stay': 1, 'platichastyami': 0, 'mircashback': 720}, {'id': 770727, 'capacity': 2, 'prepayment': 'FULL', 'nonrefundable': 0, 'cancellation_period': 1, 'cancellation_fee': 'FIRST', 'breakfast': 0, 'base_price': 6000, 'prices': [6000], 'price': 6000, 'old_price': 0, 'currency': 'RUB', 'payment_amount': 6000, 'extras_variants': [], 'extras': [], 'rate_id': 18577, 'deals': [], 'cancellation_type': 'special', 'credit_card': 1, 'bonus': 300, 'miles': 360, 'min_stay': 1, 'platichastyami': 0, 'mircashback': 600}, {'id': 770725, 'capacity': 2, 'prepayment': 'FULL', 'nonrefundable': 0, 'cancellation_period': 1, 'cancellation_fee': 'FIRST', 'breakfast': 1, 'base_price': 7200, 'prices': [7200], 'price': 7200, 'old_price': 0, 'currency': 'RUB', 'payment_amount': 7200, 'extras_variants': [], 'extras': [], 'rate_id': 18576, 'deals': [], 'cancellation_type': 'special', 'credit_card': 1, 'bonus': 360, 'miles': 432, 'min_stay': 1, 'platichastyami': 0, 'mircashback': 720}]",6000.0,360,8802_101hotels,2026-08-13
2271861,,Номер первой категории Стандарт улучшенный с 2 кроватями,2,2,0,1,Двухместный,2,1,[{'single': 2}],"[{'id': '22100', 'number': '2', 'min_age': '0', 'max_age': '7', 'is_extra_bed': '1', 'extra_bed_type_id': '2'}]","[{'id': 770761, 'capacity': 1, 'prepayment': 'FULL', 'nonrefundable': 0, 'cancellation_period': 1, 'cancellation_fee': 'FIRST', 'breakfast': 0, 'base_price': 7000, 'prices': [7000], 'price': 7000, 'old_price': 0, 'currency': 'RUB', 'payment_amount': 7000, 'extras_variants': [], 'extras': {'22100': {'id': 22100, 'number': 2, 'extra_bed_type_id': 2, 'age': [0, 7], 'extra_bed': 1, 'free': 1}}, 'rate_id': 18577, 'deals': [], 'cancellation_type': 'special', 'credit_card': 1, 'bonus': 350, 'miles': 420, 'min_stay': 1, 'platichastyami': 0, 'mircashback': 700}, {'id': 770759, 'capacity': 1, 'prepayment': 'FULL', 'nonrefundable': 0, 'cancellation_period': 1, 'cancellation_fee': 'FIRST', 'breakfast': 1, 'base_price': 8200, 'prices': [8200], 'price': 8200, 'old_price': 0, 'currency': 'RUB', 'payment_amount': 8200, 'extras_variants': [], 'extras': {'22100': {'id': 22100, 'number': 2, 'extra_bed_type_id': 2, 'age': [0, 7], 'extra_bed': 1, 'free': 1}}, 'rate_id': 18576, 'deals': [], 'cancellation_type': 'special', 'credit_card': 1, 'bonus': 410, 'miles': 492, 'min_stay': 1, 'platichastyami': 0, 'mircashback': 820}, {'id': 770762, 'capacity': 2, 'prepayment': 'FULL', 'nonrefundable': 0, 'cancellation_period': 1, 'cancellation_fee': 'FIRST', 'breakfast': 0, 'base_price': 7000, 'prices': [7000], 'price': 7000, 'old_price': 0, 'currency': 'RUB', 'payment_amount': 7000, 'extras_variants': [], 'extras': {'22100': {'id': 22100, 'number': 2, 'extra_bed_type_id': 2, 'age': [0, 7], 'extra_bed': 1, 'free': 1}}, 'rate_id': 18577, 'deals': [], 'cancellation_type': 'special', 'credit_card': 1, 'bonus': 350, 'miles': 420, 'min_stay': 1, 'platichastyami': 0, 'mircashback': 700}, {'id': 770760, 'capacity': 2, 'prepayment': 'FULL', 'nonrefundable': 0, 'cancellation_period': 1, 'cancellation_fee': 'FIRST', 'breakfast': 1, 'base_price': 8200, 'prices': [8200], 'price': 8200, 'old_price': 0, 'currency': 'RUB', 'payment_amount': 8200, 'extras_variants': [], 'extras': {'22100': {'id': 22100, 'number': 2, 'extra_bed_type_id': 2, 'age': [0, 7], 'extra_bed': 1, 'free': 1}}, 'rate_id': 18576, 'deals': [], 'cancellation_type': 'special', 'credit_card': 1, 'bonus': 410, 'miles': 492, 'min_stay': 1, 'platichastyami': 0, 'mircashback': 820}]",7000.0,420,8802_101hotels,2026-08-13
2271863,,Джуниор Сюит Семейный 2х комнатный,3,2,0,1,Трехместный,37,1,"[{'single': 1, 'double': 1}]","[{'id': '9153', 'number': '2', 'min_age': '0', 'max_age': '7', 'is_extra_bed': '1', 'extra_bed_type_id': '2'}]","[{'id': 770770, 'capacity': 1, 'prepayment': 'FULL', 'nonrefundable': 0, 'cancellation_period': 1, 'cancellation_fee': 'FIRST', 'breakfast': 0, 'base_price': 9000, 'prices': [9000], 'price': 9000, 'old_price': 0, 'currency': 'RUB', 'payment_amount': 9000, 'extras_variants': [], 'extras': {'9153': {'id': 9153, 'number': 2, 'extra_bed_type_id': 2, 'age': [0, 7], 'extra_bed': 1, 'free': 1}}, 'rate_id': 18577, 'deals': [], 'cancellation_type': 'special', 'credit_card': 1, 'bonus': 450, 'miles': 540, 'min_stay': 1, 'platichastyami': 0, 'mircashback': 900}, {'id': 770767, 'capacity': 1, 'prepayment': 'FULL', 'nonrefundable': 0, 'cancellation_period': 1, 'cancellation_fee': 'FIRST', 'breakfast': 1, 'base_price': 10800, 'prices': [10800], 'price': 10800, 'old_price': 0, 'currency': 'RUB', 'payment_amount': 10800, 'extras_variants': [], 'extras': {'9153': {'id': 9153, 'number': 2, 'extra_bed_type_id': 2, 'age': [0, 7], 'extra_bed': 1, 'free': 1}}, 'rate_id': 18576, 'deals': [], 'cancellation_type': 'special', 'credit_card': 1, 'bonus': 540, 'miles': 648, 'min_stay': 1, 'platichastyami': 0, 'mircashback': 1080}, {'id': 770771, 'capacity': 2, 'prepayment': 'FULL', 'nonrefundable': 0, 'cancellation_period': 1, 'cancellation_fee': 'FIRST', 'breakfast': 0, 'base_price': 9000, 'prices': [9000], 'price': 9000, 'old_price': 0, 'currency': 'RUB', 'payment_amount': 9000, 'extras_variants': [], 'extras': {'9153': {'id': 9153, 'number': 2, 'extra_bed_type_id': 2, 'age': [0, 7], 'extra_bed': 1, 'free': 1}}, 'rate_id': 18577, 'deals': [], 'cancellation_type': 'special', 'credit_card': 1, 'bonus': 450, 'miles': 540, 'min_stay': 1, 'platichastyami': 0, 'mircashback': 900}, {'id': 770768, 'capacity': 2, 'prepayment': 'FULL', 'nonrefundable': 0, 'cancellation_period': 1, 'cancellation_fee': 'FIRST', 'breakfast': 1, 'base_price': 10800, 'prices': [10800], 'price': 10800, 'old_price': 0, 'currency': 'RUB', 'payment_amount': 10800, 'extras_variants': [], 'extras': {'9153': {'id': 9153, 'number': 2, 'extra_bed_type_id': 2, 'age': [0, 7], 'extra_bed': 1, 'free': 1}}, 'rate_id': 18576, 'deals': [], 'cancellation_type': 'special', 'credit_card': 1, 'bonus': 540, 'miles': 648, 'min_stay': 1, 'platichastyami': 0, 'mircashback': 1080}, {'id': 770772, 'capacity': 3, 'prepayment': 'FULL', 'nonrefundable': 0, 'cancellation_period': 1, 'cancellation_fee': 'FIRST', 'breakfast': 0, 'base_price': 9000, 'prices': [9000], 'price': 9000, 'old_price': 0, 'currency': 'RUB', 'payment_amount': 9000, 'extras_variants': [], 'extras': {'9153': {'id': 9153, 'number': 2, 'extra_bed_type_id': 2, 'age': [0, 7], 'extra_bed': 1, 'free': 1}}, 'rate_id': 18577, 'deals': [], 'cancellation_type': 'special', 'credit_card': 1, 'bonus': 450, 'miles': 540, 'min_stay': 1, 'platichastyami': 0, 'mircashback': 900}, {'id': 770769, 'capacity': 3, 'prepayment': 'FULL', 'nonrefundable': 0, 'cancellation_period': 1, 'cancellation_fee': 'FIRST', 'breakfast': 1, 'base_price': 10800, 'prices': [10800], 'price': 10800, 'old_price': 0, 'currency': 'RUB', 'payment_amount': 10800, 'extras_variants': [], 'extras': {'9153': {'id': 9153, 'number': 2, 'extra_bed_type_id': 2, 'age': [0, 7], 'extra_bed': 1, 'free': 1}}, 'rate_id': 18576, 'deals': [], 'cancellation_type': 'special', 'credit_card': 1, 'bonus': 540, 'miles': 648, 'min_stay': 1, 'platichastyami': 0, 'mircashback': 1080}]",9000.0,540,8802_101hotels,2026-08-13
2271865,,Джуниор сюит Семейный 1 комнатный,2,2,0,1,Двухместный,2,1,[{'double': 1}],"[{'id': '22097', 'number': '2', 'min_age': '0', 'max_age': '7', 'is_extra_bed': '1', 'extra_bed_type_id': '2'}]","[{'id': 770775, 'capacity': 1, 'prepayment': 'FULL', 'nonrefundable': 0, 'cancellation_period': 1, 'cancellation_fee': 'FIRST', 'breakfast': 0, 'base_price': 9000, 'prices': [9000], 'price': 9000, 'old_price': 0, 'currency': 'RUB', 'payment_amount': 9000, 'extras_variants': [], 'extras': {'22097': {'id': 22097, 'number': 2, 'extra_bed_type_id': 2, 'age': [0, 7], 'extra_bed': 1, 'free': 1}}, 'rate_id': 18577, 'deals': [], 'cancellation_type': 'special', 'credit_card': 1, 'bonus': 450, 'miles': 540, 'min_stay': 1, 'platichastyami': 0, 'mircashback': 900}, {'id': 770773, 'capacity': 1, 'prepayment': 'FULL', 'nonrefundable': 0, 'cancellation_period': 1, 'cancellation_fee': 'FIRST', 'breakfast': 1, 'base_price': 10800, 'prices': [10800], 'price': 10800, 'old_price': 0, 'currency': 'RUB', 'payment_amount': 10800, 'extras_variants': [], 'extras': {'22097': {'id': 22097, 'number': 2, 'extra_bed_type_id': 2, 'age': [0, 7], 'extra_bed': 1, 'free': 1}}, 'rate_id': 18576, 'deals': [], 'cancellation_type': 'special', 'credit_card': 1, 'bonus': 540, 'miles': 648, 'min_stay': 1, 'platichastyami': 0, 'mircashback': 1080}, {'id': 770776, 'capacity': 2, 'prepayment': 'FULL', 'nonrefundable': 0, 'cancellation_period': 1, 'cancellation_fee': 'FIRST', 'breakfast': 0, 'base_price': 9000, 'prices': [9000], 'price': 9000, 'old_price': 0, 'currency': 'RUB', 'payment_amount': 9000, 'extras_variants': [], 'extras': {'22097': {'id': 22097, 'number': 2, 'extra_bed_type_id': 2, 'age': [0, 7], 'extra_bed': 1, 'free': 1}}, 'rate_id': 18577, 'deals': [], 'cancellation_type': 'special', 'credit_card': 1, 'bonus': 450, 'miles': 540, 'min_stay': 1, 'platichastyami': 0, 'mircashback': 900}, {'id': 770774, 'capacity': 2, 'prepayment': 'FULL', 'nonrefundable': 0, 'cancellation_period': 1, 'cancellation_fee': 'FIRST', 'breakfast': 1, 'base_price': 10800, 'prices': [10800], 'price': 10800, 'old_price': 0, 'currency': 'RUB', 'payment_amount': 10800, 'extras_variants': [], 'extras': {'22097': {'id': 22097, 'number': 2, 'extra_bed_type_id': 2, 'age': [0, 7], 'extra_bed': 1, 'free': 1}}, 'rate_id': 18576, 'deals': [], 'cancellation_type': 'special', 'credit_card': 1, 'bonus': 540, 'miles': 648, 'min_stay': 1, 'platichastyami': 0, 'mircashback': 1080}]",9000.0,540,8802_101hotels,2026-08-13
129464,,Стандартный двухместный номер с 1 кроватью,2,0,0,1,Двухместный,2,3,[{'double': 1}],[],"[{'id': 1181853, 'capacity': 1, 'prepayment': 'NO', 'nonrefundable': 0, 'cancellation_period': 0, 'cancellation_fee': 'NO', 'breakfast': 0, 'base_price': 3500, 'prices': [3500], 'price': 3500, 'old_price': 3500, 'currency': 'RUB', 'payment_amount': 0, 'extras_variants': [], 'extras': [], 'rate_id': 60237, 'deals': [], 'cancellation_type': 'free', 'credit_card': 0, 'bonus': 175, 'miles': 210, 'min_stay': 1, 'platichastyami': 0, 'mircashback': 350}, {'id': 1181854, 'capacity': 2, 'prepayment': 'NO', 'nonrefundable': 0, 'cancellation_period': 0, 'cancellation_fee': 'NO', 'breakfast': 0, 'base_price': 3500, 'prices': [3500], 'price': 3500, 'old_price': 3500, 'currency': 'RUB', 'payment_amount': 0, 'extras_variants': [], 'extras': [], 'rate_id': 60237, 'deals': [], 'cancellation_type': 'free', 'credit_card': 0, 'bonus': 175, 'miles': 210, 'min_stay': 1, 'platichastyami': 0, 'mircashback': 350}, {'id': '1181853P', 'capacity': 1, 'prepayment': 'FULL', 'nonrefundable': 0, 'cancellation_period': 0, 'cancellation_fee': 'NO', 'breakfast': 0, 'base_price': 3500, 'prices': [3500], 'price': 3500, 'old_price': 3500, 'currency': 'RUB', 'payment_amount': 3500, 'extras_variants': [], 'extras': [], 'rate_id': 60237, 'deals': [], 'cancellation_type': 'free', 'credit_card': 0, 'bonus': 175, 'miles': 210, 'min_stay': 1, 'platichastyami': 0, 'mircashback': 350}, {'id': '1181854P', 'capacity': 2, 'prepayment': 'FULL', 'nonrefundable': 0, 'cancellation_period': 0, 'cancellation_fee': 'NO', 'breakfast': 0, 'base_price': 3500, 'prices': [3500], 'price': 3500, 'old_price': 3500, 'currency': 'RUB', 'payment_amount': 3500, 'extras_variants': [], 'extras': [], 'rate_id': 60237, 'deals': [], 'cancellation_type': 'free', 'credit_card': 0, 'bonus': 175, 'miles': 210, 'min_stay': 1, 'platichastyami': 0, 'mircashback': 350}]",3500.0,210,30831_101hotels,2026-08-13
350973,,"Стандарт, Double/Twin",2,1,0,1,Двухместный,2,4,"[{'single': 2}, {'double': 1}]",[],"[{'id': 667112, 'capacity': 1, 'prepayment': 'FIRST', 'nonrefundable': 0, 'cancellation_period': 1, 'cancellation_fee': 'FIRST', 'breakfast': 0, 'base_price': 4500, 'prices': [4500], 'price': 4500, 'old_price': 4500, 'currency': 'RUB', 'payment_amount': 4500, 'extras_variants': [], 'extras': [], 'rate_id': 26114, 'deals': [], 'cancellation_type': 'special', 'credit_card': 1, 'bonus': 225, 'miles': 270, 'min_stay': 1, 'platichastyami': 0, 'mircashback': 450}, {'id': 667116, 'capacity': 1, 'prepayment': 'FIRST', 'nonrefundable': 0, 'cancellation_period': 1, 'cancellation_fee': 'FIRST', 'breakfast': 1, 'base_price': 4900, 'prices': [4900], 'price': 4900, 'old_price': 4900, 'currency': 'RUB', 'payment_amount': 4900, 'extras_variants': [], 'extras': [], 'rate_id': 26115, 'deals': [], 'cancellation_type': 'special', 'credit_card': 1, 'bonus': 245, 'miles': 294, 'min_stay': 1, 'platichastyami': 0, 'mircashback': 490}, {'id': 667120, 'capacity': 1, 'prepayment': 'FIRST', 'nonrefundable': 0, 'cancellation_period': 1, 'cancellation_fee': 'FIRST', 'breakfast': 2, 'base_price': 6160, 'prices': [6160], 'price': 6160, 'old_price': 6160, 'currency': 'RUB', 'payment_amount': 6160, 'extras_variants': [], 'extras': [], 'rate_id': 26116, 'deals': [], 'cancellation_type': 'special', 'credit_card': 1, 'bonus': 308, 'miles': 369, 'min_stay': 1, 'platichastyami': 0, 'mircashback': 616}, {'id': 667113, 'capacity': 2, 'prepayment': 'FIRST', 'nonrefundable': 0, 'cancellation_period': 1, 'cancellation_fee': 'FIRST', 'breakfast': 0, 'base_price': 5500, 'prices': [5500], 'price': 5500, 'old_price': 5500, 'currency': 'RUB', 'payment_amount': 5500, 'extras_variants': [], 'extras': [], 'rate_id': 26114, 'deals': [], 'cancellation_type': 'special', 'credit_card': 1, 'bonus': 275, 'miles': 330, 'min_stay': 1, 'platichastyami': 0, 'mircashback': 550}, {'id': 667117, 'capacity': 2, 'prepayment': 'FIRST', 'nonrefundable': 0, 'cancellation_period': 1, 'cancellation_fee': 'FIRST', 'breakfast': 1, 'base_price': 5900, 'prices': [5900], 'price': 5900, 'old_price': 5900, 'currency': 'RUB', 'payment_amount': 5900, 'extras_variants': [], 'extras': [], 'rate_id': 26115, 'deals': [], 'cancellation_type': 'special', 'credit_card': 1, 'bonus': 295, 'miles': 354, 'min_stay': 1, 'platichastyami': 0, 'mircashback': 590}, {'id': 667121, 'capacity': 2, 'prepayment': 'FIRST', 'nonrefundable': 0, 'cancellation_period': 1, 'cancellation_fee': 'FIRST', 'breakfast': 2, 'base_price': 8240, 'prices': [8240], 'price': 8240, 'old_price': 8240, 'currency': 'RUB', 'payment_amount': 8240, 'extras_variants': [], 'extras': [], 'rate_id': 26116, 'deals': [], 'cancellation_type': 'special', 'credit_card': 1, 'bonus': 412, 'miles': 492, 'min_stay': 1, 'platichastyami': 0, 'mircashback': 824}]",4500.0,270,100517_101hotels,2026-08-13
2240037,,Две раздельные кровати,2,0,0,1,Двухместный,2,1,[{'single': 2}],[],"[{'id': 872195, 'capacity': 1, 'prepayment': 'FIRST', 'nonrefundable': 0, 'cancellation_period': 1, 'cancellation_fee': 'FIRST', 'breakfast': 0, 'base_price': 3300, 'prices': [3300], 'price': 2970, 'old_price': 3300, 'currency': 'RUB', 'payment_amount': 3300, 'extras_variants': [], 'extras': [], 'rate_id': 39867, 'deals': ['LAST_MINUTE'], 'cancellation_type': 'special', 'credit_card': 1, 'bonus': 149, 'miles': 177, 'min_stay': 1, 'platichastyami': 0, 'mircashback': 297}, {'id': 872196, 'capacity': 2, 'prepayment': 'FIRST', 'nonrefundable': 0, 'cancellation_period': 1, 'cancellation_fee': 'FIRST', 'breakfast': 0, 'base_price': 3300, 'prices': [3300], 'price': 2970, 'old_price': 3300, 'currency': 'RUB', 'payment_amount': 3300, 'extras_variants': [], 'extras': [], 'rate_id': 39867, 'deals': ['LAST_MINUTE'], 'cancellation_type': 'special', 'credit_card': 1, 'bonus': 149, 'miles': 177, 'min_stay': 1, 'platichastyami': 0, 'mircashback': 297}]",2970.0,177,655564_101hotels,2026-08-13
2240038,,1 кровать,2,0,0,1,Двухместный,2,1,[{'single': 2}],[],"[{'id': 872197, 'capacity': 1, 'prepayment': 'FIRST', 'nonrefundable': 0, 'cancellation_period': 1, 'cancellation_fee': 'FIRST', 'breakfast': 0, 'base_price': 3300, 'prices': [3300], 'price': 2970, 'old_price': 3300, 'currency': 'RUB', 'payment_amount': 3300, 'extras_variants': [], 'extras': [], 'rate_id': 39867, 'deals': ['LAST_MINUTE'], 'cancellation_type': 'special', 'credit_card': 1, 'bonus': 149, 'miles': 177, 'min_stay': 1, 'platichastyami': 0, 'mircashback': 297}, {'id': 872198, 'capacity': 2, 'prepayment': 'FIRST', 'nonrefundable': 0, 'cancellation_period': 1, 'cancellation_fee': 'FIRST', 'breakfast': 0, 'base_price': 3300, 'prices': [3300], 'price': 2970, 'old_price': 3300, 'currency': 'RUB', 'payment_amount': 3300, 'extras_variants': [], 'extras': [], 'rate_id': 39867, 'deals': ['LAST_MINUTE'], 'cancellation_type': 'special', 'credit_card': 1, 'bonus': 149, 'miles': 177, 'min_stay': 1, 'platichastyami': 0, 'mircashback': 297}]",2970.0,177,655564_101hotels,2026-08-13
2240039,,,1,0,0,1,Одноместный,1,1,[{'single': 1}],[],"[{'id': 872194, 'capacity': 1, 'prepayment': 'FIRST', 'nonrefundable': 0, 'cancellation_period': 1, 'cancellation_fee': 'FIRST', 'breakfast': 0, 'base_price': 3000, 'prices': [3000], 'price': 3000, 'old_price': 3000, 'currency': 'RUB', 'payment_amount': 3000, 'extras_variants': [], 'extras': [], 'rate_id': 39867, 'deals': [], 'cancellation_type': 'special', 'credit_card': 1, 'bonus': 150, 'miles': 180, 'min_stay': 1, 'platichastyami': 0, 'mircashback': 300}]",3000.0,180,655564_101hotels,2026-08-13
2240036,,Стандарт,2,0,0,1,Двухместный,2,2,[{'single': 2}],[],"[{'id': 1132768, 'capacity': 1, 'prepayment': 'FULL', 'nonrefundable': 0, 'cancellation_period': 2, 'cancellation_fee': 'FIRST', 'breakfast': 0, 'base_price': 3500, 'prices': [3500], 'price': 3500, 'old_price': 3500, 'currency': 'RUB', 'payment_amount': 3500, 'extras_variants': [], 'extras': [], 'rate_id': 56994, 'deals': [], 'cancellation_type': 'special', 'credit_card': 1, 'bonus': 175, 'miles': 210, 'min_stay': 1, 'platichastyami': 0, 'mircashback': 350}, {'id': 1132769, 'capacity': 2, 'prepayment': 'FULL', 'nonrefundable': 0, 'cancellation_period': 2, 'cancellation_fee': 'FIRST', 'breakfast': 0, 'base_price': 3500, 'prices': [3500], 'price': 3500, 'old_price': 3500, 'currency': 'RUB', 'payment_amount': 3500, 'extras_variants': [], 'extras': [], 'rate_id': 56994, 'deals': [], 'cancellation_type': 'special', 'credit_card': 1, 'bonus': 175, 'miles': 210, 'min_stay': 1, 'platichastyami': 0, 'mircashback': 350}]",3500.0,210,655480_101hotels,2026-08-13
2279578,,Джуниор Сьют,2,1,0,1,Полулюкс,4,1,[{'double': 2}],"[{'id': '12801', 'number': '1', 'min_age': '0', 'max_age': '3', 'is_extra_bed': '1', 'extra_bed_type_id': '4'}, {'id': '12802', 'number': '1', 'min_age': '3', 'max_age': '18', 'is_extra_bed': '1', 'extra_bed_type_id': '3'}]","[{'id': 854433, 'capacity': 1, 'prepayment': 'NO', 'nonrefundable': 0, 'cancellation_period': 0, 'cancellation_fee': 'NO', 'breakfast': 1, 'base_price': 62000, 'prices': [62000], 'price': 62000, 'old_price': 62000, 'currency': 'RUB', 'payment_amount': 0, 'extras_variants': [], 'extras': {'12801': {'id': 12801, 'number': 1, 'extra_bed_type_id': 4, 'age': [0, 3], 'extra_bed': 1, 'free': 1}, '12802': {'id': 12802, 'number': 1, 'extra_bed_type_id': 3, 'age': [3, 18], 'extra_bed': 1, 'free': 1}}, 'rate_id': 38528, 'deals': [], 'cancellation_type': 'free', 'credit_card': 0, 'bonus': 3100, 'miles': 3720, 'min_stay': 1, 'platichastyami': 0, 'mircashback': 6200}, {'id': 854434, 'capacity': 2, 'prepayment': 'NO', 'nonrefundable': 0, 'cancellation_period': 0, 'cancellation_fee': 'NO', 'breakfast': 1, 'base_price': 69000, 'prices': [69000], 'price': 69000, 'old_price': 69000, 'currency': 'RUB', 'payment_amount': 0, 'extras_variants': [], 'extras': {'12801': {'id': 12801, 'number': 1, 'extra_bed_type_id': 4, 'age': [0, 3], 'extra_bed': 1, 'free': 1}, '12802': {'id': 12802, 'number': 1, 'extra_bed_type_id': 3, 'age': [3, 18], 'extra_bed': 1, 'free': 1}}, 'rate_id': 38528, 'deals': [], 'cancellation_type': 'free', 'credit_card': 0, 'bonus': 3450, 'miles': 4140, 'min_stay': 1, 'platichastyami': 0, 'mircashback': 6900}]",62000.0,3720,663295_101hotels,2026-08-13
2279581,,Авангард,2,0,0,1,Апартаменты,14,1,[{'double': 1}],"[{'id': '12803', 'number': '1', 'min_age': '0', 'max_age': '3', 'is_extra_bed': '0', 'extra_bed_type_id': '0'}]","[{'id': 854441, 'capacity': 1, 'prepayment': 'NO', 'nonrefundable': 0, 'cancellation_period': 0, 'cancellation_fee': 'NO', 'breakfast': 1, 'base_price': 77000, 'prices': [77000], 'price': 77000, 'old_price': 77000, 'currency': 'RUB', 'payment_amount': 0, 'extras_variants': [], 'extras': {'12803': {'id': 12803, 'number': 1, 'extra_bed_type_id': 0, 'age': [0, 3], 'extra_bed': 0, 'free': 1}}, 'rate_id': 38528, 'deals': [], 'cancellation_type': 'free', 'credit_card': 0, 'bonus': 3850, 'miles': 4620, 'min_stay': 1, 'platichastyami': 0, 'mircashback': 7700}, {'id': 854442, 'capacity': 2, 'prepayment': 'NO', 'nonrefundable': 0, 'cancellation_period': 0, 'cancellation_fee': 'NO', 'breakfast': 1, 'base_price': 84000, 'prices': [84000], 'price': 84000, 'old_price': 84000, 'currency': 'RUB', 'payment_amount': 0, 'extras_variants': [], 'extras': {'12803': {'id': 12803, 'number': 1, 'extra_bed_type_id': 0, 'age': [0, 3], 'extra_bed': 0, 'free': 1}}, 'rate_id': 38528, 'deals': [], 'cancellation_type': 'free', 'credit_card': 0, 'bonus': 4200, 'miles': 5040, 'min_stay': 1, 'platichastyami': 0, 'mircashback': 8400}]",77000.0,4620,663295_101hotels,2026-08-13
2279586,,Президентский,2,1,0,1,Люкс,6,1,[{'double': 1}],"[{'id': '13052', 'number': '1', 'min_age': '0', 'max_age': '3', 'is_extra_bed': '1', 'extra_bed_type_id': '4'}]","[{'id': 854435, 'capacity': 1, 'prepayment': 'NO', 'nonrefundable': 0, 'cancellation_period': 0, 'cancellation_fee': 'NO', 'breakfast': 1, 'base_price': 200000, 'prices': [200000], 'price': 200000, 'old_price': 200000, 'currency': 'RUB', 'payment_amount': 0, 'extras_variants': [], 'extras': {'13052': {'id': 13052, 'number': 1, 'extra_bed_type_id': 4, 'age': [0, 3], 'extra_bed': 1, 'free': 1}}, 'rate_id': 38528, 'deals': [], 'cancellation_type': 'free', 'credit_card': 0, 'bonus': 10000, 'miles': 6000, 'min_stay': 1, 'platichastyami': 0, 'mircashback': 10000}, {'id': 854436, 'capacity': 2, 'prepayment': 'NO', 'nonrefundable': 0, 'cancellation_period': 0, 'cancellation_fee': 'NO', 'breakfast': 1, 'base_price': 215000, 'prices': [215000], 'price': 215000, 'old_price': 215000, 'currency': 'RUB', 'payment_amount': 0, 'extras_variants': [], 'extras': {'13052': {'id': 13052, 'number': 1, 'extra_bed_type_id': 4, 'age': [0, 3], 'extra_bed': 1, 'free': 1}}, 'rate_id': 38528, 'deals': [], 'cancellation_type': 'free', 'credit_card': 0, 'bonus': 10750, 'miles': 6000, 'min_stay': 1, 'platichastyami': 0, 'mircashback': 10000}]",200000.0,6000,663295_101hotels,2026-08-13
2286155,,Супериор Классик,2,0,0,1,Двухместный,2,4,"[{'single': 2}, {'double': 1}]",[],"[{'id': 922849, 'capacity': 1, 'prepayment': 'NO', 'nonrefundable': 0, 'cancellation_period': 0, 'cancellation_fee': 'NO', 'breakfast': 1, 'base_price': 46000, 'prices': [46000], 'price': 46000, 'old_price': 46000, 'currency': 'RUB', 'payment_amount': 0, 'extras_variants': [], 'extras': [], 'rate_id': 38528, 'deals': [], 'cancellation_type': 'free', 'credit_card': 0, 'bonus': 2300, 'miles': 2760, 'min_stay': 1, 'platichastyami': 0, 'mircashback': 4600}, {'id': 922850, 'capacity': 2, 'prepayment': 'NO', 'nonrefundable': 0, 'cancellation_period': 0, 'cancellation_fee': 'NO', 'breakfast': 1, 'base_price': 53000, 'prices': [53000], 'price': 53000, 'old_price': 53000, 'currency': 'RUB', 'payment_amount': 0, 'extras_variants': [], 'extras': [], 'rate_id': 38528, 'deals': [], 'cancellation_type': 'free', 'credit_card': 0, 'bonus': 2650, 'miles': 3180, 'min_stay': 1, 'platichastyami': 0, 'mircashback': 5300}]",46000.0,2760,663295_101hotels,2026-08-13
2286156,,Супериор Модерн,2,0,0,1,Двухместный,2,7,[{'double': 1}],[],"[{'id': 922853, 'capacity': 1, 'prepayment': 'NO', 'nonrefundable': 0, 'cancellation_period': 0, 'cancellation_fee': 'NO', 'breakfast': 1, 'base_price': 46000, 'prices': [46000], 'price': 46000, 'old_price': 46000, 'currency': 'RUB', 'payment_amount': 0, 'extras_variants': [], 'extras': [], 'rate_id': 38528, 'deals': [], 'cancellation_type': 'free', 'credit_card': 0, 'bonus': 2300, 'miles': 2760, 'min_stay': 1, 'platichastyami': 0, 'mircashback': 4600}, {'id': 922854, 'capacity': 2, 'prepayment': 'NO', 'nonrefundable': 0, 'cancellation_period': 0, 'cancellation_fee': 'NO', 'breakfast': 1, 'base_price': 53000, 'prices': [53000], 'price': 53000, 'old_price': 53000, 'currency': 'RUB', 'payment_amount': 0, 'extras_variants': [], 'extras': [], 'rate_id': 38528, 'deals': [], 'cancellation_type': 'free', 'credit_card': 0, 'bonus': 2650, 'miles': 3180, 'min_stay': 1, 'platichastyami': 0, 'mircashback': 5300}]",46000.0,2760,663295_101hotels,2026-08-13
2286157,,Супериор Нордик,2,0,0,1,Двухместный,2,3,"[{'single': 2}, {'double': 1}]",[],"[{'id': 922856, 'capacity': 1, 'prepayment': 'NO', 'nonrefundable': 0, 'cancellation_period': 0, 'cancellation_fee': 'NO', 'breakfast': 1, 'base_price': 46000, 'prices': [46000], 'price': 46000, 'old_price': 46000, 'currency': 'RUB', 'payment_amount': 0, 'extras_variants': [], 'extras': [], 'rate_id': 38528, 'deals': [], 'cancellation_type': 'free', 'credit_card': 0, 'bonus': 2300, 'miles': 2760, 'min_stay': 1, 'platichastyami': 0, 'mircashback': 4600}, {'id': 922857, 'capacity': 2, 'prepayment': 'NO', 'nonrefundable': 0, 'cancellation_period': 0, 'cancellation_fee': 'NO', 'breakfast': 1, 'base_price': 53000, 'prices': [53000], 'price': 53000, 'old_price': 53000, 'currency': 'RUB', 'payment_amount': 0, 'extras_variants': [], 'extras': [], 'rate_id': 38528, 'deals': [], 'cancellation_type': 'free', 'credit_card': 0, 'bonus': 2650, 'miles': 3180, 'min_stay': 1, 'platichastyami': 0, 'mircashback': 5300}]",46000.0,2760,663295_101hotels,2026-08-13
2286162,,Делюкс Классик,2,1,0,1,Двухместный,2,1,[{'single': 2}],[],"[{'id': 922885, 'capacity': 1, 'prepayment': 'NO', 'nonrefundable': 0, 'cancellation_period': 0, 'cancellation_fee': 'NO', 'breakfast': 1, 'base_price': 50000, 'prices': [50000], 'price': 50000, 'old_price': 50000, 'currency': 'RUB', 'payment_amount': 0, 'extras_variants': [], 'extras': [], 'rate_id': 38528, 'deals': [], 'cancellation_type': 'free', 'credit_card': 0, 'bonus': 2500, 'miles': 3000, 'min_stay': 1, 'platichastyami': 0, 'mircashback': 5000}, {'id': 922886, 'capacity': 2, 'prepayment': 'NO', 'nonrefundable': 0, 'cancellation_period': 0, 'cancellation_fee': 'NO', 'breakfast': 1, 'base_price': 57000, 'prices': [57000], 'price': 57000, 'old_price': 57000, 'currency': 'RUB', 'payment_amount': 0, 'extras_variants': [], 'extras': [], 'rate_id': 38528, 'deals': [], 'cancellation_type': 'free', 'credit_card': 0, 'bonus': 2850, 'miles': 3420, 'min_stay': 1, 'platichastyami': 0, 'mircashback': 5700}]",50000.0,3000,663295_101hotels,2026-08-13
2286163,,Делюкс Модерн,2,1,0,1,Двухместный,2,3,[{'double': 1}],[],"[{'id': 922924, 'capacity': 1, 'prepayment': 'NO', 'nonrefundable': 0, 'cancellation_period': 0, 'cancellation_fee': 'NO', 'breakfast': 1, 'base_price': 50000, 'prices': [50000], 'price': 50000, 'old_price': 50000, 'currency': 'RUB', 'payment_amount': 0, 'extras_variants': [], 'extras': [], 'rate_id': 38528, 'deals': [], 'cancellation_type': 'free', 'credit_card': 0, 'bonus': 2500, 'miles': 3000, 'min_stay': 1, 'platichastyami': 0, 'mircashback': 5000}, {'id': 922925, 'capacity': 2, 'prepayment': 'NO', 'nonrefundable': 0, 'cancellation_period': 0, 'cancellation_fee': 'NO', 'breakfast': 1, 'base_price': 57000, 'prices': [57000], 'price': 57000, 'old_price': 57000, 'currency': 'RUB', 'payment_amount': 0, 'extras_variants': [], 'extras': [], 'rate_id': 38528, 'deals': [], 'cancellation_type': 'free', 'credit_card': 0, 'bonus': 2850, 'miles': 3420, 'min_stay': 1, 'platichastyami': 0, 'mircashback': 5700}]",50000.0,3000,663295_101hotels,2026-08-13
2295480,,Делюкс,2,0,0,1,Делюкс,29,1,[{'double': 1}],[],"[{'id': 1002429, 'capacity': 1, 'prepayment': 'NO', 'nonrefundable': 0, 'cancellation_period': 0, 'cancellation_fee': 'NO', 'breakfast': 1, 'base_price': 18000, 'prices': [18000], 'price': 18000, 'old_price': 18000, 'currency': 'RUB', 'payment_amount': 0, 'extras_variants': [], 'extras': [], 'rate_id': 48075, 'deals': [], 'cancellation_type': 'free', 'credit_card': 0, 'bonus': 900, 'miles': 1080, 'min_stay': 1, 'platichastyami': 0, 'mircashback': 1800}, {'id': 1002430, 'capacity': 2, 'prepayment': 'NO', 'nonrefundable': 0, 'cancellation_period': 0, 'cancellation_fee': 'NO', 'breakfast': 1, 'base_price': 18000, 'prices': [18000], 'price': 18000, 'old_price': 18000, 'currency': 'RUB', 'payment_amount': 0, 'extras_variants': [], 'extras': [], 'rate_id': 48075, 'deals': [], 'cancellation_type': 'free', 'credit_card': 0, 'bonus': 900, 'miles': 1080, 'min_stay': 1, 'platichastyami': 0, 'mircashback': 1800}, {'id': '1002429P', 'capacity': 1, 'prepayment': 'FULL', 'nonrefundable': 0, 'cancellation_period': 0, 'cancellation_fee': 'NO', 'breakfast': 1, 'base_price': 18000, 'prices': [18000], 'price': 18000, 'old_price': 18000, 'currency': 'RUB', 'payment_amount': 18000, 'extras_variants': [], 'extras': [], 'rate_id': 48075, 'deals': [], 'cancellation_type': 'free', 'credit_card': 0, 'bonus': 900, 'miles': 1080, 'min_stay': 1, 'platichastyami': 0, 'mircashback': 1800}, {'id': '1002430P', 'capacity': 2, 'prepayment': 'FULL', 'nonrefundable': 0, 'cancellation_period': 0, 'cancellation_fee': 'NO', 'breakfast': 1, 'base_price': 18000, 'prices': [18000], 'price': 18000, 'old_price': 18000, 'currency': 'RUB', 'payment_amount': 18000, 'extras_variants': [], 'extras': [], 'rate_id': 48075, 'deals': [], 'cancellation_type': 'free', 'credit_card': 0, 'bonus': 900, 'miles': 1080, 'min_stay': 1, 'platichastyami': 0, 'mircashback': 1800}]",18000.0,1080,672104_101hotels,2026-08-13
2295659,,Гранд Делюкс,2,1,0,1,Трехместный,37,1,[{'double': 1}],"[{'id': '19441', 'number': '1', 'min_age': '0', 'max_age': '5', 'is_extra_bed': '0', 'extra_bed_type_id': '0'}]","[{'id': 1003707, 'capacity': 1, 'prepayment': 'NO', 'nonrefundable': 0, 'cancellation_period': 0, 'cancellation_fee': 'NO', 'breakfast': 1, 'base_price': 21000, 'prices': [21000], 'price': 21000, 'old_price': 21000, 'currency': 'RUB', 'payment_amount': 0, 'extras_variants': [], 'extras': {'19441': {'id': 19441, 'number': 1, 'extra_bed_type_id': 0, 'age': [0, 5], 'extra_bed': 0, 'free': 1}}, 'rate_id': 48075, 'deals': [], 'cancellation_type': 'free', 'credit_card': 0, 'bonus': 1050, 'miles': 1260, 'min_stay': 1, 'platichastyami': 0, 'mircashback': 2100}, {'id': 1003708, 'capacity': 2, 'prepayment': 'NO', 'nonrefundable': 0, 'cancellation_period': 0, 'cancellation_fee': 'NO', 'breakfast': 1, 'base_price': 21000, 'prices': [21000], 'price': 21000, 'old_price': 21000, 'currency': 'RUB', 'payment_amount': 0, 'extras_variants': [], 'extras': {'19441': {'id': 19441, 'number': 1, 'extra_bed_type_id': 0, 'age': [0, 5], 'extra_bed': 0, 'free': 1}}, 'rate_id': 48075, 'deals': [], 'cancellation_type': 'free', 'credit_card': 0, 'bonus': 1050, 'miles': 1260, 'min_stay': 1, 'platichastyami': 0, 'mircashback': 2100}, {'id': '1003707P', 'capacity': 1, 'prepayment': 'FULL', 'nonrefundable': 0, 'cancellation_period': 0, 'cancellation_fee': 'NO', 'breakfast': 1, 'base_price': 21000, 'prices': [21000], 'price': 21000, 'old_price': 21000, 'currency': 'RUB', 'payment_amount': 21000, 'extras_variants': [], 'extras': {'19441': {'id': 19441, 'number': 1, 'extra_bed_type_id': 0, 'age': [0, 5], 'extra_bed': 0, 'free': 1}}, 'rate_id': 48075, 'deals': [], 'cancellation_type': 'free', 'credit_card': 0, 'bonus': 1050, 'miles': 1260, 'min_stay': 1, 'platichastyami': 0, 'mircashback': 2100}, {'id': '1003708P', 'capacity': 2, 'prepayment': 'FULL', 'nonrefundable': 0, 'cancellation_period': 0, 'cancellation_fee': 'NO', 'breakfast': 1, 'base_price': 21000, 'prices': [21000], 'price': 21000, 'old_price': 21000, 'currency': 'RUB', 'payment_amount': 21000, 'extras_variants': [], 'extras': {'19441': {'id': 19441, 'number': 1, 'extra_bed_type_id': 0, 'age': [0, 5], 'extra_bed': 0, 'free': 1}}, 'rate_id': 48075, 'deals': [], 'cancellation_type': 'free', 'credit_card': 0, 'bonus': 1050, 'miles': 1260, 'min_stay': 1, 'platichastyami': 0, 'mircashback': 2100}]",21000.0,1260,672104_101hotels,2026-08-13
2295661,,Премиум,2,1,0,1,Трехместный,37,1,[{'double': 1}],"[{'id': '19443', 'number': '1', 'min_age': '0', 'max_age': '5', 'is_extra_bed': '0', 'extra_bed_type_id': '0'}]","[{'id': 1003711, 'capacity': 1, 'prepayment': 'NO', 'nonrefundable': 0, 'cancellation_period': 0, 'cancellation_fee': 'NO', 'breakfast': 1, 'base_price': 26000, 'prices': [26000], 'price': 26000, 'old_price': 26000, 'currency': 'RUB', 'payment_amount': 0, 'extras_variants': [], 'extras': {'19443': {'id': 19443, 'number': 1, 'extra_bed_type_id': 0, 'age': [0, 5], 'extra_bed': 0, 'free': 1}}, 'rate_id': 48075, 'deals': [], 'cancellation_type': 'free', 'credit_card': 0, 'bonus': 1300, 'miles': 1560, 'min_stay': 1, 'platichastyami': 0, 'mircashback': 2600}, {'id': 1003712, 'capacity': 2, 'prepayment': 'NO', 'nonrefundable': 0, 'cancellation_period': 0, 'cancellation_fee': 'NO', 'breakfast': 1, 'base_price': 31000, 'prices': [31000], 'price': 31000, 'old_price': 31000, 'currency': 'RUB', 'payment_amount': 0, 'extras_variants': [], 'extras': {'19443': {'id': 19443, 'number': 1, 'extra_bed_type_id': 0, 'age': [0, 5], 'extra_bed': 0, 'free': 1}}, 'rate_id': 48075, 'deals': [], 'cancellation_type': 'free', 'credit_card': 0, 'bonus': 1550, 'miles': 1860, 'min_stay': 1, 'platichastyami': 0, 'mircashback': 3100}, {'id': '1003711P', 'capacity': 1, 'prepayment': 'FULL', 'nonrefundable': 0, 'cancellation_period': 0, 'cancellation_fee': 'NO', 'breakfast': 1, 'base_price': 26000, 'prices': [26000], 'price': 26000, 'old_price': 26000, 'currency': 'RUB', 'payment_amount': 26000, 'extras_variants': [], 'extras': {'19443': {'id': 19443, 'number': 1, 'extra_bed_type_id': 0, 'age': [0, 5], 'extra_bed': 0, 'free': 1}}, 'rate_id': 48075, 'deals': [], 'cancellation_type': 'free', 'credit_card': 0, 'bonus': 1300, 'miles': 1560, 'min_stay': 1, 'platichastyami': 0, 'mircashback': 2600}, {'id': '1003712P', 'capacity': 2, 'prepayment': 'FULL', 'nonrefundable': 0, 'cancellation_period': 0, 'cancellation_fee': 'NO', 'breakfast': 1, 'base_price': 31000, 'prices': [31000], 'price': 31000, 'old_price': 31000, 'currency': 'RUB', 'payment_amount': 31000, 'extras_variants': [], 'extras': {'19443': {'id': 19443, 'number': 1, 'extra_bed_type_id': 0, 'age': [0, 5], 'extra_bed': 0, 'free': 1}}, 'rate_id': 48075, 'deals': [], 'cancellation_type': 'free', 'credit_card': 0, 'bonus': 1550, 'miles': 1860, 'min_stay': 1, 'platichastyami': 0, 'mircashback': 3100}]",26000.0,1560,672104_101hotels,2026-08-13
2295662,,Посольский Люкс с балконом,2,1,0,1,Трехместный,37,1,[{'double': 1}],"[{'id': '19444', 'number': '1', 'min_age': '0', 'max_age': '5', 'is_extra_bed': '0', 'extra_bed_type_id': '0'}]","[{'id': 1003713, 'capacity': 1, 'prepayment': 'NO', 'nonrefundable': 0, 'cancellation_period': 0, 'cancellation_fee': 'NO', 'breakfast': 1, 'base_price': 38000, 'prices': [38000], 'price': 38000, 'old_price': 38000, 'currency': 'RUB', 'payment_amount': 0, 'extras_variants': [], 'extras': {'19444': {'id': 19444, 'number': 1, 'extra_bed_type_id': 0, 'age': [0, 5], 'extra_bed': 0, 'free': 1}}, 'rate_id': 48075, 'deals': [], 'cancellation_type': 'free', 'credit_card': 0, 'bonus': 1900, 'miles': 2280, 'min_stay': 1, 'platichastyami': 0, 'mircashback': 3800}, {'id': 1003714, 'capacity': 2, 'prepayment': 'NO', 'nonrefundable': 0, 'cancellation_period': 0, 'cancellation_fee': 'NO', 'breakfast': 1, 'base_price': 43000, 'prices': [43000], 'price': 43000, 'old_price': 43000, 'currency': 'RUB', 'payment_amount': 0, 'extras_variants': [], 'extras': {'19444': {'id': 19444, 'number': 1, 'extra_bed_type_id': 0, 'age': [0, 5], 'extra_bed': 0, 'free': 1}}, 'rate_id': 48075, 'deals': [], 'cancellation_type': 'free', 'credit_card': 0, 'bonus': 2150, 'miles': 2580, 'min_stay': 1, 'platichastyami': 0, 'mircashback': 4300}, {'id': '1003713P', 'capacity': 1, 'prepayment': 'FULL', 'nonrefundable': 0, 'cancellation_period': 0, 'cancellation_fee': 'NO', 'breakfast': 1, 'base_price': 38000, 'prices': [38000], 'price': 38000, 'old_price': 38000, 'currency': 'RUB', 'payment_amount': 38000, 'extras_variants': [], 'extras': {'19444': {'id': 19444, 'number': 1, 'extra_bed_type_id': 0, 'age': [0, 5], 'extra_bed': 0, 'free': 1}}, 'rate_id': 48075, 'deals': [], 'cancellation_type': 'free', 'credit_card': 0, 'bonus': 1900, 'miles': 2280, 'min_stay': 1, 'platichastyami': 0, 'mircashback': 3800}, {'id': '1003714P', 'capacity': 2, 'prepayment': 'FULL', 'nonrefundable': 0, 'cancellation_period': 0, 'cancellation_fee': 'NO', 'breakfast': 1, 'base_price': 43000, 'prices': [43000], 'price': 43000, 'old_price': 43000, 'currency': 'RUB', 'payment_amount': 43000, 'extras_variants': [], 'extras': {'19444': {'id': 19444, 'number': 1, 'extra_bed_type_id': 0, 'age': [0, 5], 'extra_bed': 0, 'free': 1}}, 'rate_id': 48075, 'deals': [], 'cancellation_type': 'free', 'credit_card': 0, 'bonus': 2150, 'miles': 2580, 'min_stay': 1, 'platichastyami': 0, 'mircashback': 4300}]",38000.0,2280,672104_101hotels,2026-08-13
2295663,,Президентский Люкс,2,1,0,1,Трехместный,37,2,[{'double': 1}],"[{'id': '19445', 'number': '1', 'min_age': '0', 'max_age': '5', 'is_extra_bed': '0', 'extra_bed_type_id': '0'}]","[{'id': 1003715, 'capacity': 1, 'prepayment': 'NO', 'nonrefundable': 0, 'cancellation_period': 0, 'cancellation_fee': 'NO', 'breakfast': 1, 'base_price': 48000, 'prices': [48000], 'price': 48000, 'old_price': 48000, 'currency': 'RUB', 'payment_amount': 0, 'extras_variants': [], 'extras': {'19445': {'id': 19445, 'number': 1, 'extra_bed_type_id': 0, 'age': [0, 5], 'extra_bed': 0, 'free': 1}}, 'rate_id': 48075, 'deals': [], 'cancellation_type': 'free', 'credit_card': 0, 'bonus': 2400, 'miles': 2880, 'min_stay': 1, 'platichastyami': 0, 'mircashback': 4800}, {'id': 1003716, 'capacity': 2, 'prepayment': 'NO', 'nonrefundable': 0, 'cancellation_period': 0, 'cancellation_fee': 'NO', 'breakfast': 1, 'base_price': 53000, 'prices': [53000], 'price': 53000, 'old_price': 53000, 'currency': 'RUB', 'payment_amount': 0, 'extras_variants': [], 'extras': {'19445': {'id': 19445, 'number': 1, 'extra_bed_type_id': 0, 'age': [0, 5], 'extra_bed': 0, 'free': 1}}, 'rate_id': 48075, 'deals': [], 'cancellation_type': 'free', 'credit_card': 0, 'bonus': 2650, 'miles': 3180, 'min_stay': 1, 'platichastyami': 0, 'mircashback': 5300}, {'id': '1003715P', 'capacity': 1, 'prepayment': 'FULL', 'nonrefundable': 0, 'cancellation_period': 0, 'cancellation_fee': 'NO', 'breakfast': 1, 'base_price': 48000, 'prices': [48000], 'price': 48000, 'old_price': 48000, 'currency': 'RUB', 'payment_amount': 48000, 'extras_variants': [], 'extras': {'19445': {'id': 19445, 'number': 1, 'extra_bed_type_id': 0, 'age': [0, 5], 'extra_bed': 0, 'free': 1}}, 'rate_id': 48075, 'deals': [], 'cancellation_type': 'free', 'credit_card': 0, 'bonus': 2400, 'miles': 2880, 'min_stay': 1, 'platichastyami': 0, 'mircashback': 4800}, {'id': '1003716P', 'capacity': 2, 'prepayment': 'FULL', 'nonrefundable': 0, 'cancellation_period': 0, 'cancellation_fee': 'NO', 'breakfast': 1, 'base_price': 53000, 'prices': [53000], 'price': 53000, 'old_price': 53000, 'currency': 'RUB', 'payment_amount': 53000, 'extras_variants': [], 'extras': {'19445': {'id': 19445, 'number': 1, 'extra_bed_type_id': 0, 'age': [0, 5], 'extra_bed': 0, 'free': 1}}, 'rate_id': 48075, 'deals': [], 'cancellation_type': 'free', 'credit_card': 0, 'bonus': 2650, 'miles': 3180, 'min_stay': 1, 'platichastyami': 0, 'mircashback': 5300}]",48000.0,2880,672104_101hotels,2026-08-13
2304255,,Одноместный стандартный номер,1,0,0,1,Одноместный,1,4,[{'single': 1}],[],"[{'id': 1078310, 'capacity': 1, 'prepayment': 'NO', 'nonrefundable': 0, 'cancellation_period': 0, 'cancellation_fee': 'NO', 'breakfast': 0, 'base_price': 6080, 'prices': [6080], 'price': 6080, 'old_price': 6080, 'currency': 'RUB', 'payment_amount': 0, 'extras_variants': [], 'extras': [], 'rate_id': 53184, 'deals': [], 'cancellation_type': 'free', 'credit_card': 0, 'bonus': 304, 'miles': 363, 'min_stay': 1, 'platichastyami': 0, 'mircashback': 608}, {'id': 1072440, 'capacity': 1, 'prepayment': 'FIRST', 'nonrefundable': 1, 'cancellation_period': 0, 'cancellation_fee': 'FIRST', 'breakfast': 7, 'base_price': 6655.2, 'prices': [6655.2], 'price': 6655.2, 'old_price': 6655.2, 'currency': 'RUB', 'payment_amount': 6655.2, 'extras_variants': [], 'extras': [], 'rate_id': 52775, 'deals': [], 'cancellation_type': 'nonrefundable', 'credit_card': 1, 'bonus': 333, 'miles': 399, 'min_stay': 1, 'platichastyami': 0, 'mircashback': 666}, {'id': 1072437, 'capacity': 1, 'prepayment': 'NO', 'nonrefundable': 0, 'cancellation_period': 0, 'cancellation_fee': 'NO', 'breakfast': 7, 'base_price': 7080, 'prices': [7080], 'price': 7080, 'old_price': 7080, 'currency': 'RUB', 'payment_amount': 0, 'extras_variants': [], 'extras': [], 'rate_id': 52774, 'deals': [], 'cancellation_type': 'free', 'credit_card': 0, 'bonus': 354, 'miles': 423, 'min_stay': 1, 'platichastyami': 0, 'mircashback': 708}]",6080.0,363,673302_101hotels,2026-08-13
2304285,,Стандартный номер с двумя раздельными кроватями,2,0,0,1,Двухместный,2,1,[{'single': 2}],[],"[{'id': 1078313, 'capacity': 1, 'prepayment': 'NO', 'nonrefundable': 0, 'cancellation_period': 0, 'cancellation_fee': 'NO', 'breakfast': 0, 'base_price': 6080, 'prices': [6080], 'price': 6080, 'old_price': 6080, 'currency': 'RUB', 'payment_amount': 0, 'extras_variants': [], 'extras': [], 'rate_id': 53184, 'deals': [], 'cancellation_type': 'free', 'credit_card': 0, 'bonus': 304, 'miles': 363, 'min_stay': 1, 'platichastyami': 0, 'mircashback': 608}, {'id': 1072533, 'capacity': 1, 'prepayment': 'FIRST', 'nonrefundable': 1, 'cancellation_period': 0, 'cancellation_fee': 'FIRST', 'breakfast': 7, 'base_price': 6655.2, 'prices': [6655.2], 'price': 6655.2, 'old_price': 6655.2, 'currency': 'RUB', 'payment_amount': 6655.2, 'extras_variants': [], 'extras': [], 'rate_id': 52775, 'deals': [], 'cancellation_type': 'nonrefundable', 'credit_card': 1, 'bonus': 333, 'miles': 399, 'min_stay': 1, 'platichastyami': 0, 'mircashback': 666}, {'id': 1072529, 'capacity': 1, 'prepayment': 'NO', 'nonrefundable': 0, 'cancellation_period': 0, 'cancellation_fee': 'NO', 'breakfast': 7, 'base_price': 7080, 'prices': [7080], 'price': 7080, 'old_price': 7080, 'currency': 'RUB', 'payment_amount': 0, 'extras_variants': [], 'extras': [], 'rate_id': 52774, 'deals': [], 'cancellation_type': 'free', 'credit_card': 0, 'bonus': 354, 'miles': 423, 'min_stay': 1, 'platichastyami': 0, 'mircashback': 708}, {'id': 1078314, 'capacity': 2, 'prepayment': 'NO', 'nonrefundable': 0, 'cancellation_period': 0, 'cancellation_fee': 'NO', 'breakfast': 0, 'base_price': 7280, 'prices': [7280], 'price': 7280, 'old_price': 7280, 'currency': 'RUB', 'payment_amount': 0, 'extras_variants': [], 'extras': [], 'rate_id': 53184, 'deals': [], 'cancellation_type': 'free', 'credit_card': 0, 'bonus': 364, 'miles': 435, 'min_stay': 1, 'platichastyami': 0, 'mircashback': 728}, {'id': 1072534, 'capacity': 2, 'prepayment': 'FIRST', 'nonrefundable': 1, 'cancellation_period': 0, 'cancellation_fee': 'FIRST', 'breakfast': 7, 'base_price': 7783.2, 'prices': [7783.2], 'price': 7783.2, 'old_price': 7783.2, 'currency': 'RUB', 'payment_amount': 7783.2, 'extras_variants': [], 'extras': [], 'rate_id': 52775, 'deals': [], 'cancellation_type': 'nonrefundable', 'credit_card': 1, 'bonus': 389, 'miles': 465, 'min_stay': 1, 'platichastyami': 0, 'mircashback': 778}, {'id': 1072530, 'capacity': 2, 'prepayment': 'NO', 'nonrefundable': 0, 'cancellation_period': 0, 'cancellation_fee': 'NO', 'breakfast': 7, 'base_price': 8280, 'prices': [8280], 'price': 8280, 'old_price': 8280, 'currency': 'RUB', 'payment_amount': 0, 'extras_variants': [], 'extras': [], 'rate_id': 52774, 'deals': [], 'cancellation_type': 'free', 'credit_card': 0, 'bonus': 414, 'miles': 495, 'min_stay': 1, 'platichastyami': 0, 'mircashback': 828}]",6080.0,363,673302_101hotels,2026-08-13
2304296,,Джуниор Сюит,2,0,0,1,Семейный,44,1,"[{'single': 1}, {'double': 1}]","[{'id': '51109', 'number': '1', 'min_age': '0', 'max_age': '6', 'is_extra_bed': '0', 'extra_bed_type_id': '0'}]","[{'id': 1078317, 'capacity': 1, 'prepayment': 'NO', 'nonrefundable': 0, 'cancellation_period': 0, 'cancellation_fee': 'NO', 'breakfast': 0, 'base_price': 11840, 'prices': [11840], 'price': 11840, 'old_price': 11840, 'currency': 'RUB', 'payment_amount': 0, 'extras_variants': [], 'extras': {'51109': {'id': 51109, 'number': 1, 'extra_bed_type_id': 0, 'age': [0, 6], 'extra_bed': 0, 'free': 1}}, 'rate_id': 53184, 'deals': [], 'cancellation_type': 'free', 'credit_card': 0, 'bonus': 592, 'miles': 708, 'min_stay': 1, 'platichastyami': 0, 'mircashback': 1184}, {'id': 1072540, 'capacity': 1, 'prepayment': 'FIRST', 'nonrefundable': 1, 'cancellation_period': 0, 'cancellation_fee': 'FIRST', 'breakfast': 7, 'base_price': 12069.6, 'prices': [12069.6], 'price': 12069.6, 'old_price': 12069.6, 'currency': 'RUB', 'payment_amount': 12069.6, 'extras_variants': [], 'extras': {'51109': {'id': 51109, 'number': 1, 'extra_bed_type_id': 0, 'age': [0, 6], 'extra_bed': 0, 'free': 1}}, 'rate_id': 52775, 'deals': [], 'cancellation_type': 'nonrefundable', 'credit_card': 1, 'bonus': 603, 'miles': 723, 'min_stay': 1, 'platichastyami': 0, 'mircashback': 1207}, {'id': 1072538, 'capacity': 1, 'prepayment': 'NO', 'nonrefundable': 0, 'cancellation_period': 0, 'cancellation_fee': 'NO', 'breakfast': 7, 'base_price': 12840, 'prices': [12840], 'price': 12840, 'old_price': 12840, 'currency': 'RUB', 'payment_amount': 0, 'extras_variants': [], 'extras': {'51109': {'id': 51109, 'number': 1, 'extra_bed_type_id': 0, 'age': [0, 6], 'extra_bed': 0, 'free': 1}}, 'rate_id': 52774, 'deals': [], 'cancellation_type': 'free', 'credit_card': 0, 'bonus': 642, 'miles': 768, 'min_stay': 1, 'platichastyami': 0, 'mircashback': 1284}, {'id': 1078318, 'capacity': 2, 'prepayment': 'NO', 'nonrefundable': 0, 'cancellation_period': 0, 'cancellation_fee': 'NO', 'breakfast': 0, 'base_price': 11840, 'prices': [11840], 'price': 11840, 'old_price': 11840, 'currency': 'RUB', 'payment_amount': 0, 'extras_variants': [], 'extras': {'51109': {'id': 51109, 'number': 1, 'extra_bed_type_id': 0, 'age': [0, 6], 'extra_bed': 0, 'free': 1}}, 'rate_id': 53184, 'deals': [], 'cancellation_type': 'free', 'credit_card': 0, 'bonus': 592, 'miles': 708, 'min_stay': 1, 'platichastyami': 0, 'mircashback': 1184}, {'id': 1072541, 'capacity': 2, 'prepayment': 'FIRST', 'nonrefundable': 1, 'cancellation_period': 0, 'cancellation_fee': 'FIRST', 'breakfast': 7, 'base_price': 12069.6, 'prices': [12069.6], 'price': 12069.6, 'old_price': 12069.6, 'currency': 'RUB', 'payment_amount': 12069.6, 'extras_variants': [], 'extras': {'51109': {'id': 51109, 'number': 1, 'extra_bed_type_id': 0, 'age': [0, 6], 'extra_bed': 0, 'free': 1}}, 'rate_id': 52775, 'deals': [], 'cancellation_type': 'nonrefundable', 'credit_card': 1, 'bonus': 603, 'miles': 723, 'min_stay': 1, 'platichastyami': 0, 'mircashback': 1207}, {'id': 1072539, 'capacity': 2, 'prepayment': 'NO', 'nonrefundable': 0, 'cancellation_period': 0, 'cancellation_fee': 'NO', 'breakfast': 7, 'base_price': 12840, 'prices': [12840], 'price': 12840, 'old_price': 12840, 'currency': 'RUB', 'payment_amount': 0, 'extras_variants': [], 'extras': {'51109': {'id': 51109, 'number': 1, 'extra_bed_type_id': 0, 'age': [0, 6], 'extra_bed': 0, 'free': 1}}, 'rate_id': 52774, 'deals': [], 'cancellation_type': 'free', 'credit_card': 0, 'bonus': 642, 'miles': 768, 'min_stay': 1, 'platichastyami': 0, 'mircashback': 1284}]",11840.0,708,673302_101hotels,2026-08-13
2322780,,Люкс 1901,2,1,0,1,Люкс,6,1,"[{'double': 1}, {'sofa': 1}]","[{'id': '53005', 'number': '1', 'min_age': '0', 'max_age': '6', 'is_extra_bed': '0', 'extra_bed_type_id': '0'}]","[{'id': 1235994, 'capacity': 1, 'prepayment': 'FIRST', 'nonrefundable': 1, 'cancellation_period': 0, 'cancellation_fee': 'FIRST', 'breakfast': 7, 'base_price': 20304, 'prices': [20304], 'price': 20304, 'old_price': 20304, 'currency': 'RUB', 'payment_amount': 20304, 'extras_variants': [], 'extras': {'53005': {'id': 53005, 'number': 1, 'extra_bed_type_id': 0, 'age': [0, 6], 'extra_bed': 0, 'free': 1}}, 'rate_id': 52775, 'deals': [], 'cancellation_type': 'nonrefundable', 'credit_card': 1, 'bonus': 1015, 'miles': 1218, 'min_stay': 1, 'platichastyami': 0, 'mircashback': 2030}, {'id': 1235996, 'capacity': 1, 'prepayment': 'FIRST', 'nonrefundable': 0, 'cancellation_period': 0, 'cancellation_fee': 'NO', 'breakfast': 7, 'base_price': 20520, 'prices': [20520], 'price': 20520, 'old_price': 20520, 'currency': 'RUB', 'payment_amount': 20520, 'extras_variants': [], 'extras': {'53005': {'id': 53005, 'number': 1, 'extra_bed_type_id': 0, 'age': [0, 6], 'extra_bed': 0, 'free': 1}}, 'rate_id': 52776, 'deals': [], 'cancellation_type': 'free', 'credit_card': 1, 'bonus': 1026, 'miles': 1230, 'min_stay': 1, 'platichastyami': 0, 'mircashback': 2052}, {'id': 1235998, 'capacity': 1, 'prepayment': 'NO', 'nonrefundable': 0, 'cancellation_period': 0, 'cancellation_fee': 'NO', 'breakfast': 0, 'base_price': 20600, 'prices': [20600], 'price': 20600, 'old_price': 20600, 'currency': 'RUB', 'payment_amount': 0, 'extras_variants': [], 'extras': {'53005': {'id': 53005, 'number': 1, 'extra_bed_type_id': 0, 'age': [0, 6], 'extra_bed': 0, 'free': 1}}, 'rate_id': 53184, 'deals': [], 'cancellation_type': 'free', 'credit_card': 0, 'bonus': 1030, 'miles': 1236, 'min_stay': 1, 'platichastyami': 0, 'mircashback': 2060}, {'id': 1235992, 'capacity': 1, 'prepayment': 'NO', 'nonrefundable': 0, 'cancellation_period': 0, 'cancellation_fee': 'NO', 'breakfast': 7, 'base_price': 21600, 'prices': [21600], 'price': 21600, 'old_price': 21600, 'currency': 'RUB', 'payment_amount': 0, 'extras_variants': [], 'extras': {'53005': {'id': 53005, 'number': 1, 'extra_bed_type_id': 0, 'age': [0, 6], 'extra_bed': 0, 'free': 1}}, 'rate_id': 52774, 'deals': [], 'cancellation_type': 'free', 'credit_card': 0, 'bonus': 1080, 'miles': 1296, 'min_stay': 1, 'platichastyami': 0, 'mircashback': 2160}, {'id': 1235995, 'capacity': 2, 'prepayment': 'FIRST', 'nonrefundable': 1, 'cancellation_period': 0, 'cancellation_fee': 'FIRST', 'breakfast': 7, 'base_price': 20304, 'prices': [20304], 'price': 20304, 'old_price': 20304, 'currency': 'RUB', 'payment_amount': 20304, 'extras_variants': [], 'extras': {'53005': {'id': 53005, 'number': 1, 'extra_bed_type_id': 0, 'age': [0, 6], 'extra_bed': 0, 'free': 1}}, 'rate_id': 52775, 'deals': [], 'cancellation_type': 'nonrefundable', 'credit_card': 1, 'bonus': 1015, 'miles': 1218, 'min_stay': 1, 'platichastyami': 0, 'mircashback': 2030}, {'id': 1235997, 'capacity': 2, 'prepayment': 'FIRST', 'nonrefundable': 0, 'cancellation_period': 0, 'cancellation_fee': 'NO', 'breakfast': 7, 'base_price': 20520, 'prices': [20520], 'price': 20520, 'old_price': 20520, 'currency': 'RUB', 'payment_amount': 20520, 'extras_variants': [], 'extras': {'53005': {'id': 53005, 'number': 1, 'extra_bed_type_id': 0, 'age': [0, 6], 'extra_bed': 0, 'free': 1}}, 'rate_id': 52776, 'deals': [], 'cancellation_type': 'free', 'credit_card': 1, 'bonus': 1026, 'miles': 1230, 'min_stay': 1, 'platichastyami': 0, 'mircashback': 2052}, {'id': 1235999, 'capacity': 2, 'prepayment': 'NO', 'nonrefundable': 0, 'cancellation_period': 0, 'cancellation_fee': 'NO', 'breakfast': 0, 'base_price': 20600, 'prices': [20600], 'price': 20600, 'old_price': 20600, 'currency': 'RUB', 'payment_amount': 0, 'extras_variants': [], 'extras': {'53005': {'id': 53005, 'number': 1, 'extra_bed_type_id': 0, 'age': [0, 6], 'extra_bed': 0, 'free': 1}}, 'rate_id': 53184, 'deals': [], 'cancellation_type': 'free', 'credit_card': 0, 'bonus': 1030, 'miles': 1236, 'min_stay': 1, 'platichastyami': 0, 'mircashback': 2060}, {'id': 1235993, 'capacity': 2, 'prepayment': 'NO', 'nonrefundable': 0, 'cancellation_period': 0, 'cancellation_fee': 'NO', 'breakfast': 7, 'base_price': 21600, 'prices': [21600], 'price': 21600, 'old_price': 21600, 'currency': 'RUB', 'payment_amount': 0, 'extras_variants': [], 'extras': {'53005': {'id': 53005, 'number': 1, 'extra_bed_type_id': 0, 'age': [0, 6], 'extra_bed': 0, 'free': 1}}, 'rate_id': 52774, 'deals': [], 'cancellation_type': 'free', 'credit_card': 0, 'bonus': 1080, 'miles': 1296, 'min_stay': 1, 'platichastyami': 0, 'mircashback': 2160}]",20304.0,1218,673302_101hotels,2026-08-13
2306301,,Стандарт с раздельными кроватями,2,0,0,1,Двухместный,2,1,[{'single': 2}],[],"[{'id': 1090826, 'capacity': 1, 'prepayment': 'FULL', 'nonrefundable': 0, 'cancellation_period': 5, 'cancellation_fee': 'FIRST', 'breakfast': 0, 'base_price': 5250, 'prices': [5250], 'price': 5250, 'old_price': 5250, 'currency': 'RUB', 'payment_amount': 5250, 'extras_variants': [], 'extras': [], 'rate_id': 53937, 'deals': [], 'cancellation_type': 'special', 'credit_card': 1, 'bonus': 263, 'miles': 315, 'min_stay': 1, 'platichastyami': 0, 'mircashback': 525}, {'id': 1090827, 'capacity': 2, 'prepayment': 'FULL', 'nonrefundable': 0, 'cancellation_period': 5, 'cancellation_fee': 'FIRST', 'breakfast': 0, 'base_price': 5250, 'prices': [5250], 'price': 5250, 'old_price': 5250, 'currency': 'RUB', 'payment_amount': 5250, 'extras_variants': [], 'extras': [], 'rate_id': 53937, 'deals': [], 'cancellation_type': 'special', 'credit_card': 1, 'bonus': 263, 'miles': 315, 'min_stay': 1, 'platichastyami': 0, 'mircashback': 525}]",5250.0,315,674436_101hotels,2026-08-13
2306327,,С двуспальной кроватью,2,1,0,1,Улучшенный,113,1,[{'double': 2}],"[{'id': '25344', 'number': '1', 'min_age': '1', 'max_age': '14', 'is_extra_bed': '1', 'extra_bed_type_id': '3'}]","[{'id': 1090916, 'capacity': 1, 'prepayment': 'FULL', 'nonrefundable': 0, 'cancellation_period': 5, 'cancellation_fee': 'FIRST', 'breakfast': 0, 'base_price': 7250, 'prices': [7250], 'price': 7250, 'old_price': 7250, 'currency': 'RUB', 'payment_amount': 7250, 'extras_variants': [], 'extras': {'25344': {'id': 25344, 'number': 1, 'extra_bed_type_id': 3, 'age': [1, 14], 'extra_bed': 1, 'free': 1}}, 'rate_id': 53937, 'deals': [], 'cancellation_type': 'special', 'credit_card': 1, 'bonus': 363, 'miles': 435, 'min_stay': 1, 'platichastyami': 0, 'mircashback': 725}, {'id': 1090917, 'capacity': 2, 'prepayment': 'FULL', 'nonrefundable': 0, 'cancellation_period': 5, 'cancellation_fee': 'FIRST', 'breakfast': 0, 'base_price': 7250, 'prices': [7250], 'price': 7250, 'old_price': 7250, 'currency': 'RUB', 'payment_amount': 7250, 'extras_variants': [], 'extras': {'25344': {'id': 25344, 'number': 1, 'extra_bed_type_id': 3, 'age': [1, 14], 'extra_bed': 1, 'free': 1}}, 'rate_id': 53937, 'deals': [], 'cancellation_type': 'special', 'credit_card': 1, 'bonus': 363, 'miles': 435, 'min_stay': 1, 'platichastyami': 0, 'mircashback': 725}]",7250.0,435,674436_101hotels,2026-08-13
2309530,,Комфорт DBL/TWIN,2,0,0,1,Двухместный,2,1,[{'double': 1}],[],"[{'id': 1123592, 'capacity': 1, 'prepayment': 'FIRST', 'nonrefundable': 0, 'cancellation_period': 0, 'cancellation_fee': 'NO', 'breakfast': 1, 'base_price': 7400, 'prices': [7400], 'price': 7400, 'old_price': 7400, 'currency': 'RUB', 'payment_amount': 7400, 'extras_variants': [], 'extras': [], 'rate_id': 55888, 'deals': [], 'cancellation_type': 'free', 'credit_card': 1, 'bonus': 370, 'miles': 444, 'min_stay': 1, 'platichastyami': 0, 'mircashback': 740}, {'id': 1124266, 'capacity': 1, 'prepayment': 'NO', 'nonrefundable': 0, 'cancellation_period': 0, 'cancellation_fee': 'NO', 'breakfast': 0, 'base_price': 7400, 'prices': [7400], 'price': 7400, 'old_price': 7400, 'currency': 'RUB', 'payment_amount': 0, 'extras_variants': [], 'extras': [], 'rate_id': 55889, 'deals': [], 'cancellation_type': 'free', 'credit_card': 0, 'bonus': 370, 'miles': 444, 'min_stay': 1, 'platichastyami': 0, 'mircashback': 740}, {'id': 1123593, 'capacity': 2, 'prepayment': 'FIRST', 'nonrefundable': 0, 'cancellation_period': 0, 'cancellation_fee': 'NO', 'breakfast': 1, 'base_price': 8400, 'prices': [8400], 'price': 8400, 'old_price': 8400, 'currency': 'RUB', 'payment_amount': 8400, 'extras_variants': [], 'extras': [], 'rate_id': 55888, 'deals': [], 'cancellation_type': 'free', 'credit_card': 1, 'bonus': 420, 'miles': 504, 'min_stay': 1, 'platichastyami': 0, 'mircashback': 840}, {'id': 1124267, 'capacity': 2, 'prepayment': 'NO', 'nonrefundable': 0, 'cancellation_period': 0, 'cancellation_fee': 'NO', 'breakfast': 0, 'base_price': 8400, 'prices': [8400], 'price': 8400, 'old_price': 8400, 'currency': 'RUB', 'payment_amount': 0, 'extras_variants': [], 'extras': [], 'rate_id': 55889, 'deals': [], 'cancellation_type': 'free', 'credit_card': 0, 'bonus': 420, 'miles': 504, 'min_stay': 1, 'platichastyami': 0, 'mircashback': 840}, {'id': '1124266P', 'capacity': 1, 'prepayment': 'FULL', 'nonrefundable': 0, 'cancellation_period': 0, 'cancellation_fee': 'NO', 'breakfast': 0, 'base_price': 7400, 'prices': [7400], 'price': 7400, 'old_price': 7400, 'currency': 'RUB', 'payment_amount': 7400, 'extras_variants': [], 'extras': [], 'rate_id': 55889, 'deals': [], 'cancellation_type': 'free', 'credit_card': 0, 'bonus': 370, 'miles': 444, 'min_stay': 1, 'platichastyami': 0, 'mircashback': 740}, {'id': '1124267P', 'capacity': 2, 'prepayment': 'FULL', 'nonrefundable': 0, 'cancellation_period': 0, 'cancellation_fee': 'NO', 'breakfast': 0, 'base_price': 8400, 'prices': [8400], 'price': 8400, 'old_price': 8400, 'currency': 'RUB', 'payment_amount': 8400, 'extras_variants': [], 'extras': [], 'rate_id': 55889, 'deals': [], 'cancellation_type': 'free', 'credit_card': 0, 'bonus': 420, 'miles': 504, 'min_stay': 1, 'platichastyami': 0, 'mircashback': 840}]",7400.0,444,674899_101hotels,2026-08-13
2309531,,Стандарт DBL,2,0,0,1,Двухместный,2,4,[{'double': 1}],[],"[{'id': 1123594, 'capacity': 1, 'prepayment': 'FIRST', 'nonrefundable': 0, 'cancellation_period': 0, 'cancellation_fee': 'NO', 'breakfast': 1, 'base_price': 6500, 'prices': [6500], 'price': 6500, 'old_price': 6500, 'currency': 'RUB', 'payment_amount': 6500, 'extras_variants': [], 'extras': [], 'rate_id': 55888, 'deals': [], 'cancellation_type': 'free', 'credit_card': 1, 'bonus': 325, 'miles': 390, 'min_stay': 1, 'platichastyami': 0, 'mircashback': 650}, {'id': 1124268, 'capacity': 1, 'prepayment': 'NO', 'nonrefundable': 0, 'cancellation_period': 0, 'cancellation_fee': 'NO', 'breakfast': 0, 'base_price': 6500, 'prices': [6500], 'price': 6500, 'old_price': 6500, 'currency': 'RUB', 'payment_amount': 0, 'extras_variants': [], 'extras': [], 'rate_id': 55889, 'deals': [], 'cancellation_type': 'free', 'credit_card': 0, 'bonus': 325, 'miles': 390, 'min_stay': 1, 'platichastyami': 0, 'mircashback': 650}, {'id': 1123595, 'capacity': 2, 'prepayment': 'FIRST', 'nonrefundable': 0, 'cancellation_period': 0, 'cancellation_fee': 'NO', 'breakfast': 1, 'base_price': 7500, 'prices': [7500], 'price': 7500, 'old_price': 7500, 'currency': 'RUB', 'payment_amount': 7500, 'extras_variants': [], 'extras': [], 'rate_id': 55888, 'deals': [], 'cancellation_type': 'free', 'credit_card': 1, 'bonus': 375, 'miles': 450, 'min_stay': 1, 'platichastyami': 0, 'mircashback': 750}, {'id': 1124269, 'capacity': 2, 'prepayment': 'NO', 'nonrefundable': 0, 'cancellation_period': 0, 'cancellation_fee': 'NO', 'breakfast': 0, 'base_price': 7500, 'prices': [7500], 'price': 7500, 'old_price': 7500, 'currency': 'RUB', 'payment_amount': 0, 'extras_variants': [], 'extras': [], 'rate_id': 55889, 'deals': [], 'cancellation_type': 'free', 'credit_card': 0, 'bonus': 375, 'miles': 450, 'min_stay': 1, 'platichastyami': 0, 'mircashback': 750}, {'id': '1124268P', 'capacity': 1, 'prepayment': 'FULL', 'nonrefundable': 0, 'cancellation_period': 0, 'cancellation_fee': 'NO', 'breakfast': 0, 'base_price': 6500, 'prices': [6500], 'price': 6500, 'old_price': 6500, 'currency': 'RUB', 'payment_amount': 6500, 'extras_variants': [], 'extras': [], 'rate_id': 55889, 'deals': [], 'cancellation_type': 'free', 'credit_card': 0, 'bonus': 325, 'miles': 390, 'min_stay': 1, 'platichastyami': 0, 'mircashback': 650}, {'id': '1124269P', 'capacity': 2, 'prepayment': 'FULL', 'nonrefundable': 0, 'cancellation_period': 0, 'cancellation_fee': 'NO', 'breakfast': 0, 'base_price': 7500, 'prices': [7500], 'price': 7500, 'old_price': 7500, 'currency': 'RUB', 'payment_amount': 7500, 'extras_variants': [], 'extras': [], 'rate_id': 55889, 'deals': [], 'cancellation_type': 'free', 'credit_card': 0, 'bonus': 375, 'miles': 450, 'min_stay': 1, 'platichastyami': 0, 'mircashback': 750}]",6500.0,390,674899_101hotels,2026-08-13
2309533,,Комфорт Мансарда TWIN,2,1,0,1,Трёхместный и более,3,1,[{'single': 2}],[],"[{'id': 1123597, 'capacity': 1, 'prepayment': 'FIRST', 'nonrefundable': 0, 'cancellation_period': 0, 'cancellation_fee': 'NO', 'breakfast': 1, 'base_price': 7400, 'prices': [7400], 'price': 7400, 'old_price': 7400, 'currency': 'RUB', 'payment_amount': 7400, 'extras_variants': [], 'extras': [], 'rate_id': 55888, 'deals': [], 'cancellation_type': 'free', 'credit_card': 1, 'bonus': 370, 'miles': 444, 'min_stay': 1, 'platichastyami': 0, 'mircashback': 740}, {'id': 1124271, 'capacity': 1, 'prepayment': 'NO', 'nonrefundable': 0, 'cancellation_period': 0, 'cancellation_fee': 'NO', 'breakfast': 0, 'base_price': 7400, 'prices': [7400], 'price': 7400, 'old_price': 7400, 'currency': 'RUB', 'payment_amount': 0, 'extras_variants': [], 'extras': [], 'rate_id': 55889, 'deals': [], 'cancellation_type': 'free', 'credit_card': 0, 'bonus': 370, 'miles': 444, 'min_stay': 1, 'platichastyami': 0, 'mircashback': 740}, {'id': 1123598, 'capacity': 2, 'prepayment': 'FIRST', 'nonrefundable': 0, 'cancellation_period': 0, 'cancellation_fee': 'NO', 'breakfast': 1, 'base_price': 8400, 'prices': [8400], 'price': 8400, 'old_price': 8400, 'currency': 'RUB', 'payment_amount': 8400, 'extras_variants': [], 'extras': [], 'rate_id': 55888, 'deals': [], 'cancellation_type': 'free', 'credit_card': 1, 'bonus': 420, 'miles': 504, 'min_stay': 1, 'platichastyami': 0, 'mircashback': 840}, {'id': 1124272, 'capacity': 2, 'prepayment': 'NO', 'nonrefundable': 0, 'cancellation_period': 0, 'cancellation_fee': 'NO', 'breakfast': 0, 'base_price': 8400, 'prices': [8400], 'price': 8400, 'old_price': 8400, 'currency': 'RUB', 'payment_amount': 0, 'extras_variants': [], 'extras': [], 'rate_id': 55889, 'deals': [], 'cancellation_type': 'free', 'credit_card': 0, 'bonus': 420, 'miles': 504, 'min_stay': 1, 'platichastyami': 0, 'mircashback': 840}, {'id': '1124271P', 'capacity': 1, 'prepayment': 'FULL', 'nonrefundable': 0, 'cancellation_period': 0, 'cancellation_fee': 'NO', 'breakfast': 0, 'base_price': 7400, 'prices': [7400], 'price': 7400, 'old_price': 7400, 'currency': 'RUB', 'payment_amount': 7400, 'extras_variants': [], 'extras': [], 'rate_id': 55889, 'deals': [], 'cancellation_type': 'free', 'credit_card': 0, 'bonus': 370, 'miles': 444, 'min_stay': 1, 'platichastyami': 0, 'mircashback': 740}, {'id': '1124272P', 'capacity': 2, 'prepayment': 'FULL', 'nonrefundable': 0, 'cancellation_period': 0, 'cancellation_fee': 'NO', 'breakfast': 0, 'base_price': 8400, 'prices': [8400], 'price': 8400, 'old_price': 8400, 'currency': 'RUB', 'payment_amount': 8400, 'extras_variants': [], 'extras': [], 'rate_id': 55889, 'deals': [], 'cancellation_type': 'free', 'credit_card': 0, 'bonus': 420, 'miles': 504, 'min_stay': 1, 'platichastyami': 0, 'mircashback': 840}]",7400.0,444,674899_101hotels,2026-08-13
2309534,,Комфорт Мансарда DBL,2,1,0,1,Трёхместный и более,3,2,"[{'double': 1}, {'single': 1}]",[],"[{'id': 1123599, 'capacity': 1, 'prepayment': 'FIRST', 'nonrefundable': 0, 'cancellation_period': 0, 'cancellation_fee': 'NO', 'breakfast': 1, 'base_price': 7000, 'prices': [7000], 'price': 7000, 'old_price': 7000, 'currency': 'RUB', 'payment_amount': 7000, 'extras_variants': [], 'extras': [], 'rate_id': 55888, 'deals': [], 'cancellation_type': 'free', 'credit_card': 1, 'bonus': 350, 'miles': 420, 'min_stay': 1, 'platichastyami': 0, 'mircashback': 700}, {'id': 1124273, 'capacity': 1, 'prepayment': 'NO', 'nonrefundable': 0, 'cancellation_period': 0, 'cancellation_fee': 'NO', 'breakfast': 0, 'base_price': 7000, 'prices': [7000], 'price': 7000, 'old_price': 7000, 'currency': 'RUB', 'payment_amount': 0, 'extras_variants': [], 'extras': [], 'rate_id': 55889, 'deals': [], 'cancellation_type': 'free', 'credit_card': 0, 'bonus': 350, 'miles': 420, 'min_stay': 1, 'platichastyami': 0, 'mircashback': 700}, {'id': 1123600, 'capacity': 2, 'prepayment': 'FIRST', 'nonrefundable': 0, 'cancellation_period': 0, 'cancellation_fee': 'NO', 'breakfast': 1, 'base_price': 8000, 'prices': [8000], 'price': 8000, 'old_price': 8000, 'currency': 'RUB', 'payment_amount': 8000, 'extras_variants': [], 'extras': [], 'rate_id': 55888, 'deals': [], 'cancellation_type': 'free', 'credit_card': 1, 'bonus': 400, 'miles': 480, 'min_stay': 1, 'platichastyami': 0, 'mircashback': 800}, {'id': 1124274, 'capacity': 2, 'prepayment': 'NO', 'nonrefundable': 0, 'cancellation_period': 0, 'cancellation_fee': 'NO', 'breakfast': 0, 'base_price': 8000, 'prices': [8000], 'price': 8000, 'old_price': 8000, 'currency': 'RUB', 'payment_amount': 0, 'extras_variants': [], 'extras': [], 'rate_id': 55889, 'deals': [], 'cancellation_type': 'free', 'credit_card': 0, 'bonus': 400, 'miles': 480, 'min_stay': 1, 'platichastyami': 0, 'mircashback': 800}, {'id': '1124273P', 'capacity': 1, 'prepayment': 'FULL', 'nonrefundable': 0, 'cancellation_period': 0, 'cancellation_fee': 'NO', 'breakfast': 0, 'base_price': 7000, 'prices': [7000], 'price': 7000, 'old_price': 7000, 'currency': 'RUB', 'payment_amount': 7000, 'extras_variants': [], 'extras': [], 'rate_id': 55889, 'deals': [], 'cancellation_type': 'free', 'credit_card': 0, 'bonus': 350, 'miles': 420, 'min_stay': 1, 'platichastyami': 0, 'mircashback': 700}, {'id': '1124274P', 'capacity': 2, 'prepayment': 'FULL', 'nonrefundable': 0, 'cancellation_period': 0, 'cancellation_fee': 'NO', 'breakfast': 0, 'base_price': 8000, 'prices': [8000], 'price': 8000, 'old_price': 8000, 'currency': 'RUB', 'payment_amount': 8000, 'extras_variants': [], 'extras': [], 'rate_id': 55889, 'deals': [], 'cancellation_type': 'free', 'credit_card': 0, 'bonus': 400, 'miles': 480, 'min_stay': 1, 'platichastyami': 0, 'mircashback': 800}]",7000.0,420,674899_101hotels,2026-08-13
2309535,,Комфорт Мансарда DBL/TWIN,2,1,0,1,Трёхместный и более,3,1,"[{'double': 1}, {'s-sofa': 1}]",[],"[{'id': 1123601, 'capacity': 1, 'prepayment': 'FIRST', 'nonrefundable': 0, 'cancellation_period': 0, 'cancellation_fee': 'NO', 'breakfast': 1, 'base_price': 7400, 'prices': [7400], 'price': 7400, 'old_price': 7400, 'currency': 'RUB', 'payment_amount': 7400, 'extras_variants': [], 'extras': [], 'rate_id': 55888, 'deals': [], 'cancellation_type': 'free', 'credit_card': 1, 'bonus': 370, 'miles': 444, 'min_stay': 1, 'platichastyami': 0, 'mircashback': 740}, {'id': 1124275, 'capacity': 1, 'prepayment': 'NO', 'nonrefundable': 0, 'cancellation_period': 0, 'cancellation_fee': 'NO', 'breakfast': 0, 'base_price': 7400, 'prices': [7400], 'price': 7400, 'old_price': 7400, 'currency': 'RUB', 'payment_amount': 0, 'extras_variants': [], 'extras': [], 'rate_id': 55889, 'deals': [], 'cancellation_type': 'free', 'credit_card': 0, 'bonus': 370, 'miles': 444, 'min_stay': 1, 'platichastyami': 0, 'mircashback': 740}, {'id': 1123602, 'capacity': 2, 'prepayment': 'FIRST', 'nonrefundable': 0, 'cancellation_period': 0, 'cancellation_fee': 'NO', 'breakfast': 1, 'base_price': 8400, 'prices': [8400], 'price': 8400, 'old_price': 8400, 'currency': 'RUB', 'payment_amount': 8400, 'extras_variants': [], 'extras': [], 'rate_id': 55888, 'deals': [], 'cancellation_type': 'free', 'credit_card': 1, 'bonus': 420, 'miles': 504, 'min_stay': 1, 'platichastyami': 0, 'mircashback': 840}, {'id': 1124276, 'capacity': 2, 'prepayment': 'NO', 'nonrefundable': 0, 'cancellation_period': 0, 'cancellation_fee': 'NO', 'breakfast': 0, 'base_price': 8400, 'prices': [8400], 'price': 8400, 'old_price': 8400, 'currency': 'RUB', 'payment_amount': 0, 'extras_variants': [], 'extras': [], 'rate_id': 55889, 'deals': [], 'cancellation_type': 'free', 'credit_card': 0, 'bonus': 420, 'miles': 504, 'min_stay': 1, 'platichastyami': 0, 'mircashback': 840}, {'id': '1124275P', 'capacity': 1, 'prepayment': 'FULL', 'nonrefundable': 0, 'cancellation_period': 0, 'cancellation_fee': 'NO', 'breakfast': 0, 'base_price': 7400, 'prices': [7400], 'price': 7400, 'old_price': 7400, 'currency': 'RUB', 'payment_amount': 7400, 'extras_variants': [], 'extras': [], 'rate_id': 55889, 'deals': [], 'cancellation_type': 'free', 'credit_card': 0, 'bonus': 370, 'miles': 444, 'min_stay': 1, 'platichastyami': 0, 'mircashback': 740}, {'id': '1124276P', 'capacity': 2, 'prepayment': 'FULL', 'nonrefundable': 0, 'cancellation_period': 0, 'cancellation_fee': 'NO', 'breakfast': 0, 'base_price': 8400, 'prices': [8400], 'price': 8400, 'old_price': 8400, 'currency': 'RUB', 'payment_amount': 8400, 'extras_variants': [], 'extras': [], 'rate_id': 55889, 'deals': [], 'cancellation_type': 'free', 'credit_card': 0, 'bonus': 420, 'miles': 504, 'min_stay': 1, 'platichastyami': 0, 'mircashback': 840}]",7400.0,444,674899_101hotels,2026-08-13
2319143,,Двухместный номер с широкой кроватью или раздельными и доп местом,2,1,0,1,Трёхместный и более,3,1,"[{'single': 1, 'f-chair': 1}, {'double': 1, 'f-chair': 1}]","[{'id': '48095', 'number': '1', 'min_age': '0', 'max_age': '3', 'is_extra_bed': '0', 'extra_bed_type_id': '0'}, {'id': '48096', 'number': '1', 'min_age': '3', 'max_age': '18', 'is_extra_bed': '1', 'extra_bed_type_id': '2'}]","[{'id': 1209525, 'capacity': 1, 'prepayment': 'NO', 'nonrefundable': 0, 'cancellation_period': 0, 'cancellation_fee': 'NO', 'breakfast': 0, 'base_price': 5400, 'prices': [5400], 'price': 5130, 'old_price': 5400, 'currency': 'RUB', 'payment_amount': 0, 'extras_variants': [], 'extras': {'48095': {'id': 48095, 'number': 1, 'extra_bed_type_id': 0, 'age': [0, 3], 'extra_bed': 0, 'free': 1}, '48096': {'id': 48096, 'number': 1, 'extra_bed_type_id': 2, 'age': [3, 18], 'extra_bed': 1, 'free': 1}}, 'rate_id': 61975, 'deals': ['LAST_MINUTE'], 'cancellation_type': 'free', 'credit_card': 0, 'bonus': 257, 'miles': 306, 'min_stay': 1, 'platichastyami': 0, 'mircashback': 513}, {'id': 1209526, 'capacity': 2, 'prepayment': 'NO', 'nonrefundable': 0, 'cancellation_period': 0, 'cancellation_fee': 'NO', 'breakfast': 0, 'base_price': 5760, 'prices': [5760], 'price': 5472, 'old_price': 5760, 'currency': 'RUB', 'payment_amount': 0, 'extras_variants': [], 'extras': {'48095': {'id': 48095, 'number': 1, 'extra_bed_type_id': 0, 'age': [0, 3], 'extra_bed': 0, 'free': 1}, '48096': {'id': 48096, 'number': 1, 'extra_bed_type_id': 2, 'age': [3, 18], 'extra_bed': 1, 'free': 1}}, 'rate_id': 61975, 'deals': ['LAST_MINUTE'], 'cancellation_type': 'free', 'credit_card': 0, 'bonus': 274, 'miles': 327, 'min_stay': 1, 'platichastyami': 0, 'mircashback': 547}, {'id': '1209525P', 'capacity': 1, 'prepayment': 'FULL', 'nonrefundable': 0, 'cancellation_period': 0, 'cancellation_fee': 'NO', 'breakfast': 0, 'base_price': 5400, 'prices': [5400], 'price': 5400, 'old_price': 5400, 'currency': 'RUB', 'payment_amount': 5400, 'extras_variants': [], 'extras': {'48095': {'id': 48095, 'number': 1, 'extra_bed_type_id': 0, 'age': [0, 3], 'extra_bed': 0, 'free': 1}, '48096': {'id': 48096, 'number': 1, 'extra_bed_type_id': 2, 'age': [3, 18], 'extra_bed': 1, 'free': 1}}, 'rate_id': 61975, 'deals': [], 'cancellation_type': 'free', 'credit_card': 0, 'bonus': 270, 'miles': 324, 'min_stay': 1, 'platichastyami': 0, 'mircashback': 540}, {'id': '1209526P', 'capacity': 2, 'prepayment': 'FULL', 'nonrefundable': 0, 'cancellation_period': 0, 'cancellation_fee': 'NO', 'breakfast': 0, 'base_price': 5760, 'prices': [5760], 'price': 5760, 'old_price': 5760, 'currency': 'RUB', 'payment_amount': 5760, 'extras_variants': [], 'extras': {'48095': {'id': 48095, 'number': 1, 'extra_bed_type_id': 0, 'age': [0, 3], 'extra_bed': 0, 'free': 1}, '48096': {'id': 48096, 'number': 1, 'extra_bed_type_id': 2, 'age': [3, 18], 'extra_bed': 1, 'free': 1}}, 'rate_id': 61975, 'deals': [], 'cancellation_type': 'free', 'credit_card': 0, 'bonus': 288, 'miles': 345, 'min_stay': 1, 'platichastyami': 0, 'mircashback': 576}]",5130.0,306,677680_101hotels,2026-08-13
5819,,Джуниор,2,1,0,1,Сюит,27,1,[{'double': 1}],"[{'id': '28700', 'number': '1', 'min_age': '0', 'max_age': '7', 'is_extra_bed': '0', 'extra_bed_type_id': '0'}]","[{'id': 525923, 'capacity': 1, 'prepayment': 'NO', 'nonrefundable': 0, 'cancellation_period': 0, 'cancellation_fee': 'NO', 'breakfast': 1, 'base_price': 11650, 'prices': [11650], 'price': 11650, 'old_price': 0, 'currency': 'RUB', 'payment_amount': 0, 'extras_variants': [], 'extras': {'28700': {'id': 28700, 'number': 1, 'extra_bed_type_id': 0, 'age': [0, 7], 'extra_bed': 0, 'free': 1}}, 'rate_id': 16047, 'deals': [], 'cancellation_type': 'free', 'credit_card': 0, 'bonus': 583, 'miles': 699, 'min_stay': 1, 'platichastyami': 0, 'mircashback': 1165}, {'id': 525924, 'capacity': 2, 'prepayment': 'NO', 'nonrefundable': 0, 'cancellation_period': 0, 'cancellation_fee': 'NO', 'breakfast': 1, 'base_price': 12900, 'prices': [12900], 'price': 12900, 'old_price': 0, 'currency': 'RUB', 'payment_amount': 0, 'extras_variants': [], 'extras': {'28700': {'id': 28700, 'number': 1, 'extra_bed_type_id': 0, 'age': [0, 7], 'extra_bed': 0, 'free': 1}}, 'rate_id': 16047, 'deals': [], 'cancellation_type': 'free', 'credit_card': 0, 'bonus': 645, 'miles': 774, 'min_stay': 1, 'platichastyami': 0, 'mircashback': 1290}, {'id': '525923P', 'capacity': 1, 'prepayment': 'FULL', 'nonrefundable': 0, 'cancellation_period': 0, 'cancellation_fee': 'NO', 'breakfast': 1, 'base_price': 11650, 'prices': [11650], 'price': 11650, 'old_price': 0, 'currency': 'RUB', 'payment_amount': 11650, 'extras_variants': [], 'extras': {'28700': {'id': 28700, 'number': 1, 'extra_bed_type_id': 0, 'age': [0, 7], 'extra_bed': 0, 'free': 1}}, 'rate_id': 16047, 'deals': [], 'cancellation_type': 'free', 'credit_card': 0, 'bonus': 583, 'miles': 699, 'min_stay': 1, 'platichastyami': 0, 'mircashback': 1165}, {'id': '525924P', 'capacity': 2, 'prepayment': 'FULL', 'nonrefundable': 0, 'cancellation_period': 0, 'cancellation_fee': 'NO', 'breakfast': 1, 'base_price': 12900, 'prices': [12900], 'price': 12900, 'old_price': 0, 'currency': 'RUB', 'payment_amount': 12900, 'extras_variants': [], 'extras': {'28700': {'id': 28700, 'number': 1, 'extra_bed_type_id': 0, 'age': [0, 7], 'extra_bed': 0, 'free': 1}}, 'rate_id': 16047, 'deals': [], 'cancellation_type': 'free', 'credit_card': 0, 'bonus': 645, 'miles': 774, 'min_stay': 1, 'platichastyami': 0, 'mircashback': 1290}]",11650.0,699,231_101hotels,2026-08-13
45600,,Двухкомнатный,2,1,0,1,Люкс,6,1,"[{'double': 1, 'sofa': 1}]","[{'id': '28696', 'number': '1', 'min_age': '0', 'max_age': '7', 'is_extra_bed': '0', 'extra_bed_type_id': '0'}]","[{'id': 525919, 'capacity': 1, 'prepayment': 'NO', 'nonrefundable': 0, 'cancellation_period': 0, 'cancellation_fee': 'NO', 'breakfast': 1, 'base_price': 21500, 'prices': [21500], 'price': 21500, 'old_price': 0, 'currency': 'RUB', 'payment_amount': 0, 'extras_variants': [], 'extras': {'28696': {'id': 28696, 'number': 1, 'extra_bed_type_id': 0, 'age': [0, 7], 'extra_bed': 0, 'free': 1}}, 'rate_id': 16047, 'deals': [], 'cancellation_type': 'free', 'credit_card': 0, 'bonus': 1075, 'miles': 1290, 'min_stay': 1, 'platichastyami': 0, 'mircashback': 2150}, {'id': 525920, 'capacity': 2, 'prepayment': 'NO', 'nonrefundable': 0, 'cancellation_period': 0, 'cancellation_fee': 'NO', 'breakfast': 1, 'base_price': 21500, 'prices': [21500], 'price': 21500, 'old_price': 0, 'currency': 'RUB', 'payment_amount': 0, 'extras_variants': [], 'extras': {'28696': {'id': 28696, 'number': 1, 'extra_bed_type_id': 0, 'age': [0, 7], 'extra_bed': 0, 'free': 1}}, 'rate_id': 16047, 'deals': [], 'cancellation_type': 'free', 'credit_card': 0, 'bonus': 1075, 'miles': 1290, 'min_stay': 1, 'platichastyami': 0, 'mircashback': 2150}, {'id': '525919P', 'capacity': 1, 'prepayment': 'FULL', 'nonrefundable': 0, 'cancellation_period': 0, 'cancellation_fee': 'NO', 'breakfast': 1, 'base_price': 21500, 'prices': [21500], 'price': 21500, 'old_price': 0, 'currency': 'RUB', 'payment_amount': 21500, 'extras_variants': [], 'extras': {'28696': {'id': 28696, 'number': 1, 'extra_bed_type_id': 0, 'age': [0, 7], 'extra_bed': 0, 'free': 1}}, 'rate_id': 16047, 'deals': [], 'cancellation_type': 'free', 'credit_card': 0, 'bonus': 1075, 'miles': 1290, 'min_stay': 1, 'platichastyami': 0, 'mircashback': 2150}, {'id': '525920P', 'capacity': 2, 'prepayment': 'FULL', 'nonrefundable': 0, 'cancellation_period': 0, 'cancellation_fee': 'NO', 'breakfast': 1, 'base_price': 21500, 'prices': [21500], 'price': 21500, 'old_price': 0, 'currency': 'RUB', 'payment_amount': 21500, 'extras_variants': [], 'extras': {'28696': {'id': 28696, 'number': 1, 'extra_bed_type_id': 0, 'age': [0, 7], 'extra_bed': 0, 'free': 1}}, 'rate_id': 16047, 'deals': [], 'cancellation_type': 'free', 'credit_card': 0, 'bonus': 1075, 'miles': 1290, 'min_stay': 1, 'platichastyami': 0, 'mircashback': 2150}]",21500.0,1290,231_101hotels,2026-08-13
804880,,Джуниор Бизнес,2,1,0,1,Сюит,27,1,"[{'single': 2, 'double': 1}]","[{'id': '28701', 'number': '1', 'min_age': '0', 'max_age': '7', 'is_extra_bed': '0', 'extra_bed_type_id': '0'}]","[{'id': 525927, 'capacity': 1, 'prepayment': 'NO', 'nonrefundable': 0, 'cancellation_period': 0, 'cancellation_fee': 'NO', 'breakfast': 1, 'base_price': 11650, 'prices': [11650], 'price': 11650, 'old_price': 0, 'currency': 'RUB', 'payment_amount': 0, 'extras_variants': [], 'extras': {'28701': {'id': 28701, 'number': 1, 'extra_bed_type_id': 0, 'age': [0, 7], 'extra_bed': 0, 'free': 1}}, 'rate_id': 16047, 'deals': [], 'cancellation_type': 'free', 'credit_card': 0, 'bonus': 583, 'miles': 699, 'min_stay': 1, 'platichastyami': 0, 'mircashback': 1165}, {'id': 525928, 'capacity': 2, 'prepayment': 'NO', 'nonrefundable': 0, 'cancellation_period': 0, 'cancellation_fee': 'NO', 'breakfast': 1, 'base_price': 12900, 'prices': [12900], 'price': 12900, 'old_price': 0, 'currency': 'RUB', 'payment_amount': 0, 'extras_variants': [], 'extras': {'28701': {'id': 28701, 'number': 1, 'extra_bed_type_id': 0, 'age': [0, 7], 'extra_bed': 0, 'free': 1}}, 'rate_id': 16047, 'deals': [], 'cancellation_type': 'free', 'credit_card': 0, 'bonus': 645, 'miles': 774, 'min_stay': 1, 'platichastyami': 0, 'mircashback': 1290}, {'id': '525927P', 'capacity': 1, 'prepayment': 'FULL', 'nonrefundable': 0, 'cancellation_period': 0, 'cancellation_fee': 'NO', 'breakfast': 1, 'base_price': 11650, 'prices': [11650], 'price': 11650, 'old_price': 0, 'currency': 'RUB', 'payment_amount': 11650, 'extras_variants': [], 'extras': {'28701': {'id': 28701, 'number': 1, 'extra_bed_type_id': 0, 'age': [0, 7], 'extra_bed': 0, 'free': 1}}, 'rate_id': 16047, 'deals': [], 'cancellation_type': 'free', 'credit_card': 0, 'bonus': 583, 'miles': 699, 'min_stay': 1, 'platichastyami': 0, 'mircashback': 1165}, {'id': '525928P', 'capacity': 2, 'prepayment': 'FULL', 'nonrefundable': 0, 'cancellation_period': 0, 'cancellation_fee': 'NO', 'breakfast': 1, 'base_price': 12900, 'prices': [12900], 'price': 12900, 'old_price': 0, 'currency': 'RUB', 'payment_amount': 12900, 'extras_variants': [], 'extras': {'28701': {'id': 28701, 'number': 1, 'extra_bed_type_id': 0, 'age': [0, 7], 'extra_bed': 0, 'free': 1}}, 'rate_id': 16047, 'deals': [], 'cancellation_type': 'free', 'credit_card': 0, 'bonus': 645, 'miles': 774, 'min_stay': 1, 'platichastyami': 0, 'mircashback': 1290}]",11650.0,699,231_101hotels,2026-08-13
1320188,,Семейный,2,1,0,1,Студио,5,1,"[{'double': 1, 'sofa': 1}]","[{'id': '28694', 'number': '1', 'min_age': '0', 'max_age': '7', 'is_extra_bed': '0', 'extra_bed_type_id': '0'}]","[{'id': 525917, 'capacity': 1, 'prepayment': 'NO', 'nonrefundable': 0, 'cancellation_period': 0, 'cancellation_fee': 'NO', 'breakfast': 1, 'base_price': 16500, 'prices': [16500], 'price': 16500, 'old_price': 0, 'currency': 'RUB', 'payment_amount': 0, 'extras_variants': [], 'extras': {'28694': {'id': 28694, 'number': 1, 'extra_bed_type_id': 0, 'age': [0, 7], 'extra_bed': 0, 'free': 1}}, 'rate_id': 16047, 'deals': [], 'cancellation_type': 'free', 'credit_card': 0, 'bonus': 825, 'miles': 990, 'min_stay': 1, 'platichastyami': 0, 'mircashback': 1650}, {'id': 525918, 'capacity': 2, 'prepayment': 'NO', 'nonrefundable': 0, 'cancellation_period': 0, 'cancellation_fee': 'NO', 'breakfast': 1, 'base_price': 16500, 'prices': [16500], 'price': 16500, 'old_price': 0, 'currency': 'RUB', 'payment_amount': 0, 'extras_variants': [], 'extras': {'28694': {'id': 28694, 'number': 1, 'extra_bed_type_id': 0, 'age': [0, 7], 'extra_bed': 0, 'free': 1}}, 'rate_id': 16047, 'deals': [], 'cancellation_type': 'free', 'credit_card': 0, 'bonus': 825, 'miles': 990, 'min_stay': 1, 'platichastyami': 0, 'mircashback': 1650}, {'id': '525917P', 'capacity': 1, 'prepayment': 'FULL', 'nonrefundable': 0, 'cancellation_period': 0, 'cancellation_fee': 'NO', 'breakfast': 1, 'base_price': 16500, 'prices': [16500], 'price': 16500, 'old_price': 0, 'currency': 'RUB', 'payment_amount': 16500, 'extras_variants': [], 'extras': {'28694': {'id': 28694, 'number': 1, 'extra_bed_type_id': 0, 'age': [0, 7], 'extra_bed': 0, 'free': 1}}, 'rate_id': 16047, 'deals': [], 'cancellation_type': 'free', 'credit_card': 0, 'bonus': 825, 'miles': 990, 'min_stay': 1, 'platichastyami': 0, 'mircashback': 1650}, {'id': '525918P', 'capacity': 2, 'prepayment': 'FULL', 'nonrefundable': 0, 'cancellation_period': 0, 'cancellation_fee': 'NO', 'breakfast': 1, 'base_price': 16500, 'prices': [16500], 'price': 16500, 'old_price': 0, 'currency': 'RUB', 'payment_amount': 16500, 'extras_variants': [], 'extras': {'28694': {'id': 28694, 'number': 1, 'extra_bed_type_id': 0, 'age': [0, 7], 'extra_bed': 0, 'free': 1}}, 'rate_id': 16047, 'deals': [], 'cancellation_type': 'free', 'credit_card': 0, 'bonus': 825, 'miles': 990, 'min_stay': 1, 'platichastyami': 0, 'mircashback': 1650}]",16500.0,990,231_101hotels,2026-08-13
5843,,Стандартный Double,2,0,0,1,Двухместный,2,2,[{'double': 1}],[],"[{'id': 304044, 'capacity': 1, 'prepayment': 'NO', 'nonrefundable': 0, 'cancellation_period': 0, 'cancellation_fee': 'NO', 'breakfast': 6, 'base_price': 5200, 'prices': [5200], 'price': 5200, 'old_price': 0, 'currency': 'RUB', 'payment_amount': 0, 'extras_variants': [], 'extras': [], 'rate_id': 2581, 'deals': [], 'cancellation_type': 'free', 'credit_card': 0, 'bonus': 260, 'miles': 312, 'min_stay': 1, 'platichastyami': 0, 'mircashback': 520}, {'id': 304045, 'capacity': 2, 'prepayment': 'NO', 'nonrefundable': 0, 'cancellation_period': 0, 'cancellation_fee': 'NO', 'breakfast': 6, 'base_price': 5700, 'prices': [5700], 'price': 5700, 'old_price': 0, 'currency': 'RUB', 'payment_amount': 0, 'extras_variants': [], 'extras': [], 'rate_id': 2581, 'deals': [], 'cancellation_type': 'free', 'credit_card': 0, 'bonus': 285, 'miles': 342, 'min_stay': 1, 'platichastyami': 0, 'mircashback': 570}, {'id': '304044P', 'capacity': 1, 'prepayment': 'FULL', 'nonrefundable': 0, 'cancellation_period': 0, 'cancellation_fee': 'NO', 'breakfast': 6, 'base_price': 5200, 'prices': [5200], 'price': 5200, 'old_price': 0, 'currency': 'RUB', 'payment_amount': 5200, 'extras_variants': [], 'extras': [], 'rate_id': 2581, 'deals': [], 'cancellation_type': 'free', 'credit_card': 0, 'bonus': 260, 'miles': 312, 'min_stay': 1, 'platichastyami': 0, 'mircashback': 520}, {'id': '304045P', 'capacity': 2, 'prepayment': 'FULL', 'nonrefundable': 0, 'cancellation_period': 0, 'cancellation_fee': 'NO', 'breakfast': 6, 'base_price': 5700, 'prices': [5700], 'price': 5700, 'old_price': 0, 'currency': 'RUB', 'payment_amount': 5700, 'extras_variants': [], 'extras': [], 'rate_id': 2581, 'deals': [], 'cancellation_type': 'free', 'credit_card': 0, 'bonus': 285, 'miles': 342, 'min_stay': 1, 'platichastyami': 0, 'mircashback': 570}]",5200.0,312,605_101hotels,2026-08-13
103694,,Стандартный Twin,2,0,0,1,Двухместный,2,1,[{'single': 2}],[],"[{'id': 304046, 'capacity': 1, 'prepayment': 'NO', 'nonrefundable': 0, 'cancellation_period': 0, 'cancellation_fee': 'NO', 'breakfast': 6, 'base_price': 5200, 'prices': [5200], 'price': 5200, 'old_price': 0, 'currency': 'RUB', 'payment_amount': 0, 'extras_variants': [], 'extras': [], 'rate_id': 2581, 'deals': [], 'cancellation_type': 'free', 'credit_card': 0, 'bonus': 260, 'miles': 312, 'min_stay': 1, 'platichastyami': 0, 'mircashback': 520}, {'id': 304047, 'capacity': 2, 'prepayment': 'NO', 'nonrefundable': 0, 'cancellation_period': 0, 'cancellation_fee': 'NO', 'breakfast': 6, 'base_price': 5700, 'prices': [5700], 'price': 5700, 'old_price': 0, 'currency': 'RUB', 'payment_amount': 0, 'extras_variants': [], 'extras': [], 'rate_id': 2581, 'deals': [], 'cancellation_type': 'free', 'credit_card': 0, 'bonus': 285, 'miles': 342, 'min_stay': 1, 'platichastyami': 0, 'mircashback': 570}, {'id': '304046P', 'capacity': 1, 'prepayment': 'FULL', 'nonrefundable': 0, 'cancellation_period': 0, 'cancellation_fee': 'NO', 'breakfast': 6, 'base_price': 5200, 'prices': [5200], 'price': 5200, 'old_price': 0, 'currency': 'RUB', 'payment_amount': 5200, 'extras_variants': [], 'extras': [], 'rate_id': 2581, 'deals': [], 'cancellation_type': 'free', 'credit_card': 0, 'bonus': 260, 'miles': 312, 'min_stay': 1, 'platichastyami': 0, 'mircashback': 520}, {'id': '304047P', 'capacity': 2, 'prepayment': 'FULL', 'nonrefundable': 0, 'cancellation_period': 0, 'cancellation_fee': 'NO', 'breakfast': 6, 'base_price': 5700, 'prices': [5700], 'price': 5700, 'old_price': 0, 'currency': 'RUB', 'payment_amount': 5700, 'extras_variants': [], 'extras': [], 'rate_id': 2581, 'deals': [], 'cancellation_type': 'free', 'credit_card': 0, 'bonus': 285, 'miles': 342, 'min_stay': 1, 'platichastyami': 0, 'mircashback': 570}]",5200.0,312,605_101hotels,2026-08-13
2221448,,Улучшенный,2,1,0,1,Двухместный,2,2,[{'double': 1}],[],"[{'id': 317252, 'capacity': 1, 'prepayment': 'NO', 'nonrefundable': 0, 'cancellation_period': 0, 'cancellation_fee': 'NO', 'breakfast': 6, 'base_price': 6000, 'prices': [6000], 'price': 6000, 'old_price': 0, 'currency': 'RUB', 'payment_amount': 0, 'extras_variants': [], 'extras': [], 'rate_id': 2581, 'deals': [], 'cancellation_type': 'free', 'credit_card': 0, 'bonus': 300, 'miles': 360, 'min_stay': 1, 'platichastyami': 0, 'mircashback': 600}, {'id': 317253, 'capacity': 2, 'prepayment': 'NO', 'nonrefundable': 0, 'cancellation_period': 0, 'cancellation_fee': 'NO', 'breakfast': 6, 'base_price': 6500, 'prices': [6500], 'price': 6500, 'old_price': 0, 'currency': 'RUB', 'payment_amount': 0, 'extras_variants': [], 'extras': [], 'rate_id': 2581, 'deals': [], 'cancellation_type': 'free', 'credit_card': 0, 'bonus': 325, 'miles': 390, 'min_stay': 1, 'platichastyami': 0, 'mircashback': 650}, {'id': '317252P', 'capacity': 1, 'prepayment': 'FULL', 'nonrefundable': 0, 'cancellation_period': 0, 'cancellation_fee': 'NO', 'breakfast': 6, 'base_price': 6000, 'prices': [6000], 'price': 6000, 'old_price': 0, 'currency': 'RUB', 'payment_amount': 6000, 'extras_variants': [], 'extras': [], 'rate_id': 2581, 'deals': [], 'cancellation_type': 'free', 'credit_card': 0, 'bonus': 300, 'miles': 360, 'min_stay': 1, 'platichastyami': 0, 'mircashback': 600}, {'id': '317253P', 'capacity': 2, 'prepayment': 'FULL', 'nonrefundable': 0, 'cancellation_period': 0, 'cancellation_fee': 'NO', 'breakfast': 6, 'base_price': 6500, 'prices': [6500], 'price': 6500, 'old_price': 0, 'currency': 'RUB', 'payment_amount': 6500, 'extras_variants': [], 'extras': [], 'rate_id': 2581, 'deals': [], 'cancellation_type': 'free', 'credit_card': 0, 'bonus': 325, 'miles': 390, 'min_stay': 1, 'platichastyami': 0, 'mircashback': 650}]",6000.0,360,605_101hotels,2026-08-13
5801,,Стандарт Double,2,0,0,1,Двухместный,2,3,[{'double': 1}],[],"[{'id': 267565, 'capacity': 1, 'prepayment': 'FULL', 'nonrefundable': 1, 'cancellation_period': 0, 'cancellation_fee': 'FIRST', 'breakfast': 0, 'base_price': 3400, 'prices': [3400], 'price': 3400, 'old_price': 3400, 'currency': 'RUB', 'payment_amount': 3400, 'extras_variants': [], 'extras': [], 'rate_id': 992, 'deals': [], 'cancellation_type': 'nonrefundable', 'credit_card': 1, 'bonus': 170, 'miles': 204, 'min_stay': 1, 'platichastyami': 0, 'mircashback': 340}, {'id': 267566, 'capacity': 2, 'prepayment': 'FULL', 'nonrefundable': 1, 'cancellation_period': 0, 'cancellation_fee': 'FIRST', 'breakfast': 0, 'base_price': 4200, 'prices': [4200], 'price': 4200, 'old_price': 4200, 'currency': 'RUB', 'payment_amount': 4200, 'extras_variants': [], 'extras': [], 'rate_id': 992, 'deals': [], 'cancellation_type': 'nonrefundable', 'credit_card': 1, 'bonus': 210, 'miles': 252, 'min_stay': 1, 'platichastyami': 0, 'mircashback': 420}]",3400.0,204,1970_101hotels,2026-08-13
5802,,Стандарт Twin,2,0,0,1,Двухместный,2,4,[{'single': 2}],[],"[{'id': 267567, 'capacity': 1, 'prepayment': 'FULL', 'nonrefundable': 1, 'cancellation_period': 0, 'cancellation_fee': 'FIRST', 'breakfast': 0, 'base_price': 3400, 'prices': [3400], 'price': 3400, 'old_price': 3400, 'currency': 'RUB', 'payment_amount': 3400, 'extras_variants': [], 'extras': [], 'rate_id': 992, 'deals': [], 'cancellation_type': 'nonrefundable', 'credit_card': 1, 'bonus': 170, 'miles': 204, 'min_stay': 1, 'platichastyami': 0, 'mircashback': 340}, {'id': 267568, 'capacity': 2, 'prepayment': 'FULL', 'nonrefundable': 1, 'cancellation_period': 0, 'cancellation_fee': 'FIRST', 'breakfast': 0, 'base_price': 4200, 'prices': [4200], 'price': 4200, 'old_price': 4200, 'currency': 'RUB', 'payment_amount': 4200, 'extras_variants': [], 'extras': [], 'rate_id': 992, 'deals': [], 'cancellation_type': 'nonrefundable', 'credit_card': 1, 'bonus': 210, 'miles': 252, 'min_stay': 1, 'platichastyami': 0, 'mircashback': 420}]",3400.0,204,1970_101hotels,2026-08-13
1693680,,TRPL,3,0,0,1,Трехместный,37,3,"[{'single': 1, 'double': 1}]",[],"[{'id': 267580, 'capacity': 1, 'prepayment': 'FULL', 'nonrefundable': 1, 'cancellation_period': 0, 'cancellation_fee': 'FIRST', 'breakfast': 0, 'base_price': 4300, 'prices': [4300], 'price': 4300, 'old_price': 4300, 'currency': 'RUB', 'payment_amount': 4300, 'extras_variants': [], 'extras': [], 'rate_id': 992, 'deals': [], 'cancellation_type': 'nonrefundable', 'credit_card': 1, 'bonus': 215, 'miles': 258, 'min_stay': 1, 'platichastyami': 0, 'mircashback': 430}, {'id': 267581, 'capacity': 2, 'prepayment': 'FULL', 'nonrefundable': 1, 'cancellation_period': 0, 'cancellation_fee': 'FIRST', 'breakfast': 0, 'base_price': 4300, 'prices': [4300], 'price': 4300, 'old_price': 4300, 'currency': 'RUB', 'payment_amount': 4300, 'extras_variants': [], 'extras': [], 'rate_id': 992, 'deals': [], 'cancellation_type': 'nonrefundable', 'credit_card': 1, 'bonus': 215, 'miles': 258, 'min_stay': 1, 'platichastyami': 0, 'mircashback': 430}, {'id': 267582, 'capacity': 3, 'prepayment': 'FULL', 'nonrefundable': 1, 'cancellation_period': 0, 'cancellation_fee': 'FIRST', 'breakfast': 0, 'base_price': 4400, 'prices': [4400], 'price': 4400, 'old_price': 4400, 'currency': 'RUB', 'payment_amount': 4400, 'extras_variants': [], 'extras': [], 'rate_id': 992, 'deals': [], 'cancellation_type': 'nonrefundable', 'credit_card': 1, 'bonus': 220, 'miles': 264, 'min_stay': 1, 'platichastyami': 0, 'mircashback': 440}]",4300.0,258,1970_101hotels,2026-08-13
1693681,,Джуниор Сюит Double,3,0,0,1,Студио,5,3,"[{'double': 1, 's-sofa': 1}]",[],"[{'id': 267569, 'capacity': 1, 'prepayment': 'FULL', 'nonrefundable': 1, 'cancellation_period': 0, 'cancellation_fee': 'FIRST', 'breakfast': 0, 'base_price': 6100, 'prices': [6100], 'price': 6100, 'old_price': 6100, 'currency': 'RUB', 'payment_amount': 6100, 'extras_variants': [], 'extras': [], 'rate_id': 992, 'deals': [], 'cancellation_type': 'nonrefundable', 'credit_card': 1, 'bonus': 305, 'miles': 366, 'min_stay': 1, 'platichastyami': 0, 'mircashback': 610}, {'id': 267570, 'capacity': 2, 'prepayment': 'FULL', 'nonrefundable': 1, 'cancellation_period': 0, 'cancellation_fee': 'FIRST', 'breakfast': 0, 'base_price': 6200, 'prices': [6200], 'price': 6200, 'old_price': 6200, 'currency': 'RUB', 'payment_amount': 6200, 'extras_variants': [], 'extras': [], 'rate_id': 992, 'deals': [], 'cancellation_type': 'nonrefundable', 'credit_card': 1, 'bonus': 310, 'miles': 372, 'min_stay': 1, 'platichastyami': 0, 'mircashback': 620}, {'id': 759685, 'capacity': 3, 'prepayment': 'FULL', 'nonrefundable': 1, 'cancellation_period': 0, 'cancellation_fee': 'FIRST', 'breakfast': 0, 'base_price': 6300, 'prices': [6300], 'price': 6300, 'old_price': 6300, 'currency': 'RUB', 'payment_amount': 6300, 'extras_variants': [], 'extras': [], 'rate_id': 992, 'deals': [], 'cancellation_type': 'nonrefundable', 'credit_card': 1, 'bonus': 315, 'miles': 378, 'min_stay': 1, 'platichastyami': 0, 'mircashback': 630}]",6100.0,366,1970_101hotels,2026-08-13
2265481,,Эконом,6,0,0,1,Шестиместный,36,1,[{'single': 6}],[],"[{'id': 724819, 'capacity': 1, 'prepayment': 'FULL', 'nonrefundable': 1, 'cancellation_period': 0, 'cancellation_fee': 'FIRST', 'breakfast': 0, 'base_price': 6100, 'prices': [6100], 'price': 6100, 'old_price': 6100, 'currency': 'RUB', 'payment_amount': 6100, 'extras_variants': [], 'extras': [], 'rate_id': 992, 'deals': [], 'cancellation_type': 'nonrefundable', 'credit_card': 1, 'bonus': 305, 'miles': 366, 'min_stay': 1, 'platichastyami': 0, 'mircashback': 610}, {'id': 724820, 'capacity': 2, 'prepayment': 'FULL', 'nonrefundable': 1, 'cancellation_period': 0, 'cancellation_fee': 'FIRST', 'breakfast': 0, 'base_price': 6200, 'prices': [6200], 'price': 6200, 'old_price': 6200, 'currency': 'RUB', 'payment_amount': 6200, 'extras_variants': [], 'extras': [], 'rate_id': 992, 'deals': [], 'cancellation_type': 'nonrefundable', 'credit_card': 1, 'bonus': 310, 'miles': 372, 'min_stay': 1, 'platichastyami': 0, 'mircashback': 620}, {'id': 724821, 'capacity': 3, 'prepayment': 'FULL', 'nonrefundable': 1, 'cancellation_period': 0, 'cancellation_fee': 'FIRST', 'breakfast': 0, 'base_price': 6300, 'prices': [6300], 'price': 6300, 'old_price': 6300, 'currency': 'RUB', 'payment_amount': 6300, 'extras_variants': [], 'extras': [], 'rate_id': 992, 'deals': [], 'cancellation_type': 'nonrefundable', 'credit_card': 1, 'bonus': 315, 'miles': 378, 'min_stay': 1, 'platichastyami': 0, 'mircashback': 630}, {'id': 724822, 'capacity': 4, 'prepayment': 'FULL', 'nonrefundable': 1, 'cancellation_period': 0, 'cancellation_fee': 'FIRST', 'breakfast': 0, 'base_price': 6400, 'prices': [6400], 'price': 6400, 'old_price': 6400, 'currency': 'RUB', 'payment_amount': 6400, 'extras_variants': [], 'extras': [], 'rate_id': 992, 'deals': [], 'cancellation_type': 'nonrefundable', 'credit_card': 1, 'bonus': 320, 'miles': 384, 'min_stay': 1, 'platichastyami': 0, 'mircashback': 640}, {'id': 724823, 'capacity': 5, 'prepayment': 'FULL', 'nonrefundable': 1, 'cancellation_period': 0, 'cancellation_fee': 'FIRST', 'breakfast': 0, 'base_price': 6500, 'prices': [6500], 'price': 6500, 'old_price': 6500, 'currency': 'RUB', 'payment_amount': 6500, 'extras_variants': [], 'extras': [], 'rate_id': 992, 'deals': [], 'cancellation_type': 'nonrefundable', 'credit_card': 1, 'bonus': 325, 'miles': 390, 'min_stay': 1, 'platichastyami': 0, 'mircashback': 650}, {'id': 724824, 'capacity': 6, 'prepayment': 'FULL', 'nonrefundable': 1, 'cancellation_period': 0, 'cancellation_fee': 'FIRST', 'breakfast': 0, 'base_price': 6600, 'prices': [6600], 'price': 6600, 'old_price': 6600, 'currency': 'RUB', 'payment_amount': 6600, 'extras_variants': [], 'extras': [], 'rate_id': 992, 'deals': [], 'cancellation_type': 'nonrefundable', 'credit_card': 1, 'bonus': 330, 'miles': 396, 'min_stay': 1, 'platichastyami': 0, 'mircashback': 660}]",6100.0,366,1970_101hotels,2026-08-13
21364,,Джуниор Сюит,2,2,0,1,Студио,5,2,[{'double': 1}],[],"[{'id': 493655, 'capacity': 1, 'prepayment': 'FIRST', 'nonrefundable': 0, 'cancellation_period': 1, 'cancellation_fee': 'FIRST', 'breakfast': 1, 'base_price': 10500, 'prices': [10500], 'price': 10500, 'old_price': 10500, 'currency': 'RUB', 'payment_amount': 10500, 'extras_variants': [], 'extras': [], 'rate_id': 13902, 'deals': [], 'cancellation_type': 'special', 'credit_card': 1, 'bonus': 525, 'miles': 630, 'min_stay': 1, 'platichastyami': 0, 'mircashback': 1050}, {'id': 493656, 'capacity': 2, 'prepayment': 'FIRST', 'nonrefundable': 0, 'cancellation_period': 1, 'cancellation_fee': 'FIRST', 'breakfast': 1, 'base_price': 10500, 'prices': [10500], 'price': 10500, 'old_price': 10500, 'currency': 'RUB', 'payment_amount': 10500, 'extras_variants': [], 'extras': [], 'rate_id': 13902, 'deals': [], 'cancellation_type': 'special', 'credit_card': 1, 'bonus': 525, 'miles': 630, 'min_stay': 1, 'platichastyami': 0, 'mircashback': 1050}]",10500.0,630,4397_101hotels,2026-08-13
863420,,Джуниор Сюит мансарда,2,1,0,1,Студио,5,1,[{'double': 1}],[],"[{'id': 493657, 'capacity': 1, 'prepayment': 'FIRST', 'nonrefundable': 0, 'cancellation_period': 1, 'cancellation_fee': 'FIRST', 'breakfast': 1, 'base_price': 10000, 'prices': [10000], 'price': 10000, 'old_price': 10000, 'currency': 'RUB', 'payment_amount': 10000, 'extras_variants': [], 'extras': [], 'rate_id': 13902, 'deals': [], 'cancellation_type': 'special', 'credit_card': 1, 'bonus': 500, 'miles': 600, 'min_stay': 1, 'platichastyami': 0, 'mircashback': 1000}, {'id': 493658, 'capacity': 2, 'prepayment': 'FIRST', 'nonrefundable': 0, 'cancellation_period': 1, 'cancellation_fee': 'FIRST', 'breakfast': 1, 'base_price': 10000, 'prices': [10000], 'price': 10000, 'old_price': 10000, 'currency': 'RUB', 'payment_amount': 10000, 'extras_variants': [], 'extras': [], 'rate_id': 13902, 'deals': [], 'cancellation_type': 'special', 'credit_card': 1, 'bonus': 500, 'miles': 600, 'min_stay': 1, 'platichastyami': 0, 'mircashback': 1000}]",10000.0,600,4397_101hotels,2026-08-13
47335,,"II категории, Улучшенный",1,0,0,1,Одноместный,1,5,[{'single': 1}],[],"[{'id': 613984, 'capacity': 1, 'prepayment': 'NO', 'nonrefundable': 0, 'cancellation_period': 0, 'cancellation_fee': 'NO', 'breakfast': 0, 'base_price': 3200, 'prices': [3200], 'price': 3200, 'old_price': 3200, 'currency': 'RUB', 'payment_amount': 0, 'extras_variants': [], 'extras': [], 'rate_id': 18378, 'deals': [], 'cancellation_type': 'free', 'credit_card': 0, 'bonus': 160, 'miles': 192, 'min_stay': 1, 'platichastyami': 0, 'mircashback': 320}, {'id': '613984P', 'capacity': 1, 'prepayment': 'FULL', 'nonrefundable': 0, 'cancellation_period': 0, 'cancellation_fee': 'NO', 'breakfast': 0, 'base_price': 3200, 'prices': [3200], 'price': 3200, 'old_price': 3200, 'currency': 'RUB', 'payment_amount': 3200, 'extras_variants': [], 'extras': [], 'rate_id': 18378, 'deals': [], 'cancellation_type': 'free', 'credit_card': 0, 'bonus': 160, 'miles': 192, 'min_stay': 1, 'platichastyami': 0, 'mircashback': 320}]",3200.0,192,9536_101hotels,2026-08-13
47336,,"II категории, Улучшенный",2,0,0,1,Двухместный,2,6,[{'single': 2}],[],"[{'id': 613985, 'capacity': 1, 'prepayment': 'NO', 'nonrefundable': 0, 'cancellation_period': 0, 'cancellation_fee': 'NO', 'breakfast': 0, 'base_price': 4500, 'prices': [4500], 'price': 4500, 'old_price': 4500, 'currency': 'RUB', 'payment_amount': 0, 'extras_variants': [], 'extras': [], 'rate_id': 18378, 'deals': [], 'cancellation_type': 'free', 'credit_card': 0, 'bonus': 225, 'miles': 270, 'min_stay': 1, 'platichastyami': 0, 'mircashback': 450}, {'id': 613986, 'capacity': 2, 'prepayment': 'NO', 'nonrefundable': 0, 'cancellation_period': 0, 'cancellation_fee': 'NO', 'breakfast': 0, 'base_price': 4500, 'prices': [4500], 'price': 4500, 'old_price': 4500, 'currency': 'RUB', 'payment_amount': 0, 'extras_variants': [], 'extras': [], 'rate_id': 18378, 'deals': [], 'cancellation_type': 'free', 'credit_card': 0, 'bonus': 225, 'miles': 270, 'min_stay': 1, 'platichastyami': 0, 'mircashback': 450}, {'id': '613985P', 'capacity': 1, 'prepayment': 'FULL', 'nonrefundable': 0, 'cancellation_period': 0, 'cancellation_fee': 'NO', 'breakfast': 0, 'base_price': 4500, 'prices': [4500], 'price': 4500, 'old_price': 4500, 'currency': 'RUB', 'payment_amount': 4500, 'extras_variants': [], 'extras': [], 'rate_id': 18378, 'deals': [], 'cancellation_type': 'free', 'credit_card': 0, 'bonus': 225, 'miles': 270, 'min_stay': 1, 'platichastyami': 0, 'mircashback': 450}, {'id': '613986P', 'capacity': 2, 'prepayment': 'FULL', 'nonrefundable': 0, 'cancellation_period': 0, 'cancellation_fee': 'NO', 'breakfast': 0, 'base_price': 4500, 'prices': [4500], 'price': 4500, 'old_price': 4500, 'currency': 'RUB', 'payment_amount': 4500, 'extras_variants': [], 'extras': [], 'rate_id': 18378, 'deals': [], 'cancellation_type': 'free', 'credit_card': 0, 'bonus': 225, 'miles': 270, 'min_stay': 1, 'platichastyami': 0, 'mircashback': 450}]",4500.0,270,9536_101hotels,2026-08-13
1607837,,"I категории, Комфорт",2,1,0,1,Двухместный,2,5,"[{'double': 1, 'sofa': 1}]",[],"[{'id': 613987, 'capacity': 1, 'prepayment': 'NO', 'nonrefundable': 0, 'cancellation_period': 0, 'cancellation_fee': 'NO', 'breakfast': 0, 'base_price': 6000, 'prices': [6000], 'price': 6000, 'old_price': 6000, 'currency': 'RUB', 'payment_amount': 0, 'extras_variants': [], 'extras': [], 'rate_id': 18378, 'deals': [], 'cancellation_type': 'free', 'credit_card': 0, 'bonus': 300, 'miles': 360, 'min_stay': 1, 'platichastyami': 0, 'mircashback': 600}, {'id': 613988, 'capacity': 2, 'prepayment': 'NO', 'nonrefundable': 0, 'cancellation_period': 0, 'cancellation_fee': 'NO', 'breakfast': 0, 'base_price': 6000, 'prices': [6000], 'price': 6000, 'old_price': 6000, 'currency': 'RUB', 'payment_amount': 0, 'extras_variants': [], 'extras': [], 'rate_id': 18378, 'deals': [], 'cancellation_type': 'free', 'credit_card': 0, 'bonus': 300, 'miles': 360, 'min_stay': 1, 'platichastyami': 0, 'mircashback': 600}, {'id': '613987P', 'capacity': 1, 'prepayment': 'FULL', 'nonrefundable': 0, 'cancellation_period': 0, 'cancellation_fee': 'NO', 'breakfast': 0, 'base_price': 6000, 'prices': [6000], 'price': 6000, 'old_price': 6000, 'currency': 'RUB', 'payment_amount': 6000, 'extras_variants': [], 'extras': [], 'rate_id': 18378, 'deals': [], 'cancellation_type': 'free', 'credit_card': 0, 'bonus': 300, 'miles': 360, 'min_stay': 1, 'platichastyami': 0, 'mircashback': 600}, {'id': '613988P', 'capacity': 2, 'prepayment': 'FULL', 'nonrefundable': 0, 'cancellation_period': 0, 'cancellation_fee': 'NO', 'breakfast': 0, 'base_price': 6000, 'prices': [6000], 'price': 6000, 'old_price': 6000, 'currency': 'RUB', 'payment_amount': 6000, 'extras_variants': [], 'extras': [], 'rate_id': 18378, 'deals': [], 'cancellation_type': 'free', 'credit_card': 0, 'bonus': 300, 'miles': 360, 'min_stay': 1, 'platichastyami': 0, 'mircashback': 600}]",6000.0,360,9536_101hotels,2026-08-13
2220536,,Стандарт с 1 кроватью,2,0,0,1,Двухместный,2,2,[{'double': 1}],[],"[{'id': 321835, 'capacity': 1, 'prepayment': 'NO', 'nonrefundable': 0, 'cancellation_period': 0, 'cancellation_fee': 'NO', 'breakfast': 1, 'base_price': 18850, 'prices': [18850], 'price': 18850, 'old_price': 18850, 'currency': 'RUB', 'payment_amount': 0, 'extras_variants': [], 'extras': [], 'rate_id': 3347, 'deals': [], 'cancellation_type': 'free', 'credit_card': 0, 'bonus': 943, 'miles': 1131, 'min_stay': 1, 'platichastyami': 0, 'mircashback': 1885}, {'id': 321836, 'capacity': 2, 'prepayment': 'NO', 'nonrefundable': 0, 'cancellation_period': 0, 'cancellation_fee': 'NO', 'breakfast': 1, 'base_price': 42250, 'prices': [42250], 'price': 42250, 'old_price': 42250, 'currency': 'RUB', 'payment_amount': 0, 'extras_variants': [], 'extras': [], 'rate_id': 3347, 'deals': [], 'cancellation_type': 'free', 'credit_card': 0, 'bonus': 2113, 'miles': 2535, 'min_stay': 1, 'platichastyami': 0, 'mircashback': 4225}]",18850.0,1131,510842_101hotels,2026-08-13
2220537,,Стандартный номер с 1 большой или 2 раздельными кроватями,2,0,0,1,Двухместный,2,2,"[{'single': 2}, {'double': 1}]",[],"[{'id': 321837, 'capacity': 1, 'prepayment': 'NO', 'nonrefundable': 0, 'cancellation_period': 0, 'cancellation_fee': 'NO', 'breakfast': 1, 'base_price': 18850, 'prices': [18850], 'price': 18850, 'old_price': 18850, 'currency': 'RUB', 'payment_amount': 0, 'extras_variants': [], 'extras': [], 'rate_id': 3347, 'deals': [], 'cancellation_type': 'free', 'credit_card': 0, 'bonus': 943, 'miles': 1131, 'min_stay': 1, 'platichastyami': 0, 'mircashback': 1885}, {'id': 321838, 'capacity': 2, 'prepayment': 'NO', 'nonrefundable': 0, 'cancellation_period': 0, 'cancellation_fee': 'NO', 'breakfast': 1, 'base_price': 42250, 'prices': [42250], 'price': 42250, 'old_price': 42250, 'currency': 'RUB', 'payment_amount': 0, 'extras_variants': [], 'extras': [], 'rate_id': 3347, 'deals': [], 'cancellation_type': 'free', 'credit_card': 0, 'bonus': 2113, 'miles': 2535, 'min_stay': 1, 'platichastyami': 0, 'mircashback': 4225}]",18850.0,1131,510842_101hotels,2026-08-13
2220541,,Джуниор с 1 большой или 2 раздельными кроватями,2,0,0,1,Полулюкс,4,3,"[{'single': 2}, {'double': 1}]",[],"[{'id': 321841, 'capacity': 1, 'prepayment': 'NO', 'nonrefundable': 0, 'cancellation_period': 0, 'cancellation_fee': 'NO', 'breakfast': 1, 'base_price': 52390, 'prices': [52390], 'price': 52390, 'old_price': 52390, 'currency': 'RUB', 'payment_amount': 0, 'extras_variants': [], 'extras': [], 'rate_id': 3347, 'deals': [], 'cancellation_type': 'free', 'credit_card': 0, 'bonus': 2620, 'miles': 3141, 'min_stay': 1, 'platichastyami': 0, 'mircashback': 5239}, {'id': 321842, 'capacity': 2, 'prepayment': 'NO', 'nonrefundable': 0, 'cancellation_period': 0, 'cancellation_fee': 'NO', 'breakfast': 1, 'base_price': 26000, 'prices': [26000], 'price': 26000, 'old_price': 26000, 'currency': 'RUB', 'payment_amount': 0, 'extras_variants': [], 'extras': [], 'rate_id': 3347, 'deals': [], 'cancellation_type': 'free', 'credit_card': 0, 'bonus': 1300, 'miles': 1560, 'min_stay': 1, 'platichastyami': 0, 'mircashback': 2600}]",26000.0,1560,510842_101hotels,2026-08-13
2220546,,,2,1,0,1,Люкс,6,2,[{'double': 1}],[],"[{'id': 321843, 'capacity': 1, 'prepayment': 'NO', 'nonrefundable': 0, 'cancellation_period': 0, 'cancellation_fee': 'NO', 'breakfast': 1, 'base_price': 33150, 'prices': [33150], 'price': 33150, 'old_price': 33150, 'currency': 'RUB', 'payment_amount': 0, 'extras_variants': [], 'extras': [], 'rate_id': 3347, 'deals': [], 'cancellation_type': 'free', 'credit_card': 0, 'bonus': 1658, 'miles': 1989, 'min_stay': 1, 'platichastyami': 0, 'mircashback': 3315}, {'id': 321844, 'capacity': 2, 'prepayment': 'NO', 'nonrefundable': 0, 'cancellation_period': 0, 'cancellation_fee': 'NO', 'breakfast': 1, 'base_price': 36530, 'prices': [36530], 'price': 36530, 'old_price': 36530, 'currency': 'RUB', 'payment_amount': 0, 'extras_variants': [], 'extras': [], 'rate_id': 3347, 'deals': [], 'cancellation_type': 'free', 'credit_card': 0, 'bonus': 1827, 'miles': 2190, 'min_stay': 1, 'platichastyami': 0, 'mircashback': 3653}]",33150.0,1989,510842_101hotels,2026-08-13
2220552,,Адмирал,4,1,0,1,Семейный,44,1,"[{'single': 4}, {'single': 2, 'double': 1}, {'double': 2}]",[],"[{'id': 321845, 'capacity': 1, 'prepayment': 'NO', 'nonrefundable': 0, 'cancellation_period': 0, 'cancellation_fee': 'NO', 'breakfast': 1, 'base_price': 41340, 'prices': [41340], 'price': 41340, 'old_price': 41340, 'currency': 'RUB', 'payment_amount': 0, 'extras_variants': [], 'extras': [], 'rate_id': 3347, 'deals': [], 'cancellation_type': 'free', 'credit_card': 0, 'bonus': 2067, 'miles': 2478, 'min_stay': 1, 'platichastyami': 0, 'mircashback': 4134}, {'id': 321846, 'capacity': 2, 'prepayment': 'NO', 'nonrefundable': 0, 'cancellation_period': 0, 'cancellation_fee': 'NO', 'breakfast': 1, 'base_price': 43290, 'prices': [43290], 'price': 43290, 'old_price': 43290, 'currency': 'RUB', 'payment_amount': 0, 'extras_variants': [], 'extras': [], 'rate_id': 3347, 'deals': [], 'cancellation_type': 'free', 'credit_card': 0, 'bonus': 2165, 'miles': 2595, 'min_stay': 1, 'platichastyami': 0, 'mircashback': 4329}, {'id': 321847, 'capacity': 3, 'prepayment': 'NO', 'nonrefundable': 0, 'cancellation_period': 0, 'cancellation_fee': 'NO', 'breakfast': 1, 'base_price': 45240, 'prices': [45240], 'price': 45240, 'old_price': 45240, 'currency': 'RUB', 'payment_amount': 0, 'extras_variants': [], 'extras': [], 'rate_id': 3347, 'deals': [], 'cancellation_type': 'free', 'credit_card': 0, 'bonus': 2262, 'miles': 2712, 'min_stay': 1, 'platichastyami': 0, 'mircashback': 4524}, {'id': 321848, 'capacity': 4, 'prepayment': 'NO', 'nonrefundable': 0, 'cancellation_period': 0, 'cancellation_fee': 'NO', 'breakfast': 1, 'base_price': 47190, 'prices': [47190], 'price': 47190, 'old_price': 47190, 'currency': 'RUB', 'payment_amount': 0, 'extras_variants': [], 'extras': [], 'rate_id': 3347, 'deals': [], 'cancellation_type': 'free', 'credit_card': 0, 'bonus': 2360, 'miles': 2829, 'min_stay': 1, 'platichastyami': 0, 'mircashback': 4719}]",41340.0,2478,510842_101hotels,2026-08-13
2220555,,Амурский люкс,4,1,0,1,Семейный,44,1,"[{'single': 2, 'double': 1}, {'double': 2}]",[],"[{'id': 321849, 'capacity': 1, 'prepayment': 'NO', 'nonrefundable': 0, 'cancellation_period': 0, 'cancellation_fee': 'NO', 'breakfast': 1, 'base_price': 52390, 'prices': [52390], 'price': 52390, 'old_price': 52390, 'currency': 'RUB', 'payment_amount': 0, 'extras_variants': [], 'extras': [], 'rate_id': 3347, 'deals': [], 'cancellation_type': 'free', 'credit_card': 0, 'bonus': 2620, 'miles': 3141, 'min_stay': 1, 'platichastyami': 0, 'mircashback': 5239}, {'id': 321850, 'capacity': 2, 'prepayment': 'NO', 'nonrefundable': 0, 'cancellation_period': 0, 'cancellation_fee': 'NO', 'breakfast': 1, 'base_price': 54990, 'prices': [54990], 'price': 54990, 'old_price': 54990, 'currency': 'RUB', 'payment_amount': 0, 'extras_variants': [], 'extras': [], 'rate_id': 3347, 'deals': [], 'cancellation_type': 'free', 'credit_card': 0, 'bonus': 2750, 'miles': 3297, 'min_stay': 1, 'platichastyami': 0, 'mircashback': 5499}, {'id': 321851, 'capacity': 3, 'prepayment': 'NO', 'nonrefundable': 0, 'cancellation_period': 0, 'cancellation_fee': 'NO', 'breakfast': 1, 'base_price': 57590, 'prices': [57590], 'price': 57590, 'old_price': 57590, 'currency': 'RUB', 'payment_amount': 0, 'extras_variants': [], 'extras': [], 'rate_id': 3347, 'deals': [], 'cancellation_type': 'free', 'credit_card': 0, 'bonus': 2880, 'miles': 3453, 'min_stay': 1, 'platichastyami': 0, 'mircashback': 5759}, {'id': 321852, 'capacity': 4, 'prepayment': 'NO', 'nonrefundable': 0, 'cancellation_period': 0, 'cancellation_fee': 'NO', 'breakfast': 1, 'base_price': 60190, 'prices': [60190], 'price': 60190, 'old_price': 60190, 'currency': 'RUB', 'payment_amount': 0, 'extras_variants': [], 'extras': [], 'rate_id': 3347, 'deals': [], 'cancellation_type': 'free', 'credit_card': 0, 'bonus': 3010, 'miles': 3609, 'min_stay': 1, 'platichastyami': 0, 'mircashback': 6019}]",52390.0,3141,510842_101hotels,2026-08-13
74046,,Эконом,1,0,0,0,Двухместный,2,2,[{'double': 1}],[],"[{'id': 1174153, 'capacity': 1, 'prepayment': 'NO', 'nonrefundable': 0, 'cancellation_period': 0, 'cancellation_fee': 'NO', 'breakfast': 0, 'base_price': 3900, 'prices': [3900], 'price': 3900, 'old_price': 3900, 'currency': 'RUB', 'payment_amount': 0, 'extras_variants': [], 'extras': [], 'rate_id': 59818, 'deals': [], 'cancellation_type': 'free', 'credit_card': 0, 'bonus': 195, 'miles': 234, 'min_stay': 1, 'platichastyami': 0, 'mircashback': 390}, {'id': '1174153P', 'capacity': 1, 'prepayment': 'FULL', 'nonrefundable': 0, 'cancellation_period': 0, 'cancellation_fee': 'NO', 'breakfast': 0, 'base_price': 3900, 'prices': [3900], 'price': 3900, 'old_price': 3900, 'currency': 'RUB', 'payment_amount': 3900, 'extras_variants': [], 'extras': [], 'rate_id': 59818, 'deals': [], 'cancellation_type': 'free', 'credit_card': 0, 'bonus': 195, 'miles': 234, 'min_stay': 1, 'platichastyami': 0, 'mircashback': 390}]",3900.0,234,14081_101hotels,2026-08-13
74048,,Эконом,3,0,1,0,Трехместный,37,6,[{'single': 1}],[],"[{'id': 1174154, 'capacity': 1, 'prepayment': 'NO', 'nonrefundable': 0, 'cancellation_period': 0, 'cancellation_fee': 'NO', 'breakfast': 0, 'base_price': 2600, 'prices': [2600], 'price': 2600, 'old_price': 2600, 'currency': 'RUB', 'payment_amount': 0, 'extras_variants': [], 'extras': [], 'rate_id': 59818, 'deals': [], 'cancellation_type': 'free', 'credit_card': 0, 'bonus': 130, 'miles': 156, 'min_stay': 1, 'platichastyami': 0, 'mircashback': 260}, {'id': '1174154P', 'capacity': 1, 'prepayment': 'FULL', 'nonrefundable': 0, 'cancellation_period': 0, 'cancellation_fee': 'NO', 'breakfast': 0, 'base_price': 2600, 'prices': [2600], 'price': 2600, 'old_price': 2600, 'currency': 'RUB', 'payment_amount': 2600, 'extras_variants': [], 'extras': [], 'rate_id': 59818, 'deals': [], 'cancellation_type': 'free', 'credit_card': 0, 'bonus': 130, 'miles': 156, 'min_stay': 1, 'platichastyami': 0, 'mircashback': 260}]",2600.0,156,14081_101hotels,2026-08-13
2260915,,Люкс,2,1,0,1,Двухместный,2,4,[{'double': 1}],[],"[{'id': 697771, 'capacity': 1, 'prepayment': 'FULL', 'nonrefundable': 0, 'cancellation_period': 0, 'cancellation_fee': 'NO', 'breakfast': 0, 'base_price': 5200, 'prices': [5200], 'price': 5200, 'old_price': 5200, 'currency': 'RUB', 'payment_amount': 5200, 'extras_variants': [], 'extras': [], 'rate_id': 28245, 'deals': [], 'cancellation_type': 'free', 'credit_card': 1, 'bonus': 260, 'miles': 312, 'min_stay': 1, 'platichastyami': 0, 'mircashback': 520}, {'id': 697772, 'capacity': 2, 'prepayment': 'FULL', 'nonrefundable': 0, 'cancellation_period': 0, 'cancellation_fee': 'NO', 'breakfast': 0, 'base_price': 5200, 'prices': [5200], 'price': 5200, 'old_price': 5200, 'currency': 'RUB', 'payment_amount': 5200, 'extras_variants': [], 'extras': [], 'rate_id': 28245, 'deals': [], 'cancellation_type': 'free', 'credit_card': 1, 'bonus': 260, 'miles': 312, 'min_stay': 1, 'platichastyami': 0, 'mircashback': 520}]",5200.0,312,661097_101hotels,2026-08-13
2261333,,Трехместный,3,1,0,1,Люкс,6,4,"[{'single': 1, 'double': 1}]",[],"[{'id': 701587, 'capacity': 1, 'prepayment': 'FULL', 'nonrefundable': 0, 'cancellation_period': 0, 'cancellation_fee': 'NO', 'breakfast': 0, 'base_price': 8100, 'prices': [8100], 'price': 8100, 'old_price': 8100, 'currency': 'RUB', 'payment_amount': 8100, 'extras_variants': [], 'extras': [], 'rate_id': 28245, 'deals': [], 'cancellation_type': 'free', 'credit_card': 1, 'bonus': 405, 'miles': 486, 'min_stay': 1, 'platichastyami': 0, 'mircashback': 810}, {'id': 701588, 'capacity': 2, 'prepayment': 'FULL', 'nonrefundable': 0, 'cancellation_period': 0, 'cancellation_fee': 'NO', 'breakfast': 0, 'base_price': 8100, 'prices': [8100], 'price': 8100, 'old_price': 8100, 'currency': 'RUB', 'payment_amount': 8100, 'extras_variants': [], 'extras': [], 'rate_id': 28245, 'deals': [], 'cancellation_type': 'free', 'credit_card': 1, 'bonus': 405, 'miles': 486, 'min_stay': 1, 'platichastyami': 0, 'mircashback': 810}, {'id': 701589, 'capacity': 3, 'prepayment': 'FULL', 'nonrefundable': 0, 'cancellation_period': 0, 'cancellation_fee': 'NO', 'breakfast': 0, 'base_price': 8100, 'prices': [8100], 'price': 8100, 'old_price': 8100, 'currency': 'RUB', 'payment_amount': 8100, 'extras_variants': [], 'extras': [], 'rate_id': 28245, 'deals': [], 'cancellation_type': 'free', 'credit_card': 1, 'bonus': 405, 'miles': 486, 'min_stay': 1, 'platichastyami': 0, 'mircashback': 810}]",8100.0,486,661097_101hotels,2026-08-13
2261340,,Койка эконом,4,0,1,1,Четырехместный,34,23,[{'single': 1}],[],"[{'id': 701592, 'capacity': 1, 'prepayment': 'FULL', 'nonrefundable': 0, 'cancellation_period': 0, 'cancellation_fee': 'NO', 'breakfast': 0, 'base_price': 2900, 'prices': [2900], 'price': 2900, 'old_price': 2900, 'currency': 'RUB', 'payment_amount': 2900, 'extras_variants': [], 'extras': [], 'rate_id': 28245, 'deals': [], 'cancellation_type': 'free', 'credit_card': 1, 'bonus': 145, 'miles': 174, 'min_stay': 1, 'platichastyami': 0, 'mircashback': 290}]",2900.0,174,661097_101hotels,2026-08-13
2261345,,Четырехместный,4,1,0,1,Люкс,6,2,"[{'single': 2, 'double': 1}]",[],"[{'id': 701612, 'capacity': 1, 'prepayment': 'FULL', 'nonrefundable': 0, 'cancellation_period': 0, 'cancellation_fee': 'NO', 'breakfast': 0, 'base_price': 10400, 'prices': [10400], 'price': 10400, 'old_price': 10400, 'currency': 'RUB', 'payment_amount': 10400, 'extras_variants': [], 'extras': [], 'rate_id': 28245, 'deals': [], 'cancellation_type': 'free', 'credit_card': 1, 'bonus': 520, 'miles': 624, 'min_stay': 1, 'platichastyami': 0, 'mircashback': 1040}, {'id': 701613, 'capacity': 2, 'prepayment': 'FULL', 'nonrefundable': 0, 'cancellation_period': 0, 'cancellation_fee': 'NO', 'breakfast': 0, 'base_price': 10400, 'prices': [10400], 'price': 10400, 'old_price': 10400, 'currency': 'RUB', 'payment_amount': 10400, 'extras_variants': [], 'extras': [], 'rate_id': 28245, 'deals': [], 'cancellation_type': 'free', 'credit_card': 1, 'bonus': 520, 'miles': 624, 'min_stay': 1, 'platichastyami': 0, 'mircashback': 1040}, {'id': 701614, 'capacity': 3, 'prepayment': 'FULL', 'nonrefundable': 0, 'cancellation_period': 0, 'cancellation_fee': 'NO', 'breakfast': 0, 'base_price': 10400, 'prices': [10400], 'price': 10400, 'old_price': 10400, 'currency': 'RUB', 'payment_amount': 10400, 'extras_variants': [], 'extras': [], 'rate_id': 28245, 'deals': [], 'cancellation_type': 'free', 'credit_card': 1, 'bonus': 520, 'miles': 624, 'min_stay': 1, 'platichastyami': 0, 'mircashback': 1040}, {'id': 701615, 'capacity': 4, 'prepayment': 'FULL', 'nonrefundable': 0, 'cancellation_period': 0, 'cancellation_fee': 'NO', 'breakfast': 0, 'base_price': 10400, 'prices': [10400], 'price': 10400, 'old_price': 10400, 'currency': 'RUB', 'payment_amount': 10400, 'extras_variants': [], 'extras': [], 'rate_id': 28245, 'deals': [], 'cancellation_type': 'free', 'credit_card': 1, 'bonus': 520, 'miles': 624, 'min_stay': 1, 'platichastyami': 0, 'mircashback': 1040}]",10400.0,624,661097_101hotels,2026-08-13
2286593,,Оливковый,1,1,0,1,Двухместный,2,1,[{'double': 1}],[],"[{'id': 984763, 'capacity': 1, 'prepayment': 'FIRST', 'nonrefundable': 0, 'cancellation_period': 3, 'cancellation_fee': 'FIRST', 'breakfast': 1, 'base_price': 5300, 'prices': [5300], 'price': 5300, 'old_price': 5300, 'currency': 'RUB', 'payment_amount': 5300, 'extras_variants': [], 'extras': [], 'rate_id': 46655, 'deals': [], 'cancellation_type': 'special', 'credit_card': 1, 'bonus': 265, 'miles': 318, 'min_stay': 1, 'platichastyami': 0, 'mircashback': 530}]",5300.0,318,669748_101hotels,2026-08-13
2286596,,Купеческий,1,1,0,1,Двухместный,2,1,[{'double': 1}],[],"[{'id': 984769, 'capacity': 1, 'prepayment': 'FIRST', 'nonrefundable': 0, 'cancellation_period': 3, 'cancellation_fee': 'FIRST', 'breakfast': 1, 'base_price': 6000, 'prices': [6000], 'price': 6000, 'old_price': 6000, 'currency': 'RUB', 'payment_amount': 6000, 'extras_variants': [], 'extras': [], 'rate_id': 46655, 'deals': [], 'cancellation_type': 'special', 'credit_card': 1, 'bonus': 300, 'miles': 360, 'min_stay': 1, 'platichastyami': 0, 'mircashback': 600}]",6000.0,360,669748_101hotels,2026-08-13
2286598,,Монгольский Хан,2,1,0,1,Двухместный,2,1,"[{'double': 1, 'f-chair': 1}]",[],"[{'id': 984773, 'capacity': 1, 'prepayment': 'FIRST', 'nonrefundable': 0, 'cancellation_period': 3, 'cancellation_fee': 'FIRST', 'breakfast': 1, 'base_price': 6600, 'prices': [6600], 'price': 6600, 'old_price': 6600, 'currency': 'RUB', 'payment_amount': 6600, 'extras_variants': [], 'extras': [], 'rate_id': 46655, 'deals': [], 'cancellation_type': 'special', 'credit_card': 1, 'bonus': 330, 'miles': 396, 'min_stay': 1, 'platichastyami': 0, 'mircashback': 660}, {'id': 984774, 'capacity': 2, 'prepayment': 'FIRST', 'nonrefundable': 0, 'cancellation_period': 3, 'cancellation_fee': 'FIRST', 'breakfast': 1, 'base_price': 8100, 'prices': [8100], 'price': 8100, 'old_price': 8100, 'currency': 'RUB', 'payment_amount': 8100, 'extras_variants': [], 'extras': [], 'rate_id': 46655, 'deals': [], 'cancellation_type': 'special', 'credit_card': 1, 'bonus': 405, 'miles': 486, 'min_stay': 1, 'platichastyami': 0, 'mircashback': 810}]",6600.0,396,669748_101hotels,2026-08-13
74049,,Двухкомнатные апартаменты  103,4,0,0,1,Четырехместный,34,1,"[{'sofa': 1, 'g-double': 1}]",[],"[{'id': 1232037, 'capacity': 1, 'prepayment': 'FULL', 'nonrefundable': 0, 'cancellation_period': 1, 'cancellation_fee': 'FIRST', 'breakfast': 0, 'base_price': 2675, 'prices': [2675], 'price': 2407.5, 'old_price': 2675, 'currency': 'RUB', 'payment_amount': 2675, 'extras_variants': [], 'extras': [], 'rate_id': 63506, 'deals': ['LAST_MINUTE'], 'cancellation_type': 'special', 'credit_card': 1, 'bonus': 120, 'miles': 144, 'min_stay': 1, 'platichastyami': 0, 'mircashback': 241}, {'id': 1232038, 'capacity': 2, 'prepayment': 'FULL', 'nonrefundable': 0, 'cancellation_period': 1, 'cancellation_fee': 'FIRST', 'breakfast': 0, 'base_price': 2889, 'prices': [2889], 'price': 2600.1, 'old_price': 2889, 'currency': 'RUB', 'payment_amount': 2889, 'extras_variants': [], 'extras': [], 'rate_id': 63506, 'deals': ['LAST_MINUTE'], 'cancellation_type': 'special', 'credit_card': 1, 'bonus': 130, 'miles': 156, 'min_stay': 1, 'platichastyami': 0, 'mircashback': 260}, {'id': 1232039, 'capacity': 3, 'prepayment': 'FULL', 'nonrefundable': 0, 'cancellation_period': 1, 'cancellation_fee': 'FIRST', 'breakfast': 0, 'base_price': 3208.93, 'prices': [3208.93], 'price': 2888.04, 'old_price': 3208.93, 'currency': 'RUB', 'payment_amount': 3208.93, 'extras_variants': [], 'extras': [], 'rate_id': 63506, 'deals': ['LAST_MINUTE'], 'cancellation_type': 'special', 'credit_card': 1, 'bonus': 144, 'miles': 171, 'min_stay': 1, 'platichastyami': 0, 'mircashback': 289}, {'id': 1232040, 'capacity': 4, 'prepayment': 'FULL', 'nonrefundable': 0, 'cancellation_period': 1, 'cancellation_fee': 'FIRST', 'breakfast': 0, 'base_price': 3745, 'prices': [3745], 'price': 3370.5, 'old_price': 3745, 'currency': 'RUB', 'payment_amount': 3745, 'extras_variants': [], 'extras': [], 'rate_id': 63506, 'deals': ['LAST_MINUTE'], 'cancellation_type': 'special', 'credit_card': 1, 'bonus': 169, 'miles': 201, 'min_stay': 1, 'platichastyami': 0, 'mircashback': 337}]",2407.5,144,14082_101hotels,2026-08-13
74052,,Апартаменты - Люкс с гидромассажной ванной 304,2,0,0,1,Сюит,27,1,"[{'double': 1, 's-sofa': 1}]",[],"[{'id': 1232035, 'capacity': 1, 'prepayment': 'FULL', 'nonrefundable': 0, 'cancellation_period': 1, 'cancellation_fee': 'FIRST', 'breakfast': 0, 'base_price': 8025, 'prices': [8025], 'price': 7222.5, 'old_price': 8025, 'currency': 'RUB', 'payment_amount': 8025, 'extras_variants': [], 'extras': [], 'rate_id': 63506, 'deals': ['LAST_MINUTE'], 'cancellation_type': 'special', 'credit_card': 1, 'bonus': 361, 'miles': 432, 'min_stay': 1, 'platichastyami': 0, 'mircashback': 722}, {'id': 1232036, 'capacity': 2, 'prepayment': 'FULL', 'nonrefundable': 0, 'cancellation_period': 1, 'cancellation_fee': 'FIRST', 'breakfast': 0, 'base_price': 8558.93, 'prices': [8558.93], 'price': 7703.04, 'old_price': 8558.93, 'currency': 'RUB', 'payment_amount': 8558.93, 'extras_variants': [], 'extras': [], 'rate_id': 63506, 'deals': ['LAST_MINUTE'], 'cancellation_type': 'special', 'credit_card': 1, 'bonus': 385, 'miles': 462, 'min_stay': 1, 'platichastyami': 0, 'mircashback': 770}]",7222.5,432,14082_101hotels,2026-08-13
74053,,Двухкомнатные апартаменты -Люкс 204,4,0,0,1,Сюит,27,1,"[{'sofa': 1, 'g-double': 1}]",[],"[{'id': 1232041, 'capacity': 1, 'prepayment': 'FULL', 'nonrefundable': 0, 'cancellation_period': 1, 'cancellation_fee': 'FIRST', 'breakfast': 0, 'base_price': 4280, 'prices': [4280], 'price': 3852, 'old_price': 4280, 'currency': 'RUB', 'payment_amount': 4280, 'extras_variants': [], 'extras': [], 'rate_id': 63506, 'deals': ['LAST_MINUTE'], 'cancellation_type': 'special', 'credit_card': 1, 'bonus': 193, 'miles': 231, 'min_stay': 1, 'platichastyami': 0, 'mircashback': 385}, {'id': 1232042, 'capacity': 2, 'prepayment': 'FULL', 'nonrefundable': 0, 'cancellation_period': 1, 'cancellation_fee': 'FIRST', 'breakfast': 0, 'base_price': 4815, 'prices': [4815], 'price': 4333.5, 'old_price': 4815, 'currency': 'RUB', 'payment_amount': 4815, 'extras_variants': [], 'extras': [], 'rate_id': 63506, 'deals': ['LAST_MINUTE'], 'cancellation_type': 'special', 'credit_card': 1, 'bonus': 217, 'miles': 258, 'min_stay': 1, 'platichastyami': 0, 'mircashback': 433}, {'id': 1232043, 'capacity': 3, 'prepayment': 'FULL', 'nonrefundable': 0, 'cancellation_period': 1, 'cancellation_fee': 'FIRST', 'breakfast': 0, 'base_price': 5348.93, 'prices': [5348.93], 'price': 4814.04, 'old_price': 5348.93, 'currency': 'RUB', 'payment_amount': 5348.93, 'extras_variants': [], 'extras': [], 'rate_id': 63506, 'deals': ['LAST_MINUTE'], 'cancellation_type': 'special', 'credit_card': 1, 'bonus': 241, 'miles': 288, 'min_stay': 1, 'platichastyami': 0, 'mircashback': 481}, {'id': 1232044, 'capacity': 4, 'prepayment': 'FULL', 'nonrefundable': 0, 'cancellation_period': 1, 'cancellation_fee': 'FIRST', 'breakfast': 0, 'base_price': 5885, 'prices': [5885], 'price': 5296.5, 'old_price': 5885, 'currency': 'RUB', 'payment_amount': 5885, 'extras_variants': [], 'extras': [], 'rate_id': 63506, 'deals': ['LAST_MINUTE'], 'cancellation_type': 'special', 'credit_card': 1, 'bonus': 265, 'miles': 315, 'min_stay': 1, 'platichastyami': 0, 'mircashback': 530}]",3852.0,231,14082_101hotels,2026-08-13
74054,,Двухместный номер с одной кроватью 209,2,0,0,1,Двухместный,2,2,[{'sofa': 1}],[],"[{'id': 1232065, 'capacity': 1, 'prepayment': 'FULL', 'nonrefundable': 0, 'cancellation_period': 1, 'cancellation_fee': 'FIRST', 'breakfast': 0, 'base_price': 2889, 'prices': [2889], 'price': 2600.1, 'old_price': 2889, 'currency': 'RUB', 'payment_amount': 2889, 'extras_variants': [], 'extras': [], 'rate_id': 63506, 'deals': ['LAST_MINUTE'], 'cancellation_type': 'special', 'credit_card': 1, 'bonus': 130, 'miles': 156, 'min_stay': 1, 'platichastyami': 0, 'mircashback': 260}, {'id': 1232066, 'capacity': 2, 'prepayment': 'FULL', 'nonrefundable': 0, 'cancellation_period': 1, 'cancellation_fee': 'FIRST', 'breakfast': 0, 'base_price': 3424, 'prices': [3424], 'price': 3081.6, 'old_price': 3424, 'currency': 'RUB', 'payment_amount': 3424, 'extras_variants': [], 'extras': [], 'rate_id': 63506, 'deals': ['LAST_MINUTE'], 'cancellation_type': 'special', 'credit_card': 1, 'bonus': 154, 'miles': 183, 'min_stay': 1, 'platichastyami': 0, 'mircashback': 308}]",2600.1,156,14082_101hotels,2026-08-13
74057,,Двухместные апартаменты с кухней 302,2,0,0,1,Двухместный,2,1,[{'double': 1}],[],"[{'id': 1232063, 'capacity': 1, 'prepayment': 'FULL', 'nonrefundable': 0, 'cancellation_period': 1, 'cancellation_fee': 'FIRST', 'breakfast': 0, 'base_price': 2664.3, 'prices': [2664.3], 'price': 2397.87, 'old_price': 2664.3, 'currency': 'RUB', 'payment_amount': 2664.3, 'extras_variants': [], 'extras': [], 'rate_id': 63506, 'deals': ['LAST_MINUTE'], 'cancellation_type': 'special', 'credit_card': 1, 'bonus': 120, 'miles': 141, 'min_stay': 1, 'platichastyami': 0, 'mircashback': 240}, {'id': 1232064, 'capacity': 2, 'prepayment': 'FULL', 'nonrefundable': 0, 'cancellation_period': 1, 'cancellation_fee': 'FIRST', 'breakfast': 0, 'base_price': 2889, 'prices': [2889], 'price': 2600.1, 'old_price': 2889, 'currency': 'RUB', 'payment_amount': 2889, 'extras_variants': [], 'extras': [], 'rate_id': 63506, 'deals': ['LAST_MINUTE'], 'cancellation_type': 'special', 'credit_card': 1, 'bonus': 130, 'miles': 156, 'min_stay': 1, 'platichastyami': 0, 'mircashback': 260}]",2397.87,141,14082_101hotels,2026-08-13
2322358,,Двухкомнатные апартаменты 101,4,0,0,1,Апартаменты,14,2,"[{'double': 1, 'sofa': 1}]",[],"[{'id': 1232045, 'capacity': 1, 'prepayment': 'FULL', 'nonrefundable': 0, 'cancellation_period': 1, 'cancellation_fee': 'FIRST', 'breakfast': 0, 'base_price': 2675, 'prices': [2675], 'price': 2407.5, 'old_price': 2675, 'currency': 'RUB', 'payment_amount': 2675, 'extras_variants': [], 'extras': [], 'rate_id': 63506, 'deals': ['LAST_MINUTE'], 'cancellation_type': 'special', 'credit_card': 1, 'bonus': 120, 'miles': 144, 'min_stay': 1, 'platichastyami': 0, 'mircashback': 241}, {'id': 1232046, 'capacity': 2, 'prepayment': 'FULL', 'nonrefundable': 0, 'cancellation_period': 1, 'cancellation_fee': 'FIRST', 'breakfast': 0, 'base_price': 2889, 'prices': [2889], 'price': 2600.1, 'old_price': 2889, 'currency': 'RUB', 'payment_amount': 2889, 'extras_variants': [], 'extras': [], 'rate_id': 63506, 'deals': ['LAST_MINUTE'], 'cancellation_type': 'special', 'credit_card': 1, 'bonus': 130, 'miles': 156, 'min_stay': 1, 'platichastyami': 0, 'mircashback': 260}, {'id': 1232047, 'capacity': 3, 'prepayment': 'FULL', 'nonrefundable': 0, 'cancellation_period': 1, 'cancellation_fee': 'FIRST', 'breakfast': 0, 'base_price': 3210, 'prices': [3210], 'price': 2889, 'old_price': 3210, 'currency': 'RUB', 'payment_amount': 3210, 'extras_variants': [], 'extras': [], 'rate_id': 63506, 'deals': ['LAST_MINUTE'], 'cancellation_type': 'special', 'credit_card': 1, 'bonus': 144, 'miles': 171, 'min_stay': 1, 'platichastyami': 0, 'mircashback': 289}, {'id': 1232048, 'capacity': 4, 'prepayment': 'FULL', 'nonrefundable': 0, 'cancellation_period': 1, 'cancellation_fee': 'FIRST', 'breakfast': 0, 'base_price': 3745, 'prices': [3745], 'price': 3370.5, 'old_price': 3745, 'currency': 'RUB', 'payment_amount': 3745, 'extras_variants': [], 'extras': [], 'rate_id': 63506, 'deals': ['LAST_MINUTE'], 'cancellation_type': 'special', 'credit_card': 1, 'bonus': 169, 'miles': 201, 'min_stay': 1, 'platichastyami': 0, 'mircashback': 337}]",2407.5,144,14082_101hotels,2026-08-13
2322361,,Двухкомнатные апартаменты 102,4,0,0,1,Апартаменты,14,1,"[{'double': 1, 'sofa': 1}]",[],"[{'id': 1232049, 'capacity': 1, 'prepayment': 'FULL', 'nonrefundable': 0, 'cancellation_period': 1, 'cancellation_fee': 'FIRST', 'breakfast': 0, 'base_price': 2675, 'prices': [2675], 'price': 2407.5, 'old_price': 2675, 'currency': 'RUB', 'payment_amount': 2675, 'extras_variants': [], 'extras': [], 'rate_id': 63506, 'deals': ['LAST_MINUTE'], 'cancellation_type': 'special', 'credit_card': 1, 'bonus': 120, 'miles': 144, 'min_stay': 1, 'platichastyami': 0, 'mircashback': 241}, {'id': 1232050, 'capacity': 2, 'prepayment': 'FULL', 'nonrefundable': 0, 'cancellation_period': 1, 'cancellation_fee': 'FIRST', 'breakfast': 0, 'base_price': 3208.93, 'prices': [3208.93], 'price': 2888.04, 'old_price': 3208.93, 'currency': 'RUB', 'payment_amount': 3208.93, 'extras_variants': [], 'extras': [], 'rate_id': 63506, 'deals': ['LAST_MINUTE'], 'cancellation_type': 'special', 'credit_card': 1, 'bonus': 144, 'miles': 171, 'min_stay': 1, 'platichastyami': 0, 'mircashback': 289}, {'id': 1232051, 'capacity': 3, 'prepayment': 'FULL', 'nonrefundable': 0, 'cancellation_period': 1, 'cancellation_fee': 'FIRST', 'breakfast': 0, 'base_price': 3745, 'prices': [3745], 'price': 3370.5, 'old_price': 3745, 'currency': 'RUB', 'payment_amount': 3745, 'extras_variants': [], 'extras': [], 'rate_id': 63506, 'deals': ['LAST_MINUTE'], 'cancellation_type': 'special', 'credit_card': 1, 'bonus': 169, 'miles': 201, 'min_stay': 1, 'platichastyami': 0, 'mircashback': 337}, {'id': 1232052, 'capacity': 4, 'prepayment': 'FULL', 'nonrefundable': 0, 'cancellation_period': 1, 'cancellation_fee': 'FIRST', 'breakfast': 0, 'base_price': 4278.93, 'prices': [4278.93], 'price': 3851.04, 'old_price': 4278.93, 'currency': 'RUB', 'payment_amount': 4278.93, 'extras_variants': [], 'extras': [], 'rate_id': 63506, 'deals': ['LAST_MINUTE'], 'cancellation_type': 'special', 'credit_card': 1, 'bonus': 193, 'miles': 231, 'min_stay': 1, 'platichastyami': 0, 'mircashback': 385}]",2407.5,144,14082_101hotels,2026-08-13
2322362,,Двухкомнатные апартаменты 104,5,0,0,1,Апартаменты,14,1,"[{'double': 1, 'sofa': 2}]",[],"[{'id': 1232053, 'capacity': 1, 'prepayment': 'FULL', 'nonrefundable': 0, 'cancellation_period': 1, 'cancellation_fee': 'FIRST', 'breakfast': 0, 'base_price': 4280, 'prices': [4280], 'price': 3852, 'old_price': 4280, 'currency': 'RUB', 'payment_amount': 4280, 'extras_variants': [], 'extras': [], 'rate_id': 63506, 'deals': ['LAST_MINUTE'], 'cancellation_type': 'special', 'credit_card': 1, 'bonus': 193, 'miles': 231, 'min_stay': 1, 'platichastyami': 0, 'mircashback': 385}, {'id': 1232054, 'capacity': 2, 'prepayment': 'FULL', 'nonrefundable': 0, 'cancellation_period': 1, 'cancellation_fee': 'FIRST', 'breakfast': 0, 'base_price': 4815, 'prices': [4815], 'price': 4333.5, 'old_price': 4815, 'currency': 'RUB', 'payment_amount': 4815, 'extras_variants': [], 'extras': [], 'rate_id': 63506, 'deals': ['LAST_MINUTE'], 'cancellation_type': 'special', 'credit_card': 1, 'bonus': 217, 'miles': 258, 'min_stay': 1, 'platichastyami': 0, 'mircashback': 433}, {'id': 1232055, 'capacity': 3, 'prepayment': 'FULL', 'nonrefundable': 0, 'cancellation_period': 1, 'cancellation_fee': 'FIRST', 'breakfast': 0, 'base_price': 5348.93, 'prices': [5348.93], 'price': 4814.04, 'old_price': 5348.93, 'currency': 'RUB', 'payment_amount': 5348.93, 'extras_variants': [], 'extras': [], 'rate_id': 63506, 'deals': ['LAST_MINUTE'], 'cancellation_type': 'special', 'credit_card': 1, 'bonus': 241, 'miles': 288, 'min_stay': 1, 'platichastyami': 0, 'mircashback': 481}, {'id': 1232056, 'capacity': 4, 'prepayment': 'FULL', 'nonrefundable': 0, 'cancellation_period': 1, 'cancellation_fee': 'FIRST', 'breakfast': 0, 'base_price': 5874.3, 'prices': [5874.3], 'price': 5286.87, 'old_price': 5874.3, 'currency': 'RUB', 'payment_amount': 5874.3, 'extras_variants': [], 'extras': [], 'rate_id': 63506, 'deals': ['LAST_MINUTE'], 'cancellation_type': 'special', 'credit_card': 1, 'bonus': 264, 'miles': 315, 'min_stay': 1, 'platichastyami': 0, 'mircashback': 529}, {'id': 1232057, 'capacity': 5, 'prepayment': 'FULL', 'nonrefundable': 0, 'cancellation_period': 1, 'cancellation_fee': 'FIRST', 'breakfast': 0, 'base_price': 6418.93, 'prices': [6418.93], 'price': 5777.04, 'old_price': 6418.93, 'currency': 'RUB', 'payment_amount': 6418.93, 'extras_variants': [], 'extras': [], 'rate_id': 63506, 'deals': ['LAST_MINUTE'], 'cancellation_type': 'special', 'credit_card': 1, 'bonus': 289, 'miles': 345, 'min_stay': 1, 'platichastyami': 0, 'mircashback': 578}]",3852.0,231,14082_101hotels,2026-08-13
2322363,,Двухкомнатные апартаменты 107,5,0,0,1,Апартаменты,14,3,"[{'double': 1, 'sofa': 2}]",[],"[{'id': 1232058, 'capacity': 1, 'prepayment': 'FULL', 'nonrefundable': 0, 'cancellation_period': 1, 'cancellation_fee': 'FIRST', 'breakfast': 0, 'base_price': 4280, 'prices': [4280], 'price': 3852, 'old_price': 4280, 'currency': 'RUB', 'payment_amount': 4280, 'extras_variants': [], 'extras': [], 'rate_id': 63506, 'deals': ['LAST_MINUTE'], 'cancellation_type': 'special', 'credit_card': 1, 'bonus': 193, 'miles': 231, 'min_stay': 1, 'platichastyami': 0, 'mircashback': 385}, {'id': 1232059, 'capacity': 2, 'prepayment': 'FULL', 'nonrefundable': 0, 'cancellation_period': 1, 'cancellation_fee': 'FIRST', 'breakfast': 0, 'base_price': 4815, 'prices': [4815], 'price': 4333.5, 'old_price': 4815, 'currency': 'RUB', 'payment_amount': 4815, 'extras_variants': [], 'extras': [], 'rate_id': 63506, 'deals': ['LAST_MINUTE'], 'cancellation_type': 'special', 'credit_card': 1, 'bonus': 217, 'miles': 258, 'min_stay': 1, 'platichastyami': 0, 'mircashback': 433}, {'id': 1232060, 'capacity': 3, 'prepayment': 'FULL', 'nonrefundable': 0, 'cancellation_period': 1, 'cancellation_fee': 'FIRST', 'breakfast': 0, 'base_price': 5348.93, 'prices': [5348.93], 'price': 4814.04, 'old_price': 5348.93, 'currency': 'RUB', 'payment_amount': 5348.93, 'extras_variants': [], 'extras': [], 'rate_id': 63506, 'deals': ['LAST_MINUTE'], 'cancellation_type': 'special', 'credit_card': 1, 'bonus': 241, 'miles': 288, 'min_stay': 1, 'platichastyami': 0, 'mircashback': 481}, {'id': 1232061, 'capacity': 4, 'prepayment': 'FULL', 'nonrefundable': 0, 'cancellation_period': 1, 'cancellation_fee': 'FIRST', 'breakfast': 0, 'base_price': 5885, 'prices': [5885], 'price': 5296.5, 'old_price': 5885, 'currency': 'RUB', 'payment_amount': 5885, 'extras_variants': [], 'extras': [], 'rate_id': 63506, 'deals': ['LAST_MINUTE'], 'cancellation_type': 'special', 'credit_card': 1, 'bonus': 265, 'miles': 315, 'min_stay': 1, 'platichastyami': 0, 'mircashback': 530}, {'id': 1232062, 'capacity': 5, 'prepayment': 'FULL', 'nonrefundable': 0, 'cancellation_period': 1, 'cancellation_fee': 'FIRST', 'breakfast': 0, 'base_price': 6418.93, 'prices': [6418.93], 'price': 5777.04, 'old_price': 6418.93, 'currency': 'RUB', 'payment_amount': 6418.93, 'extras_variants': [], 'extras': [], 'rate_id': 63506, 'deals': ['LAST_MINUTE'], 'cancellation_type': 'special', 'credit_card': 1, 'bonus': 289, 'miles': 345, 'min_stay': 1, 'platichastyami': 0, 'mircashback': 578}]",3852.0,231,14082_101hotels,2026-08-13
2322574,,Уютная квартира вблизи вокзала Иркутск 105,3,0,0,1,Квартира,33,2,"[{'double': 1, 'sofa': 1}]",[],"[{'id': 1233721, 'capacity': 1, 'prepayment': 'FULL', 'nonrefundable': 0, 'cancellation_period': 1, 'cancellation_fee': 'FIRST', 'breakfast': 0, 'base_price': 2675, 'prices': [2675], 'price': 2675, 'old_price': 2675, 'currency': 'RUB', 'payment_amount': 2675, 'extras_variants': [], 'extras': [], 'rate_id': 63506, 'deals': [], 'cancellation_type': 'special', 'credit_card': 1, 'bonus': 134, 'miles': 159, 'min_stay': 1, 'platichastyami': 0, 'mircashback': 268}, {'id': 1233722, 'capacity': 2, 'prepayment': 'FULL', 'nonrefundable': 0, 'cancellation_period': 1, 'cancellation_fee': 'FIRST', 'breakfast': 0, 'base_price': 2889, 'prices': [2889], 'price': 2889, 'old_price': 2889, 'currency': 'RUB', 'payment_amount': 2889, 'extras_variants': [], 'extras': [], 'rate_id': 63506, 'deals': [], 'cancellation_type': 'special', 'credit_card': 1, 'bonus': 144, 'miles': 171, 'min_stay': 1, 'platichastyami': 0, 'mircashback': 289}, {'id': 1233723, 'capacity': 3, 'prepayment': 'FULL', 'nonrefundable': 0, 'cancellation_period': 1, 'cancellation_fee': 'FIRST', 'breakfast': 0, 'base_price': 3424, 'prices': [3424], 'price': 3424, 'old_price': 3424, 'currency': 'RUB', 'payment_amount': 3424, 'extras_variants': [], 'extras': [], 'rate_id': 63506, 'deals': [], 'cancellation_type': 'special', 'credit_card': 1, 'bonus': 171, 'miles': 204, 'min_stay': 1, 'platichastyami': 0, 'mircashback': 342}]",2675.0,159,14082_101hotels,2026-08-13
2322447,,,1,0,0,1,Двухместный,2,1,"[{'single': 1}, {'single': 1}]","[{'id': '52592', 'number': '1', 'min_age': '0', 'max_age': '7', 'is_extra_bed': '0', 'extra_bed_type_id': '0'}]","[{'id': 1232939, 'capacity': 1, 'prepayment': 'FIRST', 'nonrefundable': 0, 'cancellation_period': 1, 'cancellation_fee': 'FIRST', 'breakfast': 0, 'base_price': 2700, 'prices': [2700], 'price': 2700, 'old_price': 2700, 'currency': 'RUB', 'payment_amount': 2700, 'extras_variants': [], 'extras': {'52592': {'id': 52592, 'number': 1, 'extra_bed_type_id': 0, 'age': [0, 7], 'extra_bed': 0, 'free': 1}}, 'rate_id': 63570, 'deals': [], 'cancellation_type': 'special', 'credit_card': 1, 'bonus': 135, 'miles': 162, 'min_stay': 1, 'platichastyami': 0, 'mircashback': 270}]",2700.0,162,422600_101hotels,2026-08-13
2321578,,Квартира 402 на Байкальской,4,0,0,1,Апартаменты,14,1,"[{'single': 2, 'double': 1}]",[],"[{'id': 1226971, 'capacity': 1, 'prepayment': 'FULL', 'nonrefundable': 0, 'cancellation_period': 0, 'cancellation_fee': 'NO', 'breakfast': 0, 'base_price': 3600, 'prices': [3600], 'price': 3600, 'old_price': 3600, 'currency': 'RUB', 'payment_amount': 3600, 'extras_variants': [], 'extras': [], 'rate_id': 63082, 'deals': [], 'cancellation_type': 'free', 'credit_card': 1, 'bonus': 180, 'miles': 216, 'min_stay': 1, 'platichastyami': 0, 'mircashback': 360}, {'id': 1226972, 'capacity': 2, 'prepayment': 'FULL', 'nonrefundable': 0, 'cancellation_period': 0, 'cancellation_fee': 'NO', 'breakfast': 0, 'base_price': 3600, 'prices': [3600], 'price': 3600, 'old_price': 3600, 'currency': 'RUB', 'payment_amount': 3600, 'extras_variants': [], 'extras': [], 'rate_id': 63082, 'deals': [], 'cancellation_type': 'free', 'credit_card': 1, 'bonus': 180, 'miles': 216, 'min_stay': 1, 'platichastyami': 0, 'mircashback': 360}, {'id': 1226973, 'capacity': 3, 'prepayment': 'FULL', 'nonrefundable': 0, 'cancellation_period': 0, 'cancellation_fee': 'NO', 'breakfast': 0, 'base_price': 3600, 'prices': [3600], 'price': 3600, 'old_price': 3600, 'currency': 'RUB', 'payment_amount': 3600, 'extras_variants': [], 'extras': [], 'rate_id': 63082, 'deals': [], 'cancellation_type': 'free', 'credit_card': 1, 'bonus': 180, 'miles': 216, 'min_stay': 1, 'platichastyami': 0, 'mircashback': 360}, {'id': 1226974, 'capacity': 4, 'prepayment': 'FULL', 'nonrefundable': 0, 'cancellation_period': 0, 'cancellation_fee': 'NO', 'breakfast': 0, 'base_price': 3600, 'prices': [3600], 'price': 3600, 'old_price': 3600, 'currency': 'RUB', 'payment_amount': 3600, 'extras_variants': [], 'extras': [], 'rate_id': 63082, 'deals': [], 'cancellation_type': 'free', 'credit_card': 1, 'bonus': 180, 'miles': 216, 'min_stay': 1, 'platichastyami': 0, 'mircashback': 360}]",3600.0,216,678090_101hotels,2026-08-13
2321631,,Двухкомнатная квартира 401 на Байкальской,4,0,0,1,Апартаменты,14,1,"[{'double': 1, 'sofa': 1}]",[],"[{'id': 1227434, 'capacity': 1, 'prepayment': 'FULL', 'nonrefundable': 0, 'cancellation_period': 0, 'cancellation_fee': 'NO', 'breakfast': 0, 'base_price': 4000, 'prices': [4000], 'price': 4000, 'old_price': 4000, 'currency': 'RUB', 'payment_amount': 4000, 'extras_variants': [], 'extras': [], 'rate_id': 63082, 'deals': [], 'cancellation_type': 'free', 'credit_card': 1, 'bonus': 200, 'miles': 240, 'min_stay': 1, 'platichastyami': 0, 'mircashback': 400}, {'id': 1227435, 'capacity': 2, 'prepayment': 'FULL', 'nonrefundable': 0, 'cancellation_period': 0, 'cancellation_fee': 'NO', 'breakfast': 0, 'base_price': 4000, 'prices': [4000], 'price': 4000, 'old_price': 4000, 'currency': 'RUB', 'payment_amount': 4000, 'extras_variants': [], 'extras': [], 'rate_id': 63082, 'deals': [], 'cancellation_type': 'free', 'credit_card': 1, 'bonus': 200, 'miles': 240, 'min_stay': 1, 'platichastyami': 0, 'mircashback': 400}, {'id': 1227436, 'capacity': 3, 'prepayment': 'FULL', 'nonrefundable': 0, 'cancellation_period': 0, 'cancellation_fee': 'NO', 'breakfast': 0, 'base_price': 4000, 'prices': [4000], 'price': 4000, 'old_price': 4000, 'currency': 'RUB', 'payment_amount': 4000, 'extras_variants': [], 'extras': [], 'rate_id': 63082, 'deals': [], 'cancellation_type': 'free', 'credit_card': 1, 'bonus': 200, 'miles': 240, 'min_stay': 1, 'platichastyami': 0, 'mircashback': 400}, {'id': 1227437, 'capacity': 4, 'prepayment': 'FULL', 'nonrefundable': 0, 'cancellation_period': 0, 'cancellation_fee': 'NO', 'breakfast': 0, 'base_price': 4000, 'prices': [4000], 'price': 4000, 'old_price': 4000, 'currency': 'RUB', 'payment_amount': 4000, 'extras_variants': [], 'extras': [], 'rate_id': 63082, 'deals': [], 'cancellation_type': 'free', 'credit_card': 1, 'bonus': 200, 'miles': 240, 'min_stay': 1, 'platichastyami': 0, 'mircashback': 400}]",4000.0,240,678090_101hotels,2026-08-13
2321640,,Квартира 411 на Байкальской,4,0,0,1,Апартаменты,14,1,"[{'single': 2, 'double': 1}]",[],"[{'id': 1227523, 'capacity': 1, 'prepayment': 'FULL', 'nonrefundable': 0, 'cancellation_period': 0, 'cancellation_fee': 'NO', 'breakfast': 0, 'base_price': 3600, 'prices': [3600], 'price': 3600, 'old_price': 3600, 'currency': 'RUB', 'payment_amount': 3600, 'extras_variants': [], 'extras': [], 'rate_id': 63082, 'deals': [], 'cancellation_type': 'free', 'credit_card': 1, 'bonus': 180, 'miles': 216, 'min_stay': 1, 'platichastyami': 0, 'mircashback': 360}, {'id': 1227524, 'capacity': 2, 'prepayment': 'FULL', 'nonrefundable': 0, 'cancellation_period': 0, 'cancellation_fee': 'NO', 'breakfast': 0, 'base_price': 3600, 'prices': [3600], 'price': 3600, 'old_price': 3600, 'currency': 'RUB', 'payment_amount': 3600, 'extras_variants': [], 'extras': [], 'rate_id': 63082, 'deals': [], 'cancellation_type': 'free', 'credit_card': 1, 'bonus': 180, 'miles': 216, 'min_stay': 1, 'platichastyami': 0, 'mircashback': 360}, {'id': 1227525, 'capacity': 3, 'prepayment': 'FULL', 'nonrefundable': 0, 'cancellation_period': 0, 'cancellation_fee': 'NO', 'breakfast': 0, 'base_price': 3600, 'prices': [3600], 'price': 3600, 'old_price': 3600, 'currency': 'RUB', 'payment_amount': 3600, 'extras_variants': [], 'extras': [], 'rate_id': 63082, 'deals': [], 'cancellation_type': 'free', 'credit_card': 1, 'bonus': 180, 'miles': 216, 'min_stay': 1, 'platichastyami': 0, 'mircashback': 360}, {'id': 1227526, 'capacity': 4, 'prepayment': 'FULL', 'nonrefundable': 0, 'cancellation_period': 0, 'cancellation_fee': 'NO', 'breakfast': 0, 'base_price': 3600, 'prices': [3600], 'price': 3600, 'old_price': 3600, 'currency': 'RUB', 'payment_amount': 3600, 'extras_variants': [], 'extras': [], 'rate_id': 63082, 'deals': [], 'cancellation_type': 'free', 'credit_card': 1, 'bonus': 180, 'miles': 216, 'min_stay': 1, 'platichastyami': 0, 'mircashback': 360}]",3600.0,216,678090_101hotels,2026-08-13
2322093,,,8,0,0,0,Восьмиместный,38,100,[{'2-tier': 1}],[],"[{'id': 1230628, 'capacity': 1, 'prepayment': 'NO', 'nonrefundable': 0, 'cancellation_period': 0, 'cancellation_fee': 'NO', 'breakfast': 0, 'base_price': 500, 'prices': [500], 'price': 425, 'old_price': 500, 'currency': 'RUB', 'payment_amount': 0, 'extras_variants': [], 'extras': [], 'rate_id': 63399, 'deals': ['LAST_MINUTE'], 'cancellation_type': 'free', 'credit_card': 0, 'bonus': 21, 'miles': 24, 'min_stay': 1, 'platichastyami': 0, 'mircashback': 43}, {'id': 1230629, 'capacity': 2, 'prepayment': 'NO', 'nonrefundable': 0, 'cancellation_period': 0, 'cancellation_fee': 'NO', 'breakfast': 0, 'base_price': 1000, 'prices': [1000], 'price': 850, 'old_price': 1000, 'currency': 'RUB', 'payment_amount': 0, 'extras_variants': [], 'extras': [], 'rate_id': 63399, 'deals': ['LAST_MINUTE'], 'cancellation_type': 'free', 'credit_card': 0, 'bonus': 43, 'miles': 51, 'min_stay': 1, 'platichastyami': 0, 'mircashback': 85}, {'id': 1230630, 'capacity': 3, 'prepayment': 'NO', 'nonrefundable': 0, 'cancellation_period': 0, 'cancellation_fee': 'NO', 'breakfast': 0, 'base_price': 1500, 'prices': [1500], 'price': 1275, 'old_price': 1500, 'currency': 'RUB', 'payment_amount': 0, 'extras_variants': [], 'extras': [], 'rate_id': 63399, 'deals': ['LAST_MINUTE'], 'cancellation_type': 'free', 'credit_card': 0, 'bonus': 64, 'miles': 75, 'min_stay': 1, 'platichastyami': 0, 'mircashback': 128}, {'id': 1230631, 'capacity': 4, 'prepayment': 'NO', 'nonrefundable': 0, 'cancellation_period': 0, 'cancellation_fee': 'NO', 'breakfast': 0, 'base_price': 2000, 'prices': [2000], 'price': 1700, 'old_price': 2000, 'currency': 'RUB', 'payment_amount': 0, 'extras_variants': [], 'extras': [], 'rate_id': 63399, 'deals': ['LAST_MINUTE'], 'cancellation_type': 'free', 'credit_card': 0, 'bonus': 85, 'miles': 102, 'min_stay': 1, 'platichastyami': 0, 'mircashback': 170}, {'id': 1230632, 'capacity': 5, 'prepayment': 'NO', 'nonrefundable': 0, 'cancellation_period': 0, 'cancellation_fee': 'NO', 'breakfast': 0, 'base_price': 2500, 'prices': [2500], 'price': 2125, 'old_price': 2500, 'currency': 'RUB', 'payment_amount': 0, 'extras_variants': [], 'extras': [], 'rate_id': 63399, 'deals': ['LAST_MINUTE'], 'cancellation_type': 'free', 'credit_card': 0, 'bonus': 106, 'miles': 126, 'min_stay': 1, 'platichastyami': 0, 'mircashback': 213}, {'id': 1230633, 'capacity': 6, 'prepayment': 'NO', 'nonrefundable': 0, 'cancellation_period': 0, 'cancellation_fee': 'NO', 'breakfast': 0, 'base_price': 3000, 'prices': [3000], 'price': 2550, 'old_price': 3000, 'currency': 'RUB', 'payment_amount': 0, 'extras_variants': [], 'extras': [], 'rate_id': 63399, 'deals': ['LAST_MINUTE'], 'cancellation_type': 'free', 'credit_card': 0, 'bonus': 128, 'miles': 153, 'min_stay': 1, 'platichastyami': 0, 'mircashback': 255}, {'id': 1230634, 'capacity': 7, 'prepayment': 'NO', 'nonrefundable': 0, 'cancellation_period': 0, 'cancellation_fee': 'NO', 'breakfast': 0, 'base_price': 3500, 'prices': [3500], 'price': 2975, 'old_price': 3500, 'currency': 'RUB', 'payment_amount': 0, 'extras_variants': [], 'extras': [], 'rate_id': 63399, 'deals': ['LAST_MINUTE'], 'cancellation_type': 'free', 'credit_card': 0, 'bonus': 149, 'miles': 177, 'min_stay': 1, 'platichastyami': 0, 'mircashback': 298}, {'id': 1230635, 'capacity': 8, 'prepayment': 'NO', 'nonrefundable': 0, 'cancellation_period': 0, 'cancellation_fee': 'NO', 'breakfast': 0, 'base_price': 4000, 'prices': [4000], 'price': 3400, 'old_price': 4000, 'currency': 'RUB', 'payment_amount': 0, 'extras_variants': [], 'extras': [], 'rate_id': 63399, 'deals': ['LAST_MINUTE'], 'cancellation_type': 'free', 'credit_card': 0, 'bonus': 170, 'miles': 204, 'min_stay': 1, 'platichastyami': 0, 'mircashback': 340}]",425.0,24,677876_101hotels,2026-08-13
2281474,,Домик на 4 человека с одной двуспальнаой кроватью,4,0,0,1,Четырехместный,34,1,"[{'double': 1, 'sofa': 1}]","[{'id': '14091', 'number': '1', 'min_age': '0', 'max_age': '7', 'is_extra_bed': '0', 'extra_bed_type_id': '0'}]","[{'id': 868735, 'capacity': 1, 'prepayment': 'FIRST', 'nonrefundable': 0, 'cancellation_period': 3, 'cancellation_fee': 'FIRST', 'breakfast': 0, 'base_price': 11900, 'prices': [11900], 'price': 11900, 'old_price': 11900, 'currency': 'RUB', 'payment_amount': 11900, 'extras_variants': [], 'extras': {'14091': {'id': 14091, 'number': 1, 'extra_bed_type_id': 0, 'age': [0, 7], 'extra_bed': 0, 'free': 1}}, 'rate_id': 39576, 'deals': [], 'cancellation_type': 'special', 'credit_card': 1, 'bonus': 595, 'miles': 714, 'min_stay': 1, 'platichastyami': 0, 'mircashback': 1190}, {'id': 868736, 'capacity': 2, 'prepayment': 'FIRST', 'nonrefundable': 0, 'cancellation_period': 3, 'cancellation_fee': 'FIRST', 'breakfast': 0, 'base_price': 11900, 'prices': [11900], 'price': 11900, 'old_price': 11900, 'currency': 'RUB', 'payment_amount': 11900, 'extras_variants': [], 'extras': {'14091': {'id': 14091, 'number': 1, 'extra_bed_type_id': 0, 'age': [0, 7], 'extra_bed': 0, 'free': 1}}, 'rate_id': 39576, 'deals': [], 'cancellation_type': 'special', 'credit_card': 1, 'bonus': 595, 'miles': 714, 'min_stay': 1, 'platichastyami': 0, 'mircashback': 1190}, {'id': 872902, 'capacity': 3, 'prepayment': 'FIRST', 'nonrefundable': 0, 'cancellation_period': 3, 'cancellation_fee': 'FIRST', 'breakfast': 0, 'base_price': 14200, 'prices': [14200], 'price': 14200, 'old_price': 14200, 'currency': 'RUB', 'payment_amount': 14200, 'extras_variants': [], 'extras': {'14091': {'id': 14091, 'number': 1, 'extra_bed_type_id': 0, 'age': [0, 7], 'extra_bed': 0, 'free': 1}}, 'rate_id': 39576, 'deals': [], 'cancellation_type': 'special', 'credit_card': 1, 'bonus': 710, 'miles': 852, 'min_stay': 1, 'platichastyami': 0, 'mircashback': 1420}, {'id': 872903, 'capacity': 4, 'prepayment': 'FIRST', 'nonrefundable': 0, 'cancellation_period': 3, 'cancellation_fee': 'FIRST', 'breakfast': 0, 'base_price': 16500, 'prices': [16500], 'price': 16500, 'old_price': 16500, 'currency': 'RUB', 'payment_amount': 16500, 'extras_variants': [], 'extras': {'14091': {'id': 14091, 'number': 1, 'extra_bed_type_id': 0, 'age': [0, 7], 'extra_bed': 0, 'free': 1}}, 'rate_id': 39576, 'deals': [], 'cancellation_type': 'special', 'credit_card': 1, 'bonus': 825, 'miles': 990, 'min_stay': 1, 'platichastyami': 0, 'mircashback': 1650}]",11900.0,714,668236_101hotels,2026-08-13
2321006,,Двухместный Стандартный Номер,2,1,0,1,Улучшенный,113,1,"[{'double': 1}, {'single': 2}]","[{'id': '50753', 'number': '1', 'min_age': '0', 'max_age': '5', 'is_extra_bed': '0', 'extra_bed_type_id': '0'}]","[{'id': 1228882, 'capacity': 1, 'prepayment': 'FULL', 'nonrefundable': 0, 'cancellation_period': 1, 'cancellation_fee': 'FIRST', 'breakfast': 1, 'base_price': 17800, 'prices': [17800], 'price': 17800, 'old_price': 17800, 'currency': 'RUB', 'payment_amount': 17800, 'extras_variants': [], 'extras': {'50753': {'id': 50753, 'number': 1, 'extra_bed_type_id': 0, 'age': [0, 5], 'extra_bed': 0, 'free': 1}}, 'rate_id': 63247, 'deals': [], 'cancellation_type': 'special', 'credit_card': 1, 'bonus': 890, 'miles': 1068, 'min_stay': 1, 'platichastyami': 0, 'mircashback': 1780}, {'id': 1228883, 'capacity': 2, 'prepayment': 'FULL', 'nonrefundable': 0, 'cancellation_period': 1, 'cancellation_fee': 'FIRST', 'breakfast': 1, 'base_price': 17800, 'prices': [17800], 'price': 17800, 'old_price': 17800, 'currency': 'RUB', 'payment_amount': 17800, 'extras_variants': [], 'extras': {'50753': {'id': 50753, 'number': 1, 'extra_bed_type_id': 0, 'age': [0, 5], 'extra_bed': 0, 'free': 1}}, 'rate_id': 63247, 'deals': [], 'cancellation_type': 'special', 'credit_card': 1, 'bonus': 890, 'miles': 1068, 'min_stay': 1, 'platichastyami': 0, 'mircashback': 1780}]",17800.0,1068,678072_101hotels,2026-08-13
2321013,,С Видом На Байкал,2,2,0,1,Люкс,6,2,"[{'double': 1, 'sofa': 1}]",[],"[{'id': 1228884, 'capacity': 1, 'prepayment': 'FULL', 'nonrefundable': 0, 'cancellation_period': 1, 'cancellation_fee': 'FIRST', 'breakfast': 1, 'base_price': 32800, 'prices': [32800], 'price': 32800, 'old_price': 32800, 'currency': 'RUB', 'payment_amount': 32800, 'extras_variants': [], 'extras': [], 'rate_id': 63247, 'deals': [], 'cancellation_type': 'special', 'credit_card': 1, 'bonus': 1640, 'miles': 1968, 'min_stay': 1, 'platichastyami': 0, 'mircashback': 3280}, {'id': 1228885, 'capacity': 2, 'prepayment': 'FULL', 'nonrefundable': 0, 'cancellation_period': 1, 'cancellation_fee': 'FIRST', 'breakfast': 1, 'base_price': 32800, 'prices': [32800], 'price': 32800, 'old_price': 32800, 'currency': 'RUB', 'payment_amount': 32800, 'extras_variants': [], 'extras': [], 'rate_id': 63247, 'deals': [], 'cancellation_type': 'special', 'credit_card': 1, 'bonus': 1640, 'miles': 1968, 'min_stay': 1, 'platichastyami': 0, 'mircashback': 3280}]",32800.0,1968,678072_101hotels,2026-08-13
2295563,,Юрта с двуспальной кроватью,2,1,0,0,Двухместный,2,4,[{'double': 1}],[],"[{'id': 1030192, 'capacity': 1, 'prepayment': 'FIRST', 'nonrefundable': 0, 'cancellation_period': 14, 'cancellation_fee': 'FIRST', 'breakfast': 0, 'base_price': 11000, 'prices': [11000], 'price': 11000, 'old_price': 11000, 'currency': 'RUB', 'payment_amount': 11000, 'extras_variants': [], 'extras': [], 'rate_id': 49894, 'deals': [], 'cancellation_type': 'special', 'credit_card': 1, 'bonus': 550, 'miles': 660, 'min_stay': 1, 'platichastyami': 0, 'mircashback': 1100}, {'id': 1030217, 'capacity': 2, 'prepayment': 'FIRST', 'nonrefundable': 0, 'cancellation_period': 14, 'cancellation_fee': 'FIRST', 'breakfast': 0, 'base_price': 11000, 'prices': [11000], 'price': 11000, 'old_price': 11000, 'currency': 'RUB', 'payment_amount': 11000, 'extras_variants': [], 'extras': [], 'rate_id': 49894, 'deals': [], 'cancellation_type': 'special', 'credit_card': 1, 'bonus': 550, 'miles': 660, 'min_stay': 1, 'platichastyami': 0, 'mircashback': 1100}]",11000.0,660,670434_101hotels,2026-08-13
2297504,,Делюкс,2,1,0,1,Двухместный,2,1,[{'single': 2}],"[{'id': '50105', 'number': '1', 'min_age': '0', 'max_age': '7', 'is_extra_bed': '0', 'extra_bed_type_id': '0'}]","[{'id': 1020140, 'capacity': 1, 'prepayment': 'FIRST', 'nonrefundable': 0, 'cancellation_period': 14, 'cancellation_fee': 'FIRST', 'breakfast': 1, 'base_price': 20500, 'prices': [20500], 'price': 20500, 'old_price': 20500, 'currency': 'RUB', 'payment_amount': 20500, 'extras_variants': [], 'extras': {'50105': {'id': 50105, 'number': 1, 'extra_bed_type_id': 0, 'age': [0, 7], 'extra_bed': 0, 'free': 1}}, 'rate_id': 43901, 'deals': [], 'cancellation_type': 'special', 'credit_card': 1, 'bonus': 1025, 'miles': 1230, 'min_stay': 1, 'platichastyami': 0, 'mircashback': 2050}, {'id': 1020141, 'capacity': 2, 'prepayment': 'FIRST', 'nonrefundable': 0, 'cancellation_period': 14, 'cancellation_fee': 'FIRST', 'breakfast': 1, 'base_price': 20500, 'prices': [20500], 'price': 20500, 'old_price': 20500, 'currency': 'RUB', 'payment_amount': 20500, 'extras_variants': [], 'extras': {'50105': {'id': 50105, 'number': 1, 'extra_bed_type_id': 0, 'age': [0, 7], 'extra_bed': 0, 'free': 1}}, 'rate_id': 43901, 'deals': [], 'cancellation_type': 'special', 'credit_card': 1, 'bonus': 1025, 'miles': 1230, 'min_stay': 1, 'platichastyami': 0, 'mircashback': 2050}]",20500.0,1230,670434_101hotels,2026-08-13
2297506,,Юрта с 4мя раздельными кроватями,4,0,0,0,Четырехместный,34,1,[{'single': 4}],"[{'id': '20152', 'number': '1', 'min_age': '0', 'max_age': '7', 'is_extra_bed': '0', 'extra_bed_type_id': '0'}]","[{'id': 1030195, 'capacity': 1, 'prepayment': 'FIRST', 'nonrefundable': 0, 'cancellation_period': 14, 'cancellation_fee': 'FIRST', 'breakfast': 0, 'base_price': 14000, 'prices': [14000], 'price': 14000, 'old_price': 14000, 'currency': 'RUB', 'payment_amount': 14000, 'extras_variants': [], 'extras': {'20152': {'id': 20152, 'number': 1, 'extra_bed_type_id': 0, 'age': [0, 7], 'extra_bed': 0, 'free': 1}}, 'rate_id': 49894, 'deals': [], 'cancellation_type': 'special', 'credit_card': 1, 'bonus': 700, 'miles': 840, 'min_stay': 1, 'platichastyami': 0, 'mircashback': 1400}, {'id': 1030196, 'capacity': 2, 'prepayment': 'FIRST', 'nonrefundable': 0, 'cancellation_period': 14, 'cancellation_fee': 'FIRST', 'breakfast': 0, 'base_price': 14000, 'prices': [14000], 'price': 14000, 'old_price': 14000, 'currency': 'RUB', 'payment_amount': 14000, 'extras_variants': [], 'extras': {'20152': {'id': 20152, 'number': 1, 'extra_bed_type_id': 0, 'age': [0, 7], 'extra_bed': 0, 'free': 1}}, 'rate_id': 49894, 'deals': [], 'cancellation_type': 'special', 'credit_card': 1, 'bonus': 700, 'miles': 840, 'min_stay': 1, 'platichastyami': 0, 'mircashback': 1400}, {'id': 1030197, 'capacity': 3, 'prepayment': 'FIRST', 'nonrefundable': 0, 'cancellation_period': 14, 'cancellation_fee': 'FIRST', 'breakfast': 0, 'base_price': 14000, 'prices': [14000], 'price': 14000, 'old_price': 14000, 'currency': 'RUB', 'payment_amount': 14000, 'extras_variants': [], 'extras': {'20152': {'id': 20152, 'number': 1, 'extra_bed_type_id': 0, 'age': [0, 7], 'extra_bed': 0, 'free': 1}}, 'rate_id': 49894, 'deals': [], 'cancellation_type': 'special', 'credit_card': 1, 'bonus': 700, 'miles': 840, 'min_stay': 1, 'platichastyami': 0, 'mircashback': 1400}, {'id': 1030198, 'capacity': 4, 'prepayment': 'FIRST', 'nonrefundable': 0, 'cancellation_period': 14, 'cancellation_fee': 'FIRST', 'breakfast': 0, 'base_price': 14000, 'prices': [14000], 'price': 14000, 'old_price': 14000, 'currency': 'RUB', 'payment_amount': 14000, 'extras_variants': [], 'extras': {'20152': {'id': 20152, 'number': 1, 'extra_bed_type_id': 0, 'age': [0, 7], 'extra_bed': 0, 'free': 1}}, 'rate_id': 49894, 'deals': [], 'cancellation_type': 'special', 'credit_card': 1, 'bonus': 700, 'miles': 840, 'min_stay': 1, 'platichastyami': 0, 'mircashback': 1400}]",14000.0,840,670434_101hotels,2026-08-13
2322560,,С 1-й двуспальной кроватью или с 2-я односпальными,2,0,0,1,Двухместный,2,1,[{'double': 1}],[],"[{'id': 1233627, 'capacity': 1, 'prepayment': 'FIRST', 'nonrefundable': 1, 'cancellation_period': 0, 'cancellation_fee': 'FIRST', 'breakfast': 0, 'base_price': 6325, 'prices': [6325], 'price': 6325, 'old_price': 6325, 'currency': 'RUB', 'payment_amount': 6325, 'extras_variants': [], 'extras': [], 'rate_id': 4042, 'deals': [], 'cancellation_type': 'nonrefundable', 'credit_card': 1, 'bonus': 316, 'miles': 378, 'min_stay': 1, 'platichastyami': 0}, {'id': 1233628, 'capacity': 2, 'prepayment': 'FIRST', 'nonrefundable': 1, 'cancellation_period': 0, 'cancellation_fee': 'FIRST', 'breakfast': 0, 'base_price': 6325, 'prices': [6325], 'price': 6325, 'old_price': 6325, 'currency': 'RUB', 'payment_amount': 6325, 'extras_variants': [], 'extras': [], 'rate_id': 4042, 'deals': [], 'cancellation_type': 'nonrefundable', 'credit_card': 1, 'bonus': 316, 'miles': 378, 'min_stay': 1, 'platichastyami': 0}]",6325.0,378,11159_101hotels,2026-08-13
2322561,,"С 2-я двуспальными кроватями, 4-я односпальными кроватями либо с 1-й двуспальной и 2-я односпальными кроватями.",4,0,0,1,Четырехместный,34,1,"[{'single': 2, 'double': 2}]",[],"[{'id': 1233629, 'capacity': 1, 'prepayment': 'FIRST', 'nonrefundable': 1, 'cancellation_period': 0, 'cancellation_fee': 'FIRST', 'breakfast': 0, 'base_price': 11500, 'prices': [11500], 'price': 11500, 'old_price': 11500, 'currency': 'RUB', 'payment_amount': 11500, 'extras_variants': [], 'extras': [], 'rate_id': 4042, 'deals': [], 'cancellation_type': 'nonrefundable', 'credit_card': 1, 'bonus': 575, 'miles': 690, 'min_stay': 1, 'platichastyami': 0}, {'id': 1233630, 'capacity': 2, 'prepayment': 'FIRST', 'nonrefundable': 1, 'cancellation_period': 0, 'cancellation_fee': 'FIRST', 'breakfast': 0, 'base_price': 11500, 'prices': [11500], 'price': 11500, 'old_price': 11500, 'currency': 'RUB', 'payment_amount': 11500, 'extras_variants': [], 'extras': [], 'rate_id': 4042, 'deals': [], 'cancellation_type': 'nonrefundable', 'credit_card': 1, 'bonus': 575, 'miles': 690, 'min_stay': 1, 'platichastyami': 0}, {'id': 1233631, 'capacity': 3, 'prepayment': 'FIRST', 'nonrefundable': 1, 'cancellation_period': 0, 'cancellation_fee': 'FIRST', 'breakfast': 0, 'base_price': 11500, 'prices': [11500], 'price': 11500, 'old_price': 11500, 'currency': 'RUB', 'payment_amount': 11500, 'extras_variants': [], 'extras': [], 'rate_id': 4042, 'deals': [], 'cancellation_type': 'nonrefundable', 'credit_card': 1, 'bonus': 575, 'miles': 690, 'min_stay': 1, 'platichastyami': 0}, {'id': 1233632, 'capacity': 4, 'prepayment': 'FIRST', 'nonrefundable': 1, 'cancellation_period': 0, 'cancellation_fee': 'FIRST', 'breakfast': 0, 'base_price': 11500, 'prices': [11500], 'price': 11500, 'old_price': 11500, 'currency': 'RUB', 'payment_amount': 11500, 'extras_variants': [], 'extras': [], 'rate_id': 4042, 'deals': [], 'cancellation_type': 'nonrefundable', 'credit_card': 1, 'bonus': 575, 'miles': 690, 'min_stay': 1, 'platichastyami': 0}]",11500.0,690,11159_101hotels,2026-08-13
2302613,,Двухэтажный домик с видом на залив,4,0,0,1,Дом,56,1,[{'double': 2}],[],"[{'id': 1059746, 'capacity': 1, 'prepayment': 'FULL', 'nonrefundable': 0, 'cancellation_period': 0, 'cancellation_fee': 'NO', 'breakfast': 0, 'base_price': 12000, 'prices': [12000], 'price': 12000, 'old_price': 12000, 'currency': 'RUB', 'payment_amount': 12000, 'extras_variants': [], 'extras': [], 'rate_id': 51898, 'deals': [], 'cancellation_type': 'free', 'credit_card': 1, 'bonus': 600, 'miles': 720, 'min_stay': 1, 'platichastyami': 0, 'mircashback': 1200}, {'id': 1059747, 'capacity': 2, 'prepayment': 'FULL', 'nonrefundable': 0, 'cancellation_period': 0, 'cancellation_fee': 'NO', 'breakfast': 0, 'base_price': 12000, 'prices': [12000], 'price': 12000, 'old_price': 12000, 'currency': 'RUB', 'payment_amount': 12000, 'extras_variants': [], 'extras': [], 'rate_id': 51898, 'deals': [], 'cancellation_type': 'free', 'credit_card': 1, 'bonus': 600, 'miles': 720, 'min_stay': 1, 'platichastyami': 0, 'mircashback': 1200}, {'id': 1059748, 'capacity': 3, 'prepayment': 'FULL', 'nonrefundable': 0, 'cancellation_period': 0, 'cancellation_fee': 'NO', 'breakfast': 0, 'base_price': 12000, 'prices': [12000], 'price': 12000, 'old_price': 12000, 'currency': 'RUB', 'payment_amount': 12000, 'extras_variants': [], 'extras': [], 'rate_id': 51898, 'deals': [], 'cancellation_type': 'free', 'credit_card': 1, 'bonus': 600, 'miles': 720, 'min_stay': 1, 'platichastyami': 0, 'mircashback': 1200}, {'id': 1059749, 'capacity': 4, 'prepayment': 'FULL', 'nonrefundable': 0, 'cancellation_period': 0, 'cancellation_fee': 'NO', 'breakfast': 0, 'base_price': 12000, 'prices': [12000], 'price': 12000, 'old_price': 12000, 'currency': 'RUB', 'payment_amount': 12000, 'extras_variants': [], 'extras': [], 'rate_id': 51898, 'deals': [], 'cancellation_type': 'free', 'credit_card': 1, 'bonus': 600, 'miles': 720, 'min_stay': 1, 'platichastyami': 0, 'mircashback': 1200}]",12000.0,720,673799_101hotels,2026-08-13
2316601,,Комфорт (Коттедж №5),2,1,0,1,Двухместный,2,3,[{'double': 1}],"[{'id': '44124', 'number': '1', 'min_age': '0', 'max_age': '5', 'is_extra_bed': '0', 'extra_bed_type_id': '0'}]","[{'id': 1189768, 'capacity': 1, 'prepayment': 'FULL', 'nonrefundable': 0, 'cancellation_period': 0, 'cancellation_fee': 'NO', 'breakfast': 1, 'base_price': 7900, 'prices': [7900], 'price': 7900, 'old_price': 7900, 'currency': 'RUB', 'payment_amount': 7900, 'extras_variants': [], 'extras': {'44124': {'id': 44124, 'number': 1, 'extra_bed_type_id': 0, 'age': [0, 5], 'extra_bed': 0, 'free': 1}}, 'rate_id': 60731, 'deals': [], 'cancellation_type': 'free', 'credit_card': 1, 'bonus': 395, 'miles': 474, 'min_stay': 1, 'platichastyami': 0, 'mircashback': 790}, {'id': 1189769, 'capacity': 2, 'prepayment': 'FULL', 'nonrefundable': 0, 'cancellation_period': 0, 'cancellation_fee': 'NO', 'breakfast': 1, 'base_price': 7900, 'prices': [7900], 'price': 7900, 'old_price': 7900, 'currency': 'RUB', 'payment_amount': 7900, 'extras_variants': [], 'extras': {'44124': {'id': 44124, 'number': 1, 'extra_bed_type_id': 0, 'age': [0, 5], 'extra_bed': 0, 'free': 1}}, 'rate_id': 60731, 'deals': [], 'cancellation_type': 'free', 'credit_card': 1, 'bonus': 395, 'miles': 474, 'min_stay': 1, 'platichastyami': 0, 'mircashback': 790}]",7900.0,474,676911_101hotels,2026-08-13
2316602,,Четырёхместный с гостиной (Коттедж №6),4,1,0,1,Люкс,6,2,"[{'double': 2, 's-sofa': 1}]",[],"[{'id': 1189770, 'capacity': 1, 'prepayment': 'FULL', 'nonrefundable': 0, 'cancellation_period': 0, 'cancellation_fee': 'NO', 'breakfast': 1, 'base_price': 10800, 'prices': [10800], 'price': 10800, 'old_price': 10800, 'currency': 'RUB', 'payment_amount': 10800, 'extras_variants': [], 'extras': [], 'rate_id': 60731, 'deals': [], 'cancellation_type': 'free', 'credit_card': 1, 'bonus': 540, 'miles': 648, 'min_stay': 1, 'platichastyami': 0, 'mircashback': 1080}, {'id': 1189771, 'capacity': 2, 'prepayment': 'FULL', 'nonrefundable': 0, 'cancellation_period': 0, 'cancellation_fee': 'NO', 'breakfast': 1, 'base_price': 10800, 'prices': [10800], 'price': 10800, 'old_price': 10800, 'currency': 'RUB', 'payment_amount': 10800, 'extras_variants': [], 'extras': [], 'rate_id': 60731, 'deals': [], 'cancellation_type': 'free', 'credit_card': 1, 'bonus': 540, 'miles': 648, 'min_stay': 1, 'platichastyami': 0, 'mircashback': 1080}, {'id': 1189772, 'capacity': 3, 'prepayment': 'FULL', 'nonrefundable': 0, 'cancellation_period': 0, 'cancellation_fee': 'NO', 'breakfast': 1, 'base_price': 10800, 'prices': [10800], 'price': 10800, 'old_price': 10800, 'currency': 'RUB', 'payment_amount': 10800, 'extras_variants': [], 'extras': [], 'rate_id': 60731, 'deals': [], 'cancellation_type': 'free', 'credit_card': 1, 'bonus': 540, 'miles': 648, 'min_stay': 1, 'platichastyami': 0, 'mircashback': 1080}, {'id': 1189773, 'capacity': 4, 'prepayment': 'FULL', 'nonrefundable': 0, 'cancellation_period': 0, 'cancellation_fee': 'NO', 'breakfast': 1, 'base_price': 10800, 'prices': [10800], 'price': 10800, 'old_price': 10800, 'currency': 'RUB', 'payment_amount': 10800, 'extras_variants': [], 'extras': [], 'rate_id': 60731, 'deals': [], 'cancellation_type': 'free', 'credit_card': 1, 'bonus': 540, 'miles': 648, 'min_stay': 1, 'platichastyami': 0, 'mircashback': 1080}]",10800.0,648,676911_101hotels,2026-08-13
2316638,,Стандарт(Коттедж №12),2,0,0,1,Двухместный,2,19,"[{'double': 1}, {'single': 2}]","[{'id': '44189', 'number': '1', 'min_age': '0', 'max_age': '5', 'is_extra_bed': '0', 'extra_bed_type_id': '0'}]","[{'id': 1189955, 'capacity': 1, 'prepayment': 'FULL', 'nonrefundable': 0, 'cancellation_period': 0, 'cancellation_fee': 'NO', 'breakfast': 1, 'base_price': 5400, 'prices': [5400], 'price': 5400, 'old_price': 5400, 'currency': 'RUB', 'payment_amount': 5400, 'extras_variants': [], 'extras': {'44189': {'id': 44189, 'number': 1, 'extra_bed_type_id': 0, 'age': [0, 5], 'extra_bed': 0, 'free': 1}}, 'rate_id': 60731, 'deals': [], 'cancellation_type': 'free', 'credit_card': 1, 'bonus': 270, 'miles': 324, 'min_stay': 1, 'platichastyami': 0, 'mircashback': 540}, {'id': 1189956, 'capacity': 2, 'prepayment': 'FULL', 'nonrefundable': 0, 'cancellation_period': 0, 'cancellation_fee': 'NO', 'breakfast': 1, 'base_price': 5400, 'prices': [5400], 'price': 5400, 'old_price': 5400, 'currency': 'RUB', 'payment_amount': 5400, 'extras_variants': [], 'extras': {'44189': {'id': 44189, 'number': 1, 'extra_bed_type_id': 0, 'age': [0, 5], 'extra_bed': 0, 'free': 1}}, 'rate_id': 60731, 'deals': [], 'cancellation_type': 'free', 'credit_card': 1, 'bonus': 270, 'miles': 324, 'min_stay': 1, 'platichastyami': 0, 'mircashback': 540}]",5400.0,324,676911_101hotels,2026-08-13
46280,,Эконом,1,0,0,0,Одноместный,1,6,[{'single': 1}],[],"[{'id': 937963, 'capacity': 1, 'prepayment': 'NO', 'nonrefundable': 0, 'cancellation_period': 0, 'cancellation_fee': 'NO', 'breakfast': 0, 'base_price': 1000, 'prices': [1000], 'price': 1000, 'old_price': 1000, 'currency': 'RUB', 'payment_amount': 0, 'extras_variants': [], 'extras': [], 'rate_id': 42656, 'deals': [], 'cancellation_type': 'free', 'credit_card': 0, 'bonus': 50, 'miles': 60, 'min_stay': 1, 'platichastyami': 0, 'mircashback': 100}, {'id': 937976, 'capacity': 1, 'prepayment': 'NO', 'nonrefundable': 0, 'cancellation_period': 0, 'cancellation_fee': 'NO', 'breakfast': 1, 'base_price': 1750, 'prices': [1750], 'price': 1750, 'old_price': 1750, 'currency': 'RUB', 'payment_amount': 0, 'extras_variants': [], 'extras': [], 'rate_id': 42655, 'deals': [], 'cancellation_type': 'free', 'credit_card': 0, 'bonus': 88, 'miles': 105, 'min_stay': 1, 'platichastyami': 0, 'mircashback': 175}]",1000.0,60,9394_101hotels,2026-08-13
46281,,Стандарт,1,0,0,1,Одноместный,1,6,[{'single': 1}],[],"[{'id': 937955, 'capacity': 1, 'prepayment': 'NO', 'nonrefundable': 0, 'cancellation_period': 0, 'cancellation_fee': 'NO', 'breakfast': 1, 'base_price': 4000, 'prices': [4000], 'price': 4000, 'old_price': 4000, 'currency': 'RUB', 'payment_amount': 0, 'extras_variants': [], 'extras': [], 'rate_id': 42655, 'deals': [], 'cancellation_type': 'free', 'credit_card': 0, 'bonus': 200, 'miles': 240, 'min_stay': 1, 'platichastyami': 0, 'mircashback': 400}]",4000.0,240,9394_101hotels,2026-08-13
46282,,Комфорт,1,0,0,1,Одноместный,1,8,[{'single': 1}],[],"[{'id': 937956, 'capacity': 1, 'prepayment': 'NO', 'nonrefundable': 0, 'cancellation_period': 0, 'cancellation_fee': 'NO', 'breakfast': 1, 'base_price': 5300, 'prices': [5300], 'price': 5300, 'old_price': 5300, 'currency': 'RUB', 'payment_amount': 0, 'extras_variants': [], 'extras': [], 'rate_id': 42655, 'deals': [], 'cancellation_type': 'free', 'credit_card': 0, 'bonus': 265, 'miles': 318, 'min_stay': 1, 'platichastyami': 0, 'mircashback': 530}]",5300.0,318,9394_101hotels,2026-08-13
46283,,Комфорт улучшенный,1,0,0,1,Одноместный,1,4,[{'single': 1}],[],"[{'id': 937957, 'capacity': 1, 'prepayment': 'NO', 'nonrefundable': 0, 'cancellation_period': 0, 'cancellation_fee': 'NO', 'breakfast': 1, 'base_price': 6000, 'prices': [6000], 'price': 6000, 'old_price': 6000, 'currency': 'RUB', 'payment_amount': 0, 'extras_variants': [], 'extras': [], 'rate_id': 42655, 'deals': [], 'cancellation_type': 'free', 'credit_card': 0, 'bonus': 300, 'miles': 360, 'min_stay': 1, 'platichastyami': 0, 'mircashback': 600}]",6000.0,360,9394_101hotels,2026-08-13
84326,,Стандартный номер с 2 отдельными кроватями,2,0,0,1,Двухместный,2,1,[{'single': 2}],[],"[{'id': 937958, 'capacity': 1, 'prepayment': 'NO', 'nonrefundable': 0, 'cancellation_period': 0, 'cancellation_fee': 'NO', 'breakfast': 1, 'base_price': 5400, 'prices': [5400], 'price': 5400, 'old_price': 5400, 'currency': 'RUB', 'payment_amount': 0, 'extras_variants': [], 'extras': [], 'rate_id': 42655, 'deals': [], 'cancellation_type': 'free', 'credit_card': 0, 'bonus': 270, 'miles': 324, 'min_stay': 1, 'platichastyami': 0, 'mircashback': 540}, {'id': 937959, 'capacity': 2, 'prepayment': 'NO', 'nonrefundable': 0, 'cancellation_period': 0, 'cancellation_fee': 'NO', 'breakfast': 1, 'base_price': 5400, 'prices': [5400], 'price': 5400, 'old_price': 5400, 'currency': 'RUB', 'payment_amount': 0, 'extras_variants': [], 'extras': [], 'rate_id': 42655, 'deals': [], 'cancellation_type': 'free', 'credit_card': 0, 'bonus': 270, 'miles': 324, 'min_stay': 1, 'platichastyami': 0, 'mircashback': 540}]",5400.0,324,9394_101hotels,2026-08-13
84328,,Номер эконом-класса с 2 отдельными кроватями,2,0,0,0,Двухместный,2,3,[{'single': 2}],[],"[{'id': 937964, 'capacity': 1, 'prepayment': 'NO', 'nonrefundable': 0, 'cancellation_period': 0, 'cancellation_fee': 'NO', 'breakfast': 0, 'base_price': 2000, 'prices': [2000], 'price': 2000, 'old_price': 2000, 'currency': 'RUB', 'payment_amount': 0, 'extras_variants': [], 'extras': [], 'rate_id': 42656, 'deals': [], 'cancellation_type': 'free', 'credit_card': 0, 'bonus': 100, 'miles': 120, 'min_stay': 1, 'platichastyami': 0, 'mircashback': 200}, {'id': 937960, 'capacity': 1, 'prepayment': 'NO', 'nonrefundable': 0, 'cancellation_period': 0, 'cancellation_fee': 'NO', 'breakfast': 1, 'base_price': 3500, 'prices': [3500], 'price': 3500, 'old_price': 3500, 'currency': 'RUB', 'payment_amount': 0, 'extras_variants': [], 'extras': [], 'rate_id': 42655, 'deals': [], 'cancellation_type': 'free', 'credit_card': 0, 'bonus': 175, 'miles': 210, 'min_stay': 1, 'platichastyami': 0, 'mircashback': 350}, {'id': 937965, 'capacity': 2, 'prepayment': 'NO', 'nonrefundable': 0, 'cancellation_period': 0, 'cancellation_fee': 'NO', 'breakfast': 0, 'base_price': 2000, 'prices': [2000], 'price': 2000, 'old_price': 2000, 'currency': 'RUB', 'payment_amount': 0, 'extras_variants': [], 'extras': [], 'rate_id': 42656, 'deals': [], 'cancellation_type': 'free', 'credit_card': 0, 'bonus': 100, 'miles': 120, 'min_stay': 1, 'platichastyami': 0, 'mircashback': 200}, {'id': 937961, 'capacity': 2, 'prepayment': 'NO', 'nonrefundable': 0, 'cancellation_period': 0, 'cancellation_fee': 'NO', 'breakfast': 1, 'base_price': 3500, 'prices': [3500], 'price': 3500, 'old_price': 3500, 'currency': 'RUB', 'payment_amount': 0, 'extras_variants': [], 'extras': [], 'rate_id': 42655, 'deals': [], 'cancellation_type': 'free', 'credit_card': 0, 'bonus': 175, 'miles': 210, 'min_stay': 1, 'platichastyami': 0, 'mircashback': 350}]",2000.0,120,9394_101hotels,2026-08-13
2288048,,Стандарт улучшенный,1,0,0,1,Одноместный,1,1,[{'single': 1}],[],"[{'id': 937653, 'capacity': 1, 'prepayment': 'NO', 'nonrefundable': 0, 'cancellation_period': 0, 'cancellation_fee': 'NO', 'breakfast': 1, 'base_price': 4600, 'prices': [4600], 'price': 4600, 'old_price': 4600, 'currency': 'RUB', 'payment_amount': 0, 'extras_variants': [], 'extras': [], 'rate_id': 42655, 'deals': [], 'cancellation_type': 'free', 'credit_card': 0, 'bonus': 230, 'miles': 276, 'min_stay': 1, 'platichastyami': 0, 'mircashback': 460}]",4600.0,276,9394_101hotels,2026-08-13
2288097,,Комфорт номер с 2 отдельными кроватями,2,0,0,1,Двухместный,2,2,[{'single': 2}],[],"[{'id': 937898, 'capacity': 1, 'prepayment': 'NO', 'nonrefundable': 0, 'cancellation_period': 0, 'cancellation_fee': 'NO', 'breakfast': 1, 'base_price': 7800, 'prices': [7800], 'price': 7800, 'old_price': 7800, 'currency': 'RUB', 'payment_amount': 0, 'extras_variants': [], 'extras': [], 'rate_id': 42655, 'deals': [], 'cancellation_type': 'free', 'credit_card': 0, 'bonus': 390, 'miles': 468, 'min_stay': 1, 'platichastyami': 0, 'mircashback': 780}, {'id': 937899, 'capacity': 2, 'prepayment': 'NO', 'nonrefundable': 0, 'cancellation_period': 0, 'cancellation_fee': 'NO', 'breakfast': 1, 'base_price': 7800, 'prices': [7800], 'price': 7800, 'old_price': 7800, 'currency': 'RUB', 'payment_amount': 0, 'extras_variants': [], 'extras': [], 'rate_id': 42655, 'deals': [], 'cancellation_type': 'free', 'credit_card': 0, 'bonus': 390, 'miles': 468, 'min_stay': 1, 'platichastyami': 0, 'mircashback': 780}]",7800.0,468,9394_101hotels,2026-08-13
