id,k,name,capacity,additional,single_bed,bathroom,type_name,type_id,free,bed_categories,children_extras,placements,min_price,miles,hotel_id,date
1620095,,Стандартный с 2 отдельными кроватями,2,0,0,1,Двухместный,2,5,[{'single': 2}],[],"[{'id': 549081, 'capacity': 1, 'prepayment': 'FULL', 'nonrefundable': 1, 'cancellation_period': 0, 'cancellation_fee': 'FIRST', 'breakfast': 6, 'base_price': 6000, 'prices': [6000], 'price': 6000, 'old_price': 6000, 'currency': 'RUB', 'payment_amount': 6000, 'extras_variants': [], 'extras': [], 'rate_id': 17459, 'deals': [], 'cancellation_type': 'nonrefundable', 'credit_card': 1, 'bonus': 300, 'miles': 360, 'min_stay': 1, 'platichastyami': 0, 'mircashback': 600}, {'id': 549082, 'capacity': 2, 'prepayment': 'FULL', 'nonrefundable': 1, 'cancellation_period': 0, 'cancellation_fee': 'FIRST', 'breakfast': 6, 'base_price': 7000, 'prices': [7000], 'price': 7000, 'old_price': 7000, 'currency': 'RUB', 'payment_amount': 7000, 'extras_variants': [], 'extras': [], 'rate_id': 17459, 'deals': [], 'cancellation_type': 'nonrefundable', 'credit_card': 1, 'bonus': 350, 'miles': 420, 'min_stay': 1, 'platichastyami': 0, 'mircashback': 700}]",6000.0,360,496528_101hotels,2026-07-31
1620100,,"Делюкс с собственной ванной комнатой, балконом и видом на море",2,1,0,1,Семейный,44,1,"[{'double': 1, 'f-chair': 1}]",[],"[{'id': 549107, 'capacity': 1, 'prepayment': 'FULL', 'nonrefundable': 1, 'cancellation_period': 0, 'cancellation_fee': 'FIRST', 'breakfast': 6, 'base_price': 7000, 'prices': [7000], 'price': 7000, 'old_price': 7000, 'currency': 'RUB', 'payment_amount': 7000, 'extras_variants': [], 'extras': [], 'rate_id': 17459, 'deals': [], 'cancellation_type': 'nonrefundable', 'credit_card': 1, 'bonus': 350, 'miles': 420, 'min_stay': 1, 'platichastyami': 0, 'mircashback': 700}, {'id': 549108, 'capacity': 2, 'prepayment': 'FULL', 'nonrefundable': 1, 'cancellation_period': 0, 'cancellation_fee': 'FIRST', 'breakfast': 6, 'base_price': 7500, 'prices': [7500], 'price': 7500, 'old_price': 7500, 'currency': 'RUB', 'payment_amount': 7500, 'extras_variants': [], 'extras': [], 'rate_id': 17459, 'deals': [], 'cancellation_type': 'nonrefundable', 'credit_card': 1, 'bonus': 375, 'miles': 450, 'min_stay': 1, 'platichastyami': 0, 'mircashback': 750}]",7000.0,420,496528_101hotels,2026-07-31
2214317,,"Улучшенный люкс ""Кардинал"" с видом на море",2,0,0,1,Сюит,27,1,"[{'double': 1, 'sofa': 1}]",[],"[{'id': 549099, 'capacity': 1, 'prepayment': 'FULL', 'nonrefundable': 1, 'cancellation_period': 0, 'cancellation_fee': 'FIRST', 'breakfast': 6, 'base_price': 7000, 'prices': [7000], 'price': 7000, 'old_price': 7000, 'currency': 'RUB', 'payment_amount': 7000, 'extras_variants': [], 'extras': [], 'rate_id': 17459, 'deals': [], 'cancellation_type': 'nonrefundable', 'credit_card': 1, 'bonus': 350, 'miles': 420, 'min_stay': 1, 'platichastyami': 0, 'mircashback': 700}, {'id': 549100, 'capacity': 2, 'prepayment': 'FULL', 'nonrefundable': 1, 'cancellation_period': 0, 'cancellation_fee': 'FIRST', 'breakfast': 6, 'base_price': 8000, 'prices': [8000], 'price': 8000, 'old_price': 8000, 'currency': 'RUB', 'payment_amount': 8000, 'extras_variants': [], 'extras': [], 'rate_id': 17459, 'deals': [], 'cancellation_type': 'nonrefundable', 'credit_card': 1, 'bonus': 400, 'miles': 480, 'min_stay': 1, 'platichastyami': 0, 'mircashback': 800}]",7000.0,420,496528_101hotels,2026-07-31
2296917,,"Апартаменты для семьи ""ВИКИНГ""",2,2,0,1,Апартаменты,14,1,"[{'double': 1, 'sofa': 1}]",[],"[{'id': 1015540, 'capacity': 1, 'prepayment': 'FULL', 'nonrefundable': 1, 'cancellation_period': 0, 'cancellation_fee': 'FIRST', 'breakfast': 6, 'base_price': 15000, 'prices': [15000], 'price': 15000, 'old_price': 15000, 'currency': 'RUB', 'payment_amount': 15000, 'extras_variants': [], 'extras': [], 'rate_id': 17459, 'deals': [], 'cancellation_type': 'nonrefundable', 'credit_card': 1, 'bonus': 750, 'miles': 900, 'min_stay': 1, 'platichastyami': 0, 'mircashback': 1500}, {'id': 1015541, 'capacity': 2, 'prepayment': 'FULL', 'nonrefundable': 1, 'cancellation_period': 0, 'cancellation_fee': 'FIRST', 'breakfast': 6, 'base_price': 15000, 'prices': [15000], 'price': 15000, 'old_price': 15000, 'currency': 'RUB', 'payment_amount': 15000, 'extras_variants': [], 'extras': [], 'rate_id': 17459, 'deals': [], 'cancellation_type': 'nonrefundable', 'credit_card': 1, 'bonus': 750, 'miles': 900, 'min_stay': 1, 'platichastyami': 0, 'mircashback': 1500}]",15000.0,900,496528_101hotels,2026-07-31
2232454,,Бюджетный,2,1,0,1,Двухместный,2,16,"[{'single': 2}, {'double': 1}, {'single': 3}]","[{'id': '13409', 'number': '1', 'min_age': '6', 'max_age': '18', 'is_extra_bed': '1', 'extra_bed_type_id': '4'}]","[{'id': 415912, 'capacity': 1, 'prepayment': 'FULL', 'nonrefundable': 0, 'cancellation_period': 14, 'cancellation_fee': 'FIRST', 'breakfast': 1, 'base_price': 8000, 'prices': [8000], 'price': 8000, 'old_price': 8000, 'currency': 'RUB', 'payment_amount': 8000, 'extras_variants': [], 'extras': {'13409': {'id': 13409, 'number': 1, 'extra_bed_type_id': 4, 'age': [6, 18], 'extra_bed': 1, 'free': 1}}, 'rate_id': 8485, 'deals': [], 'cancellation_type': 'special', 'credit_card': 1, 'bonus': 400, 'miles': 480, 'min_stay': 1, 'platichastyami': 0, 'mircashback': 800}, {'id': 415913, 'capacity': 2, 'prepayment': 'FULL', 'nonrefundable': 0, 'cancellation_period': 14, 'cancellation_fee': 'FIRST', 'breakfast': 1, 'base_price': 8000, 'prices': [8000], 'price': 8000, 'old_price': 8000, 'currency': 'RUB', 'payment_amount': 8000, 'extras_variants': [], 'extras': {'13409': {'id': 13409, 'number': 1, 'extra_bed_type_id': 4, 'age': [6, 18], 'extra_bed': 1, 'free': 1}}, 'rate_id': 8485, 'deals': [], 'cancellation_type': 'special', 'credit_card': 1, 'bonus': 400, 'miles': 480, 'min_stay': 1, 'platichastyami': 0, 'mircashback': 800}]",8000.0,480,653669_101hotels,2026-07-31
2298229,,Гостевой,2,0,0,1,Двухместный,2,6,[{'single': 2}],[],"[{'id': 1025873, 'capacity': 1, 'prepayment': 'FULL', 'nonrefundable': 0, 'cancellation_period': 0, 'cancellation_fee': 'NO', 'breakfast': 0, 'base_price': 5500, 'prices': [5500], 'price': 5500, 'old_price': 5500, 'currency': 'RUB', 'payment_amount': 5500, 'extras_variants': [], 'extras': [], 'rate_id': 49542, 'deals': [], 'cancellation_type': 'free', 'credit_card': 1, 'bonus': 275, 'miles': 330, 'min_stay': 1, 'platichastyami': 0, 'mircashback': 550}, {'id': 1025874, 'capacity': 2, 'prepayment': 'FULL', 'nonrefundable': 0, 'cancellation_period': 0, 'cancellation_fee': 'NO', 'breakfast': 0, 'base_price': 5500, 'prices': [5500], 'price': 5500, 'old_price': 5500, 'currency': 'RUB', 'payment_amount': 5500, 'extras_variants': [], 'extras': [], 'rate_id': 49542, 'deals': [], 'cancellation_type': 'free', 'credit_card': 1, 'bonus': 275, 'miles': 330, 'min_stay': 1, 'platichastyami': 0, 'mircashback': 550}]",5500.0,330,514123_101hotels,2026-07-31
2298230,,Стандарт,2,1,0,1,Трехместный,37,7,[{'single': 1}],[],"[{'id': 1025879, 'capacity': 1, 'prepayment': 'FULL', 'nonrefundable': 0, 'cancellation_period': 0, 'cancellation_fee': 'NO', 'breakfast': 0, 'base_price': 5500, 'prices': [5500], 'price': 5500, 'old_price': 5500, 'currency': 'RUB', 'payment_amount': 5500, 'extras_variants': [], 'extras': [], 'rate_id': 49542, 'deals': [], 'cancellation_type': 'free', 'credit_card': 1, 'bonus': 275, 'miles': 330, 'min_stay': 1, 'platichastyami': 0, 'mircashback': 550}, {'id': 1025880, 'capacity': 2, 'prepayment': 'FULL', 'nonrefundable': 0, 'cancellation_period': 0, 'cancellation_fee': 'NO', 'breakfast': 0, 'base_price': 5500, 'prices': [5500], 'price': 5500, 'old_price': 5500, 'currency': 'RUB', 'payment_amount': 5500, 'extras_variants': [], 'extras': [], 'rate_id': 49542, 'deals': [], 'cancellation_type': 'free', 'credit_card': 1, 'bonus': 275, 'miles': 330, 'min_stay': 1, 'platichastyami': 0, 'mircashback': 550}]",5500.0,330,514123_101hotels,2026-07-31
2298232,,Улучшенный,2,1,0,1,Бунгало,30,4,"[{'single': 1, 'double': 1}]","[{'id': '20473', 'number': '1', 'min_age': '1', 'max_age': '7', 'is_extra_bed': '1', 'extra_bed_type_id': '4'}]","[{'id': 1025877, 'capacity': 1, 'prepayment': 'FULL', 'nonrefundable': 0, 'cancellation_period': 0, 'cancellation_fee': 'NO', 'breakfast': 0, 'base_price': 6000, 'prices': [6000], 'price': 6000, 'old_price': 6000, 'currency': 'RUB', 'payment_amount': 6000, 'extras_variants': [], 'extras': {'20473': {'id': 20473, 'number': 1, 'extra_bed_type_id': 4, 'age': [1, 7], 'extra_bed': 1, 'free': 1}}, 'rate_id': 49542, 'deals': [], 'cancellation_type': 'free', 'credit_card': 1, 'bonus': 300, 'miles': 360, 'min_stay': 1, 'platichastyami': 0, 'mircashback': 600}, {'id': 1025878, 'capacity': 2, 'prepayment': 'FULL', 'nonrefundable': 0, 'cancellation_period': 0, 'cancellation_fee': 'NO', 'breakfast': 0, 'base_price': 6000, 'prices': [6000], 'price': 6000, 'old_price': 6000, 'currency': 'RUB', 'payment_amount': 6000, 'extras_variants': [], 'extras': {'20473': {'id': 20473, 'number': 1, 'extra_bed_type_id': 4, 'age': [1, 7], 'extra_bed': 1, 'free': 1}}, 'rate_id': 49542, 'deals': [], 'cancellation_type': 'free', 'credit_card': 1, 'bonus': 300, 'miles': 360, 'min_stay': 1, 'platichastyami': 0, 'mircashback': 600}]",6000.0,360,514123_101hotels,2026-07-31
2301290,,Двухместный благоустроенный номер  с раздельными кроватями,2,0,0,1,Двухместный,2,3,[{'double': 2}],[],"[{'id': 1135960, 'capacity': 1, 'prepayment': 'FULL', 'nonrefundable': 0, 'cancellation_period': 0, 'cancellation_fee': 'NO', 'breakfast': 1, 'base_price': 8000, 'prices': [8000], 'price': 8000, 'old_price': 8000, 'currency': 'RUB', 'payment_amount': 8000, 'extras_variants': [], 'extras': [], 'rate_id': 50646, 'deals': [], 'cancellation_type': 'free', 'credit_card': 1, 'bonus': 400, 'miles': 480, 'min_stay': 1, 'platichastyami': 0, 'mircashback': 800}, {'id': 1135961, 'capacity': 2, 'prepayment': 'FULL', 'nonrefundable': 0, 'cancellation_period': 0, 'cancellation_fee': 'NO', 'breakfast': 1, 'base_price': 10000, 'prices': [10000], 'price': 10000, 'old_price': 10000, 'currency': 'RUB', 'payment_amount': 10000, 'extras_variants': [], 'extras': [], 'rate_id': 50646, 'deals': [], 'cancellation_type': 'free', 'credit_card': 1, 'bonus': 500, 'miles': 600, 'min_stay': 1, 'platichastyami': 0, 'mircashback': 1000}]",8000.0,480,15203_101hotels,2026-07-31
2301294,,Семейный благоустроенный номер,3,0,0,1,Трехместный,37,1,"[{'single': 1, 'double': 1}]",[],"[{'id': 1135958, 'capacity': 2, 'prepayment': 'FULL', 'nonrefundable': 0, 'cancellation_period': 0, 'cancellation_fee': 'NO', 'breakfast': 1, 'base_price': 10500, 'prices': [10500], 'price': 10500, 'old_price': 10500, 'currency': 'RUB', 'payment_amount': 10500, 'extras_variants': [], 'extras': [], 'rate_id': 57212, 'deals': [], 'cancellation_type': 'free', 'credit_card': 1, 'bonus': 525, 'miles': 630, 'min_stay': 1, 'platichastyami': 0, 'mircashback': 1050}, {'id': 1135959, 'capacity': 3, 'prepayment': 'FULL', 'nonrefundable': 0, 'cancellation_period': 0, 'cancellation_fee': 'NO', 'breakfast': 1, 'base_price': 15000, 'prices': [15000], 'price': 15000, 'old_price': 15000, 'currency': 'RUB', 'payment_amount': 15000, 'extras_variants': [], 'extras': [], 'rate_id': 57212, 'deals': [], 'cancellation_type': 'free', 'credit_card': 1, 'bonus': 750, 'miles': 900, 'min_stay': 1, 'platichastyami': 0, 'mircashback': 1500}]",10500.0,630,15203_101hotels,2026-07-31
2301298,,Двухместный благоустроенный с двухспальной кроватью,2,0,0,1,Двухместный,2,2,[{'double': 1}],[],"[{'id': 1048765, 'capacity': 1, 'prepayment': 'FULL', 'nonrefundable': 0, 'cancellation_period': 0, 'cancellation_fee': 'NO', 'breakfast': 1, 'base_price': 8000, 'prices': [8000], 'price': 8000, 'old_price': 8000, 'currency': 'RUB', 'payment_amount': 8000, 'extras_variants': [], 'extras': [], 'rate_id': 50646, 'deals': [], 'cancellation_type': 'free', 'credit_card': 1, 'bonus': 400, 'miles': 480, 'min_stay': 1, 'platichastyami': 0, 'mircashback': 800}, {'id': 1048766, 'capacity': 2, 'prepayment': 'FULL', 'nonrefundable': 0, 'cancellation_period': 0, 'cancellation_fee': 'NO', 'breakfast': 1, 'base_price': 10000, 'prices': [10000], 'price': 10000, 'old_price': 10000, 'currency': 'RUB', 'payment_amount': 10000, 'extras_variants': [], 'extras': [], 'rate_id': 50646, 'deals': [], 'cancellation_type': 'free', 'credit_card': 1, 'bonus': 500, 'miles': 600, 'min_stay': 1, 'platichastyami': 0, 'mircashback': 1000}]",8000.0,480,15203_101hotels,2026-07-31
2301299,,Двухместный благоустроенный домик,2,0,0,1,Двухместный,2,5,[{'single': 2}],[],"[{'id': 1222078, 'capacity': 1, 'prepayment': 'FULL', 'nonrefundable': 0, 'cancellation_period': 0, 'cancellation_fee': 'NO', 'breakfast': 1, 'base_price': 6000, 'prices': [6000], 'price': 6000, 'old_price': 6000, 'currency': 'RUB', 'payment_amount': 6000, 'extras_variants': [], 'extras': [], 'rate_id': 62790, 'deals': [], 'cancellation_type': 'free', 'credit_card': 1, 'bonus': 300, 'miles': 360, 'min_stay': 1, 'platichastyami': 0, 'mircashback': 600}, {'id': 1222079, 'capacity': 2, 'prepayment': 'FULL', 'nonrefundable': 0, 'cancellation_period': 0, 'cancellation_fee': 'NO', 'breakfast': 1, 'base_price': 8000, 'prices': [8000], 'price': 8000, 'old_price': 8000, 'currency': 'RUB', 'payment_amount': 8000, 'extras_variants': [], 'extras': [], 'rate_id': 62790, 'deals': [], 'cancellation_type': 'free', 'credit_card': 1, 'bonus': 400, 'miles': 480, 'min_stay': 1, 'platichastyami': 0, 'mircashback': 800}]",6000.0,360,15203_101hotels,2026-07-31
2301309,,Трехместный номер с 2-мя кроватями и диваном,3,0,0,1,Трёхместный и более,3,2,"[{'single': 1, 'sofa': 1}]",[],"[{'id': 1135956, 'capacity': 2, 'prepayment': 'FULL', 'nonrefundable': 0, 'cancellation_period': 0, 'cancellation_fee': 'NO', 'breakfast': 1, 'base_price': 10500, 'prices': [10500], 'price': 10500, 'old_price': 10500, 'currency': 'RUB', 'payment_amount': 10500, 'extras_variants': [], 'extras': [], 'rate_id': 57212, 'deals': [], 'cancellation_type': 'free', 'credit_card': 1, 'bonus': 525, 'miles': 630, 'min_stay': 1, 'platichastyami': 0, 'mircashback': 1050}, {'id': 1135963, 'capacity': 3, 'prepayment': 'FULL', 'nonrefundable': 0, 'cancellation_period': 0, 'cancellation_fee': 'NO', 'breakfast': 1, 'base_price': 15000, 'prices': [15000], 'price': 15000, 'old_price': 15000, 'currency': 'RUB', 'payment_amount': 15000, 'extras_variants': [], 'extras': [], 'rate_id': 57212, 'deals': [], 'cancellation_type': 'free', 'credit_card': 1, 'bonus': 750, 'miles': 900, 'min_stay': 1, 'platichastyami': 0, 'mircashback': 1500}]",10500.0,630,15203_101hotels,2026-07-31
1906259,,,2,0,0,1,Люкс,6,2,"[{'single': 2}, {'double': 1}]",[],"[{'id': 253920, 'capacity': 1, 'prepayment': 'FIRST', 'nonrefundable': 0, 'cancellation_period': 14, 'cancellation_fee': 'FIRST', 'breakfast': 1, 'base_price': 17825, 'prices': [17825], 'price': 16042.5, 'old_price': 17825, 'currency': 'RUB', 'payment_amount': 17825, 'extras_variants': [], 'extras': [], 'rate_id': 366, 'deals': ['LAST_MINUTE'], 'cancellation_type': 'special', 'credit_card': 1, 'bonus': 802, 'miles': 960, 'min_stay': 1, 'platichastyami': 0, 'mircashback': 1604}, {'id': 253921, 'capacity': 2, 'prepayment': 'FIRST', 'nonrefundable': 0, 'cancellation_period': 14, 'cancellation_fee': 'FIRST', 'breakfast': 1, 'base_price': 18400, 'prices': [18400], 'price': 16560, 'old_price': 18400, 'currency': 'RUB', 'payment_amount': 18400, 'extras_variants': [], 'extras': [], 'rate_id': 366, 'deals': ['LAST_MINUTE'], 'cancellation_type': 'special', 'credit_card': 1, 'bonus': 828, 'miles': 993, 'min_stay': 1, 'platichastyami': 0, 'mircashback': 1656}]",16042.5,960,227948_101hotels,2026-07-31
2271355,,Арт-номер,2,0,0,1,Двухместный,2,2,"[{'single': 2}, {'double': 1}]",[],"[{'id': 766415, 'capacity': 1, 'prepayment': 'FIRST', 'nonrefundable': 0, 'cancellation_period': 14, 'cancellation_fee': 'FIRST', 'breakfast': 1, 'base_price': 16675, 'prices': [16675], 'price': 15007.5, 'old_price': 16675, 'currency': 'RUB', 'payment_amount': 16675, 'extras_variants': [], 'extras': [], 'rate_id': 366, 'deals': ['LAST_MINUTE'], 'cancellation_type': 'special', 'credit_card': 1, 'bonus': 750, 'miles': 900, 'min_stay': 1, 'platichastyami': 0, 'mircashback': 1501}, {'id': 766416, 'capacity': 2, 'prepayment': 'FIRST', 'nonrefundable': 0, 'cancellation_period': 14, 'cancellation_fee': 'FIRST', 'breakfast': 1, 'base_price': 17250, 'prices': [17250], 'price': 15525, 'old_price': 17250, 'currency': 'RUB', 'payment_amount': 17250, 'extras_variants': [], 'extras': [], 'rate_id': 366, 'deals': ['LAST_MINUTE'], 'cancellation_type': 'special', 'credit_card': 1, 'bonus': 776, 'miles': 930, 'min_stay': 1, 'platichastyami': 0, 'mircashback': 1553}]",15007.5,900,227948_101hotels,2026-07-31
2280855,,Junior Suite,4,2,0,1,Полулюкс,4,9,"[{'single': 2, 'sofa': 1}]",[],"[{'id': 859682, 'capacity': 1, 'prepayment': 'FULL', 'nonrefundable': 0, 'cancellation_period': 14, 'cancellation_fee': 'FIRST', 'breakfast': 0, 'base_price': 7000, 'prices': [7000], 'price': 7000, 'old_price': 7000, 'currency': 'RUB', 'payment_amount': 7000, 'extras_variants': [], 'extras': [], 'rate_id': 39223, 'deals': [], 'cancellation_type': 'special', 'credit_card': 1, 'bonus': 350, 'miles': 420, 'min_stay': 1, 'platichastyami': 0, 'mircashback': 700}, {'id': 859683, 'capacity': 2, 'prepayment': 'FULL', 'nonrefundable': 0, 'cancellation_period': 14, 'cancellation_fee': 'FIRST', 'breakfast': 0, 'base_price': 7000, 'prices': [7000], 'price': 7000, 'old_price': 7000, 'currency': 'RUB', 'payment_amount': 7000, 'extras_variants': [], 'extras': [], 'rate_id': 39223, 'deals': [], 'cancellation_type': 'special', 'credit_card': 1, 'bonus': 350, 'miles': 420, 'min_stay': 1, 'platichastyami': 0, 'mircashback': 700}, {'id': 1191740, 'capacity': 3, 'prepayment': 'FULL', 'nonrefundable': 0, 'cancellation_period': 14, 'cancellation_fee': 'FIRST', 'breakfast': 0, 'base_price': 7500, 'prices': [7500], 'price': 7500, 'old_price': 7500, 'currency': 'RUB', 'payment_amount': 7500, 'extras_variants': [], 'extras': [], 'rate_id': 39223, 'deals': [], 'cancellation_type': 'special', 'credit_card': 1, 'bonus': 375, 'miles': 450, 'min_stay': 1, 'platichastyami': 0, 'mircashback': 750}, {'id': 1191741, 'capacity': 4, 'prepayment': 'FULL', 'nonrefundable': 0, 'cancellation_period': 14, 'cancellation_fee': 'FIRST', 'breakfast': 0, 'base_price': 8000, 'prices': [8000], 'price': 8000, 'old_price': 8000, 'currency': 'RUB', 'payment_amount': 8000, 'extras_variants': [], 'extras': [], 'rate_id': 39223, 'deals': [], 'cancellation_type': 'special', 'credit_card': 1, 'bonus': 400, 'miles': 480, 'min_stay': 1, 'platichastyami': 0, 'mircashback': 800}]",7000.0,420,668080_101hotels,2026-07-31
2280858,,,4,2,0,1,Люкс,6,1,"[{'double': 1, 'sofa': 1}]",[],"[{'id': 859795, 'capacity': 1, 'prepayment': 'FULL', 'nonrefundable': 0, 'cancellation_period': 14, 'cancellation_fee': 'FIRST', 'breakfast': 0, 'base_price': 12000, 'prices': [12000], 'price': 12000, 'old_price': 12000, 'currency': 'RUB', 'payment_amount': 12000, 'extras_variants': [], 'extras': [], 'rate_id': 39223, 'deals': [], 'cancellation_type': 'special', 'credit_card': 1, 'bonus': 600, 'miles': 720, 'min_stay': 1, 'platichastyami': 0, 'mircashback': 1200}, {'id': 859796, 'capacity': 2, 'prepayment': 'FULL', 'nonrefundable': 0, 'cancellation_period': 14, 'cancellation_fee': 'FIRST', 'breakfast': 0, 'base_price': 12000, 'prices': [12000], 'price': 12000, 'old_price': 12000, 'currency': 'RUB', 'payment_amount': 12000, 'extras_variants': [], 'extras': [], 'rate_id': 39223, 'deals': [], 'cancellation_type': 'special', 'credit_card': 1, 'bonus': 600, 'miles': 720, 'min_stay': 1, 'platichastyami': 0, 'mircashback': 1200}, {'id': 1191742, 'capacity': 3, 'prepayment': 'FULL', 'nonrefundable': 0, 'cancellation_period': 14, 'cancellation_fee': 'FIRST', 'breakfast': 0, 'base_price': 13000, 'prices': [13000], 'price': 13000, 'old_price': 13000, 'currency': 'RUB', 'payment_amount': 13000, 'extras_variants': [], 'extras': [], 'rate_id': 39223, 'deals': [], 'cancellation_type': 'special', 'credit_card': 1, 'bonus': 650, 'miles': 780, 'min_stay': 1, 'platichastyami': 0, 'mircashback': 1300}, {'id': 1191743, 'capacity': 4, 'prepayment': 'FULL', 'nonrefundable': 0, 'cancellation_period': 14, 'cancellation_fee': 'FIRST', 'breakfast': 0, 'base_price': 14000, 'prices': [14000], 'price': 14000, 'old_price': 14000, 'currency': 'RUB', 'payment_amount': 14000, 'extras_variants': [], 'extras': [], 'rate_id': 39223, 'deals': [], 'cancellation_type': 'special', 'credit_card': 1, 'bonus': 700, 'miles': 840, 'min_stay': 1, 'platichastyami': 0, 'mircashback': 1400}]",12000.0,720,668080_101hotels,2026-07-31
2299973,,Стандартный,2,1,0,1,Двухместный,2,4,"[{'single': 2, 'sofa': 1}, {'double': 1, 'sofa': 1}]",[],"[{'id': 1040937, 'capacity': 1, 'prepayment': 'FULL', 'nonrefundable': 0, 'cancellation_period': 0, 'cancellation_fee': 'NO', 'breakfast': 0, 'base_price': 10200, 'prices': [10200], 'price': 10200, 'old_price': 10200, 'currency': 'RUB', 'payment_amount': 10200, 'extras_variants': [], 'extras': [], 'rate_id': 50459, 'deals': [], 'cancellation_type': 'free', 'credit_card': 1, 'bonus': 510, 'miles': 612, 'min_stay': 1, 'platichastyami': 0, 'mircashback': 1020}, {'id': 1040938, 'capacity': 2, 'prepayment': 'FULL', 'nonrefundable': 0, 'cancellation_period': 0, 'cancellation_fee': 'NO', 'breakfast': 0, 'base_price': 10200, 'prices': [10200], 'price': 10200, 'old_price': 10200, 'currency': 'RUB', 'payment_amount': 10200, 'extras_variants': [], 'extras': [], 'rate_id': 50459, 'deals': [], 'cancellation_type': 'free', 'credit_card': 1, 'bonus': 510, 'miles': 612, 'min_stay': 1, 'platichastyami': 0, 'mircashback': 1020}]",10200.0,612,673191_101hotels,2026-07-31
2299974,,Стандартный улучшенный,2,0,0,1,Двухместный,2,1,"[{'single': 2}, {'double': 1}]",[],"[{'id': 1040939, 'capacity': 1, 'prepayment': 'FULL', 'nonrefundable': 0, 'cancellation_period': 0, 'cancellation_fee': 'NO', 'breakfast': 0, 'base_price': 11400, 'prices': [11400], 'price': 11400, 'old_price': 11400, 'currency': 'RUB', 'payment_amount': 11400, 'extras_variants': [], 'extras': [], 'rate_id': 50459, 'deals': [], 'cancellation_type': 'free', 'credit_card': 1, 'bonus': 570, 'miles': 684, 'min_stay': 1, 'platichastyami': 0, 'mircashback': 1140}, {'id': 1040940, 'capacity': 2, 'prepayment': 'FULL', 'nonrefundable': 0, 'cancellation_period': 0, 'cancellation_fee': 'NO', 'breakfast': 0, 'base_price': 11400, 'prices': [11400], 'price': 11400, 'old_price': 11400, 'currency': 'RUB', 'payment_amount': 11400, 'extras_variants': [], 'extras': [], 'rate_id': 50459, 'deals': [], 'cancellation_type': 'free', 'credit_card': 1, 'bonus': 570, 'miles': 684, 'min_stay': 1, 'platichastyami': 0, 'mircashback': 1140}]",11400.0,684,673191_101hotels,2026-07-31
2311821,,Полулюкс,2,1,0,1,Полулюкс,4,2,"[{'double': 1, 'sofa': 1}]","[{'id': '35737', 'number': '1', 'min_age': '0', 'max_age': '6', 'is_extra_bed': '0', 'extra_bed_type_id': '0'}]","[{'id': 1145848, 'capacity': 1, 'prepayment': 'FULL', 'nonrefundable': 0, 'cancellation_period': 0, 'cancellation_fee': 'NO', 'breakfast': 1, 'base_price': 12000, 'prices': [12000], 'price': 12000, 'old_price': 12000, 'currency': 'RUB', 'payment_amount': 12000, 'extras_variants': [], 'extras': {'35737': {'id': 35737, 'number': 1, 'extra_bed_type_id': 0, 'age': [0, 6], 'extra_bed': 0, 'free': 1}}, 'rate_id': 57795, 'deals': [], 'cancellation_type': 'free', 'credit_card': 1, 'bonus': 600, 'miles': 720, 'min_stay': 1, 'platichastyami': 0, 'mircashback': 1200}, {'id': 1145849, 'capacity': 2, 'prepayment': 'FULL', 'nonrefundable': 0, 'cancellation_period': 0, 'cancellation_fee': 'NO', 'breakfast': 1, 'base_price': 12000, 'prices': [12000], 'price': 12000, 'old_price': 12000, 'currency': 'RUB', 'payment_amount': 12000, 'extras_variants': [], 'extras': {'35737': {'id': 35737, 'number': 1, 'extra_bed_type_id': 0, 'age': [0, 6], 'extra_bed': 0, 'free': 1}}, 'rate_id': 57795, 'deals': [], 'cancellation_type': 'free', 'credit_card': 1, 'bonus': 600, 'miles': 720, 'min_stay': 1, 'platichastyami': 0, 'mircashback': 1200}]",12000.0,720,675975_101hotels,2026-07-31
2311822,,Стандарт двухместный,2,0,0,1,Двухместный,2,2,[{'single': 2}],"[{'id': '35738', 'number': '1', 'min_age': '0', 'max_age': '6', 'is_extra_bed': '0', 'extra_bed_type_id': '0'}]","[{'id': 1145844, 'capacity': 1, 'prepayment': 'FULL', 'nonrefundable': 0, 'cancellation_period': 0, 'cancellation_fee': 'NO', 'breakfast': 1, 'base_price': 12000, 'prices': [12000], 'price': 12000, 'old_price': 12000, 'currency': 'RUB', 'payment_amount': 12000, 'extras_variants': [], 'extras': {'35738': {'id': 35738, 'number': 1, 'extra_bed_type_id': 0, 'age': [0, 6], 'extra_bed': 0, 'free': 1}}, 'rate_id': 57795, 'deals': [], 'cancellation_type': 'free', 'credit_card': 1, 'bonus': 600, 'miles': 720, 'min_stay': 1, 'platichastyami': 0, 'mircashback': 1200}, {'id': 1145845, 'capacity': 2, 'prepayment': 'FULL', 'nonrefundable': 0, 'cancellation_period': 0, 'cancellation_fee': 'NO', 'breakfast': 1, 'base_price': 12000, 'prices': [12000], 'price': 12000, 'old_price': 12000, 'currency': 'RUB', 'payment_amount': 12000, 'extras_variants': [], 'extras': {'35738': {'id': 35738, 'number': 1, 'extra_bed_type_id': 0, 'age': [0, 6], 'extra_bed': 0, 'free': 1}}, 'rate_id': 57795, 'deals': [], 'cancellation_type': 'free', 'credit_card': 1, 'bonus': 600, 'miles': 720, 'min_stay': 1, 'platichastyami': 0, 'mircashback': 1200}]",12000.0,720,675975_101hotels,2026-07-31
2311823,,Двухместный,2,0,0,1,Двухместный,2,1,[{'double': 1}],[],"[{'id': 1145846, 'capacity': 1, 'prepayment': 'FULL', 'nonrefundable': 0, 'cancellation_period': 0, 'cancellation_fee': 'NO', 'breakfast': 1, 'base_price': 10000, 'prices': [10000], 'price': 10000, 'old_price': 10000, 'currency': 'RUB', 'payment_amount': 10000, 'extras_variants': [], 'extras': [], 'rate_id': 57795, 'deals': [], 'cancellation_type': 'free', 'credit_card': 1, 'bonus': 500, 'miles': 600, 'min_stay': 1, 'platichastyami': 0, 'mircashback': 1000}, {'id': 1145847, 'capacity': 2, 'prepayment': 'FULL', 'nonrefundable': 0, 'cancellation_period': 0, 'cancellation_fee': 'NO', 'breakfast': 1, 'base_price': 10000, 'prices': [10000], 'price': 10000, 'old_price': 10000, 'currency': 'RUB', 'payment_amount': 10000, 'extras_variants': [], 'extras': [], 'rate_id': 57795, 'deals': [], 'cancellation_type': 'free', 'credit_card': 1, 'bonus': 500, 'miles': 600, 'min_stay': 1, 'platichastyami': 0, 'mircashback': 1000}]",10000.0,600,675975_101hotels,2026-07-31
2298379,,"Улучшенный семейный с террасой, 1 этаж",5,0,0,1,Пятиместный,35,1,"[{'single': 3, 'sofa': 1}, {'single': 1, 'double': 1, 'sofa': 1}]","[{'id': '42845', 'number': '1', 'min_age': '1', 'max_age': '16', 'is_extra_bed': '0', 'extra_bed_type_id': '0'}]","[{'id': 1026114, 'capacity': 1, 'prepayment': 'FULL', 'nonrefundable': 0, 'cancellation_period': 14, 'cancellation_fee': 'FIRST', 'breakfast': 0, 'base_price': 6000, 'prices': [6000], 'price': 6000, 'old_price': 6000, 'currency': 'RUB', 'payment_amount': 6000, 'extras_variants': [], 'extras': {'42845': {'id': 42845, 'number': 1, 'extra_bed_type_id': 0, 'age': [1, 16], 'extra_bed': 0, 'free': 1}}, 'rate_id': 11859, 'deals': [], 'cancellation_type': 'special', 'credit_card': 1, 'bonus': 300, 'miles': 360, 'min_stay': 1, 'platichastyami': 0, 'mircashback': 600}, {'id': 1026115, 'capacity': 2, 'prepayment': 'FULL', 'nonrefundable': 0, 'cancellation_period': 14, 'cancellation_fee': 'FIRST', 'breakfast': 0, 'base_price': 6000, 'prices': [6000], 'price': 6000, 'old_price': 6000, 'currency': 'RUB', 'payment_amount': 6000, 'extras_variants': [], 'extras': {'42845': {'id': 42845, 'number': 1, 'extra_bed_type_id': 0, 'age': [1, 16], 'extra_bed': 0, 'free': 1}}, 'rate_id': 11859, 'deals': [], 'cancellation_type': 'special', 'credit_card': 1, 'bonus': 300, 'miles': 360, 'min_stay': 1, 'platichastyami': 0, 'mircashback': 600}, {'id': 1026116, 'capacity': 3, 'prepayment': 'FULL', 'nonrefundable': 0, 'cancellation_period': 14, 'cancellation_fee': 'FIRST', 'breakfast': 0, 'base_price': 6500, 'prices': [6500], 'price': 6500, 'old_price': 6500, 'currency': 'RUB', 'payment_amount': 6500, 'extras_variants': [], 'extras': {'42845': {'id': 42845, 'number': 1, 'extra_bed_type_id': 0, 'age': [1, 16], 'extra_bed': 0, 'free': 1}}, 'rate_id': 11859, 'deals': [], 'cancellation_type': 'special', 'credit_card': 1, 'bonus': 325, 'miles': 390, 'min_stay': 1, 'platichastyami': 0, 'mircashback': 650}, {'id': 1026152, 'capacity': 4, 'prepayment': 'FULL', 'nonrefundable': 0, 'cancellation_period': 14, 'cancellation_fee': 'FIRST', 'breakfast': 0, 'base_price': 7000, 'prices': [7000], 'price': 7000, 'old_price': 7000, 'currency': 'RUB', 'payment_amount': 7000, 'extras_variants': [], 'extras': {'42845': {'id': 42845, 'number': 1, 'extra_bed_type_id': 0, 'age': [1, 16], 'extra_bed': 0, 'free': 1}}, 'rate_id': 11859, 'deals': [], 'cancellation_type': 'special', 'credit_card': 1, 'bonus': 350, 'miles': 420, 'min_stay': 1, 'platichastyami': 0, 'mircashback': 700}, {'id': 1026153, 'capacity': 5, 'prepayment': 'FULL', 'nonrefundable': 0, 'cancellation_period': 14, 'cancellation_fee': 'FIRST', 'breakfast': 0, 'base_price': 7500, 'prices': [7500], 'price': 7500, 'old_price': 7500, 'currency': 'RUB', 'payment_amount': 7500, 'extras_variants': [], 'extras': {'42845': {'id': 42845, 'number': 1, 'extra_bed_type_id': 0, 'age': [1, 16], 'extra_bed': 0, 'free': 1}}, 'rate_id': 11859, 'deals': [], 'cancellation_type': 'special', 'credit_card': 1, 'bonus': 375, 'miles': 450, 'min_stay': 1, 'platichastyami': 0, 'mircashback': 750}]",6000.0,360,249578_101hotels,2026-07-31
2298385,,"Улучшенный семейный с террасой, 2 этаж",4,0,0,1,Четырехместный,34,1,"[{'single': 2, 'sofa': 1}, {'double': 1, 'sofa': 1}]","[{'id': '42848', 'number': '1', 'min_age': '1', 'max_age': '16', 'is_extra_bed': '0', 'extra_bed_type_id': '0'}]","[{'id': 1026147, 'capacity': 1, 'prepayment': 'FULL', 'nonrefundable': 0, 'cancellation_period': 14, 'cancellation_fee': 'FIRST', 'breakfast': 0, 'base_price': 6000, 'prices': [6000], 'price': 6000, 'old_price': 6000, 'currency': 'RUB', 'payment_amount': 6000, 'extras_variants': [], 'extras': {'42848': {'id': 42848, 'number': 1, 'extra_bed_type_id': 0, 'age': [1, 16], 'extra_bed': 0, 'free': 1}}, 'rate_id': 11859, 'deals': [], 'cancellation_type': 'special', 'credit_card': 1, 'bonus': 300, 'miles': 360, 'min_stay': 1, 'platichastyami': 0, 'mircashback': 600}, {'id': 1026148, 'capacity': 2, 'prepayment': 'FULL', 'nonrefundable': 0, 'cancellation_period': 14, 'cancellation_fee': 'FIRST', 'breakfast': 0, 'base_price': 6000, 'prices': [6000], 'price': 6000, 'old_price': 6000, 'currency': 'RUB', 'payment_amount': 6000, 'extras_variants': [], 'extras': {'42848': {'id': 42848, 'number': 1, 'extra_bed_type_id': 0, 'age': [1, 16], 'extra_bed': 0, 'free': 1}}, 'rate_id': 11859, 'deals': [], 'cancellation_type': 'special', 'credit_card': 1, 'bonus': 300, 'miles': 360, 'min_stay': 1, 'platichastyami': 0, 'mircashback': 600}, {'id': 1026156, 'capacity': 3, 'prepayment': 'FULL', 'nonrefundable': 0, 'cancellation_period': 14, 'cancellation_fee': 'FIRST', 'breakfast': 0, 'base_price': 6500, 'prices': [6500], 'price': 6500, 'old_price': 6500, 'currency': 'RUB', 'payment_amount': 6500, 'extras_variants': [], 'extras': {'42848': {'id': 42848, 'number': 1, 'extra_bed_type_id': 0, 'age': [1, 16], 'extra_bed': 0, 'free': 1}}, 'rate_id': 11859, 'deals': [], 'cancellation_type': 'special', 'credit_card': 1, 'bonus': 325, 'miles': 390, 'min_stay': 1, 'platichastyami': 0, 'mircashback': 650}, {'id': 1026157, 'capacity': 4, 'prepayment': 'FULL', 'nonrefundable': 0, 'cancellation_period': 14, 'cancellation_fee': 'FIRST', 'breakfast': 0, 'base_price': 7000, 'prices': [7000], 'price': 7000, 'old_price': 7000, 'currency': 'RUB', 'payment_amount': 7000, 'extras_variants': [], 'extras': {'42848': {'id': 42848, 'number': 1, 'extra_bed_type_id': 0, 'age': [1, 16], 'extra_bed': 0, 'free': 1}}, 'rate_id': 11859, 'deals': [], 'cancellation_type': 'special', 'credit_card': 1, 'bonus': 350, 'miles': 420, 'min_stay': 1, 'platichastyami': 0, 'mircashback': 700}]",6000.0,360,249578_101hotels,2026-07-31
1620071,,С 1 кроватью или 2 отдельными кроватями,2,1,0,1,Двухместный,2,1,"[{'single': 2}, {'single': 2, 'sofa': 1}, {'double': 1}, {'double': 1, 'sofa': 1}]","[{'id': '5236', 'number': '1', 'min_age': '0', 'max_age': '3', 'is_extra_bed': '1', 'extra_bed_type_id': '4'}]","[{'id': 569265, 'capacity': 1, 'prepayment': 'FIRST', 'nonrefundable': 0, 'cancellation_period': 3, 'cancellation_fee': 'FIRST', 'breakfast': 1, 'base_price': 7200, 'prices': [7200], 'price': 7200, 'old_price': 7200, 'currency': 'RUB', 'payment_amount': 7200, 'extras_variants': [], 'extras': {'5236': {'id': 5236, 'number': 1, 'extra_bed_type_id': 4, 'age': [0, 3], 'extra_bed': 1, 'free': 1}}, 'rate_id': 11332, 'deals': [], 'cancellation_type': 'special', 'credit_card': 1, 'bonus': 360, 'miles': 432, 'min_stay': 1, 'platichastyami': 0, 'mircashback': 720}, {'id': 569266, 'capacity': 2, 'prepayment': 'FIRST', 'nonrefundable': 0, 'cancellation_period': 3, 'cancellation_fee': 'FIRST', 'breakfast': 1, 'base_price': 8000, 'prices': [8000], 'price': 8000, 'old_price': 8000, 'currency': 'RUB', 'payment_amount': 8000, 'extras_variants': [], 'extras': {'5236': {'id': 5236, 'number': 1, 'extra_bed_type_id': 4, 'age': [0, 3], 'extra_bed': 1, 'free': 1}}, 'rate_id': 11332, 'deals': [], 'cancellation_type': 'special', 'credit_card': 1, 'bonus': 400, 'miles': 480, 'min_stay': 1, 'platichastyami': 0, 'mircashback': 800}]",7200.0,432,496517_101hotels,2026-07-31
1620072,,Улучшенный с видом на море,3,1,0,1,Трехместный,37,2,"[{'single': 1, 'double': 1, 'sofa': 1}]","[{'id': '2334', 'number': '1', 'min_age': '0', 'max_age': '3', 'is_extra_bed': '1', 'extra_bed_type_id': '4'}]","[{'id': 569271, 'capacity': 1, 'prepayment': 'FIRST', 'nonrefundable': 0, 'cancellation_period': 3, 'cancellation_fee': 'FIRST', 'breakfast': 1, 'base_price': 13200, 'prices': [13200], 'price': 13200, 'old_price': 13200, 'currency': 'RUB', 'payment_amount': 13200, 'extras_variants': [], 'extras': {'2334': {'id': 2334, 'number': 1, 'extra_bed_type_id': 4, 'age': [0, 3], 'extra_bed': 1, 'free': 1}}, 'rate_id': 11332, 'deals': [], 'cancellation_type': 'special', 'credit_card': 1, 'bonus': 660, 'miles': 792, 'min_stay': 1, 'platichastyami': 0, 'mircashback': 1320}, {'id': 569272, 'capacity': 2, 'prepayment': 'FIRST', 'nonrefundable': 0, 'cancellation_period': 3, 'cancellation_fee': 'FIRST', 'breakfast': 1, 'base_price': 14000, 'prices': [14000], 'price': 14000, 'old_price': 14000, 'currency': 'RUB', 'payment_amount': 14000, 'extras_variants': [], 'extras': {'2334': {'id': 2334, 'number': 1, 'extra_bed_type_id': 4, 'age': [0, 3], 'extra_bed': 1, 'free': 1}}, 'rate_id': 11332, 'deals': [], 'cancellation_type': 'special', 'credit_card': 1, 'bonus': 700, 'miles': 840, 'min_stay': 1, 'platichastyami': 0, 'mircashback': 1400}, {'id': 569273, 'capacity': 3, 'prepayment': 'FIRST', 'nonrefundable': 0, 'cancellation_period': 3, 'cancellation_fee': 'FIRST', 'breakfast': 1, 'base_price': 20000, 'prices': [20000], 'price': 20000, 'old_price': 20000, 'currency': 'RUB', 'payment_amount': 20000, 'extras_variants': [], 'extras': {'2334': {'id': 2334, 'number': 1, 'extra_bed_type_id': 4, 'age': [0, 3], 'extra_bed': 1, 'free': 1}}, 'rate_id': 11332, 'deals': [], 'cancellation_type': 'special', 'credit_card': 1, 'bonus': 1000, 'miles': 1200, 'min_stay': 1, 'platichastyami': 0, 'mircashback': 2000}]",13200.0,792,496517_101hotels,2026-07-31
2214297,,С 1 кроватью или 2 отдельными кроватями и боковым видом на море,2,1,0,1,Двухместный,2,6,"[{'single': 2}, {'double': 1}]","[{'id': '2333', 'number': '1', 'min_age': '0', 'max_age': '3', 'is_extra_bed': '1', 'extra_bed_type_id': '4'}]","[{'id': 569268, 'capacity': 1, 'prepayment': 'FIRST', 'nonrefundable': 0, 'cancellation_period': 3, 'cancellation_fee': 'FIRST', 'breakfast': 1, 'base_price': 8200, 'prices': [8200], 'price': 8200, 'old_price': 8200, 'currency': 'RUB', 'payment_amount': 8200, 'extras_variants': [], 'extras': {'2333': {'id': 2333, 'number': 1, 'extra_bed_type_id': 4, 'age': [0, 3], 'extra_bed': 1, 'free': 1}}, 'rate_id': 11332, 'deals': [], 'cancellation_type': 'special', 'credit_card': 1, 'bonus': 410, 'miles': 492, 'min_stay': 1, 'platichastyami': 0, 'mircashback': 820}, {'id': 569269, 'capacity': 2, 'prepayment': 'FIRST', 'nonrefundable': 0, 'cancellation_period': 3, 'cancellation_fee': 'FIRST', 'breakfast': 1, 'base_price': 9000, 'prices': [9000], 'price': 9000, 'old_price': 9000, 'currency': 'RUB', 'payment_amount': 9000, 'extras_variants': [], 'extras': {'2333': {'id': 2333, 'number': 1, 'extra_bed_type_id': 4, 'age': [0, 3], 'extra_bed': 1, 'free': 1}}, 'rate_id': 11332, 'deals': [], 'cancellation_type': 'special', 'credit_card': 1, 'bonus': 450, 'miles': 540, 'min_stay': 1, 'platichastyami': 0, 'mircashback': 900}]",8200.0,492,496517_101hotels,2026-07-31
84013,,Отдельный домик,2,1,0,1,Двухместный,2,1,[{'double': 2}],[],"[{'id': 1198939, 'capacity': 1, 'prepayment': 'FULL', 'nonrefundable': 0, 'cancellation_period': 0, 'cancellation_fee': 'NO', 'breakfast': 1, 'base_price': 6500, 'prices': [6500], 'price': 6500, 'old_price': 6500, 'currency': 'RUB', 'payment_amount': 6500, 'extras_variants': [], 'extras': [], 'rate_id': 61323, 'deals': [], 'cancellation_type': 'free', 'credit_card': 1, 'bonus': 325, 'miles': 390, 'min_stay': 1, 'platichastyami': 0, 'mircashback': 650}, {'id': 1198940, 'capacity': 2, 'prepayment': 'FULL', 'nonrefundable': 0, 'cancellation_period': 0, 'cancellation_fee': 'NO', 'breakfast': 1, 'base_price': 7500, 'prices': [7500], 'price': 7500, 'old_price': 7500, 'currency': 'RUB', 'payment_amount': 7500, 'extras_variants': [], 'extras': [], 'rate_id': 61323, 'deals': [], 'cancellation_type': 'free', 'credit_card': 1, 'bonus': 375, 'miles': 450, 'min_stay': 1, 'platichastyami': 0, 'mircashback': 750}]",6500.0,390,17117_101hotels,2026-07-31
78394,,"Номер ""Премиум"" с 2 спальнями",4,0,0,1,Сюит,27,1,"[{'double': 1}, {'double': 1}]",[],"[{'id': 316492, 'capacity': 1, 'prepayment': 'FIRST', 'nonrefundable': 0, 'cancellation_period': 1, 'cancellation_fee': 'FIRST', 'breakfast': 6, 'base_price': 30093, 'prices': [30093], 'price': 30093, 'old_price': 30093, 'currency': 'RUB', 'payment_amount': 30093, 'extras_variants': [], 'extras': [], 'rate_id': 3119, 'deals': [], 'cancellation_type': 'special', 'credit_card': 1, 'bonus': 1505, 'miles': 1803, 'min_stay': 1, 'platichastyami': 0, 'mircashback': 3009}, {'id': 525774, 'capacity': 1, 'prepayment': 'FIRST', 'nonrefundable': 0, 'cancellation_period': 1, 'cancellation_fee': 'FIRST', 'breakfast': 1, 'base_price': 30093, 'prices': [30093], 'price': 30093, 'old_price': 30093, 'currency': 'RUB', 'payment_amount': 30093, 'extras_variants': [], 'extras': [], 'rate_id': 16033, 'deals': [], 'cancellation_type': 'special', 'credit_card': 1, 'bonus': 1505, 'miles': 1803, 'min_stay': 1, 'platichastyami': 0, 'mircashback': 3009}, {'id': 316493, 'capacity': 2, 'prepayment': 'FIRST', 'nonrefundable': 0, 'cancellation_period': 1, 'cancellation_fee': 'FIRST', 'breakfast': 6, 'base_price': 30093, 'prices': [30093], 'price': 30093, 'old_price': 30093, 'currency': 'RUB', 'payment_amount': 30093, 'extras_variants': [], 'extras': [], 'rate_id': 3119, 'deals': [], 'cancellation_type': 'special', 'credit_card': 1, 'bonus': 1505, 'miles': 1803, 'min_stay': 1, 'platichastyami': 0, 'mircashback': 3009}, {'id': 525775, 'capacity': 2, 'prepayment': 'FIRST', 'nonrefundable': 0, 'cancellation_period': 1, 'cancellation_fee': 'FIRST', 'breakfast': 1, 'base_price': 30093, 'prices': [30093], 'price': 30093, 'old_price': 30093, 'currency': 'RUB', 'payment_amount': 30093, 'extras_variants': [], 'extras': [], 'rate_id': 16033, 'deals': [], 'cancellation_type': 'special', 'credit_card': 1, 'bonus': 1505, 'miles': 1803, 'min_stay': 1, 'platichastyami': 0, 'mircashback': 3009}, {'id': 316494, 'capacity': 3, 'prepayment': 'FIRST', 'nonrefundable': 0, 'cancellation_period': 1, 'cancellation_fee': 'FIRST', 'breakfast': 6, 'base_price': 30093, 'prices': [30093], 'price': 30093, 'old_price': 30093, 'currency': 'RUB', 'payment_amount': 30093, 'extras_variants': [], 'extras': [], 'rate_id': 3119, 'deals': [], 'cancellation_type': 'special', 'credit_card': 1, 'bonus': 1505, 'miles': 1803, 'min_stay': 1, 'platichastyami': 0, 'mircashback': 3009}, {'id': 525776, 'capacity': 3, 'prepayment': 'FIRST', 'nonrefundable': 0, 'cancellation_period': 1, 'cancellation_fee': 'FIRST', 'breakfast': 1, 'base_price': 30093, 'prices': [30093], 'price': 30093, 'old_price': 30093, 'currency': 'RUB', 'payment_amount': 30093, 'extras_variants': [], 'extras': [], 'rate_id': 16033, 'deals': [], 'cancellation_type': 'special', 'credit_card': 1, 'bonus': 1505, 'miles': 1803, 'min_stay': 1, 'platichastyami': 0, 'mircashback': 3009}, {'id': 316495, 'capacity': 4, 'prepayment': 'FIRST', 'nonrefundable': 0, 'cancellation_period': 1, 'cancellation_fee': 'FIRST', 'breakfast': 6, 'base_price': 30093, 'prices': [30093], 'price': 30093, 'old_price': 30093, 'currency': 'RUB', 'payment_amount': 30093, 'extras_variants': [], 'extras': [], 'rate_id': 3119, 'deals': [], 'cancellation_type': 'special', 'credit_card': 1, 'bonus': 1505, 'miles': 1803, 'min_stay': 1, 'platichastyami': 0, 'mircashback': 3009}, {'id': 525777, 'capacity': 4, 'prepayment': 'FIRST', 'nonrefundable': 0, 'cancellation_period': 1, 'cancellation_fee': 'FIRST', 'breakfast': 1, 'base_price': 30093, 'prices': [30093], 'price': 30093, 'old_price': 30093, 'currency': 'RUB', 'payment_amount': 30093, 'extras_variants': [], 'extras': [], 'rate_id': 16033, 'deals': [], 'cancellation_type': 'special', 'credit_card': 1, 'bonus': 1505, 'miles': 1803, 'min_stay': 1, 'platichastyami': 0, 'mircashback': 3009}]",30093.0,1803,15192_101hotels,2026-07-31
78395,,Комфорт с 1 кроватью или 2 отдельными кроватями,2,0,0,1,Двухместный,2,12,"[{'single': 2}, {'double': 1}]",[],"[{'id': 316488, 'capacity': 1, 'prepayment': 'FIRST', 'nonrefundable': 0, 'cancellation_period': 1, 'cancellation_fee': 'FIRST', 'breakfast': 6, 'base_price': 14122, 'prices': [14122], 'price': 14122, 'old_price': 14122, 'currency': 'RUB', 'payment_amount': 14122, 'extras_variants': [], 'extras': [], 'rate_id': 3119, 'deals': [], 'cancellation_type': 'special', 'credit_card': 1, 'bonus': 706, 'miles': 846, 'min_stay': 1, 'platichastyami': 0, 'mircashback': 1412}, {'id': 525768, 'capacity': 1, 'prepayment': 'FIRST', 'nonrefundable': 0, 'cancellation_period': 1, 'cancellation_fee': 'FIRST', 'breakfast': 1, 'base_price': 14122, 'prices': [14122], 'price': 14122, 'old_price': 14122, 'currency': 'RUB', 'payment_amount': 14122, 'extras_variants': [], 'extras': [], 'rate_id': 16033, 'deals': [], 'cancellation_type': 'special', 'credit_card': 1, 'bonus': 706, 'miles': 846, 'min_stay': 1, 'platichastyami': 0, 'mircashback': 1412}, {'id': 316489, 'capacity': 2, 'prepayment': 'FIRST', 'nonrefundable': 0, 'cancellation_period': 1, 'cancellation_fee': 'FIRST', 'breakfast': 6, 'base_price': 15526, 'prices': [15526], 'price': 15526, 'old_price': 15526, 'currency': 'RUB', 'payment_amount': 15526, 'extras_variants': [], 'extras': [], 'rate_id': 3119, 'deals': [], 'cancellation_type': 'special', 'credit_card': 1, 'bonus': 776, 'miles': 930, 'min_stay': 1, 'platichastyami': 0, 'mircashback': 1553}, {'id': 525769, 'capacity': 2, 'prepayment': 'FIRST', 'nonrefundable': 0, 'cancellation_period': 1, 'cancellation_fee': 'FIRST', 'breakfast': 1, 'base_price': 15526, 'prices': [15526], 'price': 15526, 'old_price': 15526, 'currency': 'RUB', 'payment_amount': 15526, 'extras_variants': [], 'extras': [], 'rate_id': 16033, 'deals': [], 'cancellation_type': 'special', 'credit_card': 1, 'bonus': 776, 'miles': 930, 'min_stay': 1, 'platichastyami': 0, 'mircashback': 1553}]",14122.0,846,15192_101hotels,2026-07-31
2214121,,Улучшенный номер с 1 кроватью или 2 отдельными кроватями,2,0,0,1,Двухместный,2,6,"[{'single': 2}, {'double': 1}]",[],"[{'id': 316490, 'capacity': 1, 'prepayment': 'FIRST', 'nonrefundable': 0, 'cancellation_period': 1, 'cancellation_fee': 'FIRST', 'breakfast': 6, 'base_price': 12601, 'prices': [12601], 'price': 12601, 'old_price': 12601, 'currency': 'RUB', 'payment_amount': 12601, 'extras_variants': [], 'extras': [], 'rate_id': 3119, 'deals': [], 'cancellation_type': 'special', 'credit_card': 1, 'bonus': 630, 'miles': 756, 'min_stay': 1, 'platichastyami': 0, 'mircashback': 1260}, {'id': 525770, 'capacity': 1, 'prepayment': 'FIRST', 'nonrefundable': 0, 'cancellation_period': 1, 'cancellation_fee': 'FIRST', 'breakfast': 1, 'base_price': 12601, 'prices': [12601], 'price': 12601, 'old_price': 12601, 'currency': 'RUB', 'payment_amount': 12601, 'extras_variants': [], 'extras': [], 'rate_id': 16033, 'deals': [], 'cancellation_type': 'special', 'credit_card': 1, 'bonus': 630, 'miles': 756, 'min_stay': 1, 'platichastyami': 0, 'mircashback': 1260}, {'id': 316491, 'capacity': 2, 'prepayment': 'FIRST', 'nonrefundable': 0, 'cancellation_period': 1, 'cancellation_fee': 'FIRST', 'breakfast': 6, 'base_price': 14005, 'prices': [14005], 'price': 14005, 'old_price': 14005, 'currency': 'RUB', 'payment_amount': 14005, 'extras_variants': [], 'extras': [], 'rate_id': 3119, 'deals': [], 'cancellation_type': 'special', 'credit_card': 1, 'bonus': 700, 'miles': 840, 'min_stay': 1, 'platichastyami': 0, 'mircashback': 1401}, {'id': 525771, 'capacity': 2, 'prepayment': 'FIRST', 'nonrefundable': 0, 'cancellation_period': 1, 'cancellation_fee': 'FIRST', 'breakfast': 1, 'base_price': 14005, 'prices': [14005], 'price': 14005, 'old_price': 14005, 'currency': 'RUB', 'payment_amount': 14005, 'extras_variants': [], 'extras': [], 'rate_id': 16033, 'deals': [], 'cancellation_type': 'special', 'credit_card': 1, 'bonus': 700, 'miles': 840, 'min_stay': 1, 'platichastyami': 0, 'mircashback': 1401}]",12601.0,756,15192_101hotels,2026-07-31
2216716,,Стандарт с одной или двумя кроватями,2,0,0,1,Двухместный,2,26,"[{'single': 2}, {'double': 1}]",[],"[{'id': 428479, 'capacity': 1, 'prepayment': 'FIRST', 'nonrefundable': 0, 'cancellation_period': 1, 'cancellation_fee': 'FIRST', 'breakfast': 6, 'base_price': 11373, 'prices': [11373], 'price': 11373, 'old_price': 11373, 'currency': 'RUB', 'payment_amount': 11373, 'extras_variants': [], 'extras': [], 'rate_id': 3119, 'deals': [], 'cancellation_type': 'special', 'credit_card': 1, 'bonus': 569, 'miles': 681, 'min_stay': 1, 'platichastyami': 0, 'mircashback': 1137}, {'id': 525772, 'capacity': 1, 'prepayment': 'FIRST', 'nonrefundable': 0, 'cancellation_period': 1, 'cancellation_fee': 'FIRST', 'breakfast': 1, 'base_price': 11373, 'prices': [11373], 'price': 11373, 'old_price': 11373, 'currency': 'RUB', 'payment_amount': 11373, 'extras_variants': [], 'extras': [], 'rate_id': 16033, 'deals': [], 'cancellation_type': 'special', 'credit_card': 1, 'bonus': 569, 'miles': 681, 'min_stay': 1, 'platichastyami': 0, 'mircashback': 1137}, {'id': 428480, 'capacity': 2, 'prepayment': 'FIRST', 'nonrefundable': 0, 'cancellation_period': 1, 'cancellation_fee': 'FIRST', 'breakfast': 6, 'base_price': 12777, 'prices': [12777], 'price': 12777, 'old_price': 12777, 'currency': 'RUB', 'payment_amount': 12777, 'extras_variants': [], 'extras': [], 'rate_id': 3119, 'deals': [], 'cancellation_type': 'special', 'credit_card': 1, 'bonus': 639, 'miles': 765, 'min_stay': 1, 'platichastyami': 0, 'mircashback': 1278}, {'id': 525773, 'capacity': 2, 'prepayment': 'FIRST', 'nonrefundable': 0, 'cancellation_period': 1, 'cancellation_fee': 'FIRST', 'breakfast': 1, 'base_price': 12777, 'prices': [12777], 'price': 12777, 'old_price': 12777, 'currency': 'RUB', 'payment_amount': 12777, 'extras_variants': [], 'extras': [], 'rate_id': 16033, 'deals': [], 'cancellation_type': 'special', 'credit_card': 1, 'bonus': 639, 'miles': 765, 'min_stay': 1, 'platichastyami': 0, 'mircashback': 1278}]",11373.0,681,15192_101hotels,2026-07-31
2233490,,Двухкомнатный,4,1,0,1,Семейный,44,1,"[{'single': 1, 'double': 1}]",[],"[{'id': 522560, 'capacity': 1, 'prepayment': 'FIRST', 'nonrefundable': 1, 'cancellation_period': 0, 'cancellation_fee': 'FIRST', 'breakfast': 1, 'base_price': 17400, 'prices': [17400], 'price': 17400, 'old_price': 17400, 'currency': 'RUB', 'payment_amount': 17400, 'extras_variants': [], 'extras': [], 'rate_id': 15854, 'deals': [], 'cancellation_type': 'nonrefundable', 'credit_card': 1, 'bonus': 870, 'miles': 1044, 'min_stay': 1, 'platichastyami': 0, 'mircashback': 1740}, {'id': 522561, 'capacity': 2, 'prepayment': 'FIRST', 'nonrefundable': 1, 'cancellation_period': 0, 'cancellation_fee': 'FIRST', 'breakfast': 1, 'base_price': 17400, 'prices': [17400], 'price': 17400, 'old_price': 17400, 'currency': 'RUB', 'payment_amount': 17400, 'extras_variants': [], 'extras': [], 'rate_id': 15854, 'deals': [], 'cancellation_type': 'nonrefundable', 'credit_card': 1, 'bonus': 870, 'miles': 1044, 'min_stay': 1, 'platichastyami': 0, 'mircashback': 1740}, {'id': 522562, 'capacity': 3, 'prepayment': 'FIRST', 'nonrefundable': 1, 'cancellation_period': 0, 'cancellation_fee': 'FIRST', 'breakfast': 1, 'base_price': 17400, 'prices': [17400], 'price': 17400, 'old_price': 17400, 'currency': 'RUB', 'payment_amount': 17400, 'extras_variants': [], 'extras': [], 'rate_id': 15854, 'deals': [], 'cancellation_type': 'nonrefundable', 'credit_card': 1, 'bonus': 870, 'miles': 1044, 'min_stay': 1, 'platichastyami': 0, 'mircashback': 1740}, {'id': 522563, 'capacity': 4, 'prepayment': 'FIRST', 'nonrefundable': 1, 'cancellation_period': 0, 'cancellation_fee': 'FIRST', 'breakfast': 1, 'base_price': 17400, 'prices': [17400], 'price': 17400, 'old_price': 17400, 'currency': 'RUB', 'payment_amount': 17400, 'extras_variants': [], 'extras': [], 'rate_id': 15854, 'deals': [], 'cancellation_type': 'nonrefundable', 'credit_card': 1, 'bonus': 870, 'miles': 1044, 'min_stay': 1, 'platichastyami': 0, 'mircashback': 1740}]",17400.0,1044,15206_101hotels,2026-07-31
2274284,,Номер повышенной категории с двуспальной кроватью,2,1,0,1,Двухместный,2,1,[{'double': 1}],[],"[{'id': 805359, 'capacity': 1, 'prepayment': 'FIRST', 'nonrefundable': 1, 'cancellation_period': 0, 'cancellation_fee': 'FIRST', 'breakfast': 1, 'base_price': 17400, 'prices': [17400], 'price': 17400, 'old_price': 17400, 'currency': 'RUB', 'payment_amount': 17400, 'extras_variants': [], 'extras': [], 'rate_id': 15854, 'deals': [], 'cancellation_type': 'nonrefundable', 'credit_card': 1, 'bonus': 870, 'miles': 1044, 'min_stay': 1, 'platichastyami': 0, 'mircashback': 1740}, {'id': 805360, 'capacity': 2, 'prepayment': 'FIRST', 'nonrefundable': 1, 'cancellation_period': 0, 'cancellation_fee': 'FIRST', 'breakfast': 1, 'base_price': 17400, 'prices': [17400], 'price': 17400, 'old_price': 17400, 'currency': 'RUB', 'payment_amount': 17400, 'extras_variants': [], 'extras': [], 'rate_id': 15854, 'deals': [], 'cancellation_type': 'nonrefundable', 'credit_card': 1, 'bonus': 870, 'miles': 1044, 'min_stay': 1, 'platichastyami': 0, 'mircashback': 1740}]",17400.0,1044,15206_101hotels,2026-07-31
1465386,,Стандарт+,2,1,0,1,Двухместный,2,3,[{'double': 1}],[],"[{'id': 330372, 'capacity': 1, 'prepayment': 'FIRST', 'nonrefundable': 1, 'cancellation_period': 0, 'cancellation_fee': 'FIRST', 'breakfast': 1, 'base_price': 16500, 'prices': [16500], 'price': 16500, 'old_price': 16500, 'currency': 'RUB', 'payment_amount': 16500, 'extras_variants': [], 'extras': [], 'rate_id': 3781, 'deals': [], 'cancellation_type': 'nonrefundable', 'credit_card': 1, 'bonus': 825, 'miles': 990, 'min_stay': 1, 'platichastyami': 0, 'mircashback': 1650}, {'id': 330373, 'capacity': 2, 'prepayment': 'FIRST', 'nonrefundable': 1, 'cancellation_period': 0, 'cancellation_fee': 'FIRST', 'breakfast': 1, 'base_price': 16500, 'prices': [16500], 'price': 16500, 'old_price': 16500, 'currency': 'RUB', 'payment_amount': 16500, 'extras_variants': [], 'extras': [], 'rate_id': 3781, 'deals': [], 'cancellation_type': 'nonrefundable', 'credit_card': 1, 'bonus': 825, 'miles': 990, 'min_stay': 1, 'platichastyami': 0, 'mircashback': 1650}]",16500.0,990,458938_101hotels,2026-07-31
1465387,,Стандартный мансардный  номер с 1 кроватью,2,1,0,1,Двухместный,2,5,[{'double': 1}],[],"[{'id': 330370, 'capacity': 1, 'prepayment': 'FIRST', 'nonrefundable': 1, 'cancellation_period': 0, 'cancellation_fee': 'FIRST', 'breakfast': 1, 'base_price': 16000, 'prices': [16000], 'price': 16000, 'old_price': 16000, 'currency': 'RUB', 'payment_amount': 16000, 'extras_variants': [], 'extras': [], 'rate_id': 3781, 'deals': [], 'cancellation_type': 'nonrefundable', 'credit_card': 1, 'bonus': 800, 'miles': 960, 'min_stay': 1, 'platichastyami': 0, 'mircashback': 1600}, {'id': 330371, 'capacity': 2, 'prepayment': 'FIRST', 'nonrefundable': 1, 'cancellation_period': 0, 'cancellation_fee': 'FIRST', 'breakfast': 1, 'base_price': 16000, 'prices': [16000], 'price': 16000, 'old_price': 16000, 'currency': 'RUB', 'payment_amount': 16000, 'extras_variants': [], 'extras': [], 'rate_id': 3781, 'deals': [], 'cancellation_type': 'nonrefundable', 'credit_card': 1, 'bonus': 800, 'miles': 960, 'min_stay': 1, 'platichastyami': 0, 'mircashback': 1600}]",16000.0,960,458938_101hotels,2026-07-31
1465391,,Улучшенный номер,3,2,0,1,Семейный,44,1,"[{'single': 1, 'double': 1}]",[],"[{'id': 330352, 'capacity': 1, 'prepayment': 'FIRST', 'nonrefundable': 1, 'cancellation_period': 0, 'cancellation_fee': 'FIRST', 'breakfast': 1, 'base_price': 27000, 'prices': [27000], 'price': 27000, 'old_price': 27000, 'currency': 'RUB', 'payment_amount': 27000, 'extras_variants': [], 'extras': [], 'rate_id': 3781, 'deals': [], 'cancellation_type': 'nonrefundable', 'credit_card': 1, 'bonus': 1350, 'miles': 1620, 'min_stay': 1, 'platichastyami': 0, 'mircashback': 2700}, {'id': 330353, 'capacity': 2, 'prepayment': 'FIRST', 'nonrefundable': 1, 'cancellation_period': 0, 'cancellation_fee': 'FIRST', 'breakfast': 1, 'base_price': 27000, 'prices': [27000], 'price': 27000, 'old_price': 27000, 'currency': 'RUB', 'payment_amount': 27000, 'extras_variants': [], 'extras': [], 'rate_id': 3781, 'deals': [], 'cancellation_type': 'nonrefundable', 'credit_card': 1, 'bonus': 1350, 'miles': 1620, 'min_stay': 1, 'platichastyami': 0, 'mircashback': 2700}, {'id': 330354, 'capacity': 3, 'prepayment': 'FIRST', 'nonrefundable': 1, 'cancellation_period': 0, 'cancellation_fee': 'FIRST', 'breakfast': 1, 'base_price': 27000, 'prices': [27000], 'price': 27000, 'old_price': 27000, 'currency': 'RUB', 'payment_amount': 27000, 'extras_variants': [], 'extras': [], 'rate_id': 3781, 'deals': [], 'cancellation_type': 'nonrefundable', 'credit_card': 1, 'bonus': 1350, 'miles': 1620, 'min_stay': 1, 'platichastyami': 0, 'mircashback': 2700}]",27000.0,1620,458938_101hotels,2026-07-31
2214278,,Стандартный номер с 2 отдельными кроватями,2,1,0,1,Двухместный,2,4,[{'single': 2}],[],"[{'id': 330368, 'capacity': 1, 'prepayment': 'FIRST', 'nonrefundable': 1, 'cancellation_period': 0, 'cancellation_fee': 'FIRST', 'breakfast': 1, 'base_price': 16000, 'prices': [16000], 'price': 16000, 'old_price': 16000, 'currency': 'RUB', 'payment_amount': 16000, 'extras_variants': [], 'extras': [], 'rate_id': 3781, 'deals': [], 'cancellation_type': 'nonrefundable', 'credit_card': 1, 'bonus': 800, 'miles': 960, 'min_stay': 1, 'platichastyami': 0, 'mircashback': 1600}, {'id': 330369, 'capacity': 2, 'prepayment': 'FIRST', 'nonrefundable': 1, 'cancellation_period': 0, 'cancellation_fee': 'FIRST', 'breakfast': 1, 'base_price': 16000, 'prices': [16000], 'price': 16000, 'old_price': 16000, 'currency': 'RUB', 'payment_amount': 16000, 'extras_variants': [], 'extras': [], 'rate_id': 3781, 'deals': [], 'cancellation_type': 'nonrefundable', 'credit_card': 1, 'bonus': 800, 'miles': 960, 'min_stay': 1, 'platichastyami': 0, 'mircashback': 1600}]",16000.0,960,458938_101hotels,2026-07-31
2224127,,Арт-номер с двухспальной кроватью,2,1,0,1,Двухместный,2,2,[{'double': 1}],[],"[{'id': 394930, 'capacity': 1, 'prepayment': 'FIRST', 'nonrefundable': 1, 'cancellation_period': 0, 'cancellation_fee': 'FIRST', 'breakfast': 1, 'base_price': 18000, 'prices': [18000], 'price': 18000, 'old_price': 18000, 'currency': 'RUB', 'payment_amount': 18000, 'extras_variants': [], 'extras': [], 'rate_id': 3781, 'deals': [], 'cancellation_type': 'nonrefundable', 'credit_card': 1, 'bonus': 900, 'miles': 1080, 'min_stay': 1, 'platichastyami': 0, 'mircashback': 1800}, {'id': 394931, 'capacity': 2, 'prepayment': 'FIRST', 'nonrefundable': 1, 'cancellation_period': 0, 'cancellation_fee': 'FIRST', 'breakfast': 1, 'base_price': 18000, 'prices': [18000], 'price': 18000, 'old_price': 18000, 'currency': 'RUB', 'payment_amount': 18000, 'extras_variants': [], 'extras': [], 'rate_id': 3781, 'deals': [], 'cancellation_type': 'nonrefundable', 'credit_card': 1, 'bonus': 900, 'miles': 1080, 'min_stay': 1, 'platichastyami': 0, 'mircashback': 1800}]",18000.0,1080,458938_101hotels,2026-07-31
2228781,,Арт-номер с раздельными кроватями,2,1,0,1,Двухместный,2,3,[{'single': 2}],[],"[{'id': 394932, 'capacity': 1, 'prepayment': 'FIRST', 'nonrefundable': 1, 'cancellation_period': 0, 'cancellation_fee': 'FIRST', 'breakfast': 1, 'base_price': 18000, 'prices': [18000], 'price': 18000, 'old_price': 18000, 'currency': 'RUB', 'payment_amount': 18000, 'extras_variants': [], 'extras': [], 'rate_id': 3781, 'deals': [], 'cancellation_type': 'nonrefundable', 'credit_card': 1, 'bonus': 900, 'miles': 1080, 'min_stay': 1, 'platichastyami': 0, 'mircashback': 1800}, {'id': 394933, 'capacity': 2, 'prepayment': 'FIRST', 'nonrefundable': 1, 'cancellation_period': 0, 'cancellation_fee': 'FIRST', 'breakfast': 1, 'base_price': 18000, 'prices': [18000], 'price': 18000, 'old_price': 18000, 'currency': 'RUB', 'payment_amount': 18000, 'extras_variants': [], 'extras': [], 'rate_id': 3781, 'deals': [], 'cancellation_type': 'nonrefundable', 'credit_card': 1, 'bonus': 900, 'miles': 1080, 'min_stay': 1, 'platichastyami': 0, 'mircashback': 1800}]",18000.0,1080,458938_101hotels,2026-07-31
2298936,,Арт номер в доме на береговой линии,2,1,0,1,Мини-дом,57,3,[{'double': 1}],"[{'id': '20762', 'number': '1', 'min_age': '0', 'max_age': '3', 'is_extra_bed': '1', 'extra_bed_type_id': '4'}]","[{'id': 1030861, 'capacity': 1, 'prepayment': 'FIRST', 'nonrefundable': 1, 'cancellation_period': 0, 'cancellation_fee': 'FIRST', 'breakfast': 1, 'base_price': 35000, 'prices': [35000], 'price': 35000, 'old_price': 35000, 'currency': 'RUB', 'payment_amount': 35000, 'extras_variants': [], 'extras': {'20762': {'id': 20762, 'number': 1, 'extra_bed_type_id': 4, 'age': [0, 3], 'extra_bed': 1, 'free': 1}}, 'rate_id': 3781, 'deals': [], 'cancellation_type': 'nonrefundable', 'credit_card': 1, 'bonus': 1750, 'miles': 2100, 'min_stay': 1, 'platichastyami': 0, 'mircashback': 3500}, {'id': 1030862, 'capacity': 2, 'prepayment': 'FIRST', 'nonrefundable': 1, 'cancellation_period': 0, 'cancellation_fee': 'FIRST', 'breakfast': 1, 'base_price': 35000, 'prices': [35000], 'price': 35000, 'old_price': 35000, 'currency': 'RUB', 'payment_amount': 35000, 'extras_variants': [], 'extras': {'20762': {'id': 20762, 'number': 1, 'extra_bed_type_id': 4, 'age': [0, 3], 'extra_bed': 1, 'free': 1}}, 'rate_id': 3781, 'deals': [], 'cancellation_type': 'nonrefundable', 'credit_card': 1, 'bonus': 1750, 'miles': 2100, 'min_stay': 1, 'platichastyami': 0, 'mircashback': 3500}]",35000.0,2100,458938_101hotels,2026-07-31
2298938,,Семейный номер Делюкс с красивым видом из окна,2,1,0,1,Дом,56,4,[{'single': 2}],[],"[{'id': 1030863, 'capacity': 1, 'prepayment': 'FIRST', 'nonrefundable': 1, 'cancellation_period': 0, 'cancellation_fee': 'FIRST', 'breakfast': 1, 'base_price': 40000, 'prices': [40000], 'price': 40000, 'old_price': 40000, 'currency': 'RUB', 'payment_amount': 40000, 'extras_variants': [], 'extras': [], 'rate_id': 3781, 'deals': [], 'cancellation_type': 'nonrefundable', 'credit_card': 1, 'bonus': 2000, 'miles': 2400, 'min_stay': 1, 'platichastyami': 0, 'mircashback': 4000}, {'id': 1030864, 'capacity': 2, 'prepayment': 'FIRST', 'nonrefundable': 1, 'cancellation_period': 0, 'cancellation_fee': 'FIRST', 'breakfast': 1, 'base_price': 40000, 'prices': [40000], 'price': 40000, 'old_price': 40000, 'currency': 'RUB', 'payment_amount': 40000, 'extras_variants': [], 'extras': [], 'rate_id': 3781, 'deals': [], 'cancellation_type': 'nonrefundable', 'credit_card': 1, 'bonus': 2000, 'miles': 2400, 'min_stay': 1, 'platichastyami': 0, 'mircashback': 4000}]",40000.0,2400,458938_101hotels,2026-07-31
2298939,,Апартаменты на берегу озера,2,1,0,1,Дом,56,4,[{'double': 1}],[],"[{'id': 1030867, 'capacity': 1, 'prepayment': 'FIRST', 'nonrefundable': 1, 'cancellation_period': 0, 'cancellation_fee': 'FIRST', 'breakfast': 1, 'base_price': 50000, 'prices': [50000], 'price': 50000, 'old_price': 50000, 'currency': 'RUB', 'payment_amount': 50000, 'extras_variants': [], 'extras': [], 'rate_id': 3781, 'deals': [], 'cancellation_type': 'nonrefundable', 'credit_card': 1, 'bonus': 2500, 'miles': 3000, 'min_stay': 1, 'platichastyami': 0, 'mircashback': 5000}, {'id': 1030868, 'capacity': 2, 'prepayment': 'FIRST', 'nonrefundable': 1, 'cancellation_period': 0, 'cancellation_fee': 'FIRST', 'breakfast': 1, 'base_price': 50000, 'prices': [50000], 'price': 50000, 'old_price': 50000, 'currency': 'RUB', 'payment_amount': 50000, 'extras_variants': [], 'extras': [], 'rate_id': 3781, 'deals': [], 'cancellation_type': 'nonrefundable', 'credit_card': 1, 'bonus': 2500, 'miles': 3000, 'min_stay': 1, 'platichastyami': 0, 'mircashback': 5000}]",50000.0,3000,458938_101hotels,2026-07-31
2298942,,Номер в двухэтажном барнхаусе на береговой линии,4,1,0,1,Дом,56,1,"[{'single': 2, 'double': 1}]",[],"[{'id': 1030901, 'capacity': 1, 'prepayment': 'FIRST', 'nonrefundable': 1, 'cancellation_period': 0, 'cancellation_fee': 'FIRST', 'breakfast': 1, 'base_price': 45000, 'prices': [45000], 'price': 45000, 'old_price': 45000, 'currency': 'RUB', 'payment_amount': 45000, 'extras_variants': [], 'extras': [], 'rate_id': 3781, 'deals': [], 'cancellation_type': 'nonrefundable', 'credit_card': 1, 'bonus': 2250, 'miles': 2700, 'min_stay': 1, 'platichastyami': 0, 'mircashback': 4500}, {'id': 1030902, 'capacity': 2, 'prepayment': 'FIRST', 'nonrefundable': 1, 'cancellation_period': 0, 'cancellation_fee': 'FIRST', 'breakfast': 1, 'base_price': 45000, 'prices': [45000], 'price': 45000, 'old_price': 45000, 'currency': 'RUB', 'payment_amount': 45000, 'extras_variants': [], 'extras': [], 'rate_id': 3781, 'deals': [], 'cancellation_type': 'nonrefundable', 'credit_card': 1, 'bonus': 2250, 'miles': 2700, 'min_stay': 1, 'platichastyami': 0, 'mircashback': 4500}, {'id': 1030903, 'capacity': 3, 'prepayment': 'FIRST', 'nonrefundable': 1, 'cancellation_period': 0, 'cancellation_fee': 'FIRST', 'breakfast': 1, 'base_price': 45000, 'prices': [45000], 'price': 45000, 'old_price': 45000, 'currency': 'RUB', 'payment_amount': 45000, 'extras_variants': [], 'extras': [], 'rate_id': 3781, 'deals': [], 'cancellation_type': 'nonrefundable', 'credit_card': 1, 'bonus': 2250, 'miles': 2700, 'min_stay': 1, 'platichastyami': 0, 'mircashback': 4500}, {'id': 1030904, 'capacity': 4, 'prepayment': 'FIRST', 'nonrefundable': 1, 'cancellation_period': 0, 'cancellation_fee': 'FIRST', 'breakfast': 1, 'base_price': 45000, 'prices': [45000], 'price': 45000, 'old_price': 45000, 'currency': 'RUB', 'payment_amount': 45000, 'extras_variants': [], 'extras': [], 'rate_id': 3781, 'deals': [], 'cancellation_type': 'nonrefundable', 'credit_card': 1, 'bonus': 2250, 'miles': 2700, 'min_stay': 1, 'platichastyami': 0, 'mircashback': 4500}]",45000.0,2700,458938_101hotels,2026-07-31
2234065,,Благоустроенный номер,3,0,0,1,Трехместный,37,1,[{'single': 3}],[],"[{'id': 427444, 'capacity': 1, 'prepayment': 'FULL', 'nonrefundable': 0, 'cancellation_period': 3, 'cancellation_fee': 'FIRST', 'breakfast': 1, 'base_price': 8000, 'prices': [8000], 'price': 8000, 'old_price': 8000, 'currency': 'RUB', 'payment_amount': 8000, 'extras_variants': [], 'extras': [], 'rate_id': 9269, 'deals': [], 'cancellation_type': 'special', 'credit_card': 1, 'bonus': 400, 'miles': 480, 'min_stay': 1, 'platichastyami': 0, 'mircashback': 800}, {'id': 427445, 'capacity': 2, 'prepayment': 'FULL', 'nonrefundable': 0, 'cancellation_period': 3, 'cancellation_fee': 'FIRST', 'breakfast': 1, 'base_price': 8000, 'prices': [8000], 'price': 8000, 'old_price': 8000, 'currency': 'RUB', 'payment_amount': 8000, 'extras_variants': [], 'extras': [], 'rate_id': 9269, 'deals': [], 'cancellation_type': 'special', 'credit_card': 1, 'bonus': 400, 'miles': 480, 'min_stay': 1, 'platichastyami': 0, 'mircashback': 800}, {'id': 427446, 'capacity': 3, 'prepayment': 'FULL', 'nonrefundable': 0, 'cancellation_period': 3, 'cancellation_fee': 'FIRST', 'breakfast': 1, 'base_price': 8000, 'prices': [8000], 'price': 8000, 'old_price': 8000, 'currency': 'RUB', 'payment_amount': 8000, 'extras_variants': [], 'extras': [], 'rate_id': 9269, 'deals': [], 'cancellation_type': 'special', 'credit_card': 1, 'bonus': 400, 'miles': 480, 'min_stay': 1, 'platichastyami': 0, 'mircashback': 800}]",8000.0,480,570584_101hotels,2026-07-31
2234067,,Благоустроенный номер,4,0,0,1,Четырехместный,34,2,[{'single': 4}],[],"[{'id': 427447, 'capacity': 1, 'prepayment': 'FULL', 'nonrefundable': 0, 'cancellation_period': 3, 'cancellation_fee': 'FIRST', 'breakfast': 1, 'base_price': 10000, 'prices': [10000], 'price': 10000, 'old_price': 10000, 'currency': 'RUB', 'payment_amount': 10000, 'extras_variants': [], 'extras': [], 'rate_id': 9269, 'deals': [], 'cancellation_type': 'special', 'credit_card': 1, 'bonus': 500, 'miles': 600, 'min_stay': 1, 'platichastyami': 0, 'mircashback': 1000}, {'id': 427448, 'capacity': 2, 'prepayment': 'FULL', 'nonrefundable': 0, 'cancellation_period': 3, 'cancellation_fee': 'FIRST', 'breakfast': 1, 'base_price': 10000, 'prices': [10000], 'price': 10000, 'old_price': 10000, 'currency': 'RUB', 'payment_amount': 10000, 'extras_variants': [], 'extras': [], 'rate_id': 9269, 'deals': [], 'cancellation_type': 'special', 'credit_card': 1, 'bonus': 500, 'miles': 600, 'min_stay': 1, 'platichastyami': 0, 'mircashback': 1000}, {'id': 427449, 'capacity': 3, 'prepayment': 'FULL', 'nonrefundable': 0, 'cancellation_period': 3, 'cancellation_fee': 'FIRST', 'breakfast': 1, 'base_price': 10000, 'prices': [10000], 'price': 10000, 'old_price': 10000, 'currency': 'RUB', 'payment_amount': 10000, 'extras_variants': [], 'extras': [], 'rate_id': 9269, 'deals': [], 'cancellation_type': 'special', 'credit_card': 1, 'bonus': 500, 'miles': 600, 'min_stay': 1, 'platichastyami': 0, 'mircashback': 1000}, {'id': 427450, 'capacity': 4, 'prepayment': 'FULL', 'nonrefundable': 0, 'cancellation_period': 3, 'cancellation_fee': 'FIRST', 'breakfast': 1, 'base_price': 10000, 'prices': [10000], 'price': 10000, 'old_price': 10000, 'currency': 'RUB', 'payment_amount': 10000, 'extras_variants': [], 'extras': [], 'rate_id': 9269, 'deals': [], 'cancellation_type': 'special', 'credit_card': 1, 'bonus': 500, 'miles': 600, 'min_stay': 1, 'platichastyami': 0, 'mircashback': 1000}]",10000.0,600,570584_101hotels,2026-07-31
2220086,,Номер эконом-класса с 2 раздельными кроватями,2,0,0,0,Двухместный,2,3,[{'double': 1}],"[{'id': '10291', 'number': '2', 'min_age': '0', 'max_age': '3', 'is_extra_bed': '0', 'extra_bed_type_id': '0'}]","[{'id': 306139, 'capacity': 1, 'prepayment': 'FULL', 'nonrefundable': 0, 'cancellation_period': 1, 'cancellation_fee': 'FIRST', 'breakfast': 0, 'base_price': 6900, 'prices': [6900], 'price': 6900, 'old_price': 6900, 'currency': 'RUB', 'payment_amount': 6900, 'extras_variants': [], 'extras': {'10291': {'id': 10291, 'number': 2, 'extra_bed_type_id': 0, 'age': [0, 3], 'extra_bed': 0, 'free': 1}}, 'rate_id': 2662, 'deals': [], 'cancellation_type': 'special', 'credit_card': 1, 'bonus': 345, 'miles': 414, 'min_stay': 1, 'platichastyami': 0, 'mircashback': 690}, {'id': 306140, 'capacity': 2, 'prepayment': 'FULL', 'nonrefundable': 0, 'cancellation_period': 1, 'cancellation_fee': 'FIRST', 'breakfast': 0, 'base_price': 6900, 'prices': [6900], 'price': 6900, 'old_price': 6900, 'currency': 'RUB', 'payment_amount': 6900, 'extras_variants': [], 'extras': {'10291': {'id': 10291, 'number': 2, 'extra_bed_type_id': 0, 'age': [0, 3], 'extra_bed': 0, 'free': 1}}, 'rate_id': 2662, 'deals': [], 'cancellation_type': 'special', 'credit_card': 1, 'bonus': 345, 'miles': 414, 'min_stay': 1, 'platichastyami': 0, 'mircashback': 690}]",6900.0,414,650956_101hotels,2026-07-31
2220114,,Номер эконом-класса с одной двуспальной кроватью,2,0,0,0,Двухместный,2,1,[{'double': 1}],"[{'id': '10292', 'number': '2', 'min_age': '0', 'max_age': '3', 'is_extra_bed': '0', 'extra_bed_type_id': '0'}]","[{'id': 306141, 'capacity': 1, 'prepayment': 'FULL', 'nonrefundable': 0, 'cancellation_period': 1, 'cancellation_fee': 'FIRST', 'breakfast': 0, 'base_price': 6900, 'prices': [6900], 'price': 6900, 'old_price': 6900, 'currency': 'RUB', 'payment_amount': 6900, 'extras_variants': [], 'extras': {'10292': {'id': 10292, 'number': 2, 'extra_bed_type_id': 0, 'age': [0, 3], 'extra_bed': 0, 'free': 1}}, 'rate_id': 2662, 'deals': [], 'cancellation_type': 'special', 'credit_card': 1, 'bonus': 345, 'miles': 414, 'min_stay': 1, 'platichastyami': 0, 'mircashback': 690}, {'id': 306142, 'capacity': 2, 'prepayment': 'FULL', 'nonrefundable': 0, 'cancellation_period': 1, 'cancellation_fee': 'FIRST', 'breakfast': 0, 'base_price': 6900, 'prices': [6900], 'price': 6900, 'old_price': 6900, 'currency': 'RUB', 'payment_amount': 6900, 'extras_variants': [], 'extras': {'10292': {'id': 10292, 'number': 2, 'extra_bed_type_id': 0, 'age': [0, 3], 'extra_bed': 0, 'free': 1}}, 'rate_id': 2662, 'deals': [], 'cancellation_type': 'special', 'credit_card': 1, 'bonus': 345, 'miles': 414, 'min_stay': 1, 'platichastyami': 0, 'mircashback': 690}]",6900.0,414,650956_101hotels,2026-07-31
2220122,,Номер эконом-класса с 3 раздельными кроватями,3,0,0,0,Трехместный,37,4,[{'single': 3}],"[{'id': '10294', 'number': '3', 'min_age': '0', 'max_age': '3', 'is_extra_bed': '0', 'extra_bed_type_id': '0'}]","[{'id': 306156, 'capacity': 1, 'prepayment': 'FULL', 'nonrefundable': 0, 'cancellation_period': 1, 'cancellation_fee': 'FIRST', 'breakfast': 0, 'base_price': 6900, 'prices': [6900], 'price': 6900, 'old_price': 6900, 'currency': 'RUB', 'payment_amount': 6900, 'extras_variants': [], 'extras': {'10294': {'id': 10294, 'number': 3, 'extra_bed_type_id': 0, 'age': [0, 3], 'extra_bed': 0, 'free': 1}}, 'rate_id': 2662, 'deals': [], 'cancellation_type': 'special', 'credit_card': 1, 'bonus': 345, 'miles': 414, 'min_stay': 1, 'platichastyami': 0, 'mircashback': 690}, {'id': 306157, 'capacity': 2, 'prepayment': 'FULL', 'nonrefundable': 0, 'cancellation_period': 1, 'cancellation_fee': 'FIRST', 'breakfast': 0, 'base_price': 6900, 'prices': [6900], 'price': 6900, 'old_price': 6900, 'currency': 'RUB', 'payment_amount': 6900, 'extras_variants': [], 'extras': {'10294': {'id': 10294, 'number': 3, 'extra_bed_type_id': 0, 'age': [0, 3], 'extra_bed': 0, 'free': 1}}, 'rate_id': 2662, 'deals': [], 'cancellation_type': 'special', 'credit_card': 1, 'bonus': 345, 'miles': 414, 'min_stay': 1, 'platichastyami': 0, 'mircashback': 690}, {'id': 306158, 'capacity': 3, 'prepayment': 'FULL', 'nonrefundable': 0, 'cancellation_period': 1, 'cancellation_fee': 'FIRST', 'breakfast': 0, 'base_price': 6900, 'prices': [6900], 'price': 6900, 'old_price': 6900, 'currency': 'RUB', 'payment_amount': 6900, 'extras_variants': [], 'extras': {'10294': {'id': 10294, 'number': 3, 'extra_bed_type_id': 0, 'age': [0, 3], 'extra_bed': 0, 'free': 1}}, 'rate_id': 2662, 'deals': [], 'cancellation_type': 'special', 'credit_card': 1, 'bonus': 345, 'miles': 414, 'min_stay': 1, 'platichastyami': 0, 'mircashback': 690}]",6900.0,414,650956_101hotels,2026-07-31
2220131,,Номер эконом-класса,2,3,0,0,Семейный,44,1,"[{'double': 1, 'sofa': 2}]","[{'id': '10293', 'number': '2', 'min_age': '0', 'max_age': '3', 'is_extra_bed': '0', 'extra_bed_type_id': '0'}]","[{'id': 306159, 'capacity': 1, 'prepayment': 'FULL', 'nonrefundable': 0, 'cancellation_period': 1, 'cancellation_fee': 'FIRST', 'breakfast': 0, 'base_price': 7550, 'prices': [7550], 'price': 7550, 'old_price': 7550, 'currency': 'RUB', 'payment_amount': 7550, 'extras_variants': [], 'extras': {'10293': {'id': 10293, 'number': 2, 'extra_bed_type_id': 0, 'age': [0, 3], 'extra_bed': 0, 'free': 1}}, 'rate_id': 2662, 'deals': [], 'cancellation_type': 'special', 'credit_card': 1, 'bonus': 378, 'miles': 453, 'min_stay': 1, 'platichastyami': 0, 'mircashback': 755}, {'id': 306160, 'capacity': 2, 'prepayment': 'FULL', 'nonrefundable': 0, 'cancellation_period': 1, 'cancellation_fee': 'FIRST', 'breakfast': 0, 'base_price': 7550, 'prices': [7550], 'price': 7550, 'old_price': 7550, 'currency': 'RUB', 'payment_amount': 7550, 'extras_variants': [], 'extras': {'10293': {'id': 10293, 'number': 2, 'extra_bed_type_id': 0, 'age': [0, 3], 'extra_bed': 0, 'free': 1}}, 'rate_id': 2662, 'deals': [], 'cancellation_type': 'special', 'credit_card': 1, 'bonus': 378, 'miles': 453, 'min_stay': 1, 'platichastyami': 0, 'mircashback': 755}]",7550.0,453,650956_101hotels,2026-07-31
2220139,,Номер категории Стандарт с 2 раздельными кроватями,2,2,0,1,Двухместный,2,8,"[{'single': 2, 'sofa': 1}]","[{'id': '10289', 'number': '2', 'min_age': '0', 'max_age': '3', 'is_extra_bed': '0', 'extra_bed_type_id': '0'}]","[{'id': 306143, 'capacity': 1, 'prepayment': 'FULL', 'nonrefundable': 0, 'cancellation_period': 1, 'cancellation_fee': 'FIRST', 'breakfast': 0, 'base_price': 10700, 'prices': [10700], 'price': 10700, 'old_price': 10700, 'currency': 'RUB', 'payment_amount': 10700, 'extras_variants': [], 'extras': {'10289': {'id': 10289, 'number': 2, 'extra_bed_type_id': 0, 'age': [0, 3], 'extra_bed': 0, 'free': 1}}, 'rate_id': 2662, 'deals': [], 'cancellation_type': 'special', 'credit_card': 1, 'bonus': 535, 'miles': 642, 'min_stay': 1, 'platichastyami': 0, 'mircashback': 1070}, {'id': 306144, 'capacity': 2, 'prepayment': 'FULL', 'nonrefundable': 0, 'cancellation_period': 1, 'cancellation_fee': 'FIRST', 'breakfast': 0, 'base_price': 10700, 'prices': [10700], 'price': 10700, 'old_price': 10700, 'currency': 'RUB', 'payment_amount': 10700, 'extras_variants': [], 'extras': {'10289': {'id': 10289, 'number': 2, 'extra_bed_type_id': 0, 'age': [0, 3], 'extra_bed': 0, 'free': 1}}, 'rate_id': 2662, 'deals': [], 'cancellation_type': 'special', 'credit_card': 1, 'bonus': 535, 'miles': 642, 'min_stay': 1, 'platichastyami': 0, 'mircashback': 1070}]",10700.0,642,650956_101hotels,2026-07-31
2220145,,Номер категории Стандарт с одной двуспальной кроватью,2,2,0,1,Двухместный,2,4,"[{'double': 1, 'sofa': 1}]","[{'id': '10290', 'number': '2', 'min_age': '0', 'max_age': '3', 'is_extra_bed': '0', 'extra_bed_type_id': '0'}]","[{'id': 306145, 'capacity': 1, 'prepayment': 'FULL', 'nonrefundable': 0, 'cancellation_period': 1, 'cancellation_fee': 'FIRST', 'breakfast': 0, 'base_price': 10700, 'prices': [10700], 'price': 10700, 'old_price': 10700, 'currency': 'RUB', 'payment_amount': 10700, 'extras_variants': [], 'extras': {'10290': {'id': 10290, 'number': 2, 'extra_bed_type_id': 0, 'age': [0, 3], 'extra_bed': 0, 'free': 1}}, 'rate_id': 2662, 'deals': [], 'cancellation_type': 'special', 'credit_card': 1, 'bonus': 535, 'miles': 642, 'min_stay': 1, 'platichastyami': 0, 'mircashback': 1070}, {'id': 306146, 'capacity': 2, 'prepayment': 'FULL', 'nonrefundable': 0, 'cancellation_period': 1, 'cancellation_fee': 'FIRST', 'breakfast': 0, 'base_price': 10700, 'prices': [10700], 'price': 10700, 'old_price': 10700, 'currency': 'RUB', 'payment_amount': 10700, 'extras_variants': [], 'extras': {'10290': {'id': 10290, 'number': 2, 'extra_bed_type_id': 0, 'age': [0, 3], 'extra_bed': 0, 'free': 1}}, 'rate_id': 2662, 'deals': [], 'cancellation_type': 'special', 'credit_card': 1, 'bonus': 535, 'miles': 642, 'min_stay': 1, 'platichastyami': 0, 'mircashback': 1070}]",10700.0,642,650956_101hotels,2026-07-31
2220148,,Койко-место в общем номере с 4 кроватями,4,0,1,0,Четырехместный,34,8,[{'single': 1}],[],"[{'id': 306147, 'capacity': 1, 'prepayment': 'FULL', 'nonrefundable': 0, 'cancellation_period': 1, 'cancellation_fee': 'FIRST', 'breakfast': 0, 'base_price': 2300, 'prices': [2300], 'price': 2300, 'old_price': 2300, 'currency': 'RUB', 'payment_amount': 2300, 'extras_variants': [], 'extras': [], 'rate_id': 2662, 'deals': [], 'cancellation_type': 'special', 'credit_card': 1, 'bonus': 115, 'miles': 138, 'min_stay': 1, 'platichastyami': 0, 'mircashback': 230}]",2300.0,138,650956_101hotels,2026-07-31
2220152,,Койко-место в общем номере с 5 кроватями,5,0,1,0,Пятиместный,35,4,[{'single': 1}],[],"[{'id': 306151, 'capacity': 1, 'prepayment': 'FULL', 'nonrefundable': 0, 'cancellation_period': 1, 'cancellation_fee': 'FIRST', 'breakfast': 0, 'base_price': 2300, 'prices': [2300], 'price': 2300, 'old_price': 2300, 'currency': 'RUB', 'payment_amount': 2300, 'extras_variants': [], 'extras': [], 'rate_id': 2662, 'deals': [], 'cancellation_type': 'special', 'credit_card': 1, 'bonus': 115, 'miles': 138, 'min_stay': 1, 'platichastyami': 0, 'mircashback': 230}]",2300.0,138,650956_101hotels,2026-07-31
2233351,,,4,0,0,1,Бунгало,30,2,"[{'single': 2, 'sofa': 1}, {'double': 1, 'sofa': 1}]","[{'id': '23100', 'number': '1', 'min_age': '0', 'max_age': '4', 'is_extra_bed': '0', 'extra_bed_type_id': '0'}]","[{'id': 422133, 'capacity': 1, 'prepayment': 'FIRST', 'nonrefundable': 1, 'cancellation_period': 0, 'cancellation_fee': 'FIRST', 'breakfast': 1, 'base_price': 15000, 'prices': [15000], 'price': 15000, 'old_price': 15000, 'currency': 'RUB', 'payment_amount': 15000, 'extras_variants': [], 'extras': {'23100': {'id': 23100, 'number': 1, 'extra_bed_type_id': 0, 'age': [0, 4], 'extra_bed': 0, 'free': 1}}, 'rate_id': 8928, 'deals': [], 'cancellation_type': 'nonrefundable', 'credit_card': 1, 'bonus': 750, 'miles': 900, 'min_stay': 1, 'platichastyami': 0, 'mircashback': 1500}, {'id': 422134, 'capacity': 2, 'prepayment': 'FIRST', 'nonrefundable': 1, 'cancellation_period': 0, 'cancellation_fee': 'FIRST', 'breakfast': 1, 'base_price': 15000, 'prices': [15000], 'price': 15000, 'old_price': 15000, 'currency': 'RUB', 'payment_amount': 15000, 'extras_variants': [], 'extras': {'23100': {'id': 23100, 'number': 1, 'extra_bed_type_id': 0, 'age': [0, 4], 'extra_bed': 0, 'free': 1}}, 'rate_id': 8928, 'deals': [], 'cancellation_type': 'nonrefundable', 'credit_card': 1, 'bonus': 750, 'miles': 900, 'min_stay': 1, 'platichastyami': 0, 'mircashback': 1500}, {'id': 431361, 'capacity': 3, 'prepayment': 'FIRST', 'nonrefundable': 1, 'cancellation_period': 0, 'cancellation_fee': 'FIRST', 'breakfast': 1, 'base_price': 17000, 'prices': [17000], 'price': 17000, 'old_price': 17000, 'currency': 'RUB', 'payment_amount': 17000, 'extras_variants': [], 'extras': {'23100': {'id': 23100, 'number': 1, 'extra_bed_type_id': 0, 'age': [0, 4], 'extra_bed': 0, 'free': 1}}, 'rate_id': 8928, 'deals': [], 'cancellation_type': 'nonrefundable', 'credit_card': 1, 'bonus': 850, 'miles': 1020, 'min_stay': 1, 'platichastyami': 0, 'mircashback': 1700}, {'id': 431362, 'capacity': 4, 'prepayment': 'FIRST', 'nonrefundable': 1, 'cancellation_period': 0, 'cancellation_fee': 'FIRST', 'breakfast': 1, 'base_price': 19000, 'prices': [19000], 'price': 19000, 'old_price': 19000, 'currency': 'RUB', 'payment_amount': 19000, 'extras_variants': [], 'extras': {'23100': {'id': 23100, 'number': 1, 'extra_bed_type_id': 0, 'age': [0, 4], 'extra_bed': 0, 'free': 1}}, 'rate_id': 8928, 'deals': [], 'cancellation_type': 'nonrefundable', 'credit_card': 1, 'bonus': 950, 'miles': 1140, 'min_stay': 1, 'platichastyami': 0, 'mircashback': 1900}]",15000.0,900,654408_101hotels,2026-07-31
2259951,,Барнхаус,5,0,0,1,Люкс,6,2,"[{'single': 1, 'double': 1, 'sofa': 1}, {'single': 3, 'sofa': 1}]","[{'id': '23101', 'number': '1', 'min_age': '0', 'max_age': '4', 'is_extra_bed': '0', 'extra_bed_type_id': '0'}]","[{'id': 688931, 'capacity': 1, 'prepayment': 'FIRST', 'nonrefundable': 1, 'cancellation_period': 0, 'cancellation_fee': 'FIRST', 'breakfast': 1, 'base_price': 20000, 'prices': [20000], 'price': 20000, 'old_price': 20000, 'currency': 'RUB', 'payment_amount': 20000, 'extras_variants': [], 'extras': {'23101': {'id': 23101, 'number': 1, 'extra_bed_type_id': 0, 'age': [0, 4], 'extra_bed': 0, 'free': 1}}, 'rate_id': 8928, 'deals': [], 'cancellation_type': 'nonrefundable', 'credit_card': 1, 'bonus': 1000, 'miles': 1200, 'min_stay': 1, 'platichastyami': 0, 'mircashback': 2000}, {'id': 688932, 'capacity': 2, 'prepayment': 'FIRST', 'nonrefundable': 1, 'cancellation_period': 0, 'cancellation_fee': 'FIRST', 'breakfast': 1, 'base_price': 20000, 'prices': [20000], 'price': 20000, 'old_price': 20000, 'currency': 'RUB', 'payment_amount': 20000, 'extras_variants': [], 'extras': {'23101': {'id': 23101, 'number': 1, 'extra_bed_type_id': 0, 'age': [0, 4], 'extra_bed': 0, 'free': 1}}, 'rate_id': 8928, 'deals': [], 'cancellation_type': 'nonrefundable', 'credit_card': 1, 'bonus': 1000, 'miles': 1200, 'min_stay': 1, 'platichastyami': 0, 'mircashback': 2000}, {'id': 688933, 'capacity': 3, 'prepayment': 'FIRST', 'nonrefundable': 1, 'cancellation_period': 0, 'cancellation_fee': 'FIRST', 'breakfast': 1, 'base_price': 23000, 'prices': [23000], 'price': 23000, 'old_price': 23000, 'currency': 'RUB', 'payment_amount': 23000, 'extras_variants': [], 'extras': {'23101': {'id': 23101, 'number': 1, 'extra_bed_type_id': 0, 'age': [0, 4], 'extra_bed': 0, 'free': 1}}, 'rate_id': 8928, 'deals': [], 'cancellation_type': 'nonrefundable', 'credit_card': 1, 'bonus': 1150, 'miles': 1380, 'min_stay': 1, 'platichastyami': 0, 'mircashback': 2300}, {'id': 688934, 'capacity': 4, 'prepayment': 'FIRST', 'nonrefundable': 1, 'cancellation_period': 0, 'cancellation_fee': 'FIRST', 'breakfast': 1, 'base_price': 26000, 'prices': [26000], 'price': 26000, 'old_price': 26000, 'currency': 'RUB', 'payment_amount': 26000, 'extras_variants': [], 'extras': {'23101': {'id': 23101, 'number': 1, 'extra_bed_type_id': 0, 'age': [0, 4], 'extra_bed': 0, 'free': 1}}, 'rate_id': 8928, 'deals': [], 'cancellation_type': 'nonrefundable', 'credit_card': 1, 'bonus': 1300, 'miles': 1560, 'min_stay': 1, 'platichastyami': 0, 'mircashback': 2600}, {'id': 688935, 'capacity': 5, 'prepayment': 'FIRST', 'nonrefundable': 1, 'cancellation_period': 0, 'cancellation_fee': 'FIRST', 'breakfast': 1, 'base_price': 29000, 'prices': [29000], 'price': 29000, 'old_price': 29000, 'currency': 'RUB', 'payment_amount': 29000, 'extras_variants': [], 'extras': {'23101': {'id': 23101, 'number': 1, 'extra_bed_type_id': 0, 'age': [0, 4], 'extra_bed': 0, 'free': 1}}, 'rate_id': 8928, 'deals': [], 'cancellation_type': 'nonrefundable', 'credit_card': 1, 'bonus': 1450, 'miles': 1740, 'min_stay': 1, 'platichastyami': 0, 'mircashback': 2900}]",20000.0,1200,654408_101hotels,2026-07-31
2321232,,Двухкомнатные апартаменты Премиум с видом на озеро,2,2,0,1,Апартаменты,14,1,"[{'double': 1, 'sofa': 1}]","[{'id': '51147', 'number': '2', 'min_age': '0', 'max_age': '18', 'is_extra_bed': '0', 'extra_bed_type_id': '0'}]","[{'id': 1227850, 'capacity': 1, 'prepayment': 'FULL', 'nonrefundable': 0, 'cancellation_period': 0, 'cancellation_fee': 'NO', 'breakfast': 0, 'base_price': 24750, 'prices': [24750], 'price': 19800, 'old_price': 24750, 'currency': 'RUB', 'payment_amount': 24750, 'extras_variants': [], 'extras': {'51147': {'id': 51147, 'number': 2, 'extra_bed_type_id': 0, 'age': [0, 18], 'extra_bed': 0, 'free': 1}}, 'rate_id': 63172, 'deals': ['LAST_MINUTE'], 'cancellation_type': 'free', 'credit_card': 1, 'bonus': 990, 'miles': 1188, 'min_stay': 1, 'platichastyami': 0}, {'id': 1227851, 'capacity': 2, 'prepayment': 'FULL', 'nonrefundable': 0, 'cancellation_period': 0, 'cancellation_fee': 'NO', 'breakfast': 0, 'base_price': 24750, 'prices': [24750], 'price': 19800, 'old_price': 24750, 'currency': 'RUB', 'payment_amount': 24750, 'extras_variants': [], 'extras': {'51147': {'id': 51147, 'number': 2, 'extra_bed_type_id': 0, 'age': [0, 18], 'extra_bed': 0, 'free': 1}}, 'rate_id': 63172, 'deals': ['LAST_MINUTE'], 'cancellation_type': 'free', 'credit_card': 1, 'bonus': 990, 'miles': 1188, 'min_stay': 1, 'platichastyami': 0}]",19800.0,1188,678111_101hotels,2026-07-31
2321616,,Двухкомнатные Апартаменты Делюкс с террасой и видом на озеро,2,2,0,1,Апартаменты,14,2,"[{'double': 1, 'sofa': 1}]","[{'id': '51606', 'number': '2', 'min_age': '0', 'max_age': '18', 'is_extra_bed': '0', 'extra_bed_type_id': '0'}]","[{'id': 1227848, 'capacity': 1, 'prepayment': 'FULL', 'nonrefundable': 0, 'cancellation_period': 0, 'cancellation_fee': 'NO', 'breakfast': 0, 'base_price': 19500, 'prices': [19500], 'price': 15600, 'old_price': 19500, 'currency': 'RUB', 'payment_amount': 19500, 'extras_variants': [], 'extras': {'51606': {'id': 51606, 'number': 2, 'extra_bed_type_id': 0, 'age': [0, 18], 'extra_bed': 0, 'free': 1}}, 'rate_id': 63172, 'deals': ['LAST_MINUTE'], 'cancellation_type': 'free', 'credit_card': 1, 'bonus': 780, 'miles': 936, 'min_stay': 1, 'platichastyami': 0}, {'id': 1227849, 'capacity': 2, 'prepayment': 'FULL', 'nonrefundable': 0, 'cancellation_period': 0, 'cancellation_fee': 'NO', 'breakfast': 0, 'base_price': 19500, 'prices': [19500], 'price': 15600, 'old_price': 19500, 'currency': 'RUB', 'payment_amount': 19500, 'extras_variants': [], 'extras': {'51606': {'id': 51606, 'number': 2, 'extra_bed_type_id': 0, 'age': [0, 18], 'extra_bed': 0, 'free': 1}}, 'rate_id': 63172, 'deals': ['LAST_MINUTE'], 'cancellation_type': 'free', 'credit_card': 1, 'bonus': 780, 'miles': 936, 'min_stay': 1, 'platichastyami': 0}]",15600.0,936,678111_101hotels,2026-07-31
2321664,,Двухкомнатный Семейный Люкс с видом на озеро,2,2,0,1,Апартаменты,14,1,"[{'double': 1, 'sofa': 1}]","[{'id': '51671', 'number': '2', 'min_age': '0', 'max_age': '18', 'is_extra_bed': '0', 'extra_bed_type_id': '0'}]","[{'id': 1227852, 'capacity': 1, 'prepayment': 'FULL', 'nonrefundable': 0, 'cancellation_period': 0, 'cancellation_fee': 'NO', 'breakfast': 0, 'base_price': 19500, 'prices': [19500], 'price': 15600, 'old_price': 19500, 'currency': 'RUB', 'payment_amount': 19500, 'extras_variants': [], 'extras': {'51671': {'id': 51671, 'number': 2, 'extra_bed_type_id': 0, 'age': [0, 18], 'extra_bed': 0, 'free': 1}}, 'rate_id': 63172, 'deals': ['LAST_MINUTE'], 'cancellation_type': 'free', 'credit_card': 1, 'bonus': 780, 'miles': 936, 'min_stay': 1, 'platichastyami': 0}, {'id': 1227853, 'capacity': 2, 'prepayment': 'FULL', 'nonrefundable': 0, 'cancellation_period': 0, 'cancellation_fee': 'NO', 'breakfast': 0, 'base_price': 19500, 'prices': [19500], 'price': 15600, 'old_price': 19500, 'currency': 'RUB', 'payment_amount': 19500, 'extras_variants': [], 'extras': {'51671': {'id': 51671, 'number': 2, 'extra_bed_type_id': 0, 'age': [0, 18], 'extra_bed': 0, 'free': 1}}, 'rate_id': 63172, 'deals': ['LAST_MINUTE'], 'cancellation_type': 'free', 'credit_card': 1, 'bonus': 780, 'miles': 936, 'min_stay': 1, 'platichastyami': 0}]",15600.0,936,678111_101hotels,2026-07-31
2208248,,Номер с видом на озеро,2,1,0,1,Семейный,44,1,"[{'single': 1, 'sofa': 1}]",[],"[{'id': 1077651, 'capacity': 1, 'prepayment': 'FIRST', 'nonrefundable': 0, 'cancellation_period': 30, 'cancellation_fee': 'FIRST', 'breakfast': 0, 'base_price': 8000, 'prices': [8000], 'price': 8000, 'old_price': 8000, 'currency': 'RUB', 'payment_amount': 8000, 'extras_variants': [], 'extras': [], 'rate_id': 53127, 'deals': [], 'cancellation_type': 'special', 'credit_card': 1, 'bonus': 400, 'miles': 480, 'min_stay': 1, 'platichastyami': 0, 'mircashback': 800}, {'id': 1077652, 'capacity': 2, 'prepayment': 'FIRST', 'nonrefundable': 0, 'cancellation_period': 30, 'cancellation_fee': 'FIRST', 'breakfast': 0, 'base_price': 8000, 'prices': [8000], 'price': 8000, 'old_price': 8000, 'currency': 'RUB', 'payment_amount': 8000, 'extras_variants': [], 'extras': [], 'rate_id': 53127, 'deals': [], 'cancellation_type': 'special', 'credit_card': 1, 'bonus': 400, 'miles': 480, 'min_stay': 1, 'platichastyami': 0, 'mircashback': 800}]",8000.0,480,13175_101hotels,2026-07-31
2304711,,Модульный домик,2,0,0,1,Двухместный,2,2,[{'double': 1}],[],"[{'id': 1077639, 'capacity': 1, 'prepayment': 'FIRST', 'nonrefundable': 0, 'cancellation_period': 30, 'cancellation_fee': 'FIRST', 'breakfast': 0, 'base_price': 9000, 'prices': [9000], 'price': 9000, 'old_price': 9000, 'currency': 'RUB', 'payment_amount': 9000, 'extras_variants': [], 'extras': [], 'rate_id': 53127, 'deals': [], 'cancellation_type': 'special', 'credit_card': 1, 'bonus': 450, 'miles': 540, 'min_stay': 1, 'platichastyami': 0, 'mircashback': 900}, {'id': 1077640, 'capacity': 2, 'prepayment': 'FIRST', 'nonrefundable': 0, 'cancellation_period': 30, 'cancellation_fee': 'FIRST', 'breakfast': 0, 'base_price': 9000, 'prices': [9000], 'price': 9000, 'old_price': 9000, 'currency': 'RUB', 'payment_amount': 9000, 'extras_variants': [], 'extras': [], 'rate_id': 53127, 'deals': [], 'cancellation_type': 'special', 'credit_card': 1, 'bonus': 450, 'miles': 540, 'min_stay': 1, 'platichastyami': 0, 'mircashback': 900}]",9000.0,540,13175_101hotels,2026-07-31
70530,,Люкс с видом на горы,2,1,0,1,Сюит,27,2,"[{'single': 1, 'double': 1}]",[],"[{'id': 388946, 'capacity': 1, 'prepayment': 'FIRST', 'nonrefundable': 1, 'cancellation_period': 0, 'cancellation_fee': 'FIRST', 'breakfast': 0, 'base_price': 7000, 'prices': [7000], 'price': 7000, 'old_price': 7000, 'currency': 'RUB', 'payment_amount': 7000, 'extras_variants': [], 'extras': [], 'rate_id': 6777, 'deals': [], 'cancellation_type': 'nonrefundable', 'credit_card': 1, 'bonus': 350, 'miles': 420, 'min_stay': 1, 'platichastyami': 0, 'mircashback': 700}, {'id': 388947, 'capacity': 2, 'prepayment': 'FIRST', 'nonrefundable': 1, 'cancellation_period': 0, 'cancellation_fee': 'FIRST', 'breakfast': 0, 'base_price': 9000, 'prices': [9000], 'price': 9000, 'old_price': 9000, 'currency': 'RUB', 'payment_amount': 9000, 'extras_variants': [], 'extras': [], 'rate_id': 6777, 'deals': [], 'cancellation_type': 'nonrefundable', 'credit_card': 1, 'bonus': 450, 'miles': 540, 'min_stay': 1, 'platichastyami': 0, 'mircashback': 900}]",7000.0,420,13176_101hotels,2026-07-31
2229199,,Комфорт,2,0,0,1,Двухместный,2,3,[{'double': 1}],[],"[{'id': 1138556, 'capacity': 1, 'prepayment': 'FIRST', 'nonrefundable': 0, 'cancellation_period': 15, 'cancellation_fee': 'FIRST', 'breakfast': 0, 'base_price': 6000, 'prices': [6000], 'price': 6000, 'old_price': 6000, 'currency': 'RUB', 'payment_amount': 6000, 'extras_variants': [], 'extras': [], 'rate_id': 57350, 'deals': [], 'cancellation_type': 'special', 'credit_card': 1, 'bonus': 300, 'miles': 360, 'min_stay': 1, 'platichastyami': 0, 'mircashback': 600}, {'id': 393661, 'capacity': 1, 'prepayment': 'FIRST', 'nonrefundable': 1, 'cancellation_period': 0, 'cancellation_fee': 'FIRST', 'breakfast': 0, 'base_price': 7000, 'prices': [7000], 'price': 7000, 'old_price': 7000, 'currency': 'RUB', 'payment_amount': 7000, 'extras_variants': [], 'extras': [], 'rate_id': 6777, 'deals': [], 'cancellation_type': 'nonrefundable', 'credit_card': 1, 'bonus': 350, 'miles': 420, 'min_stay': 1, 'platichastyami': 0, 'mircashback': 700}, {'id': 1138557, 'capacity': 2, 'prepayment': 'FIRST', 'nonrefundable': 0, 'cancellation_period': 15, 'cancellation_fee': 'FIRST', 'breakfast': 0, 'base_price': 9000, 'prices': [9000], 'price': 9000, 'old_price': 9000, 'currency': 'RUB', 'payment_amount': 9000, 'extras_variants': [], 'extras': [], 'rate_id': 57350, 'deals': [], 'cancellation_type': 'special', 'credit_card': 1, 'bonus': 450, 'miles': 540, 'min_stay': 1, 'platichastyami': 0, 'mircashback': 900}, {'id': 393662, 'capacity': 2, 'prepayment': 'FIRST', 'nonrefundable': 1, 'cancellation_period': 0, 'cancellation_fee': 'FIRST', 'breakfast': 0, 'base_price': 10000, 'prices': [10000], 'price': 10000, 'old_price': 10000, 'currency': 'RUB', 'payment_amount': 10000, 'extras_variants': [], 'extras': [], 'rate_id': 6777, 'deals': [], 'cancellation_type': 'nonrefundable', 'credit_card': 1, 'bonus': 500, 'miles': 600, 'min_stay': 1, 'platichastyami': 0, 'mircashback': 1000}]",6000.0,360,13176_101hotels,2026-07-31
2229204,,Двухместный номер,2,1,0,1,Люкс,6,1,[{'double': 1}],[],"[{'id': 393667, 'capacity': 1, 'prepayment': 'FIRST', 'nonrefundable': 1, 'cancellation_period': 0, 'cancellation_fee': 'FIRST', 'breakfast': 0, 'base_price': 7000, 'prices': [7000], 'price': 7000, 'old_price': 7000, 'currency': 'RUB', 'payment_amount': 7000, 'extras_variants': [], 'extras': [], 'rate_id': 6777, 'deals': [], 'cancellation_type': 'nonrefundable', 'credit_card': 1, 'bonus': 350, 'miles': 420, 'min_stay': 1, 'platichastyami': 0, 'mircashback': 700}, {'id': 393668, 'capacity': 2, 'prepayment': 'FIRST', 'nonrefundable': 1, 'cancellation_period': 0, 'cancellation_fee': 'FIRST', 'breakfast': 0, 'base_price': 9000, 'prices': [9000], 'price': 9000, 'old_price': 9000, 'currency': 'RUB', 'payment_amount': 9000, 'extras_variants': [], 'extras': [], 'rate_id': 6777, 'deals': [], 'cancellation_type': 'nonrefundable', 'credit_card': 1, 'bonus': 450, 'miles': 540, 'min_stay': 1, 'platichastyami': 0, 'mircashback': 900}]",7000.0,420,13176_101hotels,2026-07-31
2229207,,С видом на море,2,1,0,1,Двухместный,2,1,[{'double': 1}],[],"[{'id': 393663, 'capacity': 1, 'prepayment': 'FIRST', 'nonrefundable': 1, 'cancellation_period': 0, 'cancellation_fee': 'FIRST', 'breakfast': 0, 'base_price': 7000, 'prices': [7000], 'price': 7000, 'old_price': 7000, 'currency': 'RUB', 'payment_amount': 7000, 'extras_variants': [], 'extras': [], 'rate_id': 6777, 'deals': [], 'cancellation_type': 'nonrefundable', 'credit_card': 1, 'bonus': 350, 'miles': 420, 'min_stay': 1, 'platichastyami': 0, 'mircashback': 700}, {'id': 393664, 'capacity': 2, 'prepayment': 'FIRST', 'nonrefundable': 1, 'cancellation_period': 0, 'cancellation_fee': 'FIRST', 'breakfast': 0, 'base_price': 9000, 'prices': [9000], 'price': 9000, 'old_price': 9000, 'currency': 'RUB', 'payment_amount': 9000, 'extras_variants': [], 'extras': [], 'rate_id': 6777, 'deals': [], 'cancellation_type': 'nonrefundable', 'credit_card': 1, 'bonus': 450, 'miles': 540, 'min_stay': 1, 'platichastyami': 0, 'mircashback': 900}]",7000.0,420,13176_101hotels,2026-07-31
2229212,,Комфорт с дополнительным местом,2,1,0,1,Двухместный,2,3,"[{'double': 1, 'sofa': 1}]",[],"[{'id': 393665, 'capacity': 1, 'prepayment': 'FIRST', 'nonrefundable': 1, 'cancellation_period': 0, 'cancellation_fee': 'FIRST', 'breakfast': 0, 'base_price': 7000, 'prices': [7000], 'price': 7000, 'old_price': 7000, 'currency': 'RUB', 'payment_amount': 7000, 'extras_variants': [], 'extras': [], 'rate_id': 6777, 'deals': [], 'cancellation_type': 'nonrefundable', 'credit_card': 1, 'bonus': 350, 'miles': 420, 'min_stay': 1, 'platichastyami': 0, 'mircashback': 700}, {'id': 393666, 'capacity': 2, 'prepayment': 'FIRST', 'nonrefundable': 1, 'cancellation_period': 0, 'cancellation_fee': 'FIRST', 'breakfast': 0, 'base_price': 9000, 'prices': [9000], 'price': 9000, 'old_price': 9000, 'currency': 'RUB', 'payment_amount': 9000, 'extras_variants': [], 'extras': [], 'rate_id': 6777, 'deals': [], 'cancellation_type': 'nonrefundable', 'credit_card': 1, 'bonus': 450, 'miles': 540, 'min_stay': 1, 'platichastyami': 0, 'mircashback': 900}]",7000.0,420,13176_101hotels,2026-07-31
2238226,,Номер стандарт twin mini,2,0,0,1,Двухместный,2,1,[{'single': 2}],[],"[{'id': 453562, 'capacity': 1, 'prepayment': 'FIRST', 'nonrefundable': 0, 'cancellation_period': 7, 'cancellation_fee': 'FIRST', 'breakfast': 0, 'base_price': 7900, 'prices': [7900], 'price': 7900, 'old_price': 7900, 'currency': 'RUB', 'payment_amount': 7900, 'extras_variants': [], 'extras': [], 'rate_id': 11203, 'deals': [], 'cancellation_type': 'special', 'credit_card': 1, 'bonus': 395, 'miles': 474, 'min_stay': 1, 'platichastyami': 0, 'mircashback': 790}, {'id': 453563, 'capacity': 2, 'prepayment': 'FIRST', 'nonrefundable': 0, 'cancellation_period': 7, 'cancellation_fee': 'FIRST', 'breakfast': 0, 'base_price': 7900, 'prices': [7900], 'price': 7900, 'old_price': 7900, 'currency': 'RUB', 'payment_amount': 7900, 'extras_variants': [], 'extras': [], 'rate_id': 11203, 'deals': [], 'cancellation_type': 'special', 'credit_card': 1, 'bonus': 395, 'miles': 474, 'min_stay': 1, 'platichastyami': 0, 'mircashback': 790}]",7900.0,474,559425_101hotels,2026-07-31
2238232,,Номер стандарт twin,2,0,0,1,Двухместный,2,1,[{'single': 2}],[],"[{'id': 453564, 'capacity': 1, 'prepayment': 'FIRST', 'nonrefundable': 0, 'cancellation_period': 7, 'cancellation_fee': 'FIRST', 'breakfast': 0, 'base_price': 8800, 'prices': [8800], 'price': 8800, 'old_price': 8800, 'currency': 'RUB', 'payment_amount': 8800, 'extras_variants': [], 'extras': [], 'rate_id': 11203, 'deals': [], 'cancellation_type': 'special', 'credit_card': 1, 'bonus': 440, 'miles': 528, 'min_stay': 1, 'platichastyami': 0, 'mircashback': 880}, {'id': 453565, 'capacity': 2, 'prepayment': 'FIRST', 'nonrefundable': 0, 'cancellation_period': 7, 'cancellation_fee': 'FIRST', 'breakfast': 0, 'base_price': 8800, 'prices': [8800], 'price': 8800, 'old_price': 8800, 'currency': 'RUB', 'payment_amount': 8800, 'extras_variants': [], 'extras': [], 'rate_id': 11203, 'deals': [], 'cancellation_type': 'special', 'credit_card': 1, 'bonus': 440, 'miles': 528, 'min_stay': 1, 'platichastyami': 0, 'mircashback': 880}]",8800.0,528,559425_101hotels,2026-07-31
2238260,,Номер стандарт plus,2,1,0,1,Трёхместный и более,3,1,"[{'single': 2, 'sofa': 1}]",[],"[{'id': 453568, 'capacity': 1, 'prepayment': 'FIRST', 'nonrefundable': 0, 'cancellation_period': 7, 'cancellation_fee': 'FIRST', 'breakfast': 0, 'base_price': 9800, 'prices': [9800], 'price': 9800, 'old_price': 9800, 'currency': 'RUB', 'payment_amount': 9800, 'extras_variants': [], 'extras': [], 'rate_id': 11203, 'deals': [], 'cancellation_type': 'special', 'credit_card': 1, 'bonus': 490, 'miles': 588, 'min_stay': 1, 'platichastyami': 0, 'mircashback': 980}, {'id': 453569, 'capacity': 2, 'prepayment': 'FIRST', 'nonrefundable': 0, 'cancellation_period': 7, 'cancellation_fee': 'FIRST', 'breakfast': 0, 'base_price': 9800, 'prices': [9800], 'price': 9800, 'old_price': 9800, 'currency': 'RUB', 'payment_amount': 9800, 'extras_variants': [], 'extras': [], 'rate_id': 11203, 'deals': [], 'cancellation_type': 'special', 'credit_card': 1, 'bonus': 490, 'miles': 588, 'min_stay': 1, 'platichastyami': 0, 'mircashback': 980}]",9800.0,588,559425_101hotels,2026-07-31
2238289,,,2,2,0,1,Люкс,6,1,"[{'double': 1, 'sofa': 1}]",[],"[{'id': 453570, 'capacity': 1, 'prepayment': 'FIRST', 'nonrefundable': 0, 'cancellation_period': 7, 'cancellation_fee': 'FIRST', 'breakfast': 0, 'base_price': 10200, 'prices': [10200], 'price': 10200, 'old_price': 10200, 'currency': 'RUB', 'payment_amount': 10200, 'extras_variants': [], 'extras': [], 'rate_id': 11203, 'deals': [], 'cancellation_type': 'special', 'credit_card': 1, 'bonus': 510, 'miles': 612, 'min_stay': 1, 'platichastyami': 0, 'mircashback': 1020}, {'id': 453571, 'capacity': 2, 'prepayment': 'FIRST', 'nonrefundable': 0, 'cancellation_period': 7, 'cancellation_fee': 'FIRST', 'breakfast': 0, 'base_price': 10200, 'prices': [10200], 'price': 10200, 'old_price': 10200, 'currency': 'RUB', 'payment_amount': 10200, 'extras_variants': [], 'extras': [], 'rate_id': 11203, 'deals': [], 'cancellation_type': 'special', 'credit_card': 1, 'bonus': 510, 'miles': 612, 'min_stay': 1, 'platichastyami': 0, 'mircashback': 1020}]",10200.0,612,559425_101hotels,2026-07-31
44077,,Стандарт с видом на озеро,2,0,0,1,Двухместный,2,3,"[{'single': 2}, {'double': 1}]",[],"[{'id': 619664, 'capacity': 1, 'prepayment': 'FIRST', 'nonrefundable': 0, 'cancellation_period': 10, 'cancellation_fee': 'FIRST', 'breakfast': 1, 'base_price': 13230, 'prices': [13230], 'price': 13230, 'old_price': 13230, 'currency': 'RUB', 'payment_amount': 13230, 'extras_variants': [], 'extras': [], 'rate_id': 22635, 'deals': [], 'cancellation_type': 'special', 'credit_card': 1, 'bonus': 662, 'miles': 792, 'min_stay': 1, 'platichastyami': 0, 'mircashback': 1323}, {'id': 619665, 'capacity': 2, 'prepayment': 'FIRST', 'nonrefundable': 0, 'cancellation_period': 10, 'cancellation_fee': 'FIRST', 'breakfast': 1, 'base_price': 13230, 'prices': [13230], 'price': 13230, 'old_price': 13230, 'currency': 'RUB', 'payment_amount': 13230, 'extras_variants': [], 'extras': [], 'rate_id': 22635, 'deals': [], 'cancellation_type': 'special', 'credit_card': 1, 'bonus': 662, 'miles': 792, 'min_stay': 1, 'platichastyami': 0, 'mircashback': 1323}]",13230.0,792,9002_101hotels,2026-07-31
1585168,,Бюджетный номер,3,0,0,1,Трехместный,37,2,"[{'single': 1, 'double': 1}]",[],"[{'id': 704115, 'capacity': 1, 'prepayment': 'FIRST', 'nonrefundable': 0, 'cancellation_period': 5, 'cancellation_fee': 'FIRST', 'breakfast': 4, 'base_price': 4500, 'prices': [4500], 'price': 4500, 'old_price': 4500, 'currency': 'RUB', 'payment_amount': 4500, 'extras_variants': [], 'extras': [], 'rate_id': 28707, 'deals': [], 'cancellation_type': 'special', 'credit_card': 1, 'bonus': 225, 'miles': 270, 'min_stay': 1, 'platichastyami': 0}, {'id': 704116, 'capacity': 2, 'prepayment': 'FIRST', 'nonrefundable': 0, 'cancellation_period': 5, 'cancellation_fee': 'FIRST', 'breakfast': 4, 'base_price': 8500, 'prices': [8500], 'price': 8500, 'old_price': 8500, 'currency': 'RUB', 'payment_amount': 8500, 'extras_variants': [], 'extras': [], 'rate_id': 28707, 'deals': [], 'cancellation_type': 'special', 'credit_card': 1, 'bonus': 425, 'miles': 510, 'min_stay': 1, 'platichastyami': 0}, {'id': 704117, 'capacity': 3, 'prepayment': 'FIRST', 'nonrefundable': 0, 'cancellation_period': 5, 'cancellation_fee': 'FIRST', 'breakfast': 4, 'base_price': 11500, 'prices': [11500], 'price': 11500, 'old_price': 11500, 'currency': 'RUB', 'payment_amount': 11500, 'extras_variants': [], 'extras': [], 'rate_id': 28707, 'deals': [], 'cancellation_type': 'special', 'credit_card': 1, 'bonus': 575, 'miles': 690, 'min_stay': 1, 'platichastyami': 0}]",4500.0,270,489617_101hotels,2026-07-31
1616679,,Простой,3,1,0,1,Бунгало,30,2,"[{'single': 3, 'f-chair': 1}]",[],"[{'id': 804946, 'details': [{'day': '31.07.2026', 'base_price': 8500, 'price': 8500, 'discount': 0, 'deal_id': 0, 'deal_ids': [], 'deals': []}], 'capacity': 1, 'prepayment': 'FULL', 'nonrefundable': 0, 'cancellation_period': 0, 'cancellation_fee': 'NO', 'breakfast': 0, 'base_price': 8500, 'prices': [8500], 'price': 8500, 'old_price': 8500, 'currency': 'RUB', 'payment_amount': 8500, 'extras_variants': [], 'extras': [], 'rate_id': 36670, 'deals': [], 'cancellation_type': 'free', 'credit_card': 1, 'bonus': 425, 'miles': 510, 'min_stay': 1, 'platichastyami': 0, 'mircashback': 850}, {'id': 804947, 'details': [{'day': '31.07.2026', 'base_price': 8500, 'price': 8500, 'discount': 0, 'deal_id': 0, 'deal_ids': [], 'deals': []}], 'capacity': 2, 'prepayment': 'FULL', 'nonrefundable': 0, 'cancellation_period': 0, 'cancellation_fee': 'NO', 'breakfast': 0, 'base_price': 8500, 'prices': [8500], 'price': 8500, 'old_price': 8500, 'currency': 'RUB', 'payment_amount': 8500, 'extras_variants': [], 'extras': [], 'rate_id': 36670, 'deals': [], 'cancellation_type': 'free', 'credit_card': 1, 'bonus': 425, 'miles': 510, 'min_stay': 1, 'platichastyami': 0, 'mircashback': 850}, {'id': 804948, 'details': [{'day': '31.07.2026', 'base_price': 8500, 'price': 8500, 'discount': 0, 'deal_id': 0, 'deal_ids': [], 'deals': []}], 'capacity': 3, 'prepayment': 'FULL', 'nonrefundable': 0, 'cancellation_period': 0, 'cancellation_fee': 'NO', 'breakfast': 0, 'base_price': 8500, 'prices': [8500], 'price': 8500, 'old_price': 8500, 'currency': 'RUB', 'payment_amount': 8500, 'extras_variants': [], 'extras': [], 'rate_id': 36670, 'deals': [], 'cancellation_type': 'free', 'credit_card': 1, 'bonus': 425, 'miles': 510, 'min_stay': 1, 'platichastyami': 0, 'mircashback': 850}]",8500.0,510,188946_101hotels,2026-07-31
2276204,,Стандарт,2,1,0,1,Двухместный,2,5,"[{'single': 2, 'f-chair': 1}]",[],"[{'id': 804470, 'details': [{'day': '31.07.2026', 'base_price': 5000, 'price': 5000, 'discount': 0, 'deal_id': 0, 'deal_ids': [], 'deals': []}], 'capacity': 1, 'prepayment': 'FULL', 'nonrefundable': 0, 'cancellation_period': 0, 'cancellation_fee': 'NO', 'breakfast': 0, 'base_price': 5000, 'prices': [5000], 'price': 5000, 'old_price': 5000, 'currency': 'RUB', 'payment_amount': 5000, 'extras_variants': [], 'extras': [], 'rate_id': 36670, 'deals': [], 'cancellation_type': 'free', 'credit_card': 1, 'bonus': 250, 'miles': 300, 'min_stay': 1, 'platichastyami': 0, 'mircashback': 500}, {'id': 804471, 'details': [{'day': '31.07.2026', 'base_price': 6500, 'price': 6500, 'discount': 0, 'deal_id': 0, 'deal_ids': [], 'deals': []}], 'capacity': 2, 'prepayment': 'FULL', 'nonrefundable': 0, 'cancellation_period': 0, 'cancellation_fee': 'NO', 'breakfast': 0, 'base_price': 6500, 'prices': [6500], 'price': 6500, 'old_price': 6500, 'currency': 'RUB', 'payment_amount': 6500, 'extras_variants': [], 'extras': [], 'rate_id': 36670, 'deals': [], 'cancellation_type': 'free', 'credit_card': 1, 'bonus': 325, 'miles': 390, 'min_stay': 1, 'platichastyami': 0, 'mircashback': 650}]",5000.0,300,188946_101hotels,2026-07-31
2276205,,Студия,3,1,0,1,Трёхместный и более,3,4,"[{'single': 3, 'f-chair': 1}]",[],"[{'id': 804472, 'details': [{'day': '31.07.2026', 'base_price': 6000, 'price': 6000, 'discount': 0, 'deal_id': 0, 'deal_ids': [], 'deals': []}], 'capacity': 1, 'prepayment': 'FULL', 'nonrefundable': 0, 'cancellation_period': 0, 'cancellation_fee': 'NO', 'breakfast': 0, 'base_price': 6000, 'prices': [6000], 'price': 6000, 'old_price': 6000, 'currency': 'RUB', 'payment_amount': 6000, 'extras_variants': [], 'extras': [], 'rate_id': 36670, 'deals': [], 'cancellation_type': 'free', 'credit_card': 1, 'bonus': 300, 'miles': 360, 'min_stay': 1, 'platichastyami': 0, 'mircashback': 600}, {'id': 804473, 'details': [{'day': '31.07.2026', 'base_price': 8500, 'price': 8500, 'discount': 0, 'deal_id': 0, 'deal_ids': [], 'deals': []}], 'capacity': 2, 'prepayment': 'FULL', 'nonrefundable': 0, 'cancellation_period': 0, 'cancellation_fee': 'NO', 'breakfast': 0, 'base_price': 8500, 'prices': [8500], 'price': 8500, 'old_price': 8500, 'currency': 'RUB', 'payment_amount': 8500, 'extras_variants': [], 'extras': [], 'rate_id': 36670, 'deals': [], 'cancellation_type': 'free', 'credit_card': 1, 'bonus': 425, 'miles': 510, 'min_stay': 1, 'platichastyami': 0, 'mircashback': 850}, {'id': 804474, 'details': [{'day': '31.07.2026', 'base_price': 8500, 'price': 8500, 'discount': 0, 'deal_id': 0, 'deal_ids': [], 'deals': []}], 'capacity': 3, 'prepayment': 'FULL', 'nonrefundable': 0, 'cancellation_period': 0, 'cancellation_fee': 'NO', 'breakfast': 0, 'base_price': 8500, 'prices': [8500], 'price': 8500, 'old_price': 8500, 'currency': 'RUB', 'payment_amount': 8500, 'extras_variants': [], 'extras': [], 'rate_id': 36670, 'deals': [], 'cancellation_type': 'free', 'credit_card': 1, 'bonus': 425, 'miles': 510, 'min_stay': 1, 'platichastyami': 0, 'mircashback': 850}]",6000.0,360,188946_101hotels,2026-07-31
1988743,,Для 2 чел,2,0,0,1,Семейный,44,1,[{'double': 1}],[],"[{'id': 927022, 'details': [{'day': '31.07.2026', 'base_price': 2000, 'price': 2000, 'discount': 0, 'deal_id': 0, 'deal_ids': [], 'deals': []}], 'capacity': 1, 'prepayment': 'FULL', 'nonrefundable': 0, 'cancellation_period': 0, 'cancellation_fee': 'NO', 'breakfast': 0, 'base_price': 2000, 'prices': [2000], 'price': 2000, 'old_price': 2000, 'currency': 'RUB', 'payment_amount': 2000, 'extras_variants': [], 'extras': [], 'rate_id': 42732, 'deals': [], 'cancellation_type': 'free', 'credit_card': 1, 'bonus': 100, 'miles': 120, 'min_stay': 1, 'platichastyami': 0, 'mircashback': 200}, {'id': 927023, 'details': [{'day': '31.07.2026', 'base_price': 4000, 'price': 4000, 'discount': 0, 'deal_id': 0, 'deal_ids': [], 'deals': []}], 'capacity': 2, 'prepayment': 'FULL', 'nonrefundable': 0, 'cancellation_period': 0, 'cancellation_fee': 'NO', 'breakfast': 0, 'base_price': 4000, 'prices': [4000], 'price': 4000, 'old_price': 4000, 'currency': 'RUB', 'payment_amount': 4000, 'extras_variants': [], 'extras': [], 'rate_id': 42732, 'deals': [], 'cancellation_type': 'free', 'credit_card': 1, 'bonus': 200, 'miles': 240, 'min_stay': 1, 'platichastyami': 0, 'mircashback': 400}]",2000.0,120,609283_101hotels,2026-07-31
1988745,,Номер эконом-класса,4,0,0,0,Четырехместный,34,1,[{'2-tier': 2}],[],"[{'id': 927014, 'details': [{'day': '31.07.2026', 'base_price': 1700, 'price': 1700, 'discount': 0, 'deal_id': 0, 'deal_ids': [], 'deals': []}], 'capacity': 1, 'prepayment': 'FULL', 'nonrefundable': 0, 'cancellation_period': 0, 'cancellation_fee': 'NO', 'breakfast': 0, 'base_price': 1700, 'prices': [1700], 'price': 1700, 'old_price': 1700, 'currency': 'RUB', 'payment_amount': 1700, 'extras_variants': [], 'extras': [], 'rate_id': 42732, 'deals': [], 'cancellation_type': 'free', 'credit_card': 1, 'bonus': 85, 'miles': 102, 'min_stay': 1, 'platichastyami': 0, 'mircashback': 170}, {'id': 927015, 'details': [{'day': '31.07.2026', 'base_price': 3400, 'price': 3400, 'discount': 0, 'deal_id': 0, 'deal_ids': [], 'deals': []}], 'capacity': 2, 'prepayment': 'FULL', 'nonrefundable': 0, 'cancellation_period': 0, 'cancellation_fee': 'NO', 'breakfast': 0, 'base_price': 3400, 'prices': [3400], 'price': 3400, 'old_price': 3400, 'currency': 'RUB', 'payment_amount': 3400, 'extras_variants': [], 'extras': [], 'rate_id': 42732, 'deals': [], 'cancellation_type': 'free', 'credit_card': 1, 'bonus': 170, 'miles': 204, 'min_stay': 1, 'platichastyami': 0, 'mircashback': 340}, {'id': 927016, 'details': [{'day': '31.07.2026', 'base_price': 5100, 'price': 5100, 'discount': 0, 'deal_id': 0, 'deal_ids': [], 'deals': []}], 'capacity': 3, 'prepayment': 'FULL', 'nonrefundable': 0, 'cancellation_period': 0, 'cancellation_fee': 'NO', 'breakfast': 0, 'base_price': 5100, 'prices': [5100], 'price': 5100, 'old_price': 5100, 'currency': 'RUB', 'payment_amount': 5100, 'extras_variants': [], 'extras': [], 'rate_id': 42732, 'deals': [], 'cancellation_type': 'free', 'credit_card': 1, 'bonus': 255, 'miles': 306, 'min_stay': 1, 'platichastyami': 0, 'mircashback': 510}, {'id': 927017, 'details': [{'day': '31.07.2026', 'base_price': 6800, 'price': 6800, 'discount': 0, 'deal_id': 0, 'deal_ids': [], 'deals': []}], 'capacity': 4, 'prepayment': 'FULL', 'nonrefundable': 0, 'cancellation_period': 0, 'cancellation_fee': 'NO', 'breakfast': 0, 'base_price': 6800, 'prices': [6800], 'price': 6800, 'old_price': 6800, 'currency': 'RUB', 'payment_amount': 6800, 'extras_variants': [], 'extras': [], 'rate_id': 42732, 'deals': [], 'cancellation_type': 'free', 'credit_card': 1, 'bonus': 340, 'miles': 408, 'min_stay': 1, 'platichastyami': 0, 'mircashback': 680}]",1700.0,102,609283_101hotels,2026-07-31
1988748,,Комфорт,4,0,0,0,Четырехместный,34,1,[{'single': 4}],[],"[{'id': 927018, 'details': [{'day': '31.07.2026', 'base_price': 2000, 'price': 2000, 'discount': 0, 'deal_id': 0, 'deal_ids': [], 'deals': []}], 'capacity': 1, 'prepayment': 'FULL', 'nonrefundable': 0, 'cancellation_period': 0, 'cancellation_fee': 'NO', 'breakfast': 0, 'base_price': 2000, 'prices': [2000], 'price': 2000, 'old_price': 2000, 'currency': 'RUB', 'payment_amount': 2000, 'extras_variants': [], 'extras': [], 'rate_id': 42732, 'deals': [], 'cancellation_type': 'free', 'credit_card': 1, 'bonus': 100, 'miles': 120, 'min_stay': 1, 'platichastyami': 0, 'mircashback': 200}, {'id': 927019, 'details': [{'day': '31.07.2026', 'base_price': 4000, 'price': 4000, 'discount': 0, 'deal_id': 0, 'deal_ids': [], 'deals': []}], 'capacity': 2, 'prepayment': 'FULL', 'nonrefundable': 0, 'cancellation_period': 0, 'cancellation_fee': 'NO', 'breakfast': 0, 'base_price': 4000, 'prices': [4000], 'price': 4000, 'old_price': 4000, 'currency': 'RUB', 'payment_amount': 4000, 'extras_variants': [], 'extras': [], 'rate_id': 42732, 'deals': [], 'cancellation_type': 'free', 'credit_card': 1, 'bonus': 200, 'miles': 240, 'min_stay': 1, 'platichastyami': 0, 'mircashback': 400}, {'id': 927020, 'details': [{'day': '31.07.2026', 'base_price': 6000, 'price': 6000, 'discount': 0, 'deal_id': 0, 'deal_ids': [], 'deals': []}], 'capacity': 3, 'prepayment': 'FULL', 'nonrefundable': 0, 'cancellation_period': 0, 'cancellation_fee': 'NO', 'breakfast': 0, 'base_price': 6000, 'prices': [6000], 'price': 6000, 'old_price': 6000, 'currency': 'RUB', 'payment_amount': 6000, 'extras_variants': [], 'extras': [], 'rate_id': 42732, 'deals': [], 'cancellation_type': 'free', 'credit_card': 1, 'bonus': 300, 'miles': 360, 'min_stay': 1, 'platichastyami': 0, 'mircashback': 600}, {'id': 927021, 'details': [{'day': '31.07.2026', 'base_price': 8000, 'price': 8000, 'discount': 0, 'deal_id': 0, 'deal_ids': [], 'deals': []}], 'capacity': 4, 'prepayment': 'FULL', 'nonrefundable': 0, 'cancellation_period': 0, 'cancellation_fee': 'NO', 'breakfast': 0, 'base_price': 8000, 'prices': [8000], 'price': 8000, 'old_price': 8000, 'currency': 'RUB', 'payment_amount': 8000, 'extras_variants': [], 'extras': [], 'rate_id': 42732, 'deals': [], 'cancellation_type': 'free', 'credit_card': 1, 'bonus': 400, 'miles': 480, 'min_stay': 1, 'platichastyami': 0, 'mircashback': 800}]",2000.0,120,609283_101hotels,2026-07-31
1988757,,До 4 чел,4,0,0,1,Семейный,44,1,"[{'single': 2, 'sofa': 1}]",[],"[{'id': 927025, 'details': [{'day': '31.07.2026', 'base_price': 2000, 'price': 2000, 'discount': 0, 'deal_id': 0, 'deal_ids': [], 'deals': []}], 'capacity': 1, 'prepayment': 'FULL', 'nonrefundable': 0, 'cancellation_period': 0, 'cancellation_fee': 'NO', 'breakfast': 0, 'base_price': 2000, 'prices': [2000], 'price': 2000, 'old_price': 2000, 'currency': 'RUB', 'payment_amount': 2000, 'extras_variants': [], 'extras': [], 'rate_id': 42732, 'deals': [], 'cancellation_type': 'free', 'credit_card': 1, 'bonus': 100, 'miles': 120, 'min_stay': 1, 'platichastyami': 0, 'mircashback': 200}, {'id': 927026, 'details': [{'day': '31.07.2026', 'base_price': 4000, 'price': 4000, 'discount': 0, 'deal_id': 0, 'deal_ids': [], 'deals': []}], 'capacity': 2, 'prepayment': 'FULL', 'nonrefundable': 0, 'cancellation_period': 0, 'cancellation_fee': 'NO', 'breakfast': 0, 'base_price': 4000, 'prices': [4000], 'price': 4000, 'old_price': 4000, 'currency': 'RUB', 'payment_amount': 4000, 'extras_variants': [], 'extras': [], 'rate_id': 42732, 'deals': [], 'cancellation_type': 'free', 'credit_card': 1, 'bonus': 200, 'miles': 240, 'min_stay': 1, 'platichastyami': 0, 'mircashback': 400}, {'id': 927027, 'details': [{'day': '31.07.2026', 'base_price': 6000, 'price': 6000, 'discount': 0, 'deal_id': 0, 'deal_ids': [], 'deals': []}], 'capacity': 3, 'prepayment': 'FULL', 'nonrefundable': 0, 'cancellation_period': 0, 'cancellation_fee': 'NO', 'breakfast': 0, 'base_price': 6000, 'prices': [6000], 'price': 6000, 'old_price': 6000, 'currency': 'RUB', 'payment_amount': 6000, 'extras_variants': [], 'extras': [], 'rate_id': 42732, 'deals': [], 'cancellation_type': 'free', 'credit_card': 1, 'bonus': 300, 'miles': 360, 'min_stay': 1, 'platichastyami': 0, 'mircashback': 600}, {'id': 927028, 'details': [{'day': '31.07.2026', 'base_price': 8000, 'price': 8000, 'discount': 0, 'deal_id': 0, 'deal_ids': [], 'deals': []}], 'capacity': 4, 'prepayment': 'FULL', 'nonrefundable': 0, 'cancellation_period': 0, 'cancellation_fee': 'NO', 'breakfast': 0, 'base_price': 8000, 'prices': [8000], 'price': 8000, 'old_price': 8000, 'currency': 'RUB', 'payment_amount': 8000, 'extras_variants': [], 'extras': [], 'rate_id': 42732, 'deals': [], 'cancellation_type': 'free', 'credit_card': 1, 'bonus': 400, 'miles': 480, 'min_stay': 1, 'platichastyami': 0, 'mircashback': 800}]",2000.0,120,609283_101hotels,2026-07-31
238139,,В Коттедже,2,0,0,0,Двухместный,2,2,[{'single': 2}],[],"[{'id': 316307, 'details': [{'day': '31.07.2026', 'base_price': 9200, 'price': 9200, 'discount': 0, 'deal_id': 0, 'deal_ids': [], 'deals': []}], 'capacity': 1, 'prepayment': 'FULL', 'nonrefundable': 1, 'cancellation_period': 0, 'cancellation_fee': 'FIRST', 'breakfast': 0, 'base_price': 9200, 'prices': [9200], 'price': 9200, 'old_price': 9200, 'currency': 'RUB', 'payment_amount': 9200, 'extras_variants': [], 'extras': [], 'rate_id': 3108, 'deals': [], 'cancellation_type': 'nonrefundable', 'credit_card': 1, 'bonus': 460, 'miles': 552, 'min_stay': 1, 'platichastyami': 0, 'mircashback': 920}, {'id': 316308, 'details': [{'day': '31.07.2026', 'base_price': 9200, 'price': 9200, 'discount': 0, 'deal_id': 0, 'deal_ids': [], 'deals': []}], 'capacity': 2, 'prepayment': 'FULL', 'nonrefundable': 1, 'cancellation_period': 0, 'cancellation_fee': 'FIRST', 'breakfast': 0, 'base_price': 9200, 'prices': [9200], 'price': 9200, 'old_price': 9200, 'currency': 'RUB', 'payment_amount': 9200, 'extras_variants': [], 'extras': [], 'rate_id': 3108, 'deals': [], 'cancellation_type': 'nonrefundable', 'credit_card': 1, 'bonus': 460, 'miles': 552, 'min_stay': 1, 'platichastyami': 0, 'mircashback': 920}]",9200.0,552,64543_101hotels,2026-07-31
238141,,В Коттедже,4,0,0,0,Четырехместный,34,1,[{'single': 4}],[],"[{'id': 316322, 'details': [{'day': '31.07.2026', 'base_price': 14600, 'price': 14600, 'discount': 0, 'deal_id': 0, 'deal_ids': [], 'deals': []}], 'capacity': 1, 'prepayment': 'FULL', 'nonrefundable': 1, 'cancellation_period': 0, 'cancellation_fee': 'FIRST', 'breakfast': 0, 'base_price': 14600, 'prices': [14600], 'price': 14600, 'old_price': 14600, 'currency': 'RUB', 'payment_amount': 14600, 'extras_variants': [], 'extras': [], 'rate_id': 3108, 'deals': [], 'cancellation_type': 'nonrefundable', 'credit_card': 1, 'bonus': 730, 'miles': 876, 'min_stay': 1, 'platichastyami': 0, 'mircashback': 1460}, {'id': 316323, 'details': [{'day': '31.07.2026', 'base_price': 14600, 'price': 14600, 'discount': 0, 'deal_id': 0, 'deal_ids': [], 'deals': []}], 'capacity': 2, 'prepayment': 'FULL', 'nonrefundable': 1, 'cancellation_period': 0, 'cancellation_fee': 'FIRST', 'breakfast': 0, 'base_price': 14600, 'prices': [14600], 'price': 14600, 'old_price': 14600, 'currency': 'RUB', 'payment_amount': 14600, 'extras_variants': [], 'extras': [], 'rate_id': 3108, 'deals': [], 'cancellation_type': 'nonrefundable', 'credit_card': 1, 'bonus': 730, 'miles': 876, 'min_stay': 1, 'platichastyami': 0, 'mircashback': 1460}, {'id': 316324, 'details': [{'day': '31.07.2026', 'base_price': 14600, 'price': 14600, 'discount': 0, 'deal_id': 0, 'deal_ids': [], 'deals': []}], 'capacity': 3, 'prepayment': 'FULL', 'nonrefundable': 1, 'cancellation_period': 0, 'cancellation_fee': 'FIRST', 'breakfast': 0, 'base_price': 14600, 'prices': [14600], 'price': 14600, 'old_price': 14600, 'currency': 'RUB', 'payment_amount': 14600, 'extras_variants': [], 'extras': [], 'rate_id': 3108, 'deals': [], 'cancellation_type': 'nonrefundable', 'credit_card': 1, 'bonus': 730, 'miles': 876, 'min_stay': 1, 'platichastyami': 0, 'mircashback': 1460}, {'id': 316325, 'details': [{'day': '31.07.2026', 'base_price': 14600, 'price': 14600, 'discount': 0, 'deal_id': 0, 'deal_ids': [], 'deals': []}], 'capacity': 4, 'prepayment': 'FULL', 'nonrefundable': 1, 'cancellation_period': 0, 'cancellation_fee': 'FIRST', 'breakfast': 0, 'base_price': 14600, 'prices': [14600], 'price': 14600, 'old_price': 14600, 'currency': 'RUB', 'payment_amount': 14600, 'extras_variants': [], 'extras': [], 'rate_id': 3108, 'deals': [], 'cancellation_type': 'nonrefundable', 'credit_card': 1, 'bonus': 730, 'miles': 876, 'min_stay': 1, 'platichastyami': 0, 'mircashback': 1460}]",14600.0,876,64543_101hotels,2026-07-31
2221441,,Гостевой этаж,2,0,0,0,Двухместный,2,2,[{'single': 2}],[],"[{'id': 316309, 'details': [{'day': '31.07.2026', 'base_price': 8300, 'price': 8300, 'discount': 0, 'deal_id': 0, 'deal_ids': [], 'deals': []}], 'capacity': 1, 'prepayment': 'FULL', 'nonrefundable': 1, 'cancellation_period': 0, 'cancellation_fee': 'FIRST', 'breakfast': 0, 'base_price': 8300, 'prices': [8300], 'price': 8300, 'old_price': 8300, 'currency': 'RUB', 'payment_amount': 8300, 'extras_variants': [], 'extras': [], 'rate_id': 3108, 'deals': [], 'cancellation_type': 'nonrefundable', 'credit_card': 1, 'bonus': 415, 'miles': 498, 'min_stay': 1, 'platichastyami': 0, 'mircashback': 830}, {'id': 316310, 'details': [{'day': '31.07.2026', 'base_price': 8300, 'price': 8300, 'discount': 0, 'deal_id': 0, 'deal_ids': [], 'deals': []}], 'capacity': 2, 'prepayment': 'FULL', 'nonrefundable': 1, 'cancellation_period': 0, 'cancellation_fee': 'FIRST', 'breakfast': 0, 'base_price': 8300, 'prices': [8300], 'price': 8300, 'old_price': 8300, 'currency': 'RUB', 'payment_amount': 8300, 'extras_variants': [], 'extras': [], 'rate_id': 3108, 'deals': [], 'cancellation_type': 'nonrefundable', 'credit_card': 1, 'bonus': 415, 'miles': 498, 'min_stay': 1, 'platichastyami': 0, 'mircashback': 830}]",8300.0,498,64543_101hotels,2026-07-31
2289208,,Стандарт,1,0,1,1,Одноместный,1,5,[{'single': 1}],[],"[{'id': 948523, 'capacity': 1, 'prepayment': 'NO', 'nonrefundable': 0, 'cancellation_period': 0, 'cancellation_fee': 'NO', 'breakfast': 0, 'base_price': 3300, 'prices': [3300], 'price': 3300, 'old_price': 3300, 'currency': 'RUB', 'payment_amount': 0, 'extras_variants': [], 'extras': [], 'rate_id': 39402, 'deals': [], 'cancellation_type': 'free', 'credit_card': 0, 'bonus': 165, 'miles': 198, 'min_stay': 1, 'platichastyami': 0, 'mircashback': 330}]",3300.0,198,651246_101hotels,2026-07-31
2289210,,Стандарт,2,0,0,1,Двухместный,2,3,[{'single': 2}],[],"[{'id': 948550, 'capacity': 1, 'prepayment': 'NO', 'nonrefundable': 0, 'cancellation_period': 0, 'cancellation_fee': 'NO', 'breakfast': 0, 'base_price': 2400, 'prices': [2400], 'price': 2400, 'old_price': 2400, 'currency': 'RUB', 'payment_amount': 0, 'extras_variants': [], 'extras': [], 'rate_id': 39402, 'deals': [], 'cancellation_type': 'free', 'credit_card': 0, 'bonus': 120, 'miles': 144, 'min_stay': 1, 'platichastyami': 0, 'mircashback': 240}, {'id': 948551, 'capacity': 2, 'prepayment': 'NO', 'nonrefundable': 0, 'cancellation_period': 0, 'cancellation_fee': 'NO', 'breakfast': 0, 'base_price': 4800, 'prices': [4800], 'price': 4800, 'old_price': 4800, 'currency': 'RUB', 'payment_amount': 0, 'extras_variants': [], 'extras': [], 'rate_id': 39402, 'deals': [], 'cancellation_type': 'free', 'credit_card': 0, 'bonus': 240, 'miles': 288, 'min_stay': 1, 'platichastyami': 0, 'mircashback': 480}]",2400.0,144,651246_101hotels,2026-07-31
2308666,,"Номер ""Эконом"" без окон",2,2,1,1,Двухместный,2,1,[{'single': 1}],[],"[{'id': 1114339, 'capacity': 1, 'prepayment': 'NO', 'nonrefundable': 0, 'cancellation_period': 0, 'cancellation_fee': 'NO', 'breakfast': 0, 'base_price': 1800, 'prices': [1800], 'price': 1800, 'old_price': 1800, 'currency': 'RUB', 'payment_amount': 0, 'extras_variants': [], 'extras': [], 'rate_id': 39402, 'deals': [], 'cancellation_type': 'free', 'credit_card': 0, 'bonus': 90, 'miles': 108, 'min_stay': 1, 'platichastyami': 0, 'mircashback': 180}]",1800.0,108,651246_101hotels,2026-07-31
2308667,,"Номер двухместный с дополнительным местом ""Эконом""",3,3,1,1,Трехместный,37,1,[{'single': 1}],[],"[{'id': 1114340, 'capacity': 1, 'prepayment': 'NO', 'nonrefundable': 0, 'cancellation_period': 0, 'cancellation_fee': 'NO', 'breakfast': 0, 'base_price': 1800, 'prices': [1800], 'price': 1800, 'old_price': 1800, 'currency': 'RUB', 'payment_amount': 0, 'extras_variants': [], 'extras': [], 'rate_id': 39402, 'deals': [], 'cancellation_type': 'free', 'credit_card': 0, 'bonus': 90, 'miles': 108, 'min_stay': 1, 'platichastyami': 0, 'mircashback': 180}]",1800.0,108,651246_101hotels,2026-07-31
1867761,,с ванной комнатой,3,0,0,1,Трехместный,37,1,[{'single': 3}],[],"[{'id': 760689, 'capacity': 1, 'prepayment': 'FIRST', 'nonrefundable': 0, 'cancellation_period': 7, 'cancellation_fee': 'FIRST', 'breakfast': 0, 'base_price': 4700, 'prices': [4700], 'price': 4700, 'old_price': 4700, 'currency': 'RUB', 'payment_amount': 4700, 'extras_variants': [], 'extras': [], 'rate_id': 33389, 'deals': [], 'cancellation_type': 'special', 'credit_card': 1, 'bonus': 235, 'miles': 282, 'min_stay': 1, 'platichastyami': 0, 'mircashback': 470}, {'id': 760690, 'capacity': 2, 'prepayment': 'FIRST', 'nonrefundable': 0, 'cancellation_period': 7, 'cancellation_fee': 'FIRST', 'breakfast': 0, 'base_price': 4700, 'prices': [4700], 'price': 4700, 'old_price': 4700, 'currency': 'RUB', 'payment_amount': 4700, 'extras_variants': [], 'extras': [], 'rate_id': 33389, 'deals': [], 'cancellation_type': 'special', 'credit_card': 1, 'bonus': 235, 'miles': 282, 'min_stay': 1, 'platichastyami': 0, 'mircashback': 470}, {'id': 760691, 'capacity': 3, 'prepayment': 'FIRST', 'nonrefundable': 0, 'cancellation_period': 7, 'cancellation_fee': 'FIRST', 'breakfast': 0, 'base_price': 4700, 'prices': [4700], 'price': 4700, 'old_price': 4700, 'currency': 'RUB', 'payment_amount': 4700, 'extras_variants': [], 'extras': [], 'rate_id': 33389, 'deals': [], 'cancellation_type': 'special', 'credit_card': 1, 'bonus': 235, 'miles': 282, 'min_stay': 1, 'platichastyami': 0, 'mircashback': 470}]",4700.0,282,559442_101hotels,2026-07-31
2320296,,Домик 3,6,0,0,1,Мини-дом,57,1,"[{'single': 4, 'sofa': 1}]",[],"[{'id': 1217796, 'capacity': 1, 'prepayment': 'FULL', 'nonrefundable': 0, 'cancellation_period': 10, 'cancellation_fee': 'FIRST', 'breakfast': 0, 'base_price': 7500, 'prices': [7500], 'price': 7500, 'old_price': 7500, 'currency': 'RUB', 'payment_amount': 7500, 'extras_variants': [], 'extras': [], 'rate_id': 62501, 'deals': [], 'cancellation_type': 'special', 'credit_card': 1, 'bonus': 375, 'miles': 450, 'min_stay': 1, 'platichastyami': 0, 'mircashback': 750}, {'id': 1217797, 'capacity': 2, 'prepayment': 'FULL', 'nonrefundable': 0, 'cancellation_period': 10, 'cancellation_fee': 'FIRST', 'breakfast': 0, 'base_price': 7500, 'prices': [7500], 'price': 7500, 'old_price': 7500, 'currency': 'RUB', 'payment_amount': 7500, 'extras_variants': [], 'extras': [], 'rate_id': 62501, 'deals': [], 'cancellation_type': 'special', 'credit_card': 1, 'bonus': 375, 'miles': 450, 'min_stay': 1, 'platichastyami': 0, 'mircashback': 750}, {'id': 1217798, 'capacity': 3, 'prepayment': 'FULL', 'nonrefundable': 0, 'cancellation_period': 10, 'cancellation_fee': 'FIRST', 'breakfast': 0, 'base_price': 7500, 'prices': [7500], 'price': 7500, 'old_price': 7500, 'currency': 'RUB', 'payment_amount': 7500, 'extras_variants': [], 'extras': [], 'rate_id': 62501, 'deals': [], 'cancellation_type': 'special', 'credit_card': 1, 'bonus': 375, 'miles': 450, 'min_stay': 1, 'platichastyami': 0, 'mircashback': 750}, {'id': 1217799, 'capacity': 4, 'prepayment': 'FULL', 'nonrefundable': 0, 'cancellation_period': 10, 'cancellation_fee': 'FIRST', 'breakfast': 0, 'base_price': 7500, 'prices': [7500], 'price': 7500, 'old_price': 7500, 'currency': 'RUB', 'payment_amount': 7500, 'extras_variants': [], 'extras': [], 'rate_id': 62501, 'deals': [], 'cancellation_type': 'special', 'credit_card': 1, 'bonus': 375, 'miles': 450, 'min_stay': 1, 'platichastyami': 0, 'mircashback': 750}]",7500.0,450,677907_101hotels,2026-07-31
2320299,,Домик 4,4,0,0,1,Мини-дом,57,1,"[{'double': 1, 'sofa': 1}]",[],"[{'id': 1217792, 'capacity': 1, 'prepayment': 'FULL', 'nonrefundable': 0, 'cancellation_period': 10, 'cancellation_fee': 'FIRST', 'breakfast': 0, 'base_price': 5000, 'prices': [5000], 'price': 5000, 'old_price': 5000, 'currency': 'RUB', 'payment_amount': 5000, 'extras_variants': [], 'extras': [], 'rate_id': 62501, 'deals': [], 'cancellation_type': 'special', 'credit_card': 1, 'bonus': 250, 'miles': 300, 'min_stay': 1, 'platichastyami': 0, 'mircashback': 500}, {'id': 1217793, 'capacity': 2, 'prepayment': 'FULL', 'nonrefundable': 0, 'cancellation_period': 10, 'cancellation_fee': 'FIRST', 'breakfast': 0, 'base_price': 5000, 'prices': [5000], 'price': 5000, 'old_price': 5000, 'currency': 'RUB', 'payment_amount': 5000, 'extras_variants': [], 'extras': [], 'rate_id': 62501, 'deals': [], 'cancellation_type': 'special', 'credit_card': 1, 'bonus': 250, 'miles': 300, 'min_stay': 1, 'platichastyami': 0, 'mircashback': 500}]",5000.0,300,677907_101hotels,2026-07-31
2320309,,Номер 4 люкс,2,0,0,1,Семейный,44,1,[{'double': 1}],[],"[{'id': 1217770, 'capacity': 1, 'prepayment': 'FULL', 'nonrefundable': 0, 'cancellation_period': 10, 'cancellation_fee': 'FIRST', 'breakfast': 0, 'base_price': 3750, 'prices': [3750], 'price': 3750, 'old_price': 3750, 'currency': 'RUB', 'payment_amount': 3750, 'extras_variants': [], 'extras': [], 'rate_id': 62501, 'deals': [], 'cancellation_type': 'special', 'credit_card': 1, 'bonus': 188, 'miles': 225, 'min_stay': 1, 'platichastyami': 0, 'mircashback': 375}, {'id': 1217771, 'capacity': 2, 'prepayment': 'FULL', 'nonrefundable': 0, 'cancellation_period': 10, 'cancellation_fee': 'FIRST', 'breakfast': 0, 'base_price': 3750, 'prices': [3750], 'price': 3750, 'old_price': 3750, 'currency': 'RUB', 'payment_amount': 3750, 'extras_variants': [], 'extras': [], 'rate_id': 62501, 'deals': [], 'cancellation_type': 'special', 'credit_card': 1, 'bonus': 188, 'miles': 225, 'min_stay': 1, 'platichastyami': 0, 'mircashback': 375}]",3750.0,225,677907_101hotels,2026-07-31
2320313,,Номер 6 стандарт,4,0,0,0,Семейный,44,1,"[{'single': 2, 'double': 1}]",[],"[{'id': 1217782, 'capacity': 1, 'prepayment': 'FULL', 'nonrefundable': 0, 'cancellation_period': 10, 'cancellation_fee': 'FIRST', 'breakfast': 0, 'base_price': 4375, 'prices': [4375], 'price': 4375, 'old_price': 4375, 'currency': 'RUB', 'payment_amount': 4375, 'extras_variants': [], 'extras': [], 'rate_id': 62501, 'deals': [], 'cancellation_type': 'special', 'credit_card': 1, 'bonus': 219, 'miles': 261, 'min_stay': 1, 'platichastyami': 0, 'mircashback': 438}, {'id': 1217783, 'capacity': 2, 'prepayment': 'FULL', 'nonrefundable': 0, 'cancellation_period': 10, 'cancellation_fee': 'FIRST', 'breakfast': 0, 'base_price': 4375, 'prices': [4375], 'price': 4375, 'old_price': 4375, 'currency': 'RUB', 'payment_amount': 4375, 'extras_variants': [], 'extras': [], 'rate_id': 62501, 'deals': [], 'cancellation_type': 'special', 'credit_card': 1, 'bonus': 219, 'miles': 261, 'min_stay': 1, 'platichastyami': 0, 'mircashback': 438}, {'id': 1217784, 'capacity': 3, 'prepayment': 'FULL', 'nonrefundable': 0, 'cancellation_period': 10, 'cancellation_fee': 'FIRST', 'breakfast': 0, 'base_price': 4375, 'prices': [4375], 'price': 4375, 'old_price': 4375, 'currency': 'RUB', 'payment_amount': 4375, 'extras_variants': [], 'extras': [], 'rate_id': 62501, 'deals': [], 'cancellation_type': 'special', 'credit_card': 1, 'bonus': 219, 'miles': 261, 'min_stay': 1, 'platichastyami': 0, 'mircashback': 438}, {'id': 1217785, 'capacity': 4, 'prepayment': 'FULL', 'nonrefundable': 0, 'cancellation_period': 10, 'cancellation_fee': 'FIRST', 'breakfast': 0, 'base_price': 4375, 'prices': [4375], 'price': 4375, 'old_price': 4375, 'currency': 'RUB', 'payment_amount': 4375, 'extras_variants': [], 'extras': [], 'rate_id': 62501, 'deals': [], 'cancellation_type': 'special', 'credit_card': 1, 'bonus': 219, 'miles': 261, 'min_stay': 1, 'platichastyami': 0, 'mircashback': 438}]",4375.0,261,677907_101hotels,2026-07-31
2320314,,Номер 7 стандарт,5,0,0,0,Пятиместный,35,1,[{'single': 5}],[],"[{'id': 1217765, 'capacity': 1, 'prepayment': 'FULL', 'nonrefundable': 0, 'cancellation_period': 10, 'cancellation_fee': 'FIRST', 'breakfast': 0, 'base_price': 9375, 'prices': [9375], 'price': 9375, 'old_price': 9375, 'currency': 'RUB', 'payment_amount': 9375, 'extras_variants': [], 'extras': [], 'rate_id': 62501, 'deals': [], 'cancellation_type': 'special', 'credit_card': 1, 'bonus': 469, 'miles': 561, 'min_stay': 1, 'platichastyami': 0, 'mircashback': 938}]",9375.0,561,677907_101hotels,2026-07-31
2271673,,Стандарт,2,0,0,1,Двухместный,2,6,[{'single': 2}],[],"[{'id': 1192349, 'capacity': 1, 'prepayment': 'FULL', 'nonrefundable': 0, 'cancellation_period': 1, 'cancellation_fee': 'FIRST', 'breakfast': 0, 'base_price': 5250, 'prices': [5250], 'price': 5250, 'old_price': 5250, 'currency': 'RUB', 'payment_amount': 5250, 'extras_variants': [], 'extras': [], 'rate_id': 29990, 'deals': [], 'cancellation_type': 'special', 'credit_card': 1, 'bonus': 263, 'miles': 315, 'min_stay': 1, 'platichastyami': 0, 'mircashback': 525}, {'id': 1192350, 'capacity': 2, 'prepayment': 'FULL', 'nonrefundable': 0, 'cancellation_period': 1, 'cancellation_fee': 'FIRST', 'breakfast': 0, 'base_price': 5250, 'prices': [5250], 'price': 5250, 'old_price': 5250, 'currency': 'RUB', 'payment_amount': 5250, 'extras_variants': [], 'extras': [], 'rate_id': 29990, 'deals': [], 'cancellation_type': 'special', 'credit_card': 1, 'bonus': 263, 'miles': 315, 'min_stay': 1, 'platichastyami': 0, 'mircashback': 525}]",5250.0,315,495209_101hotels,2026-07-31
2321114,,Семейный,4,0,0,1,Люкс,6,1,"[{'sofa': 1, 'double': 1}]",[],"[{'id': 1223988, 'capacity': 1, 'prepayment': 'FULL', 'nonrefundable': 0, 'cancellation_period': 1, 'cancellation_fee': 'FIRST', 'breakfast': 0, 'base_price': 9750, 'prices': [9750], 'price': 9750, 'old_price': 9750, 'currency': 'RUB', 'payment_amount': 9750, 'extras_variants': [], 'extras': [], 'rate_id': 29992, 'deals': [], 'cancellation_type': 'special', 'credit_card': 1, 'bonus': 488, 'miles': 585, 'min_stay': 1, 'platichastyami': 0, 'mircashback': 975}, {'id': 1223989, 'capacity': 2, 'prepayment': 'FULL', 'nonrefundable': 0, 'cancellation_period': 1, 'cancellation_fee': 'FIRST', 'breakfast': 0, 'base_price': 9750, 'prices': [9750], 'price': 9750, 'old_price': 9750, 'currency': 'RUB', 'payment_amount': 9750, 'extras_variants': [], 'extras': [], 'rate_id': 29992, 'deals': [], 'cancellation_type': 'special', 'credit_card': 1, 'bonus': 488, 'miles': 585, 'min_stay': 1, 'platichastyami': 0, 'mircashback': 975}, {'id': 1223995, 'capacity': 3, 'prepayment': 'FULL', 'nonrefundable': 0, 'cancellation_period': 1, 'cancellation_fee': 'FIRST', 'breakfast': 0, 'base_price': 9750, 'prices': [9750], 'price': 9750, 'old_price': 9750, 'currency': 'RUB', 'payment_amount': 9750, 'extras_variants': [], 'extras': [], 'rate_id': 29992, 'deals': [], 'cancellation_type': 'special', 'credit_card': 1, 'bonus': 488, 'miles': 585, 'min_stay': 1, 'platichastyami': 0, 'mircashback': 975}, {'id': 1223996, 'capacity': 4, 'prepayment': 'FULL', 'nonrefundable': 0, 'cancellation_period': 1, 'cancellation_fee': 'FIRST', 'breakfast': 0, 'base_price': 9750, 'prices': [9750], 'price': 9750, 'old_price': 9750, 'currency': 'RUB', 'payment_amount': 9750, 'extras_variants': [], 'extras': [], 'rate_id': 29992, 'deals': [], 'cancellation_type': 'special', 'credit_card': 1, 'bonus': 488, 'miles': 585, 'min_stay': 1, 'platichastyami': 0, 'mircashback': 975}]",9750.0,585,495209_101hotels,2026-07-31
2291457,,Стандарт,2,2,0,1,Четырехместный,34,2,"[{'double': 1, 'sofa': 1}]",[],"[{'id': 969376, 'capacity': 1, 'prepayment': 'FULL', 'nonrefundable': 0, 'cancellation_period': 0, 'cancellation_fee': 'NO', 'breakfast': 0, 'base_price': 10000, 'prices': [10000], 'price': 10000, 'old_price': 10000, 'currency': 'RUB', 'payment_amount': 10000, 'extras_variants': [], 'extras': [], 'rate_id': 45675, 'deals': [], 'cancellation_type': 'free', 'credit_card': 1, 'bonus': 500, 'miles': 600, 'min_stay': 1, 'platichastyami': 0, 'mircashback': 1000}, {'id': 969377, 'capacity': 2, 'prepayment': 'FULL', 'nonrefundable': 0, 'cancellation_period': 0, 'cancellation_fee': 'NO', 'breakfast': 0, 'base_price': 10000, 'prices': [10000], 'price': 10000, 'old_price': 10000, 'currency': 'RUB', 'payment_amount': 10000, 'extras_variants': [], 'extras': [], 'rate_id': 45675, 'deals': [], 'cancellation_type': 'free', 'credit_card': 1, 'bonus': 500, 'miles': 600, 'min_stay': 1, 'platichastyami': 0, 'mircashback': 1000}]",10000.0,600,671037_101hotels,2026-07-31
2269633,,С большой кроватью № 2,2,0,0,0,Трёхместный и более,3,1,"[{'double': 1, 'sofa': 1}]","[{'id': '23785', 'number': '1', 'min_age': '3', 'max_age': '5', 'is_extra_bed': '0', 'extra_bed_type_id': '0'}]","[{'id': 752588, 'capacity': 1, 'prepayment': 'FULL', 'nonrefundable': 0, 'cancellation_period': 0, 'cancellation_fee': 'NO', 'breakfast': 0, 'base_price': 3100, 'prices': [3100], 'price': 3100, 'old_price': 3100, 'currency': 'RUB', 'payment_amount': 3100, 'extras_variants': [], 'extras': {'23785': {'id': 23785, 'number': 1, 'extra_bed_type_id': 0, 'age': [3, 5], 'extra_bed': 0, 'free': 1}}, 'rate_id': 32736, 'deals': [], 'cancellation_type': 'free', 'credit_card': 1, 'bonus': 155, 'miles': 186, 'min_stay': 1, 'platichastyami': 0, 'mircashback': 310}, {'id': 752589, 'capacity': 2, 'prepayment': 'FULL', 'nonrefundable': 0, 'cancellation_period': 0, 'cancellation_fee': 'NO', 'breakfast': 0, 'base_price': 3800, 'prices': [3800], 'price': 3800, 'old_price': 3800, 'currency': 'RUB', 'payment_amount': 3800, 'extras_variants': [], 'extras': {'23785': {'id': 23785, 'number': 1, 'extra_bed_type_id': 0, 'age': [3, 5], 'extra_bed': 0, 'free': 1}}, 'rate_id': 32736, 'deals': [], 'cancellation_type': 'free', 'credit_card': 1, 'bonus': 190, 'miles': 228, 'min_stay': 1, 'platichastyami': 0, 'mircashback': 380}]",3100.0,186,664549_101hotels,2026-07-31
2269634,,С раздельными кроватями Standart № 3,3,0,0,0,Трёхместный и более,3,1,[{'single': 3}],"[{'id': '19969', 'number': '1', 'min_age': '3', 'max_age': '14', 'is_extra_bed': '0', 'extra_bed_type_id': '0'}]","[{'id': 752592, 'capacity': 1, 'prepayment': 'FULL', 'nonrefundable': 0, 'cancellation_period': 0, 'cancellation_fee': 'NO', 'breakfast': 0, 'base_price': 3100, 'prices': [3100], 'price': 3100, 'old_price': 3100, 'currency': 'RUB', 'payment_amount': 3100, 'extras_variants': [], 'extras': {'19969': {'id': 19969, 'number': 1, 'extra_bed_type_id': 0, 'age': [3, 14], 'extra_bed': 0, 'free': 1}}, 'rate_id': 32736, 'deals': [], 'cancellation_type': 'free', 'credit_card': 1, 'bonus': 155, 'miles': 186, 'min_stay': 1, 'platichastyami': 0, 'mircashback': 310}, {'id': 752593, 'capacity': 2, 'prepayment': 'FULL', 'nonrefundable': 0, 'cancellation_period': 0, 'cancellation_fee': 'NO', 'breakfast': 0, 'base_price': 5000, 'prices': [5000], 'price': 5000, 'old_price': 5000, 'currency': 'RUB', 'payment_amount': 5000, 'extras_variants': [], 'extras': {'19969': {'id': 19969, 'number': 1, 'extra_bed_type_id': 0, 'age': [3, 14], 'extra_bed': 0, 'free': 1}}, 'rate_id': 32736, 'deals': [], 'cancellation_type': 'free', 'credit_card': 1, 'bonus': 250, 'miles': 300, 'min_stay': 1, 'platichastyami': 0, 'mircashback': 500}, {'id': 752594, 'capacity': 3, 'prepayment': 'FULL', 'nonrefundable': 0, 'cancellation_period': 0, 'cancellation_fee': 'NO', 'breakfast': 0, 'base_price': 6900, 'prices': [6900], 'price': 6900, 'old_price': 6900, 'currency': 'RUB', 'payment_amount': 6900, 'extras_variants': [], 'extras': {'19969': {'id': 19969, 'number': 1, 'extra_bed_type_id': 0, 'age': [3, 14], 'extra_bed': 0, 'free': 1}}, 'rate_id': 32736, 'deals': [], 'cancellation_type': 'free', 'credit_card': 1, 'bonus': 345, 'miles': 414, 'min_stay': 1, 'platichastyami': 0, 'mircashback': 690}]",3100.0,186,664549_101hotels,2026-07-31
2269638,,Двухместный номер с большой кроватью Комфорт № 6,2,0,0,0,Семейный,44,1,[{'double': 1}],[],"[{'id': 752603, 'capacity': 1, 'prepayment': 'FULL', 'nonrefundable': 0, 'cancellation_period': 0, 'cancellation_fee': 'NO', 'breakfast': 0, 'base_price': 3100, 'prices': [3100], 'price': 3100, 'old_price': 3100, 'currency': 'RUB', 'payment_amount': 3100, 'extras_variants': [], 'extras': [], 'rate_id': 32736, 'deals': [], 'cancellation_type': 'free', 'credit_card': 1, 'bonus': 155, 'miles': 186, 'min_stay': 1, 'platichastyami': 0, 'mircashback': 310}, {'id': 752604, 'capacity': 2, 'prepayment': 'FULL', 'nonrefundable': 0, 'cancellation_period': 0, 'cancellation_fee': 'NO', 'breakfast': 0, 'base_price': 3800, 'prices': [3800], 'price': 3800, 'old_price': 3800, 'currency': 'RUB', 'payment_amount': 3800, 'extras_variants': [], 'extras': [], 'rate_id': 32736, 'deals': [], 'cancellation_type': 'free', 'credit_card': 1, 'bonus': 190, 'miles': 228, 'min_stay': 1, 'platichastyami': 0, 'mircashback': 380}]",3100.0,186,664549_101hotels,2026-07-31
15957,,Двухэтажный,6,6,0,1,Коттедж,15,2,[{'double': 3}],[],"[{'id': 1047856, 'capacity': 1, 'prepayment': 'FIRST', 'nonrefundable': 0, 'cancellation_period': 1, 'cancellation_fee': 'FIRST', 'breakfast': 1, 'base_price': 40000, 'prices': [40000], 'price': 40000, 'old_price': 40000, 'currency': 'RUB', 'payment_amount': 40000, 'extras_variants': [], 'extras': [], 'rate_id': 51045, 'deals': [], 'cancellation_type': 'special', 'credit_card': 1, 'bonus': 2000, 'miles': 2400, 'min_stay': 1, 'platichastyami': 0, 'mircashback': 4000}, {'id': 1047857, 'capacity': 2, 'prepayment': 'FIRST', 'nonrefundable': 0, 'cancellation_period': 1, 'cancellation_fee': 'FIRST', 'breakfast': 1, 'base_price': 40000, 'prices': [40000], 'price': 40000, 'old_price': 40000, 'currency': 'RUB', 'payment_amount': 40000, 'extras_variants': [], 'extras': [], 'rate_id': 51045, 'deals': [], 'cancellation_type': 'special', 'credit_card': 1, 'bonus': 2000, 'miles': 2400, 'min_stay': 1, 'platichastyami': 0, 'mircashback': 4000}, {'id': 1047858, 'capacity': 3, 'prepayment': 'FIRST', 'nonrefundable': 0, 'cancellation_period': 1, 'cancellation_fee': 'FIRST', 'breakfast': 1, 'base_price': 40000, 'prices': [40000], 'price': 40000, 'old_price': 40000, 'currency': 'RUB', 'payment_amount': 40000, 'extras_variants': [], 'extras': [], 'rate_id': 51045, 'deals': [], 'cancellation_type': 'special', 'credit_card': 1, 'bonus': 2000, 'miles': 2400, 'min_stay': 1, 'platichastyami': 0, 'mircashback': 4000}, {'id': 1047859, 'capacity': 4, 'prepayment': 'FIRST', 'nonrefundable': 0, 'cancellation_period': 1, 'cancellation_fee': 'FIRST', 'breakfast': 1, 'base_price': 40000, 'prices': [40000], 'price': 40000, 'old_price': 40000, 'currency': 'RUB', 'payment_amount': 40000, 'extras_variants': [], 'extras': [], 'rate_id': 51045, 'deals': [], 'cancellation_type': 'special', 'credit_card': 1, 'bonus': 2000, 'miles': 2400, 'min_stay': 1, 'platichastyami': 0, 'mircashback': 4000}, {'id': 1047860, 'capacity': 5, 'prepayment': 'FIRST', 'nonrefundable': 0, 'cancellation_period': 1, 'cancellation_fee': 'FIRST', 'breakfast': 1, 'base_price': 40000, 'prices': [40000], 'price': 40000, 'old_price': 40000, 'currency': 'RUB', 'payment_amount': 40000, 'extras_variants': [], 'extras': [], 'rate_id': 51045, 'deals': [], 'cancellation_type': 'special', 'credit_card': 1, 'bonus': 2000, 'miles': 2400, 'min_stay': 1, 'platichastyami': 0, 'mircashback': 4000}, {'id': 1047861, 'capacity': 6, 'prepayment': 'FIRST', 'nonrefundable': 0, 'cancellation_period': 1, 'cancellation_fee': 'FIRST', 'breakfast': 1, 'base_price': 40000, 'prices': [40000], 'price': 40000, 'old_price': 40000, 'currency': 'RUB', 'payment_amount': 40000, 'extras_variants': [], 'extras': [], 'rate_id': 51045, 'deals': [], 'cancellation_type': 'special', 'credit_card': 1, 'bonus': 2000, 'miles': 2400, 'min_stay': 1, 'platichastyami': 0, 'mircashback': 4000}]",40000.0,2400,3365_101hotels,2026-07-31
2301172,,Двухместный стандарт с возможностью трехместного размещения,3,0,0,1,Трехместный,37,3,"[{'single': 3}, {'single': 1, 'double': 1}]",[],"[{'id': 1047862, 'capacity': 1, 'prepayment': 'FIRST', 'nonrefundable': 0, 'cancellation_period': 1, 'cancellation_fee': 'FIRST', 'breakfast': 1, 'base_price': 13700, 'prices': [13700], 'price': 13700, 'old_price': 13700, 'currency': 'RUB', 'payment_amount': 13700, 'extras_variants': [], 'extras': [], 'rate_id': 51045, 'deals': [], 'cancellation_type': 'special', 'credit_card': 1, 'bonus': 685, 'miles': 822, 'min_stay': 1, 'platichastyami': 0, 'mircashback': 1370}, {'id': 1047863, 'capacity': 2, 'prepayment': 'FIRST', 'nonrefundable': 0, 'cancellation_period': 1, 'cancellation_fee': 'FIRST', 'breakfast': 1, 'base_price': 13700, 'prices': [13700], 'price': 13700, 'old_price': 13700, 'currency': 'RUB', 'payment_amount': 13700, 'extras_variants': [], 'extras': [], 'rate_id': 51045, 'deals': [], 'cancellation_type': 'special', 'credit_card': 1, 'bonus': 685, 'miles': 822, 'min_stay': 1, 'platichastyami': 0, 'mircashback': 1370}]",13700.0,822,3365_101hotels,2026-07-31
2290139,,Стандарт,3,0,0,1,Трехместный,37,3,"[{'single': 1, 'double': 1}]",[],"[{'id': 968592, 'capacity': 1, 'prepayment': 'FULL', 'nonrefundable': 0, 'cancellation_period': 0, 'cancellation_fee': 'NO', 'breakfast': 0, 'base_price': 6600, 'prices': [6600], 'price': 6600, 'old_price': 6600, 'currency': 'RUB', 'payment_amount': 6600, 'extras_variants': [], 'extras': [], 'rate_id': 45616, 'deals': [], 'cancellation_type': 'free', 'credit_card': 1, 'bonus': 330, 'miles': 396, 'min_stay': 1, 'platichastyami': 0, 'mircashback': 660}, {'id': 968593, 'capacity': 2, 'prepayment': 'FULL', 'nonrefundable': 0, 'cancellation_period': 0, 'cancellation_fee': 'NO', 'breakfast': 0, 'base_price': 6600, 'prices': [6600], 'price': 6600, 'old_price': 6600, 'currency': 'RUB', 'payment_amount': 6600, 'extras_variants': [], 'extras': [], 'rate_id': 45616, 'deals': [], 'cancellation_type': 'free', 'credit_card': 1, 'bonus': 330, 'miles': 396, 'min_stay': 1, 'platichastyami': 0, 'mircashback': 660}, {'id': 968594, 'capacity': 3, 'prepayment': 'FULL', 'nonrefundable': 0, 'cancellation_period': 0, 'cancellation_fee': 'NO', 'breakfast': 0, 'base_price': 6600, 'prices': [6600], 'price': 6600, 'old_price': 6600, 'currency': 'RUB', 'payment_amount': 6600, 'extras_variants': [], 'extras': [], 'rate_id': 45616, 'deals': [], 'cancellation_type': 'free', 'credit_card': 1, 'bonus': 330, 'miles': 396, 'min_stay': 1, 'platichastyami': 0, 'mircashback': 660}]",6600.0,396,670724_101hotels,2026-07-31
1616134,,с 1 спальней,4,0,0,1,Апартаменты,14,2,[{'single': 1}],[],"[{'id': 503068, 'capacity': 1, 'prepayment': 'FULL', 'nonrefundable': 1, 'cancellation_period': 0, 'cancellation_fee': 'FIRST', 'breakfast': 0, 'base_price': 6900, 'prices': [6900], 'price': 6900, 'old_price': 6900, 'currency': 'RUB', 'payment_amount': 6900, 'extras_variants': [], 'extras': [], 'rate_id': 14586, 'deals': [], 'cancellation_type': 'nonrefundable', 'credit_card': 1, 'bonus': 345, 'miles': 414, 'min_stay': 1, 'platichastyami': 0, 'mircashback': 690}, {'id': 503069, 'capacity': 2, 'prepayment': 'FULL', 'nonrefundable': 1, 'cancellation_period': 0, 'cancellation_fee': 'FIRST', 'breakfast': 0, 'base_price': 6900, 'prices': [6900], 'price': 6900, 'old_price': 6900, 'currency': 'RUB', 'payment_amount': 6900, 'extras_variants': [], 'extras': [], 'rate_id': 14586, 'deals': [], 'cancellation_type': 'nonrefundable', 'credit_card': 1, 'bonus': 345, 'miles': 414, 'min_stay': 1, 'platichastyami': 0, 'mircashback': 690}, {'id': 503070, 'capacity': 3, 'prepayment': 'FULL', 'nonrefundable': 1, 'cancellation_period': 0, 'cancellation_fee': 'FIRST', 'breakfast': 0, 'base_price': 8400, 'prices': [8400], 'price': 8400, 'old_price': 8400, 'currency': 'RUB', 'payment_amount': 8400, 'extras_variants': [], 'extras': [], 'rate_id': 14586, 'deals': [], 'cancellation_type': 'nonrefundable', 'credit_card': 1, 'bonus': 420, 'miles': 504, 'min_stay': 1, 'platichastyami': 0, 'mircashback': 840}]",6900.0,414,495574_101hotels,2026-07-31
1616135,,с 2 спальнями,8,0,0,1,Апартаменты,14,1,"[{'single': 1}, {'single': 1}]",[],"[{'id': 503072, 'capacity': 1, 'prepayment': 'FULL', 'nonrefundable': 1, 'cancellation_period': 0, 'cancellation_fee': 'FIRST', 'breakfast': 0, 'base_price': 10500, 'prices': [10500], 'price': 10500, 'old_price': 10500, 'currency': 'RUB', 'payment_amount': 10500, 'extras_variants': [], 'extras': [], 'rate_id': 14586, 'deals': [], 'cancellation_type': 'nonrefundable', 'credit_card': 1, 'bonus': 525, 'miles': 630, 'min_stay': 1, 'platichastyami': 0, 'mircashback': 1050}, {'id': 503073, 'capacity': 2, 'prepayment': 'FULL', 'nonrefundable': 1, 'cancellation_period': 0, 'cancellation_fee': 'FIRST', 'breakfast': 0, 'base_price': 10500, 'prices': [10500], 'price': 10500, 'old_price': 10500, 'currency': 'RUB', 'payment_amount': 10500, 'extras_variants': [], 'extras': [], 'rate_id': 14586, 'deals': [], 'cancellation_type': 'nonrefundable', 'credit_card': 1, 'bonus': 525, 'miles': 630, 'min_stay': 1, 'platichastyami': 0, 'mircashback': 1050}, {'id': 503074, 'capacity': 3, 'prepayment': 'FULL', 'nonrefundable': 1, 'cancellation_period': 0, 'cancellation_fee': 'FIRST', 'breakfast': 0, 'base_price': 10500, 'prices': [10500], 'price': 10500, 'old_price': 10500, 'currency': 'RUB', 'payment_amount': 10500, 'extras_variants': [], 'extras': [], 'rate_id': 14586, 'deals': [], 'cancellation_type': 'nonrefundable', 'credit_card': 1, 'bonus': 525, 'miles': 630, 'min_stay': 1, 'platichastyami': 0, 'mircashback': 1050}, {'id': 503075, 'capacity': 4, 'prepayment': 'FULL', 'nonrefundable': 1, 'cancellation_period': 0, 'cancellation_fee': 'FIRST', 'breakfast': 0, 'base_price': 10500, 'prices': [10500], 'price': 10500, 'old_price': 10500, 'currency': 'RUB', 'payment_amount': 10500, 'extras_variants': [], 'extras': [], 'rate_id': 14586, 'deals': [], 'cancellation_type': 'nonrefundable', 'credit_card': 1, 'bonus': 525, 'miles': 630, 'min_stay': 1, 'platichastyami': 0, 'mircashback': 1050}, {'id': 503076, 'capacity': 5, 'prepayment': 'FULL', 'nonrefundable': 1, 'cancellation_period': 0, 'cancellation_fee': 'FIRST', 'breakfast': 0, 'base_price': 12000, 'prices': [12000], 'price': 12000, 'old_price': 12000, 'currency': 'RUB', 'payment_amount': 12000, 'extras_variants': [], 'extras': [], 'rate_id': 14586, 'deals': [], 'cancellation_type': 'nonrefundable', 'credit_card': 1, 'bonus': 600, 'miles': 720, 'min_stay': 1, 'platichastyami': 0, 'mircashback': 1200}, {'id': 503077, 'capacity': 6, 'prepayment': 'FULL', 'nonrefundable': 1, 'cancellation_period': 0, 'cancellation_fee': 'FIRST', 'breakfast': 0, 'base_price': 13500, 'prices': [13500], 'price': 13500, 'old_price': 13500, 'currency': 'RUB', 'payment_amount': 13500, 'extras_variants': [], 'extras': [], 'rate_id': 14586, 'deals': [], 'cancellation_type': 'nonrefundable', 'credit_card': 1, 'bonus': 675, 'miles': 810, 'min_stay': 1, 'platichastyami': 0, 'mircashback': 1350}]",10500.0,630,495574_101hotels,2026-07-31
1616137,,Люкс,4,0,0,1,Сюит,27,1,[{'single': 1}],[],"[{'id': 503080, 'capacity': 1, 'prepayment': 'FULL', 'nonrefundable': 1, 'cancellation_period': 0, 'cancellation_fee': 'FIRST', 'breakfast': 0, 'base_price': 6900, 'prices': [6900], 'price': 6900, 'old_price': 6900, 'currency': 'RUB', 'payment_amount': 6900, 'extras_variants': [], 'extras': [], 'rate_id': 14586, 'deals': [], 'cancellation_type': 'nonrefundable', 'credit_card': 1, 'bonus': 345, 'miles': 414, 'min_stay': 1, 'platichastyami': 0, 'mircashback': 690}, {'id': 503081, 'capacity': 2, 'prepayment': 'FULL', 'nonrefundable': 1, 'cancellation_period': 0, 'cancellation_fee': 'FIRST', 'breakfast': 0, 'base_price': 6900, 'prices': [6900], 'price': 6900, 'old_price': 6900, 'currency': 'RUB', 'payment_amount': 6900, 'extras_variants': [], 'extras': [], 'rate_id': 14586, 'deals': [], 'cancellation_type': 'nonrefundable', 'credit_card': 1, 'bonus': 345, 'miles': 414, 'min_stay': 1, 'platichastyami': 0, 'mircashback': 690}, {'id': 503082, 'capacity': 3, 'prepayment': 'FULL', 'nonrefundable': 1, 'cancellation_period': 0, 'cancellation_fee': 'FIRST', 'breakfast': 0, 'base_price': 8400, 'prices': [8400], 'price': 8400, 'old_price': 8400, 'currency': 'RUB', 'payment_amount': 8400, 'extras_variants': [], 'extras': [], 'rate_id': 14586, 'deals': [], 'cancellation_type': 'nonrefundable', 'credit_card': 1, 'bonus': 420, 'miles': 504, 'min_stay': 1, 'platichastyami': 0, 'mircashback': 840}]",6900.0,414,495574_101hotels,2026-07-31
2219397,,Стандартный,2,0,0,1,Двухместный,2,1,[{'double': 1}],[],"[{'id': 503066, 'capacity': 1, 'prepayment': 'FULL', 'nonrefundable': 1, 'cancellation_period': 0, 'cancellation_fee': 'FIRST', 'breakfast': 0, 'base_price': 5800, 'prices': [5800], 'price': 5800, 'old_price': 5800, 'currency': 'RUB', 'payment_amount': 5800, 'extras_variants': [], 'extras': [], 'rate_id': 14586, 'deals': [], 'cancellation_type': 'nonrefundable', 'credit_card': 1, 'bonus': 290, 'miles': 348, 'min_stay': 1, 'platichastyami': 0, 'mircashback': 580}, {'id': 503067, 'capacity': 2, 'prepayment': 'FULL', 'nonrefundable': 1, 'cancellation_period': 0, 'cancellation_fee': 'FIRST', 'breakfast': 0, 'base_price': 5800, 'prices': [5800], 'price': 5800, 'old_price': 5800, 'currency': 'RUB', 'payment_amount': 5800, 'extras_variants': [], 'extras': [], 'rate_id': 14586, 'deals': [], 'cancellation_type': 'nonrefundable', 'credit_card': 1, 'bonus': 290, 'miles': 348, 'min_stay': 1, 'platichastyami': 0, 'mircashback': 580}]",5800.0,348,495574_101hotels,2026-07-31
1681497,,Стандартный номер с 2 отдельными кроватями,2,0,0,1,Двухместный,2,6,[{'single': 2}],[],"[{'id': 371335, 'capacity': 1, 'prepayment': 'FULL', 'nonrefundable': 1, 'cancellation_period': 0, 'cancellation_fee': 'FIRST', 'breakfast': 0, 'base_price': 4000, 'prices': [4000], 'price': 4000, 'old_price': 4000, 'currency': 'RUB', 'payment_amount': 4000, 'extras_variants': [], 'extras': [], 'rate_id': 5921, 'deals': [], 'cancellation_type': 'nonrefundable', 'credit_card': 1, 'bonus': 200, 'miles': 240, 'min_stay': 1, 'platichastyami': 0, 'mircashback': 400}, {'id': 371336, 'capacity': 2, 'prepayment': 'FULL', 'nonrefundable': 1, 'cancellation_period': 0, 'cancellation_fee': 'FIRST', 'breakfast': 0, 'base_price': 4000, 'prices': [4000], 'price': 4000, 'old_price': 4000, 'currency': 'RUB', 'payment_amount': 4000, 'extras_variants': [], 'extras': [], 'rate_id': 5921, 'deals': [], 'cancellation_type': 'nonrefundable', 'credit_card': 1, 'bonus': 200, 'miles': 240, 'min_stay': 1, 'platichastyami': 0, 'mircashback': 400}]",4000.0,240,511615_101hotels,2026-07-31
1681498,,Стандартный номер,3,0,0,1,Трехместный,37,1,[{'single': 3}],[],"[{'id': 371347, 'capacity': 1, 'prepayment': 'FULL', 'nonrefundable': 1, 'cancellation_period': 0, 'cancellation_fee': 'FIRST', 'breakfast': 0, 'base_price': 4500, 'prices': [4500], 'price': 4500, 'old_price': 4500, 'currency': 'RUB', 'payment_amount': 4500, 'extras_variants': [], 'extras': [], 'rate_id': 5921, 'deals': [], 'cancellation_type': 'nonrefundable', 'credit_card': 1, 'bonus': 225, 'miles': 270, 'min_stay': 1, 'platichastyami': 0, 'mircashback': 450}, {'id': 371348, 'capacity': 2, 'prepayment': 'FULL', 'nonrefundable': 1, 'cancellation_period': 0, 'cancellation_fee': 'FIRST', 'breakfast': 0, 'base_price': 4500, 'prices': [4500], 'price': 4500, 'old_price': 4500, 'currency': 'RUB', 'payment_amount': 4500, 'extras_variants': [], 'extras': [], 'rate_id': 5921, 'deals': [], 'cancellation_type': 'nonrefundable', 'credit_card': 1, 'bonus': 225, 'miles': 270, 'min_stay': 1, 'platichastyami': 0, 'mircashback': 450}, {'id': 371349, 'capacity': 3, 'prepayment': 'FULL', 'nonrefundable': 1, 'cancellation_period': 0, 'cancellation_fee': 'FIRST', 'breakfast': 0, 'base_price': 4500, 'prices': [4500], 'price': 4500, 'old_price': 4500, 'currency': 'RUB', 'payment_amount': 4500, 'extras_variants': [], 'extras': [], 'rate_id': 5921, 'deals': [], 'cancellation_type': 'nonrefundable', 'credit_card': 1, 'bonus': 225, 'miles': 270, 'min_stay': 1, 'platichastyami': 0, 'mircashback': 450}]",4500.0,270,511615_101hotels,2026-07-31
1681499,,Стандартный номер с 1 кроватью,2,0,0,1,Двухместный,2,3,[{'double': 1}],[],"[{'id': 371337, 'capacity': 1, 'prepayment': 'FULL', 'nonrefundable': 1, 'cancellation_period': 0, 'cancellation_fee': 'FIRST', 'breakfast': 0, 'base_price': 4000, 'prices': [4000], 'price': 4000, 'old_price': 4000, 'currency': 'RUB', 'payment_amount': 4000, 'extras_variants': [], 'extras': [], 'rate_id': 5921, 'deals': [], 'cancellation_type': 'nonrefundable', 'credit_card': 1, 'bonus': 200, 'miles': 240, 'min_stay': 1, 'platichastyami': 0, 'mircashback': 400}, {'id': 371338, 'capacity': 2, 'prepayment': 'FULL', 'nonrefundable': 1, 'cancellation_period': 0, 'cancellation_fee': 'FIRST', 'breakfast': 0, 'base_price': 4000, 'prices': [4000], 'price': 4000, 'old_price': 4000, 'currency': 'RUB', 'payment_amount': 4000, 'extras_variants': [], 'extras': [], 'rate_id': 5921, 'deals': [], 'cancellation_type': 'nonrefundable', 'credit_card': 1, 'bonus': 200, 'miles': 240, 'min_stay': 1, 'platichastyami': 0, 'mircashback': 400}]",4000.0,240,511615_101hotels,2026-07-31
1681500,,Стандартный двухкомнатный (1 двуспальная кровать),2,0,0,1,Двухместный,2,1,[{'single': 1}],[],"[{'id': 371350, 'capacity': 1, 'prepayment': 'FULL', 'nonrefundable': 1, 'cancellation_period': 0, 'cancellation_fee': 'FIRST', 'breakfast': 0, 'base_price': 6000, 'prices': [6000], 'price': 6000, 'old_price': 6000, 'currency': 'RUB', 'payment_amount': 6000, 'extras_variants': [], 'extras': [], 'rate_id': 5921, 'deals': [], 'cancellation_type': 'nonrefundable', 'credit_card': 1, 'bonus': 300, 'miles': 360, 'min_stay': 1, 'platichastyami': 0, 'mircashback': 600}, {'id': 371351, 'capacity': 2, 'prepayment': 'FULL', 'nonrefundable': 1, 'cancellation_period': 0, 'cancellation_fee': 'FIRST', 'breakfast': 0, 'base_price': 6000, 'prices': [6000], 'price': 6000, 'old_price': 6000, 'currency': 'RUB', 'payment_amount': 6000, 'extras_variants': [], 'extras': [], 'rate_id': 5921, 'deals': [], 'cancellation_type': 'nonrefundable', 'credit_card': 1, 'bonus': 300, 'miles': 360, 'min_stay': 1, 'platichastyami': 0, 'mircashback': 600}]",6000.0,360,511615_101hotels,2026-07-31
2220274,,Номер категории стандарт с двуспальной кроватью,2,2,0,1,Двухместный,2,1,"[{'double': 1, 'sofa': 1}]","[{'id': '10263', 'number': '2', 'min_age': '0', 'max_age': '3', 'is_extra_bed': '0', 'extra_bed_type_id': '0'}]","[{'id': 307020, 'capacity': 1, 'prepayment': 'FULL', 'nonrefundable': 0, 'cancellation_period': 1, 'cancellation_fee': 'FIRST', 'breakfast': 0, 'base_price': 6900, 'prices': [6900], 'price': 6900, 'old_price': 6900, 'currency': 'RUB', 'payment_amount': 6900, 'extras_variants': [], 'extras': {'10263': {'id': 10263, 'number': 2, 'extra_bed_type_id': 0, 'age': [0, 3], 'extra_bed': 0, 'free': 1}}, 'rate_id': 2700, 'deals': [], 'cancellation_type': 'special', 'credit_card': 1, 'bonus': 345, 'miles': 414, 'min_stay': 1, 'platichastyami': 0, 'mircashback': 690}, {'id': 307021, 'capacity': 2, 'prepayment': 'FULL', 'nonrefundable': 0, 'cancellation_period': 1, 'cancellation_fee': 'FIRST', 'breakfast': 0, 'base_price': 6900, 'prices': [6900], 'price': 6900, 'old_price': 6900, 'currency': 'RUB', 'payment_amount': 6900, 'extras_variants': [], 'extras': {'10263': {'id': 10263, 'number': 2, 'extra_bed_type_id': 0, 'age': [0, 3], 'extra_bed': 0, 'free': 1}}, 'rate_id': 2700, 'deals': [], 'cancellation_type': 'special', 'credit_card': 1, 'bonus': 345, 'miles': 414, 'min_stay': 1, 'platichastyami': 0, 'mircashback': 690}]",6900.0,414,650957_101hotels,2026-07-31
2299440,,Шале,2,1,0,1,Двухместный,2,7,[{'double': 1}],[],"[{'id': 1034245, 'capacity': 1, 'prepayment': 'FULL', 'nonrefundable': 0, 'cancellation_period': 0, 'cancellation_fee': 'NO', 'breakfast': 0, 'base_price': 10000, 'prices': [10000], 'price': 10000, 'old_price': 10000, 'currency': 'RUB', 'payment_amount': 10000, 'extras_variants': [], 'extras': [], 'rate_id': 50187, 'deals': [], 'cancellation_type': 'free', 'credit_card': 1, 'bonus': 500, 'miles': 600, 'min_stay': 1, 'platichastyami': 0, 'mircashback': 1000}, {'id': 1034246, 'capacity': 2, 'prepayment': 'FULL', 'nonrefundable': 0, 'cancellation_period': 0, 'cancellation_fee': 'NO', 'breakfast': 0, 'base_price': 10000, 'prices': [10000], 'price': 10000, 'old_price': 10000, 'currency': 'RUB', 'payment_amount': 10000, 'extras_variants': [], 'extras': [], 'rate_id': 50187, 'deals': [], 'cancellation_type': 'free', 'credit_card': 1, 'bonus': 500, 'miles': 600, 'min_stay': 1, 'platichastyami': 0, 'mircashback': 1000}]",10000.0,600,672860_101hotels,2026-07-31
37237,,Стандарт,2,1,0,1,Двухместный,2,2,"[{'single': 2, 'double': 1}]",[],"[{'id': 834998, 'capacity': 1, 'prepayment': 'FULL', 'nonrefundable': 0, 'cancellation_period': 7, 'cancellation_fee': 'FULL', 'breakfast': 0, 'base_price': 5800, 'prices': [5800], 'price': 5800, 'old_price': 5800, 'currency': 'RUB', 'payment_amount': 5800, 'extras_variants': [], 'extras': [], 'rate_id': 37751, 'deals': [], 'cancellation_type': 'special', 'credit_card': 1, 'bonus': 290, 'miles': 348, 'min_stay': 1, 'platichastyami': 0, 'mircashback': 580}, {'id': 834993, 'capacity': 1, 'prepayment': 'FULL', 'nonrefundable': 1, 'cancellation_period': 0, 'cancellation_fee': 'FULL', 'breakfast': 1, 'base_price': 6900, 'prices': [6900], 'price': 6900, 'old_price': 6900, 'currency': 'RUB', 'payment_amount': 6900, 'extras_variants': [], 'extras': [], 'rate_id': 37750, 'deals': [], 'cancellation_type': 'nonrefundable', 'credit_card': 1, 'bonus': 345, 'miles': 414, 'min_stay': 1, 'platichastyami': 0, 'mircashback': 690}, {'id': 834999, 'capacity': 2, 'prepayment': 'FULL', 'nonrefundable': 0, 'cancellation_period': 7, 'cancellation_fee': 'FULL', 'breakfast': 0, 'base_price': 5950, 'prices': [5950], 'price': 5950, 'old_price': 5950, 'currency': 'RUB', 'payment_amount': 5950, 'extras_variants': [], 'extras': [], 'rate_id': 37751, 'deals': [], 'cancellation_type': 'special', 'credit_card': 1, 'bonus': 298, 'miles': 357, 'min_stay': 1, 'platichastyami': 0, 'mircashback': 595}, {'id': 834994, 'capacity': 2, 'prepayment': 'FULL', 'nonrefundable': 1, 'cancellation_period': 0, 'cancellation_fee': 'FULL', 'breakfast': 1, 'base_price': 8150, 'prices': [8150], 'price': 8150, 'old_price': 8150, 'currency': 'RUB', 'payment_amount': 8150, 'extras_variants': [], 'extras': [], 'rate_id': 37750, 'deals': [], 'cancellation_type': 'nonrefundable', 'credit_card': 1, 'bonus': 408, 'miles': 489, 'min_stay': 1, 'platichastyami': 0, 'mircashback': 815}]",5800.0,348,7628_101hotels,2026-07-31
37238,,"Улучшенный, Двухкомнатный",2,1,0,1,Люкс,6,1,"[{'double': 1, 'sofa': 1}]",[],"[{'id': 835000, 'capacity': 1, 'prepayment': 'FULL', 'nonrefundable': 0, 'cancellation_period': 7, 'cancellation_fee': 'FULL', 'breakfast': 0, 'base_price': 10300, 'prices': [10300], 'price': 10300, 'old_price': 10300, 'currency': 'RUB', 'payment_amount': 10300, 'extras_variants': [], 'extras': [], 'rate_id': 37751, 'deals': [], 'cancellation_type': 'special', 'credit_card': 1, 'bonus': 515, 'miles': 618, 'min_stay': 1, 'platichastyami': 0, 'mircashback': 1030}, {'id': 834995, 'capacity': 1, 'prepayment': 'FULL', 'nonrefundable': 1, 'cancellation_period': 0, 'cancellation_fee': 'FULL', 'breakfast': 1, 'base_price': 11400, 'prices': [11400], 'price': 11400, 'old_price': 11400, 'currency': 'RUB', 'payment_amount': 11400, 'extras_variants': [], 'extras': [], 'rate_id': 37750, 'deals': [], 'cancellation_type': 'nonrefundable', 'credit_card': 1, 'bonus': 570, 'miles': 684, 'min_stay': 1, 'platichastyami': 0, 'mircashback': 1140}, {'id': 835001, 'capacity': 2, 'prepayment': 'FULL', 'nonrefundable': 0, 'cancellation_period': 7, 'cancellation_fee': 'FULL', 'breakfast': 0, 'base_price': 10450, 'prices': [10450], 'price': 10450, 'old_price': 10450, 'currency': 'RUB', 'payment_amount': 10450, 'extras_variants': [], 'extras': [], 'rate_id': 37751, 'deals': [], 'cancellation_type': 'special', 'credit_card': 1, 'bonus': 523, 'miles': 627, 'min_stay': 1, 'platichastyami': 0, 'mircashback': 1045}, {'id': 834996, 'capacity': 2, 'prepayment': 'FULL', 'nonrefundable': 1, 'cancellation_period': 0, 'cancellation_fee': 'FULL', 'breakfast': 1, 'base_price': 12650, 'prices': [12650], 'price': 12650, 'old_price': 12650, 'currency': 'RUB', 'payment_amount': 12650, 'extras_variants': [], 'extras': [], 'rate_id': 37750, 'deals': [], 'cancellation_type': 'nonrefundable', 'credit_card': 1, 'bonus': 633, 'miles': 759, 'min_stay': 1, 'platichastyami': 0, 'mircashback': 1265}]",10300.0,618,7628_101hotels,2026-07-31
30973,,"Койко-место, Общий",4,0,1,1,Четырехместный,34,8,[{'2-tier': 1}],[],"[{'id': 1225019, 'capacity': 1, 'prepayment': 'FULL', 'nonrefundable': 0, 'cancellation_period': 1, 'cancellation_fee': 'FIRST', 'breakfast': 0, 'base_price': 1700, 'prices': [1700], 'price': 1700, 'old_price': 1700, 'currency': 'RUB', 'payment_amount': 1700, 'extras_variants': [], 'extras': [], 'rate_id': 62979, 'deals': [], 'cancellation_type': 'special', 'credit_card': 1, 'bonus': 85, 'miles': 102, 'min_stay': 1, 'platichastyami': 0, 'mircashback': 170}]",1700.0,102,6480_101hotels,2026-07-31
30975,,"Койко-место, Женский",4,0,1,1,Четырехместный,34,8,[{'2-tier': 1}],[],"[{'id': 1225018, 'capacity': 1, 'prepayment': 'FULL', 'nonrefundable': 0, 'cancellation_period': 1, 'cancellation_fee': 'FIRST', 'breakfast': 0, 'base_price': 1700, 'prices': [1700], 'price': 1700, 'old_price': 1700, 'currency': 'RUB', 'payment_amount': 1700, 'extras_variants': [], 'extras': [], 'rate_id': 62979, 'deals': [], 'cancellation_type': 'special', 'credit_card': 1, 'bonus': 85, 'miles': 102, 'min_stay': 1, 'platichastyami': 0, 'mircashback': 170}]",1700.0,102,6480_101hotels,2026-07-31
75721,,Двухкомнатный,2,2,0,1,Семейный,44,1,"[{'double': 1, 'sofa': 1}, {'single': 1, 'sofa': 1}]",[],"[{'id': 1225015, 'capacity': 1, 'prepayment': 'FULL', 'nonrefundable': 0, 'cancellation_period': 1, 'cancellation_fee': 'FIRST', 'breakfast': 0, 'base_price': 4400, 'prices': [4400], 'price': 4400, 'old_price': 4400, 'currency': 'RUB', 'payment_amount': 4400, 'extras_variants': [], 'extras': [], 'rate_id': 62979, 'deals': [], 'cancellation_type': 'special', 'credit_card': 1, 'bonus': 220, 'miles': 264, 'min_stay': 1, 'platichastyami': 0, 'mircashback': 440}, {'id': 1225016, 'capacity': 2, 'prepayment': 'FULL', 'nonrefundable': 0, 'cancellation_period': 1, 'cancellation_fee': 'FIRST', 'breakfast': 0, 'base_price': 6200, 'prices': [6200], 'price': 6200, 'old_price': 6200, 'currency': 'RUB', 'payment_amount': 6200, 'extras_variants': [], 'extras': [], 'rate_id': 62979, 'deals': [], 'cancellation_type': 'special', 'credit_card': 1, 'bonus': 310, 'miles': 372, 'min_stay': 1, 'platichastyami': 0, 'mircashback': 620}]",4400.0,264,6480_101hotels,2026-07-31
2275937,,Двухэтажный 2-местный с камином,2,1,0,1,Дом,56,3,"[{'double': 1, 'sofa': 1}]","[{'id': '51203', 'number': '1', 'min_age': '0', 'max_age': '18', 'is_extra_bed': '0', 'extra_bed_type_id': '0'}]","[{'id': 802484, 'capacity': 1, 'prepayment': 'FULL', 'nonrefundable': 0, 'cancellation_period': 2, 'cancellation_fee': 'FIRST', 'breakfast': 1, 'base_price': 19200, 'prices': [19200], 'price': 19200, 'old_price': 19200, 'currency': 'RUB', 'payment_amount': 19200, 'extras_variants': [], 'extras': {'51203': {'id': 51203, 'number': 1, 'extra_bed_type_id': 0, 'age': [0, 18], 'extra_bed': 0, 'free': 1}}, 'rate_id': 36543, 'deals': [], 'cancellation_type': 'special', 'credit_card': 1, 'bonus': 960, 'miles': 1152, 'min_stay': 1, 'platichastyami': 0, 'mircashback': 1920}, {'id': 802485, 'capacity': 2, 'prepayment': 'FULL', 'nonrefundable': 0, 'cancellation_period': 2, 'cancellation_fee': 'FIRST', 'breakfast': 1, 'base_price': 19200, 'prices': [19200], 'price': 19200, 'old_price': 19200, 'currency': 'RUB', 'payment_amount': 19200, 'extras_variants': [], 'extras': {'51203': {'id': 51203, 'number': 1, 'extra_bed_type_id': 0, 'age': [0, 18], 'extra_bed': 0, 'free': 1}}, 'rate_id': 36543, 'deals': [], 'cancellation_type': 'special', 'credit_card': 1, 'bonus': 960, 'miles': 1152, 'min_stay': 1, 'platichastyami': 0, 'mircashback': 1920}]",19200.0,1152,666682_101hotels,2026-07-31
2275940,,Двухэтажный 4-местны дом с камином и террасой,4,2,0,1,Шале,55,2,"[{'single': 2, 'double': 1, 'sofa': 1}]","[{'id': '11187', 'number': '2', 'min_age': '0', 'max_age': '7', 'is_extra_bed': '0', 'extra_bed_type_id': '0'}]","[{'id': 1071747, 'capacity': 1, 'prepayment': 'FULL', 'nonrefundable': 0, 'cancellation_period': 2, 'cancellation_fee': 'FIRST', 'breakfast': 1, 'base_price': 31200, 'prices': [31200], 'price': 31200, 'old_price': 31200, 'currency': 'RUB', 'payment_amount': 31200, 'extras_variants': [], 'extras': {'11187': {'id': 11187, 'number': 2, 'extra_bed_type_id': 0, 'age': [0, 7], 'extra_bed': 0, 'free': 1}}, 'rate_id': 36543, 'deals': [], 'cancellation_type': 'special', 'credit_card': 1, 'bonus': 1560, 'miles': 1872, 'min_stay': 1, 'platichastyami': 0, 'mircashback': 3120}, {'id': 1071748, 'capacity': 2, 'prepayment': 'FULL', 'nonrefundable': 0, 'cancellation_period': 2, 'cancellation_fee': 'FIRST', 'breakfast': 1, 'base_price': 31200, 'prices': [31200], 'price': 31200, 'old_price': 31200, 'currency': 'RUB', 'payment_amount': 31200, 'extras_variants': [], 'extras': {'11187': {'id': 11187, 'number': 2, 'extra_bed_type_id': 0, 'age': [0, 7], 'extra_bed': 0, 'free': 1}}, 'rate_id': 36543, 'deals': [], 'cancellation_type': 'special', 'credit_card': 1, 'bonus': 1560, 'miles': 1872, 'min_stay': 1, 'platichastyami': 0, 'mircashback': 3120}, {'id': 1071749, 'capacity': 3, 'prepayment': 'FULL', 'nonrefundable': 0, 'cancellation_period': 2, 'cancellation_fee': 'FIRST', 'breakfast': 1, 'base_price': 31200, 'prices': [31200], 'price': 31200, 'old_price': 31200, 'currency': 'RUB', 'payment_amount': 31200, 'extras_variants': [], 'extras': {'11187': {'id': 11187, 'number': 2, 'extra_bed_type_id': 0, 'age': [0, 7], 'extra_bed': 0, 'free': 1}}, 'rate_id': 36543, 'deals': [], 'cancellation_type': 'special', 'credit_card': 1, 'bonus': 1560, 'miles': 1872, 'min_stay': 1, 'platichastyami': 0, 'mircashback': 3120}, {'id': 1071750, 'capacity': 4, 'prepayment': 'FULL', 'nonrefundable': 0, 'cancellation_period': 2, 'cancellation_fee': 'FIRST', 'breakfast': 1, 'base_price': 31200, 'prices': [31200], 'price': 31200, 'old_price': 31200, 'currency': 'RUB', 'payment_amount': 31200, 'extras_variants': [], 'extras': {'11187': {'id': 11187, 'number': 2, 'extra_bed_type_id': 0, 'age': [0, 7], 'extra_bed': 0, 'free': 1}}, 'rate_id': 36543, 'deals': [], 'cancellation_type': 'special', 'credit_card': 1, 'bonus': 1560, 'miles': 1872, 'min_stay': 1, 'platichastyami': 0, 'mircashback': 3120}]",31200.0,1872,666682_101hotels,2026-07-31
2315549,,Улучшенный,2,1,0,1,Семейный,44,2,"[{'single': 1, 'double': 1}]","[{'id': '42695', 'number': '1', 'min_age': '0', 'max_age': '5', 'is_extra_bed': '0', 'extra_bed_type_id': '0'}]","[{'id': 1180710, 'capacity': 1, 'prepayment': 'FIRST', 'nonrefundable': 0, 'cancellation_period': 5, 'cancellation_fee': 'FIRST', 'breakfast': 0, 'base_price': 15000, 'prices': [15000], 'price': 15000, 'old_price': 15000, 'currency': 'RUB', 'payment_amount': 15000, 'extras_variants': [], 'extras': {'42695': {'id': 42695, 'number': 1, 'extra_bed_type_id': 0, 'age': [0, 5], 'extra_bed': 0, 'free': 1}}, 'rate_id': 60220, 'deals': [], 'cancellation_type': 'special', 'credit_card': 1, 'bonus': 750, 'miles': 900, 'min_stay': 1, 'platichastyami': 0, 'mircashback': 1500}, {'id': 1180711, 'capacity': 2, 'prepayment': 'FIRST', 'nonrefundable': 0, 'cancellation_period': 5, 'cancellation_fee': 'FIRST', 'breakfast': 0, 'base_price': 15000, 'prices': [15000], 'price': 15000, 'old_price': 15000, 'currency': 'RUB', 'payment_amount': 15000, 'extras_variants': [], 'extras': {'42695': {'id': 42695, 'number': 1, 'extra_bed_type_id': 0, 'age': [0, 5], 'extra_bed': 0, 'free': 1}}, 'rate_id': 60220, 'deals': [], 'cancellation_type': 'special', 'credit_card': 1, 'bonus': 750, 'miles': 900, 'min_stay': 1, 'platichastyami': 0, 'mircashback': 1500}]",15000.0,900,652285_101hotels,2026-07-31
2315551,,Улучшенный,2,0,0,1,Двухместный,2,1,[{'double': 1}],"[{'id': '42696', 'number': '1', 'min_age': '0', 'max_age': '5', 'is_extra_bed': '0', 'extra_bed_type_id': '0'}]","[{'id': 1180706, 'capacity': 1, 'prepayment': 'FIRST', 'nonrefundable': 0, 'cancellation_period': 5, 'cancellation_fee': 'FIRST', 'breakfast': 0, 'base_price': 15000, 'prices': [15000], 'price': 15000, 'old_price': 15000, 'currency': 'RUB', 'payment_amount': 15000, 'extras_variants': [], 'extras': {'42696': {'id': 42696, 'number': 1, 'extra_bed_type_id': 0, 'age': [0, 5], 'extra_bed': 0, 'free': 1}}, 'rate_id': 60220, 'deals': [], 'cancellation_type': 'special', 'credit_card': 1, 'bonus': 750, 'miles': 900, 'min_stay': 1, 'platichastyami': 0, 'mircashback': 1500}, {'id': 1180707, 'capacity': 2, 'prepayment': 'FIRST', 'nonrefundable': 0, 'cancellation_period': 5, 'cancellation_fee': 'FIRST', 'breakfast': 0, 'base_price': 15000, 'prices': [15000], 'price': 15000, 'old_price': 15000, 'currency': 'RUB', 'payment_amount': 15000, 'extras_variants': [], 'extras': {'42696': {'id': 42696, 'number': 1, 'extra_bed_type_id': 0, 'age': [0, 5], 'extra_bed': 0, 'free': 1}}, 'rate_id': 60220, 'deals': [], 'cancellation_type': 'special', 'credit_card': 1, 'bonus': 750, 'miles': 900, 'min_stay': 1, 'platichastyami': 0, 'mircashback': 1500}]",15000.0,900,652285_101hotels,2026-07-31
46999,,,2,0,0,1,Студио,5,6,[{'double': 1}],[],"[{'id': 617731, 'capacity': 1, 'prepayment': 'NO', 'nonrefundable': 0, 'cancellation_period': 0, 'cancellation_fee': 'NO', 'breakfast': 1, 'base_price': 11500, 'prices': [11500], 'price': 11500, 'old_price': 11500, 'currency': 'RUB', 'payment_amount': 0, 'extras_variants': [], 'extras': [], 'rate_id': 22543, 'deals': [], 'cancellation_type': 'free', 'credit_card': 0, 'bonus': 575, 'miles': 690, 'min_stay': 1, 'platichastyami': 0, 'mircashback': 1150}, {'id': 617732, 'capacity': 2, 'prepayment': 'NO', 'nonrefundable': 0, 'cancellation_period': 0, 'cancellation_fee': 'NO', 'breakfast': 1, 'base_price': 12500, 'prices': [12500], 'price': 12500, 'old_price': 12500, 'currency': 'RUB', 'payment_amount': 0, 'extras_variants': [], 'extras': [], 'rate_id': 22543, 'deals': [], 'cancellation_type': 'free', 'credit_card': 0, 'bonus': 625, 'miles': 750, 'min_stay': 1, 'platichastyami': 0, 'mircashback': 1250}]",11500.0,690,9509_101hotels,2026-07-31
47000,,,2,1,0,1,Делюкс,29,3,[{'double': 1}],[],"[{'id': 617735, 'capacity': 1, 'prepayment': 'NO', 'nonrefundable': 0, 'cancellation_period': 0, 'cancellation_fee': 'NO', 'breakfast': 1, 'base_price': 13000, 'prices': [13000], 'price': 13000, 'old_price': 13000, 'currency': 'RUB', 'payment_amount': 0, 'extras_variants': [], 'extras': [], 'rate_id': 22543, 'deals': [], 'cancellation_type': 'free', 'credit_card': 0, 'bonus': 650, 'miles': 780, 'min_stay': 1, 'platichastyami': 0, 'mircashback': 1300}, {'id': 617736, 'capacity': 2, 'prepayment': 'NO', 'nonrefundable': 0, 'cancellation_period': 0, 'cancellation_fee': 'NO', 'breakfast': 1, 'base_price': 14000, 'prices': [14000], 'price': 14000, 'old_price': 14000, 'currency': 'RUB', 'payment_amount': 0, 'extras_variants': [], 'extras': [], 'rate_id': 22543, 'deals': [], 'cancellation_type': 'free', 'credit_card': 0, 'bonus': 700, 'miles': 840, 'min_stay': 1, 'platichastyami': 0, 'mircashback': 1400}]",13000.0,780,9509_101hotels,2026-07-31
47001,,Премиум,2,1,0,1,Делюкс,29,1,[{'double': 1}],[],"[{'id': 617737, 'capacity': 1, 'prepayment': 'NO', 'nonrefundable': 0, 'cancellation_period': 0, 'cancellation_fee': 'NO', 'breakfast': 1, 'base_price': 16000, 'prices': [16000], 'price': 16000, 'old_price': 16000, 'currency': 'RUB', 'payment_amount': 0, 'extras_variants': [], 'extras': [], 'rate_id': 22543, 'deals': [], 'cancellation_type': 'free', 'credit_card': 0, 'bonus': 800, 'miles': 960, 'min_stay': 1, 'platichastyami': 0, 'mircashback': 1600}, {'id': 617738, 'capacity': 2, 'prepayment': 'NO', 'nonrefundable': 0, 'cancellation_period': 0, 'cancellation_fee': 'NO', 'breakfast': 1, 'base_price': 17000, 'prices': [17000], 'price': 17000, 'old_price': 17000, 'currency': 'RUB', 'payment_amount': 0, 'extras_variants': [], 'extras': [], 'rate_id': 22543, 'deals': [], 'cancellation_type': 'free', 'credit_card': 0, 'bonus': 850, 'miles': 1020, 'min_stay': 1, 'platichastyami': 0, 'mircashback': 1700}]",16000.0,960,9509_101hotels,2026-07-31
2309900,,Стандарт,2,0,0,1,Двухместный,2,3,"[{'single': 2}, {'double': 1}]",[],"[{'id': 1126955, 'capacity': 1, 'prepayment': 'NO', 'nonrefundable': 0, 'cancellation_period': 0, 'cancellation_fee': 'NO', 'breakfast': 1, 'base_price': 7400, 'prices': [7400], 'price': 7400, 'old_price': 7400, 'currency': 'RUB', 'payment_amount': 0, 'extras_variants': [], 'extras': [], 'rate_id': 22543, 'deals': [], 'cancellation_type': 'free', 'credit_card': 0, 'bonus': 370, 'miles': 444, 'min_stay': 1, 'platichastyami': 0, 'mircashback': 740}, {'id': 1126956, 'capacity': 2, 'prepayment': 'NO', 'nonrefundable': 0, 'cancellation_period': 0, 'cancellation_fee': 'NO', 'breakfast': 1, 'base_price': 8400, 'prices': [8400], 'price': 8400, 'old_price': 8400, 'currency': 'RUB', 'payment_amount': 0, 'extras_variants': [], 'extras': [], 'rate_id': 22543, 'deals': [], 'cancellation_type': 'free', 'credit_card': 0, 'bonus': 420, 'miles': 504, 'min_stay': 1, 'platichastyami': 0, 'mircashback': 840}]",7400.0,444,9509_101hotels,2026-07-31
2309905,,Стандарт Улучшенный,2,0,0,1,Двухместный,2,4,"[{'single': 2}, {'double': 1}]",[],"[{'id': 1126983, 'capacity': 1, 'prepayment': 'NO', 'nonrefundable': 0, 'cancellation_period': 0, 'cancellation_fee': 'NO', 'breakfast': 1, 'base_price': 9300, 'prices': [9300], 'price': 9300, 'old_price': 9300, 'currency': 'RUB', 'payment_amount': 0, 'extras_variants': [], 'extras': [], 'rate_id': 22543, 'deals': [], 'cancellation_type': 'free', 'credit_card': 0, 'bonus': 465, 'miles': 558, 'min_stay': 1, 'platichastyami': 0, 'mircashback': 930}, {'id': 1126984, 'capacity': 2, 'prepayment': 'NO', 'nonrefundable': 0, 'cancellation_period': 0, 'cancellation_fee': 'NO', 'breakfast': 1, 'base_price': 10300, 'prices': [10300], 'price': 10300, 'old_price': 10300, 'currency': 'RUB', 'payment_amount': 0, 'extras_variants': [], 'extras': [], 'rate_id': 22543, 'deals': [], 'cancellation_type': 'free', 'credit_card': 0, 'bonus': 515, 'miles': 618, 'min_stay': 1, 'platichastyami': 0, 'mircashback': 1030}]",9300.0,558,9509_101hotels,2026-07-31
2293675,,Стандарт А,2,0,0,1,Двухместный,2,3,"[{'double': 1, 'sofa': 1}]",[],"[{'id': 987485, 'capacity': 1, 'prepayment': 'FIRST', 'nonrefundable': 0, 'cancellation_period': 2, 'cancellation_fee': 'FIRST', 'breakfast': 1, 'base_price': 5200, 'prices': [5200], 'price': 5200, 'old_price': 5200, 'currency': 'RUB', 'payment_amount': 5200, 'extras_variants': [], 'extras': [], 'rate_id': 46908, 'deals': [], 'cancellation_type': 'special', 'credit_card': 1, 'bonus': 260, 'miles': 312, 'min_stay': 1, 'platichastyami': 0, 'mircashback': 520}, {'id': 1079309, 'capacity': 2, 'prepayment': 'FIRST', 'nonrefundable': 0, 'cancellation_period': 2, 'cancellation_fee': 'FIRST', 'breakfast': 1, 'base_price': 6700, 'prices': [6700], 'price': 6700, 'old_price': 6700, 'currency': 'RUB', 'payment_amount': 6700, 'extras_variants': [], 'extras': [], 'rate_id': 46908, 'deals': [], 'cancellation_type': 'special', 'credit_card': 1, 'bonus': 335, 'miles': 402, 'min_stay': 1, 'platichastyami': 0, 'mircashback': 670}]",5200.0,312,2136_101hotels,2026-07-31
2293677,,Стандарт В,1,0,0,1,Одноместный,1,3,[{'single': 1}],[],"[{'id': 987486, 'capacity': 1, 'prepayment': 'FIRST', 'nonrefundable': 0, 'cancellation_period': 2, 'cancellation_fee': 'FIRST', 'breakfast': 1, 'base_price': 4500, 'prices': [4500], 'price': 4500, 'old_price': 4500, 'currency': 'RUB', 'payment_amount': 4500, 'extras_variants': [], 'extras': [], 'rate_id': 46908, 'deals': [], 'cancellation_type': 'special', 'credit_card': 1, 'bonus': 225, 'miles': 270, 'min_stay': 1, 'platichastyami': 0, 'mircashback': 450}]",4500.0,270,2136_101hotels,2026-07-31
2293678,,Джуниор Сьюит С,2,0,0,1,Полулюкс,4,2,[{'double': 1}],[],"[{'id': 987487, 'capacity': 1, 'prepayment': 'FIRST', 'nonrefundable': 0, 'cancellation_period': 2, 'cancellation_fee': 'FIRST', 'breakfast': 1, 'base_price': 5200, 'prices': [5200], 'price': 5200, 'old_price': 5200, 'currency': 'RUB', 'payment_amount': 5200, 'extras_variants': [], 'extras': [], 'rate_id': 46908, 'deals': [], 'cancellation_type': 'special', 'credit_card': 1, 'bonus': 260, 'miles': 312, 'min_stay': 1, 'platichastyami': 0, 'mircashback': 520}, {'id': 1047837, 'capacity': 2, 'prepayment': 'FIRST', 'nonrefundable': 0, 'cancellation_period': 2, 'cancellation_fee': 'FIRST', 'breakfast': 1, 'base_price': 6700, 'prices': [6700], 'price': 6700, 'old_price': 6700, 'currency': 'RUB', 'payment_amount': 6700, 'extras_variants': [], 'extras': [], 'rate_id': 46908, 'deals': [], 'cancellation_type': 'special', 'credit_card': 1, 'bonus': 335, 'miles': 402, 'min_stay': 1, 'platichastyami': 0, 'mircashback': 670}]",5200.0,312,2136_101hotels,2026-07-31
2293680,,Джуниор Сьюит В,2,0,0,1,Полулюкс,4,2,"[{'double': 1, 'single': 1}]",[],"[{'id': 987488, 'capacity': 1, 'prepayment': 'FIRST', 'nonrefundable': 0, 'cancellation_period': 2, 'cancellation_fee': 'FIRST', 'breakfast': 1, 'base_price': 5900, 'prices': [5900], 'price': 5900, 'old_price': 5900, 'currency': 'RUB', 'payment_amount': 5900, 'extras_variants': [], 'extras': [], 'rate_id': 46908, 'deals': [], 'cancellation_type': 'special', 'credit_card': 1, 'bonus': 295, 'miles': 354, 'min_stay': 1, 'platichastyami': 0, 'mircashback': 590}, {'id': 1047838, 'capacity': 2, 'prepayment': 'FIRST', 'nonrefundable': 0, 'cancellation_period': 2, 'cancellation_fee': 'FIRST', 'breakfast': 1, 'base_price': 7400, 'prices': [7400], 'price': 7400, 'old_price': 7400, 'currency': 'RUB', 'payment_amount': 7400, 'extras_variants': [], 'extras': [], 'rate_id': 46908, 'deals': [], 'cancellation_type': 'special', 'credit_card': 1, 'bonus': 370, 'miles': 444, 'min_stay': 1, 'platichastyami': 0, 'mircashback': 740}]",5900.0,354,2136_101hotels,2026-07-31
2255148,,Номер «Стандарт +»,1,0,0,0,Одноместный,1,1,[{'single': 1}],[],"[{'id': 645872, 'capacity': 1, 'prepayment': 'FULL', 'nonrefundable': 0, 'cancellation_period': 3, 'cancellation_fee': 'FIRST', 'breakfast': 0, 'base_price': 1700, 'prices': [1700], 'price': 1700, 'old_price': 1700, 'currency': 'RUB', 'payment_amount': 1700, 'extras_variants': [], 'extras': [], 'rate_id': 24566, 'deals': [], 'cancellation_type': 'special', 'credit_card': 1, 'bonus': 85, 'miles': 102, 'min_stay': 1, 'platichastyami': 0, 'mircashback': 170}]",1700.0,102,659250_101hotels,2026-07-31
2255279,,Номер Комфорт +,2,0,0,1,Двухместный,2,2,[{'double': 1}],[],"[{'id': 645874, 'capacity': 1, 'prepayment': 'FULL', 'nonrefundable': 0, 'cancellation_period': 3, 'cancellation_fee': 'FIRST', 'breakfast': 0, 'base_price': 3500, 'prices': [3500], 'price': 3500, 'old_price': 3500, 'currency': 'RUB', 'payment_amount': 3500, 'extras_variants': [], 'extras': [], 'rate_id': 24566, 'deals': [], 'cancellation_type': 'special', 'credit_card': 1, 'bonus': 175, 'miles': 210, 'min_stay': 1, 'platichastyami': 0, 'mircashback': 350}, {'id': 645875, 'capacity': 2, 'prepayment': 'FULL', 'nonrefundable': 0, 'cancellation_period': 3, 'cancellation_fee': 'FIRST', 'breakfast': 0, 'base_price': 3500, 'prices': [3500], 'price': 3500, 'old_price': 3500, 'currency': 'RUB', 'payment_amount': 3500, 'extras_variants': [], 'extras': [], 'rate_id': 24566, 'deals': [], 'cancellation_type': 'special', 'credit_card': 1, 'bonus': 175, 'miles': 210, 'min_stay': 1, 'platichastyami': 0, 'mircashback': 350}]",3500.0,210,659250_101hotels,2026-07-31
2255280,,,2,0,0,1,Люкс,6,1,[{'double': 1}],[],"[{'id': 645876, 'capacity': 1, 'prepayment': 'FULL', 'nonrefundable': 0, 'cancellation_period': 3, 'cancellation_fee': 'FIRST', 'breakfast': 0, 'base_price': 5500, 'prices': [5500], 'price': 5500, 'old_price': 5500, 'currency': 'RUB', 'payment_amount': 5500, 'extras_variants': [], 'extras': [], 'rate_id': 24566, 'deals': [], 'cancellation_type': 'special', 'credit_card': 1, 'bonus': 275, 'miles': 330, 'min_stay': 1, 'platichastyami': 0, 'mircashback': 550}, {'id': 645877, 'capacity': 2, 'prepayment': 'FULL', 'nonrefundable': 0, 'cancellation_period': 3, 'cancellation_fee': 'FIRST', 'breakfast': 0, 'base_price': 5500, 'prices': [5500], 'price': 5500, 'old_price': 5500, 'currency': 'RUB', 'payment_amount': 5500, 'extras_variants': [], 'extras': [], 'rate_id': 24566, 'deals': [], 'cancellation_type': 'special', 'credit_card': 1, 'bonus': 275, 'miles': 330, 'min_stay': 1, 'platichastyami': 0, 'mircashback': 550}]",5500.0,330,659250_101hotels,2026-07-31
2255281,,Люкс,2,1,0,1,Семейный,44,1,"[{'double': 1, 'sofa': 1}]",[],"[{'id': 645878, 'capacity': 1, 'prepayment': 'FULL', 'nonrefundable': 0, 'cancellation_period': 3, 'cancellation_fee': 'FIRST', 'breakfast': 0, 'base_price': 6000, 'prices': [6000], 'price': 6000, 'old_price': 6000, 'currency': 'RUB', 'payment_amount': 6000, 'extras_variants': [], 'extras': [], 'rate_id': 24566, 'deals': [], 'cancellation_type': 'special', 'credit_card': 1, 'bonus': 300, 'miles': 360, 'min_stay': 1, 'platichastyami': 0, 'mircashback': 600}, {'id': 645879, 'capacity': 2, 'prepayment': 'FULL', 'nonrefundable': 0, 'cancellation_period': 3, 'cancellation_fee': 'FIRST', 'breakfast': 0, 'base_price': 6000, 'prices': [6000], 'price': 6000, 'old_price': 6000, 'currency': 'RUB', 'payment_amount': 6000, 'extras_variants': [], 'extras': [], 'rate_id': 24566, 'deals': [], 'cancellation_type': 'special', 'credit_card': 1, 'bonus': 300, 'miles': 360, 'min_stay': 1, 'platichastyami': 0, 'mircashback': 600}]",6000.0,360,659250_101hotels,2026-07-31
2255282,,Номер Эконом,4,0,1,0,Четырехместный,34,11,[{'2-tier': 1}],[],"[{'id': 645881, 'capacity': 1, 'prepayment': 'FULL', 'nonrefundable': 0, 'cancellation_period': 3, 'cancellation_fee': 'FIRST', 'breakfast': 0, 'base_price': 800, 'prices': [800], 'price': 800, 'old_price': 800, 'currency': 'RUB', 'payment_amount': 800, 'extras_variants': [], 'extras': [], 'rate_id': 24566, 'deals': [], 'cancellation_type': 'special', 'credit_card': 1, 'bonus': 40, 'miles': 48, 'min_stay': 1, 'platichastyami': 0, 'mircashback': 80}]",800.0,48,659250_101hotels,2026-07-31
2255283,,Эконом Плюс,4,0,1,0,Четырехместный,34,19,[{'2-tier': 1}],[],"[{'id': 645882, 'capacity': 1, 'prepayment': 'FULL', 'nonrefundable': 0, 'cancellation_period': 3, 'cancellation_fee': 'FIRST', 'breakfast': 0, 'base_price': 1000, 'prices': [1000], 'price': 1000, 'old_price': 1000, 'currency': 'RUB', 'payment_amount': 1000, 'extras_variants': [], 'extras': [], 'rate_id': 24566, 'deals': [], 'cancellation_type': 'special', 'credit_card': 1, 'bonus': 50, 'miles': 60, 'min_stay': 1, 'platichastyami': 0, 'mircashback': 100}]",1000.0,60,659250_101hotels,2026-07-31
2255284,,Номер Стандарт,2,0,1,0,Двухместный,2,5,[{'single': 1}],[],"[{'id': 645883, 'capacity': 1, 'prepayment': 'FULL', 'nonrefundable': 0, 'cancellation_period': 3, 'cancellation_fee': 'FIRST', 'breakfast': 0, 'base_price': 1200, 'prices': [1200], 'price': 1200, 'old_price': 1200, 'currency': 'RUB', 'payment_amount': 1200, 'extras_variants': [], 'extras': [], 'rate_id': 24566, 'deals': [], 'cancellation_type': 'special', 'credit_card': 1, 'bonus': 60, 'miles': 72, 'min_stay': 1, 'platichastyami': 0, 'mircashback': 120}, {'id': 1107258, 'capacity': 2, 'prepayment': 'FULL', 'nonrefundable': 0, 'cancellation_period': 3, 'cancellation_fee': 'FIRST', 'breakfast': 0, 'base_price': 1200, 'prices': [1200], 'price': 1200, 'old_price': 1200, 'currency': 'RUB', 'payment_amount': 1200, 'extras_variants': [], 'extras': [], 'rate_id': 24566, 'deals': [], 'cancellation_type': 'special', 'credit_card': 1, 'bonus': 60, 'miles': 72, 'min_stay': 1, 'platichastyami': 0, 'mircashback': 120}]",1200.0,72,659250_101hotels,2026-07-31
2309063,,Делюкс +,2,0,0,1,Полулюкс,4,2,"[{'double': 1}, {'single': 2}]",[],"[{'id': 1119036, 'capacity': 1, 'prepayment': 'FULL', 'nonrefundable': 0, 'cancellation_period': 3, 'cancellation_fee': 'FIRST', 'breakfast': 0, 'base_price': 5000, 'prices': [5000], 'price': 5000, 'old_price': 5000, 'currency': 'RUB', 'payment_amount': 5000, 'extras_variants': [], 'extras': [], 'rate_id': 24566, 'deals': [], 'cancellation_type': 'special', 'credit_card': 1, 'bonus': 250, 'miles': 300, 'min_stay': 1, 'platichastyami': 0, 'mircashback': 500}, {'id': 1119037, 'capacity': 2, 'prepayment': 'FULL', 'nonrefundable': 0, 'cancellation_period': 3, 'cancellation_fee': 'FIRST', 'breakfast': 0, 'base_price': 5000, 'prices': [5000], 'price': 5000, 'old_price': 5000, 'currency': 'RUB', 'payment_amount': 5000, 'extras_variants': [], 'extras': [], 'rate_id': 24566, 'deals': [], 'cancellation_type': 'special', 'credit_card': 1, 'bonus': 250, 'miles': 300, 'min_stay': 1, 'platichastyami': 0, 'mircashback': 500}]",5000.0,300,659250_101hotels,2026-07-31
2251981,,Стандарт,1,0,0,1,Одноместный,1,2,[{'single': 1}],[],"[{'id': 608480, 'capacity': 1, 'prepayment': 'FULL', 'nonrefundable': 0, 'cancellation_period': 1, 'cancellation_fee': 'FIRST', 'breakfast': 0, 'base_price': 3510, 'prices': [3510], 'price': 3510, 'old_price': 3510, 'currency': 'RUB', 'payment_amount': 3510, 'extras_variants': [], 'extras': [], 'rate_id': 21859, 'deals': [], 'cancellation_type': 'special', 'credit_card': 1, 'bonus': 176, 'miles': 210, 'min_stay': 1, 'platichastyami': 0, 'mircashback': 351}, {'id': 965381, 'capacity': 1, 'prepayment': 'NO', 'nonrefundable': 0, 'cancellation_period': 0, 'cancellation_fee': 'NO', 'breakfast': 1, 'base_price': 4510, 'prices': [4510], 'price': 4510, 'old_price': 4510, 'currency': 'RUB', 'payment_amount': 0, 'extras_variants': [], 'extras': [], 'rate_id': 45406, 'deals': [], 'cancellation_type': 'free', 'credit_card': 0, 'bonus': 226, 'miles': 270, 'min_stay': 1, 'platichastyami': 0, 'mircashback': 451}, {'id': 965391, 'capacity': 1, 'prepayment': 'NO', 'nonrefundable': 0, 'cancellation_period': 0, 'cancellation_fee': 'NO', 'breakfast': 9, 'base_price': 4510, 'prices': [4510], 'price': 4510, 'old_price': 4510, 'currency': 'RUB', 'payment_amount': 0, 'extras_variants': [], 'extras': [], 'rate_id': 45407, 'deals': [], 'cancellation_type': 'free', 'credit_card': 0, 'bonus': 226, 'miles': 270, 'min_stay': 1, 'platichastyami': 0, 'mircashback': 451}, {'id': '965381P', 'capacity': 1, 'prepayment': 'FULL', 'nonrefundable': 0, 'cancellation_period': 0, 'cancellation_fee': 'NO', 'breakfast': 1, 'base_price': 4510, 'prices': [4510], 'price': 4510, 'old_price': 4510, 'currency': 'RUB', 'payment_amount': 4510, 'extras_variants': [], 'extras': [], 'rate_id': 45406, 'deals': [], 'cancellation_type': 'free', 'credit_card': 0, 'bonus': 226, 'miles': 270, 'min_stay': 1, 'platichastyami': 0, 'mircashback': 451}, {'id': '965391P', 'capacity': 1, 'prepayment': 'FULL', 'nonrefundable': 0, 'cancellation_period': 0, 'cancellation_fee': 'NO', 'breakfast': 9, 'base_price': 4510, 'prices': [4510], 'price': 4510, 'old_price': 4510, 'currency': 'RUB', 'payment_amount': 4510, 'extras_variants': [], 'extras': [], 'rate_id': 45407, 'deals': [], 'cancellation_type': 'free', 'credit_card': 0, 'bonus': 226, 'miles': 270, 'min_stay': 1, 'platichastyami': 0, 'mircashback': 451}]",3510.0,210,658332_101hotels,2026-07-31
2251983,,Улучшенный,2,0,0,1,Двухместный,2,2,[{'double': 1}],[],"[{'id': 608482, 'capacity': 1, 'prepayment': 'FULL', 'nonrefundable': 0, 'cancellation_period': 1, 'cancellation_fee': 'FIRST', 'breakfast': 0, 'base_price': 4950, 'prices': [4950], 'price': 4950, 'old_price': 4950, 'currency': 'RUB', 'payment_amount': 4950, 'extras_variants': [], 'extras': [], 'rate_id': 21859, 'deals': [], 'cancellation_type': 'special', 'credit_card': 1, 'bonus': 248, 'miles': 297, 'min_stay': 1, 'platichastyami': 0, 'mircashback': 495}, {'id': 965384, 'capacity': 1, 'prepayment': 'NO', 'nonrefundable': 0, 'cancellation_period': 0, 'cancellation_fee': 'NO', 'breakfast': 1, 'base_price': 5950, 'prices': [5950], 'price': 5950, 'old_price': 5950, 'currency': 'RUB', 'payment_amount': 0, 'extras_variants': [], 'extras': [], 'rate_id': 45406, 'deals': [], 'cancellation_type': 'free', 'credit_card': 0, 'bonus': 298, 'miles': 357, 'min_stay': 1, 'platichastyami': 0, 'mircashback': 595}, {'id': 965394, 'capacity': 1, 'prepayment': 'NO', 'nonrefundable': 0, 'cancellation_period': 0, 'cancellation_fee': 'NO', 'breakfast': 9, 'base_price': 5950, 'prices': [5950], 'price': 5950, 'old_price': 5950, 'currency': 'RUB', 'payment_amount': 0, 'extras_variants': [], 'extras': [], 'rate_id': 45407, 'deals': [], 'cancellation_type': 'free', 'credit_card': 0, 'bonus': 298, 'miles': 357, 'min_stay': 1, 'platichastyami': 0, 'mircashback': 595}, {'id': 608512, 'capacity': 2, 'prepayment': 'FULL', 'nonrefundable': 0, 'cancellation_period': 1, 'cancellation_fee': 'FIRST', 'breakfast': 0, 'base_price': 4950, 'prices': [4950], 'price': 4950, 'old_price': 4950, 'currency': 'RUB', 'payment_amount': 4950, 'extras_variants': [], 'extras': [], 'rate_id': 21859, 'deals': [], 'cancellation_type': 'special', 'credit_card': 1, 'bonus': 248, 'miles': 297, 'min_stay': 1, 'platichastyami': 0, 'mircashback': 495}, {'id': 965385, 'capacity': 2, 'prepayment': 'NO', 'nonrefundable': 0, 'cancellation_period': 0, 'cancellation_fee': 'NO', 'breakfast': 1, 'base_price': 6950, 'prices': [6950], 'price': 6950, 'old_price': 6950, 'currency': 'RUB', 'payment_amount': 0, 'extras_variants': [], 'extras': [], 'rate_id': 45406, 'deals': [], 'cancellation_type': 'free', 'credit_card': 0, 'bonus': 348, 'miles': 417, 'min_stay': 1, 'platichastyami': 0, 'mircashback': 695}, {'id': 965395, 'capacity': 2, 'prepayment': 'NO', 'nonrefundable': 0, 'cancellation_period': 0, 'cancellation_fee': 'NO', 'breakfast': 9, 'base_price': 6950, 'prices': [6950], 'price': 6950, 'old_price': 6950, 'currency': 'RUB', 'payment_amount': 0, 'extras_variants': [], 'extras': [], 'rate_id': 45407, 'deals': [], 'cancellation_type': 'free', 'credit_card': 0, 'bonus': 348, 'miles': 417, 'min_stay': 1, 'platichastyami': 0, 'mircashback': 695}, {'id': '965384P', 'capacity': 1, 'prepayment': 'FULL', 'nonrefundable': 0, 'cancellation_period': 0, 'cancellation_fee': 'NO', 'breakfast': 1, 'base_price': 5950, 'prices': [5950], 'price': 5950, 'old_price': 5950, 'currency': 'RUB', 'payment_amount': 5950, 'extras_variants': [], 'extras': [], 'rate_id': 45406, 'deals': [], 'cancellation_type': 'free', 'credit_card': 0, 'bonus': 298, 'miles': 357, 'min_stay': 1, 'platichastyami': 0, 'mircashback': 595}, {'id': '965394P', 'capacity': 1, 'prepayment': 'FULL', 'nonrefundable': 0, 'cancellation_period': 0, 'cancellation_fee': 'NO', 'breakfast': 9, 'base_price': 5950, 'prices': [5950], 'price': 5950, 'old_price': 5950, 'currency': 'RUB', 'payment_amount': 5950, 'extras_variants': [], 'extras': [], 'rate_id': 45407, 'deals': [], 'cancellation_type': 'free', 'credit_card': 0, 'bonus': 298, 'miles': 357, 'min_stay': 1, 'platichastyami': 0, 'mircashback': 595}, {'id': '965385P', 'capacity': 2, 'prepayment': 'FULL', 'nonrefundable': 0, 'cancellation_period': 0, 'cancellation_fee': 'NO', 'breakfast': 1, 'base_price': 6950, 'prices': [6950], 'price': 6950, 'old_price': 6950, 'currency': 'RUB', 'payment_amount': 6950, 'extras_variants': [], 'extras': [], 'rate_id': 45406, 'deals': [], 'cancellation_type': 'free', 'credit_card': 0, 'bonus': 348, 'miles': 417, 'min_stay': 1, 'platichastyami': 0, 'mircashback': 695}, {'id': '965395P', 'capacity': 2, 'prepayment': 'FULL', 'nonrefundable': 0, 'cancellation_period': 0, 'cancellation_fee': 'NO', 'breakfast': 9, 'base_price': 6950, 'prices': [6950], 'price': 6950, 'old_price': 6950, 'currency': 'RUB', 'payment_amount': 6950, 'extras_variants': [], 'extras': [], 'rate_id': 45407, 'deals': [], 'cancellation_type': 'free', 'credit_card': 0, 'bonus': 348, 'miles': 417, 'min_stay': 1, 'platichastyami': 0, 'mircashback': 695}]",4950.0,297,658332_101hotels,2026-07-31
2251984,,Студия,2,1,0,1,Двухместный,2,2,[{'double': 1}],"[{'id': '10179', 'number': '1', 'min_age': '0', 'max_age': '17', 'is_extra_bed': '0', 'extra_bed_type_id': '0'}]","[{'id': 608483, 'capacity': 1, 'prepayment': 'FULL', 'nonrefundable': 0, 'cancellation_period': 1, 'cancellation_fee': 'FIRST', 'breakfast': 0, 'base_price': 5550, 'prices': [5550], 'price': 5550, 'old_price': 5550, 'currency': 'RUB', 'payment_amount': 5550, 'extras_variants': [], 'extras': {'10179': {'id': 10179, 'number': 1, 'extra_bed_type_id': 0, 'age': [0, 17], 'extra_bed': 0, 'free': 1}}, 'rate_id': 21859, 'deals': [], 'cancellation_type': 'special', 'credit_card': 1, 'bonus': 278, 'miles': 333, 'min_stay': 1, 'platichastyami': 0, 'mircashback': 555}, {'id': 965386, 'capacity': 1, 'prepayment': 'NO', 'nonrefundable': 0, 'cancellation_period': 0, 'cancellation_fee': 'NO', 'breakfast': 1, 'base_price': 6550, 'prices': [6550], 'price': 6550, 'old_price': 6550, 'currency': 'RUB', 'payment_amount': 0, 'extras_variants': [], 'extras': {'10179': {'id': 10179, 'number': 1, 'extra_bed_type_id': 0, 'age': [0, 17], 'extra_bed': 0, 'free': 1}}, 'rate_id': 45406, 'deals': [], 'cancellation_type': 'free', 'credit_card': 0, 'bonus': 328, 'miles': 393, 'min_stay': 1, 'platichastyami': 0, 'mircashback': 655}, {'id': 965396, 'capacity': 1, 'prepayment': 'NO', 'nonrefundable': 0, 'cancellation_period': 0, 'cancellation_fee': 'NO', 'breakfast': 9, 'base_price': 6550, 'prices': [6550], 'price': 6550, 'old_price': 6550, 'currency': 'RUB', 'payment_amount': 0, 'extras_variants': [], 'extras': {'10179': {'id': 10179, 'number': 1, 'extra_bed_type_id': 0, 'age': [0, 17], 'extra_bed': 0, 'free': 1}}, 'rate_id': 45407, 'deals': [], 'cancellation_type': 'free', 'credit_card': 0, 'bonus': 328, 'miles': 393, 'min_stay': 1, 'platichastyami': 0, 'mircashback': 655}, {'id': 608513, 'capacity': 2, 'prepayment': 'FULL', 'nonrefundable': 0, 'cancellation_period': 1, 'cancellation_fee': 'FIRST', 'breakfast': 0, 'base_price': 5550, 'prices': [5550], 'price': 5550, 'old_price': 5550, 'currency': 'RUB', 'payment_amount': 5550, 'extras_variants': [], 'extras': {'10179': {'id': 10179, 'number': 1, 'extra_bed_type_id': 0, 'age': [0, 17], 'extra_bed': 0, 'free': 1}}, 'rate_id': 21859, 'deals': [], 'cancellation_type': 'special', 'credit_card': 1, 'bonus': 278, 'miles': 333, 'min_stay': 1, 'platichastyami': 0, 'mircashback': 555}, {'id': 965387, 'capacity': 2, 'prepayment': 'NO', 'nonrefundable': 0, 'cancellation_period': 0, 'cancellation_fee': 'NO', 'breakfast': 1, 'base_price': 7550, 'prices': [7550], 'price': 7550, 'old_price': 7550, 'currency': 'RUB', 'payment_amount': 0, 'extras_variants': [], 'extras': {'10179': {'id': 10179, 'number': 1, 'extra_bed_type_id': 0, 'age': [0, 17], 'extra_bed': 0, 'free': 1}}, 'rate_id': 45406, 'deals': [], 'cancellation_type': 'free', 'credit_card': 0, 'bonus': 378, 'miles': 453, 'min_stay': 1, 'platichastyami': 0, 'mircashback': 755}, {'id': 965397, 'capacity': 2, 'prepayment': 'NO', 'nonrefundable': 0, 'cancellation_period': 0, 'cancellation_fee': 'NO', 'breakfast': 9, 'base_price': 7550, 'prices': [7550], 'price': 7550, 'old_price': 7550, 'currency': 'RUB', 'payment_amount': 0, 'extras_variants': [], 'extras': {'10179': {'id': 10179, 'number': 1, 'extra_bed_type_id': 0, 'age': [0, 17], 'extra_bed': 0, 'free': 1}}, 'rate_id': 45407, 'deals': [], 'cancellation_type': 'free', 'credit_card': 0, 'bonus': 378, 'miles': 453, 'min_stay': 1, 'platichastyami': 0, 'mircashback': 755}, {'id': '965386P', 'capacity': 1, 'prepayment': 'FULL', 'nonrefundable': 0, 'cancellation_period': 0, 'cancellation_fee': 'NO', 'breakfast': 1, 'base_price': 6550, 'prices': [6550], 'price': 6550, 'old_price': 6550, 'currency': 'RUB', 'payment_amount': 6550, 'extras_variants': [], 'extras': {'10179': {'id': 10179, 'number': 1, 'extra_bed_type_id': 0, 'age': [0, 17], 'extra_bed': 0, 'free': 1}}, 'rate_id': 45406, 'deals': [], 'cancellation_type': 'free', 'credit_card': 0, 'bonus': 328, 'miles': 393, 'min_stay': 1, 'platichastyami': 0, 'mircashback': 655}, {'id': '965396P', 'capacity': 1, 'prepayment': 'FULL', 'nonrefundable': 0, 'cancellation_period': 0, 'cancellation_fee': 'NO', 'breakfast': 9, 'base_price': 6550, 'prices': [6550], 'price': 6550, 'old_price': 6550, 'currency': 'RUB', 'payment_amount': 6550, 'extras_variants': [], 'extras': {'10179': {'id': 10179, 'number': 1, 'extra_bed_type_id': 0, 'age': [0, 17], 'extra_bed': 0, 'free': 1}}, 'rate_id': 45407, 'deals': [], 'cancellation_type': 'free', 'credit_card': 0, 'bonus': 328, 'miles': 393, 'min_stay': 1, 'platichastyami': 0, 'mircashback': 655}, {'id': '965387P', 'capacity': 2, 'prepayment': 'FULL', 'nonrefundable': 0, 'cancellation_period': 0, 'cancellation_fee': 'NO', 'breakfast': 1, 'base_price': 7550, 'prices': [7550], 'price': 7550, 'old_price': 7550, 'currency': 'RUB', 'payment_amount': 7550, 'extras_variants': [], 'extras': {'10179': {'id': 10179, 'number': 1, 'extra_bed_type_id': 0, 'age': [0, 17], 'extra_bed': 0, 'free': 1}}, 'rate_id': 45406, 'deals': [], 'cancellation_type': 'free', 'credit_card': 0, 'bonus': 378, 'miles': 453, 'min_stay': 1, 'platichastyami': 0, 'mircashback': 755}, {'id': '965397P', 'capacity': 2, 'prepayment': 'FULL', 'nonrefundable': 0, 'cancellation_period': 0, 'cancellation_fee': 'NO', 'breakfast': 9, 'base_price': 7550, 'prices': [7550], 'price': 7550, 'old_price': 7550, 'currency': 'RUB', 'payment_amount': 7550, 'extras_variants': [], 'extras': {'10179': {'id': 10179, 'number': 1, 'extra_bed_type_id': 0, 'age': [0, 17], 'extra_bed': 0, 'free': 1}}, 'rate_id': 45407, 'deals': [], 'cancellation_type': 'free', 'credit_card': 0, 'bonus': 378, 'miles': 453, 'min_stay': 1, 'platichastyami': 0, 'mircashback': 755}]",5550.0,333,658332_101hotels,2026-07-31
1572225,,"Стандарт, Twin",2,0,0,1,Двухместный,2,2,[{'single': 2}],[],"[{'id': 693819, 'capacity': 1, 'prepayment': 'NO', 'nonrefundable': 0, 'cancellation_period': 0, 'cancellation_fee': 'NO', 'breakfast': 1, 'base_price': 3800, 'prices': [3800], 'price': 3800, 'old_price': 3800, 'currency': 'RUB', 'payment_amount': 0, 'extras_variants': [], 'extras': [], 'rate_id': 27897, 'deals': [], 'cancellation_type': 'free', 'credit_card': 0, 'bonus': 190, 'miles': 228, 'min_stay': 1, 'platichastyami': 0, 'mircashback': 380}, {'id': 693820, 'capacity': 2, 'prepayment': 'NO', 'nonrefundable': 0, 'cancellation_period': 0, 'cancellation_fee': 'NO', 'breakfast': 1, 'base_price': 4500, 'prices': [4500], 'price': 4500, 'old_price': 4500, 'currency': 'RUB', 'payment_amount': 0, 'extras_variants': [], 'extras': [], 'rate_id': 27897, 'deals': [], 'cancellation_type': 'free', 'credit_card': 0, 'bonus': 225, 'miles': 270, 'min_stay': 1, 'platichastyami': 0, 'mircashback': 450}]",3800.0,228,8209_101hotels,2026-07-31
1572261,,"Делюкс, С 1 кроватью",2,0,0,1,Двухместный,2,14,[{'double': 1}],[],"[{'id': 693006, 'capacity': 1, 'prepayment': 'NO', 'nonrefundable': 0, 'cancellation_period': 0, 'cancellation_fee': 'NO', 'breakfast': 1, 'base_price': 4500, 'prices': [4500], 'price': 4500, 'old_price': 4500, 'currency': 'RUB', 'payment_amount': 0, 'extras_variants': [], 'extras': [], 'rate_id': 27897, 'deals': [], 'cancellation_type': 'free', 'credit_card': 0, 'bonus': 225, 'miles': 270, 'min_stay': 1, 'platichastyami': 0, 'mircashback': 450}, {'id': 693007, 'capacity': 2, 'prepayment': 'NO', 'nonrefundable': 0, 'cancellation_period': 0, 'cancellation_fee': 'NO', 'breakfast': 1, 'base_price': 5200, 'prices': [5200], 'price': 5200, 'old_price': 5200, 'currency': 'RUB', 'payment_amount': 0, 'extras_variants': [], 'extras': [], 'rate_id': 27897, 'deals': [], 'cancellation_type': 'free', 'credit_card': 0, 'bonus': 260, 'miles': 312, 'min_stay': 1, 'platichastyami': 0, 'mircashback': 520}]",4500.0,270,8209_101hotels,2026-07-31
1572262,,Семейный,4,0,0,1,Четырехместный,34,1,"[{'single': 2, 'double': 1}]",[],"[{'id': 693016, 'capacity': 1, 'prepayment': 'NO', 'nonrefundable': 0, 'cancellation_period': 0, 'cancellation_fee': 'NO', 'breakfast': 1, 'base_price': 6000, 'prices': [6000], 'price': 6000, 'old_price': 6000, 'currency': 'RUB', 'payment_amount': 0, 'extras_variants': [], 'extras': [], 'rate_id': 27897, 'deals': [], 'cancellation_type': 'free', 'credit_card': 0, 'bonus': 300, 'miles': 360, 'min_stay': 1, 'platichastyami': 0, 'mircashback': 600}, {'id': 693017, 'capacity': 2, 'prepayment': 'NO', 'nonrefundable': 0, 'cancellation_period': 0, 'cancellation_fee': 'NO', 'breakfast': 1, 'base_price': 6500, 'prices': [6500], 'price': 6500, 'old_price': 6500, 'currency': 'RUB', 'payment_amount': 0, 'extras_variants': [], 'extras': [], 'rate_id': 27897, 'deals': [], 'cancellation_type': 'free', 'credit_card': 0, 'bonus': 325, 'miles': 390, 'min_stay': 1, 'platichastyami': 0, 'mircashback': 650}, {'id': 693018, 'capacity': 3, 'prepayment': 'NO', 'nonrefundable': 0, 'cancellation_period': 0, 'cancellation_fee': 'NO', 'breakfast': 1, 'base_price': 7000, 'prices': [7000], 'price': 7000, 'old_price': 7000, 'currency': 'RUB', 'payment_amount': 0, 'extras_variants': [], 'extras': [], 'rate_id': 27897, 'deals': [], 'cancellation_type': 'free', 'credit_card': 0, 'bonus': 350, 'miles': 420, 'min_stay': 1, 'platichastyami': 0, 'mircashback': 700}, {'id': 693019, 'capacity': 4, 'prepayment': 'NO', 'nonrefundable': 0, 'cancellation_period': 0, 'cancellation_fee': 'NO', 'breakfast': 1, 'base_price': 8000, 'prices': [8000], 'price': 8000, 'old_price': 8000, 'currency': 'RUB', 'payment_amount': 0, 'extras_variants': [], 'extras': [], 'rate_id': 27897, 'deals': [], 'cancellation_type': 'free', 'credit_card': 0, 'bonus': 400, 'miles': 480, 'min_stay': 1, 'platichastyami': 0, 'mircashback': 800}]",6000.0,360,8209_101hotels,2026-07-31
21400,,Стандарт улучшенный,2,0,0,1,Двухместный,2,3,"[{'single': 2}, {'double': 1}]",[],"[{'id': 451814, 'capacity': 1, 'prepayment': 'FIRST', 'nonrefundable': 0, 'cancellation_period': 0, 'cancellation_fee': 'NO', 'breakfast': 1, 'base_price': 10780, 'prices': [10780], 'price': 10780, 'old_price': 10780, 'currency': 'RUB', 'payment_amount': 10780, 'extras_variants': [], 'extras': [], 'rate_id': 11082, 'deals': [], 'cancellation_type': 'free', 'credit_card': 1, 'bonus': 539, 'miles': 645, 'min_stay': 1, 'platichastyami': 0, 'mircashback': 1078}, {'id': 451815, 'capacity': 2, 'prepayment': 'FIRST', 'nonrefundable': 0, 'cancellation_period': 0, 'cancellation_fee': 'NO', 'breakfast': 1, 'base_price': 12100, 'prices': [12100], 'price': 12100, 'old_price': 12100, 'currency': 'RUB', 'payment_amount': 12100, 'extras_variants': [], 'extras': [], 'rate_id': 11082, 'deals': [], 'cancellation_type': 'free', 'credit_card': 1, 'bonus': 605, 'miles': 726, 'min_stay': 1, 'platichastyami': 0, 'mircashback': 1210}]",10780.0,645,4324_101hotels,2026-07-31
23266,,Эконом в дополнительном корпусе Маячок (корпус без лифта,1,0,0,1,Одноместный,1,2,[{'single': 1}],[],"[{'id': 451813, 'capacity': 1, 'prepayment': 'FIRST', 'nonrefundable': 0, 'cancellation_period': 0, 'cancellation_fee': 'NO', 'breakfast': 1, 'base_price': 7000, 'prices': [7000], 'price': 7000, 'old_price': 7000, 'currency': 'RUB', 'payment_amount': 7000, 'extras_variants': [], 'extras': [], 'rate_id': 11082, 'deals': [], 'cancellation_type': 'free', 'credit_card': 1, 'bonus': 350, 'miles': 420, 'min_stay': 1, 'platichastyami': 0, 'mircashback': 700}]",7000.0,420,4324_101hotels,2026-07-31
23267,,Джуниор Сьют улучшенный,2,0,0,1,Студио,5,5,"[{'single': 2}, {'double': 1}]",[],"[{'id': 451818, 'capacity': 1, 'prepayment': 'FIRST', 'nonrefundable': 0, 'cancellation_period': 0, 'cancellation_fee': 'NO', 'breakfast': 1, 'base_price': 15950, 'prices': [15950], 'price': 15950, 'old_price': 15950, 'currency': 'RUB', 'payment_amount': 15950, 'extras_variants': [], 'extras': [], 'rate_id': 11082, 'deals': [], 'cancellation_type': 'free', 'credit_card': 1, 'bonus': 798, 'miles': 957, 'min_stay': 1, 'platichastyami': 0, 'mircashback': 1595}, {'id': 451819, 'capacity': 2, 'prepayment': 'FIRST', 'nonrefundable': 0, 'cancellation_period': 0, 'cancellation_fee': 'NO', 'breakfast': 1, 'base_price': 15950, 'prices': [15950], 'price': 15950, 'old_price': 15950, 'currency': 'RUB', 'payment_amount': 15950, 'extras_variants': [], 'extras': [], 'rate_id': 11082, 'deals': [], 'cancellation_type': 'free', 'credit_card': 1, 'bonus': 798, 'miles': 957, 'min_stay': 1, 'platichastyami': 0, 'mircashback': 1595}]",15950.0,957,4324_101hotels,2026-07-31
23268,,"Комфорт в дополнительном корпусе ""Маячок"" (корпус без лифта",2,0,0,1,Студио,5,1,"[{'single': 2}, {'double': 1}]",[],"[{'id': 451820, 'capacity': 1, 'prepayment': 'FIRST', 'nonrefundable': 0, 'cancellation_period': 0, 'cancellation_fee': 'NO', 'breakfast': 1, 'base_price': 9240, 'prices': [9240], 'price': 9240, 'old_price': 9240, 'currency': 'RUB', 'payment_amount': 9240, 'extras_variants': [], 'extras': [], 'rate_id': 11082, 'deals': [], 'cancellation_type': 'free', 'credit_card': 1, 'bonus': 462, 'miles': 552, 'min_stay': 1, 'platichastyami': 0, 'mircashback': 924}, {'id': 451821, 'capacity': 2, 'prepayment': 'FIRST', 'nonrefundable': 0, 'cancellation_period': 0, 'cancellation_fee': 'NO', 'breakfast': 1, 'base_price': 10010, 'prices': [10010], 'price': 10010, 'old_price': 10010, 'currency': 'RUB', 'payment_amount': 10010, 'extras_variants': [], 'extras': [], 'rate_id': 11082, 'deals': [], 'cancellation_type': 'free', 'credit_card': 1, 'bonus': 501, 'miles': 600, 'min_stay': 1, 'platichastyami': 0, 'mircashback': 1001}]",9240.0,552,4324_101hotels,2026-07-31
2246438,,,3,0,0,1,Семейный,44,4,"[{'single': 2}, {'double': 1}]","[{'id': '33321', 'number': '1', 'min_age': '0', 'max_age': '6', 'is_extra_bed': '0', 'extra_bed_type_id': '0'}]","[{'id': 869411, 'capacity': 1, 'prepayment': 'FIRST', 'nonrefundable': 0, 'cancellation_period': 0, 'cancellation_fee': 'NO', 'breakfast': 1, 'base_price': 18700, 'prices': [18700], 'price': 18700, 'old_price': 18700, 'currency': 'RUB', 'payment_amount': 18700, 'extras_variants': [], 'extras': {'33321': {'id': 33321, 'number': 1, 'extra_bed_type_id': 0, 'age': [0, 6], 'extra_bed': 0, 'free': 1}}, 'rate_id': 11082, 'deals': [], 'cancellation_type': 'free', 'credit_card': 1, 'bonus': 935, 'miles': 1122, 'min_stay': 1, 'platichastyami': 0, 'mircashback': 1870}, {'id': 869412, 'capacity': 2, 'prepayment': 'FIRST', 'nonrefundable': 0, 'cancellation_period': 0, 'cancellation_fee': 'NO', 'breakfast': 1, 'base_price': 18700, 'prices': [18700], 'price': 18700, 'old_price': 18700, 'currency': 'RUB', 'payment_amount': 18700, 'extras_variants': [], 'extras': {'33321': {'id': 33321, 'number': 1, 'extra_bed_type_id': 0, 'age': [0, 6], 'extra_bed': 0, 'free': 1}}, 'rate_id': 11082, 'deals': [], 'cancellation_type': 'free', 'credit_card': 1, 'bonus': 935, 'miles': 1122, 'min_stay': 1, 'platichastyami': 0, 'mircashback': 1870}, {'id': 988780, 'capacity': 3, 'prepayment': 'FIRST', 'nonrefundable': 0, 'cancellation_period': 0, 'cancellation_fee': 'NO', 'breakfast': 1, 'base_price': 21200, 'prices': [21200], 'price': 21200, 'old_price': 21200, 'currency': 'RUB', 'payment_amount': 21200, 'extras_variants': [], 'extras': {'33321': {'id': 33321, 'number': 1, 'extra_bed_type_id': 0, 'age': [0, 6], 'extra_bed': 0, 'free': 1}}, 'rate_id': 11082, 'deals': [], 'cancellation_type': 'free', 'credit_card': 1, 'bonus': 1060, 'miles': 1272, 'min_stay': 1, 'platichastyami': 0, 'mircashback': 2120}]",18700.0,1122,4324_101hotels,2026-07-31
2310433,,Люкс (первый этаж),2,1,0,1,Люкс,6,1,[{'double': 1}],"[{'id': '33320', 'number': '1', 'min_age': '0', 'max_age': '6', 'is_extra_bed': '0', 'extra_bed_type_id': '0'}]","[{'id': 1131727, 'capacity': 1, 'prepayment': 'FIRST', 'nonrefundable': 0, 'cancellation_period': 0, 'cancellation_fee': 'NO', 'breakfast': 1, 'base_price': 36300, 'prices': [36300], 'price': 36300, 'old_price': 36300, 'currency': 'RUB', 'payment_amount': 36300, 'extras_variants': [], 'extras': {'33320': {'id': 33320, 'number': 1, 'extra_bed_type_id': 0, 'age': [0, 6], 'extra_bed': 0, 'free': 1}}, 'rate_id': 11082, 'deals': [], 'cancellation_type': 'free', 'credit_card': 1, 'bonus': 1815, 'miles': 2178, 'min_stay': 1, 'platichastyami': 0, 'mircashback': 3630}, {'id': 1131728, 'capacity': 2, 'prepayment': 'FIRST', 'nonrefundable': 0, 'cancellation_period': 0, 'cancellation_fee': 'NO', 'breakfast': 1, 'base_price': 36300, 'prices': [36300], 'price': 36300, 'old_price': 36300, 'currency': 'RUB', 'payment_amount': 36300, 'extras_variants': [], 'extras': {'33320': {'id': 33320, 'number': 1, 'extra_bed_type_id': 0, 'age': [0, 6], 'extra_bed': 0, 'free': 1}}, 'rate_id': 11082, 'deals': [], 'cancellation_type': 'free', 'credit_card': 1, 'bonus': 1815, 'miles': 2178, 'min_stay': 1, 'platichastyami': 0, 'mircashback': 3630}]",36300.0,2178,4324_101hotels,2026-07-31
2299776,,Т,2,0,0,1,Двухместный,2,2,[{'single': 2}],[],"[{'id': 1036996, 'capacity': 1, 'prepayment': 'FIRST', 'nonrefundable': 0, 'cancellation_period': 0, 'cancellation_fee': 'NO', 'breakfast': 0, 'base_price': 5000, 'prices': [5000], 'price': 5000, 'old_price': 5000, 'currency': 'RUB', 'payment_amount': 5000, 'extras_variants': [], 'extras': [], 'rate_id': 47432, 'deals': [], 'cancellation_type': 'free', 'credit_card': 1, 'bonus': 250, 'miles': 300, 'min_stay': 1, 'platichastyami': 0, 'mircashback': 500}, {'id': 1036997, 'capacity': 2, 'prepayment': 'FIRST', 'nonrefundable': 0, 'cancellation_period': 0, 'cancellation_fee': 'NO', 'breakfast': 0, 'base_price': 5000, 'prices': [5000], 'price': 5000, 'old_price': 5000, 'currency': 'RUB', 'payment_amount': 5000, 'extras_variants': [], 'extras': [], 'rate_id': 47432, 'deals': [], 'cancellation_type': 'free', 'credit_card': 1, 'bonus': 250, 'miles': 300, 'min_stay': 1, 'platichastyami': 0, 'mircashback': 500}]",5000.0,300,671631_101hotels,2026-07-31
2308442,,,3,0,0,1,Трёхместный и более,3,1,"[{'single': 1}, {'single': 1}, {'single': 1}]",[],"[{'id': 1111181, 'capacity': 1, 'prepayment': 'FIRST', 'nonrefundable': 0, 'cancellation_period': 0, 'cancellation_fee': 'NO', 'breakfast': 0, 'base_price': 6500, 'prices': [6500], 'price': 6500, 'old_price': 6500, 'currency': 'RUB', 'payment_amount': 6500, 'extras_variants': [], 'extras': [], 'rate_id': 47432, 'deals': [], 'cancellation_type': 'free', 'credit_card': 1, 'bonus': 325, 'miles': 390, 'min_stay': 1, 'platichastyami': 0, 'mircashback': 650}, {'id': 1111182, 'capacity': 2, 'prepayment': 'FIRST', 'nonrefundable': 0, 'cancellation_period': 0, 'cancellation_fee': 'NO', 'breakfast': 0, 'base_price': 6500, 'prices': [6500], 'price': 6500, 'old_price': 6500, 'currency': 'RUB', 'payment_amount': 6500, 'extras_variants': [], 'extras': [], 'rate_id': 47432, 'deals': [], 'cancellation_type': 'free', 'credit_card': 1, 'bonus': 325, 'miles': 390, 'min_stay': 1, 'platichastyami': 0, 'mircashback': 650}, {'id': 1111183, 'capacity': 3, 'prepayment': 'FIRST', 'nonrefundable': 0, 'cancellation_period': 0, 'cancellation_fee': 'NO', 'breakfast': 0, 'base_price': 6500, 'prices': [6500], 'price': 6500, 'old_price': 6500, 'currency': 'RUB', 'payment_amount': 6500, 'extras_variants': [], 'extras': [], 'rate_id': 47432, 'deals': [], 'cancellation_type': 'free', 'credit_card': 1, 'bonus': 325, 'miles': 390, 'min_stay': 1, 'platichastyami': 0, 'mircashback': 650}]",6500.0,390,671631_101hotels,2026-07-31
1747459,,Стандартный номер с 2 кроватями размера «queen-size»,2,0,0,1,Двухместный,2,2,[{'single': 2}],[],"[{'id': 353067, 'capacity': 1, 'prepayment': 'FULL', 'nonrefundable': 0, 'cancellation_period': 3, 'cancellation_fee': 'FIRST', 'breakfast': 7, 'base_price': 6500, 'prices': [6500], 'price': 6500, 'old_price': 6500, 'currency': 'RUB', 'payment_amount': 6500, 'extras_variants': [], 'extras': [], 'rate_id': 4956, 'deals': [], 'cancellation_type': 'special', 'credit_card': 1, 'bonus': 325, 'miles': 390, 'min_stay': 1, 'platichastyami': 0, 'mircashback': 650}, {'id': 353068, 'capacity': 2, 'prepayment': 'FULL', 'nonrefundable': 0, 'cancellation_period': 3, 'cancellation_fee': 'FIRST', 'breakfast': 7, 'base_price': 6500, 'prices': [6500], 'price': 6500, 'old_price': 6500, 'currency': 'RUB', 'payment_amount': 6500, 'extras_variants': [], 'extras': [], 'rate_id': 4956, 'deals': [], 'cancellation_type': 'special', 'credit_card': 1, 'bonus': 325, 'miles': 390, 'min_stay': 1, 'platichastyami': 0, 'mircashback': 650}]",6500.0,390,514670_101hotels,2026-07-31
2299791,,С видом на Байкал,2,0,0,1,Двухместный,2,1,[{'single': 2}],[],"[{'id': 1078417, 'capacity': 1, 'prepayment': 'FULL', 'nonrefundable': 0, 'cancellation_period': 3, 'cancellation_fee': 'FIRST', 'breakfast': 1, 'base_price': 8000, 'prices': [8000], 'price': 8000, 'old_price': 8000, 'currency': 'RUB', 'payment_amount': 8000, 'extras_variants': [], 'extras': [], 'rate_id': 53187, 'deals': [], 'cancellation_type': 'special', 'credit_card': 1, 'bonus': 400, 'miles': 480, 'min_stay': 1, 'platichastyami': 0, 'mircashback': 800}, {'id': 1078418, 'capacity': 2, 'prepayment': 'FULL', 'nonrefundable': 0, 'cancellation_period': 3, 'cancellation_fee': 'FIRST', 'breakfast': 1, 'base_price': 8000, 'prices': [8000], 'price': 8000, 'old_price': 8000, 'currency': 'RUB', 'payment_amount': 8000, 'extras_variants': [], 'extras': [], 'rate_id': 53187, 'deals': [], 'cancellation_type': 'special', 'credit_card': 1, 'bonus': 400, 'miles': 480, 'min_stay': 1, 'platichastyami': 0, 'mircashback': 800}]",8000.0,480,514670_101hotels,2026-07-31
2299882,,Двухместный улучшенный,2,0,0,1,Люкс,6,1,[{'double': 1}],[],"[{'id': 1078428, 'capacity': 1, 'prepayment': 'FULL', 'nonrefundable': 0, 'cancellation_period': 3, 'cancellation_fee': 'FIRST', 'breakfast': 1, 'base_price': 8500, 'prices': [8500], 'price': 8500, 'old_price': 8500, 'currency': 'RUB', 'payment_amount': 8500, 'extras_variants': [], 'extras': [], 'rate_id': 53188, 'deals': [], 'cancellation_type': 'special', 'credit_card': 1, 'bonus': 425, 'miles': 510, 'min_stay': 1, 'platichastyami': 0, 'mircashback': 850}, {'id': 1078429, 'capacity': 2, 'prepayment': 'FULL', 'nonrefundable': 0, 'cancellation_period': 3, 'cancellation_fee': 'FIRST', 'breakfast': 1, 'base_price': 8500, 'prices': [8500], 'price': 8500, 'old_price': 8500, 'currency': 'RUB', 'payment_amount': 8500, 'extras_variants': [], 'extras': [], 'rate_id': 53188, 'deals': [], 'cancellation_type': 'special', 'credit_card': 1, 'bonus': 425, 'miles': 510, 'min_stay': 1, 'platichastyami': 0, 'mircashback': 850}]",8500.0,510,514670_101hotels,2026-07-31
2218440,,Номер с раздельными кроватями,2,1,0,1,Двухместный,2,3,[{'single': 2}],[],"[{'id': 1115730, 'capacity': 1, 'prepayment': 'FIRST', 'nonrefundable': 0, 'cancellation_period': 2, 'cancellation_fee': 'FIRST', 'breakfast': 0, 'base_price': 3500, 'prices': [3500], 'price': 3500, 'old_price': 3500, 'currency': 'RUB', 'payment_amount': 3500, 'extras_variants': [], 'extras': [], 'rate_id': 55736, 'deals': [], 'cancellation_type': 'special', 'credit_card': 1, 'bonus': 175, 'miles': 210, 'min_stay': 1, 'platichastyami': 0, 'mircashback': 350}, {'id': 1115731, 'capacity': 2, 'prepayment': 'FIRST', 'nonrefundable': 0, 'cancellation_period': 2, 'cancellation_fee': 'FIRST', 'breakfast': 0, 'base_price': 3500, 'prices': [3500], 'price': 3500, 'old_price': 3500, 'currency': 'RUB', 'payment_amount': 3500, 'extras_variants': [], 'extras': [], 'rate_id': 55736, 'deals': [], 'cancellation_type': 'special', 'credit_card': 1, 'bonus': 175, 'miles': 210, 'min_stay': 1, 'platichastyami': 0, 'mircashback': 350}]",3500.0,210,650200_101hotels,2026-07-31
2218448,,,4,1,0,1,Четырехместный,34,1,[{'single': 4}],[],"[{'id': 1115734, 'capacity': 1, 'prepayment': 'FIRST', 'nonrefundable': 0, 'cancellation_period': 2, 'cancellation_fee': 'FIRST', 'breakfast': 0, 'base_price': 4500, 'prices': [4500], 'price': 4500, 'old_price': 4500, 'currency': 'RUB', 'payment_amount': 4500, 'extras_variants': [], 'extras': [], 'rate_id': 55736, 'deals': [], 'cancellation_type': 'special', 'credit_card': 1, 'bonus': 225, 'miles': 270, 'min_stay': 1, 'platichastyami': 0, 'mircashback': 450}, {'id': 1115735, 'capacity': 2, 'prepayment': 'FIRST', 'nonrefundable': 0, 'cancellation_period': 2, 'cancellation_fee': 'FIRST', 'breakfast': 0, 'base_price': 4500, 'prices': [4500], 'price': 4500, 'old_price': 4500, 'currency': 'RUB', 'payment_amount': 4500, 'extras_variants': [], 'extras': [], 'rate_id': 55736, 'deals': [], 'cancellation_type': 'special', 'credit_card': 1, 'bonus': 225, 'miles': 270, 'min_stay': 1, 'platichastyami': 0, 'mircashback': 450}, {'id': 1115736, 'capacity': 3, 'prepayment': 'FIRST', 'nonrefundable': 0, 'cancellation_period': 2, 'cancellation_fee': 'FIRST', 'breakfast': 0, 'base_price': 4500, 'prices': [4500], 'price': 4500, 'old_price': 4500, 'currency': 'RUB', 'payment_amount': 4500, 'extras_variants': [], 'extras': [], 'rate_id': 55736, 'deals': [], 'cancellation_type': 'special', 'credit_card': 1, 'bonus': 225, 'miles': 270, 'min_stay': 1, 'platichastyami': 0, 'mircashback': 450}, {'id': 1115737, 'capacity': 4, 'prepayment': 'FIRST', 'nonrefundable': 0, 'cancellation_period': 2, 'cancellation_fee': 'FIRST', 'breakfast': 0, 'base_price': 4500, 'prices': [4500], 'price': 4500, 'old_price': 4500, 'currency': 'RUB', 'payment_amount': 4500, 'extras_variants': [], 'extras': [], 'rate_id': 55736, 'deals': [], 'cancellation_type': 'special', 'credit_card': 1, 'bonus': 225, 'miles': 270, 'min_stay': 1, 'platichastyami': 0, 'mircashback': 450}]",4500.0,270,650200_101hotels,2026-07-31
1992332,,С 2 отдельными кроватями и видом на озеро,2,0,0,1,Двухместный,2,1,[{'single': 2}],[],"[{'id': 1120394, 'capacity': 1, 'prepayment': 'FULL', 'nonrefundable': 1, 'cancellation_period': 0, 'cancellation_fee': 'FIRST', 'breakfast': 1, 'base_price': 9000, 'prices': [9000], 'price': 9000, 'old_price': 9000, 'currency': 'RUB', 'payment_amount': 9000, 'extras_variants': [], 'extras': [], 'rate_id': 56083, 'deals': [], 'cancellation_type': 'nonrefundable', 'credit_card': 1, 'bonus': 450, 'miles': 540, 'min_stay': 1, 'platichastyami': 0, 'mircashback': 900}, {'id': 1120420, 'capacity': 1, 'prepayment': 'FULL', 'nonrefundable': 1, 'cancellation_period': 0, 'cancellation_fee': 'FIRST', 'breakfast': 1, 'base_price': 9000, 'prices': [9000], 'price': 9000, 'old_price': 9000, 'currency': 'RUB', 'payment_amount': 9000, 'extras_variants': [], 'extras': [], 'rate_id': 56085, 'deals': [], 'cancellation_type': 'nonrefundable', 'credit_card': 1, 'bonus': 450, 'miles': 540, 'min_stay': 1, 'platichastyami': 0, 'mircashback': 900}, {'id': 1120429, 'capacity': 1, 'prepayment': 'FULL', 'nonrefundable': 1, 'cancellation_period': 0, 'cancellation_fee': 'FIRST', 'breakfast': 1, 'base_price': 9000, 'prices': [9000], 'price': 9000, 'old_price': 9000, 'currency': 'RUB', 'payment_amount': 9000, 'extras_variants': [], 'extras': [], 'rate_id': 56086, 'deals': [], 'cancellation_type': 'nonrefundable', 'credit_card': 1, 'bonus': 450, 'miles': 540, 'min_stay': 1, 'platichastyami': 0, 'mircashback': 900}, {'id': 1120395, 'capacity': 2, 'prepayment': 'FULL', 'nonrefundable': 1, 'cancellation_period': 0, 'cancellation_fee': 'FIRST', 'breakfast': 1, 'base_price': 9000, 'prices': [9000], 'price': 9000, 'old_price': 9000, 'currency': 'RUB', 'payment_amount': 9000, 'extras_variants': [], 'extras': [], 'rate_id': 56083, 'deals': [], 'cancellation_type': 'nonrefundable', 'credit_card': 1, 'bonus': 450, 'miles': 540, 'min_stay': 1, 'platichastyami': 0, 'mircashback': 900}, {'id': 1120421, 'capacity': 2, 'prepayment': 'FULL', 'nonrefundable': 1, 'cancellation_period': 0, 'cancellation_fee': 'FIRST', 'breakfast': 1, 'base_price': 9000, 'prices': [9000], 'price': 9000, 'old_price': 9000, 'currency': 'RUB', 'payment_amount': 9000, 'extras_variants': [], 'extras': [], 'rate_id': 56085, 'deals': [], 'cancellation_type': 'nonrefundable', 'credit_card': 1, 'bonus': 450, 'miles': 540, 'min_stay': 1, 'platichastyami': 0, 'mircashback': 900}, {'id': 1120430, 'capacity': 2, 'prepayment': 'FULL', 'nonrefundable': 1, 'cancellation_period': 0, 'cancellation_fee': 'FIRST', 'breakfast': 1, 'base_price': 9000, 'prices': [9000], 'price': 9000, 'old_price': 9000, 'currency': 'RUB', 'payment_amount': 9000, 'extras_variants': [], 'extras': [], 'rate_id': 56086, 'deals': [], 'cancellation_type': 'nonrefundable', 'credit_card': 1, 'bonus': 450, 'miles': 540, 'min_stay': 1, 'platichastyami': 0, 'mircashback': 900}]",9000.0,540,610848_101hotels,2026-07-31
1992333,,С 2 отдельными кроватями и видом на горы,2,0,0,1,Двухместный,2,13,[{'single': 2}],[],"[{'id': 1120396, 'capacity': 1, 'prepayment': 'FULL', 'nonrefundable': 1, 'cancellation_period': 0, 'cancellation_fee': 'FIRST', 'breakfast': 1, 'base_price': 9000, 'prices': [9000], 'price': 9000, 'old_price': 9000, 'currency': 'RUB', 'payment_amount': 9000, 'extras_variants': [], 'extras': [], 'rate_id': 56083, 'deals': [], 'cancellation_type': 'nonrefundable', 'credit_card': 1, 'bonus': 450, 'miles': 540, 'min_stay': 1, 'platichastyami': 0, 'mircashback': 900}, {'id': 1120422, 'capacity': 1, 'prepayment': 'FULL', 'nonrefundable': 1, 'cancellation_period': 0, 'cancellation_fee': 'FIRST', 'breakfast': 1, 'base_price': 9000, 'prices': [9000], 'price': 9000, 'old_price': 9000, 'currency': 'RUB', 'payment_amount': 9000, 'extras_variants': [], 'extras': [], 'rate_id': 56085, 'deals': [], 'cancellation_type': 'nonrefundable', 'credit_card': 1, 'bonus': 450, 'miles': 540, 'min_stay': 1, 'platichastyami': 0, 'mircashback': 900}, {'id': 1120431, 'capacity': 1, 'prepayment': 'FULL', 'nonrefundable': 1, 'cancellation_period': 0, 'cancellation_fee': 'FIRST', 'breakfast': 1, 'base_price': 9000, 'prices': [9000], 'price': 9000, 'old_price': 9000, 'currency': 'RUB', 'payment_amount': 9000, 'extras_variants': [], 'extras': [], 'rate_id': 56086, 'deals': [], 'cancellation_type': 'nonrefundable', 'credit_card': 1, 'bonus': 450, 'miles': 540, 'min_stay': 1, 'platichastyami': 0, 'mircashback': 900}, {'id': 1120397, 'capacity': 2, 'prepayment': 'FULL', 'nonrefundable': 1, 'cancellation_period': 0, 'cancellation_fee': 'FIRST', 'breakfast': 1, 'base_price': 9000, 'prices': [9000], 'price': 9000, 'old_price': 9000, 'currency': 'RUB', 'payment_amount': 9000, 'extras_variants': [], 'extras': [], 'rate_id': 56083, 'deals': [], 'cancellation_type': 'nonrefundable', 'credit_card': 1, 'bonus': 450, 'miles': 540, 'min_stay': 1, 'platichastyami': 0, 'mircashback': 900}, {'id': 1120423, 'capacity': 2, 'prepayment': 'FULL', 'nonrefundable': 1, 'cancellation_period': 0, 'cancellation_fee': 'FIRST', 'breakfast': 1, 'base_price': 9000, 'prices': [9000], 'price': 9000, 'old_price': 9000, 'currency': 'RUB', 'payment_amount': 9000, 'extras_variants': [], 'extras': [], 'rate_id': 56085, 'deals': [], 'cancellation_type': 'nonrefundable', 'credit_card': 1, 'bonus': 450, 'miles': 540, 'min_stay': 1, 'platichastyami': 0, 'mircashback': 900}, {'id': 1120432, 'capacity': 2, 'prepayment': 'FULL', 'nonrefundable': 1, 'cancellation_period': 0, 'cancellation_fee': 'FIRST', 'breakfast': 1, 'base_price': 9000, 'prices': [9000], 'price': 9000, 'old_price': 9000, 'currency': 'RUB', 'payment_amount': 9000, 'extras_variants': [], 'extras': [], 'rate_id': 56086, 'deals': [], 'cancellation_type': 'nonrefundable', 'credit_card': 1, 'bonus': 450, 'miles': 540, 'min_stay': 1, 'platichastyami': 0, 'mircashback': 900}]",9000.0,540,610848_101hotels,2026-07-31
1992334,,Люкс с видом на озеро,2,0,0,1,Сюит,27,1,[{'g-double': 1}],[],"[{'id': 1120398, 'capacity': 1, 'prepayment': 'FULL', 'nonrefundable': 1, 'cancellation_period': 0, 'cancellation_fee': 'FIRST', 'breakfast': 1, 'base_price': 21600, 'prices': [21600], 'price': 21600, 'old_price': 21600, 'currency': 'RUB', 'payment_amount': 21600, 'extras_variants': [], 'extras': [], 'rate_id': 56083, 'deals': [], 'cancellation_type': 'nonrefundable', 'credit_card': 1, 'bonus': 1080, 'miles': 1296, 'min_stay': 1, 'platichastyami': 0, 'mircashback': 2160}, {'id': 1120424, 'capacity': 1, 'prepayment': 'FULL', 'nonrefundable': 1, 'cancellation_period': 0, 'cancellation_fee': 'FIRST', 'breakfast': 1, 'base_price': 21600, 'prices': [21600], 'price': 21600, 'old_price': 21600, 'currency': 'RUB', 'payment_amount': 21600, 'extras_variants': [], 'extras': [], 'rate_id': 56085, 'deals': [], 'cancellation_type': 'nonrefundable', 'credit_card': 1, 'bonus': 1080, 'miles': 1296, 'min_stay': 1, 'platichastyami': 0, 'mircashback': 2160}, {'id': 1120433, 'capacity': 1, 'prepayment': 'FULL', 'nonrefundable': 1, 'cancellation_period': 0, 'cancellation_fee': 'FIRST', 'breakfast': 1, 'base_price': 21600, 'prices': [21600], 'price': 21600, 'old_price': 21600, 'currency': 'RUB', 'payment_amount': 21600, 'extras_variants': [], 'extras': [], 'rate_id': 56086, 'deals': [], 'cancellation_type': 'nonrefundable', 'credit_card': 1, 'bonus': 1080, 'miles': 1296, 'min_stay': 1, 'platichastyami': 0, 'mircashback': 2160}, {'id': 1120399, 'capacity': 2, 'prepayment': 'FULL', 'nonrefundable': 1, 'cancellation_period': 0, 'cancellation_fee': 'FIRST', 'breakfast': 1, 'base_price': 21600, 'prices': [21600], 'price': 21600, 'old_price': 21600, 'currency': 'RUB', 'payment_amount': 21600, 'extras_variants': [], 'extras': [], 'rate_id': 56083, 'deals': [], 'cancellation_type': 'nonrefundable', 'credit_card': 1, 'bonus': 1080, 'miles': 1296, 'min_stay': 1, 'platichastyami': 0, 'mircashback': 2160}, {'id': 1120425, 'capacity': 2, 'prepayment': 'FULL', 'nonrefundable': 1, 'cancellation_period': 0, 'cancellation_fee': 'FIRST', 'breakfast': 1, 'base_price': 21600, 'prices': [21600], 'price': 21600, 'old_price': 21600, 'currency': 'RUB', 'payment_amount': 21600, 'extras_variants': [], 'extras': [], 'rate_id': 56085, 'deals': [], 'cancellation_type': 'nonrefundable', 'credit_card': 1, 'bonus': 1080, 'miles': 1296, 'min_stay': 1, 'platichastyami': 0, 'mircashback': 2160}, {'id': 1120434, 'capacity': 2, 'prepayment': 'FULL', 'nonrefundable': 1, 'cancellation_period': 0, 'cancellation_fee': 'FIRST', 'breakfast': 1, 'base_price': 21600, 'prices': [21600], 'price': 21600, 'old_price': 21600, 'currency': 'RUB', 'payment_amount': 21600, 'extras_variants': [], 'extras': [], 'rate_id': 56086, 'deals': [], 'cancellation_type': 'nonrefundable', 'credit_card': 1, 'bonus': 1080, 'miles': 1296, 'min_stay': 1, 'platichastyami': 0, 'mircashback': 2160}]",21600.0,1296,610848_101hotels,2026-07-31
1992336,,Люкс с кроватью размера «king-size» и балконом,2,0,0,1,Сюит,27,1,"[{'single': 1}, {'g-double': 1}]",[],"[{'id': 1120400, 'capacity': 1, 'prepayment': 'FULL', 'nonrefundable': 1, 'cancellation_period': 0, 'cancellation_fee': 'FIRST', 'breakfast': 1, 'base_price': 27600, 'prices': [27600], 'price': 27600, 'old_price': 27600, 'currency': 'RUB', 'payment_amount': 27600, 'extras_variants': [], 'extras': [], 'rate_id': 56083, 'deals': [], 'cancellation_type': 'nonrefundable', 'credit_card': 1, 'bonus': 1380, 'miles': 1656, 'min_stay': 1, 'platichastyami': 0, 'mircashback': 2760}, {'id': 1120426, 'capacity': 1, 'prepayment': 'FULL', 'nonrefundable': 1, 'cancellation_period': 0, 'cancellation_fee': 'FIRST', 'breakfast': 1, 'base_price': 27600, 'prices': [27600], 'price': 27600, 'old_price': 27600, 'currency': 'RUB', 'payment_amount': 27600, 'extras_variants': [], 'extras': [], 'rate_id': 56085, 'deals': [], 'cancellation_type': 'nonrefundable', 'credit_card': 1, 'bonus': 1380, 'miles': 1656, 'min_stay': 1, 'platichastyami': 0, 'mircashback': 2760}, {'id': 1120435, 'capacity': 1, 'prepayment': 'FULL', 'nonrefundable': 1, 'cancellation_period': 0, 'cancellation_fee': 'FIRST', 'breakfast': 1, 'base_price': 27600, 'prices': [27600], 'price': 27600, 'old_price': 27600, 'currency': 'RUB', 'payment_amount': 27600, 'extras_variants': [], 'extras': [], 'rate_id': 56086, 'deals': [], 'cancellation_type': 'nonrefundable', 'credit_card': 1, 'bonus': 1380, 'miles': 1656, 'min_stay': 1, 'platichastyami': 0, 'mircashback': 2760}, {'id': 1120401, 'capacity': 2, 'prepayment': 'FULL', 'nonrefundable': 1, 'cancellation_period': 0, 'cancellation_fee': 'FIRST', 'breakfast': 1, 'base_price': 27600, 'prices': [27600], 'price': 27600, 'old_price': 27600, 'currency': 'RUB', 'payment_amount': 27600, 'extras_variants': [], 'extras': [], 'rate_id': 56083, 'deals': [], 'cancellation_type': 'nonrefundable', 'credit_card': 1, 'bonus': 1380, 'miles': 1656, 'min_stay': 1, 'platichastyami': 0, 'mircashback': 2760}, {'id': 1120427, 'capacity': 2, 'prepayment': 'FULL', 'nonrefundable': 1, 'cancellation_period': 0, 'cancellation_fee': 'FIRST', 'breakfast': 1, 'base_price': 27600, 'prices': [27600], 'price': 27600, 'old_price': 27600, 'currency': 'RUB', 'payment_amount': 27600, 'extras_variants': [], 'extras': [], 'rate_id': 56085, 'deals': [], 'cancellation_type': 'nonrefundable', 'credit_card': 1, 'bonus': 1380, 'miles': 1656, 'min_stay': 1, 'platichastyami': 0, 'mircashback': 2760}, {'id': 1120436, 'capacity': 2, 'prepayment': 'FULL', 'nonrefundable': 1, 'cancellation_period': 0, 'cancellation_fee': 'FIRST', 'breakfast': 1, 'base_price': 27600, 'prices': [27600], 'price': 27600, 'old_price': 27600, 'currency': 'RUB', 'payment_amount': 27600, 'extras_variants': [], 'extras': [], 'rate_id': 56086, 'deals': [], 'cancellation_type': 'nonrefundable', 'credit_card': 1, 'bonus': 1380, 'miles': 1656, 'min_stay': 1, 'platichastyami': 0, 'mircashback': 2760}]",27600.0,1656,610848_101hotels,2026-07-31
61035,,Джуниор Сюит с двуспальной кроватью,2,0,0,1,Студио,5,3,[{'double': 1}],[],"[{'id': 308440, 'capacity': 1, 'prepayment': 'FULL', 'nonrefundable': 0, 'cancellation_period': 1, 'cancellation_fee': 'FIRST', 'breakfast': 1, 'base_price': 11500, 'prices': [11500], 'price': 11500, 'old_price': 11500, 'currency': 'RUB', 'payment_amount': 11500, 'extras_variants': [], 'extras': [], 'rate_id': 2749, 'deals': [], 'cancellation_type': 'special', 'credit_card': 1, 'bonus': 575, 'miles': 690, 'min_stay': 1, 'platichastyami': 0, 'mircashback': 1150}, {'id': 308441, 'capacity': 2, 'prepayment': 'FULL', 'nonrefundable': 0, 'cancellation_period': 1, 'cancellation_fee': 'FIRST', 'breakfast': 1, 'base_price': 11500, 'prices': [11500], 'price': 11500, 'old_price': 11500, 'currency': 'RUB', 'payment_amount': 11500, 'extras_variants': [], 'extras': [], 'rate_id': 2749, 'deals': [], 'cancellation_type': 'special', 'credit_card': 1, 'bonus': 575, 'miles': 690, 'min_stay': 1, 'platichastyami': 0, 'mircashback': 1150}]",11500.0,690,10556_101hotels,2026-07-31
61036,,ВИП,8,0,0,1,Коттедж,15,1,"[{'single': 4, 'double': 2}]",[],"[{'id': 308450, 'capacity': 1, 'prepayment': 'FULL', 'nonrefundable': 0, 'cancellation_period': 1, 'cancellation_fee': 'FIRST', 'breakfast': 1, 'base_price': 48000, 'prices': [48000], 'price': 48000, 'old_price': 48000, 'currency': 'RUB', 'payment_amount': 48000, 'extras_variants': [], 'extras': [], 'rate_id': 2749, 'deals': [], 'cancellation_type': 'special', 'credit_card': 1, 'bonus': 2400, 'miles': 2880, 'min_stay': 1, 'platichastyami': 0, 'mircashback': 4800}, {'id': 308451, 'capacity': 2, 'prepayment': 'FULL', 'nonrefundable': 0, 'cancellation_period': 1, 'cancellation_fee': 'FIRST', 'breakfast': 1, 'base_price': 48000, 'prices': [48000], 'price': 48000, 'old_price': 48000, 'currency': 'RUB', 'payment_amount': 48000, 'extras_variants': [], 'extras': [], 'rate_id': 2749, 'deals': [], 'cancellation_type': 'special', 'credit_card': 1, 'bonus': 2400, 'miles': 2880, 'min_stay': 1, 'platichastyami': 0, 'mircashback': 4800}, {'id': 308452, 'capacity': 3, 'prepayment': 'FULL', 'nonrefundable': 0, 'cancellation_period': 1, 'cancellation_fee': 'FIRST', 'breakfast': 1, 'base_price': 48000, 'prices': [48000], 'price': 48000, 'old_price': 48000, 'currency': 'RUB', 'payment_amount': 48000, 'extras_variants': [], 'extras': [], 'rate_id': 2749, 'deals': [], 'cancellation_type': 'special', 'credit_card': 1, 'bonus': 2400, 'miles': 2880, 'min_stay': 1, 'platichastyami': 0, 'mircashback': 4800}, {'id': 308453, 'capacity': 4, 'prepayment': 'FULL', 'nonrefundable': 0, 'cancellation_period': 1, 'cancellation_fee': 'FIRST', 'breakfast': 1, 'base_price': 48000, 'prices': [48000], 'price': 48000, 'old_price': 48000, 'currency': 'RUB', 'payment_amount': 48000, 'extras_variants': [], 'extras': [], 'rate_id': 2749, 'deals': [], 'cancellation_type': 'special', 'credit_card': 1, 'bonus': 2400, 'miles': 2880, 'min_stay': 1, 'platichastyami': 0, 'mircashback': 4800}, {'id': 308454, 'capacity': 5, 'prepayment': 'FULL', 'nonrefundable': 0, 'cancellation_period': 1, 'cancellation_fee': 'FIRST', 'breakfast': 1, 'base_price': 48000, 'prices': [48000], 'price': 48000, 'old_price': 48000, 'currency': 'RUB', 'payment_amount': 48000, 'extras_variants': [], 'extras': [], 'rate_id': 2749, 'deals': [], 'cancellation_type': 'special', 'credit_card': 1, 'bonus': 2400, 'miles': 2880, 'min_stay': 1, 'platichastyami': 0, 'mircashback': 4800}, {'id': 308455, 'capacity': 6, 'prepayment': 'FULL', 'nonrefundable': 0, 'cancellation_period': 1, 'cancellation_fee': 'FIRST', 'breakfast': 1, 'base_price': 48000, 'prices': [48000], 'price': 48000, 'old_price': 48000, 'currency': 'RUB', 'payment_amount': 48000, 'extras_variants': [], 'extras': [], 'rate_id': 2749, 'deals': [], 'cancellation_type': 'special', 'credit_card': 1, 'bonus': 2400, 'miles': 2880, 'min_stay': 1, 'platichastyami': 0, 'mircashback': 4800}, {'id': 308456, 'capacity': 7, 'prepayment': 'FULL', 'nonrefundable': 0, 'cancellation_period': 1, 'cancellation_fee': 'FIRST', 'breakfast': 1, 'base_price': 48000, 'prices': [48000], 'price': 48000, 'old_price': 48000, 'currency': 'RUB', 'payment_amount': 48000, 'extras_variants': [], 'extras': [], 'rate_id': 2749, 'deals': [], 'cancellation_type': 'special', 'credit_card': 1, 'bonus': 2400, 'miles': 2880, 'min_stay': 1, 'platichastyami': 0, 'mircashback': 4800}, {'id': 308457, 'capacity': 8, 'prepayment': 'FULL', 'nonrefundable': 0, 'cancellation_period': 1, 'cancellation_fee': 'FIRST', 'breakfast': 1, 'base_price': 48000, 'prices': [48000], 'price': 48000, 'old_price': 48000, 'currency': 'RUB', 'payment_amount': 48000, 'extras_variants': [], 'extras': [], 'rate_id': 2749, 'deals': [], 'cancellation_type': 'special', 'credit_card': 1, 'bonus': 2400, 'miles': 2880, 'min_stay': 1, 'platichastyami': 0, 'mircashback': 4800}]",48000.0,2880,10556_101hotels,2026-07-31
61037,,Стандарт с 2 отдельными кроватями (без вида),2,0,0,1,Двухместный,2,26,[{'single': 2}],[],"[{'id': 308434, 'capacity': 1, 'prepayment': 'FULL', 'nonrefundable': 0, 'cancellation_period': 1, 'cancellation_fee': 'FIRST', 'breakfast': 1, 'base_price': 9500, 'prices': [9500], 'price': 9500, 'old_price': 9500, 'currency': 'RUB', 'payment_amount': 9500, 'extras_variants': [], 'extras': [], 'rate_id': 2749, 'deals': [], 'cancellation_type': 'special', 'credit_card': 1, 'bonus': 475, 'miles': 570, 'min_stay': 1, 'platichastyami': 0, 'mircashback': 950}, {'id': 308435, 'capacity': 2, 'prepayment': 'FULL', 'nonrefundable': 0, 'cancellation_period': 1, 'cancellation_fee': 'FIRST', 'breakfast': 1, 'base_price': 9500, 'prices': [9500], 'price': 9500, 'old_price': 9500, 'currency': 'RUB', 'payment_amount': 9500, 'extras_variants': [], 'extras': [], 'rate_id': 2749, 'deals': [], 'cancellation_type': 'special', 'credit_card': 1, 'bonus': 475, 'miles': 570, 'min_stay': 1, 'platichastyami': 0, 'mircashback': 950}]",9500.0,570,10556_101hotels,2026-07-31
61038,,Люкс с двуспальной кроватью,2,0,0,1,Сюит,27,3,[{'double': 1}],[],"[{'id': 308444, 'capacity': 1, 'prepayment': 'FULL', 'nonrefundable': 0, 'cancellation_period': 1, 'cancellation_fee': 'FIRST', 'breakfast': 1, 'base_price': 13500, 'prices': [13500], 'price': 13500, 'old_price': 13500, 'currency': 'RUB', 'payment_amount': 13500, 'extras_variants': [], 'extras': [], 'rate_id': 2749, 'deals': [], 'cancellation_type': 'special', 'credit_card': 1, 'bonus': 675, 'miles': 810, 'min_stay': 1, 'platichastyami': 0, 'mircashback': 1350}, {'id': 308445, 'capacity': 2, 'prepayment': 'FULL', 'nonrefundable': 0, 'cancellation_period': 1, 'cancellation_fee': 'FIRST', 'breakfast': 1, 'base_price': 13500, 'prices': [13500], 'price': 13500, 'old_price': 13500, 'currency': 'RUB', 'payment_amount': 13500, 'extras_variants': [], 'extras': [], 'rate_id': 2749, 'deals': [], 'cancellation_type': 'special', 'credit_card': 1, 'bonus': 675, 'miles': 810, 'min_stay': 1, 'platichastyami': 0, 'mircashback': 1350}]",13500.0,810,10556_101hotels,2026-07-31
1281575,,Улучшенный стандарт,2,0,0,1,Двухместный,2,30,[{'single': 2}],[],"[{'id': 308436, 'capacity': 1, 'prepayment': 'FULL', 'nonrefundable': 0, 'cancellation_period': 1, 'cancellation_fee': 'FIRST', 'breakfast': 1, 'base_price': 10900, 'prices': [10900], 'price': 10900, 'old_price': 10900, 'currency': 'RUB', 'payment_amount': 10900, 'extras_variants': [], 'extras': [], 'rate_id': 2749, 'deals': [], 'cancellation_type': 'special', 'credit_card': 1, 'bonus': 545, 'miles': 654, 'min_stay': 1, 'platichastyami': 0, 'mircashback': 1090}, {'id': 308437, 'capacity': 2, 'prepayment': 'FULL', 'nonrefundable': 0, 'cancellation_period': 1, 'cancellation_fee': 'FIRST', 'breakfast': 1, 'base_price': 10900, 'prices': [10900], 'price': 10900, 'old_price': 10900, 'currency': 'RUB', 'payment_amount': 10900, 'extras_variants': [], 'extras': [], 'rate_id': 2749, 'deals': [], 'cancellation_type': 'special', 'credit_card': 1, 'bonus': 545, 'miles': 654, 'min_stay': 1, 'platichastyami': 0, 'mircashback': 1090}]",10900.0,654,10556_101hotels,2026-07-31
2316526,,Джуниор Сюит с раздельными кроватями,2,0,0,1,Студио,5,7,[{'single': 2}],[],"[{'id': 1189267, 'capacity': 1, 'prepayment': 'FULL', 'nonrefundable': 0, 'cancellation_period': 1, 'cancellation_fee': 'FIRST', 'breakfast': 1, 'base_price': 11500, 'prices': [11500], 'price': 11500, 'old_price': 11500, 'currency': 'RUB', 'payment_amount': 11500, 'extras_variants': [], 'extras': [], 'rate_id': 2749, 'deals': [], 'cancellation_type': 'special', 'credit_card': 1, 'bonus': 575, 'miles': 690, 'min_stay': 1, 'platichastyami': 0, 'mircashback': 1150}, {'id': 1189268, 'capacity': 2, 'prepayment': 'FULL', 'nonrefundable': 0, 'cancellation_period': 1, 'cancellation_fee': 'FIRST', 'breakfast': 1, 'base_price': 11500, 'prices': [11500], 'price': 11500, 'old_price': 11500, 'currency': 'RUB', 'payment_amount': 11500, 'extras_variants': [], 'extras': [], 'rate_id': 2749, 'deals': [], 'cancellation_type': 'special', 'credit_card': 1, 'bonus': 575, 'miles': 690, 'min_stay': 1, 'platichastyami': 0, 'mircashback': 1150}]",11500.0,690,10556_101hotels,2026-07-31
2316527,,Люкс с раздельными кроватями,2,0,0,1,Сюит,27,2,[{'single': 2}],[],"[{'id': 1189269, 'capacity': 1, 'prepayment': 'FULL', 'nonrefundable': 0, 'cancellation_period': 1, 'cancellation_fee': 'FIRST', 'breakfast': 1, 'base_price': 13500, 'prices': [13500], 'price': 13500, 'old_price': 13500, 'currency': 'RUB', 'payment_amount': 13500, 'extras_variants': [], 'extras': [], 'rate_id': 2749, 'deals': [], 'cancellation_type': 'special', 'credit_card': 1, 'bonus': 675, 'miles': 810, 'min_stay': 1, 'platichastyami': 0, 'mircashback': 1350}, {'id': 1189270, 'capacity': 2, 'prepayment': 'FULL', 'nonrefundable': 0, 'cancellation_period': 1, 'cancellation_fee': 'FIRST', 'breakfast': 1, 'base_price': 13500, 'prices': [13500], 'price': 13500, 'old_price': 13500, 'currency': 'RUB', 'payment_amount': 13500, 'extras_variants': [], 'extras': [], 'rate_id': 2749, 'deals': [], 'cancellation_type': 'special', 'credit_card': 1, 'bonus': 675, 'miles': 810, 'min_stay': 1, 'platichastyami': 0, 'mircashback': 1350}]",13500.0,810,10556_101hotels,2026-07-31
2279191,,Twin Baikal view,2,0,0,1,Делюкс,29,1,[{'single': 2}],[],"[{'id': 868631, 'capacity': 1, 'prepayment': 'FIRST', 'nonrefundable': 0, 'cancellation_period': 1, 'cancellation_fee': 'FIRST', 'breakfast': 1, 'base_price': 14500, 'prices': [14500], 'price': 14500, 'old_price': 14500, 'currency': 'RUB', 'payment_amount': 14500, 'extras_variants': [], 'extras': [], 'rate_id': 39566, 'deals': [], 'cancellation_type': 'special', 'credit_card': 1, 'bonus': 725, 'miles': 870, 'min_stay': 1, 'platichastyami': 0, 'mircashback': 1450}, {'id': 868632, 'capacity': 2, 'prepayment': 'FIRST', 'nonrefundable': 0, 'cancellation_period': 1, 'cancellation_fee': 'FIRST', 'breakfast': 1, 'base_price': 16500, 'prices': [16500], 'price': 16500, 'old_price': 16500, 'currency': 'RUB', 'payment_amount': 16500, 'extras_variants': [], 'extras': [], 'rate_id': 39566, 'deals': [], 'cancellation_type': 'special', 'credit_card': 1, 'bonus': 825, 'miles': 990, 'min_stay': 1, 'platichastyami': 0, 'mircashback': 1650}]",14500.0,870,667475_101hotels,2026-07-31
2279198,,Twin,2,0,0,1,Делюкс,29,1,[{'single': 2}],[],"[{'id': 868635, 'capacity': 1, 'prepayment': 'FIRST', 'nonrefundable': 0, 'cancellation_period': 1, 'cancellation_fee': 'FIRST', 'breakfast': 1, 'base_price': 12500, 'prices': [12500], 'price': 12500, 'old_price': 12500, 'currency': 'RUB', 'payment_amount': 12500, 'extras_variants': [], 'extras': [], 'rate_id': 39566, 'deals': [], 'cancellation_type': 'special', 'credit_card': 1, 'bonus': 625, 'miles': 750, 'min_stay': 1, 'platichastyami': 0, 'mircashback': 1250}, {'id': 868636, 'capacity': 2, 'prepayment': 'FIRST', 'nonrefundable': 0, 'cancellation_period': 1, 'cancellation_fee': 'FIRST', 'breakfast': 1, 'base_price': 14500, 'prices': [14500], 'price': 14500, 'old_price': 14500, 'currency': 'RUB', 'payment_amount': 14500, 'extras_variants': [], 'extras': [], 'rate_id': 39566, 'deals': [], 'cancellation_type': 'special', 'credit_card': 1, 'bonus': 725, 'miles': 870, 'min_stay': 1, 'platichastyami': 0, 'mircashback': 1450}]",12500.0,750,667475_101hotels,2026-07-31
2291666,,Номер 2 двухместный с видом на Байкал,2,0,0,1,Двухместный,2,1,[{'single': 2}],[],"[{'id': 971901, 'capacity': 1, 'prepayment': 'FULL', 'nonrefundable': 0, 'cancellation_period': 0, 'cancellation_fee': 'NO', 'breakfast': 1, 'base_price': 8000, 'prices': [8000], 'price': 8000, 'old_price': 8000, 'currency': 'RUB', 'payment_amount': 8000, 'extras_variants': [], 'extras': [], 'rate_id': 45165, 'deals': [], 'cancellation_type': 'free', 'credit_card': 1, 'bonus': 400, 'miles': 480, 'min_stay': 1, 'platichastyami': 0, 'mircashback': 800}, {'id': 971902, 'capacity': 2, 'prepayment': 'FULL', 'nonrefundable': 0, 'cancellation_period': 0, 'cancellation_fee': 'NO', 'breakfast': 1, 'base_price': 8000, 'prices': [8000], 'price': 8000, 'old_price': 8000, 'currency': 'RUB', 'payment_amount': 8000, 'extras_variants': [], 'extras': [], 'rate_id': 45165, 'deals': [], 'cancellation_type': 'free', 'credit_card': 1, 'bonus': 400, 'miles': 480, 'min_stay': 1, 'platichastyami': 0, 'mircashback': 800}]",8000.0,480,10562_101hotels,2026-07-31
2291667,,Номер 3 с двуспальной кроватью и видом на Байкал,2,1,0,1,Семейный,44,1,"[{'double': 1, 'sofa': 1}]",[],"[{'id': 971915, 'capacity': 1, 'prepayment': 'FULL', 'nonrefundable': 0, 'cancellation_period': 0, 'cancellation_fee': 'NO', 'breakfast': 1, 'base_price': 8500, 'prices': [8500], 'price': 8500, 'old_price': 8500, 'currency': 'RUB', 'payment_amount': 8500, 'extras_variants': [], 'extras': [], 'rate_id': 45165, 'deals': [], 'cancellation_type': 'free', 'credit_card': 1, 'bonus': 425, 'miles': 510, 'min_stay': 1, 'platichastyami': 0, 'mircashback': 850}, {'id': 971916, 'capacity': 2, 'prepayment': 'FULL', 'nonrefundable': 0, 'cancellation_period': 0, 'cancellation_fee': 'NO', 'breakfast': 1, 'base_price': 8500, 'prices': [8500], 'price': 8500, 'old_price': 8500, 'currency': 'RUB', 'payment_amount': 8500, 'extras_variants': [], 'extras': [], 'rate_id': 45165, 'deals': [], 'cancellation_type': 'free', 'credit_card': 1, 'bonus': 425, 'miles': 510, 'min_stay': 1, 'platichastyami': 0, 'mircashback': 850}]",8500.0,510,10562_101hotels,2026-07-31
2291668,,Номер 1 с двуспальной кроватью и видом на Байкал,2,1,0,1,Семейный,44,1,"[{'double': 1, 'sofa': 1}]",[],"[{'id': 971917, 'capacity': 1, 'prepayment': 'FULL', 'nonrefundable': 0, 'cancellation_period': 0, 'cancellation_fee': 'NO', 'breakfast': 1, 'base_price': 8500, 'prices': [8500], 'price': 8500, 'old_price': 8500, 'currency': 'RUB', 'payment_amount': 8500, 'extras_variants': [], 'extras': [], 'rate_id': 45165, 'deals': [], 'cancellation_type': 'free', 'credit_card': 1, 'bonus': 425, 'miles': 510, 'min_stay': 1, 'platichastyami': 0, 'mircashback': 850}, {'id': 971918, 'capacity': 2, 'prepayment': 'FULL', 'nonrefundable': 0, 'cancellation_period': 0, 'cancellation_fee': 'NO', 'breakfast': 1, 'base_price': 8500, 'prices': [8500], 'price': 8500, 'old_price': 8500, 'currency': 'RUB', 'payment_amount': 8500, 'extras_variants': [], 'extras': [], 'rate_id': 45165, 'deals': [], 'cancellation_type': 'free', 'credit_card': 1, 'bonus': 425, 'miles': 510, 'min_stay': 1, 'platichastyami': 0, 'mircashback': 850}]",8500.0,510,10562_101hotels,2026-07-31
2291669,,Номер 4 с видом на Байкал,2,1,0,1,Семейный,44,1,"[{'double': 1, 'sofa': 1}]",[],"[{'id': 971919, 'capacity': 1, 'prepayment': 'FULL', 'nonrefundable': 0, 'cancellation_period': 0, 'cancellation_fee': 'NO', 'breakfast': 1, 'base_price': 10000, 'prices': [10000], 'price': 10000, 'old_price': 10000, 'currency': 'RUB', 'payment_amount': 10000, 'extras_variants': [], 'extras': [], 'rate_id': 45165, 'deals': [], 'cancellation_type': 'free', 'credit_card': 1, 'bonus': 500, 'miles': 600, 'min_stay': 1, 'platichastyami': 0, 'mircashback': 1000}, {'id': 971920, 'capacity': 2, 'prepayment': 'FULL', 'nonrefundable': 0, 'cancellation_period': 0, 'cancellation_fee': 'NO', 'breakfast': 1, 'base_price': 10000, 'prices': [10000], 'price': 10000, 'old_price': 10000, 'currency': 'RUB', 'payment_amount': 10000, 'extras_variants': [], 'extras': [], 'rate_id': 45165, 'deals': [], 'cancellation_type': 'free', 'credit_card': 1, 'bonus': 500, 'miles': 600, 'min_stay': 1, 'platichastyami': 0, 'mircashback': 1000}]",10000.0,600,10562_101hotels,2026-07-31
2291675,,Номер 9 с дополнительным спальным местом и видом на Байкал,2,1,0,1,Семейный,44,1,"[{'double': 1, 'sofa': 1}]",[],"[{'id': 971925, 'capacity': 1, 'prepayment': 'FULL', 'nonrefundable': 0, 'cancellation_period': 0, 'cancellation_fee': 'NO', 'breakfast': 1, 'base_price': 8500, 'prices': [8500], 'price': 8500, 'old_price': 8500, 'currency': 'RUB', 'payment_amount': 8500, 'extras_variants': [], 'extras': [], 'rate_id': 45165, 'deals': [], 'cancellation_type': 'free', 'credit_card': 1, 'bonus': 425, 'miles': 510, 'min_stay': 1, 'platichastyami': 0, 'mircashback': 850}, {'id': 971926, 'capacity': 2, 'prepayment': 'FULL', 'nonrefundable': 0, 'cancellation_period': 0, 'cancellation_fee': 'NO', 'breakfast': 1, 'base_price': 8500, 'prices': [8500], 'price': 8500, 'old_price': 8500, 'currency': 'RUB', 'payment_amount': 8500, 'extras_variants': [], 'extras': [], 'rate_id': 45165, 'deals': [], 'cancellation_type': 'free', 'credit_card': 1, 'bonus': 425, 'miles': 510, 'min_stay': 1, 'platichastyami': 0, 'mircashback': 850}]",8500.0,510,10562_101hotels,2026-07-31
2291676,,Номер 10 с видом на Байкал,2,0,0,1,Семейный,44,1,[{'double': 1}],[],"[{'id': 971927, 'capacity': 1, 'prepayment': 'FULL', 'nonrefundable': 0, 'cancellation_period': 0, 'cancellation_fee': 'NO', 'breakfast': 1, 'base_price': 8000, 'prices': [8000], 'price': 8000, 'old_price': 8000, 'currency': 'RUB', 'payment_amount': 8000, 'extras_variants': [], 'extras': [], 'rate_id': 45165, 'deals': [], 'cancellation_type': 'free', 'credit_card': 1, 'bonus': 400, 'miles': 480, 'min_stay': 1, 'platichastyami': 0, 'mircashback': 800}, {'id': 971928, 'capacity': 2, 'prepayment': 'FULL', 'nonrefundable': 0, 'cancellation_period': 0, 'cancellation_fee': 'NO', 'breakfast': 1, 'base_price': 8000, 'prices': [8000], 'price': 8000, 'old_price': 8000, 'currency': 'RUB', 'payment_amount': 8000, 'extras_variants': [], 'extras': [], 'rate_id': 45165, 'deals': [], 'cancellation_type': 'free', 'credit_card': 1, 'bonus': 400, 'miles': 480, 'min_stay': 1, 'platichastyami': 0, 'mircashback': 800}]",8000.0,480,10562_101hotels,2026-07-31
2292328,,Трехместный номер №22,3,0,0,1,Трёхместный и более,3,1,"[{'single': 1, 'double': 1}]",[],"[{'id': 975354, 'capacity': 1, 'prepayment': 'FULL', 'nonrefundable': 0, 'cancellation_period': 0, 'cancellation_fee': 'NO', 'breakfast': 0, 'base_price': 7500, 'prices': [7500], 'price': 7500, 'old_price': 7500, 'currency': 'RUB', 'payment_amount': 7500, 'extras_variants': [], 'extras': [], 'rate_id': 46088, 'deals': [], 'cancellation_type': 'free', 'credit_card': 1, 'bonus': 375, 'miles': 450, 'min_stay': 1, 'platichastyami': 0, 'mircashback': 750}, {'id': 975355, 'capacity': 2, 'prepayment': 'FULL', 'nonrefundable': 0, 'cancellation_period': 0, 'cancellation_fee': 'NO', 'breakfast': 0, 'base_price': 7500, 'prices': [7500], 'price': 7500, 'old_price': 7500, 'currency': 'RUB', 'payment_amount': 7500, 'extras_variants': [], 'extras': [], 'rate_id': 46088, 'deals': [], 'cancellation_type': 'free', 'credit_card': 1, 'bonus': 375, 'miles': 450, 'min_stay': 1, 'platichastyami': 0, 'mircashback': 750}, {'id': 975356, 'capacity': 3, 'prepayment': 'FULL', 'nonrefundable': 0, 'cancellation_period': 0, 'cancellation_fee': 'NO', 'breakfast': 0, 'base_price': 7500, 'prices': [7500], 'price': 7500, 'old_price': 7500, 'currency': 'RUB', 'payment_amount': 7500, 'extras_variants': [], 'extras': [], 'rate_id': 46088, 'deals': [], 'cancellation_type': 'free', 'credit_card': 1, 'bonus': 375, 'miles': 450, 'min_stay': 1, 'platichastyami': 0, 'mircashback': 750}]",7500.0,450,10535_101hotels,2026-07-31
2289378,,Suite,2,1,0,1,Люкс,6,1,[{'double': 1}],[],"[{'id': 960546, 'capacity': 1, 'prepayment': 'NO', 'nonrefundable': 0, 'cancellation_period': 0, 'cancellation_fee': 'NO', 'breakfast': 1, 'base_price': 22200, 'prices': [22200], 'price': 18870, 'old_price': 22200, 'currency': 'RUB', 'payment_amount': 0, 'extras_variants': [], 'extras': [], 'rate_id': 45028, 'deals': ['LAST_MINUTE'], 'cancellation_type': 'free', 'credit_card': 0, 'bonus': 944, 'miles': 1131, 'min_stay': 1, 'platichastyami': 0, 'mircashback': 1887}, {'id': 960547, 'capacity': 2, 'prepayment': 'NO', 'nonrefundable': 0, 'cancellation_period': 0, 'cancellation_fee': 'NO', 'breakfast': 1, 'base_price': 22200, 'prices': [22200], 'price': 18870, 'old_price': 22200, 'currency': 'RUB', 'payment_amount': 0, 'extras_variants': [], 'extras': [], 'rate_id': 45028, 'deals': ['LAST_MINUTE'], 'cancellation_type': 'free', 'credit_card': 0, 'bonus': 944, 'miles': 1131, 'min_stay': 1, 'platichastyami': 0, 'mircashback': 1887}, {'id': '960546P', 'capacity': 1, 'prepayment': 'FULL', 'nonrefundable': 0, 'cancellation_period': 0, 'cancellation_fee': 'NO', 'breakfast': 1, 'base_price': 22200, 'prices': [22200], 'price': 22200, 'old_price': 22200, 'currency': 'RUB', 'payment_amount': 22200, 'extras_variants': [], 'extras': [], 'rate_id': 45028, 'deals': [], 'cancellation_type': 'free', 'credit_card': 0, 'bonus': 1110, 'miles': 1332, 'min_stay': 1, 'platichastyami': 0, 'mircashback': 2220}, {'id': '960547P', 'capacity': 2, 'prepayment': 'FULL', 'nonrefundable': 0, 'cancellation_period': 0, 'cancellation_fee': 'NO', 'breakfast': 1, 'base_price': 22200, 'prices': [22200], 'price': 22200, 'old_price': 22200, 'currency': 'RUB', 'payment_amount': 22200, 'extras_variants': [], 'extras': [], 'rate_id': 45028, 'deals': [], 'cancellation_type': 'free', 'credit_card': 0, 'bonus': 1110, 'miles': 1332, 'min_stay': 1, 'platichastyami': 0, 'mircashback': 2220}]",18870.0,1131,670516_101hotels,2026-07-31
2290333,,Superior,2,1,0,1,Улучшенный,113,3,[{'double': 1}],"[{'id': '17343', 'number': '1', 'min_age': '0', 'max_age': '6', 'is_extra_bed': '1', 'extra_bed_type_id': '1'}]","[{'id': 972076, 'capacity': 1, 'prepayment': 'NO', 'nonrefundable': 0, 'cancellation_period': 0, 'cancellation_fee': 'NO', 'breakfast': 1, 'base_price': 11500, 'prices': [11500], 'price': 9775, 'old_price': 11500, 'currency': 'RUB', 'payment_amount': 0, 'extras_variants': [], 'extras': {'17343': {'id': 17343, 'number': 1, 'extra_bed_type_id': 1, 'age': [0, 6], 'extra_bed': 1, 'free': 1}}, 'rate_id': 45028, 'deals': ['LAST_MINUTE'], 'cancellation_type': 'free', 'credit_card': 0, 'bonus': 489, 'miles': 585, 'min_stay': 1, 'platichastyami': 0, 'mircashback': 978}, {'id': 972077, 'capacity': 2, 'prepayment': 'NO', 'nonrefundable': 0, 'cancellation_period': 0, 'cancellation_fee': 'NO', 'breakfast': 1, 'base_price': 12900, 'prices': [12900], 'price': 10965, 'old_price': 12900, 'currency': 'RUB', 'payment_amount': 0, 'extras_variants': [], 'extras': {'17343': {'id': 17343, 'number': 1, 'extra_bed_type_id': 1, 'age': [0, 6], 'extra_bed': 1, 'free': 1}}, 'rate_id': 45028, 'deals': ['LAST_MINUTE'], 'cancellation_type': 'free', 'credit_card': 0, 'bonus': 548, 'miles': 657, 'min_stay': 1, 'platichastyami': 0, 'mircashback': 1097}, {'id': '972076P', 'capacity': 1, 'prepayment': 'FULL', 'nonrefundable': 0, 'cancellation_period': 0, 'cancellation_fee': 'NO', 'breakfast': 1, 'base_price': 11500, 'prices': [11500], 'price': 11500, 'old_price': 11500, 'currency': 'RUB', 'payment_amount': 11500, 'extras_variants': [], 'extras': {'17343': {'id': 17343, 'number': 1, 'extra_bed_type_id': 1, 'age': [0, 6], 'extra_bed': 1, 'free': 1}}, 'rate_id': 45028, 'deals': [], 'cancellation_type': 'free', 'credit_card': 0, 'bonus': 575, 'miles': 690, 'min_stay': 1, 'platichastyami': 0, 'mircashback': 1150}, {'id': '972077P', 'capacity': 2, 'prepayment': 'FULL', 'nonrefundable': 0, 'cancellation_period': 0, 'cancellation_fee': 'NO', 'breakfast': 1, 'base_price': 12900, 'prices': [12900], 'price': 12900, 'old_price': 12900, 'currency': 'RUB', 'payment_amount': 12900, 'extras_variants': [], 'extras': {'17343': {'id': 17343, 'number': 1, 'extra_bed_type_id': 1, 'age': [0, 6], 'extra_bed': 1, 'free': 1}}, 'rate_id': 45028, 'deals': [], 'cancellation_type': 'free', 'credit_card': 0, 'bonus': 645, 'miles': 774, 'min_stay': 1, 'platichastyami': 0, 'mircashback': 1290}]",9775.0,585,670516_101hotels,2026-07-31
2290335,,Junior Suite,2,0,0,1,Сюит,27,5,[{'double': 1}],[],"[{'id': 972074, 'capacity': 1, 'prepayment': 'NO', 'nonrefundable': 0, 'cancellation_period': 0, 'cancellation_fee': 'NO', 'breakfast': 1, 'base_price': 9400, 'prices': [9400], 'price': 7990, 'old_price': 9400, 'currency': 'RUB', 'payment_amount': 0, 'extras_variants': [], 'extras': [], 'rate_id': 45028, 'deals': ['LAST_MINUTE'], 'cancellation_type': 'free', 'credit_card': 0, 'bonus': 400, 'miles': 477, 'min_stay': 1, 'platichastyami': 0, 'mircashback': 799}, {'id': 972075, 'capacity': 2, 'prepayment': 'NO', 'nonrefundable': 0, 'cancellation_period': 0, 'cancellation_fee': 'NO', 'breakfast': 1, 'base_price': 10800, 'prices': [10800], 'price': 9180, 'old_price': 10800, 'currency': 'RUB', 'payment_amount': 0, 'extras_variants': [], 'extras': [], 'rate_id': 45028, 'deals': ['LAST_MINUTE'], 'cancellation_type': 'free', 'credit_card': 0, 'bonus': 459, 'miles': 549, 'min_stay': 1, 'platichastyami': 0, 'mircashback': 918}, {'id': '972074P', 'capacity': 1, 'prepayment': 'FULL', 'nonrefundable': 0, 'cancellation_period': 0, 'cancellation_fee': 'NO', 'breakfast': 1, 'base_price': 9400, 'prices': [9400], 'price': 9400, 'old_price': 9400, 'currency': 'RUB', 'payment_amount': 9400, 'extras_variants': [], 'extras': [], 'rate_id': 45028, 'deals': [], 'cancellation_type': 'free', 'credit_card': 0, 'bonus': 470, 'miles': 564, 'min_stay': 1, 'platichastyami': 0, 'mircashback': 940}, {'id': '972075P', 'capacity': 2, 'prepayment': 'FULL', 'nonrefundable': 0, 'cancellation_period': 0, 'cancellation_fee': 'NO', 'breakfast': 1, 'base_price': 10800, 'prices': [10800], 'price': 10800, 'old_price': 10800, 'currency': 'RUB', 'payment_amount': 10800, 'extras_variants': [], 'extras': [], 'rate_id': 45028, 'deals': [], 'cancellation_type': 'free', 'credit_card': 0, 'bonus': 540, 'miles': 648, 'min_stay': 1, 'platichastyami': 0, 'mircashback': 1080}]",7990.0,477,670516_101hotels,2026-07-31
2017246,,Двухместный номер-студио Делюкс с 1 кроватью,2,2,0,1,Сюит,27,1,"[{'double': 1}, {'sofa': 1}]","[{'id': '33787', 'number': '2', 'min_age': '0', 'max_age': '3', 'is_extra_bed': '0', 'extra_bed_type_id': '0'}]","[{'id': 931032, 'capacity': 1, 'prepayment': 'FIRST', 'nonrefundable': 1, 'cancellation_period': 0, 'cancellation_fee': 'FIRST', 'breakfast': 0, 'base_price': 8500, 'prices': [8500], 'price': 8500, 'old_price': 8500, 'currency': 'RUB', 'payment_amount': 8500, 'extras_variants': [], 'extras': {'33787': {'id': 33787, 'number': 2, 'extra_bed_type_id': 0, 'age': [0, 3], 'extra_bed': 0, 'free': 1}}, 'rate_id': 43034, 'deals': [], 'cancellation_type': 'nonrefundable', 'credit_card': 1, 'bonus': 425, 'miles': 510, 'min_stay': 1, 'platichastyami': 0, 'mircashback': 850}, {'id': 931033, 'capacity': 2, 'prepayment': 'FIRST', 'nonrefundable': 1, 'cancellation_period': 0, 'cancellation_fee': 'FIRST', 'breakfast': 0, 'base_price': 8500, 'prices': [8500], 'price': 8500, 'old_price': 8500, 'currency': 'RUB', 'payment_amount': 8500, 'extras_variants': [], 'extras': {'33787': {'id': 33787, 'number': 2, 'extra_bed_type_id': 0, 'age': [0, 3], 'extra_bed': 0, 'free': 1}}, 'rate_id': 43034, 'deals': [], 'cancellation_type': 'nonrefundable', 'credit_card': 1, 'bonus': 425, 'miles': 510, 'min_stay': 1, 'platichastyami': 0, 'mircashback': 850}]",8500.0,510,625719_101hotels,2026-07-31
2017247,,Делюкс 2,2,2,0,1,Двухместный,2,1,"[{'double': 1, 'sofa': 1}]","[{'id': '33784', 'number': '2', 'min_age': '0', 'max_age': '3', 'is_extra_bed': '0', 'extra_bed_type_id': '0'}]","[{'id': 931018, 'capacity': 1, 'prepayment': 'FIRST', 'nonrefundable': 1, 'cancellation_period': 0, 'cancellation_fee': 'FIRST', 'breakfast': 0, 'base_price': 7500, 'prices': [7500], 'price': 7500, 'old_price': 7500, 'currency': 'RUB', 'payment_amount': 7500, 'extras_variants': [], 'extras': {'33784': {'id': 33784, 'number': 2, 'extra_bed_type_id': 0, 'age': [0, 3], 'extra_bed': 0, 'free': 1}}, 'rate_id': 43034, 'deals': [], 'cancellation_type': 'nonrefundable', 'credit_card': 1, 'bonus': 375, 'miles': 450, 'min_stay': 1, 'platichastyami': 0, 'mircashback': 750}, {'id': 931019, 'capacity': 2, 'prepayment': 'FIRST', 'nonrefundable': 1, 'cancellation_period': 0, 'cancellation_fee': 'FIRST', 'breakfast': 0, 'base_price': 7500, 'prices': [7500], 'price': 7500, 'old_price': 7500, 'currency': 'RUB', 'payment_amount': 7500, 'extras_variants': [], 'extras': {'33784': {'id': 33784, 'number': 2, 'extra_bed_type_id': 0, 'age': [0, 3], 'extra_bed': 0, 'free': 1}}, 'rate_id': 43034, 'deals': [], 'cancellation_type': 'nonrefundable', 'credit_card': 1, 'bonus': 375, 'miles': 450, 'min_stay': 1, 'platichastyami': 0, 'mircashback': 750}]",7500.0,450,625719_101hotels,2026-07-31
2017248,,Большой номер с 1 кроватью,2,1,0,1,Двухместный,2,1,"[{'single': 1, 'double': 1}]","[{'id': '33783', 'number': '2', 'min_age': '0', 'max_age': '3', 'is_extra_bed': '0', 'extra_bed_type_id': '0'}]","[{'id': 931020, 'capacity': 1, 'prepayment': 'FIRST', 'nonrefundable': 1, 'cancellation_period': 0, 'cancellation_fee': 'FIRST', 'breakfast': 0, 'base_price': 6500, 'prices': [6500], 'price': 6500, 'old_price': 6500, 'currency': 'RUB', 'payment_amount': 6500, 'extras_variants': [], 'extras': {'33783': {'id': 33783, 'number': 2, 'extra_bed_type_id': 0, 'age': [0, 3], 'extra_bed': 0, 'free': 1}}, 'rate_id': 43034, 'deals': [], 'cancellation_type': 'nonrefundable', 'credit_card': 1, 'bonus': 325, 'miles': 390, 'min_stay': 1, 'platichastyami': 0, 'mircashback': 650}, {'id': 931021, 'capacity': 2, 'prepayment': 'FIRST', 'nonrefundable': 1, 'cancellation_period': 0, 'cancellation_fee': 'FIRST', 'breakfast': 0, 'base_price': 6500, 'prices': [6500], 'price': 6500, 'old_price': 6500, 'currency': 'RUB', 'payment_amount': 6500, 'extras_variants': [], 'extras': {'33783': {'id': 33783, 'number': 2, 'extra_bed_type_id': 0, 'age': [0, 3], 'extra_bed': 0, 'free': 1}}, 'rate_id': 43034, 'deals': [], 'cancellation_type': 'nonrefundable', 'credit_card': 1, 'bonus': 325, 'miles': 390, 'min_stay': 1, 'platichastyami': 0, 'mircashback': 650}]",6500.0,390,625719_101hotels,2026-07-31
2017249,,С 2 отдельными кроватями,2,0,0,1,Двухместный,2,1,[{'single': 2}],"[{'id': '33790', 'number': '2', 'min_age': '0', 'max_age': '3', 'is_extra_bed': '0', 'extra_bed_type_id': '0'}]","[{'id': 931022, 'capacity': 1, 'prepayment': 'FIRST', 'nonrefundable': 1, 'cancellation_period': 0, 'cancellation_fee': 'FIRST', 'breakfast': 0, 'base_price': 5500, 'prices': [5500], 'price': 5500, 'old_price': 5500, 'currency': 'RUB', 'payment_amount': 5500, 'extras_variants': [], 'extras': {'33790': {'id': 33790, 'number': 2, 'extra_bed_type_id': 0, 'age': [0, 3], 'extra_bed': 0, 'free': 1}}, 'rate_id': 43034, 'deals': [], 'cancellation_type': 'nonrefundable', 'credit_card': 1, 'bonus': 275, 'miles': 330, 'min_stay': 1, 'platichastyami': 0, 'mircashback': 550}, {'id': 931023, 'capacity': 2, 'prepayment': 'FIRST', 'nonrefundable': 1, 'cancellation_period': 0, 'cancellation_fee': 'FIRST', 'breakfast': 0, 'base_price': 5500, 'prices': [5500], 'price': 5500, 'old_price': 5500, 'currency': 'RUB', 'payment_amount': 5500, 'extras_variants': [], 'extras': {'33790': {'id': 33790, 'number': 2, 'extra_bed_type_id': 0, 'age': [0, 3], 'extra_bed': 0, 'free': 1}}, 'rate_id': 43034, 'deals': [], 'cancellation_type': 'nonrefundable', 'credit_card': 1, 'bonus': 275, 'miles': 330, 'min_stay': 1, 'platichastyami': 0, 'mircashback': 550}]",5500.0,330,625719_101hotels,2026-07-31
2253434,,,3,0,0,1,Трехместный,37,1,"[{'single': 3}, {'single': 1, 'double': 1}]","[{'id': '31866', 'number': '1', 'min_age': '0', 'max_age': '5', 'is_extra_bed': '0', 'extra_bed_type_id': '0'}]","[{'id': 628916, 'capacity': 1, 'prepayment': 'FIRST', 'nonrefundable': 0, 'cancellation_period': 15, 'cancellation_fee': 'FIRST', 'breakfast': 0, 'base_price': 8100, 'prices': [8100], 'price': 6885, 'old_price': 8100, 'currency': 'RUB', 'payment_amount': 8100, 'extras_variants': [], 'extras': {'31866': {'id': 31866, 'number': 1, 'extra_bed_type_id': 0, 'age': [0, 5], 'extra_bed': 0, 'free': 1}}, 'rate_id': 23223, 'deals': ['LAST_MINUTE'], 'cancellation_type': 'special', 'credit_card': 1, 'bonus': 344, 'miles': 411, 'min_stay': 1, 'platichastyami': 0, 'mircashback': 689}, {'id': 628917, 'capacity': 2, 'prepayment': 'FIRST', 'nonrefundable': 0, 'cancellation_period': 15, 'cancellation_fee': 'FIRST', 'breakfast': 0, 'base_price': 8100, 'prices': [8100], 'price': 6885, 'old_price': 8100, 'currency': 'RUB', 'payment_amount': 8100, 'extras_variants': [], 'extras': {'31866': {'id': 31866, 'number': 1, 'extra_bed_type_id': 0, 'age': [0, 5], 'extra_bed': 0, 'free': 1}}, 'rate_id': 23223, 'deals': ['LAST_MINUTE'], 'cancellation_type': 'special', 'credit_card': 1, 'bonus': 344, 'miles': 411, 'min_stay': 1, 'platichastyami': 0, 'mircashback': 689}, {'id': 628918, 'capacity': 3, 'prepayment': 'FIRST', 'nonrefundable': 0, 'cancellation_period': 15, 'cancellation_fee': 'FIRST', 'breakfast': 0, 'base_price': 8100, 'prices': [8100], 'price': 6885, 'old_price': 8100, 'currency': 'RUB', 'payment_amount': 8100, 'extras_variants': [], 'extras': {'31866': {'id': 31866, 'number': 1, 'extra_bed_type_id': 0, 'age': [0, 5], 'extra_bed': 0, 'free': 1}}, 'rate_id': 23223, 'deals': ['LAST_MINUTE'], 'cancellation_type': 'special', 'credit_card': 1, 'bonus': 344, 'miles': 411, 'min_stay': 1, 'platichastyami': 0, 'mircashback': 689}]",6885.0,411,659075_101hotels,2026-07-31
2253464,,Стандартный номер с двумя отдельными кроватями,2,0,0,1,Двухместный,2,2,[{'single': 2}],"[{'id': '31868', 'number': '1', 'min_age': '0', 'max_age': '5', 'is_extra_bed': '0', 'extra_bed_type_id': '0'}]","[{'id': 628906, 'capacity': 1, 'prepayment': 'FIRST', 'nonrefundable': 0, 'cancellation_period': 15, 'cancellation_fee': 'FIRST', 'breakfast': 0, 'base_price': 6000, 'prices': [6000], 'price': 5100, 'old_price': 6000, 'currency': 'RUB', 'payment_amount': 6000, 'extras_variants': [], 'extras': {'31868': {'id': 31868, 'number': 1, 'extra_bed_type_id': 0, 'age': [0, 5], 'extra_bed': 0, 'free': 1}}, 'rate_id': 23223, 'deals': ['LAST_MINUTE'], 'cancellation_type': 'special', 'credit_card': 1, 'bonus': 255, 'miles': 306, 'min_stay': 1, 'platichastyami': 0, 'mircashback': 510}, {'id': 628907, 'capacity': 2, 'prepayment': 'FIRST', 'nonrefundable': 0, 'cancellation_period': 15, 'cancellation_fee': 'FIRST', 'breakfast': 0, 'base_price': 6000, 'prices': [6000], 'price': 5100, 'old_price': 6000, 'currency': 'RUB', 'payment_amount': 6000, 'extras_variants': [], 'extras': {'31868': {'id': 31868, 'number': 1, 'extra_bed_type_id': 0, 'age': [0, 5], 'extra_bed': 0, 'free': 1}}, 'rate_id': 23223, 'deals': ['LAST_MINUTE'], 'cancellation_type': 'special', 'credit_card': 1, 'bonus': 255, 'miles': 306, 'min_stay': 1, 'platichastyami': 0, 'mircashback': 510}]",5100.0,306,659075_101hotels,2026-07-31
2253465,,Стандартный номер с двумя отдельными кроватями и видом на Байкал,2,0,0,1,Двухместный,2,1,[{'single': 2}],"[{'id': '31867', 'number': '1', 'min_age': '0', 'max_age': '5', 'is_extra_bed': '0', 'extra_bed_type_id': '0'}]","[{'id': 628908, 'capacity': 1, 'prepayment': 'FIRST', 'nonrefundable': 0, 'cancellation_period': 15, 'cancellation_fee': 'FIRST', 'breakfast': 0, 'base_price': 6500, 'prices': [6500], 'price': 5525, 'old_price': 6500, 'currency': 'RUB', 'payment_amount': 6500, 'extras_variants': [], 'extras': {'31867': {'id': 31867, 'number': 1, 'extra_bed_type_id': 0, 'age': [0, 5], 'extra_bed': 0, 'free': 1}}, 'rate_id': 23223, 'deals': ['LAST_MINUTE'], 'cancellation_type': 'special', 'credit_card': 1, 'bonus': 276, 'miles': 330, 'min_stay': 1, 'platichastyami': 0, 'mircashback': 553}, {'id': 628909, 'capacity': 2, 'prepayment': 'FIRST', 'nonrefundable': 0, 'cancellation_period': 15, 'cancellation_fee': 'FIRST', 'breakfast': 0, 'base_price': 6500, 'prices': [6500], 'price': 5525, 'old_price': 6500, 'currency': 'RUB', 'payment_amount': 6500, 'extras_variants': [], 'extras': {'31867': {'id': 31867, 'number': 1, 'extra_bed_type_id': 0, 'age': [0, 5], 'extra_bed': 0, 'free': 1}}, 'rate_id': 23223, 'deals': ['LAST_MINUTE'], 'cancellation_type': 'special', 'credit_card': 1, 'bonus': 276, 'miles': 330, 'min_stay': 1, 'platichastyami': 0, 'mircashback': 553}]",5525.0,330,659075_101hotels,2026-07-31
2253466,,Улучшенный номер с видом на Байкал,2,0,0,1,Двухместный,2,1,[{'double': 1}],"[{'id': '31865', 'number': '1', 'min_age': '0', 'max_age': '5', 'is_extra_bed': '0', 'extra_bed_type_id': '0'}]","[{'id': 628910, 'capacity': 1, 'prepayment': 'FIRST', 'nonrefundable': 0, 'cancellation_period': 15, 'cancellation_fee': 'FIRST', 'breakfast': 0, 'base_price': 7000, 'prices': [7000], 'price': 5950, 'old_price': 7000, 'currency': 'RUB', 'payment_amount': 7000, 'extras_variants': [], 'extras': {'31865': {'id': 31865, 'number': 1, 'extra_bed_type_id': 0, 'age': [0, 5], 'extra_bed': 0, 'free': 1}}, 'rate_id': 23223, 'deals': ['LAST_MINUTE'], 'cancellation_type': 'special', 'credit_card': 1, 'bonus': 298, 'miles': 357, 'min_stay': 1, 'platichastyami': 0, 'mircashback': 595}, {'id': 628911, 'capacity': 2, 'prepayment': 'FIRST', 'nonrefundable': 0, 'cancellation_period': 15, 'cancellation_fee': 'FIRST', 'breakfast': 0, 'base_price': 7000, 'prices': [7000], 'price': 5950, 'old_price': 7000, 'currency': 'RUB', 'payment_amount': 7000, 'extras_variants': [], 'extras': {'31865': {'id': 31865, 'number': 1, 'extra_bed_type_id': 0, 'age': [0, 5], 'extra_bed': 0, 'free': 1}}, 'rate_id': 23223, 'deals': ['LAST_MINUTE'], 'cancellation_type': 'special', 'credit_card': 1, 'bonus': 298, 'miles': 357, 'min_stay': 1, 'platichastyami': 0, 'mircashback': 595}]",5950.0,357,659075_101hotels,2026-07-31
2258944,,Стандарт с балконом,2,0,0,1,Двухместный,2,1,[{'single': 2}],[],"[{'id': 681706, 'capacity': 1, 'prepayment': 'FIRST', 'nonrefundable': 0, 'cancellation_period': 15, 'cancellation_fee': 'FIRST', 'breakfast': 0, 'base_price': 5000, 'prices': [5000], 'price': 3250, 'old_price': 5000, 'currency': 'RUB', 'payment_amount': 5000, 'extras_variants': [], 'extras': [], 'rate_id': 27145, 'deals': ['LAST_MINUTE'], 'cancellation_type': 'special', 'credit_card': 1, 'bonus': 163, 'miles': 195, 'min_stay': 1, 'platichastyami': 0, 'mircashback': 325}, {'id': 681707, 'capacity': 2, 'prepayment': 'FIRST', 'nonrefundable': 0, 'cancellation_period': 15, 'cancellation_fee': 'FIRST', 'breakfast': 0, 'base_price': 5000, 'prices': [5000], 'price': 3250, 'old_price': 5000, 'currency': 'RUB', 'payment_amount': 5000, 'extras_variants': [], 'extras': [], 'rate_id': 27145, 'deals': ['LAST_MINUTE'], 'cancellation_type': 'special', 'credit_card': 1, 'bonus': 163, 'miles': 195, 'min_stay': 1, 'platichastyami': 0, 'mircashback': 325}]",3250.0,195,660481_101hotels,2026-07-31
2258946,,Комната стандарт с 2 Широкими кроватями (мансарда),2,2,0,1,Трехместный,37,2,[{'double': 2}],[],"[{'id': 681715, 'capacity': 2, 'prepayment': 'FIRST', 'nonrefundable': 0, 'cancellation_period': 15, 'cancellation_fee': 'FIRST', 'breakfast': 0, 'base_price': 6000, 'prices': [6000], 'price': 3900, 'old_price': 6000, 'currency': 'RUB', 'payment_amount': 6000, 'extras_variants': [], 'extras': [], 'rate_id': 27145, 'deals': ['LAST_MINUTE'], 'cancellation_type': 'special', 'credit_card': 1, 'bonus': 195, 'miles': 234, 'min_stay': 1, 'platichastyami': 0, 'mircashback': 390}]",3900.0,234,660481_101hotels,2026-07-31
2258947,,Комната Семейная с диваном и двумя отдельными кроватями,2,2,0,1,Трехместный,37,1,"[{'single': 2, 'sofa': 1}]",[],"[{'id': 681717, 'capacity': 2, 'prepayment': 'FIRST', 'nonrefundable': 0, 'cancellation_period': 15, 'cancellation_fee': 'FIRST', 'breakfast': 0, 'base_price': 6000, 'prices': [6000], 'price': 3900, 'old_price': 6000, 'currency': 'RUB', 'payment_amount': 6000, 'extras_variants': [], 'extras': [], 'rate_id': 27145, 'deals': ['LAST_MINUTE'], 'cancellation_type': 'special', 'credit_card': 1, 'bonus': 195, 'miles': 234, 'min_stay': 1, 'platichastyami': 0, 'mircashback': 390}]",3900.0,234,660481_101hotels,2026-07-31
2258950,,Комната улучшенная с большой двуспальной кроватью и балконом,2,0,0,1,Двухместный,2,1,[{'double': 1}],[],"[{'id': 681708, 'capacity': 1, 'prepayment': 'FIRST', 'nonrefundable': 0, 'cancellation_period': 15, 'cancellation_fee': 'FIRST', 'breakfast': 0, 'base_price': 6000, 'prices': [6000], 'price': 3900, 'old_price': 6000, 'currency': 'RUB', 'payment_amount': 6000, 'extras_variants': [], 'extras': [], 'rate_id': 27145, 'deals': ['LAST_MINUTE'], 'cancellation_type': 'special', 'credit_card': 1, 'bonus': 195, 'miles': 234, 'min_stay': 1, 'platichastyami': 0, 'mircashback': 390}, {'id': 681709, 'capacity': 2, 'prepayment': 'FIRST', 'nonrefundable': 0, 'cancellation_period': 15, 'cancellation_fee': 'FIRST', 'breakfast': 0, 'base_price': 6000, 'prices': [6000], 'price': 3900, 'old_price': 6000, 'currency': 'RUB', 'payment_amount': 6000, 'extras_variants': [], 'extras': [], 'rate_id': 27145, 'deals': ['LAST_MINUTE'], 'cancellation_type': 'special', 'credit_card': 1, 'bonus': 195, 'miles': 234, 'min_stay': 1, 'platichastyami': 0, 'mircashback': 390}]",3900.0,234,660481_101hotels,2026-07-31
61023,,С 1 кроватью или 2 отдельными кроватями,2,0,0,1,Двухместный,2,5,"[{'single': 2}, {'double': 1}]",[],"[{'id': 402732, 'capacity': 1, 'prepayment': 'FIRST', 'nonrefundable': 0, 'cancellation_period': 30, 'cancellation_fee': 'FIRST', 'breakfast': 0, 'base_price': 6500, 'prices': [6500], 'price': 6500, 'old_price': 6500, 'currency': 'RUB', 'payment_amount': 6500, 'extras_variants': [], 'extras': [], 'rate_id': 7662, 'deals': [], 'cancellation_type': 'special', 'credit_card': 1, 'bonus': 325, 'miles': 390, 'min_stay': 1, 'platichastyami': 0, 'mircashback': 650}, {'id': 402733, 'capacity': 2, 'prepayment': 'FIRST', 'nonrefundable': 0, 'cancellation_period': 30, 'cancellation_fee': 'FIRST', 'breakfast': 0, 'base_price': 6500, 'prices': [6500], 'price': 6500, 'old_price': 6500, 'currency': 'RUB', 'payment_amount': 6500, 'extras_variants': [], 'extras': [], 'rate_id': 7662, 'deals': [], 'cancellation_type': 'special', 'credit_card': 1, 'bonus': 325, 'miles': 390, 'min_stay': 1, 'platichastyami': 0, 'mircashback': 650}]",6500.0,390,10553_101hotels,2026-07-31
2300904,,Double,2,0,0,1,Двухместный,2,1,[{'double': 1}],"[{'id': '33039', 'number': '1', 'min_age': '0', 'max_age': '5', 'is_extra_bed': '0', 'extra_bed_type_id': '0'}]","[{'id': 1120293, 'capacity': 1, 'prepayment': 'FIRST', 'nonrefundable': 0, 'cancellation_period': 5, 'cancellation_fee': 'FIRST', 'breakfast': 1, 'base_price': 5250, 'prices': [5250], 'price': 4725, 'old_price': 5250, 'currency': 'RUB', 'payment_amount': 5250, 'extras_variants': [], 'extras': {'33039': {'id': 33039, 'number': 1, 'extra_bed_type_id': 0, 'age': [0, 5], 'extra_bed': 0, 'free': 1}}, 'rate_id': 56079, 'deals': ['LAST_MINUTE'], 'cancellation_type': 'special', 'credit_card': 1, 'bonus': 236, 'miles': 282, 'min_stay': 1, 'platichastyami': 0, 'mircashback': 473}, {'id': 1120294, 'capacity': 2, 'prepayment': 'FIRST', 'nonrefundable': 0, 'cancellation_period': 5, 'cancellation_fee': 'FIRST', 'breakfast': 1, 'base_price': 6500, 'prices': [6500], 'price': 5850, 'old_price': 6500, 'currency': 'RUB', 'payment_amount': 6500, 'extras_variants': [], 'extras': {'33039': {'id': 33039, 'number': 1, 'extra_bed_type_id': 0, 'age': [0, 5], 'extra_bed': 0, 'free': 1}}, 'rate_id': 56079, 'deals': ['LAST_MINUTE'], 'cancellation_type': 'special', 'credit_card': 1, 'bonus': 293, 'miles': 351, 'min_stay': 1, 'platichastyami': 0, 'mircashback': 585}]",4725.0,282,652826_101hotels,2026-07-31
79512,,Улучшенный,2,0,0,1,Студио,5,1,[{'single': 2}],[],"[{'id': 403800, 'capacity': 1, 'prepayment': 'NO', 'nonrefundable': 0, 'cancellation_period': 0, 'cancellation_fee': 'NO', 'breakfast': 0, 'base_price': 10700, 'prices': [10700], 'price': 10700, 'old_price': 10700, 'currency': 'RUB', 'payment_amount': 0, 'extras_variants': [], 'extras': [], 'rate_id': 7725, 'deals': [], 'cancellation_type': 'free', 'credit_card': 0, 'bonus': 535, 'miles': 642, 'min_stay': 1, 'platichastyami': 0, 'mircashback': 1070}, {'id': 403801, 'capacity': 2, 'prepayment': 'NO', 'nonrefundable': 0, 'cancellation_period': 0, 'cancellation_fee': 'NO', 'breakfast': 0, 'base_price': 10700, 'prices': [10700], 'price': 10700, 'old_price': 10700, 'currency': 'RUB', 'payment_amount': 0, 'extras_variants': [], 'extras': [], 'rate_id': 7725, 'deals': [], 'cancellation_type': 'free', 'credit_card': 0, 'bonus': 535, 'miles': 642, 'min_stay': 1, 'platichastyami': 0, 'mircashback': 1070}]",10700.0,642,15486_101hotels,2026-07-31
79513,,С 1 спальней,2,0,0,1,Апартаменты,14,1,[{'g-double': 1}],[],"[{'id': 403802, 'capacity': 1, 'prepayment': 'NO', 'nonrefundable': 0, 'cancellation_period': 0, 'cancellation_fee': 'NO', 'breakfast': 0, 'base_price': 10700, 'prices': [10700], 'price': 10700, 'old_price': 10700, 'currency': 'RUB', 'payment_amount': 0, 'extras_variants': [], 'extras': [], 'rate_id': 7725, 'deals': [], 'cancellation_type': 'free', 'credit_card': 0, 'bonus': 535, 'miles': 642, 'min_stay': 1, 'platichastyami': 0, 'mircashback': 1070}, {'id': 403803, 'capacity': 2, 'prepayment': 'NO', 'nonrefundable': 0, 'cancellation_period': 0, 'cancellation_fee': 'NO', 'breakfast': 0, 'base_price': 10700, 'prices': [10700], 'price': 10700, 'old_price': 10700, 'currency': 'RUB', 'payment_amount': 0, 'extras_variants': [], 'extras': [], 'rate_id': 7725, 'deals': [], 'cancellation_type': 'free', 'credit_card': 0, 'bonus': 535, 'miles': 642, 'min_stay': 1, 'platichastyami': 0, 'mircashback': 1070}]",10700.0,642,15486_101hotels,2026-07-31
2208004,,Улучшенный номер с 2 отдельными кроватями и видом на море,2,0,0,1,Двухместный,2,1,[{'single': 2}],[],"[{'id': 403798, 'capacity': 1, 'prepayment': 'NO', 'nonrefundable': 0, 'cancellation_period': 0, 'cancellation_fee': 'NO', 'breakfast': 0, 'base_price': 7100, 'prices': [7100], 'price': 7100, 'old_price': 7100, 'currency': 'RUB', 'payment_amount': 0, 'extras_variants': [], 'extras': [], 'rate_id': 7725, 'deals': [], 'cancellation_type': 'free', 'credit_card': 0, 'bonus': 355, 'miles': 426, 'min_stay': 1, 'platichastyami': 0, 'mircashback': 710}, {'id': 403799, 'capacity': 2, 'prepayment': 'NO', 'nonrefundable': 0, 'cancellation_period': 0, 'cancellation_fee': 'NO', 'breakfast': 0, 'base_price': 7100, 'prices': [7100], 'price': 7100, 'old_price': 7100, 'currency': 'RUB', 'payment_amount': 0, 'extras_variants': [], 'extras': [], 'rate_id': 7725, 'deals': [], 'cancellation_type': 'free', 'credit_card': 0, 'bonus': 355, 'miles': 426, 'min_stay': 1, 'platichastyami': 0, 'mircashback': 710}]",7100.0,426,15486_101hotels,2026-07-31
1311622,,Стандарт,2,0,0,1,Двухместный,2,2,[{'double': 1}],[],"[{'id': 493673, 'capacity': 1, 'prepayment': 'FIRST', 'nonrefundable': 0, 'cancellation_period': 3, 'cancellation_fee': 'FIRST', 'breakfast': 1, 'base_price': 6600, 'prices': [6600], 'price': 6600, 'old_price': 6600, 'currency': 'RUB', 'payment_amount': 6600, 'extras_variants': [], 'extras': [], 'rate_id': 13904, 'deals': [], 'cancellation_type': 'special', 'credit_card': 1, 'bonus': 330, 'miles': 396, 'min_stay': 1, 'platichastyami': 0, 'mircashback': 660}, {'id': 493674, 'capacity': 2, 'prepayment': 'FIRST', 'nonrefundable': 0, 'cancellation_period': 3, 'cancellation_fee': 'FIRST', 'breakfast': 1, 'base_price': 7600, 'prices': [7600], 'price': 7600, 'old_price': 7600, 'currency': 'RUB', 'payment_amount': 7600, 'extras_variants': [], 'extras': [], 'rate_id': 13904, 'deals': [], 'cancellation_type': 'special', 'credit_card': 1, 'bonus': 380, 'miles': 456, 'min_stay': 1, 'platichastyami': 0, 'mircashback': 760}]",6600.0,396,411742_101hotels,2026-07-31
1311624,,Стандарт улучшенный,2,1,0,1,Двухместный,2,9,"[{'single': 2}, {'double': 1}]","[{'id': '41933', 'number': '1', 'min_age': '0', 'max_age': '2', 'is_extra_bed': '1', 'extra_bed_type_id': '4'}]","[{'id': 493677, 'capacity': 1, 'prepayment': 'FIRST', 'nonrefundable': 0, 'cancellation_period': 3, 'cancellation_fee': 'FIRST', 'breakfast': 1, 'base_price': 7000, 'prices': [7000], 'price': 7000, 'old_price': 7000, 'currency': 'RUB', 'payment_amount': 7000, 'extras_variants': [], 'extras': {'41933': {'id': 41933, 'number': 1, 'extra_bed_type_id': 4, 'age': [0, 2], 'extra_bed': 1, 'free': 1}}, 'rate_id': 13904, 'deals': [], 'cancellation_type': 'special', 'credit_card': 1, 'bonus': 350, 'miles': 420, 'min_stay': 1, 'platichastyami': 0, 'mircashback': 700}, {'id': 493678, 'capacity': 2, 'prepayment': 'FIRST', 'nonrefundable': 0, 'cancellation_period': 3, 'cancellation_fee': 'FIRST', 'breakfast': 1, 'base_price': 8000, 'prices': [8000], 'price': 8000, 'old_price': 8000, 'currency': 'RUB', 'payment_amount': 8000, 'extras_variants': [], 'extras': {'41933': {'id': 41933, 'number': 1, 'extra_bed_type_id': 4, 'age': [0, 2], 'extra_bed': 1, 'free': 1}}, 'rate_id': 13904, 'deals': [], 'cancellation_type': 'special', 'credit_card': 1, 'bonus': 400, 'miles': 480, 'min_stay': 1, 'platichastyami': 0, 'mircashback': 800}]",7000.0,420,411742_101hotels,2026-07-31
1311626,,Двухкомнатный номер,2,2,0,1,Люкс,6,1,"[{'single': 2}, {'double': 1}]","[{'id': '41934', 'number': '1', 'min_age': '0', 'max_age': '2', 'is_extra_bed': '1', 'extra_bed_type_id': '4'}]","[{'id': 493681, 'capacity': 1, 'prepayment': 'FIRST', 'nonrefundable': 0, 'cancellation_period': 3, 'cancellation_fee': 'FIRST', 'breakfast': 1, 'base_price': 13200, 'prices': [13200], 'price': 13200, 'old_price': 13200, 'currency': 'RUB', 'payment_amount': 13200, 'extras_variants': [], 'extras': {'41934': {'id': 41934, 'number': 1, 'extra_bed_type_id': 4, 'age': [0, 2], 'extra_bed': 1, 'free': 1}}, 'rate_id': 13904, 'deals': [], 'cancellation_type': 'special', 'credit_card': 1, 'bonus': 660, 'miles': 792, 'min_stay': 1, 'platichastyami': 0, 'mircashback': 1320}, {'id': 493682, 'capacity': 2, 'prepayment': 'FIRST', 'nonrefundable': 0, 'cancellation_period': 3, 'cancellation_fee': 'FIRST', 'breakfast': 1, 'base_price': 13200, 'prices': [13200], 'price': 13200, 'old_price': 13200, 'currency': 'RUB', 'payment_amount': 13200, 'extras_variants': [], 'extras': {'41934': {'id': 41934, 'number': 1, 'extra_bed_type_id': 4, 'age': [0, 2], 'extra_bed': 1, 'free': 1}}, 'rate_id': 13904, 'deals': [], 'cancellation_type': 'special', 'credit_card': 1, 'bonus': 660, 'miles': 792, 'min_stay': 1, 'platichastyami': 0, 'mircashback': 1320}]",13200.0,792,411742_101hotels,2026-07-31
2278075,,"Номер высшей категории ""Джуниор Сюит""  - Премиальный",2,2,0,1,Полулюкс,4,2,"[{'single': 2}, {'double': 1}]",[],"[{'id': 835105, 'capacity': 1, 'prepayment': 'FIRST', 'nonrefundable': 0, 'cancellation_period': 3, 'cancellation_fee': 'FIRST', 'breakfast': 1, 'base_price': 19000, 'prices': [19000], 'price': 19000, 'old_price': 19000, 'currency': 'RUB', 'payment_amount': 19000, 'extras_variants': [], 'extras': [], 'rate_id': 13904, 'deals': [], 'cancellation_type': 'special', 'credit_card': 1, 'bonus': 950, 'miles': 1140, 'min_stay': 1, 'platichastyami': 0, 'mircashback': 1900}, {'id': 835106, 'capacity': 2, 'prepayment': 'FIRST', 'nonrefundable': 0, 'cancellation_period': 3, 'cancellation_fee': 'FIRST', 'breakfast': 1, 'base_price': 19000, 'prices': [19000], 'price': 19000, 'old_price': 19000, 'currency': 'RUB', 'payment_amount': 19000, 'extras_variants': [], 'extras': [], 'rate_id': 13904, 'deals': [], 'cancellation_type': 'special', 'credit_card': 1, 'bonus': 950, 'miles': 1140, 'min_stay': 1, 'platichastyami': 0, 'mircashback': 1900}]",19000.0,1140,411742_101hotels,2026-07-31
5692,,Стандарт с видом,1,0,0,1,Одноместный,1,1,[{'single': 1}],[],"[{'id': 1031129, 'capacity': 1, 'prepayment': 'FULL', 'nonrefundable': 0, 'cancellation_period': 1, 'cancellation_fee': 'FIRST', 'breakfast': 0, 'base_price': 9100, 'prices': [9100], 'price': 7735, 'old_price': 9100, 'currency': 'RUB', 'payment_amount': 9100, 'extras_variants': [], 'extras': [], 'rate_id': 49936, 'deals': ['LAST_MINUTE'], 'cancellation_type': 'special', 'credit_card': 1, 'bonus': 387, 'miles': 462, 'min_stay': 1, 'platichastyami': 0, 'mircashback': 774}, {'id': 1229228, 'capacity': 1, 'prepayment': 'FULL', 'nonrefundable': 0, 'cancellation_period': 1, 'cancellation_fee': 'FIRST', 'breakfast': 1, 'base_price': 10780, 'prices': [10780], 'price': 10780, 'old_price': 10780, 'currency': 'RUB', 'payment_amount': 10780, 'extras_variants': [], 'extras': [], 'rate_id': 63272, 'deals': [], 'cancellation_type': 'special', 'credit_card': 1, 'bonus': 539, 'miles': 645, 'min_stay': 1, 'platichastyami': 0, 'mircashback': 1078}]",7735.0,462,219_101hotels,2026-07-31
5694,,Стандарт,2,1,0,1,Двухместный,2,1,[{'single': 2}],"[{'id': '49342', 'number': '1', 'min_age': '0', 'max_age': '14', 'is_extra_bed': '1', 'extra_bed_type_id': '3'}]","[{'id': 1031131, 'capacity': 1, 'prepayment': 'FULL', 'nonrefundable': 0, 'cancellation_period': 1, 'cancellation_fee': 'FIRST', 'breakfast': 0, 'base_price': 12700, 'prices': [12700], 'price': 10795, 'old_price': 12700, 'currency': 'RUB', 'payment_amount': 12700, 'extras_variants': [], 'extras': {'49342': {'id': 49342, 'number': 1, 'extra_bed_type_id': 3, 'age': [0, 14], 'extra_bed': 1, 'free': 1}}, 'rate_id': 49936, 'deals': ['LAST_MINUTE'], 'cancellation_type': 'special', 'credit_card': 1, 'bonus': 540, 'miles': 645, 'min_stay': 1, 'platichastyami': 0, 'mircashback': 1080}, {'id': 1229222, 'capacity': 1, 'prepayment': 'FULL', 'nonrefundable': 0, 'cancellation_period': 1, 'cancellation_fee': 'FIRST', 'breakfast': 1, 'base_price': 14380, 'prices': [14380], 'price': 14380, 'old_price': 14380, 'currency': 'RUB', 'payment_amount': 14380, 'extras_variants': [], 'extras': {'49342': {'id': 49342, 'number': 1, 'extra_bed_type_id': 3, 'age': [0, 14], 'extra_bed': 1, 'free': 1}}, 'rate_id': 63272, 'deals': [], 'cancellation_type': 'special', 'credit_card': 1, 'bonus': 719, 'miles': 861, 'min_stay': 1, 'platichastyami': 0, 'mircashback': 1438}, {'id': 1031132, 'capacity': 2, 'prepayment': 'FULL', 'nonrefundable': 0, 'cancellation_period': 1, 'cancellation_fee': 'FIRST', 'breakfast': 0, 'base_price': 13300, 'prices': [13300], 'price': 11305, 'old_price': 13300, 'currency': 'RUB', 'payment_amount': 13300, 'extras_variants': [], 'extras': {'49342': {'id': 49342, 'number': 1, 'extra_bed_type_id': 3, 'age': [0, 14], 'extra_bed': 1, 'free': 1}}, 'rate_id': 49936, 'deals': ['LAST_MINUTE'], 'cancellation_type': 'special', 'credit_card': 1, 'bonus': 565, 'miles': 678, 'min_stay': 1, 'platichastyami': 0, 'mircashback': 1131}, {'id': 1229223, 'capacity': 2, 'prepayment': 'FULL', 'nonrefundable': 0, 'cancellation_period': 1, 'cancellation_fee': 'FIRST', 'breakfast': 1, 'base_price': 16660, 'prices': [16660], 'price': 16660, 'old_price': 16660, 'currency': 'RUB', 'payment_amount': 16660, 'extras_variants': [], 'extras': {'49342': {'id': 49342, 'number': 1, 'extra_bed_type_id': 3, 'age': [0, 14], 'extra_bed': 1, 'free': 1}}, 'rate_id': 63272, 'deals': [], 'cancellation_type': 'special', 'credit_card': 1, 'bonus': 833, 'miles': 999, 'min_stay': 1, 'platichastyami': 0, 'mircashback': 1666}]",10795.0,645,219_101hotels,2026-07-31
5695,,Стандарт видом,2,1,0,1,Двухместный,2,1,[{'single': 2}],"[{'id': '49343', 'number': '1', 'min_age': '0', 'max_age': '14', 'is_extra_bed': '1', 'extra_bed_type_id': '3'}]","[{'id': 1031133, 'capacity': 1, 'prepayment': 'FULL', 'nonrefundable': 0, 'cancellation_period': 1, 'cancellation_fee': 'FIRST', 'breakfast': 0, 'base_price': 13500, 'prices': [13500], 'price': 11475, 'old_price': 13500, 'currency': 'RUB', 'payment_amount': 13500, 'extras_variants': [], 'extras': {'49343': {'id': 49343, 'number': 1, 'extra_bed_type_id': 3, 'age': [0, 14], 'extra_bed': 1, 'free': 1}}, 'rate_id': 49936, 'deals': ['LAST_MINUTE'], 'cancellation_type': 'special', 'credit_card': 1, 'bonus': 574, 'miles': 687, 'min_stay': 1, 'platichastyami': 0, 'mircashback': 1148}, {'id': 1229224, 'capacity': 1, 'prepayment': 'FULL', 'nonrefundable': 0, 'cancellation_period': 1, 'cancellation_fee': 'FIRST', 'breakfast': 1, 'base_price': 15180, 'prices': [15180], 'price': 15180, 'old_price': 15180, 'currency': 'RUB', 'payment_amount': 15180, 'extras_variants': [], 'extras': {'49343': {'id': 49343, 'number': 1, 'extra_bed_type_id': 3, 'age': [0, 14], 'extra_bed': 1, 'free': 1}}, 'rate_id': 63272, 'deals': [], 'cancellation_type': 'special', 'credit_card': 1, 'bonus': 759, 'miles': 909, 'min_stay': 1, 'platichastyami': 0, 'mircashback': 1518}, {'id': 1031134, 'capacity': 2, 'prepayment': 'FULL', 'nonrefundable': 0, 'cancellation_period': 1, 'cancellation_fee': 'FIRST', 'breakfast': 0, 'base_price': 14100, 'prices': [14100], 'price': 11985, 'old_price': 14100, 'currency': 'RUB', 'payment_amount': 14100, 'extras_variants': [], 'extras': {'49343': {'id': 49343, 'number': 1, 'extra_bed_type_id': 3, 'age': [0, 14], 'extra_bed': 1, 'free': 1}}, 'rate_id': 49936, 'deals': ['LAST_MINUTE'], 'cancellation_type': 'special', 'credit_card': 1, 'bonus': 599, 'miles': 717, 'min_stay': 1, 'platichastyami': 0, 'mircashback': 1199}, {'id': 1229225, 'capacity': 2, 'prepayment': 'FULL', 'nonrefundable': 0, 'cancellation_period': 1, 'cancellation_fee': 'FIRST', 'breakfast': 1, 'base_price': 17460, 'prices': [17460], 'price': 17460, 'old_price': 17460, 'currency': 'RUB', 'payment_amount': 17460, 'extras_variants': [], 'extras': {'49343': {'id': 49343, 'number': 1, 'extra_bed_type_id': 3, 'age': [0, 14], 'extra_bed': 1, 'free': 1}}, 'rate_id': 63272, 'deals': [], 'cancellation_type': 'special', 'credit_card': 1, 'bonus': 873, 'miles': 1047, 'min_stay': 1, 'platichastyami': 0, 'mircashback': 1746}]",11475.0,687,219_101hotels,2026-07-31
5696,,Стандарт+ с видом и балконом,2,1,0,1,Двухместный,2,3,[{'single': 2}],"[{'id': '49344', 'number': '1', 'min_age': '0', 'max_age': '14', 'is_extra_bed': '1', 'extra_bed_type_id': '3'}]","[{'id': 1031135, 'capacity': 1, 'prepayment': 'FULL', 'nonrefundable': 0, 'cancellation_period': 1, 'cancellation_fee': 'FIRST', 'breakfast': 0, 'base_price': 14900, 'prices': [14900], 'price': 12665, 'old_price': 14900, 'currency': 'RUB', 'payment_amount': 14900, 'extras_variants': [], 'extras': {'49344': {'id': 49344, 'number': 1, 'extra_bed_type_id': 3, 'age': [0, 14], 'extra_bed': 1, 'free': 1}}, 'rate_id': 49936, 'deals': ['LAST_MINUTE'], 'cancellation_type': 'special', 'credit_card': 1, 'bonus': 633, 'miles': 759, 'min_stay': 1, 'platichastyami': 0, 'mircashback': 1267}, {'id': 1229230, 'capacity': 1, 'prepayment': 'FULL', 'nonrefundable': 0, 'cancellation_period': 1, 'cancellation_fee': 'FIRST', 'breakfast': 1, 'base_price': 16580, 'prices': [16580], 'price': 16580, 'old_price': 16580, 'currency': 'RUB', 'payment_amount': 16580, 'extras_variants': [], 'extras': {'49344': {'id': 49344, 'number': 1, 'extra_bed_type_id': 3, 'age': [0, 14], 'extra_bed': 1, 'free': 1}}, 'rate_id': 63272, 'deals': [], 'cancellation_type': 'special', 'credit_card': 1, 'bonus': 829, 'miles': 993, 'min_stay': 1, 'platichastyami': 0, 'mircashback': 1658}, {'id': 1031136, 'capacity': 2, 'prepayment': 'FULL', 'nonrefundable': 0, 'cancellation_period': 1, 'cancellation_fee': 'FIRST', 'breakfast': 0, 'base_price': 15500, 'prices': [15500], 'price': 13175, 'old_price': 15500, 'currency': 'RUB', 'payment_amount': 15500, 'extras_variants': [], 'extras': {'49344': {'id': 49344, 'number': 1, 'extra_bed_type_id': 3, 'age': [0, 14], 'extra_bed': 1, 'free': 1}}, 'rate_id': 49936, 'deals': ['LAST_MINUTE'], 'cancellation_type': 'special', 'credit_card': 1, 'bonus': 659, 'miles': 789, 'min_stay': 1, 'platichastyami': 0, 'mircashback': 1318}, {'id': 1229231, 'capacity': 2, 'prepayment': 'FULL', 'nonrefundable': 0, 'cancellation_period': 1, 'cancellation_fee': 'FIRST', 'breakfast': 1, 'base_price': 18860, 'prices': [18860], 'price': 18860, 'old_price': 18860, 'currency': 'RUB', 'payment_amount': 18860, 'extras_variants': [], 'extras': {'49344': {'id': 49344, 'number': 1, 'extra_bed_type_id': 3, 'age': [0, 14], 'extra_bed': 1, 'free': 1}}, 'rate_id': 63272, 'deals': [], 'cancellation_type': 'special', 'credit_card': 1, 'bonus': 943, 'miles': 1131, 'min_stay': 1, 'platichastyami': 0, 'mircashback': 1886}]",12665.0,759,219_101hotels,2026-07-31
5697,,Джуниор сюит,2,2,0,1,Студио,5,2,[{'double': 1}],"[{'id': '50103', 'number': '2', 'min_age': '0', 'max_age': '14', 'is_extra_bed': '1', 'extra_bed_type_id': '1'}]","[{'id': 1031139, 'capacity': 1, 'prepayment': 'FULL', 'nonrefundable': 0, 'cancellation_period': 1, 'cancellation_fee': 'FIRST', 'breakfast': 0, 'base_price': 17900, 'prices': [17900], 'price': 15215, 'old_price': 17900, 'currency': 'RUB', 'payment_amount': 17900, 'extras_variants': [], 'extras': {'50103': {'id': 50103, 'number': 2, 'extra_bed_type_id': 1, 'age': [0, 14], 'extra_bed': 1, 'free': 1}}, 'rate_id': 49936, 'deals': ['LAST_MINUTE'], 'cancellation_type': 'special', 'credit_card': 1, 'bonus': 761, 'miles': 912, 'min_stay': 1, 'platichastyami': 0, 'mircashback': 1522}, {'id': 1229216, 'capacity': 1, 'prepayment': 'FULL', 'nonrefundable': 0, 'cancellation_period': 1, 'cancellation_fee': 'FIRST', 'breakfast': 1, 'base_price': 19580, 'prices': [19580], 'price': 19580, 'old_price': 19580, 'currency': 'RUB', 'payment_amount': 19580, 'extras_variants': [], 'extras': {'50103': {'id': 50103, 'number': 2, 'extra_bed_type_id': 1, 'age': [0, 14], 'extra_bed': 1, 'free': 1}}, 'rate_id': 63272, 'deals': [], 'cancellation_type': 'special', 'credit_card': 1, 'bonus': 979, 'miles': 1173, 'min_stay': 1, 'platichastyami': 0, 'mircashback': 1958}, {'id': 1031140, 'capacity': 2, 'prepayment': 'FULL', 'nonrefundable': 0, 'cancellation_period': 1, 'cancellation_fee': 'FIRST', 'breakfast': 0, 'base_price': 18400, 'prices': [18400], 'price': 15640, 'old_price': 18400, 'currency': 'RUB', 'payment_amount': 18400, 'extras_variants': [], 'extras': {'50103': {'id': 50103, 'number': 2, 'extra_bed_type_id': 1, 'age': [0, 14], 'extra_bed': 1, 'free': 1}}, 'rate_id': 49936, 'deals': ['LAST_MINUTE'], 'cancellation_type': 'special', 'credit_card': 1, 'bonus': 782, 'miles': 936, 'min_stay': 1, 'platichastyami': 0, 'mircashback': 1564}, {'id': 1229217, 'capacity': 2, 'prepayment': 'FULL', 'nonrefundable': 0, 'cancellation_period': 1, 'cancellation_fee': 'FIRST', 'breakfast': 1, 'base_price': 21760, 'prices': [21760], 'price': 21760, 'old_price': 21760, 'currency': 'RUB', 'payment_amount': 21760, 'extras_variants': [], 'extras': {'50103': {'id': 50103, 'number': 2, 'extra_bed_type_id': 1, 'age': [0, 14], 'extra_bed': 1, 'free': 1}}, 'rate_id': 63272, 'deals': [], 'cancellation_type': 'special', 'credit_card': 1, 'bonus': 1088, 'miles': 1305, 'min_stay': 1, 'platichastyami': 0, 'mircashback': 2176}]",15215.0,912,219_101hotels,2026-07-31
5698,,Люкс,2,2,0,1,Люкс,6,3,[{'double': 1}],"[{'id': '50107', 'number': '1', 'min_age': '0', 'max_age': '14', 'is_extra_bed': '1', 'extra_bed_type_id': '1'}]","[{'id': 1031141, 'capacity': 1, 'prepayment': 'FULL', 'nonrefundable': 0, 'cancellation_period': 1, 'cancellation_fee': 'FIRST', 'breakfast': 0, 'base_price': 20000, 'prices': [20000], 'price': 17000, 'old_price': 20000, 'currency': 'RUB', 'payment_amount': 20000, 'extras_variants': [], 'extras': {'50107': {'id': 50107, 'number': 1, 'extra_bed_type_id': 1, 'age': [0, 14], 'extra_bed': 1, 'free': 1}}, 'rate_id': 49936, 'deals': ['LAST_MINUTE'], 'cancellation_type': 'special', 'credit_card': 1, 'bonus': 850, 'miles': 1020, 'min_stay': 1, 'platichastyami': 0, 'mircashback': 1700}, {'id': 1229218, 'capacity': 1, 'prepayment': 'FULL', 'nonrefundable': 0, 'cancellation_period': 1, 'cancellation_fee': 'FIRST', 'breakfast': 1, 'base_price': 21680, 'prices': [21680], 'price': 21680, 'old_price': 21680, 'currency': 'RUB', 'payment_amount': 21680, 'extras_variants': [], 'extras': {'50107': {'id': 50107, 'number': 1, 'extra_bed_type_id': 1, 'age': [0, 14], 'extra_bed': 1, 'free': 1}}, 'rate_id': 63272, 'deals': [], 'cancellation_type': 'special', 'credit_card': 1, 'bonus': 1084, 'miles': 1299, 'min_stay': 1, 'platichastyami': 0, 'mircashback': 2168}, {'id': 1031142, 'capacity': 2, 'prepayment': 'FULL', 'nonrefundable': 0, 'cancellation_period': 1, 'cancellation_fee': 'FIRST', 'breakfast': 0, 'base_price': 20600, 'prices': [20600], 'price': 17510, 'old_price': 20600, 'currency': 'RUB', 'payment_amount': 20600, 'extras_variants': [], 'extras': {'50107': {'id': 50107, 'number': 1, 'extra_bed_type_id': 1, 'age': [0, 14], 'extra_bed': 1, 'free': 1}}, 'rate_id': 49936, 'deals': ['LAST_MINUTE'], 'cancellation_type': 'special', 'credit_card': 1, 'bonus': 876, 'miles': 1050, 'min_stay': 1, 'platichastyami': 0, 'mircashback': 1751}, {'id': 1229219, 'capacity': 2, 'prepayment': 'FULL', 'nonrefundable': 0, 'cancellation_period': 1, 'cancellation_fee': 'FIRST', 'breakfast': 1, 'base_price': 23960, 'prices': [23960], 'price': 23960, 'old_price': 23960, 'currency': 'RUB', 'payment_amount': 23960, 'extras_variants': [], 'extras': {'50107': {'id': 50107, 'number': 1, 'extra_bed_type_id': 1, 'age': [0, 14], 'extra_bed': 1, 'free': 1}}, 'rate_id': 63272, 'deals': [], 'cancellation_type': 'special', 'credit_card': 1, 'bonus': 1198, 'miles': 1437, 'min_stay': 1, 'platichastyami': 0, 'mircashback': 2396}]",17000.0,1020,219_101hotels,2026-07-31
32581,,Стандарт+,1,0,0,1,Одноместный,1,1,[{'single': 1}],[],"[{'id': 1031130, 'capacity': 1, 'prepayment': 'FULL', 'nonrefundable': 0, 'cancellation_period': 1, 'cancellation_fee': 'FIRST', 'breakfast': 0, 'base_price': 9500, 'prices': [9500], 'price': 8075, 'old_price': 9500, 'currency': 'RUB', 'payment_amount': 9500, 'extras_variants': [], 'extras': [], 'rate_id': 49936, 'deals': ['LAST_MINUTE'], 'cancellation_type': 'special', 'credit_card': 1, 'bonus': 404, 'miles': 483, 'min_stay': 1, 'platichastyami': 0, 'mircashback': 808}, {'id': 1229229, 'capacity': 1, 'prepayment': 'FULL', 'nonrefundable': 0, 'cancellation_period': 1, 'cancellation_fee': 'FIRST', 'breakfast': 1, 'base_price': 11180, 'prices': [11180], 'price': 11180, 'old_price': 11180, 'currency': 'RUB', 'payment_amount': 11180, 'extras_variants': [], 'extras': [], 'rate_id': 63272, 'deals': [], 'cancellation_type': 'special', 'credit_card': 1, 'bonus': 559, 'miles': 669, 'min_stay': 1, 'platichastyami': 0, 'mircashback': 1118}]",8075.0,483,219_101hotels,2026-07-31
75155,,Стандарт с балконом,2,1,0,1,Двухместный,2,3,[{'single': 2}],"[{'id': '49345', 'number': '1', 'min_age': '0', 'max_age': '14', 'is_extra_bed': '1', 'extra_bed_type_id': '3'}]","[{'id': 1031137, 'capacity': 1, 'prepayment': 'FULL', 'nonrefundable': 0, 'cancellation_period': 1, 'cancellation_fee': 'FIRST', 'breakfast': 0, 'base_price': 13700, 'prices': [13700], 'price': 11645, 'old_price': 13700, 'currency': 'RUB', 'payment_amount': 13700, 'extras_variants': [], 'extras': {'49345': {'id': 49345, 'number': 1, 'extra_bed_type_id': 3, 'age': [0, 14], 'extra_bed': 1, 'free': 1}}, 'rate_id': 49936, 'deals': ['LAST_MINUTE'], 'cancellation_type': 'special', 'credit_card': 1, 'bonus': 582, 'miles': 696, 'min_stay': 1, 'platichastyami': 0, 'mircashback': 1165}, {'id': 1229226, 'capacity': 1, 'prepayment': 'FULL', 'nonrefundable': 0, 'cancellation_period': 1, 'cancellation_fee': 'FIRST', 'breakfast': 1, 'base_price': 15380, 'prices': [15380], 'price': 15380, 'old_price': 15380, 'currency': 'RUB', 'payment_amount': 15380, 'extras_variants': [], 'extras': {'49345': {'id': 49345, 'number': 1, 'extra_bed_type_id': 3, 'age': [0, 14], 'extra_bed': 1, 'free': 1}}, 'rate_id': 63272, 'deals': [], 'cancellation_type': 'special', 'credit_card': 1, 'bonus': 769, 'miles': 921, 'min_stay': 1, 'platichastyami': 0, 'mircashback': 1538}, {'id': 1031138, 'capacity': 2, 'prepayment': 'FULL', 'nonrefundable': 0, 'cancellation_period': 1, 'cancellation_fee': 'FIRST', 'breakfast': 0, 'base_price': 14300, 'prices': [14300], 'price': 12155, 'old_price': 14300, 'currency': 'RUB', 'payment_amount': 14300, 'extras_variants': [], 'extras': {'49345': {'id': 49345, 'number': 1, 'extra_bed_type_id': 3, 'age': [0, 14], 'extra_bed': 1, 'free': 1}}, 'rate_id': 49936, 'deals': ['LAST_MINUTE'], 'cancellation_type': 'special', 'credit_card': 1, 'bonus': 608, 'miles': 729, 'min_stay': 1, 'platichastyami': 0, 'mircashback': 1216}, {'id': 1229227, 'capacity': 2, 'prepayment': 'FULL', 'nonrefundable': 0, 'cancellation_period': 1, 'cancellation_fee': 'FIRST', 'breakfast': 1, 'base_price': 17660, 'prices': [17660], 'price': 17660, 'old_price': 17660, 'currency': 'RUB', 'payment_amount': 17660, 'extras_variants': [], 'extras': {'49345': {'id': 49345, 'number': 1, 'extra_bed_type_id': 3, 'age': [0, 14], 'extra_bed': 1, 'free': 1}}, 'rate_id': 63272, 'deals': [], 'cancellation_type': 'special', 'credit_card': 1, 'bonus': 883, 'miles': 1059, 'min_stay': 1, 'platichastyami': 0, 'mircashback': 1766}]",11645.0,696,219_101hotels,2026-07-31
2021925,,Люкс Президентский,2,3,0,1,Сюит,27,1,[{'double': 1}],"[{'id': '51932', 'number': '2', 'min_age': '0', 'max_age': '14', 'is_extra_bed': '1', 'extra_bed_type_id': '1'}]","[{'id': 1031143, 'capacity': 1, 'prepayment': 'FULL', 'nonrefundable': 0, 'cancellation_period': 1, 'cancellation_fee': 'FIRST', 'breakfast': 0, 'base_price': 33700, 'prices': [33700], 'price': 28645, 'old_price': 33700, 'currency': 'RUB', 'payment_amount': 33700, 'extras_variants': [], 'extras': {'51932': {'id': 51932, 'number': 2, 'extra_bed_type_id': 1, 'age': [0, 14], 'extra_bed': 1, 'free': 1}}, 'rate_id': 49936, 'deals': ['LAST_MINUTE'], 'cancellation_type': 'special', 'credit_card': 1, 'bonus': 1432, 'miles': 1716, 'min_stay': 1, 'platichastyami': 0, 'mircashback': 2865}, {'id': 1229220, 'capacity': 1, 'prepayment': 'FULL', 'nonrefundable': 0, 'cancellation_period': 1, 'cancellation_fee': 'FIRST', 'breakfast': 1, 'base_price': 35380, 'prices': [35380], 'price': 35380, 'old_price': 35380, 'currency': 'RUB', 'payment_amount': 35380, 'extras_variants': [], 'extras': {'51932': {'id': 51932, 'number': 2, 'extra_bed_type_id': 1, 'age': [0, 14], 'extra_bed': 1, 'free': 1}}, 'rate_id': 63272, 'deals': [], 'cancellation_type': 'special', 'credit_card': 1, 'bonus': 1769, 'miles': 2121, 'min_stay': 1, 'platichastyami': 0, 'mircashback': 3538}, {'id': 1031144, 'capacity': 2, 'prepayment': 'FULL', 'nonrefundable': 0, 'cancellation_period': 1, 'cancellation_fee': 'FIRST', 'breakfast': 0, 'base_price': 34500, 'prices': [34500], 'price': 29325, 'old_price': 34500, 'currency': 'RUB', 'payment_amount': 34500, 'extras_variants': [], 'extras': {'51932': {'id': 51932, 'number': 2, 'extra_bed_type_id': 1, 'age': [0, 14], 'extra_bed': 1, 'free': 1}}, 'rate_id': 49936, 'deals': ['LAST_MINUTE'], 'cancellation_type': 'special', 'credit_card': 1, 'bonus': 1466, 'miles': 1758, 'min_stay': 1, 'platichastyami': 0, 'mircashback': 2933}, {'id': 1229221, 'capacity': 2, 'prepayment': 'FULL', 'nonrefundable': 0, 'cancellation_period': 1, 'cancellation_fee': 'FIRST', 'breakfast': 1, 'base_price': 37860, 'prices': [37860], 'price': 37860, 'old_price': 37860, 'currency': 'RUB', 'payment_amount': 37860, 'extras_variants': [], 'extras': {'51932': {'id': 51932, 'number': 2, 'extra_bed_type_id': 1, 'age': [0, 14], 'extra_bed': 1, 'free': 1}}, 'rate_id': 63272, 'deals': [], 'cancellation_type': 'special', 'credit_card': 1, 'bonus': 1893, 'miles': 2271, 'min_stay': 1, 'platichastyami': 0, 'mircashback': 3786}]",28645.0,1716,219_101hotels,2026-07-31
5827,,Стандарт,1,0,0,1,Одноместный,1,3,[{'single': 1}],[],"[{'id': 1021599, 'capacity': 1, 'prepayment': 'FULL', 'nonrefundable': 0, 'cancellation_period': 1, 'cancellation_fee': 'FIRST', 'breakfast': 1, 'base_price': 3625, 'prices': [3625], 'price': 3625, 'old_price': 3625, 'currency': 'RUB', 'payment_amount': 3625, 'extras_variants': [], 'extras': [], 'rate_id': 49270, 'deals': [], 'cancellation_type': 'special', 'credit_card': 1, 'bonus': 181, 'miles': 216, 'min_stay': 1, 'platichastyami': 0, 'mircashback': 363}]",3625.0,216,2270_101hotels,2026-07-31
5830,,Стандарт,2,0,0,1,Двухместный,2,3,[{'single': 2}],[],"[{'id': 1021600, 'capacity': 1, 'prepayment': 'FULL', 'nonrefundable': 0, 'cancellation_period': 1, 'cancellation_fee': 'FIRST', 'breakfast': 1, 'base_price': 6250, 'prices': [6250], 'price': 6250, 'old_price': 6250, 'currency': 'RUB', 'payment_amount': 6250, 'extras_variants': [], 'extras': [], 'rate_id': 49270, 'deals': [], 'cancellation_type': 'special', 'credit_card': 1, 'bonus': 313, 'miles': 375, 'min_stay': 1, 'platichastyami': 0, 'mircashback': 625}, {'id': 1021601, 'capacity': 2, 'prepayment': 'FULL', 'nonrefundable': 0, 'cancellation_period': 1, 'cancellation_fee': 'FIRST', 'breakfast': 1, 'base_price': 6250, 'prices': [6250], 'price': 6250, 'old_price': 6250, 'currency': 'RUB', 'payment_amount': 6250, 'extras_variants': [], 'extras': [], 'rate_id': 49270, 'deals': [], 'cancellation_type': 'special', 'credit_card': 1, 'bonus': 313, 'miles': 375, 'min_stay': 1, 'platichastyami': 0, 'mircashback': 625}]",6250.0,375,2270_101hotels,2026-07-31
2234329,,,2,1,0,1,Семейный,44,2,"[{'double': 1, 'sofa': 1}]",[],"[{'id': 1021608, 'capacity': 1, 'prepayment': 'FULL', 'nonrefundable': 0, 'cancellation_period': 1, 'cancellation_fee': 'FIRST', 'breakfast': 1, 'base_price': 7750, 'prices': [7750], 'price': 7750, 'old_price': 7750, 'currency': 'RUB', 'payment_amount': 7750, 'extras_variants': [], 'extras': [], 'rate_id': 49270, 'deals': [], 'cancellation_type': 'special', 'credit_card': 1, 'bonus': 388, 'miles': 465, 'min_stay': 1, 'platichastyami': 0, 'mircashback': 775}, {'id': 1021609, 'capacity': 2, 'prepayment': 'FULL', 'nonrefundable': 0, 'cancellation_period': 1, 'cancellation_fee': 'FIRST', 'breakfast': 1, 'base_price': 7750, 'prices': [7750], 'price': 7750, 'old_price': 7750, 'currency': 'RUB', 'payment_amount': 7750, 'extras_variants': [], 'extras': [], 'rate_id': 49270, 'deals': [], 'cancellation_type': 'special', 'credit_card': 1, 'bonus': 388, 'miles': 465, 'min_stay': 1, 'platichastyami': 0, 'mircashback': 775}]",7750.0,465,2270_101hotels,2026-07-31
2234330,,Бизнес,2,1,0,1,Полулюкс,4,2,[{'single': 2}],[],"[{'id': 1021602, 'capacity': 1, 'prepayment': 'FULL', 'nonrefundable': 0, 'cancellation_period': 1, 'cancellation_fee': 'FIRST', 'breakfast': 1, 'base_price': 7750, 'prices': [7750], 'price': 7750, 'old_price': 7750, 'currency': 'RUB', 'payment_amount': 7750, 'extras_variants': [], 'extras': [], 'rate_id': 49270, 'deals': [], 'cancellation_type': 'special', 'credit_card': 1, 'bonus': 388, 'miles': 465, 'min_stay': 1, 'platichastyami': 0, 'mircashback': 775}, {'id': 1021603, 'capacity': 2, 'prepayment': 'FULL', 'nonrefundable': 0, 'cancellation_period': 1, 'cancellation_fee': 'FIRST', 'breakfast': 1, 'base_price': 7750, 'prices': [7750], 'price': 7750, 'old_price': 7750, 'currency': 'RUB', 'payment_amount': 7750, 'extras_variants': [], 'extras': [], 'rate_id': 49270, 'deals': [], 'cancellation_type': 'special', 'credit_card': 1, 'bonus': 388, 'miles': 465, 'min_stay': 1, 'platichastyami': 0, 'mircashback': 775}]",7750.0,465,2270_101hotels,2026-07-31
2234331,,Джуниор сюит (с двуспальной кроватью),2,1,0,1,Люкс,6,1,"[{'double': 1, 'sofa': 1}]",[],"[{'id': 1021604, 'capacity': 1, 'prepayment': 'FULL', 'nonrefundable': 0, 'cancellation_period': 1, 'cancellation_fee': 'FIRST', 'breakfast': 1, 'base_price': 9375, 'prices': [9375], 'price': 9375, 'old_price': 9375, 'currency': 'RUB', 'payment_amount': 9375, 'extras_variants': [], 'extras': [], 'rate_id': 49270, 'deals': [], 'cancellation_type': 'special', 'credit_card': 1, 'bonus': 469, 'miles': 561, 'min_stay': 1, 'platichastyami': 0, 'mircashback': 938}, {'id': 1021605, 'capacity': 2, 'prepayment': 'FULL', 'nonrefundable': 0, 'cancellation_period': 1, 'cancellation_fee': 'FIRST', 'breakfast': 1, 'base_price': 9375, 'prices': [9375], 'price': 9375, 'old_price': 9375, 'currency': 'RUB', 'payment_amount': 9375, 'extras_variants': [], 'extras': [], 'rate_id': 49270, 'deals': [], 'cancellation_type': 'special', 'credit_card': 1, 'bonus': 469, 'miles': 561, 'min_stay': 1, 'platichastyami': 0, 'mircashback': 938}]",9375.0,561,2270_101hotels,2026-07-31
2234332,,Джуниор сюит (с двумя раздельными кроватями),2,1,0,1,Люкс,6,1,"[{'single': 2, 'sofa': 1}]",[],"[{'id': 1021606, 'capacity': 1, 'prepayment': 'FULL', 'nonrefundable': 0, 'cancellation_period': 1, 'cancellation_fee': 'FIRST', 'breakfast': 1, 'base_price': 9375, 'prices': [9375], 'price': 9375, 'old_price': 9375, 'currency': 'RUB', 'payment_amount': 9375, 'extras_variants': [], 'extras': [], 'rate_id': 49270, 'deals': [], 'cancellation_type': 'special', 'credit_card': 1, 'bonus': 469, 'miles': 561, 'min_stay': 1, 'platichastyami': 0, 'mircashback': 938}, {'id': 1021607, 'capacity': 2, 'prepayment': 'FULL', 'nonrefundable': 0, 'cancellation_period': 1, 'cancellation_fee': 'FIRST', 'breakfast': 1, 'base_price': 9375, 'prices': [9375], 'price': 9375, 'old_price': 9375, 'currency': 'RUB', 'payment_amount': 9375, 'extras_variants': [], 'extras': [], 'rate_id': 49270, 'deals': [], 'cancellation_type': 'special', 'credit_card': 1, 'bonus': 469, 'miles': 561, 'min_stay': 1, 'platichastyami': 0, 'mircashback': 938}]",9375.0,561,2270_101hotels,2026-07-31
142517,,Одноэтажный 2 спальнями,3,1,0,1,Коттедж,15,1,"[{'single': 1, 'double': 1}]",[],"[{'id': 378246, 'capacity': 1, 'prepayment': 'FULL', 'nonrefundable': 0, 'cancellation_period': 3, 'cancellation_fee': 'FIRST', 'breakfast': 1, 'base_price': 24600, 'prices': [24600], 'price': 24600, 'old_price': 24600, 'currency': 'RUB', 'payment_amount': 24600, 'extras_variants': [], 'extras': [], 'rate_id': 6256, 'deals': [], 'cancellation_type': 'special', 'credit_card': 1, 'bonus': 1230, 'miles': 1476, 'min_stay': 1, 'platichastyami': 0, 'mircashback': 2460}, {'id': 378247, 'capacity': 2, 'prepayment': 'FULL', 'nonrefundable': 0, 'cancellation_period': 3, 'cancellation_fee': 'FIRST', 'breakfast': 1, 'base_price': 24600, 'prices': [24600], 'price': 24600, 'old_price': 24600, 'currency': 'RUB', 'payment_amount': 24600, 'extras_variants': [], 'extras': [], 'rate_id': 6256, 'deals': [], 'cancellation_type': 'special', 'credit_card': 1, 'bonus': 1230, 'miles': 1476, 'min_stay': 1, 'platichastyami': 0, 'mircashback': 2460}, {'id': 378248, 'capacity': 3, 'prepayment': 'FULL', 'nonrefundable': 0, 'cancellation_period': 3, 'cancellation_fee': 'FIRST', 'breakfast': 1, 'base_price': 24600, 'prices': [24600], 'price': 24600, 'old_price': 24600, 'currency': 'RUB', 'payment_amount': 24600, 'extras_variants': [], 'extras': [], 'rate_id': 6256, 'deals': [], 'cancellation_type': 'special', 'credit_card': 1, 'bonus': 1230, 'miles': 1476, 'min_stay': 1, 'platichastyami': 0, 'mircashback': 2460}]",24600.0,1476,33872_101hotels,2026-07-31
142518,,Стандарт,2,1,0,1,Двухместный,2,9,"[{'double': 1}, {'double': 1}]",[],"[{'id': 378240, 'capacity': 1, 'prepayment': 'FULL', 'nonrefundable': 0, 'cancellation_period': 3, 'cancellation_fee': 'FIRST', 'breakfast': 1, 'base_price': 12600, 'prices': [12600], 'price': 12600, 'old_price': 12600, 'currency': 'RUB', 'payment_amount': 12600, 'extras_variants': [], 'extras': [], 'rate_id': 6256, 'deals': [], 'cancellation_type': 'special', 'credit_card': 1, 'bonus': 630, 'miles': 756, 'min_stay': 1, 'platichastyami': 0, 'mircashback': 1260}, {'id': 378241, 'capacity': 2, 'prepayment': 'FULL', 'nonrefundable': 0, 'cancellation_period': 3, 'cancellation_fee': 'FIRST', 'breakfast': 1, 'base_price': 12600, 'prices': [12600], 'price': 12600, 'old_price': 12600, 'currency': 'RUB', 'payment_amount': 12600, 'extras_variants': [], 'extras': [], 'rate_id': 6256, 'deals': [], 'cancellation_type': 'special', 'credit_card': 1, 'bonus': 630, 'miles': 756, 'min_stay': 1, 'platichastyami': 0, 'mircashback': 1260}]",12600.0,756,33872_101hotels,2026-07-31
142519,,Люкс,2,1,0,1,Сюит,27,1,"[{'double': 1}, {'sofa': 1}]",[],"[{'id': 378242, 'capacity': 1, 'prepayment': 'FULL', 'nonrefundable': 0, 'cancellation_period': 3, 'cancellation_fee': 'FIRST', 'breakfast': 1, 'base_price': 19600, 'prices': [19600], 'price': 19600, 'old_price': 19600, 'currency': 'RUB', 'payment_amount': 19600, 'extras_variants': [], 'extras': [], 'rate_id': 6256, 'deals': [], 'cancellation_type': 'special', 'credit_card': 1, 'bonus': 980, 'miles': 1176, 'min_stay': 1, 'platichastyami': 0, 'mircashback': 1960}, {'id': 378243, 'capacity': 2, 'prepayment': 'FULL', 'nonrefundable': 0, 'cancellation_period': 3, 'cancellation_fee': 'FIRST', 'breakfast': 1, 'base_price': 19600, 'prices': [19600], 'price': 19600, 'old_price': 19600, 'currency': 'RUB', 'payment_amount': 19600, 'extras_variants': [], 'extras': [], 'rate_id': 6256, 'deals': [], 'cancellation_type': 'special', 'credit_card': 1, 'bonus': 980, 'miles': 1176, 'min_stay': 1, 'platichastyami': 0, 'mircashback': 1960}]",19600.0,1176,33872_101hotels,2026-07-31
142520,,,2,0,0,1,Бунгало,30,3,[{'double': 1}],[],"[{'id': 378257, 'capacity': 1, 'prepayment': 'FULL', 'nonrefundable': 0, 'cancellation_period': 3, 'cancellation_fee': 'FIRST', 'breakfast': 1, 'base_price': 21600, 'prices': [21600], 'price': 21600, 'old_price': 21600, 'currency': 'RUB', 'payment_amount': 21600, 'extras_variants': [], 'extras': [], 'rate_id': 6256, 'deals': [], 'cancellation_type': 'special', 'credit_card': 1, 'bonus': 1080, 'miles': 1296, 'min_stay': 1, 'platichastyami': 0, 'mircashback': 2160}, {'id': 378258, 'capacity': 2, 'prepayment': 'FULL', 'nonrefundable': 0, 'cancellation_period': 3, 'cancellation_fee': 'FIRST', 'breakfast': 1, 'base_price': 21600, 'prices': [21600], 'price': 21600, 'old_price': 21600, 'currency': 'RUB', 'payment_amount': 21600, 'extras_variants': [], 'extras': [], 'rate_id': 6256, 'deals': [], 'cancellation_type': 'special', 'credit_card': 1, 'bonus': 1080, 'miles': 1296, 'min_stay': 1, 'platichastyami': 0, 'mircashback': 2160}]",21600.0,1296,33872_101hotels,2026-07-31
142521,,Двухкомнатный люкс,4,0,0,1,Сюит,27,1,"[{'double': 1}, {'double': 1}]",[],"[{'id': 378244, 'capacity': 1, 'prepayment': 'FULL', 'nonrefundable': 0, 'cancellation_period': 3, 'cancellation_fee': 'FIRST', 'breakfast': 1, 'base_price': 21600, 'prices': [21600], 'price': 21600, 'old_price': 21600, 'currency': 'RUB', 'payment_amount': 21600, 'extras_variants': [], 'extras': [], 'rate_id': 6256, 'deals': [], 'cancellation_type': 'special', 'credit_card': 1, 'bonus': 1080, 'miles': 1296, 'min_stay': 1, 'platichastyami': 0, 'mircashback': 2160}, {'id': 378245, 'capacity': 2, 'prepayment': 'FULL', 'nonrefundable': 0, 'cancellation_period': 3, 'cancellation_fee': 'FIRST', 'breakfast': 1, 'base_price': 21600, 'prices': [21600], 'price': 21600, 'old_price': 21600, 'currency': 'RUB', 'payment_amount': 21600, 'extras_variants': [], 'extras': [], 'rate_id': 6256, 'deals': [], 'cancellation_type': 'special', 'credit_card': 1, 'bonus': 1080, 'miles': 1296, 'min_stay': 1, 'platichastyami': 0, 'mircashback': 2160}, {'id': 651707, 'capacity': 3, 'prepayment': 'FULL', 'nonrefundable': 0, 'cancellation_period': 3, 'cancellation_fee': 'FIRST', 'breakfast': 1, 'base_price': 21600, 'prices': [21600], 'price': 21600, 'old_price': 21600, 'currency': 'RUB', 'payment_amount': 21600, 'extras_variants': [], 'extras': [], 'rate_id': 6256, 'deals': [], 'cancellation_type': 'special', 'credit_card': 1, 'bonus': 1080, 'miles': 1296, 'min_stay': 1, 'platichastyami': 0, 'mircashback': 2160}, {'id': 963072, 'capacity': 4, 'prepayment': 'FULL', 'nonrefundable': 0, 'cancellation_period': 3, 'cancellation_fee': 'FIRST', 'breakfast': 1, 'base_price': 21600, 'prices': [21600], 'price': 21600, 'old_price': 21600, 'currency': 'RUB', 'payment_amount': 21600, 'extras_variants': [], 'extras': [], 'rate_id': 6256, 'deals': [], 'cancellation_type': 'special', 'credit_card': 1, 'bonus': 1080, 'miles': 1296, 'min_stay': 1, 'platichastyami': 0, 'mircashback': 2160}]",21600.0,1296,33872_101hotels,2026-07-31
1263836,,Стандарт Макси,2,0,0,1,Двухместный,2,6,"[{'single': 2}, {'single': 2}]","[{'id': '36771', 'number': '1', 'min_age': '1', 'max_age': '5', 'is_extra_bed': '0', 'extra_bed_type_id': '0'}]","[{'id': 246932, 'capacity': 1, 'prepayment': 'FIRST', 'nonrefundable': 0, 'cancellation_period': 1, 'cancellation_fee': 'FIRST', 'breakfast': 0, 'base_price': 3800, 'prices': [3800], 'price': 3800, 'old_price': 3800, 'currency': 'RUB', 'payment_amount': 3800, 'extras_variants': [], 'extras': {'36771': {'id': 36771, 'number': 1, 'extra_bed_type_id': 0, 'age': [1, 5], 'extra_bed': 0, 'free': 1}}, 'rate_id': 116, 'deals': [], 'cancellation_type': 'special', 'credit_card': 1, 'bonus': 190, 'miles': 228, 'min_stay': 1, 'platichastyami': 0, 'mircashback': 380}, {'id': 1051936, 'capacity': 1, 'prepayment': 'FIRST', 'nonrefundable': 0, 'cancellation_period': 1, 'cancellation_fee': 'FIRST', 'breakfast': 1, 'base_price': 4700, 'prices': [4700], 'price': 4700, 'old_price': 4700, 'currency': 'RUB', 'payment_amount': 4700, 'extras_variants': [], 'extras': {'36771': {'id': 36771, 'number': 1, 'extra_bed_type_id': 0, 'age': [1, 5], 'extra_bed': 0, 'free': 1}}, 'rate_id': 51374, 'deals': [], 'cancellation_type': 'special', 'credit_card': 1, 'bonus': 235, 'miles': 282, 'min_stay': 1, 'platichastyami': 0, 'mircashback': 470}, {'id': 246933, 'capacity': 2, 'prepayment': 'FIRST', 'nonrefundable': 0, 'cancellation_period': 1, 'cancellation_fee': 'FIRST', 'breakfast': 0, 'base_price': 3800, 'prices': [3800], 'price': 3800, 'old_price': 3800, 'currency': 'RUB', 'payment_amount': 3800, 'extras_variants': [], 'extras': {'36771': {'id': 36771, 'number': 1, 'extra_bed_type_id': 0, 'age': [1, 5], 'extra_bed': 0, 'free': 1}}, 'rate_id': 116, 'deals': [], 'cancellation_type': 'special', 'credit_card': 1, 'bonus': 190, 'miles': 228, 'min_stay': 1, 'platichastyami': 0, 'mircashback': 380}, {'id': 1051937, 'capacity': 2, 'prepayment': 'FIRST', 'nonrefundable': 0, 'cancellation_period': 1, 'cancellation_fee': 'FIRST', 'breakfast': 1, 'base_price': 4700, 'prices': [4700], 'price': 4700, 'old_price': 4700, 'currency': 'RUB', 'payment_amount': 4700, 'extras_variants': [], 'extras': {'36771': {'id': 36771, 'number': 1, 'extra_bed_type_id': 0, 'age': [1, 5], 'extra_bed': 0, 'free': 1}}, 'rate_id': 51374, 'deals': [], 'cancellation_type': 'special', 'credit_card': 1, 'bonus': 235, 'miles': 282, 'min_stay': 1, 'platichastyami': 0, 'mircashback': 470}]",3800.0,228,4398_101hotels,2026-07-31
5764,,Стандарт,1,0,0,1,Одноместный,1,1,[{'single': 1}],[],"[{'id': 693958, 'capacity': 1, 'prepayment': 'NO', 'nonrefundable': 0, 'cancellation_period': 0, 'cancellation_fee': 'NO', 'breakfast': 0, 'base_price': 5600, 'prices': [5600], 'price': 5600, 'old_price': 0, 'currency': 'RUB', 'payment_amount': 0, 'extras_variants': [], 'extras': [], 'rate_id': 27942, 'deals': [], 'cancellation_type': 'free', 'credit_card': 0, 'bonus': 280, 'miles': 336, 'min_stay': 1, 'platichastyami': 0, 'mircashback': 560}, {'id': 693905, 'capacity': 1, 'prepayment': 'NO', 'nonrefundable': 0, 'cancellation_period': 0, 'cancellation_fee': 'NO', 'breakfast': 1, 'base_price': 6100, 'prices': [6100], 'price': 6100, 'old_price': 0, 'currency': 'RUB', 'payment_amount': 0, 'extras_variants': [], 'extras': [], 'rate_id': 27939, 'deals': [], 'cancellation_type': 'free', 'credit_card': 0, 'bonus': 305, 'miles': 366, 'min_stay': 1, 'platichastyami': 0, 'mircashback': 610}, {'id': 693941, 'capacity': 1, 'prepayment': 'NO', 'nonrefundable': 0, 'cancellation_period': 0, 'cancellation_fee': 'NO', 'breakfast': 2, 'base_price': 7400, 'prices': [7400], 'price': 7400, 'old_price': 0, 'currency': 'RUB', 'payment_amount': 0, 'extras_variants': [], 'extras': [], 'rate_id': 27941, 'deals': [], 'cancellation_type': 'free', 'credit_card': 0, 'bonus': 370, 'miles': 444, 'min_stay': 1, 'platichastyami': 0, 'mircashback': 740}, {'id': '693958P', 'capacity': 1, 'prepayment': 'FULL', 'nonrefundable': 0, 'cancellation_period': 0, 'cancellation_fee': 'NO', 'breakfast': 0, 'base_price': 5600, 'prices': [5600], 'price': 5600, 'old_price': 0, 'currency': 'RUB', 'payment_amount': 5600, 'extras_variants': [], 'extras': [], 'rate_id': 27942, 'deals': [], 'cancellation_type': 'free', 'credit_card': 0, 'bonus': 280, 'miles': 336, 'min_stay': 1, 'platichastyami': 0, 'mircashback': 560}, {'id': '693905P', 'capacity': 1, 'prepayment': 'FULL', 'nonrefundable': 0, 'cancellation_period': 0, 'cancellation_fee': 'NO', 'breakfast': 1, 'base_price': 6100, 'prices': [6100], 'price': 6100, 'old_price': 0, 'currency': 'RUB', 'payment_amount': 6100, 'extras_variants': [], 'extras': [], 'rate_id': 27939, 'deals': [], 'cancellation_type': 'free', 'credit_card': 0, 'bonus': 305, 'miles': 366, 'min_stay': 1, 'platichastyami': 0, 'mircashback': 610}, {'id': '693941P', 'capacity': 1, 'prepayment': 'FULL', 'nonrefundable': 0, 'cancellation_period': 0, 'cancellation_fee': 'NO', 'breakfast': 2, 'base_price': 7400, 'prices': [7400], 'price': 7400, 'old_price': 0, 'currency': 'RUB', 'payment_amount': 7400, 'extras_variants': [], 'extras': [], 'rate_id': 27941, 'deals': [], 'cancellation_type': 'free', 'credit_card': 0, 'bonus': 370, 'miles': 444, 'min_stay': 1, 'platichastyami': 0, 'mircashback': 740}]",5600.0,336,226_101hotels,2026-07-31
5766,,Стандарт,2,0,0,1,Двухместный,2,4,"[{'single': 2}, {'double': 1}]",[],"[{'id': 693962, 'capacity': 1, 'prepayment': 'NO', 'nonrefundable': 0, 'cancellation_period': 0, 'cancellation_fee': 'NO', 'breakfast': 0, 'base_price': 6400, 'prices': [6400], 'price': 6400, 'old_price': 0, 'currency': 'RUB', 'payment_amount': 0, 'extras_variants': [], 'extras': [], 'rate_id': 27942, 'deals': [], 'cancellation_type': 'free', 'credit_card': 0, 'bonus': 320, 'miles': 384, 'min_stay': 1, 'platichastyami': 0, 'mircashback': 640}, {'id': 693909, 'capacity': 1, 'prepayment': 'NO', 'nonrefundable': 0, 'cancellation_period': 0, 'cancellation_fee': 'NO', 'breakfast': 1, 'base_price': 6900, 'prices': [6900], 'price': 6900, 'old_price': 0, 'currency': 'RUB', 'payment_amount': 0, 'extras_variants': [], 'extras': [], 'rate_id': 27939, 'deals': [], 'cancellation_type': 'free', 'credit_card': 0, 'bonus': 345, 'miles': 414, 'min_stay': 1, 'platichastyami': 0, 'mircashback': 690}, {'id': 693945, 'capacity': 1, 'prepayment': 'NO', 'nonrefundable': 0, 'cancellation_period': 0, 'cancellation_fee': 'NO', 'breakfast': 2, 'base_price': 8200, 'prices': [8200], 'price': 8200, 'old_price': 0, 'currency': 'RUB', 'payment_amount': 0, 'extras_variants': [], 'extras': [], 'rate_id': 27941, 'deals': [], 'cancellation_type': 'free', 'credit_card': 0, 'bonus': 410, 'miles': 492, 'min_stay': 1, 'platichastyami': 0, 'mircashback': 820}, {'id': 693963, 'capacity': 2, 'prepayment': 'NO', 'nonrefundable': 0, 'cancellation_period': 0, 'cancellation_fee': 'NO', 'breakfast': 0, 'base_price': 7600, 'prices': [7600], 'price': 7600, 'old_price': 0, 'currency': 'RUB', 'payment_amount': 0, 'extras_variants': [], 'extras': [], 'rate_id': 27942, 'deals': [], 'cancellation_type': 'free', 'credit_card': 0, 'bonus': 380, 'miles': 456, 'min_stay': 1, 'platichastyami': 0, 'mircashback': 760}, {'id': 693910, 'capacity': 2, 'prepayment': 'NO', 'nonrefundable': 0, 'cancellation_period': 0, 'cancellation_fee': 'NO', 'breakfast': 1, 'base_price': 8100, 'prices': [8100], 'price': 8100, 'old_price': 0, 'currency': 'RUB', 'payment_amount': 0, 'extras_variants': [], 'extras': [], 'rate_id': 27939, 'deals': [], 'cancellation_type': 'free', 'credit_card': 0, 'bonus': 405, 'miles': 486, 'min_stay': 1, 'platichastyami': 0, 'mircashback': 810}, {'id': 693946, 'capacity': 2, 'prepayment': 'NO', 'nonrefundable': 0, 'cancellation_period': 0, 'cancellation_fee': 'NO', 'breakfast': 2, 'base_price': 9400, 'prices': [9400], 'price': 9400, 'old_price': 0, 'currency': 'RUB', 'payment_amount': 0, 'extras_variants': [], 'extras': [], 'rate_id': 27941, 'deals': [], 'cancellation_type': 'free', 'credit_card': 0, 'bonus': 470, 'miles': 564, 'min_stay': 1, 'platichastyami': 0, 'mircashback': 940}, {'id': '693962P', 'capacity': 1, 'prepayment': 'FULL', 'nonrefundable': 0, 'cancellation_period': 0, 'cancellation_fee': 'NO', 'breakfast': 0, 'base_price': 6400, 'prices': [6400], 'price': 6400, 'old_price': 0, 'currency': 'RUB', 'payment_amount': 6400, 'extras_variants': [], 'extras': [], 'rate_id': 27942, 'deals': [], 'cancellation_type': 'free', 'credit_card': 0, 'bonus': 320, 'miles': 384, 'min_stay': 1, 'platichastyami': 0, 'mircashback': 640}, {'id': '693909P', 'capacity': 1, 'prepayment': 'FULL', 'nonrefundable': 0, 'cancellation_period': 0, 'cancellation_fee': 'NO', 'breakfast': 1, 'base_price': 6900, 'prices': [6900], 'price': 6900, 'old_price': 0, 'currency': 'RUB', 'payment_amount': 6900, 'extras_variants': [], 'extras': [], 'rate_id': 27939, 'deals': [], 'cancellation_type': 'free', 'credit_card': 0, 'bonus': 345, 'miles': 414, 'min_stay': 1, 'platichastyami': 0, 'mircashback': 690}, {'id': '693945P', 'capacity': 1, 'prepayment': 'FULL', 'nonrefundable': 0, 'cancellation_period': 0, 'cancellation_fee': 'NO', 'breakfast': 2, 'base_price': 8200, 'prices': [8200], 'price': 8200, 'old_price': 0, 'currency': 'RUB', 'payment_amount': 8200, 'extras_variants': [], 'extras': [], 'rate_id': 27941, 'deals': [], 'cancellation_type': 'free', 'credit_card': 0, 'bonus': 410, 'miles': 492, 'min_stay': 1, 'platichastyami': 0, 'mircashback': 820}, {'id': '693963P', 'capacity': 2, 'prepayment': 'FULL', 'nonrefundable': 0, 'cancellation_period': 0, 'cancellation_fee': 'NO', 'breakfast': 0, 'base_price': 7600, 'prices': [7600], 'price': 7600, 'old_price': 0, 'currency': 'RUB', 'payment_amount': 7600, 'extras_variants': [], 'extras': [], 'rate_id': 27942, 'deals': [], 'cancellation_type': 'free', 'credit_card': 0, 'bonus': 380, 'miles': 456, 'min_stay': 1, 'platichastyami': 0, 'mircashback': 760}, {'id': '693910P', 'capacity': 2, 'prepayment': 'FULL', 'nonrefundable': 0, 'cancellation_period': 0, 'cancellation_fee': 'NO', 'breakfast': 1, 'base_price': 8100, 'prices': [8100], 'price': 8100, 'old_price': 0, 'currency': 'RUB', 'payment_amount': 8100, 'extras_variants': [], 'extras': [], 'rate_id': 27939, 'deals': [], 'cancellation_type': 'free', 'credit_card': 0, 'bonus': 405, 'miles': 486, 'min_stay': 1, 'platichastyami': 0, 'mircashback': 810}, {'id': '693946P', 'capacity': 2, 'prepayment': 'FULL', 'nonrefundable': 0, 'cancellation_period': 0, 'cancellation_fee': 'NO', 'breakfast': 2, 'base_price': 9400, 'prices': [9400], 'price': 9400, 'old_price': 0, 'currency': 'RUB', 'payment_amount': 9400, 'extras_variants': [], 'extras': [], 'rate_id': 27941, 'deals': [], 'cancellation_type': 'free', 'credit_card': 0, 'bonus': 470, 'miles': 564, 'min_stay': 1, 'platichastyami': 0, 'mircashback': 940}]",6400.0,384,226_101hotels,2026-07-31
5767,,Комфорт Классик,2,1,0,1,Полулюкс,4,1,[{'double': 1}],[],"[{'id': 693966, 'capacity': 1, 'prepayment': 'NO', 'nonrefundable': 0, 'cancellation_period': 0, 'cancellation_fee': 'NO', 'breakfast': 0, 'base_price': 10700, 'prices': [10700], 'price': 10700, 'old_price': 0, 'currency': 'RUB', 'payment_amount': 0, 'extras_variants': [], 'extras': [], 'rate_id': 27942, 'deals': [], 'cancellation_type': 'free', 'credit_card': 0, 'bonus': 535, 'miles': 642, 'min_stay': 1, 'platichastyami': 0, 'mircashback': 1070}, {'id': 693913, 'capacity': 1, 'prepayment': 'NO', 'nonrefundable': 0, 'cancellation_period': 0, 'cancellation_fee': 'NO', 'breakfast': 1, 'base_price': 11200, 'prices': [11200], 'price': 11200, 'old_price': 0, 'currency': 'RUB', 'payment_amount': 0, 'extras_variants': [], 'extras': [], 'rate_id': 27939, 'deals': [], 'cancellation_type': 'free', 'credit_card': 0, 'bonus': 560, 'miles': 672, 'min_stay': 1, 'platichastyami': 0, 'mircashback': 1120}, {'id': 693949, 'capacity': 1, 'prepayment': 'NO', 'nonrefundable': 0, 'cancellation_period': 0, 'cancellation_fee': 'NO', 'breakfast': 2, 'base_price': 12500, 'prices': [12500], 'price': 12500, 'old_price': 0, 'currency': 'RUB', 'payment_amount': 0, 'extras_variants': [], 'extras': [], 'rate_id': 27941, 'deals': [], 'cancellation_type': 'free', 'credit_card': 0, 'bonus': 625, 'miles': 750, 'min_stay': 1, 'platichastyami': 0, 'mircashback': 1250}, {'id': 693967, 'capacity': 2, 'prepayment': 'NO', 'nonrefundable': 0, 'cancellation_period': 0, 'cancellation_fee': 'NO', 'breakfast': 0, 'base_price': 10700, 'prices': [10700], 'price': 10700, 'old_price': 0, 'currency': 'RUB', 'payment_amount': 0, 'extras_variants': [], 'extras': [], 'rate_id': 27942, 'deals': [], 'cancellation_type': 'free', 'credit_card': 0, 'bonus': 535, 'miles': 642, 'min_stay': 1, 'platichastyami': 0, 'mircashback': 1070}, {'id': 693914, 'capacity': 2, 'prepayment': 'NO', 'nonrefundable': 0, 'cancellation_period': 0, 'cancellation_fee': 'NO', 'breakfast': 1, 'base_price': 11200, 'prices': [11200], 'price': 11200, 'old_price': 0, 'currency': 'RUB', 'payment_amount': 0, 'extras_variants': [], 'extras': [], 'rate_id': 27939, 'deals': [], 'cancellation_type': 'free', 'credit_card': 0, 'bonus': 560, 'miles': 672, 'min_stay': 1, 'platichastyami': 0, 'mircashback': 1120}, {'id': 693950, 'capacity': 2, 'prepayment': 'NO', 'nonrefundable': 0, 'cancellation_period': 0, 'cancellation_fee': 'NO', 'breakfast': 2, 'base_price': 12500, 'prices': [12500], 'price': 12500, 'old_price': 0, 'currency': 'RUB', 'payment_amount': 0, 'extras_variants': [], 'extras': [], 'rate_id': 27941, 'deals': [], 'cancellation_type': 'free', 'credit_card': 0, 'bonus': 625, 'miles': 750, 'min_stay': 1, 'platichastyami': 0, 'mircashback': 1250}, {'id': '693966P', 'capacity': 1, 'prepayment': 'FULL', 'nonrefundable': 0, 'cancellation_period': 0, 'cancellation_fee': 'NO', 'breakfast': 0, 'base_price': 10700, 'prices': [10700], 'price': 10700, 'old_price': 0, 'currency': 'RUB', 'payment_amount': 10700, 'extras_variants': [], 'extras': [], 'rate_id': 27942, 'deals': [], 'cancellation_type': 'free', 'credit_card': 0, 'bonus': 535, 'miles': 642, 'min_stay': 1, 'platichastyami': 0, 'mircashback': 1070}, {'id': '693913P', 'capacity': 1, 'prepayment': 'FULL', 'nonrefundable': 0, 'cancellation_period': 0, 'cancellation_fee': 'NO', 'breakfast': 1, 'base_price': 11200, 'prices': [11200], 'price': 11200, 'old_price': 0, 'currency': 'RUB', 'payment_amount': 11200, 'extras_variants': [], 'extras': [], 'rate_id': 27939, 'deals': [], 'cancellation_type': 'free', 'credit_card': 0, 'bonus': 560, 'miles': 672, 'min_stay': 1, 'platichastyami': 0, 'mircashback': 1120}, {'id': '693949P', 'capacity': 1, 'prepayment': 'FULL', 'nonrefundable': 0, 'cancellation_period': 0, 'cancellation_fee': 'NO', 'breakfast': 2, 'base_price': 12500, 'prices': [12500], 'price': 12500, 'old_price': 0, 'currency': 'RUB', 'payment_amount': 12500, 'extras_variants': [], 'extras': [], 'rate_id': 27941, 'deals': [], 'cancellation_type': 'free', 'credit_card': 0, 'bonus': 625, 'miles': 750, 'min_stay': 1, 'platichastyami': 0, 'mircashback': 1250}, {'id': '693967P', 'capacity': 2, 'prepayment': 'FULL', 'nonrefundable': 0, 'cancellation_period': 0, 'cancellation_fee': 'NO', 'breakfast': 0, 'base_price': 10700, 'prices': [10700], 'price': 10700, 'old_price': 0, 'currency': 'RUB', 'payment_amount': 10700, 'extras_variants': [], 'extras': [], 'rate_id': 27942, 'deals': [], 'cancellation_type': 'free', 'credit_card': 0, 'bonus': 535, 'miles': 642, 'min_stay': 1, 'platichastyami': 0, 'mircashback': 1070}, {'id': '693914P', 'capacity': 2, 'prepayment': 'FULL', 'nonrefundable': 0, 'cancellation_period': 0, 'cancellation_fee': 'NO', 'breakfast': 1, 'base_price': 11200, 'prices': [11200], 'price': 11200, 'old_price': 0, 'currency': 'RUB', 'payment_amount': 11200, 'extras_variants': [], 'extras': [], 'rate_id': 27939, 'deals': [], 'cancellation_type': 'free', 'credit_card': 0, 'bonus': 560, 'miles': 672, 'min_stay': 1, 'platichastyami': 0, 'mircashback': 1120}, {'id': '693950P', 'capacity': 2, 'prepayment': 'FULL', 'nonrefundable': 0, 'cancellation_period': 0, 'cancellation_fee': 'NO', 'breakfast': 2, 'base_price': 12500, 'prices': [12500], 'price': 12500, 'old_price': 0, 'currency': 'RUB', 'payment_amount': 12500, 'extras_variants': [], 'extras': [], 'rate_id': 27941, 'deals': [], 'cancellation_type': 'free', 'credit_card': 0, 'bonus': 625, 'miles': 750, 'min_stay': 1, 'platichastyami': 0, 'mircashback': 1250}]",10700.0,642,226_101hotels,2026-07-31
5769,,Бизнес,2,1,0,1,Полулюкс,4,1,"[{'double': 1}, {'single': 2}]",[],"[{'id': 693968, 'capacity': 1, 'prepayment': 'NO', 'nonrefundable': 0, 'cancellation_period': 0, 'cancellation_fee': 'NO', 'breakfast': 0, 'base_price': 7500, 'prices': [7500], 'price': 7500, 'old_price': 0, 'currency': 'RUB', 'payment_amount': 0, 'extras_variants': [], 'extras': [], 'rate_id': 27942, 'deals': [], 'cancellation_type': 'free', 'credit_card': 0, 'bonus': 375, 'miles': 450, 'min_stay': 1, 'platichastyami': 0, 'mircashback': 750}, {'id': 693915, 'capacity': 1, 'prepayment': 'NO', 'nonrefundable': 0, 'cancellation_period': 0, 'cancellation_fee': 'NO', 'breakfast': 1, 'base_price': 8000, 'prices': [8000], 'price': 8000, 'old_price': 0, 'currency': 'RUB', 'payment_amount': 0, 'extras_variants': [], 'extras': [], 'rate_id': 27939, 'deals': [], 'cancellation_type': 'free', 'credit_card': 0, 'bonus': 400, 'miles': 480, 'min_stay': 1, 'platichastyami': 0, 'mircashback': 800}, {'id': 693951, 'capacity': 1, 'prepayment': 'NO', 'nonrefundable': 0, 'cancellation_period': 0, 'cancellation_fee': 'NO', 'breakfast': 2, 'base_price': 9300, 'prices': [9300], 'price': 9300, 'old_price': 0, 'currency': 'RUB', 'payment_amount': 0, 'extras_variants': [], 'extras': [], 'rate_id': 27941, 'deals': [], 'cancellation_type': 'free', 'credit_card': 0, 'bonus': 465, 'miles': 558, 'min_stay': 1, 'platichastyami': 0, 'mircashback': 930}, {'id': 693969, 'capacity': 2, 'prepayment': 'NO', 'nonrefundable': 0, 'cancellation_period': 0, 'cancellation_fee': 'NO', 'breakfast': 0, 'base_price': 8700, 'prices': [8700], 'price': 8700, 'old_price': 0, 'currency': 'RUB', 'payment_amount': 0, 'extras_variants': [], 'extras': [], 'rate_id': 27942, 'deals': [], 'cancellation_type': 'free', 'credit_card': 0, 'bonus': 435, 'miles': 522, 'min_stay': 1, 'platichastyami': 0, 'mircashback': 870}, {'id': 693916, 'capacity': 2, 'prepayment': 'NO', 'nonrefundable': 0, 'cancellation_period': 0, 'cancellation_fee': 'NO', 'breakfast': 1, 'base_price': 9200, 'prices': [9200], 'price': 9200, 'old_price': 0, 'currency': 'RUB', 'payment_amount': 0, 'extras_variants': [], 'extras': [], 'rate_id': 27939, 'deals': [], 'cancellation_type': 'free', 'credit_card': 0, 'bonus': 460, 'miles': 552, 'min_stay': 1, 'platichastyami': 0, 'mircashback': 920}, {'id': 693952, 'capacity': 2, 'prepayment': 'NO', 'nonrefundable': 0, 'cancellation_period': 0, 'cancellation_fee': 'NO', 'breakfast': 2, 'base_price': 10500, 'prices': [10500], 'price': 10500, 'old_price': 0, 'currency': 'RUB', 'payment_amount': 0, 'extras_variants': [], 'extras': [], 'rate_id': 27941, 'deals': [], 'cancellation_type': 'free', 'credit_card': 0, 'bonus': 525, 'miles': 630, 'min_stay': 1, 'platichastyami': 0, 'mircashback': 1050}, {'id': '693968P', 'capacity': 1, 'prepayment': 'FULL', 'nonrefundable': 0, 'cancellation_period': 0, 'cancellation_fee': 'NO', 'breakfast': 0, 'base_price': 7500, 'prices': [7500], 'price': 7500, 'old_price': 0, 'currency': 'RUB', 'payment_amount': 7500, 'extras_variants': [], 'extras': [], 'rate_id': 27942, 'deals': [], 'cancellation_type': 'free', 'credit_card': 0, 'bonus': 375, 'miles': 450, 'min_stay': 1, 'platichastyami': 0, 'mircashback': 750}, {'id': '693915P', 'capacity': 1, 'prepayment': 'FULL', 'nonrefundable': 0, 'cancellation_period': 0, 'cancellation_fee': 'NO', 'breakfast': 1, 'base_price': 8000, 'prices': [8000], 'price': 8000, 'old_price': 0, 'currency': 'RUB', 'payment_amount': 8000, 'extras_variants': [], 'extras': [], 'rate_id': 27939, 'deals': [], 'cancellation_type': 'free', 'credit_card': 0, 'bonus': 400, 'miles': 480, 'min_stay': 1, 'platichastyami': 0, 'mircashback': 800}, {'id': '693951P', 'capacity': 1, 'prepayment': 'FULL', 'nonrefundable': 0, 'cancellation_period': 0, 'cancellation_fee': 'NO', 'breakfast': 2, 'base_price': 9300, 'prices': [9300], 'price': 9300, 'old_price': 0, 'currency': 'RUB', 'payment_amount': 9300, 'extras_variants': [], 'extras': [], 'rate_id': 27941, 'deals': [], 'cancellation_type': 'free', 'credit_card': 0, 'bonus': 465, 'miles': 558, 'min_stay': 1, 'platichastyami': 0, 'mircashback': 930}, {'id': '693969P', 'capacity': 2, 'prepayment': 'FULL', 'nonrefundable': 0, 'cancellation_period': 0, 'cancellation_fee': 'NO', 'breakfast': 0, 'base_price': 8700, 'prices': [8700], 'price': 8700, 'old_price': 0, 'currency': 'RUB', 'payment_amount': 8700, 'extras_variants': [], 'extras': [], 'rate_id': 27942, 'deals': [], 'cancellation_type': 'free', 'credit_card': 0, 'bonus': 435, 'miles': 522, 'min_stay': 1, 'platichastyami': 0, 'mircashback': 870}, {'id': '693916P', 'capacity': 2, 'prepayment': 'FULL', 'nonrefundable': 0, 'cancellation_period': 0, 'cancellation_fee': 'NO', 'breakfast': 1, 'base_price': 9200, 'prices': [9200], 'price': 9200, 'old_price': 0, 'currency': 'RUB', 'payment_amount': 9200, 'extras_variants': [], 'extras': [], 'rate_id': 27939, 'deals': [], 'cancellation_type': 'free', 'credit_card': 0, 'bonus': 460, 'miles': 552, 'min_stay': 1, 'platichastyami': 0, 'mircashback': 920}, {'id': '693952P', 'capacity': 2, 'prepayment': 'FULL', 'nonrefundable': 0, 'cancellation_period': 0, 'cancellation_fee': 'NO', 'breakfast': 2, 'base_price': 10500, 'prices': [10500], 'price': 10500, 'old_price': 0, 'currency': 'RUB', 'payment_amount': 10500, 'extras_variants': [], 'extras': [], 'rate_id': 27941, 'deals': [], 'cancellation_type': 'free', 'credit_card': 0, 'bonus': 525, 'miles': 630, 'min_stay': 1, 'platichastyami': 0, 'mircashback': 1050}]",7500.0,450,226_101hotels,2026-07-31
5776,,Джуниор Сьют,2,1,0,1,Студио,5,3,"[{'double': 1, 'sofa': 1}]",[],"[{'id': 693971, 'capacity': 1, 'prepayment': 'NO', 'nonrefundable': 0, 'cancellation_period': 0, 'cancellation_fee': 'NO', 'breakfast': 0, 'base_price': 11700, 'prices': [11700], 'price': 11700, 'old_price': 0, 'currency': 'RUB', 'payment_amount': 0, 'extras_variants': [], 'extras': [], 'rate_id': 27942, 'deals': [], 'cancellation_type': 'free', 'credit_card': 0, 'bonus': 585, 'miles': 702, 'min_stay': 1, 'platichastyami': 0, 'mircashback': 1170}, {'id': 693918, 'capacity': 1, 'prepayment': 'NO', 'nonrefundable': 0, 'cancellation_period': 0, 'cancellation_fee': 'NO', 'breakfast': 1, 'base_price': 12200, 'prices': [12200], 'price': 12200, 'old_price': 0, 'currency': 'RUB', 'payment_amount': 0, 'extras_variants': [], 'extras': [], 'rate_id': 27939, 'deals': [], 'cancellation_type': 'free', 'credit_card': 0, 'bonus': 610, 'miles': 732, 'min_stay': 1, 'platichastyami': 0, 'mircashback': 1220}, {'id': 693954, 'capacity': 1, 'prepayment': 'NO', 'nonrefundable': 0, 'cancellation_period': 0, 'cancellation_fee': 'NO', 'breakfast': 2, 'base_price': 13500, 'prices': [13500], 'price': 13500, 'old_price': 0, 'currency': 'RUB', 'payment_amount': 0, 'extras_variants': [], 'extras': [], 'rate_id': 27941, 'deals': [], 'cancellation_type': 'free', 'credit_card': 0, 'bonus': 675, 'miles': 810, 'min_stay': 1, 'platichastyami': 0, 'mircashback': 1350}, {'id': 693972, 'capacity': 2, 'prepayment': 'NO', 'nonrefundable': 0, 'cancellation_period': 0, 'cancellation_fee': 'NO', 'breakfast': 0, 'base_price': 11700, 'prices': [11700], 'price': 11700, 'old_price': 0, 'currency': 'RUB', 'payment_amount': 0, 'extras_variants': [], 'extras': [], 'rate_id': 27942, 'deals': [], 'cancellation_type': 'free', 'credit_card': 0, 'bonus': 585, 'miles': 702, 'min_stay': 1, 'platichastyami': 0, 'mircashback': 1170}, {'id': 693919, 'capacity': 2, 'prepayment': 'NO', 'nonrefundable': 0, 'cancellation_period': 0, 'cancellation_fee': 'NO', 'breakfast': 1, 'base_price': 12200, 'prices': [12200], 'price': 12200, 'old_price': 0, 'currency': 'RUB', 'payment_amount': 0, 'extras_variants': [], 'extras': [], 'rate_id': 27939, 'deals': [], 'cancellation_type': 'free', 'credit_card': 0, 'bonus': 610, 'miles': 732, 'min_stay': 1, 'platichastyami': 0, 'mircashback': 1220}, {'id': 693955, 'capacity': 2, 'prepayment': 'NO', 'nonrefundable': 0, 'cancellation_period': 0, 'cancellation_fee': 'NO', 'breakfast': 2, 'base_price': 13500, 'prices': [13500], 'price': 13500, 'old_price': 0, 'currency': 'RUB', 'payment_amount': 0, 'extras_variants': [], 'extras': [], 'rate_id': 27941, 'deals': [], 'cancellation_type': 'free', 'credit_card': 0, 'bonus': 675, 'miles': 810, 'min_stay': 1, 'platichastyami': 0, 'mircashback': 1350}, {'id': '693971P', 'capacity': 1, 'prepayment': 'FULL', 'nonrefundable': 0, 'cancellation_period': 0, 'cancellation_fee': 'NO', 'breakfast': 0, 'base_price': 11700, 'prices': [11700], 'price': 11700, 'old_price': 0, 'currency': 'RUB', 'payment_amount': 11700, 'extras_variants': [], 'extras': [], 'rate_id': 27942, 'deals': [], 'cancellation_type': 'free', 'credit_card': 0, 'bonus': 585, 'miles': 702, 'min_stay': 1, 'platichastyami': 0, 'mircashback': 1170}, {'id': '693918P', 'capacity': 1, 'prepayment': 'FULL', 'nonrefundable': 0, 'cancellation_period': 0, 'cancellation_fee': 'NO', 'breakfast': 1, 'base_price': 12200, 'prices': [12200], 'price': 12200, 'old_price': 0, 'currency': 'RUB', 'payment_amount': 12200, 'extras_variants': [], 'extras': [], 'rate_id': 27939, 'deals': [], 'cancellation_type': 'free', 'credit_card': 0, 'bonus': 610, 'miles': 732, 'min_stay': 1, 'platichastyami': 0, 'mircashback': 1220}, {'id': '693954P', 'capacity': 1, 'prepayment': 'FULL', 'nonrefundable': 0, 'cancellation_period': 0, 'cancellation_fee': 'NO', 'breakfast': 2, 'base_price': 13500, 'prices': [13500], 'price': 13500, 'old_price': 0, 'currency': 'RUB', 'payment_amount': 13500, 'extras_variants': [], 'extras': [], 'rate_id': 27941, 'deals': [], 'cancellation_type': 'free', 'credit_card': 0, 'bonus': 675, 'miles': 810, 'min_stay': 1, 'platichastyami': 0, 'mircashback': 1350}, {'id': '693972P', 'capacity': 2, 'prepayment': 'FULL', 'nonrefundable': 0, 'cancellation_period': 0, 'cancellation_fee': 'NO', 'breakfast': 0, 'base_price': 11700, 'prices': [11700], 'price': 11700, 'old_price': 0, 'currency': 'RUB', 'payment_amount': 11700, 'extras_variants': [], 'extras': [], 'rate_id': 27942, 'deals': [], 'cancellation_type': 'free', 'credit_card': 0, 'bonus': 585, 'miles': 702, 'min_stay': 1, 'platichastyami': 0, 'mircashback': 1170}, {'id': '693919P', 'capacity': 2, 'prepayment': 'FULL', 'nonrefundable': 0, 'cancellation_period': 0, 'cancellation_fee': 'NO', 'breakfast': 1, 'base_price': 12200, 'prices': [12200], 'price': 12200, 'old_price': 0, 'currency': 'RUB', 'payment_amount': 12200, 'extras_variants': [], 'extras': [], 'rate_id': 27939, 'deals': [], 'cancellation_type': 'free', 'credit_card': 0, 'bonus': 610, 'miles': 732, 'min_stay': 1, 'platichastyami': 0, 'mircashback': 1220}, {'id': '693955P', 'capacity': 2, 'prepayment': 'FULL', 'nonrefundable': 0, 'cancellation_period': 0, 'cancellation_fee': 'NO', 'breakfast': 2, 'base_price': 13500, 'prices': [13500], 'price': 13500, 'old_price': 0, 'currency': 'RUB', 'payment_amount': 13500, 'extras_variants': [], 'extras': [], 'rate_id': 27941, 'deals': [], 'cancellation_type': 'free', 'credit_card': 0, 'bonus': 675, 'miles': 810, 'min_stay': 1, 'platichastyami': 0, 'mircashback': 1350}]",11700.0,702,226_101hotels,2026-07-31
2256764,,Улучшенный стандарт,1,0,0,1,Одноместный,1,1,[{'single': 1}],[],"[{'id': 693959, 'capacity': 1, 'prepayment': 'NO', 'nonrefundable': 0, 'cancellation_period': 0, 'cancellation_fee': 'NO', 'breakfast': 0, 'base_price': 7400, 'prices': [7400], 'price': 7400, 'old_price': 0, 'currency': 'RUB', 'payment_amount': 0, 'extras_variants': [], 'extras': [], 'rate_id': 27942, 'deals': [], 'cancellation_type': 'free', 'credit_card': 0, 'bonus': 370, 'miles': 444, 'min_stay': 1, 'platichastyami': 0, 'mircashback': 740}, {'id': 693906, 'capacity': 1, 'prepayment': 'NO', 'nonrefundable': 0, 'cancellation_period': 0, 'cancellation_fee': 'NO', 'breakfast': 1, 'base_price': 7900, 'prices': [7900], 'price': 7900, 'old_price': 0, 'currency': 'RUB', 'payment_amount': 0, 'extras_variants': [], 'extras': [], 'rate_id': 27939, 'deals': [], 'cancellation_type': 'free', 'credit_card': 0, 'bonus': 395, 'miles': 474, 'min_stay': 1, 'platichastyami': 0, 'mircashback': 790}, {'id': 693942, 'capacity': 1, 'prepayment': 'NO', 'nonrefundable': 0, 'cancellation_period': 0, 'cancellation_fee': 'NO', 'breakfast': 2, 'base_price': 9200, 'prices': [9200], 'price': 9200, 'old_price': 0, 'currency': 'RUB', 'payment_amount': 0, 'extras_variants': [], 'extras': [], 'rate_id': 27941, 'deals': [], 'cancellation_type': 'free', 'credit_card': 0, 'bonus': 460, 'miles': 552, 'min_stay': 1, 'platichastyami': 0, 'mircashback': 920}, {'id': '693959P', 'capacity': 1, 'prepayment': 'FULL', 'nonrefundable': 0, 'cancellation_period': 0, 'cancellation_fee': 'NO', 'breakfast': 0, 'base_price': 7400, 'prices': [7400], 'price': 7400, 'old_price': 0, 'currency': 'RUB', 'payment_amount': 7400, 'extras_variants': [], 'extras': [], 'rate_id': 27942, 'deals': [], 'cancellation_type': 'free', 'credit_card': 0, 'bonus': 370, 'miles': 444, 'min_stay': 1, 'platichastyami': 0, 'mircashback': 740}, {'id': '693906P', 'capacity': 1, 'prepayment': 'FULL', 'nonrefundable': 0, 'cancellation_period': 0, 'cancellation_fee': 'NO', 'breakfast': 1, 'base_price': 7900, 'prices': [7900], 'price': 7900, 'old_price': 0, 'currency': 'RUB', 'payment_amount': 7900, 'extras_variants': [], 'extras': [], 'rate_id': 27939, 'deals': [], 'cancellation_type': 'free', 'credit_card': 0, 'bonus': 395, 'miles': 474, 'min_stay': 1, 'platichastyami': 0, 'mircashback': 790}, {'id': '693942P', 'capacity': 1, 'prepayment': 'FULL', 'nonrefundable': 0, 'cancellation_period': 0, 'cancellation_fee': 'NO', 'breakfast': 2, 'base_price': 9200, 'prices': [9200], 'price': 9200, 'old_price': 0, 'currency': 'RUB', 'payment_amount': 9200, 'extras_variants': [], 'extras': [], 'rate_id': 27941, 'deals': [], 'cancellation_type': 'free', 'credit_card': 0, 'bonus': 460, 'miles': 552, 'min_stay': 1, 'platichastyami': 0, 'mircashback': 920}]",7400.0,444,226_101hotels,2026-07-31
2303089,,Комфорт Модерн,2,1,0,1,Полулюкс,4,1,"[{'single': 2, 's-sofa': 1}, {'double': 1, 's-sofa': 1}]",[],"[{'id': 1063389, 'capacity': 1, 'prepayment': 'NO', 'nonrefundable': 0, 'cancellation_period': 0, 'cancellation_fee': 'NO', 'breakfast': 0, 'base_price': 13000, 'prices': [13000], 'price': 13000, 'old_price': 0, 'currency': 'RUB', 'payment_amount': 0, 'extras_variants': [], 'extras': [], 'rate_id': 27942, 'deals': [], 'cancellation_type': 'free', 'credit_card': 0, 'bonus': 650, 'miles': 780, 'min_stay': 1, 'platichastyami': 0, 'mircashback': 1300}, {'id': 1063387, 'capacity': 1, 'prepayment': 'NO', 'nonrefundable': 0, 'cancellation_period': 0, 'cancellation_fee': 'NO', 'breakfast': 1, 'base_price': 13500, 'prices': [13500], 'price': 13500, 'old_price': 0, 'currency': 'RUB', 'payment_amount': 0, 'extras_variants': [], 'extras': [], 'rate_id': 27939, 'deals': [], 'cancellation_type': 'free', 'credit_card': 0, 'bonus': 675, 'miles': 810, 'min_stay': 1, 'platichastyami': 0, 'mircashback': 1350}, {'id': 1063391, 'capacity': 1, 'prepayment': 'NO', 'nonrefundable': 0, 'cancellation_period': 0, 'cancellation_fee': 'NO', 'breakfast': 2, 'base_price': 14800, 'prices': [14800], 'price': 14800, 'old_price': 0, 'currency': 'RUB', 'payment_amount': 0, 'extras_variants': [], 'extras': [], 'rate_id': 27941, 'deals': [], 'cancellation_type': 'free', 'credit_card': 0, 'bonus': 740, 'miles': 888, 'min_stay': 1, 'platichastyami': 0, 'mircashback': 1480}, {'id': 1063390, 'capacity': 2, 'prepayment': 'NO', 'nonrefundable': 0, 'cancellation_period': 0, 'cancellation_fee': 'NO', 'breakfast': 0, 'base_price': 13000, 'prices': [13000], 'price': 13000, 'old_price': 0, 'currency': 'RUB', 'payment_amount': 0, 'extras_variants': [], 'extras': [], 'rate_id': 27942, 'deals': [], 'cancellation_type': 'free', 'credit_card': 0, 'bonus': 650, 'miles': 780, 'min_stay': 1, 'platichastyami': 0, 'mircashback': 1300}, {'id': 1063388, 'capacity': 2, 'prepayment': 'NO', 'nonrefundable': 0, 'cancellation_period': 0, 'cancellation_fee': 'NO', 'breakfast': 1, 'base_price': 13500, 'prices': [13500], 'price': 13500, 'old_price': 0, 'currency': 'RUB', 'payment_amount': 0, 'extras_variants': [], 'extras': [], 'rate_id': 27939, 'deals': [], 'cancellation_type': 'free', 'credit_card': 0, 'bonus': 675, 'miles': 810, 'min_stay': 1, 'platichastyami': 0, 'mircashback': 1350}, {'id': 1063392, 'capacity': 2, 'prepayment': 'NO', 'nonrefundable': 0, 'cancellation_period': 0, 'cancellation_fee': 'NO', 'breakfast': 2, 'base_price': 14800, 'prices': [14800], 'price': 14800, 'old_price': 0, 'currency': 'RUB', 'payment_amount': 0, 'extras_variants': [], 'extras': [], 'rate_id': 27941, 'deals': [], 'cancellation_type': 'free', 'credit_card': 0, 'bonus': 740, 'miles': 888, 'min_stay': 1, 'platichastyami': 0, 'mircashback': 1480}, {'id': '1063389P', 'capacity': 1, 'prepayment': 'FULL', 'nonrefundable': 0, 'cancellation_period': 0, 'cancellation_fee': 'NO', 'breakfast': 0, 'base_price': 13000, 'prices': [13000], 'price': 13000, 'old_price': 0, 'currency': 'RUB', 'payment_amount': 13000, 'extras_variants': [], 'extras': [], 'rate_id': 27942, 'deals': [], 'cancellation_type': 'free', 'credit_card': 0, 'bonus': 650, 'miles': 780, 'min_stay': 1, 'platichastyami': 0, 'mircashback': 1300}, {'id': '1063387P', 'capacity': 1, 'prepayment': 'FULL', 'nonrefundable': 0, 'cancellation_period': 0, 'cancellation_fee': 'NO', 'breakfast': 1, 'base_price': 13500, 'prices': [13500], 'price': 13500, 'old_price': 0, 'currency': 'RUB', 'payment_amount': 13500, 'extras_variants': [], 'extras': [], 'rate_id': 27939, 'deals': [], 'cancellation_type': 'free', 'credit_card': 0, 'bonus': 675, 'miles': 810, 'min_stay': 1, 'platichastyami': 0, 'mircashback': 1350}, {'id': '1063391P', 'capacity': 1, 'prepayment': 'FULL', 'nonrefundable': 0, 'cancellation_period': 0, 'cancellation_fee': 'NO', 'breakfast': 2, 'base_price': 14800, 'prices': [14800], 'price': 14800, 'old_price': 0, 'currency': 'RUB', 'payment_amount': 14800, 'extras_variants': [], 'extras': [], 'rate_id': 27941, 'deals': [], 'cancellation_type': 'free', 'credit_card': 0, 'bonus': 740, 'miles': 888, 'min_stay': 1, 'platichastyami': 0, 'mircashback': 1480}, {'id': '1063390P', 'capacity': 2, 'prepayment': 'FULL', 'nonrefundable': 0, 'cancellation_period': 0, 'cancellation_fee': 'NO', 'breakfast': 0, 'base_price': 13000, 'prices': [13000], 'price': 13000, 'old_price': 0, 'currency': 'RUB', 'payment_amount': 13000, 'extras_variants': [], 'extras': [], 'rate_id': 27942, 'deals': [], 'cancellation_type': 'free', 'credit_card': 0, 'bonus': 650, 'miles': 780, 'min_stay': 1, 'platichastyami': 0, 'mircashback': 1300}, {'id': '1063388P', 'capacity': 2, 'prepayment': 'FULL', 'nonrefundable': 0, 'cancellation_period': 0, 'cancellation_fee': 'NO', 'breakfast': 1, 'base_price': 13500, 'prices': [13500], 'price': 13500, 'old_price': 0, 'currency': 'RUB', 'payment_amount': 13500, 'extras_variants': [], 'extras': [], 'rate_id': 27939, 'deals': [], 'cancellation_type': 'free', 'credit_card': 0, 'bonus': 675, 'miles': 810, 'min_stay': 1, 'platichastyami': 0, 'mircashback': 1350}, {'id': '1063392P', 'capacity': 2, 'prepayment': 'FULL', 'nonrefundable': 0, 'cancellation_period': 0, 'cancellation_fee': 'NO', 'breakfast': 2, 'base_price': 14800, 'prices': [14800], 'price': 14800, 'old_price': 0, 'currency': 'RUB', 'payment_amount': 14800, 'extras_variants': [], 'extras': [], 'rate_id': 27941, 'deals': [], 'cancellation_type': 'free', 'credit_card': 0, 'bonus': 740, 'miles': 888, 'min_stay': 1, 'platichastyami': 0, 'mircashback': 1480}]",13000.0,780,226_101hotels,2026-07-31
48042,,Стандартный с 2 отдельными кроватями,2,0,0,1,Двухместный,2,23,[{'single': 2}],"[{'id': '49565', 'number': '1', 'min_age': '0', 'max_age': '5', 'is_extra_bed': '0', 'extra_bed_type_id': '0'}]","[{'id': 531634, 'capacity': 1, 'prepayment': 'FULL', 'nonrefundable': 0, 'cancellation_period': 0, 'cancellation_fee': 'NO', 'breakfast': 6, 'base_price': 5400, 'prices': [5400], 'price': 5400, 'old_price': 5400, 'currency': 'RUB', 'payment_amount': 5400, 'extras_variants': [], 'extras': {'49565': {'id': 49565, 'number': 1, 'extra_bed_type_id': 0, 'age': [0, 5], 'extra_bed': 0, 'free': 1}}, 'rate_id': 16365, 'deals': [], 'cancellation_type': 'free', 'credit_card': 1, 'bonus': 270, 'miles': 324, 'min_stay': 1, 'platichastyami': 0, 'mircashback': 540}, {'id': 531635, 'capacity': 2, 'prepayment': 'FULL', 'nonrefundable': 0, 'cancellation_period': 0, 'cancellation_fee': 'NO', 'breakfast': 6, 'base_price': 5400, 'prices': [5400], 'price': 5400, 'old_price': 5400, 'currency': 'RUB', 'payment_amount': 5400, 'extras_variants': [], 'extras': {'49565': {'id': 49565, 'number': 1, 'extra_bed_type_id': 0, 'age': [0, 5], 'extra_bed': 0, 'free': 1}}, 'rate_id': 16365, 'deals': [], 'cancellation_type': 'free', 'credit_card': 1, 'bonus': 270, 'miles': 324, 'min_stay': 1, 'platichastyami': 0, 'mircashback': 540}]",5400.0,324,2273_101hotels,2026-07-31
194848,,"Стандарт, Double",2,1,0,1,Двухместный,2,22,[{'double': 1}],[],"[{'id': 722611, 'capacity': 1, 'prepayment': 'NO', 'nonrefundable': 0, 'cancellation_period': 0, 'cancellation_fee': 'NO', 'breakfast': 1, 'base_price': 5600, 'prices': [5600], 'price': 5600, 'old_price': 0, 'currency': 'RUB', 'payment_amount': 0, 'extras_variants': [], 'extras': [], 'rate_id': 30319, 'deals': [], 'cancellation_type': 'free', 'credit_card': 0, 'bonus': 280, 'miles': 336, 'min_stay': 1, 'platichastyami': 0, 'mircashback': 560}, {'id': 722612, 'capacity': 2, 'prepayment': 'NO', 'nonrefundable': 0, 'cancellation_period': 0, 'cancellation_fee': 'NO', 'breakfast': 1, 'base_price': 5600, 'prices': [5600], 'price': 5600, 'old_price': 0, 'currency': 'RUB', 'payment_amount': 0, 'extras_variants': [], 'extras': [], 'rate_id': 30319, 'deals': [], 'cancellation_type': 'free', 'credit_card': 0, 'bonus': 280, 'miles': 336, 'min_stay': 1, 'platichastyami': 0, 'mircashback': 560}]",5600.0,336,48009_101hotels,2026-07-31
194860,,"Улучшенный, Double",2,1,0,1,Двухместный,2,14,[{'double': 1}],[],"[{'id': 722613, 'capacity': 1, 'prepayment': 'NO', 'nonrefundable': 0, 'cancellation_period': 0, 'cancellation_fee': 'NO', 'breakfast': 1, 'base_price': 6600, 'prices': [6600], 'price': 6600, 'old_price': 0, 'currency': 'RUB', 'payment_amount': 0, 'extras_variants': [], 'extras': [], 'rate_id': 30319, 'deals': [], 'cancellation_type': 'free', 'credit_card': 0, 'bonus': 330, 'miles': 396, 'min_stay': 1, 'platichastyami': 0, 'mircashback': 660}, {'id': 722614, 'capacity': 2, 'prepayment': 'NO', 'nonrefundable': 0, 'cancellation_period': 0, 'cancellation_fee': 'NO', 'breakfast': 1, 'base_price': 6600, 'prices': [6600], 'price': 6600, 'old_price': 0, 'currency': 'RUB', 'payment_amount': 0, 'extras_variants': [], 'extras': [], 'rate_id': 30319, 'deals': [], 'cancellation_type': 'free', 'credit_card': 0, 'bonus': 330, 'miles': 396, 'min_stay': 1, 'platichastyami': 0, 'mircashback': 660}]",6600.0,396,48009_101hotels,2026-07-31
194868,,Twin,2,1,0,1,Полулюкс,4,7,[{'single': 2}],[],"[{'id': 722619, 'capacity': 1, 'prepayment': 'NO', 'nonrefundable': 0, 'cancellation_period': 0, 'cancellation_fee': 'NO', 'breakfast': 1, 'base_price': 8200, 'prices': [8200], 'price': 8200, 'old_price': 0, 'currency': 'RUB', 'payment_amount': 0, 'extras_variants': [], 'extras': [], 'rate_id': 30319, 'deals': [], 'cancellation_type': 'free', 'credit_card': 0, 'bonus': 410, 'miles': 492, 'min_stay': 1, 'platichastyami': 0, 'mircashback': 820}, {'id': 722620, 'capacity': 2, 'prepayment': 'NO', 'nonrefundable': 0, 'cancellation_period': 0, 'cancellation_fee': 'NO', 'breakfast': 1, 'base_price': 8200, 'prices': [8200], 'price': 8200, 'old_price': 0, 'currency': 'RUB', 'payment_amount': 0, 'extras_variants': [], 'extras': [], 'rate_id': 30319, 'deals': [], 'cancellation_type': 'free', 'credit_card': 0, 'bonus': 410, 'miles': 492, 'min_stay': 1, 'platichastyami': 0, 'mircashback': 820}]",8200.0,492,48009_101hotels,2026-07-31
194876,,Double,2,1,0,1,Люкс,6,7,[{'double': 1}],[],"[{'id': 722623, 'capacity': 1, 'prepayment': 'NO', 'nonrefundable': 0, 'cancellation_period': 0, 'cancellation_fee': 'NO', 'breakfast': 1, 'base_price': 9300, 'prices': [9300], 'price': 9300, 'old_price': 0, 'currency': 'RUB', 'payment_amount': 0, 'extras_variants': [], 'extras': [], 'rate_id': 30319, 'deals': [], 'cancellation_type': 'free', 'credit_card': 0, 'bonus': 465, 'miles': 558, 'min_stay': 1, 'platichastyami': 0, 'mircashback': 930}, {'id': 722624, 'capacity': 2, 'prepayment': 'NO', 'nonrefundable': 0, 'cancellation_period': 0, 'cancellation_fee': 'NO', 'breakfast': 1, 'base_price': 9300, 'prices': [9300], 'price': 9300, 'old_price': 0, 'currency': 'RUB', 'payment_amount': 0, 'extras_variants': [], 'extras': [], 'rate_id': 30319, 'deals': [], 'cancellation_type': 'free', 'credit_card': 0, 'bonus': 465, 'miles': 558, 'min_stay': 1, 'platichastyami': 0, 'mircashback': 930}]",9300.0,558,48009_101hotels,2026-07-31
219796,,"Улучшенный, Twin",2,1,0,1,Двухместный,2,6,[{'single': 2}],[],"[{'id': 722615, 'capacity': 1, 'prepayment': 'NO', 'nonrefundable': 0, 'cancellation_period': 0, 'cancellation_fee': 'NO', 'breakfast': 1, 'base_price': 6600, 'prices': [6600], 'price': 6600, 'old_price': 0, 'currency': 'RUB', 'payment_amount': 0, 'extras_variants': [], 'extras': [], 'rate_id': 30319, 'deals': [], 'cancellation_type': 'free', 'credit_card': 0, 'bonus': 330, 'miles': 396, 'min_stay': 1, 'platichastyami': 0, 'mircashback': 660}, {'id': 722616, 'capacity': 2, 'prepayment': 'NO', 'nonrefundable': 0, 'cancellation_period': 0, 'cancellation_fee': 'NO', 'breakfast': 1, 'base_price': 6600, 'prices': [6600], 'price': 6600, 'old_price': 0, 'currency': 'RUB', 'payment_amount': 0, 'extras_variants': [], 'extras': [], 'rate_id': 30319, 'deals': [], 'cancellation_type': 'free', 'credit_card': 0, 'bonus': 330, 'miles': 396, 'min_stay': 1, 'platichastyami': 0, 'mircashback': 660}]",6600.0,396,48009_101hotels,2026-07-31
219915,,"Стандарт, Twin",2,1,0,1,Двухместный,2,13,[{'single': 2}],[],"[{'id': 722617, 'capacity': 1, 'prepayment': 'NO', 'nonrefundable': 0, 'cancellation_period': 0, 'cancellation_fee': 'NO', 'breakfast': 1, 'base_price': 5600, 'prices': [5600], 'price': 5600, 'old_price': 0, 'currency': 'RUB', 'payment_amount': 0, 'extras_variants': [], 'extras': [], 'rate_id': 30319, 'deals': [], 'cancellation_type': 'free', 'credit_card': 0, 'bonus': 280, 'miles': 336, 'min_stay': 1, 'platichastyami': 0, 'mircashback': 560}, {'id': 722618, 'capacity': 2, 'prepayment': 'NO', 'nonrefundable': 0, 'cancellation_period': 0, 'cancellation_fee': 'NO', 'breakfast': 1, 'base_price': 5600, 'prices': [5600], 'price': 5600, 'old_price': 0, 'currency': 'RUB', 'payment_amount': 0, 'extras_variants': [], 'extras': [], 'rate_id': 30319, 'deals': [], 'cancellation_type': 'free', 'credit_card': 0, 'bonus': 280, 'miles': 336, 'min_stay': 1, 'platichastyami': 0, 'mircashback': 560}]",5600.0,336,48009_101hotels,2026-07-31
1550129,,Twin,2,1,0,1,Люкс,6,4,[{'single': 2}],[],"[{'id': 722625, 'capacity': 1, 'prepayment': 'NO', 'nonrefundable': 0, 'cancellation_period': 0, 'cancellation_fee': 'NO', 'breakfast': 1, 'base_price': 9300, 'prices': [9300], 'price': 9300, 'old_price': 0, 'currency': 'RUB', 'payment_amount': 0, 'extras_variants': [], 'extras': [], 'rate_id': 30319, 'deals': [], 'cancellation_type': 'free', 'credit_card': 0, 'bonus': 465, 'miles': 558, 'min_stay': 1, 'platichastyami': 0, 'mircashback': 930}, {'id': 722626, 'capacity': 2, 'prepayment': 'NO', 'nonrefundable': 0, 'cancellation_period': 0, 'cancellation_fee': 'NO', 'breakfast': 1, 'base_price': 9300, 'prices': [9300], 'price': 9300, 'old_price': 0, 'currency': 'RUB', 'payment_amount': 0, 'extras_variants': [], 'extras': [], 'rate_id': 30319, 'deals': [], 'cancellation_type': 'free', 'credit_card': 0, 'bonus': 465, 'miles': 558, 'min_stay': 1, 'platichastyami': 0, 'mircashback': 930}]",9300.0,558,48009_101hotels,2026-07-31
1550130,,Double,2,1,0,1,Полулюкс,4,4,[{'double': 1}],[],"[{'id': 722621, 'capacity': 1, 'prepayment': 'NO', 'nonrefundable': 0, 'cancellation_period': 0, 'cancellation_fee': 'NO', 'breakfast': 1, 'base_price': 8200, 'prices': [8200], 'price': 8200, 'old_price': 0, 'currency': 'RUB', 'payment_amount': 0, 'extras_variants': [], 'extras': [], 'rate_id': 30319, 'deals': [], 'cancellation_type': 'free', 'credit_card': 0, 'bonus': 410, 'miles': 492, 'min_stay': 1, 'platichastyami': 0, 'mircashback': 820}, {'id': 722622, 'capacity': 2, 'prepayment': 'NO', 'nonrefundable': 0, 'cancellation_period': 0, 'cancellation_fee': 'NO', 'breakfast': 1, 'base_price': 8200, 'prices': [8200], 'price': 8200, 'old_price': 0, 'currency': 'RUB', 'payment_amount': 0, 'extras_variants': [], 'extras': [], 'rate_id': 30319, 'deals': [], 'cancellation_type': 'free', 'credit_card': 0, 'bonus': 410, 'miles': 492, 'min_stay': 1, 'platichastyami': 0, 'mircashback': 820}]",8200.0,492,48009_101hotels,2026-07-31
602834,,Стандарт с двумя раздельными кроватями,2,0,0,1,Двухместный,2,6,[{'single': 2}],[],"[{'id': 663182, 'capacity': 1, 'prepayment': 'FIRST', 'nonrefundable': 0, 'cancellation_period': 2, 'cancellation_fee': 'FIRST', 'breakfast': 0, 'base_price': 4420, 'prices': [4420], 'price': 4420, 'old_price': 0, 'currency': 'RUB', 'payment_amount': 4420, 'extras_variants': [], 'extras': [], 'rate_id': 25839, 'deals': [], 'cancellation_type': 'special', 'credit_card': 1, 'bonus': 221, 'miles': 264, 'min_stay': 1, 'platichastyami': 0, 'mircashback': 442}, {'id': 663183, 'capacity': 2, 'prepayment': 'FIRST', 'nonrefundable': 0, 'cancellation_period': 2, 'cancellation_fee': 'FIRST', 'breakfast': 0, 'base_price': 4420, 'prices': [4420], 'price': 4420, 'old_price': 0, 'currency': 'RUB', 'payment_amount': 4420, 'extras_variants': [], 'extras': [], 'rate_id': 25839, 'deals': [], 'cancellation_type': 'special', 'credit_card': 1, 'bonus': 221, 'miles': 264, 'min_stay': 1, 'platichastyami': 0, 'mircashback': 442}]",4420.0,264,189360_101hotels,2026-07-31
602836,,,3,0,0,1,Люкс,6,2,[{'double': 1}],[],"[{'id': 663187, 'capacity': 1, 'prepayment': 'FIRST', 'nonrefundable': 0, 'cancellation_period': 2, 'cancellation_fee': 'FIRST', 'breakfast': 0, 'base_price': 7680, 'prices': [7680], 'price': 7680, 'old_price': 0, 'currency': 'RUB', 'payment_amount': 7680, 'extras_variants': [], 'extras': [], 'rate_id': 25839, 'deals': [], 'cancellation_type': 'special', 'credit_card': 1, 'bonus': 384, 'miles': 459, 'min_stay': 1, 'platichastyami': 0, 'mircashback': 768}, {'id': 663188, 'capacity': 2, 'prepayment': 'FIRST', 'nonrefundable': 0, 'cancellation_period': 2, 'cancellation_fee': 'FIRST', 'breakfast': 0, 'base_price': 7680, 'prices': [7680], 'price': 7680, 'old_price': 0, 'currency': 'RUB', 'payment_amount': 7680, 'extras_variants': [], 'extras': [], 'rate_id': 25839, 'deals': [], 'cancellation_type': 'special', 'credit_card': 1, 'bonus': 384, 'miles': 459, 'min_stay': 1, 'platichastyami': 0, 'mircashback': 768}, {'id': 663189, 'capacity': 3, 'prepayment': 'FIRST', 'nonrefundable': 0, 'cancellation_period': 2, 'cancellation_fee': 'FIRST', 'breakfast': 0, 'base_price': 7680, 'prices': [7680], 'price': 7680, 'old_price': 0, 'currency': 'RUB', 'payment_amount': 7680, 'extras_variants': [], 'extras': [], 'rate_id': 25839, 'deals': [], 'cancellation_type': 'special', 'credit_card': 1, 'bonus': 384, 'miles': 459, 'min_stay': 1, 'platichastyami': 0, 'mircashback': 768}]",7680.0,459,189360_101hotels,2026-07-31
5699,,Бизнес-Стандарт,1,0,0,1,Одноместный,1,12,[{'single': 1}],"[{'id': '32225', 'number': '1', 'min_age': '0', 'max_age': '7', 'is_extra_bed': '0', 'extra_bed_type_id': '0'}]","[{'id': 505518, 'capacity': 1, 'prepayment': 'NO', 'nonrefundable': 0, 'cancellation_period': 0, 'cancellation_fee': 'NO', 'breakfast': 0, 'base_price': 5750, 'prices': [5750], 'price': 5750, 'old_price': 0, 'currency': 'RUB', 'payment_amount': 0, 'extras_variants': [], 'extras': {'32225': {'id': 32225, 'number': 1, 'extra_bed_type_id': 0, 'age': [0, 7], 'extra_bed': 0, 'free': 1}}, 'rate_id': 14781, 'deals': [], 'cancellation_type': 'free', 'credit_card': 0, 'bonus': 288, 'miles': 345, 'min_stay': 1, 'platichastyami': 0, 'mircashback': 575}, {'id': 289365, 'capacity': 1, 'prepayment': 'NO', 'nonrefundable': 0, 'cancellation_period': 0, 'cancellation_fee': 'NO', 'breakfast': 6, 'base_price': 6000, 'prices': [6000], 'price': 6000, 'old_price': 0, 'currency': 'RUB', 'payment_amount': 0, 'extras_variants': [], 'extras': {'32225': {'id': 32225, 'number': 1, 'extra_bed_type_id': 0, 'age': [0, 7], 'extra_bed': 0, 'free': 1}}, 'rate_id': 1933, 'deals': [], 'cancellation_type': 'free', 'credit_card': 0, 'bonus': 300, 'miles': 360, 'min_stay': 1, 'platichastyami': 0, 'mircashback': 600}]",5750.0,345,220_101hotels,2026-07-31
5701,,Стандарт,1,0,0,1,Одноместный,1,10,[{'single': 1}],"[{'id': '32231', 'number': '1', 'min_age': '0', 'max_age': '7', 'is_extra_bed': '0', 'extra_bed_type_id': '0'}]","[{'id': 505519, 'capacity': 1, 'prepayment': 'NO', 'nonrefundable': 0, 'cancellation_period': 0, 'cancellation_fee': 'NO', 'breakfast': 0, 'base_price': 5250, 'prices': [5250], 'price': 5250, 'old_price': 0, 'currency': 'RUB', 'payment_amount': 0, 'extras_variants': [], 'extras': {'32231': {'id': 32231, 'number': 1, 'extra_bed_type_id': 0, 'age': [0, 7], 'extra_bed': 0, 'free': 1}}, 'rate_id': 14781, 'deals': [], 'cancellation_type': 'free', 'credit_card': 0, 'bonus': 263, 'miles': 315, 'min_stay': 1, 'platichastyami': 0, 'mircashback': 525}, {'id': 289354, 'capacity': 1, 'prepayment': 'NO', 'nonrefundable': 0, 'cancellation_period': 0, 'cancellation_fee': 'NO', 'breakfast': 6, 'base_price': 5500, 'prices': [5500], 'price': 5500, 'old_price': 0, 'currency': 'RUB', 'payment_amount': 0, 'extras_variants': [], 'extras': {'32231': {'id': 32231, 'number': 1, 'extra_bed_type_id': 0, 'age': [0, 7], 'extra_bed': 0, 'free': 1}}, 'rate_id': 1933, 'deals': [], 'cancellation_type': 'free', 'credit_card': 0, 'bonus': 275, 'miles': 330, 'min_stay': 1, 'platichastyami': 0, 'mircashback': 550}]",5250.0,315,220_101hotels,2026-07-31
5708,,Бизнес-Стандарт 2 кровати,2,0,0,1,Двухместный,2,21,[{'single': 2}],"[{'id': '32230', 'number': '1', 'min_age': '0', 'max_age': '7', 'is_extra_bed': '0', 'extra_bed_type_id': '0'}]","[{'id': 505520, 'capacity': 1, 'prepayment': 'NO', 'nonrefundable': 0, 'cancellation_period': 0, 'cancellation_fee': 'NO', 'breakfast': 0, 'base_price': 6650, 'prices': [6650], 'price': 6650, 'old_price': 0, 'currency': 'RUB', 'payment_amount': 0, 'extras_variants': [], 'extras': {'32230': {'id': 32230, 'number': 1, 'extra_bed_type_id': 0, 'age': [0, 7], 'extra_bed': 0, 'free': 1}}, 'rate_id': 14781, 'deals': [], 'cancellation_type': 'free', 'credit_card': 0, 'bonus': 333, 'miles': 399, 'min_stay': 1, 'platichastyami': 0, 'mircashback': 665}, {'id': 289355, 'capacity': 1, 'prepayment': 'NO', 'nonrefundable': 0, 'cancellation_period': 0, 'cancellation_fee': 'NO', 'breakfast': 6, 'base_price': 6900, 'prices': [6900], 'price': 6900, 'old_price': 0, 'currency': 'RUB', 'payment_amount': 0, 'extras_variants': [], 'extras': {'32230': {'id': 32230, 'number': 1, 'extra_bed_type_id': 0, 'age': [0, 7], 'extra_bed': 0, 'free': 1}}, 'rate_id': 1933, 'deals': [], 'cancellation_type': 'free', 'credit_card': 0, 'bonus': 345, 'miles': 414, 'min_stay': 1, 'platichastyami': 0, 'mircashback': 690}, {'id': 505521, 'capacity': 2, 'prepayment': 'NO', 'nonrefundable': 0, 'cancellation_period': 0, 'cancellation_fee': 'NO', 'breakfast': 0, 'base_price': 7200, 'prices': [7200], 'price': 7200, 'old_price': 0, 'currency': 'RUB', 'payment_amount': 0, 'extras_variants': [], 'extras': {'32230': {'id': 32230, 'number': 1, 'extra_bed_type_id': 0, 'age': [0, 7], 'extra_bed': 0, 'free': 1}}, 'rate_id': 14781, 'deals': [], 'cancellation_type': 'free', 'credit_card': 0, 'bonus': 360, 'miles': 432, 'min_stay': 1, 'platichastyami': 0, 'mircashback': 720}, {'id': 289356, 'capacity': 2, 'prepayment': 'NO', 'nonrefundable': 0, 'cancellation_period': 0, 'cancellation_fee': 'NO', 'breakfast': 6, 'base_price': 7700, 'prices': [7700], 'price': 7700, 'old_price': 0, 'currency': 'RUB', 'payment_amount': 0, 'extras_variants': [], 'extras': {'32230': {'id': 32230, 'number': 1, 'extra_bed_type_id': 0, 'age': [0, 7], 'extra_bed': 0, 'free': 1}}, 'rate_id': 1933, 'deals': [], 'cancellation_type': 'free', 'credit_card': 0, 'bonus': 385, 'miles': 462, 'min_stay': 1, 'platichastyami': 0, 'mircashback': 770}]",6650.0,399,220_101hotels,2026-07-31
5713,,Стандарт,2,0,0,1,Двухместный,2,9,[{'single': 2}],"[{'id': '32227', 'number': '1', 'min_age': '0', 'max_age': '7', 'is_extra_bed': '0', 'extra_bed_type_id': '0'}]","[{'id': 505522, 'capacity': 1, 'prepayment': 'NO', 'nonrefundable': 0, 'cancellation_period': 0, 'cancellation_fee': 'NO', 'breakfast': 0, 'base_price': 6050, 'prices': [6050], 'price': 6050, 'old_price': 0, 'currency': 'RUB', 'payment_amount': 0, 'extras_variants': [], 'extras': {'32227': {'id': 32227, 'number': 1, 'extra_bed_type_id': 0, 'age': [0, 7], 'extra_bed': 0, 'free': 1}}, 'rate_id': 14781, 'deals': [], 'cancellation_type': 'free', 'credit_card': 0, 'bonus': 303, 'miles': 363, 'min_stay': 1, 'platichastyami': 0, 'mircashback': 605}, {'id': 289357, 'capacity': 1, 'prepayment': 'NO', 'nonrefundable': 0, 'cancellation_period': 0, 'cancellation_fee': 'NO', 'breakfast': 6, 'base_price': 6300, 'prices': [6300], 'price': 6300, 'old_price': 0, 'currency': 'RUB', 'payment_amount': 0, 'extras_variants': [], 'extras': {'32227': {'id': 32227, 'number': 1, 'extra_bed_type_id': 0, 'age': [0, 7], 'extra_bed': 0, 'free': 1}}, 'rate_id': 1933, 'deals': [], 'cancellation_type': 'free', 'credit_card': 0, 'bonus': 315, 'miles': 378, 'min_stay': 1, 'platichastyami': 0, 'mircashback': 630}, {'id': 505523, 'capacity': 2, 'prepayment': 'NO', 'nonrefundable': 0, 'cancellation_period': 0, 'cancellation_fee': 'NO', 'breakfast': 0, 'base_price': 6600, 'prices': [6600], 'price': 6600, 'old_price': 0, 'currency': 'RUB', 'payment_amount': 0, 'extras_variants': [], 'extras': {'32227': {'id': 32227, 'number': 1, 'extra_bed_type_id': 0, 'age': [0, 7], 'extra_bed': 0, 'free': 1}}, 'rate_id': 14781, 'deals': [], 'cancellation_type': 'free', 'credit_card': 0, 'bonus': 330, 'miles': 396, 'min_stay': 1, 'platichastyami': 0, 'mircashback': 660}, {'id': 289358, 'capacity': 2, 'prepayment': 'NO', 'nonrefundable': 0, 'cancellation_period': 0, 'cancellation_fee': 'NO', 'breakfast': 6, 'base_price': 7100, 'prices': [7100], 'price': 7100, 'old_price': 0, 'currency': 'RUB', 'payment_amount': 0, 'extras_variants': [], 'extras': {'32227': {'id': 32227, 'number': 1, 'extra_bed_type_id': 0, 'age': [0, 7], 'extra_bed': 0, 'free': 1}}, 'rate_id': 1933, 'deals': [], 'cancellation_type': 'free', 'credit_card': 0, 'bonus': 355, 'miles': 426, 'min_stay': 1, 'platichastyami': 0, 'mircashback': 710}]",6050.0,363,220_101hotels,2026-07-31
5722,,Джуниор Сюит,2,1,0,1,Делюкс,29,8,[{'double': 1}],"[{'id': '32232', 'number': '1', 'min_age': '0', 'max_age': '7', 'is_extra_bed': '0', 'extra_bed_type_id': '0'}]","[{'id': 505528, 'capacity': 1, 'prepayment': 'NO', 'nonrefundable': 0, 'cancellation_period': 0, 'cancellation_fee': 'NO', 'breakfast': 0, 'base_price': 8850, 'prices': [8850], 'price': 8850, 'old_price': 0, 'currency': 'RUB', 'payment_amount': 0, 'extras_variants': [], 'extras': {'32232': {'id': 32232, 'number': 1, 'extra_bed_type_id': 0, 'age': [0, 7], 'extra_bed': 0, 'free': 1}}, 'rate_id': 14781, 'deals': [], 'cancellation_type': 'free', 'credit_card': 0, 'bonus': 443, 'miles': 531, 'min_stay': 1, 'platichastyami': 0, 'mircashback': 885}, {'id': 289363, 'capacity': 1, 'prepayment': 'NO', 'nonrefundable': 0, 'cancellation_period': 0, 'cancellation_fee': 'NO', 'breakfast': 6, 'base_price': 9100, 'prices': [9100], 'price': 9100, 'old_price': 0, 'currency': 'RUB', 'payment_amount': 0, 'extras_variants': [], 'extras': {'32232': {'id': 32232, 'number': 1, 'extra_bed_type_id': 0, 'age': [0, 7], 'extra_bed': 0, 'free': 1}}, 'rate_id': 1933, 'deals': [], 'cancellation_type': 'free', 'credit_card': 0, 'bonus': 455, 'miles': 546, 'min_stay': 1, 'platichastyami': 0, 'mircashback': 910}, {'id': 505529, 'capacity': 2, 'prepayment': 'NO', 'nonrefundable': 0, 'cancellation_period': 0, 'cancellation_fee': 'NO', 'breakfast': 0, 'base_price': 9600, 'prices': [9600], 'price': 9600, 'old_price': 0, 'currency': 'RUB', 'payment_amount': 0, 'extras_variants': [], 'extras': {'32232': {'id': 32232, 'number': 1, 'extra_bed_type_id': 0, 'age': [0, 7], 'extra_bed': 0, 'free': 1}}, 'rate_id': 14781, 'deals': [], 'cancellation_type': 'free', 'credit_card': 0, 'bonus': 480, 'miles': 576, 'min_stay': 1, 'platichastyami': 0, 'mircashback': 960}, {'id': 289364, 'capacity': 2, 'prepayment': 'NO', 'nonrefundable': 0, 'cancellation_period': 0, 'cancellation_fee': 'NO', 'breakfast': 6, 'base_price': 10100, 'prices': [10100], 'price': 10100, 'old_price': 0, 'currency': 'RUB', 'payment_amount': 0, 'extras_variants': [], 'extras': {'32232': {'id': 32232, 'number': 1, 'extra_bed_type_id': 0, 'age': [0, 7], 'extra_bed': 0, 'free': 1}}, 'rate_id': 1933, 'deals': [], 'cancellation_type': 'free', 'credit_card': 0, 'bonus': 505, 'miles': 606, 'min_stay': 1, 'platichastyami': 0, 'mircashback': 1010}]",8850.0,531,220_101hotels,2026-07-31
31429,,Бизнес Стандарт 1 кровать,2,0,0,1,Двухместный,2,9,[{'double': 1}],"[{'id': '32229', 'number': '1', 'min_age': '0', 'max_age': '7', 'is_extra_bed': '0', 'extra_bed_type_id': '0'}]","[{'id': 505524, 'capacity': 1, 'prepayment': 'NO', 'nonrefundable': 0, 'cancellation_period': 0, 'cancellation_fee': 'NO', 'breakfast': 0, 'base_price': 6650, 'prices': [6650], 'price': 6650, 'old_price': 0, 'currency': 'RUB', 'payment_amount': 0, 'extras_variants': [], 'extras': {'32229': {'id': 32229, 'number': 1, 'extra_bed_type_id': 0, 'age': [0, 7], 'extra_bed': 0, 'free': 1}}, 'rate_id': 14781, 'deals': [], 'cancellation_type': 'free', 'credit_card': 0, 'bonus': 333, 'miles': 399, 'min_stay': 1, 'platichastyami': 0, 'mircashback': 665}, {'id': 289359, 'capacity': 1, 'prepayment': 'NO', 'nonrefundable': 0, 'cancellation_period': 0, 'cancellation_fee': 'NO', 'breakfast': 6, 'base_price': 6900, 'prices': [6900], 'price': 6900, 'old_price': 0, 'currency': 'RUB', 'payment_amount': 0, 'extras_variants': [], 'extras': {'32229': {'id': 32229, 'number': 1, 'extra_bed_type_id': 0, 'age': [0, 7], 'extra_bed': 0, 'free': 1}}, 'rate_id': 1933, 'deals': [], 'cancellation_type': 'free', 'credit_card': 0, 'bonus': 345, 'miles': 414, 'min_stay': 1, 'platichastyami': 0, 'mircashback': 690}, {'id': 505525, 'capacity': 2, 'prepayment': 'NO', 'nonrefundable': 0, 'cancellation_period': 0, 'cancellation_fee': 'NO', 'breakfast': 0, 'base_price': 7200, 'prices': [7200], 'price': 7200, 'old_price': 0, 'currency': 'RUB', 'payment_amount': 0, 'extras_variants': [], 'extras': {'32229': {'id': 32229, 'number': 1, 'extra_bed_type_id': 0, 'age': [0, 7], 'extra_bed': 0, 'free': 1}}, 'rate_id': 14781, 'deals': [], 'cancellation_type': 'free', 'credit_card': 0, 'bonus': 360, 'miles': 432, 'min_stay': 1, 'platichastyami': 0, 'mircashback': 720}, {'id': 289360, 'capacity': 2, 'prepayment': 'NO', 'nonrefundable': 0, 'cancellation_period': 0, 'cancellation_fee': 'NO', 'breakfast': 6, 'base_price': 7700, 'prices': [7700], 'price': 7700, 'old_price': 0, 'currency': 'RUB', 'payment_amount': 0, 'extras_variants': [], 'extras': {'32229': {'id': 32229, 'number': 1, 'extra_bed_type_id': 0, 'age': [0, 7], 'extra_bed': 0, 'free': 1}}, 'rate_id': 1933, 'deals': [], 'cancellation_type': 'free', 'credit_card': 0, 'bonus': 385, 'miles': 462, 'min_stay': 1, 'platichastyami': 0, 'mircashback': 770}]",6650.0,399,220_101hotels,2026-07-31
31430,,,2,0,0,1,Люкс,6,1,[{'double': 1}],"[{'id': '32224', 'number': '1', 'min_age': '0', 'max_age': '7', 'is_extra_bed': '0', 'extra_bed_type_id': '0'}]","[{'id': 505526, 'capacity': 1, 'prepayment': 'NO', 'nonrefundable': 0, 'cancellation_period': 0, 'cancellation_fee': 'NO', 'breakfast': 0, 'base_price': 9850, 'prices': [9850], 'price': 9850, 'old_price': 0, 'currency': 'RUB', 'payment_amount': 0, 'extras_variants': [], 'extras': {'32224': {'id': 32224, 'number': 1, 'extra_bed_type_id': 0, 'age': [0, 7], 'extra_bed': 0, 'free': 1}}, 'rate_id': 14781, 'deals': [], 'cancellation_type': 'free', 'credit_card': 0, 'bonus': 493, 'miles': 591, 'min_stay': 1, 'platichastyami': 0, 'mircashback': 985}, {'id': 289361, 'capacity': 1, 'prepayment': 'NO', 'nonrefundable': 0, 'cancellation_period': 0, 'cancellation_fee': 'NO', 'breakfast': 6, 'base_price': 10100, 'prices': [10100], 'price': 10100, 'old_price': 0, 'currency': 'RUB', 'payment_amount': 0, 'extras_variants': [], 'extras': {'32224': {'id': 32224, 'number': 1, 'extra_bed_type_id': 0, 'age': [0, 7], 'extra_bed': 0, 'free': 1}}, 'rate_id': 1933, 'deals': [], 'cancellation_type': 'free', 'credit_card': 0, 'bonus': 505, 'miles': 606, 'min_stay': 1, 'platichastyami': 0, 'mircashback': 1010}, {'id': 505527, 'capacity': 2, 'prepayment': 'NO', 'nonrefundable': 0, 'cancellation_period': 0, 'cancellation_fee': 'NO', 'breakfast': 0, 'base_price': 10700, 'prices': [10700], 'price': 10700, 'old_price': 0, 'currency': 'RUB', 'payment_amount': 0, 'extras_variants': [], 'extras': {'32224': {'id': 32224, 'number': 1, 'extra_bed_type_id': 0, 'age': [0, 7], 'extra_bed': 0, 'free': 1}}, 'rate_id': 14781, 'deals': [], 'cancellation_type': 'free', 'credit_card': 0, 'bonus': 535, 'miles': 642, 'min_stay': 1, 'platichastyami': 0, 'mircashback': 1070}, {'id': 289362, 'capacity': 2, 'prepayment': 'NO', 'nonrefundable': 0, 'cancellation_period': 0, 'cancellation_fee': 'NO', 'breakfast': 6, 'base_price': 11200, 'prices': [11200], 'price': 11200, 'old_price': 0, 'currency': 'RUB', 'payment_amount': 0, 'extras_variants': [], 'extras': {'32224': {'id': 32224, 'number': 1, 'extra_bed_type_id': 0, 'age': [0, 7], 'extra_bed': 0, 'free': 1}}, 'rate_id': 1933, 'deals': [], 'cancellation_type': 'free', 'credit_card': 0, 'bonus': 560, 'miles': 672, 'min_stay': 1, 'platichastyami': 0, 'mircashback': 1120}]",9850.0,591,220_101hotels,2026-07-31
2278068,,Deluxe с кроватью king-size,2,0,0,1,Двухместный,2,9,[{'double': 1}],[],"[{'id': 835365, 'capacity': 1, 'prepayment': 'FIRST', 'nonrefundable': 0, 'cancellation_period': 1, 'cancellation_fee': 'FIRST', 'breakfast': 1, 'base_price': 7500, 'prices': [7500], 'price': 7500, 'old_price': 7500, 'currency': 'RUB', 'payment_amount': 7500, 'extras_variants': [], 'extras': [], 'rate_id': 37723, 'deals': [], 'cancellation_type': 'special', 'credit_card': 1, 'bonus': 375, 'miles': 450, 'min_stay': 1, 'platichastyami': 0, 'mircashback': 750}, {'id': 835366, 'capacity': 2, 'prepayment': 'FIRST', 'nonrefundable': 0, 'cancellation_period': 1, 'cancellation_fee': 'FIRST', 'breakfast': 1, 'base_price': 9000, 'prices': [9000], 'price': 9000, 'old_price': 9000, 'currency': 'RUB', 'payment_amount': 9000, 'extras_variants': [], 'extras': [], 'rate_id': 37723, 'deals': [], 'cancellation_type': 'special', 'credit_card': 1, 'bonus': 450, 'miles': 540, 'min_stay': 1, 'platichastyami': 0, 'mircashback': 900}]",7500.0,450,2397_101hotels,2026-07-31
2278069,,Business Grand Deluxe с кроватью king-size,2,0,0,1,Двухместный,2,1,[{'double': 1}],[],"[{'id': 835389, 'capacity': 1, 'prepayment': 'FIRST', 'nonrefundable': 0, 'cancellation_period': 1, 'cancellation_fee': 'FIRST', 'breakfast': 1, 'base_price': 11000, 'prices': [11000], 'price': 9350, 'old_price': 11000, 'currency': 'RUB', 'payment_amount': 11000, 'extras_variants': [], 'extras': [], 'rate_id': 37754, 'deals': ['LAST_MINUTE'], 'cancellation_type': 'special', 'credit_card': 1, 'bonus': 468, 'miles': 561, 'min_stay': 1, 'platichastyami': 0, 'mircashback': 935}, {'id': 835390, 'capacity': 2, 'prepayment': 'FIRST', 'nonrefundable': 0, 'cancellation_period': 1, 'cancellation_fee': 'FIRST', 'breakfast': 1, 'base_price': 13000, 'prices': [13000], 'price': 11050, 'old_price': 13000, 'currency': 'RUB', 'payment_amount': 13000, 'extras_variants': [], 'extras': [], 'rate_id': 37754, 'deals': ['LAST_MINUTE'], 'cancellation_type': 'special', 'credit_card': 1, 'bonus': 553, 'miles': 663, 'min_stay': 1, 'platichastyami': 0, 'mircashback': 1105}]",9350.0,561,2397_101hotels,2026-07-31
2278071,,Двухместный Business Suite,2,0,0,1,Люкс,6,1,[{'double': 1}],[],"[{'id': 835371, 'capacity': 1, 'prepayment': 'FIRST', 'nonrefundable': 0, 'cancellation_period': 1, 'cancellation_fee': 'FIRST', 'breakfast': 1, 'base_price': 16500, 'prices': [16500], 'price': 16500, 'old_price': 16500, 'currency': 'RUB', 'payment_amount': 16500, 'extras_variants': [], 'extras': [], 'rate_id': 37756, 'deals': [], 'cancellation_type': 'special', 'credit_card': 1, 'bonus': 825, 'miles': 990, 'min_stay': 1, 'platichastyami': 0, 'mircashback': 1650}, {'id': 835372, 'capacity': 2, 'prepayment': 'FIRST', 'nonrefundable': 0, 'cancellation_period': 1, 'cancellation_fee': 'FIRST', 'breakfast': 1, 'base_price': 18500, 'prices': [18500], 'price': 18500, 'old_price': 18500, 'currency': 'RUB', 'payment_amount': 18500, 'extras_variants': [], 'extras': [], 'rate_id': 37756, 'deals': [], 'cancellation_type': 'special', 'credit_card': 1, 'bonus': 925, 'miles': 1110, 'min_stay': 1, 'platichastyami': 0, 'mircashback': 1850}]",16500.0,990,2397_101hotels,2026-07-31
2278072,,Deluxe Business с кроватью king-size,2,0,0,1,Двухместный,2,4,[{'double': 1}],[],"[{'id': 835391, 'capacity': 1, 'prepayment': 'FIRST', 'nonrefundable': 0, 'cancellation_period': 1, 'cancellation_fee': 'FIRST', 'breakfast': 1, 'base_price': 9500, 'prices': [9500], 'price': 8075, 'old_price': 9500, 'currency': 'RUB', 'payment_amount': 9500, 'extras_variants': [], 'extras': [], 'rate_id': 37754, 'deals': ['LAST_MINUTE'], 'cancellation_type': 'special', 'credit_card': 1, 'bonus': 404, 'miles': 483, 'min_stay': 1, 'platichastyami': 0, 'mircashback': 808}, {'id': 835392, 'capacity': 2, 'prepayment': 'FIRST', 'nonrefundable': 0, 'cancellation_period': 1, 'cancellation_fee': 'FIRST', 'breakfast': 1, 'base_price': 11500, 'prices': [11500], 'price': 9775, 'old_price': 11500, 'currency': 'RUB', 'payment_amount': 11500, 'extras_variants': [], 'extras': [], 'rate_id': 37754, 'deals': ['LAST_MINUTE'], 'cancellation_type': 'special', 'credit_card': 1, 'bonus': 489, 'miles': 585, 'min_stay': 1, 'platichastyami': 0, 'mircashback': 978}]",8075.0,483,2397_101hotels,2026-07-31
2278121,,Deluxe c 2 односпальными кроватями,2,0,0,1,Двухместный,2,8,[{'single': 2}],[],"[{'id': 835367, 'capacity': 1, 'prepayment': 'FIRST', 'nonrefundable': 0, 'cancellation_period': 1, 'cancellation_fee': 'FIRST', 'breakfast': 1, 'base_price': 7600, 'prices': [7600], 'price': 7600, 'old_price': 7600, 'currency': 'RUB', 'payment_amount': 7600, 'extras_variants': [], 'extras': [], 'rate_id': 37723, 'deals': [], 'cancellation_type': 'special', 'credit_card': 1, 'bonus': 380, 'miles': 456, 'min_stay': 1, 'platichastyami': 0, 'mircashback': 760}, {'id': 835368, 'capacity': 2, 'prepayment': 'FIRST', 'nonrefundable': 0, 'cancellation_period': 1, 'cancellation_fee': 'FIRST', 'breakfast': 1, 'base_price': 9100, 'prices': [9100], 'price': 9100, 'old_price': 9100, 'currency': 'RUB', 'payment_amount': 9100, 'extras_variants': [], 'extras': [], 'rate_id': 37723, 'deals': [], 'cancellation_type': 'special', 'credit_card': 1, 'bonus': 455, 'miles': 546, 'min_stay': 1, 'platichastyami': 0, 'mircashback': 910}]",7600.0,456,2397_101hotels,2026-07-31
2278124,,Deluxe Business c 2 односпальными кроватями,2,0,0,1,Двухместный,2,3,[{'double': 1}],[],"[{'id': 835393, 'capacity': 1, 'prepayment': 'FIRST', 'nonrefundable': 0, 'cancellation_period': 1, 'cancellation_fee': 'FIRST', 'breakfast': 1, 'base_price': 9000, 'prices': [9000], 'price': 7650, 'old_price': 9000, 'currency': 'RUB', 'payment_amount': 9000, 'extras_variants': [], 'extras': [], 'rate_id': 37754, 'deals': ['LAST_MINUTE'], 'cancellation_type': 'special', 'credit_card': 1, 'bonus': 383, 'miles': 459, 'min_stay': 1, 'platichastyami': 0, 'mircashback': 765}, {'id': 835394, 'capacity': 2, 'prepayment': 'FIRST', 'nonrefundable': 0, 'cancellation_period': 1, 'cancellation_fee': 'FIRST', 'breakfast': 1, 'base_price': 10500, 'prices': [10500], 'price': 8925, 'old_price': 10500, 'currency': 'RUB', 'payment_amount': 10500, 'extras_variants': [], 'extras': [], 'rate_id': 37754, 'deals': ['LAST_MINUTE'], 'cancellation_type': 'special', 'credit_card': 1, 'bonus': 446, 'miles': 534, 'min_stay': 1, 'platichastyami': 0, 'mircashback': 893}]",7650.0,459,2397_101hotels,2026-07-31
74039,,Улучшенный номер с 2 отдельными кроватями,2,0,0,1,Двухместный,2,3,[{'single': 2}],[],"[{'id': 574196, 'capacity': 1, 'prepayment': 'NO', 'nonrefundable': 0, 'cancellation_period': 0, 'cancellation_fee': 'NO', 'breakfast': 0, 'base_price': 4800, 'prices': [4800], 'price': 4800, 'old_price': 4800, 'currency': 'RUB', 'payment_amount': 0, 'extras_variants': [], 'extras': [], 'rate_id': 19257, 'deals': [], 'cancellation_type': 'free', 'credit_card': 0, 'bonus': 240, 'miles': 288, 'min_stay': 1, 'platichastyami': 0, 'mircashback': 480}, {'id': 574197, 'capacity': 2, 'prepayment': 'NO', 'nonrefundable': 0, 'cancellation_period': 0, 'cancellation_fee': 'NO', 'breakfast': 0, 'base_price': 4800, 'prices': [4800], 'price': 4800, 'old_price': 4800, 'currency': 'RUB', 'payment_amount': 0, 'extras_variants': [], 'extras': [], 'rate_id': 19257, 'deals': [], 'cancellation_type': 'free', 'credit_card': 0, 'bonus': 240, 'miles': 288, 'min_stay': 1, 'platichastyami': 0, 'mircashback': 480}, {'id': '574196P', 'capacity': 1, 'prepayment': 'FULL', 'nonrefundable': 0, 'cancellation_period': 0, 'cancellation_fee': 'NO', 'breakfast': 0, 'base_price': 4800, 'prices': [4800], 'price': 4800, 'old_price': 4800, 'currency': 'RUB', 'payment_amount': 4800, 'extras_variants': [], 'extras': [], 'rate_id': 19257, 'deals': [], 'cancellation_type': 'free', 'credit_card': 0, 'bonus': 240, 'miles': 288, 'min_stay': 1, 'platichastyami': 0, 'mircashback': 480}, {'id': '574197P', 'capacity': 2, 'prepayment': 'FULL', 'nonrefundable': 0, 'cancellation_period': 0, 'cancellation_fee': 'NO', 'breakfast': 0, 'base_price': 4800, 'prices': [4800], 'price': 4800, 'old_price': 4800, 'currency': 'RUB', 'payment_amount': 4800, 'extras_variants': [], 'extras': [], 'rate_id': 19257, 'deals': [], 'cancellation_type': 'free', 'credit_card': 0, 'bonus': 240, 'miles': 288, 'min_stay': 1, 'platichastyami': 0, 'mircashback': 480}]",4800.0,288,14080_101hotels,2026-07-31
74041,,Стандарт премиум,2,0,0,1,Сюит,27,1,"[{'double': 1, 'sofa': 1}]",[],"[{'id': 574198, 'capacity': 1, 'prepayment': 'NO', 'nonrefundable': 0, 'cancellation_period': 0, 'cancellation_fee': 'NO', 'breakfast': 0, 'base_price': 6800, 'prices': [6800], 'price': 6800, 'old_price': 6800, 'currency': 'RUB', 'payment_amount': 0, 'extras_variants': [], 'extras': [], 'rate_id': 19257, 'deals': [], 'cancellation_type': 'free', 'credit_card': 0, 'bonus': 340, 'miles': 408, 'min_stay': 1, 'platichastyami': 0, 'mircashback': 680}, {'id': 574199, 'capacity': 2, 'prepayment': 'NO', 'nonrefundable': 0, 'cancellation_period': 0, 'cancellation_fee': 'NO', 'breakfast': 0, 'base_price': 6800, 'prices': [6800], 'price': 6800, 'old_price': 6800, 'currency': 'RUB', 'payment_amount': 0, 'extras_variants': [], 'extras': [], 'rate_id': 19257, 'deals': [], 'cancellation_type': 'free', 'credit_card': 0, 'bonus': 340, 'miles': 408, 'min_stay': 1, 'platichastyami': 0, 'mircashback': 680}, {'id': '574198P', 'capacity': 1, 'prepayment': 'FULL', 'nonrefundable': 0, 'cancellation_period': 0, 'cancellation_fee': 'NO', 'breakfast': 0, 'base_price': 6800, 'prices': [6800], 'price': 6800, 'old_price': 6800, 'currency': 'RUB', 'payment_amount': 6800, 'extras_variants': [], 'extras': [], 'rate_id': 19257, 'deals': [], 'cancellation_type': 'free', 'credit_card': 0, 'bonus': 340, 'miles': 408, 'min_stay': 1, 'platichastyami': 0, 'mircashback': 680}, {'id': '574199P', 'capacity': 2, 'prepayment': 'FULL', 'nonrefundable': 0, 'cancellation_period': 0, 'cancellation_fee': 'NO', 'breakfast': 0, 'base_price': 6800, 'prices': [6800], 'price': 6800, 'old_price': 6800, 'currency': 'RUB', 'payment_amount': 6800, 'extras_variants': [], 'extras': [], 'rate_id': 19257, 'deals': [], 'cancellation_type': 'free', 'credit_card': 0, 'bonus': 340, 'miles': 408, 'min_stay': 1, 'platichastyami': 0, 'mircashback': 680}]",6800.0,408,14080_101hotels,2026-07-31
126149,,Стандартный Double,2,0,0,1,Двухместный,2,1,[{'double': 1}],[],"[{'id': 718697, 'capacity': 1, 'prepayment': 'FIRST', 'nonrefundable': 0, 'cancellation_period': 1, 'cancellation_fee': 'FIRST', 'breakfast': 1, 'base_price': 6000, 'prices': [6000], 'price': 5100, 'old_price': 0, 'currency': 'RUB', 'payment_amount': 6000, 'extras_variants': [], 'extras': [], 'rate_id': 29919, 'deals': ['BASE'], 'cancellation_type': 'special', 'credit_card': 1, 'bonus': 255, 'miles': 306, 'min_stay': 1, 'platichastyami': 0, 'mircashback': 510}, {'id': 718698, 'capacity': 2, 'prepayment': 'FIRST', 'nonrefundable': 0, 'cancellation_period': 1, 'cancellation_fee': 'FIRST', 'breakfast': 1, 'base_price': 6000, 'prices': [6000], 'price': 5100, 'old_price': 0, 'currency': 'RUB', 'payment_amount': 6000, 'extras_variants': [], 'extras': [], 'rate_id': 29919, 'deals': ['BASE'], 'cancellation_type': 'special', 'credit_card': 1, 'bonus': 255, 'miles': 306, 'min_stay': 1, 'platichastyami': 0, 'mircashback': 510}]",5100.0,306,29907_101hotels,2026-07-31
126151,,Улучшенный Twin,2,1,0,1,Двухместный,2,1,[{'single': 2}],[],"[{'id': 718701, 'capacity': 1, 'prepayment': 'FIRST', 'nonrefundable': 0, 'cancellation_period': 1, 'cancellation_fee': 'FIRST', 'breakfast': 1, 'base_price': 6700, 'prices': [6700], 'price': 5695, 'old_price': 0, 'currency': 'RUB', 'payment_amount': 6700, 'extras_variants': [], 'extras': [], 'rate_id': 29919, 'deals': ['BASE'], 'cancellation_type': 'special', 'credit_card': 1, 'bonus': 285, 'miles': 339, 'min_stay': 1, 'platichastyami': 0, 'mircashback': 570}, {'id': 718702, 'capacity': 2, 'prepayment': 'FIRST', 'nonrefundable': 0, 'cancellation_period': 1, 'cancellation_fee': 'FIRST', 'breakfast': 1, 'base_price': 6700, 'prices': [6700], 'price': 5695, 'old_price': 0, 'currency': 'RUB', 'payment_amount': 6700, 'extras_variants': [], 'extras': [], 'rate_id': 29919, 'deals': ['BASE'], 'cancellation_type': 'special', 'credit_card': 1, 'bonus': 285, 'miles': 339, 'min_stay': 1, 'platichastyami': 0, 'mircashback': 570}]",5695.0,339,29907_101hotels,2026-07-31
1567289,,Стандартный номер с 2 отдельными кроватями,2,0,0,1,Двухместный,2,4,"[{'single': 2}, {'single': 1}]","[{'id': '34012', 'number': '2', 'min_age': '1', 'max_age': '12', 'is_extra_bed': '0', 'extra_bed_type_id': '0'}]","[{'id': 521478, 'capacity': 1, 'prepayment': 'FIRST', 'nonrefundable': 0, 'cancellation_period': 1, 'cancellation_fee': 'FIRST', 'breakfast': 0, 'base_price': 3200, 'prices': [3200], 'price': 3200, 'old_price': 3200, 'currency': 'RUB', 'payment_amount': 3200, 'extras_variants': [], 'extras': {'34012': {'id': 34012, 'number': 2, 'extra_bed_type_id': 0, 'age': [1, 12], 'extra_bed': 0, 'free': 1}}, 'rate_id': 15769, 'deals': [], 'cancellation_type': 'special', 'credit_card': 1, 'bonus': 160, 'miles': 192, 'min_stay': 1, 'platichastyami': 0, 'mircashback': 320}, {'id': 521479, 'capacity': 2, 'prepayment': 'FIRST', 'nonrefundable': 0, 'cancellation_period': 1, 'cancellation_fee': 'FIRST', 'breakfast': 0, 'base_price': 4500, 'prices': [4500], 'price': 4500, 'old_price': 4500, 'currency': 'RUB', 'payment_amount': 4500, 'extras_variants': [], 'extras': {'34012': {'id': 34012, 'number': 2, 'extra_bed_type_id': 0, 'age': [1, 12], 'extra_bed': 0, 'free': 1}}, 'rate_id': 15769, 'deals': [], 'cancellation_type': 'special', 'credit_card': 1, 'bonus': 225, 'miles': 270, 'min_stay': 1, 'platichastyami': 0, 'mircashback': 450}]",3200.0,192,485325_101hotels,2026-07-31
1567290,,Семейный с кухней,4,0,0,1,Апартаменты,14,1,"[{'single': 2, 'double': 1}]","[{'id': '11531', 'number': '4', 'min_age': '1', 'max_age': '12', 'is_extra_bed': '0', 'extra_bed_type_id': '0'}]","[{'id': 521480, 'capacity': 1, 'prepayment': 'FIRST', 'nonrefundable': 0, 'cancellation_period': 1, 'cancellation_fee': 'FIRST', 'breakfast': 0, 'base_price': 5200, 'prices': [5200], 'price': 5200, 'old_price': 5200, 'currency': 'RUB', 'payment_amount': 5200, 'extras_variants': [], 'extras': {'11531': {'id': 11531, 'number': 4, 'extra_bed_type_id': 0, 'age': [1, 12], 'extra_bed': 0, 'free': 1}}, 'rate_id': 15769, 'deals': [], 'cancellation_type': 'special', 'credit_card': 1, 'bonus': 260, 'miles': 312, 'min_stay': 1, 'platichastyami': 0, 'mircashback': 520}, {'id': 521481, 'capacity': 2, 'prepayment': 'FIRST', 'nonrefundable': 0, 'cancellation_period': 1, 'cancellation_fee': 'FIRST', 'breakfast': 0, 'base_price': 5200, 'prices': [5200], 'price': 5200, 'old_price': 5200, 'currency': 'RUB', 'payment_amount': 5200, 'extras_variants': [], 'extras': {'11531': {'id': 11531, 'number': 4, 'extra_bed_type_id': 0, 'age': [1, 12], 'extra_bed': 0, 'free': 1}}, 'rate_id': 15769, 'deals': [], 'cancellation_type': 'special', 'credit_card': 1, 'bonus': 260, 'miles': 312, 'min_stay': 1, 'platichastyami': 0, 'mircashback': 520}, {'id': 524734, 'capacity': 3, 'prepayment': 'FIRST', 'nonrefundable': 0, 'cancellation_period': 1, 'cancellation_fee': 'FIRST', 'breakfast': 0, 'base_price': 6500, 'prices': [6500], 'price': 6500, 'old_price': 6500, 'currency': 'RUB', 'payment_amount': 6500, 'extras_variants': [], 'extras': {'11531': {'id': 11531, 'number': 4, 'extra_bed_type_id': 0, 'age': [1, 12], 'extra_bed': 0, 'free': 1}}, 'rate_id': 15769, 'deals': [], 'cancellation_type': 'special', 'credit_card': 1, 'bonus': 325, 'miles': 390, 'min_stay': 1, 'platichastyami': 0, 'mircashback': 650}, {'id': 524735, 'capacity': 4, 'prepayment': 'FIRST', 'nonrefundable': 0, 'cancellation_period': 1, 'cancellation_fee': 'FIRST', 'breakfast': 0, 'base_price': 6500, 'prices': [6500], 'price': 6500, 'old_price': 6500, 'currency': 'RUB', 'payment_amount': 6500, 'extras_variants': [], 'extras': {'11531': {'id': 11531, 'number': 4, 'extra_bed_type_id': 0, 'age': [1, 12], 'extra_bed': 0, 'free': 1}}, 'rate_id': 15769, 'deals': [], 'cancellation_type': 'special', 'credit_card': 1, 'bonus': 325, 'miles': 390, 'min_stay': 1, 'platichastyami': 0, 'mircashback': 650}]",5200.0,312,485325_101hotels,2026-07-31
2298981,,Семейный номер повышенной комфортности,4,0,0,1,Четырехместный,34,1,"[{'single': 2, 'double': 1, 'sofa': 1}]","[{'id': '33232', 'number': '1', 'min_age': '0', 'max_age': '2', 'is_extra_bed': '0', 'extra_bed_type_id': '0'}]","[{'id': 1031233, 'capacity': 1, 'prepayment': 'FIRST', 'nonrefundable': 0, 'cancellation_period': 1, 'cancellation_fee': 'FIRST', 'breakfast': 0, 'base_price': 6000, 'prices': [6000], 'price': 6000, 'old_price': 6000, 'currency': 'RUB', 'payment_amount': 6000, 'extras_variants': [], 'extras': {'33232': {'id': 33232, 'number': 1, 'extra_bed_type_id': 0, 'age': [0, 2], 'extra_bed': 0, 'free': 1}}, 'rate_id': 15769, 'deals': [], 'cancellation_type': 'special', 'credit_card': 1, 'bonus': 300, 'miles': 360, 'min_stay': 1, 'platichastyami': 0, 'mircashback': 600}, {'id': 1031234, 'capacity': 2, 'prepayment': 'FIRST', 'nonrefundable': 0, 'cancellation_period': 1, 'cancellation_fee': 'FIRST', 'breakfast': 0, 'base_price': 7000, 'prices': [7000], 'price': 7000, 'old_price': 7000, 'currency': 'RUB', 'payment_amount': 7000, 'extras_variants': [], 'extras': {'33232': {'id': 33232, 'number': 1, 'extra_bed_type_id': 0, 'age': [0, 2], 'extra_bed': 0, 'free': 1}}, 'rate_id': 15769, 'deals': [], 'cancellation_type': 'special', 'credit_card': 1, 'bonus': 350, 'miles': 420, 'min_stay': 1, 'platichastyami': 0, 'mircashback': 700}, {'id': 1031235, 'capacity': 3, 'prepayment': 'FIRST', 'nonrefundable': 0, 'cancellation_period': 1, 'cancellation_fee': 'FIRST', 'breakfast': 0, 'base_price': 8000, 'prices': [8000], 'price': 8000, 'old_price': 8000, 'currency': 'RUB', 'payment_amount': 8000, 'extras_variants': [], 'extras': {'33232': {'id': 33232, 'number': 1, 'extra_bed_type_id': 0, 'age': [0, 2], 'extra_bed': 0, 'free': 1}}, 'rate_id': 15769, 'deals': [], 'cancellation_type': 'special', 'credit_card': 1, 'bonus': 400, 'miles': 480, 'min_stay': 1, 'platichastyami': 0, 'mircashback': 800}, {'id': 1031236, 'capacity': 4, 'prepayment': 'FIRST', 'nonrefundable': 0, 'cancellation_period': 1, 'cancellation_fee': 'FIRST', 'breakfast': 0, 'base_price': 8000, 'prices': [8000], 'price': 8000, 'old_price': 8000, 'currency': 'RUB', 'payment_amount': 8000, 'extras_variants': [], 'extras': {'33232': {'id': 33232, 'number': 1, 'extra_bed_type_id': 0, 'age': [0, 2], 'extra_bed': 0, 'free': 1}}, 'rate_id': 15769, 'deals': [], 'cancellation_type': 'special', 'credit_card': 1, 'bonus': 400, 'miles': 480, 'min_stay': 1, 'platichastyami': 0, 'mircashback': 800}]",6000.0,360,485325_101hotels,2026-07-31
1870570,,С 1 кроватью или 2 отдельными кроватями,2,1,0,1,Делюкс,29,2,"[{'single': 2}, {'double': 1}]",[],"[{'id': 251933, 'capacity': 1, 'prepayment': 'NO', 'nonrefundable': 0, 'cancellation_period': 0, 'cancellation_fee': 'NO', 'breakfast': 0, 'base_price': 6000, 'prices': [6000], 'price': 6000, 'old_price': 6000, 'currency': 'RUB', 'payment_amount': 0, 'extras_variants': [], 'extras': [], 'rate_id': 283, 'deals': [], 'cancellation_type': 'free', 'credit_card': 0, 'bonus': 300, 'miles': 360, 'min_stay': 1, 'platichastyami': 0, 'mircashback': 600}, {'id': 251927, 'capacity': 1, 'prepayment': 'NO', 'nonrefundable': 0, 'cancellation_period': 0, 'cancellation_fee': 'NO', 'breakfast': 1, 'base_price': 6960, 'prices': [6960], 'price': 6960, 'old_price': 6960, 'currency': 'RUB', 'payment_amount': 0, 'extras_variants': [], 'extras': [], 'rate_id': 282, 'deals': [], 'cancellation_type': 'free', 'credit_card': 0, 'bonus': 348, 'miles': 417, 'min_stay': 1, 'platichastyami': 0, 'mircashback': 696}, {'id': 251934, 'capacity': 2, 'prepayment': 'NO', 'nonrefundable': 0, 'cancellation_period': 0, 'cancellation_fee': 'NO', 'breakfast': 0, 'base_price': 6800, 'prices': [6800], 'price': 6800, 'old_price': 6800, 'currency': 'RUB', 'payment_amount': 0, 'extras_variants': [], 'extras': [], 'rate_id': 283, 'deals': [], 'cancellation_type': 'free', 'credit_card': 0, 'bonus': 340, 'miles': 408, 'min_stay': 1, 'platichastyami': 0, 'mircashback': 680}, {'id': 251928, 'capacity': 2, 'prepayment': 'NO', 'nonrefundable': 0, 'cancellation_period': 0, 'cancellation_fee': 'NO', 'breakfast': 1, 'base_price': 8960, 'prices': [8960], 'price': 8960, 'old_price': 8960, 'currency': 'RUB', 'payment_amount': 0, 'extras_variants': [], 'extras': [], 'rate_id': 282, 'deals': [], 'cancellation_type': 'free', 'credit_card': 0, 'bonus': 448, 'miles': 537, 'min_stay': 1, 'platichastyami': 0, 'mircashback': 896}, {'id': '251933P', 'capacity': 1, 'prepayment': 'FULL', 'nonrefundable': 0, 'cancellation_period': 0, 'cancellation_fee': 'NO', 'breakfast': 0, 'base_price': 6000, 'prices': [6000], 'price': 6000, 'old_price': 6000, 'currency': 'RUB', 'payment_amount': 6000, 'extras_variants': [], 'extras': [], 'rate_id': 283, 'deals': [], 'cancellation_type': 'free', 'credit_card': 0, 'bonus': 300, 'miles': 360, 'min_stay': 1, 'platichastyami': 0, 'mircashback': 600}, {'id': '251927P', 'capacity': 1, 'prepayment': 'FULL', 'nonrefundable': 0, 'cancellation_period': 0, 'cancellation_fee': 'NO', 'breakfast': 1, 'base_price': 6960, 'prices': [6960], 'price': 6960, 'old_price': 6960, 'currency': 'RUB', 'payment_amount': 6960, 'extras_variants': [], 'extras': [], 'rate_id': 282, 'deals': [], 'cancellation_type': 'free', 'credit_card': 0, 'bonus': 348, 'miles': 417, 'min_stay': 1, 'platichastyami': 0, 'mircashback': 696}, {'id': '251934P', 'capacity': 2, 'prepayment': 'FULL', 'nonrefundable': 0, 'cancellation_period': 0, 'cancellation_fee': 'NO', 'breakfast': 0, 'base_price': 6800, 'prices': [6800], 'price': 6800, 'old_price': 6800, 'currency': 'RUB', 'payment_amount': 6800, 'extras_variants': [], 'extras': [], 'rate_id': 283, 'deals': [], 'cancellation_type': 'free', 'credit_card': 0, 'bonus': 340, 'miles': 408, 'min_stay': 1, 'platichastyami': 0, 'mircashback': 680}, {'id': '251928P', 'capacity': 2, 'prepayment': 'FULL', 'nonrefundable': 0, 'cancellation_period': 0, 'cancellation_fee': 'NO', 'breakfast': 1, 'base_price': 8960, 'prices': [8960], 'price': 8960, 'old_price': 8960, 'currency': 'RUB', 'payment_amount': 8960, 'extras_variants': [], 'extras': [], 'rate_id': 282, 'deals': [], 'cancellation_type': 'free', 'credit_card': 0, 'bonus': 448, 'miles': 537, 'min_stay': 1, 'platichastyami': 0, 'mircashback': 896}]",6000.0,360,560072_101hotels,2026-07-31
1870571,,"Улучшенный, С 1 кроватью или 2 отдельными кроватями",2,1,0,1,Полулюкс,4,4,"[{'single': 2}, {'double': 1}]",[],"[{'id': 251929, 'capacity': 1, 'prepayment': 'NO', 'nonrefundable': 0, 'cancellation_period': 0, 'cancellation_fee': 'NO', 'breakfast': 0, 'base_price': 8400, 'prices': [8400], 'price': 8400, 'old_price': 8400, 'currency': 'RUB', 'payment_amount': 0, 'extras_variants': [], 'extras': [], 'rate_id': 283, 'deals': [], 'cancellation_type': 'free', 'credit_card': 0, 'bonus': 420, 'miles': 504, 'min_stay': 1, 'platichastyami': 0, 'mircashback': 840}, {'id': 251923, 'capacity': 1, 'prepayment': 'NO', 'nonrefundable': 0, 'cancellation_period': 0, 'cancellation_fee': 'NO', 'breakfast': 1, 'base_price': 9360, 'prices': [9360], 'price': 9360, 'old_price': 9360, 'currency': 'RUB', 'payment_amount': 0, 'extras_variants': [], 'extras': [], 'rate_id': 282, 'deals': [], 'cancellation_type': 'free', 'credit_card': 0, 'bonus': 468, 'miles': 561, 'min_stay': 1, 'platichastyami': 0, 'mircashback': 936}, {'id': 251930, 'capacity': 2, 'prepayment': 'NO', 'nonrefundable': 0, 'cancellation_period': 0, 'cancellation_fee': 'NO', 'breakfast': 0, 'base_price': 9200, 'prices': [9200], 'price': 9200, 'old_price': 9200, 'currency': 'RUB', 'payment_amount': 0, 'extras_variants': [], 'extras': [], 'rate_id': 283, 'deals': [], 'cancellation_type': 'free', 'credit_card': 0, 'bonus': 460, 'miles': 552, 'min_stay': 1, 'platichastyami': 0, 'mircashback': 920}, {'id': 251924, 'capacity': 2, 'prepayment': 'NO', 'nonrefundable': 0, 'cancellation_period': 0, 'cancellation_fee': 'NO', 'breakfast': 1, 'base_price': 11360, 'prices': [11360], 'price': 11360, 'old_price': 11360, 'currency': 'RUB', 'payment_amount': 0, 'extras_variants': [], 'extras': [], 'rate_id': 282, 'deals': [], 'cancellation_type': 'free', 'credit_card': 0, 'bonus': 568, 'miles': 681, 'min_stay': 1, 'platichastyami': 0, 'mircashback': 1136}, {'id': '251929P', 'capacity': 1, 'prepayment': 'FULL', 'nonrefundable': 0, 'cancellation_period': 0, 'cancellation_fee': 'NO', 'breakfast': 0, 'base_price': 8400, 'prices': [8400], 'price': 8400, 'old_price': 8400, 'currency': 'RUB', 'payment_amount': 8400, 'extras_variants': [], 'extras': [], 'rate_id': 283, 'deals': [], 'cancellation_type': 'free', 'credit_card': 0, 'bonus': 420, 'miles': 504, 'min_stay': 1, 'platichastyami': 0, 'mircashback': 840}, {'id': '251923P', 'capacity': 1, 'prepayment': 'FULL', 'nonrefundable': 0, 'cancellation_period': 0, 'cancellation_fee': 'NO', 'breakfast': 1, 'base_price': 9360, 'prices': [9360], 'price': 9360, 'old_price': 9360, 'currency': 'RUB', 'payment_amount': 9360, 'extras_variants': [], 'extras': [], 'rate_id': 282, 'deals': [], 'cancellation_type': 'free', 'credit_card': 0, 'bonus': 468, 'miles': 561, 'min_stay': 1, 'platichastyami': 0, 'mircashback': 936}, {'id': '251930P', 'capacity': 2, 'prepayment': 'FULL', 'nonrefundable': 0, 'cancellation_period': 0, 'cancellation_fee': 'NO', 'breakfast': 0, 'base_price': 9200, 'prices': [9200], 'price': 9200, 'old_price': 9200, 'currency': 'RUB', 'payment_amount': 9200, 'extras_variants': [], 'extras': [], 'rate_id': 283, 'deals': [], 'cancellation_type': 'free', 'credit_card': 0, 'bonus': 460, 'miles': 552, 'min_stay': 1, 'platichastyami': 0, 'mircashback': 920}, {'id': '251924P', 'capacity': 2, 'prepayment': 'FULL', 'nonrefundable': 0, 'cancellation_period': 0, 'cancellation_fee': 'NO', 'breakfast': 1, 'base_price': 11360, 'prices': [11360], 'price': 11360, 'old_price': 11360, 'currency': 'RUB', 'payment_amount': 11360, 'extras_variants': [], 'extras': [], 'rate_id': 282, 'deals': [], 'cancellation_type': 'free', 'credit_card': 0, 'bonus': 568, 'miles': 681, 'min_stay': 1, 'platichastyami': 0, 'mircashback': 1136}]",8400.0,504,560072_101hotels,2026-07-31
2267497,,Deluxe View,2,1,0,1,Делюкс,29,6,"[{'single': 1, 'double': 2}]","[{'id': '7483', 'number': '1', 'min_age': '7', 'max_age': '18', 'is_extra_bed': '1', 'extra_bed_type_id': '3'}]","[{'id': 736116, 'capacity': 1, 'prepayment': 'NO', 'nonrefundable': 0, 'cancellation_period': 0, 'cancellation_fee': 'NO', 'breakfast': 0, 'base_price': 6800, 'prices': [6800], 'price': 6800, 'old_price': 6800, 'currency': 'RUB', 'payment_amount': 0, 'extras_variants': [], 'extras': {'7483': {'id': 7483, 'number': 1, 'extra_bed_type_id': 3, 'age': [7, 18], 'extra_bed': 1, 'free': 1}}, 'rate_id': 283, 'deals': [], 'cancellation_type': 'free', 'credit_card': 0, 'bonus': 340, 'miles': 408, 'min_stay': 1, 'platichastyami': 0, 'mircashback': 680}, {'id': 736114, 'capacity': 1, 'prepayment': 'NO', 'nonrefundable': 0, 'cancellation_period': 0, 'cancellation_fee': 'NO', 'breakfast': 1, 'base_price': 7760, 'prices': [7760], 'price': 7760, 'old_price': 7760, 'currency': 'RUB', 'payment_amount': 0, 'extras_variants': [], 'extras': {'7483': {'id': 7483, 'number': 1, 'extra_bed_type_id': 3, 'age': [7, 18], 'extra_bed': 1, 'free': 1}}, 'rate_id': 282, 'deals': [], 'cancellation_type': 'free', 'credit_card': 0, 'bonus': 388, 'miles': 465, 'min_stay': 1, 'platichastyami': 0, 'mircashback': 776}, {'id': 736117, 'capacity': 2, 'prepayment': 'NO', 'nonrefundable': 0, 'cancellation_period': 0, 'cancellation_fee': 'NO', 'breakfast': 0, 'base_price': 7600, 'prices': [7600], 'price': 7600, 'old_price': 7600, 'currency': 'RUB', 'payment_amount': 0, 'extras_variants': [], 'extras': {'7483': {'id': 7483, 'number': 1, 'extra_bed_type_id': 3, 'age': [7, 18], 'extra_bed': 1, 'free': 1}}, 'rate_id': 283, 'deals': [], 'cancellation_type': 'free', 'credit_card': 0, 'bonus': 380, 'miles': 456, 'min_stay': 1, 'platichastyami': 0, 'mircashback': 760}, {'id': 736115, 'capacity': 2, 'prepayment': 'NO', 'nonrefundable': 0, 'cancellation_period': 0, 'cancellation_fee': 'NO', 'breakfast': 1, 'base_price': 9760, 'prices': [9760], 'price': 9760, 'old_price': 9760, 'currency': 'RUB', 'payment_amount': 0, 'extras_variants': [], 'extras': {'7483': {'id': 7483, 'number': 1, 'extra_bed_type_id': 3, 'age': [7, 18], 'extra_bed': 1, 'free': 1}}, 'rate_id': 282, 'deals': [], 'cancellation_type': 'free', 'credit_card': 0, 'bonus': 488, 'miles': 585, 'min_stay': 1, 'platichastyami': 0, 'mircashback': 976}, {'id': '736116P', 'capacity': 1, 'prepayment': 'FULL', 'nonrefundable': 0, 'cancellation_period': 0, 'cancellation_fee': 'NO', 'breakfast': 0, 'base_price': 6800, 'prices': [6800], 'price': 6800, 'old_price': 6800, 'currency': 'RUB', 'payment_amount': 6800, 'extras_variants': [], 'extras': {'7483': {'id': 7483, 'number': 1, 'extra_bed_type_id': 3, 'age': [7, 18], 'extra_bed': 1, 'free': 1}}, 'rate_id': 283, 'deals': [], 'cancellation_type': 'free', 'credit_card': 0, 'bonus': 340, 'miles': 408, 'min_stay': 1, 'platichastyami': 0, 'mircashback': 680}, {'id': '736114P', 'capacity': 1, 'prepayment': 'FULL', 'nonrefundable': 0, 'cancellation_period': 0, 'cancellation_fee': 'NO', 'breakfast': 1, 'base_price': 7760, 'prices': [7760], 'price': 7760, 'old_price': 7760, 'currency': 'RUB', 'payment_amount': 7760, 'extras_variants': [], 'extras': {'7483': {'id': 7483, 'number': 1, 'extra_bed_type_id': 3, 'age': [7, 18], 'extra_bed': 1, 'free': 1}}, 'rate_id': 282, 'deals': [], 'cancellation_type': 'free', 'credit_card': 0, 'bonus': 388, 'miles': 465, 'min_stay': 1, 'platichastyami': 0, 'mircashback': 776}, {'id': '736117P', 'capacity': 2, 'prepayment': 'FULL', 'nonrefundable': 0, 'cancellation_period': 0, 'cancellation_fee': 'NO', 'breakfast': 0, 'base_price': 7600, 'prices': [7600], 'price': 7600, 'old_price': 7600, 'currency': 'RUB', 'payment_amount': 7600, 'extras_variants': [], 'extras': {'7483': {'id': 7483, 'number': 1, 'extra_bed_type_id': 3, 'age': [7, 18], 'extra_bed': 1, 'free': 1}}, 'rate_id': 283, 'deals': [], 'cancellation_type': 'free', 'credit_card': 0, 'bonus': 380, 'miles': 456, 'min_stay': 1, 'platichastyami': 0, 'mircashback': 760}, {'id': '736115P', 'capacity': 2, 'prepayment': 'FULL', 'nonrefundable': 0, 'cancellation_period': 0, 'cancellation_fee': 'NO', 'breakfast': 1, 'base_price': 9760, 'prices': [9760], 'price': 9760, 'old_price': 9760, 'currency': 'RUB', 'payment_amount': 9760, 'extras_variants': [], 'extras': {'7483': {'id': 7483, 'number': 1, 'extra_bed_type_id': 3, 'age': [7, 18], 'extra_bed': 1, 'free': 1}}, 'rate_id': 282, 'deals': [], 'cancellation_type': 'free', 'credit_card': 0, 'bonus': 488, 'miles': 585, 'min_stay': 1, 'platichastyami': 0, 'mircashback': 976}]",6800.0,408,560072_101hotels,2026-07-31
2286098,,Business Suite,2,2,0,1,Сюит,27,5,"[{'double': 1, 'sofa': 1}]","[{'id': '15506', 'number': '1', 'min_age': '0', 'max_age': '7', 'is_extra_bed': '0', 'extra_bed_type_id': '0'}]","[{'id': 922259, 'capacity': 1, 'prepayment': 'NO', 'nonrefundable': 0, 'cancellation_period': 0, 'cancellation_fee': 'NO', 'breakfast': 0, 'base_price': 10000, 'prices': [10000], 'price': 10000, 'old_price': 10000, 'currency': 'RUB', 'payment_amount': 0, 'extras_variants': [], 'extras': {'15506': {'id': 15506, 'number': 1, 'extra_bed_type_id': 0, 'age': [0, 7], 'extra_bed': 0, 'free': 1}}, 'rate_id': 283, 'deals': [], 'cancellation_type': 'free', 'credit_card': 0, 'bonus': 500, 'miles': 600, 'min_stay': 1, 'platichastyami': 0, 'mircashback': 1000}, {'id': 922257, 'capacity': 1, 'prepayment': 'NO', 'nonrefundable': 0, 'cancellation_period': 0, 'cancellation_fee': 'NO', 'breakfast': 1, 'base_price': 10960, 'prices': [10960], 'price': 10960, 'old_price': 10960, 'currency': 'RUB', 'payment_amount': 0, 'extras_variants': [], 'extras': {'15506': {'id': 15506, 'number': 1, 'extra_bed_type_id': 0, 'age': [0, 7], 'extra_bed': 0, 'free': 1}}, 'rate_id': 282, 'deals': [], 'cancellation_type': 'free', 'credit_card': 0, 'bonus': 548, 'miles': 657, 'min_stay': 1, 'platichastyami': 0, 'mircashback': 1096}, {'id': 922260, 'capacity': 2, 'prepayment': 'NO', 'nonrefundable': 0, 'cancellation_period': 0, 'cancellation_fee': 'NO', 'breakfast': 0, 'base_price': 10800, 'prices': [10800], 'price': 10800, 'old_price': 10800, 'currency': 'RUB', 'payment_amount': 0, 'extras_variants': [], 'extras': {'15506': {'id': 15506, 'number': 1, 'extra_bed_type_id': 0, 'age': [0, 7], 'extra_bed': 0, 'free': 1}}, 'rate_id': 283, 'deals': [], 'cancellation_type': 'free', 'credit_card': 0, 'bonus': 540, 'miles': 648, 'min_stay': 1, 'platichastyami': 0, 'mircashback': 1080}, {'id': 922258, 'capacity': 2, 'prepayment': 'NO', 'nonrefundable': 0, 'cancellation_period': 0, 'cancellation_fee': 'NO', 'breakfast': 1, 'base_price': 12960, 'prices': [12960], 'price': 12960, 'old_price': 12960, 'currency': 'RUB', 'payment_amount': 0, 'extras_variants': [], 'extras': {'15506': {'id': 15506, 'number': 1, 'extra_bed_type_id': 0, 'age': [0, 7], 'extra_bed': 0, 'free': 1}}, 'rate_id': 282, 'deals': [], 'cancellation_type': 'free', 'credit_card': 0, 'bonus': 648, 'miles': 777, 'min_stay': 1, 'platichastyami': 0, 'mircashback': 1296}, {'id': '922259P', 'capacity': 1, 'prepayment': 'FULL', 'nonrefundable': 0, 'cancellation_period': 0, 'cancellation_fee': 'NO', 'breakfast': 0, 'base_price': 10000, 'prices': [10000], 'price': 10000, 'old_price': 10000, 'currency': 'RUB', 'payment_amount': 10000, 'extras_variants': [], 'extras': {'15506': {'id': 15506, 'number': 1, 'extra_bed_type_id': 0, 'age': [0, 7], 'extra_bed': 0, 'free': 1}}, 'rate_id': 283, 'deals': [], 'cancellation_type': 'free', 'credit_card': 0, 'bonus': 500, 'miles': 600, 'min_stay': 1, 'platichastyami': 0, 'mircashback': 1000}, {'id': '922257P', 'capacity': 1, 'prepayment': 'FULL', 'nonrefundable': 0, 'cancellation_period': 0, 'cancellation_fee': 'NO', 'breakfast': 1, 'base_price': 10960, 'prices': [10960], 'price': 10960, 'old_price': 10960, 'currency': 'RUB', 'payment_amount': 10960, 'extras_variants': [], 'extras': {'15506': {'id': 15506, 'number': 1, 'extra_bed_type_id': 0, 'age': [0, 7], 'extra_bed': 0, 'free': 1}}, 'rate_id': 282, 'deals': [], 'cancellation_type': 'free', 'credit_card': 0, 'bonus': 548, 'miles': 657, 'min_stay': 1, 'platichastyami': 0, 'mircashback': 1096}, {'id': '922260P', 'capacity': 2, 'prepayment': 'FULL', 'nonrefundable': 0, 'cancellation_period': 0, 'cancellation_fee': 'NO', 'breakfast': 0, 'base_price': 10800, 'prices': [10800], 'price': 10800, 'old_price': 10800, 'currency': 'RUB', 'payment_amount': 10800, 'extras_variants': [], 'extras': {'15506': {'id': 15506, 'number': 1, 'extra_bed_type_id': 0, 'age': [0, 7], 'extra_bed': 0, 'free': 1}}, 'rate_id': 283, 'deals': [], 'cancellation_type': 'free', 'credit_card': 0, 'bonus': 540, 'miles': 648, 'min_stay': 1, 'platichastyami': 0, 'mircashback': 1080}, {'id': '922258P', 'capacity': 2, 'prepayment': 'FULL', 'nonrefundable': 0, 'cancellation_period': 0, 'cancellation_fee': 'NO', 'breakfast': 1, 'base_price': 12960, 'prices': [12960], 'price': 12960, 'old_price': 12960, 'currency': 'RUB', 'payment_amount': 12960, 'extras_variants': [], 'extras': {'15506': {'id': 15506, 'number': 1, 'extra_bed_type_id': 0, 'age': [0, 7], 'extra_bed': 0, 'free': 1}}, 'rate_id': 282, 'deals': [], 'cancellation_type': 'free', 'credit_card': 0, 'bonus': 648, 'miles': 777, 'min_stay': 1, 'platichastyami': 0, 'mircashback': 1296}]",10000.0,600,560072_101hotels,2026-07-31
2297021,,Grand Deluxe,2,1,0,1,Улучшенный,113,5,"[{'double': 1}, {'sofa': 1}]","[{'id': '19977', 'number': '1', 'min_age': '0', 'max_age': '7', 'is_extra_bed': '0', 'extra_bed_type_id': '0'}]","[{'id': 1016161, 'capacity': 1, 'prepayment': 'NO', 'nonrefundable': 0, 'cancellation_period': 0, 'cancellation_fee': 'NO', 'breakfast': 0, 'base_price': 7600, 'prices': [7600], 'price': 7600, 'old_price': 7600, 'currency': 'RUB', 'payment_amount': 0, 'extras_variants': [], 'extras': {'19977': {'id': 19977, 'number': 1, 'extra_bed_type_id': 0, 'age': [0, 7], 'extra_bed': 0, 'free': 1}}, 'rate_id': 283, 'deals': [], 'cancellation_type': 'free', 'credit_card': 0, 'bonus': 380, 'miles': 456, 'min_stay': 1, 'platichastyami': 0, 'mircashback': 760}, {'id': 1016159, 'capacity': 1, 'prepayment': 'NO', 'nonrefundable': 0, 'cancellation_period': 0, 'cancellation_fee': 'NO', 'breakfast': 1, 'base_price': 8560, 'prices': [8560], 'price': 8560, 'old_price': 8560, 'currency': 'RUB', 'payment_amount': 0, 'extras_variants': [], 'extras': {'19977': {'id': 19977, 'number': 1, 'extra_bed_type_id': 0, 'age': [0, 7], 'extra_bed': 0, 'free': 1}}, 'rate_id': 282, 'deals': [], 'cancellation_type': 'free', 'credit_card': 0, 'bonus': 428, 'miles': 513, 'min_stay': 1, 'platichastyami': 0, 'mircashback': 856}, {'id': 1016162, 'capacity': 2, 'prepayment': 'NO', 'nonrefundable': 0, 'cancellation_period': 0, 'cancellation_fee': 'NO', 'breakfast': 0, 'base_price': 8400, 'prices': [8400], 'price': 8400, 'old_price': 8400, 'currency': 'RUB', 'payment_amount': 0, 'extras_variants': [], 'extras': {'19977': {'id': 19977, 'number': 1, 'extra_bed_type_id': 0, 'age': [0, 7], 'extra_bed': 0, 'free': 1}}, 'rate_id': 283, 'deals': [], 'cancellation_type': 'free', 'credit_card': 0, 'bonus': 420, 'miles': 504, 'min_stay': 1, 'platichastyami': 0, 'mircashback': 840}, {'id': 1016160, 'capacity': 2, 'prepayment': 'NO', 'nonrefundable': 0, 'cancellation_period': 0, 'cancellation_fee': 'NO', 'breakfast': 1, 'base_price': 10560, 'prices': [10560], 'price': 10560, 'old_price': 10560, 'currency': 'RUB', 'payment_amount': 0, 'extras_variants': [], 'extras': {'19977': {'id': 19977, 'number': 1, 'extra_bed_type_id': 0, 'age': [0, 7], 'extra_bed': 0, 'free': 1}}, 'rate_id': 282, 'deals': [], 'cancellation_type': 'free', 'credit_card': 0, 'bonus': 528, 'miles': 633, 'min_stay': 1, 'platichastyami': 0, 'mircashback': 1056}, {'id': '1016161P', 'capacity': 1, 'prepayment': 'FULL', 'nonrefundable': 0, 'cancellation_period': 0, 'cancellation_fee': 'NO', 'breakfast': 0, 'base_price': 7600, 'prices': [7600], 'price': 7600, 'old_price': 7600, 'currency': 'RUB', 'payment_amount': 7600, 'extras_variants': [], 'extras': {'19977': {'id': 19977, 'number': 1, 'extra_bed_type_id': 0, 'age': [0, 7], 'extra_bed': 0, 'free': 1}}, 'rate_id': 283, 'deals': [], 'cancellation_type': 'free', 'credit_card': 0, 'bonus': 380, 'miles': 456, 'min_stay': 1, 'platichastyami': 0, 'mircashback': 760}, {'id': '1016159P', 'capacity': 1, 'prepayment': 'FULL', 'nonrefundable': 0, 'cancellation_period': 0, 'cancellation_fee': 'NO', 'breakfast': 1, 'base_price': 8560, 'prices': [8560], 'price': 8560, 'old_price': 8560, 'currency': 'RUB', 'payment_amount': 8560, 'extras_variants': [], 'extras': {'19977': {'id': 19977, 'number': 1, 'extra_bed_type_id': 0, 'age': [0, 7], 'extra_bed': 0, 'free': 1}}, 'rate_id': 282, 'deals': [], 'cancellation_type': 'free', 'credit_card': 0, 'bonus': 428, 'miles': 513, 'min_stay': 1, 'platichastyami': 0, 'mircashback': 856}, {'id': '1016162P', 'capacity': 2, 'prepayment': 'FULL', 'nonrefundable': 0, 'cancellation_period': 0, 'cancellation_fee': 'NO', 'breakfast': 0, 'base_price': 8400, 'prices': [8400], 'price': 8400, 'old_price': 8400, 'currency': 'RUB', 'payment_amount': 8400, 'extras_variants': [], 'extras': {'19977': {'id': 19977, 'number': 1, 'extra_bed_type_id': 0, 'age': [0, 7], 'extra_bed': 0, 'free': 1}}, 'rate_id': 283, 'deals': [], 'cancellation_type': 'free', 'credit_card': 0, 'bonus': 420, 'miles': 504, 'min_stay': 1, 'platichastyami': 0, 'mircashback': 840}, {'id': '1016160P', 'capacity': 2, 'prepayment': 'FULL', 'nonrefundable': 0, 'cancellation_period': 0, 'cancellation_fee': 'NO', 'breakfast': 1, 'base_price': 10560, 'prices': [10560], 'price': 10560, 'old_price': 10560, 'currency': 'RUB', 'payment_amount': 10560, 'extras_variants': [], 'extras': {'19977': {'id': 19977, 'number': 1, 'extra_bed_type_id': 0, 'age': [0, 7], 'extra_bed': 0, 'free': 1}}, 'rate_id': 282, 'deals': [], 'cancellation_type': 'free', 'credit_card': 0, 'bonus': 528, 'miles': 633, 'min_stay': 1, 'platichastyami': 0, 'mircashback': 1056}]",7600.0,456,560072_101hotels,2026-07-31
2278396,,Стильная студия на Строительном,4,0,0,1,Апартаменты,14,1,"[{'double': 1, 'sofa': 1}]",[],"[{'id': 837247, 'capacity': 1, 'prepayment': 'FULL', 'nonrefundable': 0, 'cancellation_period': 0, 'cancellation_fee': 'NO', 'breakfast': 0, 'base_price': 4000, 'prices': [4000], 'price': 3680, 'old_price': 4000, 'currency': 'RUB', 'payment_amount': 4000, 'extras_variants': [], 'extras': [], 'rate_id': 9236, 'deals': ['LAST_MINUTE'], 'cancellation_type': 'free', 'credit_card': 1, 'bonus': 184, 'miles': 219, 'min_stay': 1, 'platichastyami': 0, 'mircashback': 368}, {'id': 837248, 'capacity': 2, 'prepayment': 'FULL', 'nonrefundable': 0, 'cancellation_period': 0, 'cancellation_fee': 'NO', 'breakfast': 0, 'base_price': 4000, 'prices': [4000], 'price': 3680, 'old_price': 4000, 'currency': 'RUB', 'payment_amount': 4000, 'extras_variants': [], 'extras': [], 'rate_id': 9236, 'deals': ['LAST_MINUTE'], 'cancellation_type': 'free', 'credit_card': 1, 'bonus': 184, 'miles': 219, 'min_stay': 1, 'platichastyami': 0, 'mircashback': 368}, {'id': 837249, 'capacity': 3, 'prepayment': 'FULL', 'nonrefundable': 0, 'cancellation_period': 0, 'cancellation_fee': 'NO', 'breakfast': 0, 'base_price': 4100, 'prices': [4100], 'price': 3772, 'old_price': 4100, 'currency': 'RUB', 'payment_amount': 4100, 'extras_variants': [], 'extras': [], 'rate_id': 9236, 'deals': ['LAST_MINUTE'], 'cancellation_type': 'free', 'credit_card': 1, 'bonus': 189, 'miles': 225, 'min_stay': 1, 'platichastyami': 0, 'mircashback': 377}, {'id': 837250, 'capacity': 4, 'prepayment': 'FULL', 'nonrefundable': 0, 'cancellation_period': 0, 'cancellation_fee': 'NO', 'breakfast': 0, 'base_price': 4200, 'prices': [4200], 'price': 3864, 'old_price': 4200, 'currency': 'RUB', 'payment_amount': 4200, 'extras_variants': [], 'extras': [], 'rate_id': 9236, 'deals': ['LAST_MINUTE'], 'cancellation_type': 'free', 'credit_card': 1, 'bonus': 193, 'miles': 231, 'min_stay': 1, 'platichastyami': 0, 'mircashback': 386}]",3680.0,219,653874_101hotels,2026-07-31
1855148,,Классик / Classic,2,0,0,1,Номер,45,8,[{'double': 1}],"[{'id': '10497', 'number': '1', 'min_age': '0', 'max_age': '4', 'is_extra_bed': '0', 'extra_bed_type_id': '0'}]","[{'id': 1171660, 'capacity': 1, 'prepayment': 'FULL', 'nonrefundable': 0, 'cancellation_period': 3, 'cancellation_fee': 'FIRST', 'breakfast': 1, 'base_price': 22500, 'prices': [22500], 'price': 22500, 'old_price': 22500, 'currency': 'RUB', 'payment_amount': 22500, 'extras_variants': [], 'extras': {'10497': {'id': 10497, 'number': 1, 'extra_bed_type_id': 0, 'age': [0, 4], 'extra_bed': 0, 'free': 1}}, 'rate_id': 59650, 'deals': [], 'cancellation_type': 'special', 'credit_card': 1, 'bonus': 1125, 'miles': 1350, 'min_stay': 1, 'platichastyami': 0, 'mircashback': 2250}, {'id': 493475, 'capacity': 1, 'prepayment': 'NO', 'nonrefundable': 0, 'cancellation_period': 0, 'cancellation_fee': 'NO', 'breakfast': 1, 'base_price': 23625, 'prices': [23625], 'price': 23625, 'old_price': 23625, 'currency': 'RUB', 'payment_amount': 0, 'extras_variants': [], 'extras': {'10497': {'id': 10497, 'number': 1, 'extra_bed_type_id': 0, 'age': [0, 4], 'extra_bed': 0, 'free': 1}}, 'rate_id': 13890, 'deals': [], 'cancellation_type': 'free', 'credit_card': 0, 'bonus': 1181, 'miles': 1416, 'min_stay': 1, 'platichastyami': 0, 'mircashback': 2363}, {'id': 1171661, 'capacity': 2, 'prepayment': 'FULL', 'nonrefundable': 0, 'cancellation_period': 3, 'cancellation_fee': 'FIRST', 'breakfast': 1, 'base_price': 22500, 'prices': [22500], 'price': 22500, 'old_price': 22500, 'currency': 'RUB', 'payment_amount': 22500, 'extras_variants': [], 'extras': {'10497': {'id': 10497, 'number': 1, 'extra_bed_type_id': 0, 'age': [0, 4], 'extra_bed': 0, 'free': 1}}, 'rate_id': 59650, 'deals': [], 'cancellation_type': 'special', 'credit_card': 1, 'bonus': 1125, 'miles': 1350, 'min_stay': 1, 'platichastyami': 0, 'mircashback': 2250}, {'id': 493476, 'capacity': 2, 'prepayment': 'NO', 'nonrefundable': 0, 'cancellation_period': 0, 'cancellation_fee': 'NO', 'breakfast': 1, 'base_price': 23625, 'prices': [23625], 'price': 23625, 'old_price': 23625, 'currency': 'RUB', 'payment_amount': 0, 'extras_variants': [], 'extras': {'10497': {'id': 10497, 'number': 1, 'extra_bed_type_id': 0, 'age': [0, 4], 'extra_bed': 0, 'free': 1}}, 'rate_id': 13890, 'deals': [], 'cancellation_type': 'free', 'credit_card': 0, 'bonus': 1181, 'miles': 1416, 'min_stay': 1, 'platichastyami': 0, 'mircashback': 2363}]",22500.0,1350,556415_101hotels,2026-07-31
1855149,,Комфорт / Comfort,2,1,0,1,Номер,45,2,"[{'single': 2}, {'double': 1}]","[{'id': '10498', 'number': '1', 'min_age': '0', 'max_age': '4', 'is_extra_bed': '1', 'extra_bed_type_id': '4'}]","[{'id': 1171662, 'capacity': 1, 'prepayment': 'FULL', 'nonrefundable': 0, 'cancellation_period': 3, 'cancellation_fee': 'FIRST', 'breakfast': 1, 'base_price': 24500, 'prices': [24500], 'price': 24500, 'old_price': 24500, 'currency': 'RUB', 'payment_amount': 24500, 'extras_variants': [], 'extras': {'10498': {'id': 10498, 'number': 1, 'extra_bed_type_id': 4, 'age': [0, 4], 'extra_bed': 1, 'free': 1}}, 'rate_id': 59650, 'deals': [], 'cancellation_type': 'special', 'credit_card': 1, 'bonus': 1225, 'miles': 1470, 'min_stay': 1, 'platichastyami': 0, 'mircashback': 2450}, {'id': 493477, 'capacity': 1, 'prepayment': 'NO', 'nonrefundable': 0, 'cancellation_period': 0, 'cancellation_fee': 'NO', 'breakfast': 1, 'base_price': 25725, 'prices': [25725], 'price': 25725, 'old_price': 25725, 'currency': 'RUB', 'payment_amount': 0, 'extras_variants': [], 'extras': {'10498': {'id': 10498, 'number': 1, 'extra_bed_type_id': 4, 'age': [0, 4], 'extra_bed': 1, 'free': 1}}, 'rate_id': 13890, 'deals': [], 'cancellation_type': 'free', 'credit_card': 0, 'bonus': 1286, 'miles': 1542, 'min_stay': 1, 'platichastyami': 0, 'mircashback': 2573}, {'id': 1171663, 'capacity': 2, 'prepayment': 'FULL', 'nonrefundable': 0, 'cancellation_period': 3, 'cancellation_fee': 'FIRST', 'breakfast': 1, 'base_price': 24500, 'prices': [24500], 'price': 24500, 'old_price': 24500, 'currency': 'RUB', 'payment_amount': 24500, 'extras_variants': [], 'extras': {'10498': {'id': 10498, 'number': 1, 'extra_bed_type_id': 4, 'age': [0, 4], 'extra_bed': 1, 'free': 1}}, 'rate_id': 59650, 'deals': [], 'cancellation_type': 'special', 'credit_card': 1, 'bonus': 1225, 'miles': 1470, 'min_stay': 1, 'platichastyami': 0, 'mircashback': 2450}, {'id': 493478, 'capacity': 2, 'prepayment': 'NO', 'nonrefundable': 0, 'cancellation_period': 0, 'cancellation_fee': 'NO', 'breakfast': 1, 'base_price': 25725, 'prices': [25725], 'price': 25725, 'old_price': 25725, 'currency': 'RUB', 'payment_amount': 0, 'extras_variants': [], 'extras': {'10498': {'id': 10498, 'number': 1, 'extra_bed_type_id': 4, 'age': [0, 4], 'extra_bed': 1, 'free': 1}}, 'rate_id': 13890, 'deals': [], 'cancellation_type': 'free', 'credit_card': 0, 'bonus': 1286, 'miles': 1542, 'min_stay': 1, 'platichastyami': 0, 'mircashback': 2573}]",24500.0,1470,556415_101hotels,2026-07-31
2236963,,"Четырехместная студия на ул. Красных Мадьяр, 14/2",2,0,0,1,Двухместный,2,1,"[{'double': 1, 'sofa': 1}]","[{'id': '16987', 'number': '1', 'min_age': '0', 'max_age': '3', 'is_extra_bed': '0', 'extra_bed_type_id': '0'}]","[{'id': 445200, 'capacity': 1, 'prepayment': 'FIRST', 'nonrefundable': 0, 'cancellation_period': 2, 'cancellation_fee': 'FIRST', 'breakfast': 0, 'base_price': 4160, 'prices': [4160], 'price': 3744, 'old_price': 4160, 'currency': 'RUB', 'payment_amount': 4160, 'extras_variants': [], 'extras': {'16987': {'id': 16987, 'number': 1, 'extra_bed_type_id': 0, 'age': [0, 3], 'extra_bed': 0, 'free': 1}}, 'rate_id': 10638, 'deals': ['LAST_MINUTE'], 'cancellation_type': 'special', 'credit_card': 1, 'bonus': 187, 'miles': 222, 'min_stay': 1, 'platichastyami': 0, 'mircashback': 374}, {'id': 475428, 'capacity': 2, 'prepayment': 'FIRST', 'nonrefundable': 0, 'cancellation_period': 2, 'cancellation_fee': 'FIRST', 'breakfast': 0, 'base_price': 4160, 'prices': [4160], 'price': 3744, 'old_price': 4160, 'currency': 'RUB', 'payment_amount': 4160, 'extras_variants': [], 'extras': {'16987': {'id': 16987, 'number': 1, 'extra_bed_type_id': 0, 'age': [0, 3], 'extra_bed': 0, 'free': 1}}, 'rate_id': 10638, 'deals': ['LAST_MINUTE'], 'cancellation_type': 'special', 'credit_card': 1, 'bonus': 187, 'miles': 222, 'min_stay': 1, 'platichastyami': 0, 'mircashback': 374}]",3744.0,222,655145_101hotels,2026-07-31
61494,,Double,2,0,0,1,Двухместный,2,1,[{'double': 1}],[],"[{'id': 522138, 'capacity': 1, 'prepayment': 'NO', 'nonrefundable': 0, 'cancellation_period': 0, 'cancellation_fee': 'NO', 'breakfast': 0, 'base_price': 3200, 'prices': [3200], 'price': 3200, 'old_price': 3200, 'currency': 'RUB', 'payment_amount': 0, 'extras_variants': [], 'extras': [], 'rate_id': 15820, 'deals': [], 'cancellation_type': 'free', 'credit_card': 0, 'bonus': 160, 'miles': 192, 'min_stay': 1, 'platichastyami': 0, 'mircashback': 320}, {'id': 522139, 'capacity': 2, 'prepayment': 'NO', 'nonrefundable': 0, 'cancellation_period': 0, 'cancellation_fee': 'NO', 'breakfast': 0, 'base_price': 3800, 'prices': [3800], 'price': 3800, 'old_price': 3800, 'currency': 'RUB', 'payment_amount': 0, 'extras_variants': [], 'extras': [], 'rate_id': 15820, 'deals': [], 'cancellation_type': 'free', 'credit_card': 0, 'bonus': 190, 'miles': 228, 'min_stay': 1, 'platichastyami': 0, 'mircashback': 380}, {'id': '522138P', 'capacity': 1, 'prepayment': 'FULL', 'nonrefundable': 0, 'cancellation_period': 0, 'cancellation_fee': 'NO', 'breakfast': 0, 'base_price': 3200, 'prices': [3200], 'price': 3200, 'old_price': 3200, 'currency': 'RUB', 'payment_amount': 3200, 'extras_variants': [], 'extras': [], 'rate_id': 15820, 'deals': [], 'cancellation_type': 'free', 'credit_card': 0, 'bonus': 160, 'miles': 192, 'min_stay': 1, 'platichastyami': 0, 'mircashback': 320}, {'id': '522139P', 'capacity': 2, 'prepayment': 'FULL', 'nonrefundable': 0, 'cancellation_period': 0, 'cancellation_fee': 'NO', 'breakfast': 0, 'base_price': 3800, 'prices': [3800], 'price': 3800, 'old_price': 3800, 'currency': 'RUB', 'payment_amount': 3800, 'extras_variants': [], 'extras': [], 'rate_id': 15820, 'deals': [], 'cancellation_type': 'free', 'credit_card': 0, 'bonus': 190, 'miles': 228, 'min_stay': 1, 'platichastyami': 0, 'mircashback': 380}]",3200.0,192,10621_101hotels,2026-07-31
61495,,Twin,2,0,0,1,Двухместный,2,1,[{'single': 2}],[],"[{'id': 522140, 'capacity': 1, 'prepayment': 'NO', 'nonrefundable': 0, 'cancellation_period': 0, 'cancellation_fee': 'NO', 'breakfast': 0, 'base_price': 2900, 'prices': [2900], 'price': 2900, 'old_price': 2900, 'currency': 'RUB', 'payment_amount': 0, 'extras_variants': [], 'extras': [], 'rate_id': 15820, 'deals': [], 'cancellation_type': 'free', 'credit_card': 0, 'bonus': 145, 'miles': 174, 'min_stay': 1, 'platichastyami': 0, 'mircashback': 290}, {'id': 522141, 'capacity': 2, 'prepayment': 'NO', 'nonrefundable': 0, 'cancellation_period': 0, 'cancellation_fee': 'NO', 'breakfast': 0, 'base_price': 3800, 'prices': [3800], 'price': 3800, 'old_price': 3800, 'currency': 'RUB', 'payment_amount': 0, 'extras_variants': [], 'extras': [], 'rate_id': 15820, 'deals': [], 'cancellation_type': 'free', 'credit_card': 0, 'bonus': 190, 'miles': 228, 'min_stay': 1, 'platichastyami': 0, 'mircashback': 380}, {'id': '522140P', 'capacity': 1, 'prepayment': 'FULL', 'nonrefundable': 0, 'cancellation_period': 0, 'cancellation_fee': 'NO', 'breakfast': 0, 'base_price': 2900, 'prices': [2900], 'price': 2900, 'old_price': 2900, 'currency': 'RUB', 'payment_amount': 2900, 'extras_variants': [], 'extras': [], 'rate_id': 15820, 'deals': [], 'cancellation_type': 'free', 'credit_card': 0, 'bonus': 145, 'miles': 174, 'min_stay': 1, 'platichastyami': 0, 'mircashback': 290}, {'id': '522141P', 'capacity': 2, 'prepayment': 'FULL', 'nonrefundable': 0, 'cancellation_period': 0, 'cancellation_fee': 'NO', 'breakfast': 0, 'base_price': 3800, 'prices': [3800], 'price': 3800, 'old_price': 3800, 'currency': 'RUB', 'payment_amount': 3800, 'extras_variants': [], 'extras': [], 'rate_id': 15820, 'deals': [], 'cancellation_type': 'free', 'credit_card': 0, 'bonus': 190, 'miles': 228, 'min_stay': 1, 'platichastyami': 0, 'mircashback': 380}]",2900.0,174,10621_101hotels,2026-07-31
61496,,,3,0,0,1,Трехместный,37,2,[{'single': 3}],[],"[{'id': 522144, 'capacity': 1, 'prepayment': 'NO', 'nonrefundable': 0, 'cancellation_period': 0, 'cancellation_fee': 'NO', 'breakfast': 0, 'base_price': 2900, 'prices': [2900], 'price': 2900, 'old_price': 2900, 'currency': 'RUB', 'payment_amount': 0, 'extras_variants': [], 'extras': [], 'rate_id': 15820, 'deals': [], 'cancellation_type': 'free', 'credit_card': 0, 'bonus': 145, 'miles': 174, 'min_stay': 1, 'platichastyami': 0, 'mircashback': 290}, {'id': 522145, 'capacity': 2, 'prepayment': 'NO', 'nonrefundable': 0, 'cancellation_period': 0, 'cancellation_fee': 'NO', 'breakfast': 0, 'base_price': 3800, 'prices': [3800], 'price': 3800, 'old_price': 3800, 'currency': 'RUB', 'payment_amount': 0, 'extras_variants': [], 'extras': [], 'rate_id': 15820, 'deals': [], 'cancellation_type': 'free', 'credit_card': 0, 'bonus': 190, 'miles': 228, 'min_stay': 1, 'platichastyami': 0, 'mircashback': 380}, {'id': 522146, 'capacity': 3, 'prepayment': 'NO', 'nonrefundable': 0, 'cancellation_period': 0, 'cancellation_fee': 'NO', 'breakfast': 0, 'base_price': 4400, 'prices': [4400], 'price': 4400, 'old_price': 4400, 'currency': 'RUB', 'payment_amount': 0, 'extras_variants': [], 'extras': [], 'rate_id': 15820, 'deals': [], 'cancellation_type': 'free', 'credit_card': 0, 'bonus': 220, 'miles': 264, 'min_stay': 1, 'platichastyami': 0, 'mircashback': 440}, {'id': '522144P', 'capacity': 1, 'prepayment': 'FULL', 'nonrefundable': 0, 'cancellation_period': 0, 'cancellation_fee': 'NO', 'breakfast': 0, 'base_price': 2900, 'prices': [2900], 'price': 2900, 'old_price': 2900, 'currency': 'RUB', 'payment_amount': 2900, 'extras_variants': [], 'extras': [], 'rate_id': 15820, 'deals': [], 'cancellation_type': 'free', 'credit_card': 0, 'bonus': 145, 'miles': 174, 'min_stay': 1, 'platichastyami': 0, 'mircashback': 290}, {'id': '522145P', 'capacity': 2, 'prepayment': 'FULL', 'nonrefundable': 0, 'cancellation_period': 0, 'cancellation_fee': 'NO', 'breakfast': 0, 'base_price': 3800, 'prices': [3800], 'price': 3800, 'old_price': 3800, 'currency': 'RUB', 'payment_amount': 3800, 'extras_variants': [], 'extras': [], 'rate_id': 15820, 'deals': [], 'cancellation_type': 'free', 'credit_card': 0, 'bonus': 190, 'miles': 228, 'min_stay': 1, 'platichastyami': 0, 'mircashback': 380}, {'id': '522146P', 'capacity': 3, 'prepayment': 'FULL', 'nonrefundable': 0, 'cancellation_period': 0, 'cancellation_fee': 'NO', 'breakfast': 0, 'base_price': 4400, 'prices': [4400], 'price': 4400, 'old_price': 4400, 'currency': 'RUB', 'payment_amount': 4400, 'extras_variants': [], 'extras': [], 'rate_id': 15820, 'deals': [], 'cancellation_type': 'free', 'credit_card': 0, 'bonus': 220, 'miles': 264, 'min_stay': 1, 'platichastyami': 0, 'mircashback': 440}]",2900.0,174,10621_101hotels,2026-07-31
2270689,,Стандарт,4,0,0,1,Четырехместный,34,1,[{'single': 4}],[],"[{'id': 761983, 'capacity': 1, 'prepayment': 'NO', 'nonrefundable': 0, 'cancellation_period': 0, 'cancellation_fee': 'NO', 'breakfast': 0, 'base_price': 2900, 'prices': [2900], 'price': 2900, 'old_price': 2900, 'currency': 'RUB', 'payment_amount': 0, 'extras_variants': [], 'extras': [], 'rate_id': 15820, 'deals': [], 'cancellation_type': 'free', 'credit_card': 0, 'bonus': 145, 'miles': 174, 'min_stay': 1, 'platichastyami': 0, 'mircashback': 290}, {'id': 761984, 'capacity': 2, 'prepayment': 'NO', 'nonrefundable': 0, 'cancellation_period': 0, 'cancellation_fee': 'NO', 'breakfast': 0, 'base_price': 3800, 'prices': [3800], 'price': 3800, 'old_price': 3800, 'currency': 'RUB', 'payment_amount': 0, 'extras_variants': [], 'extras': [], 'rate_id': 15820, 'deals': [], 'cancellation_type': 'free', 'credit_card': 0, 'bonus': 190, 'miles': 228, 'min_stay': 1, 'platichastyami': 0, 'mircashback': 380}, {'id': 761985, 'capacity': 3, 'prepayment': 'NO', 'nonrefundable': 0, 'cancellation_period': 0, 'cancellation_fee': 'NO', 'breakfast': 0, 'base_price': 4400, 'prices': [4400], 'price': 4400, 'old_price': 4400, 'currency': 'RUB', 'payment_amount': 0, 'extras_variants': [], 'extras': [], 'rate_id': 15820, 'deals': [], 'cancellation_type': 'free', 'credit_card': 0, 'bonus': 220, 'miles': 264, 'min_stay': 1, 'platichastyami': 0, 'mircashback': 440}, {'id': 761986, 'capacity': 4, 'prepayment': 'NO', 'nonrefundable': 0, 'cancellation_period': 0, 'cancellation_fee': 'NO', 'breakfast': 0, 'base_price': 4980, 'prices': [4980], 'price': 4980, 'old_price': 4980, 'currency': 'RUB', 'payment_amount': 0, 'extras_variants': [], 'extras': [], 'rate_id': 15820, 'deals': [], 'cancellation_type': 'free', 'credit_card': 0, 'bonus': 249, 'miles': 297, 'min_stay': 1, 'platichastyami': 0, 'mircashback': 498}, {'id': '761983P', 'capacity': 1, 'prepayment': 'FULL', 'nonrefundable': 0, 'cancellation_period': 0, 'cancellation_fee': 'NO', 'breakfast': 0, 'base_price': 2900, 'prices': [2900], 'price': 2900, 'old_price': 2900, 'currency': 'RUB', 'payment_amount': 2900, 'extras_variants': [], 'extras': [], 'rate_id': 15820, 'deals': [], 'cancellation_type': 'free', 'credit_card': 0, 'bonus': 145, 'miles': 174, 'min_stay': 1, 'platichastyami': 0, 'mircashback': 290}, {'id': '761984P', 'capacity': 2, 'prepayment': 'FULL', 'nonrefundable': 0, 'cancellation_period': 0, 'cancellation_fee': 'NO', 'breakfast': 0, 'base_price': 3800, 'prices': [3800], 'price': 3800, 'old_price': 3800, 'currency': 'RUB', 'payment_amount': 3800, 'extras_variants': [], 'extras': [], 'rate_id': 15820, 'deals': [], 'cancellation_type': 'free', 'credit_card': 0, 'bonus': 190, 'miles': 228, 'min_stay': 1, 'platichastyami': 0, 'mircashback': 380}, {'id': '761985P', 'capacity': 3, 'prepayment': 'FULL', 'nonrefundable': 0, 'cancellation_period': 0, 'cancellation_fee': 'NO', 'breakfast': 0, 'base_price': 4400, 'prices': [4400], 'price': 4400, 'old_price': 4400, 'currency': 'RUB', 'payment_amount': 4400, 'extras_variants': [], 'extras': [], 'rate_id': 15820, 'deals': [], 'cancellation_type': 'free', 'credit_card': 0, 'bonus': 220, 'miles': 264, 'min_stay': 1, 'platichastyami': 0, 'mircashback': 440}, {'id': '761986P', 'capacity': 4, 'prepayment': 'FULL', 'nonrefundable': 0, 'cancellation_period': 0, 'cancellation_fee': 'NO', 'breakfast': 0, 'base_price': 4980, 'prices': [4980], 'price': 4980, 'old_price': 4980, 'currency': 'RUB', 'payment_amount': 4980, 'extras_variants': [], 'extras': [], 'rate_id': 15820, 'deals': [], 'cancellation_type': 'free', 'credit_card': 0, 'bonus': 249, 'miles': 297, 'min_stay': 1, 'platichastyami': 0, 'mircashback': 498}]",2900.0,174,10621_101hotels,2026-07-31
5740,,Стандартный Первой категории,2,1,0,1,Двухместный,2,4,"[{'single': 2}, {'double': 1}]",[],"[{'id': 264885, 'capacity': 1, 'prepayment': 'NO', 'nonrefundable': 0, 'cancellation_period': 0, 'cancellation_fee': 'NO', 'breakfast': 1, 'base_price': 5200, 'prices': [5200], 'price': 5200, 'old_price': 0, 'currency': 'RUB', 'payment_amount': 0, 'extras_variants': [], 'extras': [], 'rate_id': 861, 'deals': [], 'cancellation_type': 'free', 'credit_card': 0, 'bonus': 260, 'miles': 312, 'min_stay': 1, 'platichastyami': 0, 'mircashback': 520}, {'id': 540945, 'capacity': 1, 'prepayment': 'NO', 'nonrefundable': 0, 'cancellation_period': 0, 'cancellation_fee': 'NO', 'breakfast': 3, 'base_price': 6100, 'prices': [6100], 'price': 6100, 'old_price': 0, 'currency': 'RUB', 'payment_amount': 0, 'extras_variants': [], 'extras': [], 'rate_id': 16985, 'deals': [], 'cancellation_type': 'free', 'credit_card': 0, 'bonus': 305, 'miles': 366, 'min_stay': 1, 'platichastyami': 0, 'mircashback': 610}, {'id': 264886, 'capacity': 2, 'prepayment': 'NO', 'nonrefundable': 0, 'cancellation_period': 0, 'cancellation_fee': 'NO', 'breakfast': 1, 'base_price': 6000, 'prices': [6000], 'price': 6000, 'old_price': 0, 'currency': 'RUB', 'payment_amount': 0, 'extras_variants': [], 'extras': [], 'rate_id': 861, 'deals': [], 'cancellation_type': 'free', 'credit_card': 0, 'bonus': 300, 'miles': 360, 'min_stay': 1, 'platichastyami': 0, 'mircashback': 600}, {'id': 540946, 'capacity': 2, 'prepayment': 'NO', 'nonrefundable': 0, 'cancellation_period': 0, 'cancellation_fee': 'NO', 'breakfast': 3, 'base_price': 7800, 'prices': [7800], 'price': 7800, 'old_price': 0, 'currency': 'RUB', 'payment_amount': 0, 'extras_variants': [], 'extras': [], 'rate_id': 16985, 'deals': [], 'cancellation_type': 'free', 'credit_card': 0, 'bonus': 390, 'miles': 468, 'min_stay': 1, 'platichastyami': 0, 'mircashback': 780}]",5200.0,312,222_101hotels,2026-07-31
2247929,,Номер 3,3,0,0,0,Трехместный,37,1,"[{'single': 2, 'f-chair': 1}]","[{'id': '47505', 'number': '1', 'min_age': '0', 'max_age': '7', 'is_extra_bed': '0', 'extra_bed_type_id': '0'}]","[{'id': 552464, 'capacity': 1, 'prepayment': 'FIRST', 'nonrefundable': 0, 'cancellation_period': 1, 'cancellation_fee': 'FIRST', 'breakfast': 0, 'base_price': 2400, 'prices': [2400], 'price': 2400, 'old_price': 2400, 'currency': 'RUB', 'payment_amount': 2400, 'extras_variants': [], 'extras': {'47505': {'id': 47505, 'number': 1, 'extra_bed_type_id': 0, 'age': [0, 7], 'extra_bed': 0, 'free': 1}}, 'rate_id': 17619, 'deals': [], 'cancellation_type': 'special', 'credit_card': 1, 'bonus': 120, 'miles': 144, 'min_stay': 1, 'platichastyami': 0, 'mircashback': 240}, {'id': 552465, 'capacity': 2, 'prepayment': 'FIRST', 'nonrefundable': 0, 'cancellation_period': 1, 'cancellation_fee': 'FIRST', 'breakfast': 0, 'base_price': 3120, 'prices': [3120], 'price': 3120, 'old_price': 3120, 'currency': 'RUB', 'payment_amount': 3120, 'extras_variants': [], 'extras': {'47505': {'id': 47505, 'number': 1, 'extra_bed_type_id': 0, 'age': [0, 7], 'extra_bed': 0, 'free': 1}}, 'rate_id': 17619, 'deals': [], 'cancellation_type': 'special', 'credit_card': 1, 'bonus': 156, 'miles': 186, 'min_stay': 1, 'platichastyami': 0, 'mircashback': 312}, {'id': 1206481, 'capacity': 3, 'prepayment': 'FIRST', 'nonrefundable': 0, 'cancellation_period': 1, 'cancellation_fee': 'FIRST', 'breakfast': 0, 'base_price': 4320, 'prices': [4320], 'price': 4320, 'old_price': 4320, 'currency': 'RUB', 'payment_amount': 4320, 'extras_variants': [], 'extras': {'47505': {'id': 47505, 'number': 1, 'extra_bed_type_id': 0, 'age': [0, 7], 'extra_bed': 0, 'free': 1}}, 'rate_id': 17619, 'deals': [], 'cancellation_type': 'special', 'credit_card': 1, 'bonus': 216, 'miles': 258, 'min_stay': 1, 'platichastyami': 0, 'mircashback': 432}]",2400.0,144,657407_101hotels,2026-07-31
2247930,,Улучшенный двухместный номер 6,2,0,0,1,Делюкс,29,1,[{'double': 1}],"[{'id': '47548', 'number': '1', 'min_age': '0', 'max_age': '6', 'is_extra_bed': '0', 'extra_bed_type_id': '0'}]","[{'id': 552468, 'capacity': 1, 'prepayment': 'FIRST', 'nonrefundable': 0, 'cancellation_period': 1, 'cancellation_fee': 'FIRST', 'breakfast': 0, 'base_price': 3600, 'prices': [3600], 'price': 3600, 'old_price': 3600, 'currency': 'RUB', 'payment_amount': 3600, 'extras_variants': [], 'extras': {'47548': {'id': 47548, 'number': 1, 'extra_bed_type_id': 0, 'age': [0, 6], 'extra_bed': 0, 'free': 1}}, 'rate_id': 17619, 'deals': [], 'cancellation_type': 'special', 'credit_card': 1, 'bonus': 180, 'miles': 216, 'min_stay': 1, 'platichastyami': 0, 'mircashback': 360}, {'id': 552469, 'capacity': 2, 'prepayment': 'FIRST', 'nonrefundable': 0, 'cancellation_period': 1, 'cancellation_fee': 'FIRST', 'breakfast': 0, 'base_price': 4200, 'prices': [4200], 'price': 4200, 'old_price': 4200, 'currency': 'RUB', 'payment_amount': 4200, 'extras_variants': [], 'extras': {'47548': {'id': 47548, 'number': 1, 'extra_bed_type_id': 0, 'age': [0, 6], 'extra_bed': 0, 'free': 1}}, 'rate_id': 17619, 'deals': [], 'cancellation_type': 'special', 'credit_card': 1, 'bonus': 210, 'miles': 252, 'min_stay': 1, 'platichastyami': 0, 'mircashback': 420}]",3600.0,216,657407_101hotels,2026-07-31
2247932,,Улучшенный трехместный 7,2,2,0,1,Полулюкс,4,1,"[{'double': 1, 'sofa': 1}]","[{'id': '47546', 'number': '1', 'min_age': '0', 'max_age': '6', 'is_extra_bed': '0', 'extra_bed_type_id': '0'}]","[{'id': 552466, 'capacity': 1, 'prepayment': 'FIRST', 'nonrefundable': 0, 'cancellation_period': 1, 'cancellation_fee': 'FIRST', 'breakfast': 0, 'base_price': 4200, 'prices': [4200], 'price': 4200, 'old_price': 4200, 'currency': 'RUB', 'payment_amount': 4200, 'extras_variants': [], 'extras': {'47546': {'id': 47546, 'number': 1, 'extra_bed_type_id': 0, 'age': [0, 6], 'extra_bed': 0, 'free': 1}}, 'rate_id': 17619, 'deals': [], 'cancellation_type': 'special', 'credit_card': 1, 'bonus': 210, 'miles': 252, 'min_stay': 1, 'platichastyami': 0, 'mircashback': 420}, {'id': 552467, 'capacity': 2, 'prepayment': 'FIRST', 'nonrefundable': 0, 'cancellation_period': 1, 'cancellation_fee': 'FIRST', 'breakfast': 0, 'base_price': 5400, 'prices': [5400], 'price': 5400, 'old_price': 5400, 'currency': 'RUB', 'payment_amount': 5400, 'extras_variants': [], 'extras': {'47546': {'id': 47546, 'number': 1, 'extra_bed_type_id': 0, 'age': [0, 6], 'extra_bed': 0, 'free': 1}}, 'rate_id': 17619, 'deals': [], 'cancellation_type': 'special', 'credit_card': 1, 'bonus': 270, 'miles': 324, 'min_stay': 1, 'platichastyami': 0, 'mircashback': 540}]",4200.0,252,657407_101hotels,2026-07-31
2247933,,Номер 4,6,0,1,0,Шестиместный,36,6,"[{'2-tier': 1}, {'2-tier': 1}]","[{'id': '47545', 'number': '1', 'min_age': '0', 'max_age': '6', 'is_extra_bed': '0', 'extra_bed_type_id': '0'}]","[{'id': 552463, 'capacity': 1, 'prepayment': 'NO', 'nonrefundable': 0, 'cancellation_period': 0, 'cancellation_fee': 'NO', 'breakfast': 0, 'base_price': 1440, 'prices': [1440], 'price': 1440, 'old_price': 1440, 'currency': 'RUB', 'payment_amount': 0, 'extras_variants': [], 'extras': {'47545': {'id': 47545, 'number': 1, 'extra_bed_type_id': 0, 'age': [0, 6], 'extra_bed': 0, 'free': 1}}, 'rate_id': 17655, 'deals': [], 'cancellation_type': 'free', 'credit_card': 0, 'bonus': 72, 'miles': 84, 'min_stay': 1, 'platichastyami': 0, 'mircashback': 144}, {'id': '552463P', 'capacity': 1, 'prepayment': 'FULL', 'nonrefundable': 0, 'cancellation_period': 0, 'cancellation_fee': 'NO', 'breakfast': 0, 'base_price': 1440, 'prices': [1440], 'price': 1440, 'old_price': 1440, 'currency': 'RUB', 'payment_amount': 1440, 'extras_variants': [], 'extras': {'47545': {'id': 47545, 'number': 1, 'extra_bed_type_id': 0, 'age': [0, 6], 'extra_bed': 0, 'free': 1}}, 'rate_id': 17655, 'deals': [], 'cancellation_type': 'free', 'credit_card': 0, 'bonus': 72, 'miles': 84, 'min_stay': 1, 'platichastyami': 0, 'mircashback': 144}]",1440.0,84,657407_101hotels,2026-07-31
2275870,,Номер 1,2,1,0,0,Трехместный,37,1,"[{'single': 2, 'f-chair': 1}]","[{'id': '47547', 'number': '1', 'min_age': '0', 'max_age': '6', 'is_extra_bed': '0', 'extra_bed_type_id': '0'}]","[{'id': 801847, 'capacity': 1, 'prepayment': 'FIRST', 'nonrefundable': 0, 'cancellation_period': 1, 'cancellation_fee': 'FIRST', 'breakfast': 0, 'base_price': 2400, 'prices': [2400], 'price': 2400, 'old_price': 2400, 'currency': 'RUB', 'payment_amount': 2400, 'extras_variants': [], 'extras': {'47547': {'id': 47547, 'number': 1, 'extra_bed_type_id': 0, 'age': [0, 6], 'extra_bed': 0, 'free': 1}}, 'rate_id': 17619, 'deals': [], 'cancellation_type': 'special', 'credit_card': 1, 'bonus': 120, 'miles': 144, 'min_stay': 1, 'platichastyami': 0, 'mircashback': 240}, {'id': 801848, 'capacity': 2, 'prepayment': 'FIRST', 'nonrefundable': 0, 'cancellation_period': 1, 'cancellation_fee': 'FIRST', 'breakfast': 0, 'base_price': 3120, 'prices': [3120], 'price': 3120, 'old_price': 3120, 'currency': 'RUB', 'payment_amount': 3120, 'extras_variants': [], 'extras': {'47547': {'id': 47547, 'number': 1, 'extra_bed_type_id': 0, 'age': [0, 6], 'extra_bed': 0, 'free': 1}}, 'rate_id': 17619, 'deals': [], 'cancellation_type': 'special', 'credit_card': 1, 'bonus': 156, 'miles': 186, 'min_stay': 1, 'platichastyami': 0, 'mircashback': 312}]",2400.0,144,657407_101hotels,2026-07-31
2275871,,Номер 5,6,0,1,0,Шестиместный,36,5,[{'single': 1}],"[{'id': '47544', 'number': '1', 'min_age': '0', 'max_age': '6', 'is_extra_bed': '0', 'extra_bed_type_id': '0'}]","[{'id': 1203225, 'capacity': 1, 'prepayment': 'NO', 'nonrefundable': 0, 'cancellation_period': 0, 'cancellation_fee': 'NO', 'breakfast': 0, 'base_price': 1440, 'prices': [1440], 'price': 1440, 'old_price': 1440, 'currency': 'RUB', 'payment_amount': 0, 'extras_variants': [], 'extras': {'47544': {'id': 47544, 'number': 1, 'extra_bed_type_id': 0, 'age': [0, 6], 'extra_bed': 0, 'free': 1}}, 'rate_id': 17655, 'deals': [], 'cancellation_type': 'free', 'credit_card': 0, 'bonus': 72, 'miles': 84, 'min_stay': 1, 'platichastyami': 0, 'mircashback': 144}, {'id': '1203225P', 'capacity': 1, 'prepayment': 'FULL', 'nonrefundable': 0, 'cancellation_period': 0, 'cancellation_fee': 'NO', 'breakfast': 0, 'base_price': 1440, 'prices': [1440], 'price': 1440, 'old_price': 1440, 'currency': 'RUB', 'payment_amount': 1440, 'extras_variants': [], 'extras': {'47544': {'id': 47544, 'number': 1, 'extra_bed_type_id': 0, 'age': [0, 6], 'extra_bed': 0, 'free': 1}}, 'rate_id': 17655, 'deals': [], 'cancellation_type': 'free', 'credit_card': 0, 'bonus': 72, 'miles': 84, 'min_stay': 1, 'platichastyami': 0, 'mircashback': 144}]",1440.0,84,657407_101hotels,2026-07-31
2286593,,Оливковый,1,1,0,1,Двухместный,2,1,[{'double': 1}],[],"[{'id': 984763, 'capacity': 1, 'prepayment': 'FIRST', 'nonrefundable': 0, 'cancellation_period': 3, 'cancellation_fee': 'FIRST', 'breakfast': 1, 'base_price': 5300, 'prices': [5300], 'price': 5300, 'old_price': 5300, 'currency': 'RUB', 'payment_amount': 5300, 'extras_variants': [], 'extras': [], 'rate_id': 46655, 'deals': [], 'cancellation_type': 'special', 'credit_card': 1, 'bonus': 265, 'miles': 318, 'min_stay': 1, 'platichastyami': 0, 'mircashback': 530}]",5300.0,318,669748_101hotels,2026-07-31
2286595,,Лазурный,1,1,0,1,Двухместный,2,1,[{'double': 1}],[],"[{'id': 984767, 'capacity': 1, 'prepayment': 'FIRST', 'nonrefundable': 0, 'cancellation_period': 3, 'cancellation_fee': 'FIRST', 'breakfast': 1, 'base_price': 6000, 'prices': [6000], 'price': 6000, 'old_price': 6000, 'currency': 'RUB', 'payment_amount': 6000, 'extras_variants': [], 'extras': [], 'rate_id': 46655, 'deals': [], 'cancellation_type': 'special', 'credit_card': 1, 'bonus': 300, 'miles': 360, 'min_stay': 1, 'platichastyami': 0, 'mircashback': 600}]",6000.0,360,669748_101hotels,2026-07-31
2286596,,Купеческий,1,1,0,1,Двухместный,2,1,[{'double': 1}],[],"[{'id': 984769, 'capacity': 1, 'prepayment': 'FIRST', 'nonrefundable': 0, 'cancellation_period': 3, 'cancellation_fee': 'FIRST', 'breakfast': 1, 'base_price': 6000, 'prices': [6000], 'price': 6000, 'old_price': 6000, 'currency': 'RUB', 'payment_amount': 6000, 'extras_variants': [], 'extras': [], 'rate_id': 46655, 'deals': [], 'cancellation_type': 'special', 'credit_card': 1, 'bonus': 300, 'miles': 360, 'min_stay': 1, 'platichastyami': 0, 'mircashback': 600}]",6000.0,360,669748_101hotels,2026-07-31
2286597,,Кочевник,2,1,0,1,Двухместный,2,1,"[{'double': 1, 'f-chair': 1}]",[],"[{'id': 984771, 'capacity': 1, 'prepayment': 'FIRST', 'nonrefundable': 0, 'cancellation_period': 3, 'cancellation_fee': 'FIRST', 'breakfast': 1, 'base_price': 6000, 'prices': [6000], 'price': 6000, 'old_price': 6000, 'currency': 'RUB', 'payment_amount': 6000, 'extras_variants': [], 'extras': [], 'rate_id': 46655, 'deals': [], 'cancellation_type': 'special', 'credit_card': 1, 'bonus': 300, 'miles': 360, 'min_stay': 1, 'platichastyami': 0, 'mircashback': 600}, {'id': 984772, 'capacity': 2, 'prepayment': 'FIRST', 'nonrefundable': 0, 'cancellation_period': 3, 'cancellation_fee': 'FIRST', 'breakfast': 1, 'base_price': 7500, 'prices': [7500], 'price': 7500, 'old_price': 7500, 'currency': 'RUB', 'payment_amount': 7500, 'extras_variants': [], 'extras': [], 'rate_id': 46655, 'deals': [], 'cancellation_type': 'special', 'credit_card': 1, 'bonus': 375, 'miles': 450, 'min_stay': 1, 'platichastyami': 0, 'mircashback': 750}]",6000.0,360,669748_101hotels,2026-07-31
2286599,,Царские палаты,2,1,0,1,Двухместный,2,1,"[{'double': 1, 'sofa': 1}]",[],"[{'id': 984775, 'capacity': 1, 'prepayment': 'FIRST', 'nonrefundable': 0, 'cancellation_period': 3, 'cancellation_fee': 'FIRST', 'breakfast': 1, 'base_price': 7300, 'prices': [7300], 'price': 7300, 'old_price': 7300, 'currency': 'RUB', 'payment_amount': 7300, 'extras_variants': [], 'extras': [], 'rate_id': 46655, 'deals': [], 'cancellation_type': 'special', 'credit_card': 1, 'bonus': 365, 'miles': 438, 'min_stay': 1, 'platichastyami': 0, 'mircashback': 730}, {'id': 984776, 'capacity': 2, 'prepayment': 'FIRST', 'nonrefundable': 0, 'cancellation_period': 3, 'cancellation_fee': 'FIRST', 'breakfast': 1, 'base_price': 8800, 'prices': [8800], 'price': 8800, 'old_price': 8800, 'currency': 'RUB', 'payment_amount': 8800, 'extras_variants': [], 'extras': [], 'rate_id': 46655, 'deals': [], 'cancellation_type': 'special', 'credit_card': 1, 'bonus': 440, 'miles': 528, 'min_stay': 1, 'platichastyami': 0, 'mircashback': 880}]",7300.0,438,669748_101hotels,2026-07-31
1870573,,,1,0,0,1,Одноместный,1,1,[{'single': 1}],[],"[{'id': 251392, 'capacity': 1, 'prepayment': 'NO', 'nonrefundable': 0, 'cancellation_period': 0, 'cancellation_fee': 'NO', 'breakfast': 1, 'base_price': 5000, 'prices': [5000], 'price': 5000, 'old_price': 5000, 'currency': 'RUB', 'payment_amount': 0, 'extras_variants': [], 'extras': [], 'rate_id': 259, 'deals': [], 'cancellation_type': 'free', 'credit_card': 0, 'bonus': 250, 'miles': 300, 'min_stay': 1, 'platichastyami': 0, 'mircashback': 500}, {'id': 544735, 'capacity': 1, 'prepayment': 'NO', 'nonrefundable': 0, 'cancellation_period': 0, 'cancellation_fee': 'NO', 'breakfast': 2, 'base_price': 5410, 'prices': [5410], 'price': 5410, 'old_price': 5410, 'currency': 'RUB', 'payment_amount': 0, 'extras_variants': [], 'extras': [], 'rate_id': 17193, 'deals': [], 'cancellation_type': 'free', 'credit_card': 0, 'bonus': 271, 'miles': 324, 'min_stay': 1, 'platichastyami': 0, 'mircashback': 541}, {'id': '251392P', 'capacity': 1, 'prepayment': 'FULL', 'nonrefundable': 0, 'cancellation_period': 0, 'cancellation_fee': 'NO', 'breakfast': 1, 'base_price': 5000, 'prices': [5000], 'price': 5000, 'old_price': 5000, 'currency': 'RUB', 'payment_amount': 5000, 'extras_variants': [], 'extras': [], 'rate_id': 259, 'deals': [], 'cancellation_type': 'free', 'credit_card': 0, 'bonus': 250, 'miles': 300, 'min_stay': 1, 'platichastyami': 0, 'mircashback': 500}]",5000.0,300,560073_101hotels,2026-07-31
1870574,,Стандартный номер с 1 кроватью или 2 отдельными кроватями,2,0,0,1,Двухместный,2,11,[{'single': 2}],[],"[{'id': 251393, 'capacity': 1, 'prepayment': 'NO', 'nonrefundable': 0, 'cancellation_period': 0, 'cancellation_fee': 'NO', 'breakfast': 1, 'base_price': 6300, 'prices': [6300], 'price': 6300, 'old_price': 6300, 'currency': 'RUB', 'payment_amount': 0, 'extras_variants': [], 'extras': [], 'rate_id': 259, 'deals': [], 'cancellation_type': 'free', 'credit_card': 0, 'bonus': 315, 'miles': 378, 'min_stay': 1, 'platichastyami': 0, 'mircashback': 630}, {'id': 544736, 'capacity': 1, 'prepayment': 'NO', 'nonrefundable': 0, 'cancellation_period': 0, 'cancellation_fee': 'NO', 'breakfast': 2, 'base_price': 6580, 'prices': [6580], 'price': 6580, 'old_price': 6580, 'currency': 'RUB', 'payment_amount': 0, 'extras_variants': [], 'extras': [], 'rate_id': 17193, 'deals': [], 'cancellation_type': 'free', 'credit_card': 0, 'bonus': 329, 'miles': 393, 'min_stay': 1, 'platichastyami': 0, 'mircashback': 658}, {'id': 251394, 'capacity': 2, 'prepayment': 'NO', 'nonrefundable': 0, 'cancellation_period': 0, 'cancellation_fee': 'NO', 'breakfast': 1, 'base_price': 7500, 'prices': [7500], 'price': 7500, 'old_price': 7500, 'currency': 'RUB', 'payment_amount': 0, 'extras_variants': [], 'extras': [], 'rate_id': 259, 'deals': [], 'cancellation_type': 'free', 'credit_card': 0, 'bonus': 375, 'miles': 450, 'min_stay': 1, 'platichastyami': 0, 'mircashback': 750}, {'id': 544737, 'capacity': 2, 'prepayment': 'NO', 'nonrefundable': 0, 'cancellation_period': 0, 'cancellation_fee': 'NO', 'breakfast': 2, 'base_price': 8660, 'prices': [8660], 'price': 8660, 'old_price': 8660, 'currency': 'RUB', 'payment_amount': 0, 'extras_variants': [], 'extras': [], 'rate_id': 17193, 'deals': [], 'cancellation_type': 'free', 'credit_card': 0, 'bonus': 433, 'miles': 519, 'min_stay': 1, 'platichastyami': 0, 'mircashback': 866}, {'id': '251393P', 'capacity': 1, 'prepayment': 'FULL', 'nonrefundable': 0, 'cancellation_period': 0, 'cancellation_fee': 'NO', 'breakfast': 1, 'base_price': 6300, 'prices': [6300], 'price': 6300, 'old_price': 6300, 'currency': 'RUB', 'payment_amount': 6300, 'extras_variants': [], 'extras': [], 'rate_id': 259, 'deals': [], 'cancellation_type': 'free', 'credit_card': 0, 'bonus': 315, 'miles': 378, 'min_stay': 1, 'platichastyami': 0, 'mircashback': 630}, {'id': '251394P', 'capacity': 2, 'prepayment': 'FULL', 'nonrefundable': 0, 'cancellation_period': 0, 'cancellation_fee': 'NO', 'breakfast': 1, 'base_price': 7500, 'prices': [7500], 'price': 7500, 'old_price': 7500, 'currency': 'RUB', 'payment_amount': 7500, 'extras_variants': [], 'extras': [], 'rate_id': 259, 'deals': [], 'cancellation_type': 'free', 'credit_card': 0, 'bonus': 375, 'miles': 450, 'min_stay': 1, 'platichastyami': 0, 'mircashback': 750}]",6300.0,378,560073_101hotels,2026-07-31
1870575,,Стандартный номер с 1 кроватью,2,0,0,1,Двухместный,2,1,[{'double': 1}],[],"[{'id': 251395, 'capacity': 1, 'prepayment': 'NO', 'nonrefundable': 0, 'cancellation_period': 0, 'cancellation_fee': 'NO', 'breakfast': 1, 'base_price': 5700, 'prices': [5700], 'price': 5700, 'old_price': 5700, 'currency': 'RUB', 'payment_amount': 0, 'extras_variants': [], 'extras': [], 'rate_id': 259, 'deals': [], 'cancellation_type': 'free', 'credit_card': 0, 'bonus': 285, 'miles': 342, 'min_stay': 1, 'platichastyami': 0, 'mircashback': 570}, {'id': 544738, 'capacity': 1, 'prepayment': 'NO', 'nonrefundable': 0, 'cancellation_period': 0, 'cancellation_fee': 'NO', 'breakfast': 2, 'base_price': 6040, 'prices': [6040], 'price': 6040, 'old_price': 6040, 'currency': 'RUB', 'payment_amount': 0, 'extras_variants': [], 'extras': [], 'rate_id': 17193, 'deals': [], 'cancellation_type': 'free', 'credit_card': 0, 'bonus': 302, 'miles': 360, 'min_stay': 1, 'platichastyami': 0, 'mircashback': 604}, {'id': 251396, 'capacity': 2, 'prepayment': 'NO', 'nonrefundable': 0, 'cancellation_period': 0, 'cancellation_fee': 'NO', 'breakfast': 1, 'base_price': 6900, 'prices': [6900], 'price': 6900, 'old_price': 6900, 'currency': 'RUB', 'payment_amount': 0, 'extras_variants': [], 'extras': [], 'rate_id': 259, 'deals': [], 'cancellation_type': 'free', 'credit_card': 0, 'bonus': 345, 'miles': 414, 'min_stay': 1, 'platichastyami': 0, 'mircashback': 690}, {'id': 544739, 'capacity': 2, 'prepayment': 'NO', 'nonrefundable': 0, 'cancellation_period': 0, 'cancellation_fee': 'NO', 'breakfast': 2, 'base_price': 8120, 'prices': [8120], 'price': 8120, 'old_price': 8120, 'currency': 'RUB', 'payment_amount': 0, 'extras_variants': [], 'extras': [], 'rate_id': 17193, 'deals': [], 'cancellation_type': 'free', 'credit_card': 0, 'bonus': 406, 'miles': 486, 'min_stay': 1, 'platichastyami': 0, 'mircashback': 812}, {'id': '251395P', 'capacity': 1, 'prepayment': 'FULL', 'nonrefundable': 0, 'cancellation_period': 0, 'cancellation_fee': 'NO', 'breakfast': 1, 'base_price': 5700, 'prices': [5700], 'price': 5700, 'old_price': 5700, 'currency': 'RUB', 'payment_amount': 5700, 'extras_variants': [], 'extras': [], 'rate_id': 259, 'deals': [], 'cancellation_type': 'free', 'credit_card': 0, 'bonus': 285, 'miles': 342, 'min_stay': 1, 'platichastyami': 0, 'mircashback': 570}, {'id': '251396P', 'capacity': 2, 'prepayment': 'FULL', 'nonrefundable': 0, 'cancellation_period': 0, 'cancellation_fee': 'NO', 'breakfast': 1, 'base_price': 6900, 'prices': [6900], 'price': 6900, 'old_price': 6900, 'currency': 'RUB', 'payment_amount': 6900, 'extras_variants': [], 'extras': [], 'rate_id': 259, 'deals': [], 'cancellation_type': 'free', 'credit_card': 0, 'bonus': 345, 'miles': 414, 'min_stay': 1, 'platichastyami': 0, 'mircashback': 690}]",5700.0,342,560073_101hotels,2026-07-31
1870576,,Джуниор Сюит,2,0,0,1,Двухместный,2,1,[{'single': 2}],[],"[{'id': 251397, 'capacity': 1, 'prepayment': 'NO', 'nonrefundable': 0, 'cancellation_period': 0, 'cancellation_fee': 'NO', 'breakfast': 1, 'base_price': 6900, 'prices': [6900], 'price': 6900, 'old_price': 6900, 'currency': 'RUB', 'payment_amount': 0, 'extras_variants': [], 'extras': [], 'rate_id': 259, 'deals': [], 'cancellation_type': 'free', 'credit_card': 0, 'bonus': 345, 'miles': 414, 'min_stay': 1, 'platichastyami': 0, 'mircashback': 690}, {'id': 544740, 'capacity': 1, 'prepayment': 'NO', 'nonrefundable': 0, 'cancellation_period': 0, 'cancellation_fee': 'NO', 'breakfast': 2, 'base_price': 7120, 'prices': [7120], 'price': 7120, 'old_price': 7120, 'currency': 'RUB', 'payment_amount': 0, 'extras_variants': [], 'extras': [], 'rate_id': 17193, 'deals': [], 'cancellation_type': 'free', 'credit_card': 0, 'bonus': 356, 'miles': 426, 'min_stay': 1, 'platichastyami': 0, 'mircashback': 712}, {'id': 251398, 'capacity': 2, 'prepayment': 'NO', 'nonrefundable': 0, 'cancellation_period': 0, 'cancellation_fee': 'NO', 'breakfast': 1, 'base_price': 8100, 'prices': [8100], 'price': 8100, 'old_price': 8100, 'currency': 'RUB', 'payment_amount': 0, 'extras_variants': [], 'extras': [], 'rate_id': 259, 'deals': [], 'cancellation_type': 'free', 'credit_card': 0, 'bonus': 405, 'miles': 486, 'min_stay': 1, 'platichastyami': 0, 'mircashback': 810}, {'id': 544741, 'capacity': 2, 'prepayment': 'NO', 'nonrefundable': 0, 'cancellation_period': 0, 'cancellation_fee': 'NO', 'breakfast': 2, 'base_price': 9200, 'prices': [9200], 'price': 9200, 'old_price': 9200, 'currency': 'RUB', 'payment_amount': 0, 'extras_variants': [], 'extras': [], 'rate_id': 17193, 'deals': [], 'cancellation_type': 'free', 'credit_card': 0, 'bonus': 460, 'miles': 552, 'min_stay': 1, 'platichastyami': 0, 'mircashback': 920}, {'id': '251397P', 'capacity': 1, 'prepayment': 'FULL', 'nonrefundable': 0, 'cancellation_period': 0, 'cancellation_fee': 'NO', 'breakfast': 1, 'base_price': 6900, 'prices': [6900], 'price': 6900, 'old_price': 6900, 'currency': 'RUB', 'payment_amount': 6900, 'extras_variants': [], 'extras': [], 'rate_id': 259, 'deals': [], 'cancellation_type': 'free', 'credit_card': 0, 'bonus': 345, 'miles': 414, 'min_stay': 1, 'platichastyami': 0, 'mircashback': 690}, {'id': '251398P', 'capacity': 2, 'prepayment': 'FULL', 'nonrefundable': 0, 'cancellation_period': 0, 'cancellation_fee': 'NO', 'breakfast': 1, 'base_price': 8100, 'prices': [8100], 'price': 8100, 'old_price': 8100, 'currency': 'RUB', 'payment_amount': 8100, 'extras_variants': [], 'extras': [], 'rate_id': 259, 'deals': [], 'cancellation_type': 'free', 'credit_card': 0, 'bonus': 405, 'miles': 486, 'min_stay': 1, 'platichastyami': 0, 'mircashback': 810}]",6900.0,414,560073_101hotels,2026-07-31
1870578,,Джуниор Сюит «Плюс»,2,0,0,1,Двухместный,2,2,"[{'sofa': 1, 'g-double': 1}]",[],"[{'id': 544742, 'capacity': 1, 'prepayment': 'NO', 'nonrefundable': 0, 'cancellation_period': 0, 'cancellation_fee': 'NO', 'breakfast': 2, 'base_price': 7660, 'prices': [7660], 'price': 7660, 'old_price': 7660, 'currency': 'RUB', 'payment_amount': 0, 'extras_variants': [], 'extras': [], 'rate_id': 17193, 'deals': [], 'cancellation_type': 'free', 'credit_card': 0, 'bonus': 383, 'miles': 459, 'min_stay': 1, 'platichastyami': 0, 'mircashback': 766}, {'id': 544743, 'capacity': 2, 'prepayment': 'NO', 'nonrefundable': 0, 'cancellation_period': 0, 'cancellation_fee': 'NO', 'breakfast': 2, 'base_price': 9740, 'prices': [9740], 'price': 9740, 'old_price': 9740, 'currency': 'RUB', 'payment_amount': 0, 'extras_variants': [], 'extras': [], 'rate_id': 17193, 'deals': [], 'cancellation_type': 'free', 'credit_card': 0, 'bonus': 487, 'miles': 582, 'min_stay': 1, 'platichastyami': 0, 'mircashback': 974}]",7660.0,459,560073_101hotels,2026-07-31
1334467,,"Стандарт, Double/Twin",2,0,0,1,Двухместный,2,11,"[{'single': 2}, {'double': 1}]",[],"[{'id': 755001, 'capacity': 1, 'prepayment': 'NO', 'nonrefundable': 0, 'cancellation_period': 0, 'cancellation_fee': 'NO', 'breakfast': 1, 'base_price': 7500, 'prices': [7500], 'price': 7500, 'old_price': 7500, 'currency': 'RUB', 'payment_amount': 0, 'extras_variants': [], 'extras': [], 'rate_id': 32986, 'deals': [], 'cancellation_type': 'free', 'credit_card': 0, 'bonus': 375, 'miles': 450, 'min_stay': 1, 'platichastyami': 0, 'mircashback': 750}, {'id': 755002, 'capacity': 2, 'prepayment': 'NO', 'nonrefundable': 0, 'cancellation_period': 0, 'cancellation_fee': 'NO', 'breakfast': 1, 'base_price': 8500, 'prices': [8500], 'price': 8500, 'old_price': 8500, 'currency': 'RUB', 'payment_amount': 0, 'extras_variants': [], 'extras': [], 'rate_id': 32986, 'deals': [], 'cancellation_type': 'free', 'credit_card': 0, 'bonus': 425, 'miles': 510, 'min_stay': 1, 'platichastyami': 0, 'mircashback': 850}]",7500.0,450,406989_101hotels,2026-07-31
2269881,,Дизайнерский - Ретро,2,0,0,1,Двухместный,2,7,[{'double': 1}],[],"[{'id': 755000, 'capacity': 1, 'prepayment': 'NO', 'nonrefundable': 0, 'cancellation_period': 0, 'cancellation_fee': 'NO', 'breakfast': 1, 'base_price': 8900, 'prices': [8900], 'price': 8900, 'old_price': 8900, 'currency': 'RUB', 'payment_amount': 0, 'extras_variants': [], 'extras': [], 'rate_id': 32986, 'deals': [], 'cancellation_type': 'free', 'credit_card': 0, 'bonus': 445, 'miles': 534, 'min_stay': 1, 'platichastyami': 0, 'mircashback': 890}, {'id': 755014, 'capacity': 2, 'prepayment': 'NO', 'nonrefundable': 0, 'cancellation_period': 0, 'cancellation_fee': 'NO', 'breakfast': 1, 'base_price': 9900, 'prices': [9900], 'price': 9900, 'old_price': 9900, 'currency': 'RUB', 'payment_amount': 0, 'extras_variants': [], 'extras': [], 'rate_id': 32986, 'deals': [], 'cancellation_type': 'free', 'credit_card': 0, 'bonus': 495, 'miles': 594, 'min_stay': 1, 'platichastyami': 0, 'mircashback': 990}]",8900.0,534,406989_101hotels,2026-07-31
2269883,,Улучшенный стандартный,2,0,0,1,Двухместный,2,1,"[{'single': 2}, {'double': 2}]",[],"[{'id': 755003, 'capacity': 1, 'prepayment': 'NO', 'nonrefundable': 0, 'cancellation_period': 0, 'cancellation_fee': 'NO', 'breakfast': 1, 'base_price': 10500, 'prices': [10500], 'price': 10500, 'old_price': 10500, 'currency': 'RUB', 'payment_amount': 0, 'extras_variants': [], 'extras': [], 'rate_id': 32986, 'deals': [], 'cancellation_type': 'free', 'credit_card': 0, 'bonus': 525, 'miles': 630, 'min_stay': 1, 'platichastyami': 0, 'mircashback': 1050}, {'id': 755004, 'capacity': 2, 'prepayment': 'NO', 'nonrefundable': 0, 'cancellation_period': 0, 'cancellation_fee': 'NO', 'breakfast': 1, 'base_price': 11500, 'prices': [11500], 'price': 11500, 'old_price': 11500, 'currency': 'RUB', 'payment_amount': 0, 'extras_variants': [], 'extras': [], 'rate_id': 32986, 'deals': [], 'cancellation_type': 'free', 'credit_card': 0, 'bonus': 575, 'miles': 690, 'min_stay': 1, 'platichastyami': 0, 'mircashback': 1150}]",10500.0,630,406989_101hotels,2026-07-31
5823,,Стандарт,1,0,0,1,Одноместный,1,5,[{'single': 1}],[],"[{'id': 755771, 'capacity': 1, 'prepayment': 'FIRST', 'nonrefundable': 0, 'cancellation_period': 1, 'cancellation_fee': 'FIRST', 'breakfast': 1, 'base_price': 3680, 'prices': [3680], 'price': 3680, 'old_price': 0, 'currency': 'RUB', 'payment_amount': 3680, 'extras_variants': [], 'extras': [], 'rate_id': 33057, 'deals': [], 'cancellation_type': 'special', 'credit_card': 1, 'bonus': 184, 'miles': 219, 'min_stay': 1, 'platichastyami': 0, 'mircashback': 368}]",3680.0,219,230_101hotels,2026-07-31
5824,,Стандарт,2,0,0,1,Двухместный,2,10,"[{'single': 2}, {'double': 1}]",[],"[{'id': 755772, 'capacity': 1, 'prepayment': 'FIRST', 'nonrefundable': 0, 'cancellation_period': 1, 'cancellation_fee': 'FIRST', 'breakfast': 1, 'base_price': 3840, 'prices': [3840], 'price': 3840, 'old_price': 0, 'currency': 'RUB', 'payment_amount': 3840, 'extras_variants': [], 'extras': [], 'rate_id': 33057, 'deals': [], 'cancellation_type': 'special', 'credit_card': 1, 'bonus': 192, 'miles': 228, 'min_stay': 1, 'platichastyami': 0, 'mircashback': 384}, {'id': 755773, 'capacity': 2, 'prepayment': 'FIRST', 'nonrefundable': 0, 'cancellation_period': 1, 'cancellation_fee': 'FIRST', 'breakfast': 1, 'base_price': 5040, 'prices': [5040], 'price': 5040, 'old_price': 0, 'currency': 'RUB', 'payment_amount': 5040, 'extras_variants': [], 'extras': [], 'rate_id': 33057, 'deals': [], 'cancellation_type': 'special', 'credit_card': 1, 'bonus': 252, 'miles': 300, 'min_stay': 1, 'platichastyami': 0, 'mircashback': 504}]",3840.0,228,230_101hotels,2026-07-31
5825,,Комфорт,2,1,0,1,Двухместный,2,5,"[{'single': 2}, {'double': 1}]",[],"[{'id': 755774, 'capacity': 1, 'prepayment': 'FIRST', 'nonrefundable': 0, 'cancellation_period': 1, 'cancellation_fee': 'FIRST', 'breakfast': 1, 'base_price': 4880, 'prices': [4880], 'price': 4880, 'old_price': 0, 'currency': 'RUB', 'payment_amount': 4880, 'extras_variants': [], 'extras': [], 'rate_id': 33057, 'deals': [], 'cancellation_type': 'special', 'credit_card': 1, 'bonus': 244, 'miles': 291, 'min_stay': 1, 'platichastyami': 0, 'mircashback': 488}, {'id': 755775, 'capacity': 2, 'prepayment': 'FIRST', 'nonrefundable': 0, 'cancellation_period': 1, 'cancellation_fee': 'FIRST', 'breakfast': 1, 'base_price': 6080, 'prices': [6080], 'price': 6080, 'old_price': 0, 'currency': 'RUB', 'payment_amount': 6080, 'extras_variants': [], 'extras': [], 'rate_id': 33057, 'deals': [], 'cancellation_type': 'special', 'credit_card': 1, 'bonus': 304, 'miles': 363, 'min_stay': 1, 'platichastyami': 0, 'mircashback': 608}]",4880.0,291,230_101hotels,2026-07-31
2255743,,Место в номере,3,0,1,0,Трехместный,37,18,[{'single': 1}],[],"[{'id': 650399, 'capacity': 1, 'prepayment': 'FULL', 'nonrefundable': 0, 'cancellation_period': 0, 'cancellation_fee': 'NO', 'breakfast': 0, 'base_price': 1800, 'prices': [1800], 'price': 1800, 'old_price': 1800, 'currency': 'RUB', 'payment_amount': 1800, 'extras_variants': [], 'extras': [], 'rate_id': 24891, 'deals': [], 'cancellation_type': 'free', 'credit_card': 1, 'bonus': 90, 'miles': 108, 'min_stay': 1, 'platichastyami': 0, 'mircashback': 180}]",1800.0,108,14172_101hotels,2026-07-31
2255747,,С душем и туалетом,3,0,0,1,Трехместный,37,4,[{'single': 1}],[],"[{'id': 650400, 'capacity': 1, 'prepayment': 'FULL', 'nonrefundable': 0, 'cancellation_period': 0, 'cancellation_fee': 'NO', 'breakfast': 0, 'base_price': 4800, 'prices': [4800], 'price': 4800, 'old_price': 4800, 'currency': 'RUB', 'payment_amount': 4800, 'extras_variants': [], 'extras': [], 'rate_id': 24891, 'deals': [], 'cancellation_type': 'free', 'credit_card': 1, 'bonus': 240, 'miles': 288, 'min_stay': 1, 'platichastyami': 0, 'mircashback': 480}, {'id': 650401, 'capacity': 2, 'prepayment': 'FULL', 'nonrefundable': 0, 'cancellation_period': 0, 'cancellation_fee': 'NO', 'breakfast': 0, 'base_price': 6000, 'prices': [6000], 'price': 6000, 'old_price': 6000, 'currency': 'RUB', 'payment_amount': 6000, 'extras_variants': [], 'extras': [], 'rate_id': 24891, 'deals': [], 'cancellation_type': 'free', 'credit_card': 1, 'bonus': 300, 'miles': 360, 'min_stay': 1, 'platichastyami': 0, 'mircashback': 600}, {'id': 650402, 'capacity': 3, 'prepayment': 'FULL', 'nonrefundable': 0, 'cancellation_period': 0, 'cancellation_fee': 'NO', 'breakfast': 0, 'base_price': 7200, 'prices': [7200], 'price': 7200, 'old_price': 7200, 'currency': 'RUB', 'payment_amount': 7200, 'extras_variants': [], 'extras': [], 'rate_id': 24891, 'deals': [], 'cancellation_type': 'free', 'credit_card': 1, 'bonus': 360, 'miles': 432, 'min_stay': 1, 'platichastyami': 0, 'mircashback': 720}]",4800.0,288,14172_101hotels,2026-07-31
1567278,,Twin,2,0,0,1,Двухместный,2,3,"[{'single': 2}, {'g-double': 1}]",[],"[{'id': 250516, 'capacity': 1, 'prepayment': 'FULL', 'nonrefundable': 0, 'cancellation_period': 0, 'cancellation_fee': 'NO', 'breakfast': 1, 'base_price': 4000, 'prices': [4000], 'price': 3400, 'old_price': 4000, 'currency': 'RUB', 'payment_amount': 4000, 'extras_variants': [], 'extras': [], 'rate_id': 210, 'deals': ['LAST_MINUTE'], 'cancellation_type': 'free', 'credit_card': 1, 'bonus': 170, 'miles': 204, 'min_stay': 1, 'platichastyami': 0, 'mircashback': 340}, {'id': 946701, 'capacity': 1, 'prepayment': 'FIRST', 'nonrefundable': 1, 'cancellation_period': 0, 'cancellation_fee': 'FIRST', 'breakfast': 0, 'base_price': 4000, 'prices': [4000], 'price': 4000, 'old_price': 4000, 'currency': 'RUB', 'payment_amount': 4000, 'extras_variants': [], 'extras': [], 'rate_id': 44088, 'deals': [], 'cancellation_type': 'nonrefundable', 'credit_card': 1, 'bonus': 200, 'miles': 240, 'min_stay': 1, 'platichastyami': 0, 'mircashback': 400}, {'id': 250517, 'capacity': 2, 'prepayment': 'FULL', 'nonrefundable': 0, 'cancellation_period': 0, 'cancellation_fee': 'NO', 'breakfast': 1, 'base_price': 4600, 'prices': [4600], 'price': 3910, 'old_price': 4600, 'currency': 'RUB', 'payment_amount': 4600, 'extras_variants': [], 'extras': [], 'rate_id': 210, 'deals': ['LAST_MINUTE'], 'cancellation_type': 'free', 'credit_card': 1, 'bonus': 196, 'miles': 234, 'min_stay': 1, 'platichastyami': 0, 'mircashback': 391}, {'id': 946702, 'capacity': 2, 'prepayment': 'FIRST', 'nonrefundable': 1, 'cancellation_period': 0, 'cancellation_fee': 'FIRST', 'breakfast': 0, 'base_price': 4600, 'prices': [4600], 'price': 4600, 'old_price': 4600, 'currency': 'RUB', 'payment_amount': 4600, 'extras_variants': [], 'extras': [], 'rate_id': 44088, 'deals': [], 'cancellation_type': 'nonrefundable', 'credit_card': 1, 'bonus': 230, 'miles': 276, 'min_stay': 1, 'platichastyami': 0, 'mircashback': 460}]",3400.0,204,485323_101hotels,2026-07-31
1567280,,,3,0,0,1,Апартаменты,14,2,"[{'single': 1, 'double': 1, 'sofa': 1}]",[],"[{'id': 250520, 'capacity': 1, 'prepayment': 'FULL', 'nonrefundable': 0, 'cancellation_period': 0, 'cancellation_fee': 'NO', 'breakfast': 1, 'base_price': 7000, 'prices': [7000], 'price': 5950, 'old_price': 7000, 'currency': 'RUB', 'payment_amount': 7000, 'extras_variants': [], 'extras': [], 'rate_id': 210, 'deals': ['LAST_MINUTE'], 'cancellation_type': 'free', 'credit_card': 1, 'bonus': 298, 'miles': 357, 'min_stay': 1, 'platichastyami': 0, 'mircashback': 595}, {'id': 946705, 'capacity': 1, 'prepayment': 'FIRST', 'nonrefundable': 1, 'cancellation_period': 0, 'cancellation_fee': 'FIRST', 'breakfast': 0, 'base_price': 7000, 'prices': [7000], 'price': 7000, 'old_price': 7000, 'currency': 'RUB', 'payment_amount': 7000, 'extras_variants': [], 'extras': [], 'rate_id': 44088, 'deals': [], 'cancellation_type': 'nonrefundable', 'credit_card': 1, 'bonus': 350, 'miles': 420, 'min_stay': 1, 'platichastyami': 0, 'mircashback': 700}, {'id': 250521, 'capacity': 2, 'prepayment': 'FULL', 'nonrefundable': 0, 'cancellation_period': 0, 'cancellation_fee': 'NO', 'breakfast': 1, 'base_price': 8000, 'prices': [8000], 'price': 6800, 'old_price': 8000, 'currency': 'RUB', 'payment_amount': 8000, 'extras_variants': [], 'extras': [], 'rate_id': 210, 'deals': ['LAST_MINUTE'], 'cancellation_type': 'free', 'credit_card': 1, 'bonus': 340, 'miles': 408, 'min_stay': 1, 'platichastyami': 0, 'mircashback': 680}, {'id': 946706, 'capacity': 2, 'prepayment': 'FIRST', 'nonrefundable': 1, 'cancellation_period': 0, 'cancellation_fee': 'FIRST', 'breakfast': 0, 'base_price': 8000, 'prices': [8000], 'price': 8000, 'old_price': 8000, 'currency': 'RUB', 'payment_amount': 8000, 'extras_variants': [], 'extras': [], 'rate_id': 44088, 'deals': [], 'cancellation_type': 'nonrefundable', 'credit_card': 1, 'bonus': 400, 'miles': 480, 'min_stay': 1, 'platichastyami': 0, 'mircashback': 800}, {'id': 250522, 'capacity': 3, 'prepayment': 'FULL', 'nonrefundable': 0, 'cancellation_period': 0, 'cancellation_fee': 'NO', 'breakfast': 1, 'base_price': 10000, 'prices': [10000], 'price': 8500, 'old_price': 10000, 'currency': 'RUB', 'payment_amount': 10000, 'extras_variants': [], 'extras': [], 'rate_id': 210, 'deals': ['LAST_MINUTE'], 'cancellation_type': 'free', 'credit_card': 1, 'bonus': 425, 'miles': 510, 'min_stay': 1, 'platichastyami': 0, 'mircashback': 850}, {'id': 946707, 'capacity': 3, 'prepayment': 'FIRST', 'nonrefundable': 1, 'cancellation_period': 0, 'cancellation_fee': 'FIRST', 'breakfast': 0, 'base_price': 10000, 'prices': [10000], 'price': 10000, 'old_price': 10000, 'currency': 'RUB', 'payment_amount': 10000, 'extras_variants': [], 'extras': [], 'rate_id': 44088, 'deals': [], 'cancellation_type': 'nonrefundable', 'credit_card': 1, 'bonus': 500, 'miles': 600, 'min_stay': 1, 'platichastyami': 0, 'mircashback': 1000}]",5950.0,357,485323_101hotels,2026-07-31
2291427,,Двухместный стандартный номер,2,1,0,1,Двухместный,2,7,"[{'single': 2, 'double': 1}]","[{'id': '26107', 'number': '1', 'min_age': '0', 'max_age': '7', 'is_extra_bed': '0', 'extra_bed_type_id': '0'}]","[{'id': 970445, 'capacity': 1, 'prepayment': 'FULL', 'nonrefundable': 0, 'cancellation_period': 0, 'cancellation_fee': 'NO', 'breakfast': 0, 'base_price': 7000, 'prices': [7000], 'price': 6300, 'old_price': 7000, 'currency': 'RUB', 'payment_amount': 7000, 'extras_variants': [], 'extras': {'26107': {'id': 26107, 'number': 1, 'extra_bed_type_id': 0, 'age': [0, 7], 'extra_bed': 0, 'free': 1}}, 'rate_id': 45650, 'deals': ['BASE'], 'cancellation_type': 'free', 'credit_card': 1, 'bonus': 315, 'miles': 378, 'min_stay': 1, 'platichastyami': 0, 'mircashback': 630}, {'id': 970455, 'capacity': 1, 'prepayment': 'FULL', 'nonrefundable': 0, 'cancellation_period': 0, 'cancellation_fee': 'NO', 'breakfast': 1, 'base_price': 7600, 'prices': [7600], 'price': 7600, 'old_price': 7600, 'currency': 'RUB', 'payment_amount': 7600, 'extras_variants': [], 'extras': {'26107': {'id': 26107, 'number': 1, 'extra_bed_type_id': 0, 'age': [0, 7], 'extra_bed': 0, 'free': 1}}, 'rate_id': 45649, 'deals': [], 'cancellation_type': 'free', 'credit_card': 1, 'bonus': 380, 'miles': 456, 'min_stay': 1, 'platichastyami': 0, 'mircashback': 760}, {'id': 970446, 'capacity': 2, 'prepayment': 'FULL', 'nonrefundable': 0, 'cancellation_period': 0, 'cancellation_fee': 'NO', 'breakfast': 0, 'base_price': 8000, 'prices': [8000], 'price': 7200, 'old_price': 8000, 'currency': 'RUB', 'payment_amount': 8000, 'extras_variants': [], 'extras': {'26107': {'id': 26107, 'number': 1, 'extra_bed_type_id': 0, 'age': [0, 7], 'extra_bed': 0, 'free': 1}}, 'rate_id': 45650, 'deals': ['BASE'], 'cancellation_type': 'free', 'credit_card': 1, 'bonus': 360, 'miles': 432, 'min_stay': 1, 'platichastyami': 0, 'mircashback': 720}, {'id': 970456, 'capacity': 2, 'prepayment': 'FULL', 'nonrefundable': 0, 'cancellation_period': 0, 'cancellation_fee': 'NO', 'breakfast': 1, 'base_price': 9200, 'prices': [9200], 'price': 9200, 'old_price': 9200, 'currency': 'RUB', 'payment_amount': 9200, 'extras_variants': [], 'extras': {'26107': {'id': 26107, 'number': 1, 'extra_bed_type_id': 0, 'age': [0, 7], 'extra_bed': 0, 'free': 1}}, 'rate_id': 45649, 'deals': [], 'cancellation_type': 'free', 'credit_card': 1, 'bonus': 460, 'miles': 552, 'min_stay': 1, 'platichastyami': 0, 'mircashback': 920}]",6300.0,378,671064_101hotels,2026-07-31
2291428,,Джуниор Сюит,2,1,0,1,Полулюкс,4,4,"[{'single': 2, 'double': 1}]","[{'id': '26112', 'number': '1', 'min_age': '0', 'max_age': '7', 'is_extra_bed': '0', 'extra_bed_type_id': '0'}]","[{'id': 970447, 'capacity': 1, 'prepayment': 'FULL', 'nonrefundable': 0, 'cancellation_period': 0, 'cancellation_fee': 'NO', 'breakfast': 0, 'base_price': 8000, 'prices': [8000], 'price': 7200, 'old_price': 8000, 'currency': 'RUB', 'payment_amount': 8000, 'extras_variants': [], 'extras': {'26112': {'id': 26112, 'number': 1, 'extra_bed_type_id': 0, 'age': [0, 7], 'extra_bed': 0, 'free': 1}}, 'rate_id': 45650, 'deals': ['BASE'], 'cancellation_type': 'free', 'credit_card': 1, 'bonus': 360, 'miles': 432, 'min_stay': 1, 'platichastyami': 0, 'mircashback': 720}, {'id': 970457, 'capacity': 1, 'prepayment': 'FULL', 'nonrefundable': 0, 'cancellation_period': 0, 'cancellation_fee': 'NO', 'breakfast': 1, 'base_price': 8600, 'prices': [8600], 'price': 8600, 'old_price': 8600, 'currency': 'RUB', 'payment_amount': 8600, 'extras_variants': [], 'extras': {'26112': {'id': 26112, 'number': 1, 'extra_bed_type_id': 0, 'age': [0, 7], 'extra_bed': 0, 'free': 1}}, 'rate_id': 45649, 'deals': [], 'cancellation_type': 'free', 'credit_card': 1, 'bonus': 430, 'miles': 516, 'min_stay': 1, 'platichastyami': 0, 'mircashback': 860}, {'id': 970448, 'capacity': 2, 'prepayment': 'FULL', 'nonrefundable': 0, 'cancellation_period': 0, 'cancellation_fee': 'NO', 'breakfast': 0, 'base_price': 9000, 'prices': [9000], 'price': 8100, 'old_price': 9000, 'currency': 'RUB', 'payment_amount': 9000, 'extras_variants': [], 'extras': {'26112': {'id': 26112, 'number': 1, 'extra_bed_type_id': 0, 'age': [0, 7], 'extra_bed': 0, 'free': 1}}, 'rate_id': 45650, 'deals': ['BASE'], 'cancellation_type': 'free', 'credit_card': 1, 'bonus': 405, 'miles': 486, 'min_stay': 1, 'platichastyami': 0, 'mircashback': 810}, {'id': 970458, 'capacity': 2, 'prepayment': 'FULL', 'nonrefundable': 0, 'cancellation_period': 0, 'cancellation_fee': 'NO', 'breakfast': 1, 'base_price': 10200, 'prices': [10200], 'price': 10200, 'old_price': 10200, 'currency': 'RUB', 'payment_amount': 10200, 'extras_variants': [], 'extras': {'26112': {'id': 26112, 'number': 1, 'extra_bed_type_id': 0, 'age': [0, 7], 'extra_bed': 0, 'free': 1}}, 'rate_id': 45649, 'deals': [], 'cancellation_type': 'free', 'credit_card': 1, 'bonus': 510, 'miles': 612, 'min_stay': 1, 'platichastyami': 0, 'mircashback': 1020}]",7200.0,432,671064_101hotels,2026-07-31
2291430,,Апартаменты с видом на город,2,3,0,1,Апартаменты,14,1,[{'double': 1}],"[{'id': '26110', 'number': '1', 'min_age': '0', 'max_age': '7', 'is_extra_bed': '0', 'extra_bed_type_id': '0'}]","[{'id': 970451, 'capacity': 1, 'prepayment': 'FULL', 'nonrefundable': 0, 'cancellation_period': 0, 'cancellation_fee': 'NO', 'breakfast': 0, 'base_price': 12000, 'prices': [12000], 'price': 10800, 'old_price': 12000, 'currency': 'RUB', 'payment_amount': 12000, 'extras_variants': [], 'extras': {'26110': {'id': 26110, 'number': 1, 'extra_bed_type_id': 0, 'age': [0, 7], 'extra_bed': 0, 'free': 1}}, 'rate_id': 45650, 'deals': ['BASE'], 'cancellation_type': 'free', 'credit_card': 1, 'bonus': 540, 'miles': 648, 'min_stay': 1, 'platichastyami': 0, 'mircashback': 1080}, {'id': 970461, 'capacity': 1, 'prepayment': 'FULL', 'nonrefundable': 0, 'cancellation_period': 0, 'cancellation_fee': 'NO', 'breakfast': 1, 'base_price': 13000, 'prices': [13000], 'price': 13000, 'old_price': 13000, 'currency': 'RUB', 'payment_amount': 13000, 'extras_variants': [], 'extras': {'26110': {'id': 26110, 'number': 1, 'extra_bed_type_id': 0, 'age': [0, 7], 'extra_bed': 0, 'free': 1}}, 'rate_id': 45649, 'deals': [], 'cancellation_type': 'free', 'credit_card': 1, 'bonus': 650, 'miles': 780, 'min_stay': 1, 'platichastyami': 0, 'mircashback': 1300}, {'id': 970452, 'capacity': 2, 'prepayment': 'FULL', 'nonrefundable': 0, 'cancellation_period': 0, 'cancellation_fee': 'NO', 'breakfast': 0, 'base_price': 14000, 'prices': [14000], 'price': 12600, 'old_price': 14000, 'currency': 'RUB', 'payment_amount': 14000, 'extras_variants': [], 'extras': {'26110': {'id': 26110, 'number': 1, 'extra_bed_type_id': 0, 'age': [0, 7], 'extra_bed': 0, 'free': 1}}, 'rate_id': 45650, 'deals': ['BASE'], 'cancellation_type': 'free', 'credit_card': 1, 'bonus': 630, 'miles': 756, 'min_stay': 1, 'platichastyami': 0, 'mircashback': 1260}, {'id': 970462, 'capacity': 2, 'prepayment': 'FULL', 'nonrefundable': 0, 'cancellation_period': 0, 'cancellation_fee': 'NO', 'breakfast': 1, 'base_price': 15500, 'prices': [15500], 'price': 15500, 'old_price': 15500, 'currency': 'RUB', 'payment_amount': 15500, 'extras_variants': [], 'extras': {'26110': {'id': 26110, 'number': 1, 'extra_bed_type_id': 0, 'age': [0, 7], 'extra_bed': 0, 'free': 1}}, 'rate_id': 45649, 'deals': [], 'cancellation_type': 'free', 'credit_card': 1, 'bonus': 775, 'miles': 930, 'min_stay': 1, 'platichastyami': 0, 'mircashback': 1550}]",10800.0,648,671064_101hotels,2026-07-31
460588,,Стандарт с 1 кроватью,2,0,0,1,Двухместный,2,29,[{'double': 1}],[],"[{'id': 279584, 'capacity': 1, 'prepayment': 'FULL', 'nonrefundable': 0, 'cancellation_period': 14, 'cancellation_fee': 'FIRST', 'breakfast': 0, 'base_price': 5750, 'prices': [5750], 'price': 5750, 'old_price': 5750, 'currency': 'RUB', 'payment_amount': 5750, 'extras_variants': [], 'extras': [], 'rate_id': 1577, 'deals': [], 'cancellation_type': 'special', 'credit_card': 1, 'bonus': 288, 'miles': 345, 'min_stay': 1, 'platichastyami': 0, 'mircashback': 575}, {'id': 279585, 'capacity': 2, 'prepayment': 'FULL', 'nonrefundable': 0, 'cancellation_period': 14, 'cancellation_fee': 'FIRST', 'breakfast': 0, 'base_price': 6500, 'prices': [6500], 'price': 6500, 'old_price': 6500, 'currency': 'RUB', 'payment_amount': 6500, 'extras_variants': [], 'extras': [], 'rate_id': 1577, 'deals': [], 'cancellation_type': 'special', 'credit_card': 1, 'bonus': 325, 'miles': 390, 'min_stay': 1, 'platichastyami': 0, 'mircashback': 650}]",5750.0,345,140778_101hotels,2026-07-31
460590,,Стандарт с 2 отдельными кроватями,2,0,0,1,Двухместный,2,25,[{'single': 2}],[],"[{'id': 279586, 'capacity': 1, 'prepayment': 'FULL', 'nonrefundable': 0, 'cancellation_period': 14, 'cancellation_fee': 'FIRST', 'breakfast': 0, 'base_price': 5750, 'prices': [5750], 'price': 5750, 'old_price': 5750, 'currency': 'RUB', 'payment_amount': 5750, 'extras_variants': [], 'extras': [], 'rate_id': 1577, 'deals': [], 'cancellation_type': 'special', 'credit_card': 1, 'bonus': 288, 'miles': 345, 'min_stay': 1, 'platichastyami': 0, 'mircashback': 575}, {'id': 279587, 'capacity': 2, 'prepayment': 'FULL', 'nonrefundable': 0, 'cancellation_period': 14, 'cancellation_fee': 'FIRST', 'breakfast': 0, 'base_price': 6500, 'prices': [6500], 'price': 6500, 'old_price': 6500, 'currency': 'RUB', 'payment_amount': 6500, 'extras_variants': [], 'extras': [], 'rate_id': 1577, 'deals': [], 'cancellation_type': 'special', 'credit_card': 1, 'bonus': 325, 'miles': 390, 'min_stay': 1, 'platichastyami': 0, 'mircashback': 650}]",5750.0,345,140778_101hotels,2026-07-31
2214998,,Улучшенный  с 2 отдельными кроватями,2,0,0,1,Двухместный,2,2,[{'single': 2}],[],"[{'id': 279588, 'capacity': 1, 'prepayment': 'FULL', 'nonrefundable': 0, 'cancellation_period': 14, 'cancellation_fee': 'FIRST', 'breakfast': 0, 'base_price': 7250, 'prices': [7250], 'price': 7250, 'old_price': 7250, 'currency': 'RUB', 'payment_amount': 7250, 'extras_variants': [], 'extras': [], 'rate_id': 1577, 'deals': [], 'cancellation_type': 'special', 'credit_card': 1, 'bonus': 363, 'miles': 435, 'min_stay': 1, 'platichastyami': 0, 'mircashback': 725}, {'id': 279589, 'capacity': 2, 'prepayment': 'FULL', 'nonrefundable': 0, 'cancellation_period': 14, 'cancellation_fee': 'FIRST', 'breakfast': 0, 'base_price': 9000, 'prices': [9000], 'price': 9000, 'old_price': 9000, 'currency': 'RUB', 'payment_amount': 9000, 'extras_variants': [], 'extras': [], 'rate_id': 1577, 'deals': [], 'cancellation_type': 'special', 'credit_card': 1, 'bonus': 450, 'miles': 540, 'min_stay': 1, 'platichastyami': 0, 'mircashback': 900}]",7250.0,435,140778_101hotels,2026-07-31
2214999,,Улучшенный с 1 кроватью,2,0,0,1,Двухместный,2,17,[{'double': 1}],[],"[{'id': 279590, 'capacity': 1, 'prepayment': 'FULL', 'nonrefundable': 0, 'cancellation_period': 14, 'cancellation_fee': 'FIRST', 'breakfast': 0, 'base_price': 7250, 'prices': [7250], 'price': 7250, 'old_price': 7250, 'currency': 'RUB', 'payment_amount': 7250, 'extras_variants': [], 'extras': [], 'rate_id': 1577, 'deals': [], 'cancellation_type': 'special', 'credit_card': 1, 'bonus': 363, 'miles': 435, 'min_stay': 1, 'platichastyami': 0, 'mircashback': 725}, {'id': 279591, 'capacity': 2, 'prepayment': 'FULL', 'nonrefundable': 0, 'cancellation_period': 14, 'cancellation_fee': 'FIRST', 'breakfast': 0, 'base_price': 9000, 'prices': [9000], 'price': 9000, 'old_price': 9000, 'currency': 'RUB', 'payment_amount': 9000, 'extras_variants': [], 'extras': [], 'rate_id': 1577, 'deals': [], 'cancellation_type': 'special', 'credit_card': 1, 'bonus': 450, 'miles': 540, 'min_stay': 1, 'platichastyami': 0, 'mircashback': 900}]",7250.0,435,140778_101hotels,2026-07-31
62091,,С двухъярусной кроватью,2,0,1,0,Двухместный,2,1,[{'2-tier': 1}],[],"[{'id': 709490, 'capacity': 1, 'prepayment': 'FULL', 'nonrefundable': 0, 'cancellation_period': 1, 'cancellation_fee': 'FIRST', 'breakfast': 0, 'base_price': 1850, 'prices': [1850], 'price': 1850, 'old_price': 1850, 'currency': 'RUB', 'payment_amount': 1850, 'extras_variants': [], 'extras': [], 'rate_id': 29229, 'deals': [], 'cancellation_type': 'special', 'credit_card': 1, 'bonus': 93, 'miles': 111, 'min_stay': 1, 'platichastyami': 0, 'mircashback': 185}]",1850.0,111,10672_101hotels,2026-07-31
2252914,,Ангара,2,1,0,1,Семейный,44,1,"[{'double': 1, 'sofa': 1}]","[{'id': '24967', 'number': '1', 'min_age': '0', 'max_age': '5', 'is_extra_bed': '0', 'extra_bed_type_id': '0'}]","[{'id': 621914, 'capacity': 1, 'prepayment': 'FIRST', 'nonrefundable': 0, 'cancellation_period': 1, 'cancellation_fee': 'FIRST', 'breakfast': 0, 'base_price': 3300, 'prices': [3300], 'price': 2970, 'old_price': 3300, 'currency': 'RUB', 'payment_amount': 3300, 'extras_variants': [], 'extras': {'24967': {'id': 24967, 'number': 1, 'extra_bed_type_id': 0, 'age': [0, 5], 'extra_bed': 0, 'free': 1}}, 'rate_id': 22805, 'deals': ['LAST_MINUTE'], 'cancellation_type': 'special', 'credit_card': 1, 'bonus': 149, 'miles': 177, 'min_stay': 1, 'platichastyami': 0, 'mircashback': 297}, {'id': 621915, 'capacity': 2, 'prepayment': 'FIRST', 'nonrefundable': 0, 'cancellation_period': 1, 'cancellation_fee': 'FIRST', 'breakfast': 0, 'base_price': 3300, 'prices': [3300], 'price': 2970, 'old_price': 3300, 'currency': 'RUB', 'payment_amount': 3300, 'extras_variants': [], 'extras': {'24967': {'id': 24967, 'number': 1, 'extra_bed_type_id': 0, 'age': [0, 5], 'extra_bed': 0, 'free': 1}}, 'rate_id': 22805, 'deals': ['LAST_MINUTE'], 'cancellation_type': 'special', 'credit_card': 1, 'bonus': 149, 'miles': 177, 'min_stay': 1, 'platichastyami': 0, 'mircashback': 297}]",2970.0,177,658823_101hotels,2026-07-31
2266776,,"Кровать, ""Бабр""",8,0,1,0,Восьмиместный,38,4,[{'2-tier': 1}],"[{'id': '7336', 'number': '1', 'min_age': '1', 'max_age': '14', 'is_extra_bed': '0', 'extra_bed_type_id': '0'}]","[{'id': 732391, 'capacity': 1, 'prepayment': 'FULL', 'nonrefundable': 0, 'cancellation_period': 2, 'cancellation_fee': 'FIRST', 'breakfast': 0, 'base_price': 800, 'prices': [800], 'price': 680, 'old_price': 800, 'currency': 'RUB', 'payment_amount': 800, 'extras_variants': [], 'extras': {'7336': {'id': 7336, 'number': 1, 'extra_bed_type_id': 0, 'age': [1, 14], 'extra_bed': 0, 'free': 1}}, 'rate_id': 23182, 'deals': ['LAST_MINUTE'], 'cancellation_type': 'special', 'credit_card': 1, 'bonus': 34, 'miles': 39, 'min_stay': 1, 'platichastyami': 0, 'mircashback': 68}]",680.0,39,14164_101hotels,2026-07-31
2266785,,"Кровать, Голомянка",1,0,1,0,Шестиместный Мужской,108,5,[{'2-tier': 1}],"[{'id': '7338', 'number': '1', 'min_age': '1', 'max_age': '14', 'is_extra_bed': '0', 'extra_bed_type_id': '0'}]","[{'id': 732410, 'capacity': 1, 'prepayment': 'FULL', 'nonrefundable': 0, 'cancellation_period': 2, 'cancellation_fee': 'FIRST', 'breakfast': 0, 'base_price': 850, 'prices': [850], 'price': 722.5, 'old_price': 850, 'currency': 'RUB', 'payment_amount': 850, 'extras_variants': [], 'extras': {'7338': {'id': 7338, 'number': 1, 'extra_bed_type_id': 0, 'age': [1, 14], 'extra_bed': 0, 'free': 1}}, 'rate_id': 23182, 'deals': ['LAST_MINUTE'], 'cancellation_type': 'special', 'credit_card': 1, 'bonus': 36, 'miles': 42, 'min_stay': 1, 'platichastyami': 0, 'mircashback': 72}]",722.5,42,14164_101hotels,2026-07-31
2266791,,"Кровать, Большая улица",1,0,1,0,Шестиместный Женский,109,5,[{'2-tier': 1}],"[{'id': '7337', 'number': '1', 'min_age': '1', 'max_age': '14', 'is_extra_bed': '0', 'extra_bed_type_id': '0'}]","[{'id': 732439, 'capacity': 1, 'prepayment': 'FULL', 'nonrefundable': 0, 'cancellation_period': 2, 'cancellation_fee': 'FIRST', 'breakfast': 0, 'base_price': 850, 'prices': [850], 'price': 722.5, 'old_price': 850, 'currency': 'RUB', 'payment_amount': 850, 'extras_variants': [], 'extras': {'7337': {'id': 7337, 'number': 1, 'extra_bed_type_id': 0, 'age': [1, 14], 'extra_bed': 0, 'free': 1}}, 'rate_id': 23182, 'deals': ['LAST_MINUTE'], 'cancellation_type': 'special', 'credit_card': 1, 'bonus': 36, 'miles': 42, 'min_stay': 1, 'platichastyami': 0, 'mircashback': 72}]",722.5,42,14164_101hotels,2026-07-31
2266795,,"Кровать, Иванишн",4,0,1,0,Четырехместный,34,4,[{'single': 1}],"[{'id': '11012', 'number': '1', 'min_age': '1', 'max_age': '14', 'is_extra_bed': '0', 'extra_bed_type_id': '0'}]","[{'id': 732446, 'capacity': 1, 'prepayment': 'FULL', 'nonrefundable': 0, 'cancellation_period': 2, 'cancellation_fee': 'FIRST', 'breakfast': 0, 'base_price': 950, 'prices': [950], 'price': 807.5, 'old_price': 950, 'currency': 'RUB', 'payment_amount': 950, 'extras_variants': [], 'extras': {'11012': {'id': 11012, 'number': 1, 'extra_bed_type_id': 0, 'age': [1, 14], 'extra_bed': 0, 'free': 1}}, 'rate_id': 23182, 'deals': ['LAST_MINUTE'], 'cancellation_type': 'special', 'credit_card': 1, 'bonus': 40, 'miles': 48, 'min_stay': 1, 'platichastyami': 0, 'mircashback': 81}]",807.5,48,14164_101hotels,2026-07-31
2266820,,Комната-капсула Медведь,2,1,0,0,Трехместный,37,1,"[{'single': 1, 'double': 1}]",[],"[{'id': 732564, 'capacity': 1, 'prepayment': 'FULL', 'nonrefundable': 0, 'cancellation_period': 2, 'cancellation_fee': 'FIRST', 'breakfast': 0, 'base_price': 1500, 'prices': [1500], 'price': 1275, 'old_price': 1500, 'currency': 'RUB', 'payment_amount': 1500, 'extras_variants': [], 'extras': [], 'rate_id': 23182, 'deals': ['LAST_MINUTE'], 'cancellation_type': 'special', 'credit_card': 1, 'bonus': 64, 'miles': 75, 'min_stay': 1, 'platichastyami': 0, 'mircashback': 128}, {'id': 732565, 'capacity': 2, 'prepayment': 'FULL', 'nonrefundable': 0, 'cancellation_period': 2, 'cancellation_fee': 'FIRST', 'breakfast': 0, 'base_price': 1800, 'prices': [1800], 'price': 1530, 'old_price': 1800, 'currency': 'RUB', 'payment_amount': 1800, 'extras_variants': [], 'extras': [], 'rate_id': 23182, 'deals': ['LAST_MINUTE'], 'cancellation_type': 'special', 'credit_card': 1, 'bonus': 77, 'miles': 90, 'min_stay': 1, 'platichastyami': 0, 'mircashback': 153}]",1275.0,75,14164_101hotels,2026-07-31
2266822,,Комната Конь,2,0,0,0,Двухместный,2,1,[{'double': 1}],[],"[{'id': 732572, 'capacity': 1, 'prepayment': 'FULL', 'nonrefundable': 0, 'cancellation_period': 2, 'cancellation_fee': 'FIRST', 'breakfast': 0, 'base_price': 1500, 'prices': [1500], 'price': 1275, 'old_price': 1500, 'currency': 'RUB', 'payment_amount': 1500, 'extras_variants': [], 'extras': [], 'rate_id': 23182, 'deals': ['LAST_MINUTE'], 'cancellation_type': 'special', 'credit_card': 1, 'bonus': 64, 'miles': 75, 'min_stay': 1, 'platichastyami': 0, 'mircashback': 128}, {'id': 732573, 'capacity': 2, 'prepayment': 'FULL', 'nonrefundable': 0, 'cancellation_period': 2, 'cancellation_fee': 'FIRST', 'breakfast': 0, 'base_price': 1800, 'prices': [1800], 'price': 1530, 'old_price': 1800, 'currency': 'RUB', 'payment_amount': 1800, 'extras_variants': [], 'extras': [], 'rate_id': 23182, 'deals': ['LAST_MINUTE'], 'cancellation_type': 'special', 'credit_card': 1, 'bonus': 77, 'miles': 90, 'min_stay': 1, 'platichastyami': 0, 'mircashback': 153}]",1275.0,75,14164_101hotels,2026-07-31
2304255,,Одноместный стандартный номер,1,0,0,1,Одноместный,1,4,[{'single': 1}],[],"[{'id': 1078310, 'capacity': 1, 'prepayment': 'NO', 'nonrefundable': 0, 'cancellation_period': 0, 'cancellation_fee': 'NO', 'breakfast': 0, 'base_price': 6080, 'prices': [6080], 'price': 6080, 'old_price': 6080, 'currency': 'RUB', 'payment_amount': 0, 'extras_variants': [], 'extras': [], 'rate_id': 53184, 'deals': [], 'cancellation_type': 'free', 'credit_card': 0, 'bonus': 304, 'miles': 363, 'min_stay': 1, 'platichastyami': 0, 'mircashback': 608}, {'id': 1072440, 'capacity': 1, 'prepayment': 'FIRST', 'nonrefundable': 1, 'cancellation_period': 0, 'cancellation_fee': 'FIRST', 'breakfast': 7, 'base_price': 6655.2, 'prices': [6655.2], 'price': 6655.2, 'old_price': 6655.2, 'currency': 'RUB', 'payment_amount': 6655.2, 'extras_variants': [], 'extras': [], 'rate_id': 52775, 'deals': [], 'cancellation_type': 'nonrefundable', 'credit_card': 1, 'bonus': 333, 'miles': 399, 'min_stay': 1, 'platichastyami': 0, 'mircashback': 666}, {'id': 1072437, 'capacity': 1, 'prepayment': 'NO', 'nonrefundable': 0, 'cancellation_period': 0, 'cancellation_fee': 'NO', 'breakfast': 7, 'base_price': 7080, 'prices': [7080], 'price': 7080, 'old_price': 7080, 'currency': 'RUB', 'payment_amount': 0, 'extras_variants': [], 'extras': [], 'rate_id': 52774, 'deals': [], 'cancellation_type': 'free', 'credit_card': 0, 'bonus': 354, 'miles': 423, 'min_stay': 1, 'platichastyami': 0, 'mircashback': 708}, {'id': '1078310P', 'capacity': 1, 'prepayment': 'FULL', 'nonrefundable': 0, 'cancellation_period': 0, 'cancellation_fee': 'NO', 'breakfast': 0, 'base_price': 6080, 'prices': [6080], 'price': 6080, 'old_price': 6080, 'currency': 'RUB', 'payment_amount': 6080, 'extras_variants': [], 'extras': [], 'rate_id': 53184, 'deals': [], 'cancellation_type': 'free', 'credit_card': 0, 'bonus': 304, 'miles': 363, 'min_stay': 1, 'platichastyami': 0, 'mircashback': 608}]",6080.0,363,673302_101hotels,2026-07-31
2304285,,Стандартный номер с двумя раздельными кроватями,2,0,0,1,Двухместный,2,5,[{'single': 2}],[],"[{'id': 1078313, 'capacity': 1, 'prepayment': 'NO', 'nonrefundable': 0, 'cancellation_period': 0, 'cancellation_fee': 'NO', 'breakfast': 0, 'base_price': 6080, 'prices': [6080], 'price': 6080, 'old_price': 6080, 'currency': 'RUB', 'payment_amount': 0, 'extras_variants': [], 'extras': [], 'rate_id': 53184, 'deals': [], 'cancellation_type': 'free', 'credit_card': 0, 'bonus': 304, 'miles': 363, 'min_stay': 1, 'platichastyami': 0, 'mircashback': 608}, {'id': 1072533, 'capacity': 1, 'prepayment': 'FIRST', 'nonrefundable': 1, 'cancellation_period': 0, 'cancellation_fee': 'FIRST', 'breakfast': 7, 'base_price': 6655.2, 'prices': [6655.2], 'price': 6655.2, 'old_price': 6655.2, 'currency': 'RUB', 'payment_amount': 6655.2, 'extras_variants': [], 'extras': [], 'rate_id': 52775, 'deals': [], 'cancellation_type': 'nonrefundable', 'credit_card': 1, 'bonus': 333, 'miles': 399, 'min_stay': 1, 'platichastyami': 0, 'mircashback': 666}, {'id': 1072529, 'capacity': 1, 'prepayment': 'NO', 'nonrefundable': 0, 'cancellation_period': 0, 'cancellation_fee': 'NO', 'breakfast': 7, 'base_price': 7080, 'prices': [7080], 'price': 7080, 'old_price': 7080, 'currency': 'RUB', 'payment_amount': 0, 'extras_variants': [], 'extras': [], 'rate_id': 52774, 'deals': [], 'cancellation_type': 'free', 'credit_card': 0, 'bonus': 354, 'miles': 423, 'min_stay': 1, 'platichastyami': 0, 'mircashback': 708}, {'id': 1078314, 'capacity': 2, 'prepayment': 'NO', 'nonrefundable': 0, 'cancellation_period': 0, 'cancellation_fee': 'NO', 'breakfast': 0, 'base_price': 7280, 'prices': [7280], 'price': 7280, 'old_price': 7280, 'currency': 'RUB', 'payment_amount': 0, 'extras_variants': [], 'extras': [], 'rate_id': 53184, 'deals': [], 'cancellation_type': 'free', 'credit_card': 0, 'bonus': 364, 'miles': 435, 'min_stay': 1, 'platichastyami': 0, 'mircashback': 728}, {'id': 1072534, 'capacity': 2, 'prepayment': 'FIRST', 'nonrefundable': 1, 'cancellation_period': 0, 'cancellation_fee': 'FIRST', 'breakfast': 7, 'base_price': 7783.2, 'prices': [7783.2], 'price': 7783.2, 'old_price': 7783.2, 'currency': 'RUB', 'payment_amount': 7783.2, 'extras_variants': [], 'extras': [], 'rate_id': 52775, 'deals': [], 'cancellation_type': 'nonrefundable', 'credit_card': 1, 'bonus': 389, 'miles': 465, 'min_stay': 1, 'platichastyami': 0, 'mircashback': 778}, {'id': 1072530, 'capacity': 2, 'prepayment': 'NO', 'nonrefundable': 0, 'cancellation_period': 0, 'cancellation_fee': 'NO', 'breakfast': 7, 'base_price': 8280, 'prices': [8280], 'price': 8280, 'old_price': 8280, 'currency': 'RUB', 'payment_amount': 0, 'extras_variants': [], 'extras': [], 'rate_id': 52774, 'deals': [], 'cancellation_type': 'free', 'credit_card': 0, 'bonus': 414, 'miles': 495, 'min_stay': 1, 'platichastyami': 0, 'mircashback': 828}, {'id': '1078313P', 'capacity': 1, 'prepayment': 'FULL', 'nonrefundable': 0, 'cancellation_period': 0, 'cancellation_fee': 'NO', 'breakfast': 0, 'base_price': 6080, 'prices': [6080], 'price': 6080, 'old_price': 6080, 'currency': 'RUB', 'payment_amount': 6080, 'extras_variants': [], 'extras': [], 'rate_id': 53184, 'deals': [], 'cancellation_type': 'free', 'credit_card': 0, 'bonus': 304, 'miles': 363, 'min_stay': 1, 'platichastyami': 0, 'mircashback': 608}, {'id': '1078314P', 'capacity': 2, 'prepayment': 'FULL', 'nonrefundable': 0, 'cancellation_period': 0, 'cancellation_fee': 'NO', 'breakfast': 0, 'base_price': 7280, 'prices': [7280], 'price': 7280, 'old_price': 7280, 'currency': 'RUB', 'payment_amount': 7280, 'extras_variants': [], 'extras': [], 'rate_id': 53184, 'deals': [], 'cancellation_type': 'free', 'credit_card': 0, 'bonus': 364, 'miles': 435, 'min_stay': 1, 'platichastyami': 0, 'mircashback': 728}]",6080.0,363,673302_101hotels,2026-07-31
2304296,,Джуниор Сюит,2,0,0,1,Семейный,44,1,"[{'single': 1}, {'double': 1}]","[{'id': '51109', 'number': '1', 'min_age': '0', 'max_age': '6', 'is_extra_bed': '0', 'extra_bed_type_id': '0'}]","[{'id': 1078317, 'capacity': 1, 'prepayment': 'NO', 'nonrefundable': 0, 'cancellation_period': 0, 'cancellation_fee': 'NO', 'breakfast': 0, 'base_price': 11840, 'prices': [11840], 'price': 11840, 'old_price': 11840, 'currency': 'RUB', 'payment_amount': 0, 'extras_variants': [], 'extras': {'51109': {'id': 51109, 'number': 1, 'extra_bed_type_id': 0, 'age': [0, 6], 'extra_bed': 0, 'free': 1}}, 'rate_id': 53184, 'deals': [], 'cancellation_type': 'free', 'credit_card': 0, 'bonus': 592, 'miles': 708, 'min_stay': 1, 'platichastyami': 0, 'mircashback': 1184}, {'id': 1072540, 'capacity': 1, 'prepayment': 'FIRST', 'nonrefundable': 1, 'cancellation_period': 0, 'cancellation_fee': 'FIRST', 'breakfast': 7, 'base_price': 12069.6, 'prices': [12069.6], 'price': 12069.6, 'old_price': 12069.6, 'currency': 'RUB', 'payment_amount': 12069.6, 'extras_variants': [], 'extras': {'51109': {'id': 51109, 'number': 1, 'extra_bed_type_id': 0, 'age': [0, 6], 'extra_bed': 0, 'free': 1}}, 'rate_id': 52775, 'deals': [], 'cancellation_type': 'nonrefundable', 'credit_card': 1, 'bonus': 603, 'miles': 723, 'min_stay': 1, 'platichastyami': 0, 'mircashback': 1207}, {'id': 1072538, 'capacity': 1, 'prepayment': 'NO', 'nonrefundable': 0, 'cancellation_period': 0, 'cancellation_fee': 'NO', 'breakfast': 7, 'base_price': 12840, 'prices': [12840], 'price': 12840, 'old_price': 12840, 'currency': 'RUB', 'payment_amount': 0, 'extras_variants': [], 'extras': {'51109': {'id': 51109, 'number': 1, 'extra_bed_type_id': 0, 'age': [0, 6], 'extra_bed': 0, 'free': 1}}, 'rate_id': 52774, 'deals': [], 'cancellation_type': 'free', 'credit_card': 0, 'bonus': 642, 'miles': 768, 'min_stay': 1, 'platichastyami': 0, 'mircashback': 1284}, {'id': 1078318, 'capacity': 2, 'prepayment': 'NO', 'nonrefundable': 0, 'cancellation_period': 0, 'cancellation_fee': 'NO', 'breakfast': 0, 'base_price': 11840, 'prices': [11840], 'price': 11840, 'old_price': 11840, 'currency': 'RUB', 'payment_amount': 0, 'extras_variants': [], 'extras': {'51109': {'id': 51109, 'number': 1, 'extra_bed_type_id': 0, 'age': [0, 6], 'extra_bed': 0, 'free': 1}}, 'rate_id': 53184, 'deals': [], 'cancellation_type': 'free', 'credit_card': 0, 'bonus': 592, 'miles': 708, 'min_stay': 1, 'platichastyami': 0, 'mircashback': 1184}, {'id': 1072541, 'capacity': 2, 'prepayment': 'FIRST', 'nonrefundable': 1, 'cancellation_period': 0, 'cancellation_fee': 'FIRST', 'breakfast': 7, 'base_price': 12069.6, 'prices': [12069.6], 'price': 12069.6, 'old_price': 12069.6, 'currency': 'RUB', 'payment_amount': 12069.6, 'extras_variants': [], 'extras': {'51109': {'id': 51109, 'number': 1, 'extra_bed_type_id': 0, 'age': [0, 6], 'extra_bed': 0, 'free': 1}}, 'rate_id': 52775, 'deals': [], 'cancellation_type': 'nonrefundable', 'credit_card': 1, 'bonus': 603, 'miles': 723, 'min_stay': 1, 'platichastyami': 0, 'mircashback': 1207}, {'id': 1072539, 'capacity': 2, 'prepayment': 'NO', 'nonrefundable': 0, 'cancellation_period': 0, 'cancellation_fee': 'NO', 'breakfast': 7, 'base_price': 12840, 'prices': [12840], 'price': 12840, 'old_price': 12840, 'currency': 'RUB', 'payment_amount': 0, 'extras_variants': [], 'extras': {'51109': {'id': 51109, 'number': 1, 'extra_bed_type_id': 0, 'age': [0, 6], 'extra_bed': 0, 'free': 1}}, 'rate_id': 52774, 'deals': [], 'cancellation_type': 'free', 'credit_card': 0, 'bonus': 642, 'miles': 768, 'min_stay': 1, 'platichastyami': 0, 'mircashback': 1284}, {'id': '1078317P', 'capacity': 1, 'prepayment': 'FULL', 'nonrefundable': 0, 'cancellation_period': 0, 'cancellation_fee': 'NO', 'breakfast': 0, 'base_price': 11840, 'prices': [11840], 'price': 11840, 'old_price': 11840, 'currency': 'RUB', 'payment_amount': 11840, 'extras_variants': [], 'extras': {'51109': {'id': 51109, 'number': 1, 'extra_bed_type_id': 0, 'age': [0, 6], 'extra_bed': 0, 'free': 1}}, 'rate_id': 53184, 'deals': [], 'cancellation_type': 'free', 'credit_card': 0, 'bonus': 592, 'miles': 708, 'min_stay': 1, 'platichastyami': 0, 'mircashback': 1184}, {'id': '1078318P', 'capacity': 2, 'prepayment': 'FULL', 'nonrefundable': 0, 'cancellation_period': 0, 'cancellation_fee': 'NO', 'breakfast': 0, 'base_price': 11840, 'prices': [11840], 'price': 11840, 'old_price': 11840, 'currency': 'RUB', 'payment_amount': 11840, 'extras_variants': [], 'extras': {'51109': {'id': 51109, 'number': 1, 'extra_bed_type_id': 0, 'age': [0, 6], 'extra_bed': 0, 'free': 1}}, 'rate_id': 53184, 'deals': [], 'cancellation_type': 'free', 'credit_card': 0, 'bonus': 592, 'miles': 708, 'min_stay': 1, 'platichastyami': 0, 'mircashback': 1184}]",11840.0,708,673302_101hotels,2026-07-31
2221615,,Кровать в общем мужском номере,6,0,1,0,Шестиместный,36,3,[{'single': 1}],[],"[{'id': 660363, 'capacity': 1, 'prepayment': 'FULL', 'nonrefundable': 0, 'cancellation_period': 1, 'cancellation_fee': 'FIRST', 'breakfast': 0, 'base_price': 800, 'prices': [800], 'price': 800, 'old_price': 800, 'currency': 'RUB', 'payment_amount': 800, 'extras_variants': [], 'extras': [], 'rate_id': 25653, 'deals': [], 'cancellation_type': 'special', 'credit_card': 1, 'bonus': 40, 'miles': 48, 'min_stay': 1, 'platichastyami': 0, 'mircashback': 80}]",800.0,48,650983_101hotels,2026-07-31
2221618,,Кровать в общем женском номере,6,0,1,0,Шестиместный,36,3,[{'2-tier': 1}],[],"[{'id': 660364, 'capacity': 1, 'prepayment': 'FULL', 'nonrefundable': 0, 'cancellation_period': 1, 'cancellation_fee': 'FIRST', 'breakfast': 0, 'base_price': 800, 'prices': [800], 'price': 800, 'old_price': 800, 'currency': 'RUB', 'payment_amount': 800, 'extras_variants': [], 'extras': [], 'rate_id': 25653, 'deals': [], 'cancellation_type': 'special', 'credit_card': 1, 'bonus': 40, 'miles': 48, 'min_stay': 1, 'platichastyami': 0, 'mircashback': 80}]",800.0,48,650983_101hotels,2026-07-31
2221626,,С собственной ванной комнатой,2,1,0,1,Двухместный,2,1,"[{'double': 1}, {'sofa': 1}]",[],"[{'id': 660357, 'capacity': 1, 'prepayment': 'FULL', 'nonrefundable': 0, 'cancellation_period': 1, 'cancellation_fee': 'FIRST', 'breakfast': 0, 'base_price': 2800, 'prices': [2800], 'price': 2800, 'old_price': 2800, 'currency': 'RUB', 'payment_amount': 2800, 'extras_variants': [], 'extras': [], 'rate_id': 25653, 'deals': [], 'cancellation_type': 'special', 'credit_card': 1, 'bonus': 140, 'miles': 168, 'min_stay': 1, 'platichastyami': 0, 'mircashback': 280}, {'id': 660358, 'capacity': 2, 'prepayment': 'FULL', 'nonrefundable': 0, 'cancellation_period': 1, 'cancellation_fee': 'FIRST', 'breakfast': 0, 'base_price': 2800, 'prices': [2800], 'price': 2800, 'old_price': 2800, 'currency': 'RUB', 'payment_amount': 2800, 'extras_variants': [], 'extras': [], 'rate_id': 25653, 'deals': [], 'cancellation_type': 'special', 'credit_card': 1, 'bonus': 140, 'miles': 168, 'min_stay': 1, 'platichastyami': 0, 'mircashback': 280}]",2800.0,168,650983_101hotels,2026-07-31
1788427,,Стандарт,1,1,0,1,Одноместный,1,2,[{'single': 1}],[],"[{'id': 604109, 'capacity': 1, 'prepayment': 'NO', 'nonrefundable': 0, 'cancellation_period': 0, 'cancellation_fee': 'NO', 'breakfast': 0, 'base_price': 2500, 'prices': [2500], 'price': 2500, 'old_price': 2500, 'currency': 'RUB', 'payment_amount': 0, 'extras_variants': [], 'extras': [], 'rate_id': 21502, 'deals': [], 'cancellation_type': 'free', 'credit_card': 0, 'bonus': 125, 'miles': 150, 'min_stay': 1, 'platichastyami': 0, 'mircashback': 250}, {'id': '604109P', 'capacity': 1, 'prepayment': 'FULL', 'nonrefundable': 0, 'cancellation_period': 0, 'cancellation_fee': 'NO', 'breakfast': 0, 'base_price': 2500, 'prices': [2500], 'price': 2500, 'old_price': 2500, 'currency': 'RUB', 'payment_amount': 2500, 'extras_variants': [], 'extras': [], 'rate_id': 21502, 'deals': [], 'cancellation_type': 'free', 'credit_card': 0, 'bonus': 125, 'miles': 150, 'min_stay': 1, 'platichastyami': 0, 'mircashback': 250}]",2500.0,150,7190_101hotels,2026-07-31
1788428,,"Стандарт, Twin",2,1,0,1,Двухместный,2,8,[{'single': 2}],[],"[{'id': 604111, 'capacity': 1, 'prepayment': 'NO', 'nonrefundable': 0, 'cancellation_period': 0, 'cancellation_fee': 'NO', 'breakfast': 0, 'base_price': 3000, 'prices': [3000], 'price': 3000, 'old_price': 3000, 'currency': 'RUB', 'payment_amount': 0, 'extras_variants': [], 'extras': [], 'rate_id': 21502, 'deals': [], 'cancellation_type': 'free', 'credit_card': 0, 'bonus': 150, 'miles': 180, 'min_stay': 1, 'platichastyami': 0, 'mircashback': 300}, {'id': 604112, 'capacity': 2, 'prepayment': 'NO', 'nonrefundable': 0, 'cancellation_period': 0, 'cancellation_fee': 'NO', 'breakfast': 0, 'base_price': 3000, 'prices': [3000], 'price': 3000, 'old_price': 3000, 'currency': 'RUB', 'payment_amount': 0, 'extras_variants': [], 'extras': [], 'rate_id': 21502, 'deals': [], 'cancellation_type': 'free', 'credit_card': 0, 'bonus': 150, 'miles': 180, 'min_stay': 1, 'platichastyami': 0, 'mircashback': 300}, {'id': '604111P', 'capacity': 1, 'prepayment': 'FULL', 'nonrefundable': 0, 'cancellation_period': 0, 'cancellation_fee': 'NO', 'breakfast': 0, 'base_price': 3000, 'prices': [3000], 'price': 3000, 'old_price': 3000, 'currency': 'RUB', 'payment_amount': 3000, 'extras_variants': [], 'extras': [], 'rate_id': 21502, 'deals': [], 'cancellation_type': 'free', 'credit_card': 0, 'bonus': 150, 'miles': 180, 'min_stay': 1, 'platichastyami': 0, 'mircashback': 300}, {'id': '604112P', 'capacity': 2, 'prepayment': 'FULL', 'nonrefundable': 0, 'cancellation_period': 0, 'cancellation_fee': 'NO', 'breakfast': 0, 'base_price': 3000, 'prices': [3000], 'price': 3000, 'old_price': 3000, 'currency': 'RUB', 'payment_amount': 3000, 'extras_variants': [], 'extras': [], 'rate_id': 21502, 'deals': [], 'cancellation_type': 'free', 'credit_card': 0, 'bonus': 150, 'miles': 180, 'min_stay': 1, 'platichastyami': 0, 'mircashback': 300}]",3000.0,180,7190_101hotels,2026-07-31
1788430,,"Стандарт, С балконом",1,1,0,1,Одноместный,1,1,[{'single': 1}],[],"[{'id': 604110, 'capacity': 1, 'prepayment': 'NO', 'nonrefundable': 0, 'cancellation_period': 0, 'cancellation_fee': 'NO', 'breakfast': 0, 'base_price': 2700, 'prices': [2700], 'price': 2700, 'old_price': 2700, 'currency': 'RUB', 'payment_amount': 0, 'extras_variants': [], 'extras': [], 'rate_id': 21502, 'deals': [], 'cancellation_type': 'free', 'credit_card': 0, 'bonus': 135, 'miles': 162, 'min_stay': 1, 'platichastyami': 0, 'mircashback': 270}, {'id': '604110P', 'capacity': 1, 'prepayment': 'FULL', 'nonrefundable': 0, 'cancellation_period': 0, 'cancellation_fee': 'NO', 'breakfast': 0, 'base_price': 2700, 'prices': [2700], 'price': 2700, 'old_price': 2700, 'currency': 'RUB', 'payment_amount': 2700, 'extras_variants': [], 'extras': [], 'rate_id': 21502, 'deals': [], 'cancellation_type': 'free', 'credit_card': 0, 'bonus': 135, 'miles': 162, 'min_stay': 1, 'platichastyami': 0, 'mircashback': 270}]",2700.0,162,7190_101hotels,2026-07-31
1788432,,"Стандарт, С 1 кроватью и диваном",2,1,0,1,Двухместный,2,2,[{'double': 1}],[],"[{'id': 604117, 'capacity': 1, 'prepayment': 'NO', 'nonrefundable': 0, 'cancellation_period': 0, 'cancellation_fee': 'NO', 'breakfast': 0, 'base_price': 3500, 'prices': [3500], 'price': 3500, 'old_price': 3500, 'currency': 'RUB', 'payment_amount': 0, 'extras_variants': [], 'extras': [], 'rate_id': 21502, 'deals': [], 'cancellation_type': 'free', 'credit_card': 0, 'bonus': 175, 'miles': 210, 'min_stay': 1, 'platichastyami': 0, 'mircashback': 350}, {'id': 604118, 'capacity': 2, 'prepayment': 'NO', 'nonrefundable': 0, 'cancellation_period': 0, 'cancellation_fee': 'NO', 'breakfast': 0, 'base_price': 3500, 'prices': [3500], 'price': 3500, 'old_price': 3500, 'currency': 'RUB', 'payment_amount': 0, 'extras_variants': [], 'extras': [], 'rate_id': 21502, 'deals': [], 'cancellation_type': 'free', 'credit_card': 0, 'bonus': 175, 'miles': 210, 'min_stay': 1, 'platichastyami': 0, 'mircashback': 350}, {'id': '604117P', 'capacity': 1, 'prepayment': 'FULL', 'nonrefundable': 0, 'cancellation_period': 0, 'cancellation_fee': 'NO', 'breakfast': 0, 'base_price': 3500, 'prices': [3500], 'price': 3500, 'old_price': 3500, 'currency': 'RUB', 'payment_amount': 3500, 'extras_variants': [], 'extras': [], 'rate_id': 21502, 'deals': [], 'cancellation_type': 'free', 'credit_card': 0, 'bonus': 175, 'miles': 210, 'min_stay': 1, 'platichastyami': 0, 'mircashback': 350}, {'id': '604118P', 'capacity': 2, 'prepayment': 'FULL', 'nonrefundable': 0, 'cancellation_period': 0, 'cancellation_fee': 'NO', 'breakfast': 0, 'base_price': 3500, 'prices': [3500], 'price': 3500, 'old_price': 3500, 'currency': 'RUB', 'payment_amount': 3500, 'extras_variants': [], 'extras': [], 'rate_id': 21502, 'deals': [], 'cancellation_type': 'free', 'credit_card': 0, 'bonus': 175, 'miles': 210, 'min_stay': 1, 'platichastyami': 0, 'mircashback': 350}]",3500.0,210,7190_101hotels,2026-07-31
2241247,,Стандартный номер,2,0,0,1,Двухместный,2,1,"[{'single': 2}, {'double': 1}]",[],"[{'id': 475017, 'capacity': 1, 'prepayment': 'FIRST', 'nonrefundable': 0, 'cancellation_period': 7, 'cancellation_fee': 'FIRST', 'breakfast': 0, 'base_price': 6600, 'prices': [6600], 'price': 5940, 'old_price': 6600, 'currency': 'RUB', 'payment_amount': 6600, 'extras_variants': [], 'extras': [], 'rate_id': 12700, 'deals': ['LAST_MINUTE'], 'cancellation_type': 'special', 'credit_card': 1, 'bonus': 297, 'miles': 354, 'min_stay': 1, 'platichastyami': 0, 'mircashback': 594}, {'id': 475008, 'capacity': 1, 'prepayment': 'FIRST', 'nonrefundable': 0, 'cancellation_period': 7, 'cancellation_fee': 'FIRST', 'breakfast': 1, 'base_price': 7400, 'prices': [7400], 'price': 7400, 'old_price': 7400, 'currency': 'RUB', 'payment_amount': 7400, 'extras_variants': [], 'extras': [], 'rate_id': 12699, 'deals': [], 'cancellation_type': 'special', 'credit_card': 1, 'bonus': 370, 'miles': 444, 'min_stay': 1, 'platichastyami': 0, 'mircashback': 740}, {'id': 475018, 'capacity': 2, 'prepayment': 'FIRST', 'nonrefundable': 0, 'cancellation_period': 7, 'cancellation_fee': 'FIRST', 'breakfast': 0, 'base_price': 7300, 'prices': [7300], 'price': 6570, 'old_price': 7300, 'currency': 'RUB', 'payment_amount': 7300, 'extras_variants': [], 'extras': [], 'rate_id': 12700, 'deals': ['LAST_MINUTE'], 'cancellation_type': 'special', 'credit_card': 1, 'bonus': 329, 'miles': 393, 'min_stay': 1, 'platichastyami': 0, 'mircashback': 657}, {'id': 475009, 'capacity': 2, 'prepayment': 'FIRST', 'nonrefundable': 0, 'cancellation_period': 7, 'cancellation_fee': 'FIRST', 'breakfast': 1, 'base_price': 8800, 'prices': [8800], 'price': 8800, 'old_price': 8800, 'currency': 'RUB', 'payment_amount': 8800, 'extras_variants': [], 'extras': [], 'rate_id': 12699, 'deals': [], 'cancellation_type': 'special', 'credit_card': 1, 'bonus': 440, 'miles': 528, 'min_stay': 1, 'platichastyami': 0, 'mircashback': 880}]",5940.0,354,649990_101hotels,2026-07-31
56002,,Стандарт,2,1,0,1,Двухместный,2,3,[{'double': 1}],[],"[{'id': 710334, 'capacity': 1, 'prepayment': 'FIRST', 'nonrefundable': 0, 'cancellation_period': 1, 'cancellation_fee': 'FIRST', 'breakfast': 0, 'base_price': 2150, 'prices': [2150], 'price': 2150, 'old_price': 2150, 'currency': 'RUB', 'payment_amount': 2150, 'extras_variants': [], 'extras': [], 'rate_id': 29287, 'deals': [], 'cancellation_type': 'special', 'credit_card': 1, 'bonus': 108, 'miles': 129, 'min_stay': 1, 'platichastyami': 0, 'mircashback': 215}, {'id': 710326, 'capacity': 1, 'prepayment': 'FIRST', 'nonrefundable': 0, 'cancellation_period': 1, 'cancellation_fee': 'FIRST', 'breakfast': 1, 'base_price': 2400, 'prices': [2400], 'price': 2400, 'old_price': 2400, 'currency': 'RUB', 'payment_amount': 2400, 'extras_variants': [], 'extras': [], 'rate_id': 29286, 'deals': [], 'cancellation_type': 'special', 'credit_card': 1, 'bonus': 120, 'miles': 144, 'min_stay': 1, 'platichastyami': 0, 'mircashback': 240}, {'id': 710335, 'capacity': 2, 'prepayment': 'FIRST', 'nonrefundable': 0, 'cancellation_period': 1, 'cancellation_fee': 'FIRST', 'breakfast': 0, 'base_price': 2500, 'prices': [2500], 'price': 2500, 'old_price': 2500, 'currency': 'RUB', 'payment_amount': 2500, 'extras_variants': [], 'extras': [], 'rate_id': 29287, 'deals': [], 'cancellation_type': 'special', 'credit_card': 1, 'bonus': 125, 'miles': 150, 'min_stay': 1, 'platichastyami': 0, 'mircashback': 250}, {'id': 710327, 'capacity': 2, 'prepayment': 'FIRST', 'nonrefundable': 0, 'cancellation_period': 1, 'cancellation_fee': 'FIRST', 'breakfast': 1, 'base_price': 3000, 'prices': [3000], 'price': 3000, 'old_price': 3000, 'currency': 'RUB', 'payment_amount': 3000, 'extras_variants': [], 'extras': [], 'rate_id': 29286, 'deals': [], 'cancellation_type': 'special', 'credit_card': 1, 'bonus': 150, 'miles': 180, 'min_stay': 1, 'platichastyami': 0, 'mircashback': 300}]",2150.0,129,218_101hotels,2026-07-31
28779,,Стандарт Double,2,0,0,1,Двухместный,2,5,[{'double': 1}],[],"[{'id': 254614, 'capacity': 1, 'prepayment': 'FIRST', 'nonrefundable': 1, 'cancellation_period': 0, 'cancellation_fee': 'FIRST', 'breakfast': 1, 'base_price': 4800, 'prices': [4800], 'price': 4800, 'old_price': 4800, 'currency': 'RUB', 'payment_amount': 4800, 'extras_variants': [], 'extras': [], 'rate_id': 401, 'deals': [], 'cancellation_type': 'nonrefundable', 'credit_card': 1, 'bonus': 240, 'miles': 288, 'min_stay': 1, 'platichastyami': 0, 'mircashback': 480}, {'id': 254615, 'capacity': 2, 'prepayment': 'FIRST', 'nonrefundable': 1, 'cancellation_period': 0, 'cancellation_fee': 'FIRST', 'breakfast': 1, 'base_price': 5600, 'prices': [5600], 'price': 5600, 'old_price': 5600, 'currency': 'RUB', 'payment_amount': 5600, 'extras_variants': [], 'extras': [], 'rate_id': 401, 'deals': [], 'cancellation_type': 'nonrefundable', 'credit_card': 1, 'bonus': 280, 'miles': 336, 'min_stay': 1, 'platichastyami': 0, 'mircashback': 560}]",4800.0,288,6013_101hotels,2026-07-31
28780,,Стандарт Twin,2,0,0,1,Двухместный,2,7,[{'single': 2}],[],"[{'id': 254616, 'capacity': 1, 'prepayment': 'FIRST', 'nonrefundable': 1, 'cancellation_period': 0, 'cancellation_fee': 'FIRST', 'breakfast': 1, 'base_price': 4800, 'prices': [4800], 'price': 4800, 'old_price': 4800, 'currency': 'RUB', 'payment_amount': 4800, 'extras_variants': [], 'extras': [], 'rate_id': 401, 'deals': [], 'cancellation_type': 'nonrefundable', 'credit_card': 1, 'bonus': 240, 'miles': 288, 'min_stay': 1, 'platichastyami': 0, 'mircashback': 480}, {'id': 254617, 'capacity': 2, 'prepayment': 'FIRST', 'nonrefundable': 1, 'cancellation_period': 0, 'cancellation_fee': 'FIRST', 'breakfast': 1, 'base_price': 5600, 'prices': [5600], 'price': 5600, 'old_price': 5600, 'currency': 'RUB', 'payment_amount': 5600, 'extras_variants': [], 'extras': [], 'rate_id': 401, 'deals': [], 'cancellation_type': 'nonrefundable', 'credit_card': 1, 'bonus': 280, 'miles': 336, 'min_stay': 1, 'platichastyami': 0, 'mircashback': 560}]",4800.0,288,6013_101hotels,2026-07-31
28781,,Классик,3,1,0,1,Трехместный,37,2,"[{'single': 2, 'sofa': 1}, {'double': 1, 'sofa': 1}]",[],"[{'id': 254622, 'capacity': 1, 'prepayment': 'FIRST', 'nonrefundable': 1, 'cancellation_period': 0, 'cancellation_fee': 'FIRST', 'breakfast': 1, 'base_price': 5600, 'prices': [5600], 'price': 5600, 'old_price': 5600, 'currency': 'RUB', 'payment_amount': 5600, 'extras_variants': [], 'extras': [], 'rate_id': 401, 'deals': [], 'cancellation_type': 'nonrefundable', 'credit_card': 1, 'bonus': 280, 'miles': 336, 'min_stay': 1, 'platichastyami': 0, 'mircashback': 560}, {'id': 254623, 'capacity': 2, 'prepayment': 'FIRST', 'nonrefundable': 1, 'cancellation_period': 0, 'cancellation_fee': 'FIRST', 'breakfast': 1, 'base_price': 6600, 'prices': [6600], 'price': 6600, 'old_price': 6600, 'currency': 'RUB', 'payment_amount': 6600, 'extras_variants': [], 'extras': [], 'rate_id': 401, 'deals': [], 'cancellation_type': 'nonrefundable', 'credit_card': 1, 'bonus': 330, 'miles': 396, 'min_stay': 1, 'platichastyami': 0, 'mircashback': 660}, {'id': 254624, 'capacity': 3, 'prepayment': 'FIRST', 'nonrefundable': 1, 'cancellation_period': 0, 'cancellation_fee': 'FIRST', 'breakfast': 1, 'base_price': 7200, 'prices': [7200], 'price': 7200, 'old_price': 7200, 'currency': 'RUB', 'payment_amount': 7200, 'extras_variants': [], 'extras': [], 'rate_id': 401, 'deals': [], 'cancellation_type': 'nonrefundable', 'credit_card': 1, 'bonus': 360, 'miles': 432, 'min_stay': 1, 'platichastyami': 0, 'mircashback': 720}]",5600.0,336,6013_101hotels,2026-07-31
28782,,Комфорт,2,0,0,1,Студио,5,1,[{'double': 1}],[],"[{'id': 254618, 'capacity': 1, 'prepayment': 'FIRST', 'nonrefundable': 1, 'cancellation_period': 0, 'cancellation_fee': 'FIRST', 'breakfast': 1, 'base_price': 5600, 'prices': [5600], 'price': 5600, 'old_price': 5600, 'currency': 'RUB', 'payment_amount': 5600, 'extras_variants': [], 'extras': [], 'rate_id': 401, 'deals': [], 'cancellation_type': 'nonrefundable', 'credit_card': 1, 'bonus': 280, 'miles': 336, 'min_stay': 1, 'platichastyami': 0, 'mircashback': 560}, {'id': 254619, 'capacity': 2, 'prepayment': 'FIRST', 'nonrefundable': 1, 'cancellation_period': 0, 'cancellation_fee': 'FIRST', 'breakfast': 1, 'base_price': 6600, 'prices': [6600], 'price': 6600, 'old_price': 6600, 'currency': 'RUB', 'payment_amount': 6600, 'extras_variants': [], 'extras': [], 'rate_id': 401, 'deals': [], 'cancellation_type': 'nonrefundable', 'credit_card': 1, 'bonus': 330, 'miles': 396, 'min_stay': 1, 'platichastyami': 0, 'mircashback': 660}]",5600.0,336,6013_101hotels,2026-07-31
28783,,Джуниор-Сюит,2,2,0,1,Люкс,6,1,[{'double': 1}],[],"[{'id': 254620, 'capacity': 1, 'prepayment': 'FIRST', 'nonrefundable': 1, 'cancellation_period': 0, 'cancellation_fee': 'FIRST', 'breakfast': 1, 'base_price': 6600, 'prices': [6600], 'price': 6600, 'old_price': 6600, 'currency': 'RUB', 'payment_amount': 6600, 'extras_variants': [], 'extras': [], 'rate_id': 401, 'deals': [], 'cancellation_type': 'nonrefundable', 'credit_card': 1, 'bonus': 330, 'miles': 396, 'min_stay': 1, 'platichastyami': 0, 'mircashback': 660}, {'id': 254621, 'capacity': 2, 'prepayment': 'FIRST', 'nonrefundable': 1, 'cancellation_period': 0, 'cancellation_fee': 'FIRST', 'breakfast': 1, 'base_price': 7200, 'prices': [7200], 'price': 7200, 'old_price': 7200, 'currency': 'RUB', 'payment_amount': 7200, 'extras_variants': [], 'extras': [], 'rate_id': 401, 'deals': [], 'cancellation_type': 'nonrefundable', 'credit_card': 1, 'bonus': 360, 'miles': 432, 'min_stay': 1, 'platichastyami': 0, 'mircashback': 720}]",6600.0,396,6013_101hotels,2026-07-31
2285216,,Джуниор Сюит с сауной,2,2,0,1,Полулюкс,4,1,"[{'double': 1}, {'single': 2}]",[],"[{'id': 913251, 'capacity': 1, 'prepayment': 'FIRST', 'nonrefundable': 1, 'cancellation_period': 0, 'cancellation_fee': 'FIRST', 'breakfast': 1, 'base_price': 8600, 'prices': [8600], 'price': 8600, 'old_price': 8600, 'currency': 'RUB', 'payment_amount': 8600, 'extras_variants': [], 'extras': [], 'rate_id': 401, 'deals': [], 'cancellation_type': 'nonrefundable', 'credit_card': 1, 'bonus': 430, 'miles': 516, 'min_stay': 1, 'platichastyami': 0, 'mircashback': 860}, {'id': 913252, 'capacity': 2, 'prepayment': 'FIRST', 'nonrefundable': 1, 'cancellation_period': 0, 'cancellation_fee': 'FIRST', 'breakfast': 1, 'base_price': 9200, 'prices': [9200], 'price': 9200, 'old_price': 9200, 'currency': 'RUB', 'payment_amount': 9200, 'extras_variants': [], 'extras': [], 'rate_id': 401, 'deals': [], 'cancellation_type': 'nonrefundable', 'credit_card': 1, 'bonus': 460, 'miles': 552, 'min_stay': 1, 'platichastyami': 0, 'mircashback': 920}]",8600.0,516,6013_101hotels,2026-07-31
47335,,"II категории, Улучшенный",1,0,0,1,Одноместный,1,4,[{'single': 1}],[],"[{'id': 613984, 'capacity': 1, 'prepayment': 'NO', 'nonrefundable': 0, 'cancellation_period': 0, 'cancellation_fee': 'NO', 'breakfast': 0, 'base_price': 3200, 'prices': [3200], 'price': 3200, 'old_price': 3200, 'currency': 'RUB', 'payment_amount': 0, 'extras_variants': [], 'extras': [], 'rate_id': 18378, 'deals': [], 'cancellation_type': 'free', 'credit_card': 0, 'bonus': 160, 'miles': 192, 'min_stay': 1, 'platichastyami': 0, 'mircashback': 320}, {'id': '613984P', 'capacity': 1, 'prepayment': 'FULL', 'nonrefundable': 0, 'cancellation_period': 0, 'cancellation_fee': 'NO', 'breakfast': 0, 'base_price': 3200, 'prices': [3200], 'price': 3200, 'old_price': 3200, 'currency': 'RUB', 'payment_amount': 3200, 'extras_variants': [], 'extras': [], 'rate_id': 18378, 'deals': [], 'cancellation_type': 'free', 'credit_card': 0, 'bonus': 160, 'miles': 192, 'min_stay': 1, 'platichastyami': 0, 'mircashback': 320}]",3200.0,192,9536_101hotels,2026-07-31
47336,,"II категории, Улучшенный",2,0,0,1,Двухместный,2,6,[{'single': 2}],[],"[{'id': 613985, 'capacity': 1, 'prepayment': 'NO', 'nonrefundable': 0, 'cancellation_period': 0, 'cancellation_fee': 'NO', 'breakfast': 0, 'base_price': 4500, 'prices': [4500], 'price': 4500, 'old_price': 4500, 'currency': 'RUB', 'payment_amount': 0, 'extras_variants': [], 'extras': [], 'rate_id': 18378, 'deals': [], 'cancellation_type': 'free', 'credit_card': 0, 'bonus': 225, 'miles': 270, 'min_stay': 1, 'platichastyami': 0, 'mircashback': 450}, {'id': 613986, 'capacity': 2, 'prepayment': 'NO', 'nonrefundable': 0, 'cancellation_period': 0, 'cancellation_fee': 'NO', 'breakfast': 0, 'base_price': 4500, 'prices': [4500], 'price': 4500, 'old_price': 4500, 'currency': 'RUB', 'payment_amount': 0, 'extras_variants': [], 'extras': [], 'rate_id': 18378, 'deals': [], 'cancellation_type': 'free', 'credit_card': 0, 'bonus': 225, 'miles': 270, 'min_stay': 1, 'platichastyami': 0, 'mircashback': 450}, {'id': '613985P', 'capacity': 1, 'prepayment': 'FULL', 'nonrefundable': 0, 'cancellation_period': 0, 'cancellation_fee': 'NO', 'breakfast': 0, 'base_price': 4500, 'prices': [4500], 'price': 4500, 'old_price': 4500, 'currency': 'RUB', 'payment_amount': 4500, 'extras_variants': [], 'extras': [], 'rate_id': 18378, 'deals': [], 'cancellation_type': 'free', 'credit_card': 0, 'bonus': 225, 'miles': 270, 'min_stay': 1, 'platichastyami': 0, 'mircashback': 450}, {'id': '613986P', 'capacity': 2, 'prepayment': 'FULL', 'nonrefundable': 0, 'cancellation_period': 0, 'cancellation_fee': 'NO', 'breakfast': 0, 'base_price': 4500, 'prices': [4500], 'price': 4500, 'old_price': 4500, 'currency': 'RUB', 'payment_amount': 4500, 'extras_variants': [], 'extras': [], 'rate_id': 18378, 'deals': [], 'cancellation_type': 'free', 'credit_card': 0, 'bonus': 225, 'miles': 270, 'min_stay': 1, 'platichastyami': 0, 'mircashback': 450}]",4500.0,270,9536_101hotels,2026-07-31
1607837,,"I категории, Комфорт",2,1,0,1,Двухместный,2,5,"[{'double': 1, 'sofa': 1}]",[],"[{'id': 613987, 'capacity': 1, 'prepayment': 'NO', 'nonrefundable': 0, 'cancellation_period': 0, 'cancellation_fee': 'NO', 'breakfast': 0, 'base_price': 6000, 'prices': [6000], 'price': 6000, 'old_price': 6000, 'currency': 'RUB', 'payment_amount': 0, 'extras_variants': [], 'extras': [], 'rate_id': 18378, 'deals': [], 'cancellation_type': 'free', 'credit_card': 0, 'bonus': 300, 'miles': 360, 'min_stay': 1, 'platichastyami': 0, 'mircashback': 600}, {'id': 613988, 'capacity': 2, 'prepayment': 'NO', 'nonrefundable': 0, 'cancellation_period': 0, 'cancellation_fee': 'NO', 'breakfast': 0, 'base_price': 6000, 'prices': [6000], 'price': 6000, 'old_price': 6000, 'currency': 'RUB', 'payment_amount': 0, 'extras_variants': [], 'extras': [], 'rate_id': 18378, 'deals': [], 'cancellation_type': 'free', 'credit_card': 0, 'bonus': 300, 'miles': 360, 'min_stay': 1, 'platichastyami': 0, 'mircashback': 600}, {'id': '613987P', 'capacity': 1, 'prepayment': 'FULL', 'nonrefundable': 0, 'cancellation_period': 0, 'cancellation_fee': 'NO', 'breakfast': 0, 'base_price': 6000, 'prices': [6000], 'price': 6000, 'old_price': 6000, 'currency': 'RUB', 'payment_amount': 6000, 'extras_variants': [], 'extras': [], 'rate_id': 18378, 'deals': [], 'cancellation_type': 'free', 'credit_card': 0, 'bonus': 300, 'miles': 360, 'min_stay': 1, 'platichastyami': 0, 'mircashback': 600}, {'id': '613988P', 'capacity': 2, 'prepayment': 'FULL', 'nonrefundable': 0, 'cancellation_period': 0, 'cancellation_fee': 'NO', 'breakfast': 0, 'base_price': 6000, 'prices': [6000], 'price': 6000, 'old_price': 6000, 'currency': 'RUB', 'payment_amount': 6000, 'extras_variants': [], 'extras': [], 'rate_id': 18378, 'deals': [], 'cancellation_type': 'free', 'credit_card': 0, 'bonus': 300, 'miles': 360, 'min_stay': 1, 'platichastyami': 0, 'mircashback': 600}]",6000.0,360,9536_101hotels,2026-07-31
2274286,,Апартаменты Экзотика,2,0,0,1,Двухместный,2,1,[{'double': 1}],[],"[{'id': 790266, 'capacity': 1, 'prepayment': 'FULL', 'nonrefundable': 0, 'cancellation_period': 0, 'cancellation_fee': 'NO', 'breakfast': 0, 'base_price': 3600, 'prices': [3600], 'price': 3420, 'old_price': 3600, 'currency': 'RUB', 'payment_amount': 3600, 'extras_variants': [], 'extras': [], 'rate_id': 35631, 'deals': ['LAST_MINUTE'], 'cancellation_type': 'free', 'credit_card': 1, 'bonus': 171, 'miles': 204, 'min_stay': 1, 'platichastyami': 0, 'mircashback': 342}, {'id': 790267, 'capacity': 2, 'prepayment': 'FULL', 'nonrefundable': 0, 'cancellation_period': 0, 'cancellation_fee': 'NO', 'breakfast': 0, 'base_price': 3600, 'prices': [3600], 'price': 3420, 'old_price': 3600, 'currency': 'RUB', 'payment_amount': 3600, 'extras_variants': [], 'extras': [], 'rate_id': 35631, 'deals': ['LAST_MINUTE'], 'cancellation_type': 'free', 'credit_card': 1, 'bonus': 171, 'miles': 204, 'min_stay': 1, 'platichastyami': 0, 'mircashback': 342}]",3420.0,204,666215_101hotels,2026-07-31
1217580,,С 2 односпальными кроватями и своим санузлом №1,2,0,0,1,Двухместный,2,1,[{'single': 2}],[],"[{'id': 375785, 'capacity': 1, 'prepayment': 'FIRST', 'nonrefundable': 0, 'cancellation_period': 1, 'cancellation_fee': 'FIRST', 'breakfast': 0, 'base_price': 2700, 'prices': [2700], 'price': 2295, 'old_price': 2700, 'currency': 'RUB', 'payment_amount': 2700, 'extras_variants': [], 'extras': [], 'rate_id': 6123, 'deals': ['LAST_MINUTE'], 'cancellation_type': 'special', 'credit_card': 1, 'bonus': 115, 'miles': 135, 'min_stay': 1, 'platichastyami': 0, 'mircashback': 230}, {'id': 375786, 'capacity': 2, 'prepayment': 'FIRST', 'nonrefundable': 0, 'cancellation_period': 1, 'cancellation_fee': 'FIRST', 'breakfast': 0, 'base_price': 3200, 'prices': [3200], 'price': 2720, 'old_price': 3200, 'currency': 'RUB', 'payment_amount': 3200, 'extras_variants': [], 'extras': [], 'rate_id': 6123, 'deals': ['LAST_MINUTE'], 'cancellation_type': 'special', 'credit_card': 1, 'bonus': 136, 'miles': 162, 'min_stay': 1, 'platichastyami': 0, 'mircashback': 272}]",2295.0,135,378505_101hotels,2026-07-31
1217584,,Кровать в общем номере для женщин №7,6,0,1,0,Шестиместный,36,5,[{'single': 1}],"[{'id': '48824', 'number': '1', 'min_age': '0', 'max_age': '7', 'is_extra_bed': '0', 'extra_bed_type_id': '0'}]","[{'id': 375793, 'capacity': 1, 'prepayment': 'FIRST', 'nonrefundable': 0, 'cancellation_period': 1, 'cancellation_fee': 'FIRST', 'breakfast': 0, 'base_price': 1100, 'prices': [1100], 'price': 935, 'old_price': 1100, 'currency': 'RUB', 'payment_amount': 1100, 'extras_variants': [], 'extras': {'48824': {'id': 48824, 'number': 1, 'extra_bed_type_id': 0, 'age': [0, 7], 'extra_bed': 0, 'free': 1}}, 'rate_id': 6123, 'deals': ['LAST_MINUTE'], 'cancellation_type': 'special', 'credit_card': 1, 'bonus': 47, 'miles': 54, 'min_stay': 1, 'platichastyami': 0, 'mircashback': 94}]",935.0,54,378505_101hotels,2026-07-31
2297560,,Апартаменты Вираж,2,0,0,1,Студио,5,1,[{'double': 1}],[],"[{'id': 1020101, 'capacity': 1, 'prepayment': 'FULL', 'nonrefundable': 0, 'cancellation_period': 0, 'cancellation_fee': 'NO', 'breakfast': 0, 'base_price': 3750, 'prices': [3750], 'price': 3562.5, 'old_price': 3750, 'currency': 'RUB', 'payment_amount': 3750, 'extras_variants': [], 'extras': [], 'rate_id': 49159, 'deals': ['LAST_MINUTE'], 'cancellation_type': 'free', 'credit_card': 1, 'bonus': 178, 'miles': 213, 'min_stay': 1, 'platichastyami': 0, 'mircashback': 356}, {'id': 1020102, 'capacity': 2, 'prepayment': 'FULL', 'nonrefundable': 0, 'cancellation_period': 0, 'cancellation_fee': 'NO', 'breakfast': 0, 'base_price': 3750, 'prices': [3750], 'price': 3562.5, 'old_price': 3750, 'currency': 'RUB', 'payment_amount': 3750, 'extras_variants': [], 'extras': [], 'rate_id': 49159, 'deals': ['LAST_MINUTE'], 'cancellation_type': 'free', 'credit_card': 1, 'bonus': 178, 'miles': 213, 'min_stay': 1, 'platichastyami': 0, 'mircashback': 356}]",3562.5,213,672593_101hotels,2026-07-31
2297561,,Апартаменты Взлёт,2,0,0,1,Студио,5,1,[{'double': 1}],[],"[{'id': 1020103, 'capacity': 1, 'prepayment': 'FULL', 'nonrefundable': 0, 'cancellation_period': 0, 'cancellation_fee': 'NO', 'breakfast': 0, 'base_price': 3750, 'prices': [3750], 'price': 3562.5, 'old_price': 3750, 'currency': 'RUB', 'payment_amount': 3750, 'extras_variants': [], 'extras': [], 'rate_id': 49159, 'deals': ['LAST_MINUTE'], 'cancellation_type': 'free', 'credit_card': 1, 'bonus': 178, 'miles': 213, 'min_stay': 1, 'platichastyami': 0, 'mircashback': 356}, {'id': 1020104, 'capacity': 2, 'prepayment': 'FULL', 'nonrefundable': 0, 'cancellation_period': 0, 'cancellation_fee': 'NO', 'breakfast': 0, 'base_price': 3750, 'prices': [3750], 'price': 3562.5, 'old_price': 3750, 'currency': 'RUB', 'payment_amount': 3750, 'extras_variants': [], 'extras': [], 'rate_id': 49159, 'deals': ['LAST_MINUTE'], 'cancellation_type': 'free', 'credit_card': 1, 'bonus': 178, 'miles': 213, 'min_stay': 1, 'platichastyami': 0, 'mircashback': 356}]",3562.5,213,672593_101hotels,2026-07-31
2284046,,Эконом,2,0,0,0,Двухместный,2,1,[{'double': 1}],[],"[{'id': 891385, 'capacity': 1, 'prepayment': 'FIRST', 'nonrefundable': 1, 'cancellation_period': 0, 'cancellation_fee': 'FIRST', 'breakfast': 0, 'base_price': 2600, 'prices': [2600], 'price': 2600, 'old_price': 2600, 'currency': 'RUB', 'payment_amount': 2600, 'extras_variants': [], 'extras': [], 'rate_id': 41146, 'deals': [], 'cancellation_type': 'nonrefundable', 'credit_card': 1, 'bonus': 130, 'miles': 156, 'min_stay': 1, 'platichastyami': 0, 'mircashback': 260}, {'id': 891387, 'capacity': 1, 'prepayment': 'NO', 'nonrefundable': 0, 'cancellation_period': 0, 'cancellation_fee': 'NO', 'breakfast': 0, 'base_price': 2600, 'prices': [2600], 'price': 2600, 'old_price': 2600, 'currency': 'RUB', 'payment_amount': 0, 'extras_variants': [], 'extras': [], 'rate_id': 41147, 'deals': [], 'cancellation_type': 'free', 'credit_card': 0, 'bonus': 130, 'miles': 156, 'min_stay': 1, 'platichastyami': 0, 'mircashback': 260}, {'id': 891386, 'capacity': 2, 'prepayment': 'FIRST', 'nonrefundable': 1, 'cancellation_period': 0, 'cancellation_fee': 'FIRST', 'breakfast': 0, 'base_price': 2700, 'prices': [2700], 'price': 2700, 'old_price': 2700, 'currency': 'RUB', 'payment_amount': 2700, 'extras_variants': [], 'extras': [], 'rate_id': 41146, 'deals': [], 'cancellation_type': 'nonrefundable', 'credit_card': 1, 'bonus': 135, 'miles': 162, 'min_stay': 1, 'platichastyami': 0, 'mircashback': 270}, {'id': 891388, 'capacity': 2, 'prepayment': 'NO', 'nonrefundable': 0, 'cancellation_period': 0, 'cancellation_fee': 'NO', 'breakfast': 0, 'base_price': 2700, 'prices': [2700], 'price': 2700, 'old_price': 2700, 'currency': 'RUB', 'payment_amount': 0, 'extras_variants': [], 'extras': [], 'rate_id': 41147, 'deals': [], 'cancellation_type': 'free', 'credit_card': 0, 'bonus': 135, 'miles': 162, 'min_stay': 1, 'platichastyami': 0, 'mircashback': 270}]",2600.0,156,669236_101hotels,2026-07-31
2289970,,Двухместный номер Комфорт,2,1,0,1,Семейный,44,1,"[{'single': 1, 'double': 1}, {'single': 1, 'double': 1}]",[],"[{'id': 956973, 'capacity': 1, 'prepayment': 'FIRST', 'nonrefundable': 1, 'cancellation_period': 0, 'cancellation_fee': 'FIRST', 'breakfast': 0, 'base_price': 4300, 'prices': [4300], 'price': 4300, 'old_price': 4300, 'currency': 'RUB', 'payment_amount': 4300, 'extras_variants': [], 'extras': [], 'rate_id': 41146, 'deals': [], 'cancellation_type': 'nonrefundable', 'credit_card': 1, 'bonus': 215, 'miles': 258, 'min_stay': 1, 'platichastyami': 0, 'mircashback': 430}, {'id': 956979, 'capacity': 1, 'prepayment': 'NO', 'nonrefundable': 0, 'cancellation_period': 0, 'cancellation_fee': 'NO', 'breakfast': 0, 'base_price': 4300, 'prices': [4300], 'price': 4300, 'old_price': 4300, 'currency': 'RUB', 'payment_amount': 0, 'extras_variants': [], 'extras': [], 'rate_id': 41147, 'deals': [], 'cancellation_type': 'free', 'credit_card': 0, 'bonus': 215, 'miles': 258, 'min_stay': 1, 'platichastyami': 0, 'mircashback': 430}, {'id': 956974, 'capacity': 2, 'prepayment': 'FIRST', 'nonrefundable': 1, 'cancellation_period': 0, 'cancellation_fee': 'FIRST', 'breakfast': 0, 'base_price': 4300, 'prices': [4300], 'price': 4300, 'old_price': 4300, 'currency': 'RUB', 'payment_amount': 4300, 'extras_variants': [], 'extras': [], 'rate_id': 41146, 'deals': [], 'cancellation_type': 'nonrefundable', 'credit_card': 1, 'bonus': 215, 'miles': 258, 'min_stay': 1, 'platichastyami': 0, 'mircashback': 430}, {'id': 956980, 'capacity': 2, 'prepayment': 'NO', 'nonrefundable': 0, 'cancellation_period': 0, 'cancellation_fee': 'NO', 'breakfast': 0, 'base_price': 4300, 'prices': [4300], 'price': 4300, 'old_price': 4300, 'currency': 'RUB', 'payment_amount': 0, 'extras_variants': [], 'extras': [], 'rate_id': 41147, 'deals': [], 'cancellation_type': 'free', 'credit_card': 0, 'bonus': 215, 'miles': 258, 'min_stay': 1, 'platichastyami': 0, 'mircashback': 430}]",4300.0,258,669236_101hotels,2026-07-31
2289971,,Комфорт,2,1,0,1,Трехместный,37,1,"[{'single': 1, 'double': 1}, {'single': 1, 'double': 1}]",[],"[{'id': 956971, 'capacity': 1, 'prepayment': 'FIRST', 'nonrefundable': 1, 'cancellation_period': 0, 'cancellation_fee': 'FIRST', 'breakfast': 0, 'base_price': 4300, 'prices': [4300], 'price': 4300, 'old_price': 4300, 'currency': 'RUB', 'payment_amount': 4300, 'extras_variants': [], 'extras': [], 'rate_id': 41146, 'deals': [], 'cancellation_type': 'nonrefundable', 'credit_card': 1, 'bonus': 215, 'miles': 258, 'min_stay': 1, 'platichastyami': 0, 'mircashback': 430}, {'id': 956977, 'capacity': 1, 'prepayment': 'NO', 'nonrefundable': 0, 'cancellation_period': 0, 'cancellation_fee': 'NO', 'breakfast': 0, 'base_price': 4300, 'prices': [4300], 'price': 4300, 'old_price': 4300, 'currency': 'RUB', 'payment_amount': 0, 'extras_variants': [], 'extras': [], 'rate_id': 41147, 'deals': [], 'cancellation_type': 'free', 'credit_card': 0, 'bonus': 215, 'miles': 258, 'min_stay': 1, 'platichastyami': 0, 'mircashback': 430}, {'id': 956972, 'capacity': 2, 'prepayment': 'FIRST', 'nonrefundable': 1, 'cancellation_period': 0, 'cancellation_fee': 'FIRST', 'breakfast': 0, 'base_price': 4300, 'prices': [4300], 'price': 4300, 'old_price': 4300, 'currency': 'RUB', 'payment_amount': 4300, 'extras_variants': [], 'extras': [], 'rate_id': 41146, 'deals': [], 'cancellation_type': 'nonrefundable', 'credit_card': 1, 'bonus': 215, 'miles': 258, 'min_stay': 1, 'platichastyami': 0, 'mircashback': 430}, {'id': 956978, 'capacity': 2, 'prepayment': 'NO', 'nonrefundable': 0, 'cancellation_period': 0, 'cancellation_fee': 'NO', 'breakfast': 0, 'base_price': 4300, 'prices': [4300], 'price': 4300, 'old_price': 4300, 'currency': 'RUB', 'payment_amount': 0, 'extras_variants': [], 'extras': [], 'rate_id': 41147, 'deals': [], 'cancellation_type': 'free', 'credit_card': 0, 'bonus': 215, 'miles': 258, 'min_stay': 1, 'platichastyami': 0, 'mircashback': 430}]",4300.0,258,669236_101hotels,2026-07-31
2298933,,Стандарт,2,1,0,1,Двухместный,2,4,[{'double': 1}],"[{'id': '21621', 'number': '1', 'min_age': '0', 'max_age': '3', 'is_extra_bed': '0', 'extra_bed_type_id': '0'}]","[{'id': 1055041, 'capacity': 1, 'prepayment': 'NO', 'nonrefundable': 0, 'cancellation_period': 0, 'cancellation_fee': 'NO', 'breakfast': 0, 'base_price': 10000, 'prices': [10000], 'price': 10000, 'old_price': 10000, 'currency': 'RUB', 'payment_amount': 0, 'extras_variants': [], 'extras': {'21621': {'id': 21621, 'number': 1, 'extra_bed_type_id': 0, 'age': [0, 3], 'extra_bed': 0, 'free': 1}}, 'rate_id': 51587, 'deals': [], 'cancellation_type': 'free', 'credit_card': 0, 'bonus': 500, 'miles': 600, 'min_stay': 1, 'platichastyami': 0, 'mircashback': 1000}, {'id': 1039025, 'capacity': 1, 'prepayment': 'FIRST', 'nonrefundable': 0, 'cancellation_period': 2, 'cancellation_fee': 'FIRST', 'breakfast': 1, 'base_price': 11000, 'prices': [11000], 'price': 11000, 'old_price': 11000, 'currency': 'RUB', 'payment_amount': 11000, 'extras_variants': [], 'extras': {'21621': {'id': 21621, 'number': 1, 'extra_bed_type_id': 0, 'age': [0, 3], 'extra_bed': 0, 'free': 1}}, 'rate_id': 50509, 'deals': [], 'cancellation_type': 'special', 'credit_card': 1, 'bonus': 550, 'miles': 660, 'min_stay': 1, 'platichastyami': 0, 'mircashback': 1100}, {'id': 1055042, 'capacity': 2, 'prepayment': 'NO', 'nonrefundable': 0, 'cancellation_period': 0, 'cancellation_fee': 'NO', 'breakfast': 0, 'base_price': 10000, 'prices': [10000], 'price': 10000, 'old_price': 10000, 'currency': 'RUB', 'payment_amount': 0, 'extras_variants': [], 'extras': {'21621': {'id': 21621, 'number': 1, 'extra_bed_type_id': 0, 'age': [0, 3], 'extra_bed': 0, 'free': 1}}, 'rate_id': 51587, 'deals': [], 'cancellation_type': 'free', 'credit_card': 0, 'bonus': 500, 'miles': 600, 'min_stay': 1, 'platichastyami': 0, 'mircashback': 1000}, {'id': 1039026, 'capacity': 2, 'prepayment': 'FIRST', 'nonrefundable': 0, 'cancellation_period': 2, 'cancellation_fee': 'FIRST', 'breakfast': 1, 'base_price': 12000, 'prices': [12000], 'price': 12000, 'old_price': 12000, 'currency': 'RUB', 'payment_amount': 12000, 'extras_variants': [], 'extras': {'21621': {'id': 21621, 'number': 1, 'extra_bed_type_id': 0, 'age': [0, 3], 'extra_bed': 0, 'free': 1}}, 'rate_id': 50509, 'deals': [], 'cancellation_type': 'special', 'credit_card': 1, 'bonus': 600, 'miles': 720, 'min_stay': 1, 'platichastyami': 0, 'mircashback': 1200}, {'id': '1055041P', 'capacity': 1, 'prepayment': 'FULL', 'nonrefundable': 0, 'cancellation_period': 0, 'cancellation_fee': 'NO', 'breakfast': 0, 'base_price': 10000, 'prices': [10000], 'price': 10000, 'old_price': 10000, 'currency': 'RUB', 'payment_amount': 10000, 'extras_variants': [], 'extras': {'21621': {'id': 21621, 'number': 1, 'extra_bed_type_id': 0, 'age': [0, 3], 'extra_bed': 0, 'free': 1}}, 'rate_id': 51587, 'deals': [], 'cancellation_type': 'free', 'credit_card': 0, 'bonus': 500, 'miles': 600, 'min_stay': 1, 'platichastyami': 0, 'mircashback': 1000}, {'id': '1055042P', 'capacity': 2, 'prepayment': 'FULL', 'nonrefundable': 0, 'cancellation_period': 0, 'cancellation_fee': 'NO', 'breakfast': 0, 'base_price': 10000, 'prices': [10000], 'price': 10000, 'old_price': 10000, 'currency': 'RUB', 'payment_amount': 10000, 'extras_variants': [], 'extras': {'21621': {'id': 21621, 'number': 1, 'extra_bed_type_id': 0, 'age': [0, 3], 'extra_bed': 0, 'free': 1}}, 'rate_id': 51587, 'deals': [], 'cancellation_type': 'free', 'credit_card': 0, 'bonus': 500, 'miles': 600, 'min_stay': 1, 'platichastyami': 0, 'mircashback': 1000}]",10000.0,600,672991_101hotels,2026-07-31
2298934,,Джуниор Сьюит,2,1,0,1,Полулюкс,4,1,"[{'single': 2}, {'double': 1}]","[{'id': '21622', 'number': '1', 'min_age': '0', 'max_age': '18', 'is_extra_bed': '1', 'extra_bed_type_id': '3'}, {'id': '21623', 'number': '1', 'min_age': '0', 'max_age': '5', 'is_extra_bed': '0', 'extra_bed_type_id': '0'}]","[{'id': 1055045, 'capacity': 1, 'prepayment': 'NO', 'nonrefundable': 0, 'cancellation_period': 0, 'cancellation_fee': 'NO', 'breakfast': 0, 'base_price': 12000, 'prices': [12000], 'price': 12000, 'old_price': 12000, 'currency': 'RUB', 'payment_amount': 0, 'extras_variants': [], 'extras': {'21622': {'id': 21622, 'number': 1, 'extra_bed_type_id': 3, 'age': [0, 18], 'extra_bed': 1, 'free': 1}, '21623': {'id': 21623, 'number': 1, 'extra_bed_type_id': 0, 'age': [0, 5], 'extra_bed': 0, 'free': 1}}, 'rate_id': 51587, 'deals': [], 'cancellation_type': 'free', 'credit_card': 0, 'bonus': 600, 'miles': 720, 'min_stay': 1, 'platichastyami': 0, 'mircashback': 1200}, {'id': 1039027, 'capacity': 1, 'prepayment': 'FIRST', 'nonrefundable': 0, 'cancellation_period': 2, 'cancellation_fee': 'FIRST', 'breakfast': 1, 'base_price': 13000, 'prices': [13000], 'price': 13000, 'old_price': 13000, 'currency': 'RUB', 'payment_amount': 13000, 'extras_variants': [], 'extras': {'21622': {'id': 21622, 'number': 1, 'extra_bed_type_id': 3, 'age': [0, 18], 'extra_bed': 1, 'free': 1}, '21623': {'id': 21623, 'number': 1, 'extra_bed_type_id': 0, 'age': [0, 5], 'extra_bed': 0, 'free': 1}}, 'rate_id': 50509, 'deals': [], 'cancellation_type': 'special', 'credit_card': 1, 'bonus': 650, 'miles': 780, 'min_stay': 1, 'platichastyami': 0, 'mircashback': 1300}, {'id': 1055046, 'capacity': 2, 'prepayment': 'NO', 'nonrefundable': 0, 'cancellation_period': 0, 'cancellation_fee': 'NO', 'breakfast': 0, 'base_price': 12000, 'prices': [12000], 'price': 12000, 'old_price': 12000, 'currency': 'RUB', 'payment_amount': 0, 'extras_variants': [], 'extras': {'21622': {'id': 21622, 'number': 1, 'extra_bed_type_id': 3, 'age': [0, 18], 'extra_bed': 1, 'free': 1}, '21623': {'id': 21623, 'number': 1, 'extra_bed_type_id': 0, 'age': [0, 5], 'extra_bed': 0, 'free': 1}}, 'rate_id': 51587, 'deals': [], 'cancellation_type': 'free', 'credit_card': 0, 'bonus': 600, 'miles': 720, 'min_stay': 1, 'platichastyami': 0, 'mircashback': 1200}, {'id': 1039028, 'capacity': 2, 'prepayment': 'FIRST', 'nonrefundable': 0, 'cancellation_period': 2, 'cancellation_fee': 'FIRST', 'breakfast': 1, 'base_price': 14000, 'prices': [14000], 'price': 14000, 'old_price': 14000, 'currency': 'RUB', 'payment_amount': 14000, 'extras_variants': [], 'extras': {'21622': {'id': 21622, 'number': 1, 'extra_bed_type_id': 3, 'age': [0, 18], 'extra_bed': 1, 'free': 1}, '21623': {'id': 21623, 'number': 1, 'extra_bed_type_id': 0, 'age': [0, 5], 'extra_bed': 0, 'free': 1}}, 'rate_id': 50509, 'deals': [], 'cancellation_type': 'special', 'credit_card': 1, 'bonus': 700, 'miles': 840, 'min_stay': 1, 'platichastyami': 0, 'mircashback': 1400}, {'id': '1055045P', 'capacity': 1, 'prepayment': 'FULL', 'nonrefundable': 0, 'cancellation_period': 0, 'cancellation_fee': 'NO', 'breakfast': 0, 'base_price': 12000, 'prices': [12000], 'price': 12000, 'old_price': 12000, 'currency': 'RUB', 'payment_amount': 12000, 'extras_variants': [], 'extras': {'21622': {'id': 21622, 'number': 1, 'extra_bed_type_id': 3, 'age': [0, 18], 'extra_bed': 1, 'free': 1}, '21623': {'id': 21623, 'number': 1, 'extra_bed_type_id': 0, 'age': [0, 5], 'extra_bed': 0, 'free': 1}}, 'rate_id': 51587, 'deals': [], 'cancellation_type': 'free', 'credit_card': 0, 'bonus': 600, 'miles': 720, 'min_stay': 1, 'platichastyami': 0, 'mircashback': 1200}, {'id': '1055046P', 'capacity': 2, 'prepayment': 'FULL', 'nonrefundable': 0, 'cancellation_period': 0, 'cancellation_fee': 'NO', 'breakfast': 0, 'base_price': 12000, 'prices': [12000], 'price': 12000, 'old_price': 12000, 'currency': 'RUB', 'payment_amount': 12000, 'extras_variants': [], 'extras': {'21622': {'id': 21622, 'number': 1, 'extra_bed_type_id': 3, 'age': [0, 18], 'extra_bed': 1, 'free': 1}, '21623': {'id': 21623, 'number': 1, 'extra_bed_type_id': 0, 'age': [0, 5], 'extra_bed': 0, 'free': 1}}, 'rate_id': 51587, 'deals': [], 'cancellation_type': 'free', 'credit_card': 0, 'bonus': 600, 'miles': 720, 'min_stay': 1, 'platichastyami': 0, 'mircashback': 1200}]",12000.0,720,672991_101hotels,2026-07-31
2300882,,Двухуровневый Джуниор Сьюит,2,1,0,1,Полулюкс,4,1,"[{'double': 1, 'sofa': 1}]","[{'id': '21682', 'number': '1', 'min_age': '0', 'max_age': '5', 'is_extra_bed': '0', 'extra_bed_type_id': '0'}]","[{'id': 1055047, 'capacity': 1, 'prepayment': 'NO', 'nonrefundable': 0, 'cancellation_period': 0, 'cancellation_fee': 'NO', 'breakfast': 0, 'base_price': 13000, 'prices': [13000], 'price': 13000, 'old_price': 13000, 'currency': 'RUB', 'payment_amount': 0, 'extras_variants': [], 'extras': {'21682': {'id': 21682, 'number': 1, 'extra_bed_type_id': 0, 'age': [0, 5], 'extra_bed': 0, 'free': 1}}, 'rate_id': 51587, 'deals': [], 'cancellation_type': 'free', 'credit_card': 0, 'bonus': 650, 'miles': 780, 'min_stay': 1, 'platichastyami': 0, 'mircashback': 1300}, {'id': 1045336, 'capacity': 1, 'prepayment': 'FIRST', 'nonrefundable': 0, 'cancellation_period': 2, 'cancellation_fee': 'FIRST', 'breakfast': 1, 'base_price': 14000, 'prices': [14000], 'price': 14000, 'old_price': 14000, 'currency': 'RUB', 'payment_amount': 14000, 'extras_variants': [], 'extras': {'21682': {'id': 21682, 'number': 1, 'extra_bed_type_id': 0, 'age': [0, 5], 'extra_bed': 0, 'free': 1}}, 'rate_id': 50509, 'deals': [], 'cancellation_type': 'special', 'credit_card': 1, 'bonus': 700, 'miles': 840, 'min_stay': 1, 'platichastyami': 0, 'mircashback': 1400}, {'id': 1055048, 'capacity': 2, 'prepayment': 'NO', 'nonrefundable': 0, 'cancellation_period': 0, 'cancellation_fee': 'NO', 'breakfast': 0, 'base_price': 13000, 'prices': [13000], 'price': 13000, 'old_price': 13000, 'currency': 'RUB', 'payment_amount': 0, 'extras_variants': [], 'extras': {'21682': {'id': 21682, 'number': 1, 'extra_bed_type_id': 0, 'age': [0, 5], 'extra_bed': 0, 'free': 1}}, 'rate_id': 51587, 'deals': [], 'cancellation_type': 'free', 'credit_card': 0, 'bonus': 650, 'miles': 780, 'min_stay': 1, 'platichastyami': 0, 'mircashback': 1300}, {'id': 1045337, 'capacity': 2, 'prepayment': 'FIRST', 'nonrefundable': 0, 'cancellation_period': 2, 'cancellation_fee': 'FIRST', 'breakfast': 1, 'base_price': 15000, 'prices': [15000], 'price': 15000, 'old_price': 15000, 'currency': 'RUB', 'payment_amount': 15000, 'extras_variants': [], 'extras': {'21682': {'id': 21682, 'number': 1, 'extra_bed_type_id': 0, 'age': [0, 5], 'extra_bed': 0, 'free': 1}}, 'rate_id': 50509, 'deals': [], 'cancellation_type': 'special', 'credit_card': 1, 'bonus': 750, 'miles': 900, 'min_stay': 1, 'platichastyami': 0, 'mircashback': 1500}, {'id': '1055047P', 'capacity': 1, 'prepayment': 'FULL', 'nonrefundable': 0, 'cancellation_period': 0, 'cancellation_fee': 'NO', 'breakfast': 0, 'base_price': 13000, 'prices': [13000], 'price': 13000, 'old_price': 13000, 'currency': 'RUB', 'payment_amount': 13000, 'extras_variants': [], 'extras': {'21682': {'id': 21682, 'number': 1, 'extra_bed_type_id': 0, 'age': [0, 5], 'extra_bed': 0, 'free': 1}}, 'rate_id': 51587, 'deals': [], 'cancellation_type': 'free', 'credit_card': 0, 'bonus': 650, 'miles': 780, 'min_stay': 1, 'platichastyami': 0, 'mircashback': 1300}, {'id': '1055048P', 'capacity': 2, 'prepayment': 'FULL', 'nonrefundable': 0, 'cancellation_period': 0, 'cancellation_fee': 'NO', 'breakfast': 0, 'base_price': 13000, 'prices': [13000], 'price': 13000, 'old_price': 13000, 'currency': 'RUB', 'payment_amount': 13000, 'extras_variants': [], 'extras': {'21682': {'id': 21682, 'number': 1, 'extra_bed_type_id': 0, 'age': [0, 5], 'extra_bed': 0, 'free': 1}}, 'rate_id': 51587, 'deals': [], 'cancellation_type': 'free', 'credit_card': 0, 'bonus': 650, 'miles': 780, 'min_stay': 1, 'platichastyami': 0, 'mircashback': 1300}]",13000.0,780,672991_101hotels,2026-07-31
2276012,,Студия без балкона,2,0,0,1,Двухместный,2,1,[{'double': 1}],[],"[{'id': 803179, 'capacity': 1, 'prepayment': 'FULL', 'nonrefundable': 0, 'cancellation_period': 0, 'cancellation_fee': 'NO', 'breakfast': 0, 'base_price': 3367, 'prices': [3367], 'price': 3367, 'old_price': 3367, 'currency': 'RUB', 'payment_amount': 3367, 'extras_variants': [], 'extras': [], 'rate_id': 30902, 'deals': [], 'cancellation_type': 'free', 'credit_card': 1, 'bonus': 168, 'miles': 201, 'min_stay': 1, 'platichastyami': 0, 'mircashback': 337}, {'id': 803180, 'capacity': 2, 'prepayment': 'FULL', 'nonrefundable': 0, 'cancellation_period': 0, 'cancellation_fee': 'NO', 'breakfast': 0, 'base_price': 3367, 'prices': [3367], 'price': 3367, 'old_price': 3367, 'currency': 'RUB', 'payment_amount': 3367, 'extras_variants': [], 'extras': [], 'rate_id': 30902, 'deals': [], 'cancellation_type': 'free', 'credit_card': 1, 'bonus': 168, 'miles': 201, 'min_stay': 1, 'platichastyami': 0, 'mircashback': 337}]",3367.0,201,662866_101hotels,2026-07-31
2276016,,Студия gray с балконом,2,0,0,1,Двухместный,2,1,[{'double': 1}],[],"[{'id': 803185, 'capacity': 1, 'prepayment': 'FULL', 'nonrefundable': 0, 'cancellation_period': 0, 'cancellation_fee': 'NO', 'breakfast': 0, 'base_price': 3367, 'prices': [3367], 'price': 3367, 'old_price': 3367, 'currency': 'RUB', 'payment_amount': 3367, 'extras_variants': [], 'extras': [], 'rate_id': 30902, 'deals': [], 'cancellation_type': 'free', 'credit_card': 1, 'bonus': 168, 'miles': 201, 'min_stay': 1, 'platichastyami': 0, 'mircashback': 337}, {'id': 803186, 'capacity': 2, 'prepayment': 'FULL', 'nonrefundable': 0, 'cancellation_period': 0, 'cancellation_fee': 'NO', 'breakfast': 0, 'base_price': 3367, 'prices': [3367], 'price': 3367, 'old_price': 3367, 'currency': 'RUB', 'payment_amount': 3367, 'extras_variants': [], 'extras': [], 'rate_id': 30902, 'deals': [], 'cancellation_type': 'free', 'credit_card': 1, 'bonus': 168, 'miles': 201, 'min_stay': 1, 'platichastyami': 0, 'mircashback': 337}]",3367.0,201,662866_101hotels,2026-07-31
2276021,,Студия yellow без балкона,2,0,0,1,Двухместный,2,1,[{'double': 1}],[],"[{'id': 803207, 'capacity': 1, 'prepayment': 'FULL', 'nonrefundable': 0, 'cancellation_period': 0, 'cancellation_fee': 'NO', 'breakfast': 0, 'base_price': 3367, 'prices': [3367], 'price': 3367, 'old_price': 3367, 'currency': 'RUB', 'payment_amount': 3367, 'extras_variants': [], 'extras': [], 'rate_id': 30902, 'deals': [], 'cancellation_type': 'free', 'credit_card': 1, 'bonus': 168, 'miles': 201, 'min_stay': 1, 'platichastyami': 0, 'mircashback': 337}, {'id': 803208, 'capacity': 2, 'prepayment': 'FULL', 'nonrefundable': 0, 'cancellation_period': 0, 'cancellation_fee': 'NO', 'breakfast': 0, 'base_price': 3367, 'prices': [3367], 'price': 3367, 'old_price': 3367, 'currency': 'RUB', 'payment_amount': 3367, 'extras_variants': [], 'extras': [], 'rate_id': 30902, 'deals': [], 'cancellation_type': 'free', 'credit_card': 1, 'bonus': 168, 'miles': 201, 'min_stay': 1, 'platichastyami': 0, 'mircashback': 337}]",3367.0,201,662866_101hotels,2026-07-31
5801,,Стандарт Double,2,0,0,1,Двухместный,2,4,[{'double': 1}],[],"[{'id': 267565, 'capacity': 1, 'prepayment': 'FULL', 'nonrefundable': 1, 'cancellation_period': 0, 'cancellation_fee': 'FIRST', 'breakfast': 0, 'base_price': 3400, 'prices': [3400], 'price': 3400, 'old_price': 3400, 'currency': 'RUB', 'payment_amount': 3400, 'extras_variants': [], 'extras': [], 'rate_id': 992, 'deals': [], 'cancellation_type': 'nonrefundable', 'credit_card': 1, 'bonus': 170, 'miles': 204, 'min_stay': 1, 'platichastyami': 0, 'mircashback': 340}, {'id': 267566, 'capacity': 2, 'prepayment': 'FULL', 'nonrefundable': 1, 'cancellation_period': 0, 'cancellation_fee': 'FIRST', 'breakfast': 0, 'base_price': 4200, 'prices': [4200], 'price': 4200, 'old_price': 4200, 'currency': 'RUB', 'payment_amount': 4200, 'extras_variants': [], 'extras': [], 'rate_id': 992, 'deals': [], 'cancellation_type': 'nonrefundable', 'credit_card': 1, 'bonus': 210, 'miles': 252, 'min_stay': 1, 'platichastyami': 0, 'mircashback': 420}]",3400.0,204,1970_101hotels,2026-07-31
5802,,Стандарт Twin,2,0,0,1,Двухместный,2,1,[{'single': 2}],[],"[{'id': 267567, 'capacity': 1, 'prepayment': 'FULL', 'nonrefundable': 1, 'cancellation_period': 0, 'cancellation_fee': 'FIRST', 'breakfast': 0, 'base_price': 3400, 'prices': [3400], 'price': 3400, 'old_price': 3400, 'currency': 'RUB', 'payment_amount': 3400, 'extras_variants': [], 'extras': [], 'rate_id': 992, 'deals': [], 'cancellation_type': 'nonrefundable', 'credit_card': 1, 'bonus': 170, 'miles': 204, 'min_stay': 1, 'platichastyami': 0, 'mircashback': 340}, {'id': 267568, 'capacity': 2, 'prepayment': 'FULL', 'nonrefundable': 1, 'cancellation_period': 0, 'cancellation_fee': 'FIRST', 'breakfast': 0, 'base_price': 4200, 'prices': [4200], 'price': 4200, 'old_price': 4200, 'currency': 'RUB', 'payment_amount': 4200, 'extras_variants': [], 'extras': [], 'rate_id': 992, 'deals': [], 'cancellation_type': 'nonrefundable', 'credit_card': 1, 'bonus': 210, 'miles': 252, 'min_stay': 1, 'platichastyami': 0, 'mircashback': 420}]",3400.0,204,1970_101hotels,2026-07-31
1693680,,TRPL,3,0,0,1,Трехместный,37,3,"[{'single': 1, 'double': 1}]",[],"[{'id': 267580, 'capacity': 1, 'prepayment': 'FULL', 'nonrefundable': 1, 'cancellation_period': 0, 'cancellation_fee': 'FIRST', 'breakfast': 0, 'base_price': 4300, 'prices': [4300], 'price': 4300, 'old_price': 4300, 'currency': 'RUB', 'payment_amount': 4300, 'extras_variants': [], 'extras': [], 'rate_id': 992, 'deals': [], 'cancellation_type': 'nonrefundable', 'credit_card': 1, 'bonus': 215, 'miles': 258, 'min_stay': 1, 'platichastyami': 0, 'mircashback': 430}, {'id': 267581, 'capacity': 2, 'prepayment': 'FULL', 'nonrefundable': 1, 'cancellation_period': 0, 'cancellation_fee': 'FIRST', 'breakfast': 0, 'base_price': 4300, 'prices': [4300], 'price': 4300, 'old_price': 4300, 'currency': 'RUB', 'payment_amount': 4300, 'extras_variants': [], 'extras': [], 'rate_id': 992, 'deals': [], 'cancellation_type': 'nonrefundable', 'credit_card': 1, 'bonus': 215, 'miles': 258, 'min_stay': 1, 'platichastyami': 0, 'mircashback': 430}, {'id': 267582, 'capacity': 3, 'prepayment': 'FULL', 'nonrefundable': 1, 'cancellation_period': 0, 'cancellation_fee': 'FIRST', 'breakfast': 0, 'base_price': 4400, 'prices': [4400], 'price': 4400, 'old_price': 4400, 'currency': 'RUB', 'payment_amount': 4400, 'extras_variants': [], 'extras': [], 'rate_id': 992, 'deals': [], 'cancellation_type': 'nonrefundable', 'credit_card': 1, 'bonus': 220, 'miles': 264, 'min_stay': 1, 'platichastyami': 0, 'mircashback': 440}]",4300.0,258,1970_101hotels,2026-07-31
1693681,,Джуниор Сюит Double,3,0,0,1,Студио,5,3,"[{'double': 1, 's-sofa': 1}]",[],"[{'id': 267569, 'capacity': 1, 'prepayment': 'FULL', 'nonrefundable': 1, 'cancellation_period': 0, 'cancellation_fee': 'FIRST', 'breakfast': 0, 'base_price': 6100, 'prices': [6100], 'price': 6100, 'old_price': 6100, 'currency': 'RUB', 'payment_amount': 6100, 'extras_variants': [], 'extras': [], 'rate_id': 992, 'deals': [], 'cancellation_type': 'nonrefundable', 'credit_card': 1, 'bonus': 305, 'miles': 366, 'min_stay': 1, 'platichastyami': 0, 'mircashback': 610}, {'id': 267570, 'capacity': 2, 'prepayment': 'FULL', 'nonrefundable': 1, 'cancellation_period': 0, 'cancellation_fee': 'FIRST', 'breakfast': 0, 'base_price': 6200, 'prices': [6200], 'price': 6200, 'old_price': 6200, 'currency': 'RUB', 'payment_amount': 6200, 'extras_variants': [], 'extras': [], 'rate_id': 992, 'deals': [], 'cancellation_type': 'nonrefundable', 'credit_card': 1, 'bonus': 310, 'miles': 372, 'min_stay': 1, 'platichastyami': 0, 'mircashback': 620}, {'id': 759685, 'capacity': 3, 'prepayment': 'FULL', 'nonrefundable': 1, 'cancellation_period': 0, 'cancellation_fee': 'FIRST', 'breakfast': 0, 'base_price': 6300, 'prices': [6300], 'price': 6300, 'old_price': 6300, 'currency': 'RUB', 'payment_amount': 6300, 'extras_variants': [], 'extras': [], 'rate_id': 992, 'deals': [], 'cancellation_type': 'nonrefundable', 'credit_card': 1, 'bonus': 315, 'miles': 378, 'min_stay': 1, 'platichastyami': 0, 'mircashback': 630}]",6100.0,366,1970_101hotels,2026-07-31
2265481,,Эконом,6,0,0,1,Шестиместный,36,1,[{'single': 6}],[],"[{'id': 724819, 'capacity': 1, 'prepayment': 'FULL', 'nonrefundable': 1, 'cancellation_period': 0, 'cancellation_fee': 'FIRST', 'breakfast': 0, 'base_price': 6100, 'prices': [6100], 'price': 6100, 'old_price': 6100, 'currency': 'RUB', 'payment_amount': 6100, 'extras_variants': [], 'extras': [], 'rate_id': 992, 'deals': [], 'cancellation_type': 'nonrefundable', 'credit_card': 1, 'bonus': 305, 'miles': 366, 'min_stay': 1, 'platichastyami': 0, 'mircashback': 610}, {'id': 724820, 'capacity': 2, 'prepayment': 'FULL', 'nonrefundable': 1, 'cancellation_period': 0, 'cancellation_fee': 'FIRST', 'breakfast': 0, 'base_price': 6200, 'prices': [6200], 'price': 6200, 'old_price': 6200, 'currency': 'RUB', 'payment_amount': 6200, 'extras_variants': [], 'extras': [], 'rate_id': 992, 'deals': [], 'cancellation_type': 'nonrefundable', 'credit_card': 1, 'bonus': 310, 'miles': 372, 'min_stay': 1, 'platichastyami': 0, 'mircashback': 620}, {'id': 724821, 'capacity': 3, 'prepayment': 'FULL', 'nonrefundable': 1, 'cancellation_period': 0, 'cancellation_fee': 'FIRST', 'breakfast': 0, 'base_price': 6300, 'prices': [6300], 'price': 6300, 'old_price': 6300, 'currency': 'RUB', 'payment_amount': 6300, 'extras_variants': [], 'extras': [], 'rate_id': 992, 'deals': [], 'cancellation_type': 'nonrefundable', 'credit_card': 1, 'bonus': 315, 'miles': 378, 'min_stay': 1, 'platichastyami': 0, 'mircashback': 630}, {'id': 724822, 'capacity': 4, 'prepayment': 'FULL', 'nonrefundable': 1, 'cancellation_period': 0, 'cancellation_fee': 'FIRST', 'breakfast': 0, 'base_price': 6400, 'prices': [6400], 'price': 6400, 'old_price': 6400, 'currency': 'RUB', 'payment_amount': 6400, 'extras_variants': [], 'extras': [], 'rate_id': 992, 'deals': [], 'cancellation_type': 'nonrefundable', 'credit_card': 1, 'bonus': 320, 'miles': 384, 'min_stay': 1, 'platichastyami': 0, 'mircashback': 640}, {'id': 724823, 'capacity': 5, 'prepayment': 'FULL', 'nonrefundable': 1, 'cancellation_period': 0, 'cancellation_fee': 'FIRST', 'breakfast': 0, 'base_price': 6500, 'prices': [6500], 'price': 6500, 'old_price': 6500, 'currency': 'RUB', 'payment_amount': 6500, 'extras_variants': [], 'extras': [], 'rate_id': 992, 'deals': [], 'cancellation_type': 'nonrefundable', 'credit_card': 1, 'bonus': 325, 'miles': 390, 'min_stay': 1, 'platichastyami': 0, 'mircashback': 650}, {'id': 724824, 'capacity': 6, 'prepayment': 'FULL', 'nonrefundable': 1, 'cancellation_period': 0, 'cancellation_fee': 'FIRST', 'breakfast': 0, 'base_price': 6600, 'prices': [6600], 'price': 6600, 'old_price': 6600, 'currency': 'RUB', 'payment_amount': 6600, 'extras_variants': [], 'extras': [], 'rate_id': 992, 'deals': [], 'cancellation_type': 'nonrefundable', 'credit_card': 1, 'bonus': 330, 'miles': 396, 'min_stay': 1, 'platichastyami': 0, 'mircashback': 660}]",6100.0,366,1970_101hotels,2026-07-31
2274221,,Стандарт,4,0,0,0,Семейный,44,1,"[{'single': 2, 'double': 1}]","[{'id': '10353', 'number': '1', 'min_age': '0', 'max_age': '2', 'is_extra_bed': '0', 'extra_bed_type_id': '0'}]","[{'id': 789978, 'capacity': 1, 'prepayment': 'NO', 'nonrefundable': 0, 'cancellation_period': 0, 'cancellation_fee': 'NO', 'breakfast': 0, 'base_price': 4000, 'prices': [4000], 'price': 4000, 'old_price': 4000, 'currency': 'RUB', 'payment_amount': 0, 'extras_variants': [], 'extras': {'10353': {'id': 10353, 'number': 1, 'extra_bed_type_id': 0, 'age': [0, 2], 'extra_bed': 0, 'free': 1}}, 'rate_id': 35596, 'deals': [], 'cancellation_type': 'free', 'credit_card': 0, 'bonus': 200, 'miles': 240, 'min_stay': 1, 'platichastyami': 0, 'mircashback': 400}, {'id': 789979, 'capacity': 2, 'prepayment': 'NO', 'nonrefundable': 0, 'cancellation_period': 0, 'cancellation_fee': 'NO', 'breakfast': 0, 'base_price': 5000, 'prices': [5000], 'price': 5000, 'old_price': 5000, 'currency': 'RUB', 'payment_amount': 0, 'extras_variants': [], 'extras': {'10353': {'id': 10353, 'number': 1, 'extra_bed_type_id': 0, 'age': [0, 2], 'extra_bed': 0, 'free': 1}}, 'rate_id': 35596, 'deals': [], 'cancellation_type': 'free', 'credit_card': 0, 'bonus': 250, 'miles': 300, 'min_stay': 1, 'platichastyami': 0, 'mircashback': 500}, {'id': 789980, 'capacity': 3, 'prepayment': 'NO', 'nonrefundable': 0, 'cancellation_period': 0, 'cancellation_fee': 'NO', 'breakfast': 0, 'base_price': 6500, 'prices': [6500], 'price': 6500, 'old_price': 6500, 'currency': 'RUB', 'payment_amount': 0, 'extras_variants': [], 'extras': {'10353': {'id': 10353, 'number': 1, 'extra_bed_type_id': 0, 'age': [0, 2], 'extra_bed': 0, 'free': 1}}, 'rate_id': 35596, 'deals': [], 'cancellation_type': 'free', 'credit_card': 0, 'bonus': 325, 'miles': 390, 'min_stay': 1, 'platichastyami': 0, 'mircashback': 650}, {'id': 789981, 'capacity': 4, 'prepayment': 'NO', 'nonrefundable': 0, 'cancellation_period': 0, 'cancellation_fee': 'NO', 'breakfast': 0, 'base_price': 8000, 'prices': [8000], 'price': 8000, 'old_price': 8000, 'currency': 'RUB', 'payment_amount': 0, 'extras_variants': [], 'extras': {'10353': {'id': 10353, 'number': 1, 'extra_bed_type_id': 0, 'age': [0, 2], 'extra_bed': 0, 'free': 1}}, 'rate_id': 35596, 'deals': [], 'cancellation_type': 'free', 'credit_card': 0, 'bonus': 400, 'miles': 480, 'min_stay': 1, 'platichastyami': 0, 'mircashback': 800}, {'id': '789978P', 'capacity': 1, 'prepayment': 'FULL', 'nonrefundable': 0, 'cancellation_period': 0, 'cancellation_fee': 'NO', 'breakfast': 0, 'base_price': 4000, 'prices': [4000], 'price': 4000, 'old_price': 4000, 'currency': 'RUB', 'payment_amount': 4000, 'extras_variants': [], 'extras': {'10353': {'id': 10353, 'number': 1, 'extra_bed_type_id': 0, 'age': [0, 2], 'extra_bed': 0, 'free': 1}}, 'rate_id': 35596, 'deals': [], 'cancellation_type': 'free', 'credit_card': 0, 'bonus': 200, 'miles': 240, 'min_stay': 1, 'platichastyami': 0, 'mircashback': 400}, {'id': '789979P', 'capacity': 2, 'prepayment': 'FULL', 'nonrefundable': 0, 'cancellation_period': 0, 'cancellation_fee': 'NO', 'breakfast': 0, 'base_price': 5000, 'prices': [5000], 'price': 5000, 'old_price': 5000, 'currency': 'RUB', 'payment_amount': 5000, 'extras_variants': [], 'extras': {'10353': {'id': 10353, 'number': 1, 'extra_bed_type_id': 0, 'age': [0, 2], 'extra_bed': 0, 'free': 1}}, 'rate_id': 35596, 'deals': [], 'cancellation_type': 'free', 'credit_card': 0, 'bonus': 250, 'miles': 300, 'min_stay': 1, 'platichastyami': 0, 'mircashback': 500}, {'id': '789980P', 'capacity': 3, 'prepayment': 'FULL', 'nonrefundable': 0, 'cancellation_period': 0, 'cancellation_fee': 'NO', 'breakfast': 0, 'base_price': 6500, 'prices': [6500], 'price': 6500, 'old_price': 6500, 'currency': 'RUB', 'payment_amount': 6500, 'extras_variants': [], 'extras': {'10353': {'id': 10353, 'number': 1, 'extra_bed_type_id': 0, 'age': [0, 2], 'extra_bed': 0, 'free': 1}}, 'rate_id': 35596, 'deals': [], 'cancellation_type': 'free', 'credit_card': 0, 'bonus': 325, 'miles': 390, 'min_stay': 1, 'platichastyami': 0, 'mircashback': 650}, {'id': '789981P', 'capacity': 4, 'prepayment': 'FULL', 'nonrefundable': 0, 'cancellation_period': 0, 'cancellation_fee': 'NO', 'breakfast': 0, 'base_price': 8000, 'prices': [8000], 'price': 8000, 'old_price': 8000, 'currency': 'RUB', 'payment_amount': 8000, 'extras_variants': [], 'extras': {'10353': {'id': 10353, 'number': 1, 'extra_bed_type_id': 0, 'age': [0, 2], 'extra_bed': 0, 'free': 1}}, 'rate_id': 35596, 'deals': [], 'cancellation_type': 'free', 'credit_card': 0, 'bonus': 400, 'miles': 480, 'min_stay': 1, 'platichastyami': 0, 'mircashback': 800}]",4000.0,240,666294_101hotels,2026-07-31
2274222,,Комфорт,4,0,0,1,Семейный,44,1,"[{'double': 1, '2-tier': 1}]","[{'id': '10352', 'number': '1', 'min_age': '0', 'max_age': '2', 'is_extra_bed': '0', 'extra_bed_type_id': '0'}]","[{'id': 789990, 'capacity': 1, 'prepayment': 'NO', 'nonrefundable': 0, 'cancellation_period': 0, 'cancellation_fee': 'NO', 'breakfast': 0, 'base_price': 5800, 'prices': [5800], 'price': 5800, 'old_price': 5800, 'currency': 'RUB', 'payment_amount': 0, 'extras_variants': [], 'extras': {'10352': {'id': 10352, 'number': 1, 'extra_bed_type_id': 0, 'age': [0, 2], 'extra_bed': 0, 'free': 1}}, 'rate_id': 35596, 'deals': [], 'cancellation_type': 'free', 'credit_card': 0, 'bonus': 290, 'miles': 348, 'min_stay': 1, 'platichastyami': 0, 'mircashback': 580}, {'id': 789991, 'capacity': 2, 'prepayment': 'NO', 'nonrefundable': 0, 'cancellation_period': 0, 'cancellation_fee': 'NO', 'breakfast': 0, 'base_price': 7000, 'prices': [7000], 'price': 7000, 'old_price': 7000, 'currency': 'RUB', 'payment_amount': 0, 'extras_variants': [], 'extras': {'10352': {'id': 10352, 'number': 1, 'extra_bed_type_id': 0, 'age': [0, 2], 'extra_bed': 0, 'free': 1}}, 'rate_id': 35596, 'deals': [], 'cancellation_type': 'free', 'credit_card': 0, 'bonus': 350, 'miles': 420, 'min_stay': 1, 'platichastyami': 0, 'mircashback': 700}, {'id': 789992, 'capacity': 3, 'prepayment': 'NO', 'nonrefundable': 0, 'cancellation_period': 0, 'cancellation_fee': 'NO', 'breakfast': 0, 'base_price': 9100, 'prices': [9100], 'price': 9100, 'old_price': 9100, 'currency': 'RUB', 'payment_amount': 0, 'extras_variants': [], 'extras': {'10352': {'id': 10352, 'number': 1, 'extra_bed_type_id': 0, 'age': [0, 2], 'extra_bed': 0, 'free': 1}}, 'rate_id': 35596, 'deals': [], 'cancellation_type': 'free', 'credit_card': 0, 'bonus': 455, 'miles': 546, 'min_stay': 1, 'platichastyami': 0, 'mircashback': 910}, {'id': 789993, 'capacity': 4, 'prepayment': 'NO', 'nonrefundable': 0, 'cancellation_period': 0, 'cancellation_fee': 'NO', 'breakfast': 0, 'base_price': 11200, 'prices': [11200], 'price': 11200, 'old_price': 11200, 'currency': 'RUB', 'payment_amount': 0, 'extras_variants': [], 'extras': {'10352': {'id': 10352, 'number': 1, 'extra_bed_type_id': 0, 'age': [0, 2], 'extra_bed': 0, 'free': 1}}, 'rate_id': 35596, 'deals': [], 'cancellation_type': 'free', 'credit_card': 0, 'bonus': 560, 'miles': 672, 'min_stay': 1, 'platichastyami': 0, 'mircashback': 1120}, {'id': '789990P', 'capacity': 1, 'prepayment': 'FULL', 'nonrefundable': 0, 'cancellation_period': 0, 'cancellation_fee': 'NO', 'breakfast': 0, 'base_price': 5800, 'prices': [5800], 'price': 5800, 'old_price': 5800, 'currency': 'RUB', 'payment_amount': 5800, 'extras_variants': [], 'extras': {'10352': {'id': 10352, 'number': 1, 'extra_bed_type_id': 0, 'age': [0, 2], 'extra_bed': 0, 'free': 1}}, 'rate_id': 35596, 'deals': [], 'cancellation_type': 'free', 'credit_card': 0, 'bonus': 290, 'miles': 348, 'min_stay': 1, 'platichastyami': 0, 'mircashback': 580}, {'id': '789991P', 'capacity': 2, 'prepayment': 'FULL', 'nonrefundable': 0, 'cancellation_period': 0, 'cancellation_fee': 'NO', 'breakfast': 0, 'base_price': 7000, 'prices': [7000], 'price': 7000, 'old_price': 7000, 'currency': 'RUB', 'payment_amount': 7000, 'extras_variants': [], 'extras': {'10352': {'id': 10352, 'number': 1, 'extra_bed_type_id': 0, 'age': [0, 2], 'extra_bed': 0, 'free': 1}}, 'rate_id': 35596, 'deals': [], 'cancellation_type': 'free', 'credit_card': 0, 'bonus': 350, 'miles': 420, 'min_stay': 1, 'platichastyami': 0, 'mircashback': 700}, {'id': '789992P', 'capacity': 3, 'prepayment': 'FULL', 'nonrefundable': 0, 'cancellation_period': 0, 'cancellation_fee': 'NO', 'breakfast': 0, 'base_price': 9100, 'prices': [9100], 'price': 9100, 'old_price': 9100, 'currency': 'RUB', 'payment_amount': 9100, 'extras_variants': [], 'extras': {'10352': {'id': 10352, 'number': 1, 'extra_bed_type_id': 0, 'age': [0, 2], 'extra_bed': 0, 'free': 1}}, 'rate_id': 35596, 'deals': [], 'cancellation_type': 'free', 'credit_card': 0, 'bonus': 455, 'miles': 546, 'min_stay': 1, 'platichastyami': 0, 'mircashback': 910}, {'id': '789993P', 'capacity': 4, 'prepayment': 'FULL', 'nonrefundable': 0, 'cancellation_period': 0, 'cancellation_fee': 'NO', 'breakfast': 0, 'base_price': 11200, 'prices': [11200], 'price': 11200, 'old_price': 11200, 'currency': 'RUB', 'payment_amount': 11200, 'extras_variants': [], 'extras': {'10352': {'id': 10352, 'number': 1, 'extra_bed_type_id': 0, 'age': [0, 2], 'extra_bed': 0, 'free': 1}}, 'rate_id': 35596, 'deals': [], 'cancellation_type': 'free', 'credit_card': 0, 'bonus': 560, 'miles': 672, 'min_stay': 1, 'platichastyami': 0, 'mircashback': 1120}]",5800.0,348,666294_101hotels,2026-07-31
2274226,,Койко-место в женсокм номере,1,0,1,0,Восьмиместный Женский,77,4,[{'2-tier': 1}],[],"[{'id': 790332, 'capacity': 1, 'prepayment': 'NO', 'nonrefundable': 0, 'cancellation_period': 0, 'cancellation_fee': 'NO', 'breakfast': 0, 'base_price': 1800, 'prices': [1800], 'price': 1800, 'old_price': 1800, 'currency': 'RUB', 'payment_amount': 0, 'extras_variants': [], 'extras': [], 'rate_id': 35596, 'deals': [], 'cancellation_type': 'free', 'credit_card': 0, 'bonus': 90, 'miles': 108, 'min_stay': 1, 'platichastyami': 0, 'mircashback': 180}, {'id': '790332P', 'capacity': 1, 'prepayment': 'FULL', 'nonrefundable': 0, 'cancellation_period': 0, 'cancellation_fee': 'NO', 'breakfast': 0, 'base_price': 1800, 'prices': [1800], 'price': 1800, 'old_price': 1800, 'currency': 'RUB', 'payment_amount': 1800, 'extras_variants': [], 'extras': [], 'rate_id': 35596, 'deals': [], 'cancellation_type': 'free', 'credit_card': 0, 'bonus': 90, 'miles': 108, 'min_stay': 1, 'platichastyami': 0, 'mircashback': 180}]",1800.0,108,666294_101hotels,2026-07-31
2274230,,Койко-место в мужском номере,1,0,1,0,Восьмиместный Мужской,76,5,[{'2-tier': 1}],[],"[{'id': 790011, 'capacity': 1, 'prepayment': 'NO', 'nonrefundable': 0, 'cancellation_period': 0, 'cancellation_fee': 'NO', 'breakfast': 0, 'base_price': 1800, 'prices': [1800], 'price': 1800, 'old_price': 1800, 'currency': 'RUB', 'payment_amount': 0, 'extras_variants': [], 'extras': [], 'rate_id': 35596, 'deals': [], 'cancellation_type': 'free', 'credit_card': 0, 'bonus': 90, 'miles': 108, 'min_stay': 1, 'platichastyami': 0, 'mircashback': 180}, {'id': '790011P', 'capacity': 1, 'prepayment': 'FULL', 'nonrefundable': 0, 'cancellation_period': 0, 'cancellation_fee': 'NO', 'breakfast': 0, 'base_price': 1800, 'prices': [1800], 'price': 1800, 'old_price': 1800, 'currency': 'RUB', 'payment_amount': 1800, 'extras_variants': [], 'extras': [], 'rate_id': 35596, 'deals': [], 'cancellation_type': 'free', 'credit_card': 0, 'bonus': 90, 'miles': 108, 'min_stay': 1, 'platichastyami': 0, 'mircashback': 180}]",1800.0,108,666294_101hotels,2026-07-31
2271856,,Номер первой категории Стандарт улучшенный,1,1,0,1,Одноместный,1,1,"[{'single': 1}, {'f-chair': 1}]","[{'id': '22103', 'number': '1', 'min_age': '0', 'max_age': '1', 'is_extra_bed': '1', 'extra_bed_type_id': '4'}]","[{'id': 770719, 'capacity': 1, 'prepayment': 'FULL', 'nonrefundable': 0, 'cancellation_period': 1, 'cancellation_fee': 'FIRST', 'breakfast': 0, 'base_price': 5000, 'prices': [5000], 'price': 5000, 'old_price': 0, 'currency': 'RUB', 'payment_amount': 5000, 'extras_variants': [], 'extras': {'22103': {'id': 22103, 'number': 1, 'extra_bed_type_id': 4, 'age': [0, 1], 'extra_bed': 1, 'free': 1}}, 'rate_id': 18577, 'deals': [], 'cancellation_type': 'special', 'credit_card': 1, 'bonus': 250, 'miles': 300, 'min_stay': 1, 'platichastyami': 0, 'mircashback': 500}, {'id': 770718, 'capacity': 1, 'prepayment': 'FULL', 'nonrefundable': 0, 'cancellation_period': 1, 'cancellation_fee': 'FIRST', 'breakfast': 1, 'base_price': 5600, 'prices': [5600], 'price': 5600, 'old_price': 0, 'currency': 'RUB', 'payment_amount': 5600, 'extras_variants': [], 'extras': {'22103': {'id': 22103, 'number': 1, 'extra_bed_type_id': 4, 'age': [0, 1], 'extra_bed': 1, 'free': 1}}, 'rate_id': 18576, 'deals': [], 'cancellation_type': 'special', 'credit_card': 1, 'bonus': 280, 'miles': 336, 'min_stay': 1, 'platichastyami': 0, 'mircashback': 560}]",5000.0,300,8802_101hotels,2026-07-31
2271858,,Номер первой категории Стандарт с 2 кроватями,2,0,0,1,Двухместный,2,2,[{'single': 2}],[],"[{'id': 770726, 'capacity': 1, 'prepayment': 'FULL', 'nonrefundable': 0, 'cancellation_period': 1, 'cancellation_fee': 'FIRST', 'breakfast': 0, 'base_price': 6000, 'prices': [6000], 'price': 6000, 'old_price': 0, 'currency': 'RUB', 'payment_amount': 6000, 'extras_variants': [], 'extras': [], 'rate_id': 18577, 'deals': [], 'cancellation_type': 'special', 'credit_card': 1, 'bonus': 300, 'miles': 360, 'min_stay': 1, 'platichastyami': 0, 'mircashback': 600}, {'id': 770724, 'capacity': 1, 'prepayment': 'FULL', 'nonrefundable': 0, 'cancellation_period': 1, 'cancellation_fee': 'FIRST', 'breakfast': 1, 'base_price': 7200, 'prices': [7200], 'price': 7200, 'old_price': 0, 'currency': 'RUB', 'payment_amount': 7200, 'extras_variants': [], 'extras': [], 'rate_id': 18576, 'deals': [], 'cancellation_type': 'special', 'credit_card': 1, 'bonus': 360, 'miles': 432, 'min_stay': 1, 'platichastyami': 0, 'mircashback': 720}, {'id': 770727, 'capacity': 2, 'prepayment': 'FULL', 'nonrefundable': 0, 'cancellation_period': 1, 'cancellation_fee': 'FIRST', 'breakfast': 0, 'base_price': 6000, 'prices': [6000], 'price': 6000, 'old_price': 0, 'currency': 'RUB', 'payment_amount': 6000, 'extras_variants': [], 'extras': [], 'rate_id': 18577, 'deals': [], 'cancellation_type': 'special', 'credit_card': 1, 'bonus': 300, 'miles': 360, 'min_stay': 1, 'platichastyami': 0, 'mircashback': 600}, {'id': 770725, 'capacity': 2, 'prepayment': 'FULL', 'nonrefundable': 0, 'cancellation_period': 1, 'cancellation_fee': 'FIRST', 'breakfast': 1, 'base_price': 7200, 'prices': [7200], 'price': 7200, 'old_price': 0, 'currency': 'RUB', 'payment_amount': 7200, 'extras_variants': [], 'extras': [], 'rate_id': 18576, 'deals': [], 'cancellation_type': 'special', 'credit_card': 1, 'bonus': 360, 'miles': 432, 'min_stay': 1, 'platichastyami': 0, 'mircashback': 720}]",6000.0,360,8802_101hotels,2026-07-31
2271861,,Номер первой категории Стандарт улучшенный с 2 кроватями,2,2,0,1,Двухместный,2,1,[{'single': 2}],"[{'id': '22100', 'number': '2', 'min_age': '0', 'max_age': '7', 'is_extra_bed': '1', 'extra_bed_type_id': '2'}]","[{'id': 770761, 'capacity': 1, 'prepayment': 'FULL', 'nonrefundable': 0, 'cancellation_period': 1, 'cancellation_fee': 'FIRST', 'breakfast': 0, 'base_price': 7000, 'prices': [7000], 'price': 7000, 'old_price': 0, 'currency': 'RUB', 'payment_amount': 7000, 'extras_variants': [], 'extras': {'22100': {'id': 22100, 'number': 2, 'extra_bed_type_id': 2, 'age': [0, 7], 'extra_bed': 1, 'free': 1}}, 'rate_id': 18577, 'deals': [], 'cancellation_type': 'special', 'credit_card': 1, 'bonus': 350, 'miles': 420, 'min_stay': 1, 'platichastyami': 0, 'mircashback': 700}, {'id': 770759, 'capacity': 1, 'prepayment': 'FULL', 'nonrefundable': 0, 'cancellation_period': 1, 'cancellation_fee': 'FIRST', 'breakfast': 1, 'base_price': 8200, 'prices': [8200], 'price': 8200, 'old_price': 0, 'currency': 'RUB', 'payment_amount': 8200, 'extras_variants': [], 'extras': {'22100': {'id': 22100, 'number': 2, 'extra_bed_type_id': 2, 'age': [0, 7], 'extra_bed': 1, 'free': 1}}, 'rate_id': 18576, 'deals': [], 'cancellation_type': 'special', 'credit_card': 1, 'bonus': 410, 'miles': 492, 'min_stay': 1, 'platichastyami': 0, 'mircashback': 820}, {'id': 770762, 'capacity': 2, 'prepayment': 'FULL', 'nonrefundable': 0, 'cancellation_period': 1, 'cancellation_fee': 'FIRST', 'breakfast': 0, 'base_price': 7000, 'prices': [7000], 'price': 7000, 'old_price': 0, 'currency': 'RUB', 'payment_amount': 7000, 'extras_variants': [], 'extras': {'22100': {'id': 22100, 'number': 2, 'extra_bed_type_id': 2, 'age': [0, 7], 'extra_bed': 1, 'free': 1}}, 'rate_id': 18577, 'deals': [], 'cancellation_type': 'special', 'credit_card': 1, 'bonus': 350, 'miles': 420, 'min_stay': 1, 'platichastyami': 0, 'mircashback': 700}, {'id': 770760, 'capacity': 2, 'prepayment': 'FULL', 'nonrefundable': 0, 'cancellation_period': 1, 'cancellation_fee': 'FIRST', 'breakfast': 1, 'base_price': 8200, 'prices': [8200], 'price': 8200, 'old_price': 0, 'currency': 'RUB', 'payment_amount': 8200, 'extras_variants': [], 'extras': {'22100': {'id': 22100, 'number': 2, 'extra_bed_type_id': 2, 'age': [0, 7], 'extra_bed': 1, 'free': 1}}, 'rate_id': 18576, 'deals': [], 'cancellation_type': 'special', 'credit_card': 1, 'bonus': 410, 'miles': 492, 'min_stay': 1, 'platichastyami': 0, 'mircashback': 820}]",7000.0,420,8802_101hotels,2026-07-31
2271862,,Номер первой категории Стандарт улучшенный Семейный с 1 кроватью,2,3,0,1,Двухместный,2,1,[{'double': 1}],"[{'id': '22101', 'number': '2', 'min_age': '0', 'max_age': '7', 'is_extra_bed': '1', 'extra_bed_type_id': '1'}, {'id': '22102', 'number': '1', 'min_age': '0', 'max_age': '7', 'is_extra_bed': '1', 'extra_bed_type_id': '2'}]","[{'id': 770765, 'capacity': 1, 'prepayment': 'FULL', 'nonrefundable': 0, 'cancellation_period': 1, 'cancellation_fee': 'FIRST', 'breakfast': 0, 'base_price': 7000, 'prices': [7000], 'price': 7000, 'old_price': 0, 'currency': 'RUB', 'payment_amount': 7000, 'extras_variants': [], 'extras': {'22101': {'id': 22101, 'number': 2, 'extra_bed_type_id': 1, 'age': [0, 7], 'extra_bed': 1, 'free': 1}, '22102': {'id': 22102, 'number': 1, 'extra_bed_type_id': 2, 'age': [0, 7], 'extra_bed': 1, 'free': 1}}, 'rate_id': 18577, 'deals': [], 'cancellation_type': 'special', 'credit_card': 1, 'bonus': 350, 'miles': 420, 'min_stay': 1, 'platichastyami': 0, 'mircashback': 700}, {'id': 770763, 'capacity': 1, 'prepayment': 'FULL', 'nonrefundable': 0, 'cancellation_period': 1, 'cancellation_fee': 'FIRST', 'breakfast': 1, 'base_price': 8200, 'prices': [8200], 'price': 8200, 'old_price': 0, 'currency': 'RUB', 'payment_amount': 8200, 'extras_variants': [], 'extras': {'22101': {'id': 22101, 'number': 2, 'extra_bed_type_id': 1, 'age': [0, 7], 'extra_bed': 1, 'free': 1}, '22102': {'id': 22102, 'number': 1, 'extra_bed_type_id': 2, 'age': [0, 7], 'extra_bed': 1, 'free': 1}}, 'rate_id': 18576, 'deals': [], 'cancellation_type': 'special', 'credit_card': 1, 'bonus': 410, 'miles': 492, 'min_stay': 1, 'platichastyami': 0, 'mircashback': 820}, {'id': 770766, 'capacity': 2, 'prepayment': 'FULL', 'nonrefundable': 0, 'cancellation_period': 1, 'cancellation_fee': 'FIRST', 'breakfast': 0, 'base_price': 7000, 'prices': [7000], 'price': 7000, 'old_price': 0, 'currency': 'RUB', 'payment_amount': 7000, 'extras_variants': [], 'extras': {'22101': {'id': 22101, 'number': 2, 'extra_bed_type_id': 1, 'age': [0, 7], 'extra_bed': 1, 'free': 1}, '22102': {'id': 22102, 'number': 1, 'extra_bed_type_id': 2, 'age': [0, 7], 'extra_bed': 1, 'free': 1}}, 'rate_id': 18577, 'deals': [], 'cancellation_type': 'special', 'credit_card': 1, 'bonus': 350, 'miles': 420, 'min_stay': 1, 'platichastyami': 0, 'mircashback': 700}, {'id': 770764, 'capacity': 2, 'prepayment': 'FULL', 'nonrefundable': 0, 'cancellation_period': 1, 'cancellation_fee': 'FIRST', 'breakfast': 1, 'base_price': 8200, 'prices': [8200], 'price': 8200, 'old_price': 0, 'currency': 'RUB', 'payment_amount': 8200, 'extras_variants': [], 'extras': {'22101': {'id': 22101, 'number': 2, 'extra_bed_type_id': 1, 'age': [0, 7], 'extra_bed': 1, 'free': 1}, '22102': {'id': 22102, 'number': 1, 'extra_bed_type_id': 2, 'age': [0, 7], 'extra_bed': 1, 'free': 1}}, 'rate_id': 18576, 'deals': [], 'cancellation_type': 'special', 'credit_card': 1, 'bonus': 410, 'miles': 492, 'min_stay': 1, 'platichastyami': 0, 'mircashback': 820}]",7000.0,420,8802_101hotels,2026-07-31
2271863,,Джуниор Сюит Семейный 2х комнатный,3,2,0,1,Трехместный,37,1,"[{'single': 1, 'double': 1}]","[{'id': '9153', 'number': '2', 'min_age': '0', 'max_age': '7', 'is_extra_bed': '1', 'extra_bed_type_id': '2'}]","[{'id': 770770, 'capacity': 1, 'prepayment': 'FULL', 'nonrefundable': 0, 'cancellation_period': 1, 'cancellation_fee': 'FIRST', 'breakfast': 0, 'base_price': 9000, 'prices': [9000], 'price': 9000, 'old_price': 0, 'currency': 'RUB', 'payment_amount': 9000, 'extras_variants': [], 'extras': {'9153': {'id': 9153, 'number': 2, 'extra_bed_type_id': 2, 'age': [0, 7], 'extra_bed': 1, 'free': 1}}, 'rate_id': 18577, 'deals': [], 'cancellation_type': 'special', 'credit_card': 1, 'bonus': 450, 'miles': 540, 'min_stay': 1, 'platichastyami': 0, 'mircashback': 900}, {'id': 770767, 'capacity': 1, 'prepayment': 'FULL', 'nonrefundable': 0, 'cancellation_period': 1, 'cancellation_fee': 'FIRST', 'breakfast': 1, 'base_price': 10800, 'prices': [10800], 'price': 10800, 'old_price': 0, 'currency': 'RUB', 'payment_amount': 10800, 'extras_variants': [], 'extras': {'9153': {'id': 9153, 'number': 2, 'extra_bed_type_id': 2, 'age': [0, 7], 'extra_bed': 1, 'free': 1}}, 'rate_id': 18576, 'deals': [], 'cancellation_type': 'special', 'credit_card': 1, 'bonus': 540, 'miles': 648, 'min_stay': 1, 'platichastyami': 0, 'mircashback': 1080}, {'id': 770771, 'capacity': 2, 'prepayment': 'FULL', 'nonrefundable': 0, 'cancellation_period': 1, 'cancellation_fee': 'FIRST', 'breakfast': 0, 'base_price': 9000, 'prices': [9000], 'price': 9000, 'old_price': 0, 'currency': 'RUB', 'payment_amount': 9000, 'extras_variants': [], 'extras': {'9153': {'id': 9153, 'number': 2, 'extra_bed_type_id': 2, 'age': [0, 7], 'extra_bed': 1, 'free': 1}}, 'rate_id': 18577, 'deals': [], 'cancellation_type': 'special', 'credit_card': 1, 'bonus': 450, 'miles': 540, 'min_stay': 1, 'platichastyami': 0, 'mircashback': 900}, {'id': 770768, 'capacity': 2, 'prepayment': 'FULL', 'nonrefundable': 0, 'cancellation_period': 1, 'cancellation_fee': 'FIRST', 'breakfast': 1, 'base_price': 10800, 'prices': [10800], 'price': 10800, 'old_price': 0, 'currency': 'RUB', 'payment_amount': 10800, 'extras_variants': [], 'extras': {'9153': {'id': 9153, 'number': 2, 'extra_bed_type_id': 2, 'age': [0, 7], 'extra_bed': 1, 'free': 1}}, 'rate_id': 18576, 'deals': [], 'cancellation_type': 'special', 'credit_card': 1, 'bonus': 540, 'miles': 648, 'min_stay': 1, 'platichastyami': 0, 'mircashback': 1080}, {'id': 770772, 'capacity': 3, 'prepayment': 'FULL', 'nonrefundable': 0, 'cancellation_period': 1, 'cancellation_fee': 'FIRST', 'breakfast': 0, 'base_price': 9000, 'prices': [9000], 'price': 9000, 'old_price': 0, 'currency': 'RUB', 'payment_amount': 9000, 'extras_variants': [], 'extras': {'9153': {'id': 9153, 'number': 2, 'extra_bed_type_id': 2, 'age': [0, 7], 'extra_bed': 1, 'free': 1}}, 'rate_id': 18577, 'deals': [], 'cancellation_type': 'special', 'credit_card': 1, 'bonus': 450, 'miles': 540, 'min_stay': 1, 'platichastyami': 0, 'mircashback': 900}, {'id': 770769, 'capacity': 3, 'prepayment': 'FULL', 'nonrefundable': 0, 'cancellation_period': 1, 'cancellation_fee': 'FIRST', 'breakfast': 1, 'base_price': 10800, 'prices': [10800], 'price': 10800, 'old_price': 0, 'currency': 'RUB', 'payment_amount': 10800, 'extras_variants': [], 'extras': {'9153': {'id': 9153, 'number': 2, 'extra_bed_type_id': 2, 'age': [0, 7], 'extra_bed': 1, 'free': 1}}, 'rate_id': 18576, 'deals': [], 'cancellation_type': 'special', 'credit_card': 1, 'bonus': 540, 'miles': 648, 'min_stay': 1, 'platichastyami': 0, 'mircashback': 1080}]",9000.0,540,8802_101hotels,2026-07-31
2271865,,Джуниор сюит Семейный 1 комнатный,2,2,0,1,Двухместный,2,1,[{'double': 1}],"[{'id': '22097', 'number': '2', 'min_age': '0', 'max_age': '7', 'is_extra_bed': '1', 'extra_bed_type_id': '2'}]","[{'id': 770775, 'capacity': 1, 'prepayment': 'FULL', 'nonrefundable': 0, 'cancellation_period': 1, 'cancellation_fee': 'FIRST', 'breakfast': 0, 'base_price': 9000, 'prices': [9000], 'price': 9000, 'old_price': 0, 'currency': 'RUB', 'payment_amount': 9000, 'extras_variants': [], 'extras': {'22097': {'id': 22097, 'number': 2, 'extra_bed_type_id': 2, 'age': [0, 7], 'extra_bed': 1, 'free': 1}}, 'rate_id': 18577, 'deals': [], 'cancellation_type': 'special', 'credit_card': 1, 'bonus': 450, 'miles': 540, 'min_stay': 1, 'platichastyami': 0, 'mircashback': 900}, {'id': 770773, 'capacity': 1, 'prepayment': 'FULL', 'nonrefundable': 0, 'cancellation_period': 1, 'cancellation_fee': 'FIRST', 'breakfast': 1, 'base_price': 10800, 'prices': [10800], 'price': 10800, 'old_price': 0, 'currency': 'RUB', 'payment_amount': 10800, 'extras_variants': [], 'extras': {'22097': {'id': 22097, 'number': 2, 'extra_bed_type_id': 2, 'age': [0, 7], 'extra_bed': 1, 'free': 1}}, 'rate_id': 18576, 'deals': [], 'cancellation_type': 'special', 'credit_card': 1, 'bonus': 540, 'miles': 648, 'min_stay': 1, 'platichastyami': 0, 'mircashback': 1080}, {'id': 770776, 'capacity': 2, 'prepayment': 'FULL', 'nonrefundable': 0, 'cancellation_period': 1, 'cancellation_fee': 'FIRST', 'breakfast': 0, 'base_price': 9000, 'prices': [9000], 'price': 9000, 'old_price': 0, 'currency': 'RUB', 'payment_amount': 9000, 'extras_variants': [], 'extras': {'22097': {'id': 22097, 'number': 2, 'extra_bed_type_id': 2, 'age': [0, 7], 'extra_bed': 1, 'free': 1}}, 'rate_id': 18577, 'deals': [], 'cancellation_type': 'special', 'credit_card': 1, 'bonus': 450, 'miles': 540, 'min_stay': 1, 'platichastyami': 0, 'mircashback': 900}, {'id': 770774, 'capacity': 2, 'prepayment': 'FULL', 'nonrefundable': 0, 'cancellation_period': 1, 'cancellation_fee': 'FIRST', 'breakfast': 1, 'base_price': 10800, 'prices': [10800], 'price': 10800, 'old_price': 0, 'currency': 'RUB', 'payment_amount': 10800, 'extras_variants': [], 'extras': {'22097': {'id': 22097, 'number': 2, 'extra_bed_type_id': 2, 'age': [0, 7], 'extra_bed': 1, 'free': 1}}, 'rate_id': 18576, 'deals': [], 'cancellation_type': 'special', 'credit_card': 1, 'bonus': 540, 'miles': 648, 'min_stay': 1, 'platichastyami': 0, 'mircashback': 1080}]",9000.0,540,8802_101hotels,2026-07-31
82026,,Номер с одной двуспальной или двумя односпальными кроватями,2,0,0,1,Двухместный,2,13,"[{'single': 2}, {'double': 1}]","[{'id': '38103', 'number': '1', 'min_age': '0', 'max_age': '7', 'is_extra_bed': '0', 'extra_bed_type_id': '0'}]","[{'id': 713678, 'capacity': 1, 'prepayment': 'NO', 'nonrefundable': 0, 'cancellation_period': 0, 'cancellation_fee': 'NO', 'breakfast': 1, 'base_price': 4500, 'prices': [4500], 'price': 4500, 'old_price': 4500, 'currency': 'RUB', 'payment_amount': 0, 'extras_variants': [], 'extras': {'38103': {'id': 38103, 'number': 1, 'extra_bed_type_id': 0, 'age': [0, 7], 'extra_bed': 0, 'free': 1}}, 'rate_id': 29549, 'deals': [], 'cancellation_type': 'free', 'credit_card': 0, 'bonus': 225, 'miles': 270, 'min_stay': 1, 'platichastyami': 0, 'mircashback': 450}, {'id': 713679, 'capacity': 2, 'prepayment': 'NO', 'nonrefundable': 0, 'cancellation_period': 0, 'cancellation_fee': 'NO', 'breakfast': 1, 'base_price': 4500, 'prices': [4500], 'price': 4500, 'old_price': 4500, 'currency': 'RUB', 'payment_amount': 0, 'extras_variants': [], 'extras': {'38103': {'id': 38103, 'number': 1, 'extra_bed_type_id': 0, 'age': [0, 7], 'extra_bed': 0, 'free': 1}}, 'rate_id': 29549, 'deals': [], 'cancellation_type': 'free', 'credit_card': 0, 'bonus': 225, 'miles': 270, 'min_stay': 1, 'platichastyami': 0, 'mircashback': 450}, {'id': '713678P', 'capacity': 1, 'prepayment': 'FULL', 'nonrefundable': 0, 'cancellation_period': 0, 'cancellation_fee': 'NO', 'breakfast': 1, 'base_price': 4500, 'prices': [4500], 'price': 4500, 'old_price': 4500, 'currency': 'RUB', 'payment_amount': 4500, 'extras_variants': [], 'extras': {'38103': {'id': 38103, 'number': 1, 'extra_bed_type_id': 0, 'age': [0, 7], 'extra_bed': 0, 'free': 1}}, 'rate_id': 29549, 'deals': [], 'cancellation_type': 'free', 'credit_card': 0, 'bonus': 225, 'miles': 270, 'min_stay': 1, 'platichastyami': 0, 'mircashback': 450}, {'id': '713679P', 'capacity': 2, 'prepayment': 'FULL', 'nonrefundable': 0, 'cancellation_period': 0, 'cancellation_fee': 'NO', 'breakfast': 1, 'base_price': 4500, 'prices': [4500], 'price': 4500, 'old_price': 4500, 'currency': 'RUB', 'payment_amount': 4500, 'extras_variants': [], 'extras': {'38103': {'id': 38103, 'number': 1, 'extra_bed_type_id': 0, 'age': [0, 7], 'extra_bed': 0, 'free': 1}}, 'rate_id': 29549, 'deals': [], 'cancellation_type': 'free', 'credit_card': 0, 'bonus': 225, 'miles': 270, 'min_stay': 1, 'platichastyami': 0, 'mircashback': 450}]",4500.0,270,16033_101hotels,2026-07-31
82028,,,3,0,0,1,Трехместный,37,2,[{'single': 3}],[],"[{'id': 713682, 'capacity': 1, 'prepayment': 'NO', 'nonrefundable': 0, 'cancellation_period': 0, 'cancellation_fee': 'NO', 'breakfast': 1, 'base_price': 5000, 'prices': [5000], 'price': 5000, 'old_price': 5000, 'currency': 'RUB', 'payment_amount': 0, 'extras_variants': [], 'extras': [], 'rate_id': 29549, 'deals': [], 'cancellation_type': 'free', 'credit_card': 0, 'bonus': 250, 'miles': 300, 'min_stay': 1, 'platichastyami': 0, 'mircashback': 500}, {'id': 713683, 'capacity': 2, 'prepayment': 'NO', 'nonrefundable': 0, 'cancellation_period': 0, 'cancellation_fee': 'NO', 'breakfast': 1, 'base_price': 5000, 'prices': [5000], 'price': 5000, 'old_price': 5000, 'currency': 'RUB', 'payment_amount': 0, 'extras_variants': [], 'extras': [], 'rate_id': 29549, 'deals': [], 'cancellation_type': 'free', 'credit_card': 0, 'bonus': 250, 'miles': 300, 'min_stay': 1, 'platichastyami': 0, 'mircashback': 500}, {'id': 713684, 'capacity': 3, 'prepayment': 'NO', 'nonrefundable': 0, 'cancellation_period': 0, 'cancellation_fee': 'NO', 'breakfast': 1, 'base_price': 5000, 'prices': [5000], 'price': 5000, 'old_price': 5000, 'currency': 'RUB', 'payment_amount': 0, 'extras_variants': [], 'extras': [], 'rate_id': 29549, 'deals': [], 'cancellation_type': 'free', 'credit_card': 0, 'bonus': 250, 'miles': 300, 'min_stay': 1, 'platichastyami': 0, 'mircashback': 500}, {'id': '713682P', 'capacity': 1, 'prepayment': 'FULL', 'nonrefundable': 0, 'cancellation_period': 0, 'cancellation_fee': 'NO', 'breakfast': 1, 'base_price': 5000, 'prices': [5000], 'price': 5000, 'old_price': 5000, 'currency': 'RUB', 'payment_amount': 5000, 'extras_variants': [], 'extras': [], 'rate_id': 29549, 'deals': [], 'cancellation_type': 'free', 'credit_card': 0, 'bonus': 250, 'miles': 300, 'min_stay': 1, 'platichastyami': 0, 'mircashback': 500}, {'id': '713683P', 'capacity': 2, 'prepayment': 'FULL', 'nonrefundable': 0, 'cancellation_period': 0, 'cancellation_fee': 'NO', 'breakfast': 1, 'base_price': 5000, 'prices': [5000], 'price': 5000, 'old_price': 5000, 'currency': 'RUB', 'payment_amount': 5000, 'extras_variants': [], 'extras': [], 'rate_id': 29549, 'deals': [], 'cancellation_type': 'free', 'credit_card': 0, 'bonus': 250, 'miles': 300, 'min_stay': 1, 'platichastyami': 0, 'mircashback': 500}, {'id': '713684P', 'capacity': 3, 'prepayment': 'FULL', 'nonrefundable': 0, 'cancellation_period': 0, 'cancellation_fee': 'NO', 'breakfast': 1, 'base_price': 5000, 'prices': [5000], 'price': 5000, 'old_price': 5000, 'currency': 'RUB', 'payment_amount': 5000, 'extras_variants': [], 'extras': [], 'rate_id': 29549, 'deals': [], 'cancellation_type': 'free', 'credit_card': 0, 'bonus': 250, 'miles': 300, 'min_stay': 1, 'platichastyami': 0, 'mircashback': 500}]",5000.0,300,16033_101hotels,2026-07-31
1336373,,Стандарт,1,0,0,1,Одноместный,1,1,[{'single': 1}],[],"[{'id': 594733, 'capacity': 1, 'prepayment': 'NO', 'nonrefundable': 0, 'cancellation_period': 0, 'cancellation_fee': 'NO', 'breakfast': 0, 'base_price': 5200, 'prices': [5200], 'price': 5200, 'old_price': 5200, 'currency': 'RUB', 'payment_amount': 0, 'extras_variants': [], 'extras': [], 'rate_id': 20742, 'deals': [], 'cancellation_type': 'free', 'credit_card': 0, 'bonus': 260, 'miles': 312, 'min_stay': 1, 'platichastyami': 0, 'mircashback': 520}, {'id': 594724, 'capacity': 1, 'prepayment': 'NO', 'nonrefundable': 0, 'cancellation_period': 0, 'cancellation_fee': 'NO', 'breakfast': 6, 'base_price': 6200, 'prices': [6200], 'price': 6200, 'old_price': 6200, 'currency': 'RUB', 'payment_amount': 0, 'extras_variants': [], 'extras': [], 'rate_id': 20741, 'deals': [], 'cancellation_type': 'free', 'credit_card': 0, 'bonus': 310, 'miles': 372, 'min_stay': 1, 'platichastyami': 0, 'mircashback': 620}, {'id': '594733P', 'capacity': 1, 'prepayment': 'FULL', 'nonrefundable': 0, 'cancellation_period': 0, 'cancellation_fee': 'NO', 'breakfast': 0, 'base_price': 5200, 'prices': [5200], 'price': 5200, 'old_price': 5200, 'currency': 'RUB', 'payment_amount': 5200, 'extras_variants': [], 'extras': [], 'rate_id': 20742, 'deals': [], 'cancellation_type': 'free', 'credit_card': 0, 'bonus': 260, 'miles': 312, 'min_stay': 1, 'platichastyami': 0, 'mircashback': 520}, {'id': '594724P', 'capacity': 1, 'prepayment': 'FULL', 'nonrefundable': 0, 'cancellation_period': 0, 'cancellation_fee': 'NO', 'breakfast': 6, 'base_price': 6200, 'prices': [6200], 'price': 6200, 'old_price': 6200, 'currency': 'RUB', 'payment_amount': 6200, 'extras_variants': [], 'extras': [], 'rate_id': 20741, 'deals': [], 'cancellation_type': 'free', 'credit_card': 0, 'bonus': 310, 'miles': 372, 'min_stay': 1, 'platichastyami': 0, 'mircashback': 620}]",5200.0,312,421457_101hotels,2026-07-31
1336377,,"Стандарт с 1 двуспальной, или 2 раздельными кроватями",2,1,0,1,Двухместный,2,17,"[{'single': 2}, {'double': 1}]","[{'id': '50018', 'number': '1', 'min_age': '0', 'max_age': '6', 'is_extra_bed': '0', 'extra_bed_type_id': '0'}]","[{'id': 594734, 'capacity': 1, 'prepayment': 'NO', 'nonrefundable': 0, 'cancellation_period': 0, 'cancellation_fee': 'NO', 'breakfast': 0, 'base_price': 5200, 'prices': [5200], 'price': 5200, 'old_price': 5200, 'currency': 'RUB', 'payment_amount': 0, 'extras_variants': [], 'extras': {'50018': {'id': 50018, 'number': 1, 'extra_bed_type_id': 0, 'age': [0, 6], 'extra_bed': 0, 'free': 1}}, 'rate_id': 20742, 'deals': [], 'cancellation_type': 'free', 'credit_card': 0, 'bonus': 260, 'miles': 312, 'min_stay': 1, 'platichastyami': 0, 'mircashback': 520}, {'id': 594725, 'capacity': 1, 'prepayment': 'NO', 'nonrefundable': 0, 'cancellation_period': 0, 'cancellation_fee': 'NO', 'breakfast': 6, 'base_price': 6200, 'prices': [6200], 'price': 6200, 'old_price': 6200, 'currency': 'RUB', 'payment_amount': 0, 'extras_variants': [], 'extras': {'50018': {'id': 50018, 'number': 1, 'extra_bed_type_id': 0, 'age': [0, 6], 'extra_bed': 0, 'free': 1}}, 'rate_id': 20741, 'deals': [], 'cancellation_type': 'free', 'credit_card': 0, 'bonus': 310, 'miles': 372, 'min_stay': 1, 'platichastyami': 0, 'mircashback': 620}, {'id': 594735, 'capacity': 2, 'prepayment': 'NO', 'nonrefundable': 0, 'cancellation_period': 0, 'cancellation_fee': 'NO', 'breakfast': 0, 'base_price': 6000, 'prices': [6000], 'price': 6000, 'old_price': 6000, 'currency': 'RUB', 'payment_amount': 0, 'extras_variants': [], 'extras': {'50018': {'id': 50018, 'number': 1, 'extra_bed_type_id': 0, 'age': [0, 6], 'extra_bed': 0, 'free': 1}}, 'rate_id': 20742, 'deals': [], 'cancellation_type': 'free', 'credit_card': 0, 'bonus': 300, 'miles': 360, 'min_stay': 1, 'platichastyami': 0, 'mircashback': 600}, {'id': 594726, 'capacity': 2, 'prepayment': 'NO', 'nonrefundable': 0, 'cancellation_period': 0, 'cancellation_fee': 'NO', 'breakfast': 6, 'base_price': 7600, 'prices': [7600], 'price': 7600, 'old_price': 7600, 'currency': 'RUB', 'payment_amount': 0, 'extras_variants': [], 'extras': {'50018': {'id': 50018, 'number': 1, 'extra_bed_type_id': 0, 'age': [0, 6], 'extra_bed': 0, 'free': 1}}, 'rate_id': 20741, 'deals': [], 'cancellation_type': 'free', 'credit_card': 0, 'bonus': 380, 'miles': 456, 'min_stay': 1, 'platichastyami': 0, 'mircashback': 760}, {'id': '594734P', 'capacity': 1, 'prepayment': 'FULL', 'nonrefundable': 0, 'cancellation_period': 0, 'cancellation_fee': 'NO', 'breakfast': 0, 'base_price': 5200, 'prices': [5200], 'price': 5200, 'old_price': 5200, 'currency': 'RUB', 'payment_amount': 5200, 'extras_variants': [], 'extras': {'50018': {'id': 50018, 'number': 1, 'extra_bed_type_id': 0, 'age': [0, 6], 'extra_bed': 0, 'free': 1}}, 'rate_id': 20742, 'deals': [], 'cancellation_type': 'free', 'credit_card': 0, 'bonus': 260, 'miles': 312, 'min_stay': 1, 'platichastyami': 0, 'mircashback': 520}, {'id': '594725P', 'capacity': 1, 'prepayment': 'FULL', 'nonrefundable': 0, 'cancellation_period': 0, 'cancellation_fee': 'NO', 'breakfast': 6, 'base_price': 6200, 'prices': [6200], 'price': 6200, 'old_price': 6200, 'currency': 'RUB', 'payment_amount': 6200, 'extras_variants': [], 'extras': {'50018': {'id': 50018, 'number': 1, 'extra_bed_type_id': 0, 'age': [0, 6], 'extra_bed': 0, 'free': 1}}, 'rate_id': 20741, 'deals': [], 'cancellation_type': 'free', 'credit_card': 0, 'bonus': 310, 'miles': 372, 'min_stay': 1, 'platichastyami': 0, 'mircashback': 620}, {'id': '594735P', 'capacity': 2, 'prepayment': 'FULL', 'nonrefundable': 0, 'cancellation_period': 0, 'cancellation_fee': 'NO', 'breakfast': 0, 'base_price': 6000, 'prices': [6000], 'price': 6000, 'old_price': 6000, 'currency': 'RUB', 'payment_amount': 6000, 'extras_variants': [], 'extras': {'50018': {'id': 50018, 'number': 1, 'extra_bed_type_id': 0, 'age': [0, 6], 'extra_bed': 0, 'free': 1}}, 'rate_id': 20742, 'deals': [], 'cancellation_type': 'free', 'credit_card': 0, 'bonus': 300, 'miles': 360, 'min_stay': 1, 'platichastyami': 0, 'mircashback': 600}, {'id': '594726P', 'capacity': 2, 'prepayment': 'FULL', 'nonrefundable': 0, 'cancellation_period': 0, 'cancellation_fee': 'NO', 'breakfast': 6, 'base_price': 7600, 'prices': [7600], 'price': 7600, 'old_price': 7600, 'currency': 'RUB', 'payment_amount': 7600, 'extras_variants': [], 'extras': {'50018': {'id': 50018, 'number': 1, 'extra_bed_type_id': 0, 'age': [0, 6], 'extra_bed': 0, 'free': 1}}, 'rate_id': 20741, 'deals': [], 'cancellation_type': 'free', 'credit_card': 0, 'bonus': 380, 'miles': 456, 'min_stay': 1, 'platichastyami': 0, 'mircashback': 760}]",5200.0,312,421457_101hotels,2026-07-31
1336388,,Стандарт для людей с ограниченными возможностями,2,1,0,1,Двухместный,2,1,"[{'single': 2}, {'double': 1}]","[{'id': '50506', 'number': '1', 'min_age': '0', 'max_age': '6', 'is_extra_bed': '0', 'extra_bed_type_id': '0'}, {'id': '50507', 'number': '1', 'min_age': '0', 'max_age': '12', 'is_extra_bed': '1', 'extra_bed_type_id': '3'}]","[{'id': 594736, 'capacity': 1, 'prepayment': 'NO', 'nonrefundable': 0, 'cancellation_period': 0, 'cancellation_fee': 'NO', 'breakfast': 0, 'base_price': 6300, 'prices': [6300], 'price': 6300, 'old_price': 6300, 'currency': 'RUB', 'payment_amount': 0, 'extras_variants': [], 'extras': {'50506': {'id': 50506, 'number': 1, 'extra_bed_type_id': 0, 'age': [0, 6], 'extra_bed': 0, 'free': 1}, '50507': {'id': 50507, 'number': 1, 'extra_bed_type_id': 3, 'age': [0, 12], 'extra_bed': 1, 'free': 1}}, 'rate_id': 20742, 'deals': [], 'cancellation_type': 'free', 'credit_card': 0, 'bonus': 315, 'miles': 378, 'min_stay': 1, 'platichastyami': 0, 'mircashback': 630}, {'id': 594727, 'capacity': 1, 'prepayment': 'NO', 'nonrefundable': 0, 'cancellation_period': 0, 'cancellation_fee': 'NO', 'breakfast': 6, 'base_price': 7000, 'prices': [7000], 'price': 7000, 'old_price': 7000, 'currency': 'RUB', 'payment_amount': 0, 'extras_variants': [], 'extras': {'50506': {'id': 50506, 'number': 1, 'extra_bed_type_id': 0, 'age': [0, 6], 'extra_bed': 0, 'free': 1}, '50507': {'id': 50507, 'number': 1, 'extra_bed_type_id': 3, 'age': [0, 12], 'extra_bed': 1, 'free': 1}}, 'rate_id': 20741, 'deals': [], 'cancellation_type': 'free', 'credit_card': 0, 'bonus': 350, 'miles': 420, 'min_stay': 1, 'platichastyami': 0, 'mircashback': 700}, {'id': 594737, 'capacity': 2, 'prepayment': 'NO', 'nonrefundable': 0, 'cancellation_period': 0, 'cancellation_fee': 'NO', 'breakfast': 0, 'base_price': 7500, 'prices': [7500], 'price': 7500, 'old_price': 7500, 'currency': 'RUB', 'payment_amount': 0, 'extras_variants': [], 'extras': {'50506': {'id': 50506, 'number': 1, 'extra_bed_type_id': 0, 'age': [0, 6], 'extra_bed': 0, 'free': 1}, '50507': {'id': 50507, 'number': 1, 'extra_bed_type_id': 3, 'age': [0, 12], 'extra_bed': 1, 'free': 1}}, 'rate_id': 20742, 'deals': [], 'cancellation_type': 'free', 'credit_card': 0, 'bonus': 375, 'miles': 450, 'min_stay': 1, 'platichastyami': 0, 'mircashback': 750}, {'id': 594728, 'capacity': 2, 'prepayment': 'NO', 'nonrefundable': 0, 'cancellation_period': 0, 'cancellation_fee': 'NO', 'breakfast': 6, 'base_price': 8400, 'prices': [8400], 'price': 8400, 'old_price': 8400, 'currency': 'RUB', 'payment_amount': 0, 'extras_variants': [], 'extras': {'50506': {'id': 50506, 'number': 1, 'extra_bed_type_id': 0, 'age': [0, 6], 'extra_bed': 0, 'free': 1}, '50507': {'id': 50507, 'number': 1, 'extra_bed_type_id': 3, 'age': [0, 12], 'extra_bed': 1, 'free': 1}}, 'rate_id': 20741, 'deals': [], 'cancellation_type': 'free', 'credit_card': 0, 'bonus': 420, 'miles': 504, 'min_stay': 1, 'platichastyami': 0, 'mircashback': 840}, {'id': '594736P', 'capacity': 1, 'prepayment': 'FULL', 'nonrefundable': 0, 'cancellation_period': 0, 'cancellation_fee': 'NO', 'breakfast': 0, 'base_price': 6300, 'prices': [6300], 'price': 6300, 'old_price': 6300, 'currency': 'RUB', 'payment_amount': 6300, 'extras_variants': [], 'extras': {'50506': {'id': 50506, 'number': 1, 'extra_bed_type_id': 0, 'age': [0, 6], 'extra_bed': 0, 'free': 1}, '50507': {'id': 50507, 'number': 1, 'extra_bed_type_id': 3, 'age': [0, 12], 'extra_bed': 1, 'free': 1}}, 'rate_id': 20742, 'deals': [], 'cancellation_type': 'free', 'credit_card': 0, 'bonus': 315, 'miles': 378, 'min_stay': 1, 'platichastyami': 0, 'mircashback': 630}, {'id': '594727P', 'capacity': 1, 'prepayment': 'FULL', 'nonrefundable': 0, 'cancellation_period': 0, 'cancellation_fee': 'NO', 'breakfast': 6, 'base_price': 7000, 'prices': [7000], 'price': 7000, 'old_price': 7000, 'currency': 'RUB', 'payment_amount': 7000, 'extras_variants': [], 'extras': {'50506': {'id': 50506, 'number': 1, 'extra_bed_type_id': 0, 'age': [0, 6], 'extra_bed': 0, 'free': 1}, '50507': {'id': 50507, 'number': 1, 'extra_bed_type_id': 3, 'age': [0, 12], 'extra_bed': 1, 'free': 1}}, 'rate_id': 20741, 'deals': [], 'cancellation_type': 'free', 'credit_card': 0, 'bonus': 350, 'miles': 420, 'min_stay': 1, 'platichastyami': 0, 'mircashback': 700}, {'id': '594737P', 'capacity': 2, 'prepayment': 'FULL', 'nonrefundable': 0, 'cancellation_period': 0, 'cancellation_fee': 'NO', 'breakfast': 0, 'base_price': 7500, 'prices': [7500], 'price': 7500, 'old_price': 7500, 'currency': 'RUB', 'payment_amount': 7500, 'extras_variants': [], 'extras': {'50506': {'id': 50506, 'number': 1, 'extra_bed_type_id': 0, 'age': [0, 6], 'extra_bed': 0, 'free': 1}, '50507': {'id': 50507, 'number': 1, 'extra_bed_type_id': 3, 'age': [0, 12], 'extra_bed': 1, 'free': 1}}, 'rate_id': 20742, 'deals': [], 'cancellation_type': 'free', 'credit_card': 0, 'bonus': 375, 'miles': 450, 'min_stay': 1, 'platichastyami': 0, 'mircashback': 750}, {'id': '594728P', 'capacity': 2, 'prepayment': 'FULL', 'nonrefundable': 0, 'cancellation_period': 0, 'cancellation_fee': 'NO', 'breakfast': 6, 'base_price': 8400, 'prices': [8400], 'price': 8400, 'old_price': 8400, 'currency': 'RUB', 'payment_amount': 8400, 'extras_variants': [], 'extras': {'50506': {'id': 50506, 'number': 1, 'extra_bed_type_id': 0, 'age': [0, 6], 'extra_bed': 0, 'free': 1}, '50507': {'id': 50507, 'number': 1, 'extra_bed_type_id': 3, 'age': [0, 12], 'extra_bed': 1, 'free': 1}}, 'rate_id': 20741, 'deals': [], 'cancellation_type': 'free', 'credit_card': 0, 'bonus': 420, 'miles': 504, 'min_stay': 1, 'platichastyami': 0, 'mircashback': 840}]",6300.0,378,421457_101hotels,2026-07-31
1336395,,Полулюкс,2,1,0,1,Двухместный,2,6,"[{'single': 2}, {'double': 1}]","[{'id': '50508', 'number': '1', 'min_age': '0', 'max_age': '12', 'is_extra_bed': '1', 'extra_bed_type_id': '3'}, {'id': '50509', 'number': '1', 'min_age': '0', 'max_age': '6', 'is_extra_bed': '0', 'extra_bed_type_id': '0'}]","[{'id': 594738, 'capacity': 1, 'prepayment': 'NO', 'nonrefundable': 0, 'cancellation_period': 0, 'cancellation_fee': 'NO', 'breakfast': 0, 'base_price': 6300, 'prices': [6300], 'price': 6300, 'old_price': 6300, 'currency': 'RUB', 'payment_amount': 0, 'extras_variants': [], 'extras': {'50508': {'id': 50508, 'number': 1, 'extra_bed_type_id': 3, 'age': [0, 12], 'extra_bed': 1, 'free': 1}, '50509': {'id': 50509, 'number': 1, 'extra_bed_type_id': 0, 'age': [0, 6], 'extra_bed': 0, 'free': 1}}, 'rate_id': 20742, 'deals': [], 'cancellation_type': 'free', 'credit_card': 0, 'bonus': 315, 'miles': 378, 'min_stay': 1, 'platichastyami': 0, 'mircashback': 630}, {'id': 594729, 'capacity': 1, 'prepayment': 'NO', 'nonrefundable': 0, 'cancellation_period': 0, 'cancellation_fee': 'NO', 'breakfast': 6, 'base_price': 7000, 'prices': [7000], 'price': 7000, 'old_price': 7000, 'currency': 'RUB', 'payment_amount': 0, 'extras_variants': [], 'extras': {'50508': {'id': 50508, 'number': 1, 'extra_bed_type_id': 3, 'age': [0, 12], 'extra_bed': 1, 'free': 1}, '50509': {'id': 50509, 'number': 1, 'extra_bed_type_id': 0, 'age': [0, 6], 'extra_bed': 0, 'free': 1}}, 'rate_id': 20741, 'deals': [], 'cancellation_type': 'free', 'credit_card': 0, 'bonus': 350, 'miles': 420, 'min_stay': 1, 'platichastyami': 0, 'mircashback': 700}, {'id': 594739, 'capacity': 2, 'prepayment': 'NO', 'nonrefundable': 0, 'cancellation_period': 0, 'cancellation_fee': 'NO', 'breakfast': 0, 'base_price': 7500, 'prices': [7500], 'price': 7500, 'old_price': 7500, 'currency': 'RUB', 'payment_amount': 0, 'extras_variants': [], 'extras': {'50508': {'id': 50508, 'number': 1, 'extra_bed_type_id': 3, 'age': [0, 12], 'extra_bed': 1, 'free': 1}, '50509': {'id': 50509, 'number': 1, 'extra_bed_type_id': 0, 'age': [0, 6], 'extra_bed': 0, 'free': 1}}, 'rate_id': 20742, 'deals': [], 'cancellation_type': 'free', 'credit_card': 0, 'bonus': 375, 'miles': 450, 'min_stay': 1, 'platichastyami': 0, 'mircashback': 750}, {'id': 594730, 'capacity': 2, 'prepayment': 'NO', 'nonrefundable': 0, 'cancellation_period': 0, 'cancellation_fee': 'NO', 'breakfast': 6, 'base_price': 8400, 'prices': [8400], 'price': 8400, 'old_price': 8400, 'currency': 'RUB', 'payment_amount': 0, 'extras_variants': [], 'extras': {'50508': {'id': 50508, 'number': 1, 'extra_bed_type_id': 3, 'age': [0, 12], 'extra_bed': 1, 'free': 1}, '50509': {'id': 50509, 'number': 1, 'extra_bed_type_id': 0, 'age': [0, 6], 'extra_bed': 0, 'free': 1}}, 'rate_id': 20741, 'deals': [], 'cancellation_type': 'free', 'credit_card': 0, 'bonus': 420, 'miles': 504, 'min_stay': 1, 'platichastyami': 0, 'mircashback': 840}, {'id': '594738P', 'capacity': 1, 'prepayment': 'FULL', 'nonrefundable': 0, 'cancellation_period': 0, 'cancellation_fee': 'NO', 'breakfast': 0, 'base_price': 6300, 'prices': [6300], 'price': 6300, 'old_price': 6300, 'currency': 'RUB', 'payment_amount': 6300, 'extras_variants': [], 'extras': {'50508': {'id': 50508, 'number': 1, 'extra_bed_type_id': 3, 'age': [0, 12], 'extra_bed': 1, 'free': 1}, '50509': {'id': 50509, 'number': 1, 'extra_bed_type_id': 0, 'age': [0, 6], 'extra_bed': 0, 'free': 1}}, 'rate_id': 20742, 'deals': [], 'cancellation_type': 'free', 'credit_card': 0, 'bonus': 315, 'miles': 378, 'min_stay': 1, 'platichastyami': 0, 'mircashback': 630}, {'id': '594729P', 'capacity': 1, 'prepayment': 'FULL', 'nonrefundable': 0, 'cancellation_period': 0, 'cancellation_fee': 'NO', 'breakfast': 6, 'base_price': 7000, 'prices': [7000], 'price': 7000, 'old_price': 7000, 'currency': 'RUB', 'payment_amount': 7000, 'extras_variants': [], 'extras': {'50508': {'id': 50508, 'number': 1, 'extra_bed_type_id': 3, 'age': [0, 12], 'extra_bed': 1, 'free': 1}, '50509': {'id': 50509, 'number': 1, 'extra_bed_type_id': 0, 'age': [0, 6], 'extra_bed': 0, 'free': 1}}, 'rate_id': 20741, 'deals': [], 'cancellation_type': 'free', 'credit_card': 0, 'bonus': 350, 'miles': 420, 'min_stay': 1, 'platichastyami': 0, 'mircashback': 700}, {'id': '594739P', 'capacity': 2, 'prepayment': 'FULL', 'nonrefundable': 0, 'cancellation_period': 0, 'cancellation_fee': 'NO', 'breakfast': 0, 'base_price': 7500, 'prices': [7500], 'price': 7500, 'old_price': 7500, 'currency': 'RUB', 'payment_amount': 7500, 'extras_variants': [], 'extras': {'50508': {'id': 50508, 'number': 1, 'extra_bed_type_id': 3, 'age': [0, 12], 'extra_bed': 1, 'free': 1}, '50509': {'id': 50509, 'number': 1, 'extra_bed_type_id': 0, 'age': [0, 6], 'extra_bed': 0, 'free': 1}}, 'rate_id': 20742, 'deals': [], 'cancellation_type': 'free', 'credit_card': 0, 'bonus': 375, 'miles': 450, 'min_stay': 1, 'platichastyami': 0, 'mircashback': 750}, {'id': '594730P', 'capacity': 2, 'prepayment': 'FULL', 'nonrefundable': 0, 'cancellation_period': 0, 'cancellation_fee': 'NO', 'breakfast': 6, 'base_price': 8400, 'prices': [8400], 'price': 8400, 'old_price': 8400, 'currency': 'RUB', 'payment_amount': 8400, 'extras_variants': [], 'extras': {'50508': {'id': 50508, 'number': 1, 'extra_bed_type_id': 3, 'age': [0, 12], 'extra_bed': 1, 'free': 1}, '50509': {'id': 50509, 'number': 1, 'extra_bed_type_id': 0, 'age': [0, 6], 'extra_bed': 0, 'free': 1}}, 'rate_id': 20741, 'deals': [], 'cancellation_type': 'free', 'credit_card': 0, 'bonus': 420, 'miles': 504, 'min_stay': 1, 'platichastyami': 0, 'mircashback': 840}]",6300.0,378,421457_101hotels,2026-07-31
1336396,,Люкс,2,1,0,1,Двухместный,2,1,"[{'single': 2}, {'double': 1}]","[{'id': '29395', 'number': '1', 'min_age': '0', 'max_age': '6', 'is_extra_bed': '0', 'extra_bed_type_id': '0'}]","[{'id': 594731, 'capacity': 1, 'prepayment': 'NO', 'nonrefundable': 0, 'cancellation_period': 0, 'cancellation_fee': 'NO', 'breakfast': 6, 'base_price': 11000, 'prices': [11000], 'price': 11000, 'old_price': 11000, 'currency': 'RUB', 'payment_amount': 0, 'extras_variants': [], 'extras': {'29395': {'id': 29395, 'number': 1, 'extra_bed_type_id': 0, 'age': [0, 6], 'extra_bed': 0, 'free': 1}}, 'rate_id': 20741, 'deals': [], 'cancellation_type': 'free', 'credit_card': 0, 'bonus': 550, 'miles': 660, 'min_stay': 1, 'platichastyami': 0, 'mircashback': 1100}, {'id': 594732, 'capacity': 2, 'prepayment': 'NO', 'nonrefundable': 0, 'cancellation_period': 0, 'cancellation_fee': 'NO', 'breakfast': 6, 'base_price': 12400, 'prices': [12400], 'price': 12400, 'old_price': 12400, 'currency': 'RUB', 'payment_amount': 0, 'extras_variants': [], 'extras': {'29395': {'id': 29395, 'number': 1, 'extra_bed_type_id': 0, 'age': [0, 6], 'extra_bed': 0, 'free': 1}}, 'rate_id': 20741, 'deals': [], 'cancellation_type': 'free', 'credit_card': 0, 'bonus': 620, 'miles': 744, 'min_stay': 1, 'platichastyami': 0, 'mircashback': 1240}, {'id': '594731P', 'capacity': 1, 'prepayment': 'FULL', 'nonrefundable': 0, 'cancellation_period': 0, 'cancellation_fee': 'NO', 'breakfast': 6, 'base_price': 11000, 'prices': [11000], 'price': 11000, 'old_price': 11000, 'currency': 'RUB', 'payment_amount': 11000, 'extras_variants': [], 'extras': {'29395': {'id': 29395, 'number': 1, 'extra_bed_type_id': 0, 'age': [0, 6], 'extra_bed': 0, 'free': 1}}, 'rate_id': 20741, 'deals': [], 'cancellation_type': 'free', 'credit_card': 0, 'bonus': 550, 'miles': 660, 'min_stay': 1, 'platichastyami': 0, 'mircashback': 1100}, {'id': '594732P', 'capacity': 2, 'prepayment': 'FULL', 'nonrefundable': 0, 'cancellation_period': 0, 'cancellation_fee': 'NO', 'breakfast': 6, 'base_price': 12400, 'prices': [12400], 'price': 12400, 'old_price': 12400, 'currency': 'RUB', 'payment_amount': 12400, 'extras_variants': [], 'extras': {'29395': {'id': 29395, 'number': 1, 'extra_bed_type_id': 0, 'age': [0, 6], 'extra_bed': 0, 'free': 1}}, 'rate_id': 20741, 'deals': [], 'cancellation_type': 'free', 'credit_card': 0, 'bonus': 620, 'miles': 744, 'min_stay': 1, 'platichastyami': 0, 'mircashback': 1240}]",11000.0,660,421457_101hotels,2026-07-31
2308950,,Семейный,2,1,0,1,Номер,45,1,"[{'single': 2}, {'double': 1}]","[{'id': '50504', 'number': '1', 'min_age': '0', 'max_age': '12', 'is_extra_bed': '1', 'extra_bed_type_id': '3'}, {'id': '50505', 'number': '1', 'min_age': '0', 'max_age': '6', 'is_extra_bed': '0', 'extra_bed_type_id': '0'}]","[{'id': 1117298, 'capacity': 1, 'prepayment': 'NO', 'nonrefundable': 0, 'cancellation_period': 0, 'cancellation_fee': 'NO', 'breakfast': 0, 'base_price': 6300, 'prices': [6300], 'price': 6300, 'old_price': 6300, 'currency': 'RUB', 'payment_amount': 0, 'extras_variants': [], 'extras': {'50504': {'id': 50504, 'number': 1, 'extra_bed_type_id': 3, 'age': [0, 12], 'extra_bed': 1, 'free': 1}, '50505': {'id': 50505, 'number': 1, 'extra_bed_type_id': 0, 'age': [0, 6], 'extra_bed': 0, 'free': 1}}, 'rate_id': 20742, 'deals': [], 'cancellation_type': 'free', 'credit_card': 0, 'bonus': 315, 'miles': 378, 'min_stay': 1, 'platichastyami': 0, 'mircashback': 630}, {'id': 1117300, 'capacity': 1, 'prepayment': 'NO', 'nonrefundable': 0, 'cancellation_period': 0, 'cancellation_fee': 'NO', 'breakfast': 6, 'base_price': 7000, 'prices': [7000], 'price': 7000, 'old_price': 7000, 'currency': 'RUB', 'payment_amount': 0, 'extras_variants': [], 'extras': {'50504': {'id': 50504, 'number': 1, 'extra_bed_type_id': 3, 'age': [0, 12], 'extra_bed': 1, 'free': 1}, '50505': {'id': 50505, 'number': 1, 'extra_bed_type_id': 0, 'age': [0, 6], 'extra_bed': 0, 'free': 1}}, 'rate_id': 20741, 'deals': [], 'cancellation_type': 'free', 'credit_card': 0, 'bonus': 350, 'miles': 420, 'min_stay': 1, 'platichastyami': 0, 'mircashback': 700}, {'id': 1117299, 'capacity': 2, 'prepayment': 'NO', 'nonrefundable': 0, 'cancellation_period': 0, 'cancellation_fee': 'NO', 'breakfast': 0, 'base_price': 7500, 'prices': [7500], 'price': 7500, 'old_price': 7500, 'currency': 'RUB', 'payment_amount': 0, 'extras_variants': [], 'extras': {'50504': {'id': 50504, 'number': 1, 'extra_bed_type_id': 3, 'age': [0, 12], 'extra_bed': 1, 'free': 1}, '50505': {'id': 50505, 'number': 1, 'extra_bed_type_id': 0, 'age': [0, 6], 'extra_bed': 0, 'free': 1}}, 'rate_id': 20742, 'deals': [], 'cancellation_type': 'free', 'credit_card': 0, 'bonus': 375, 'miles': 450, 'min_stay': 1, 'platichastyami': 0, 'mircashback': 750}, {'id': 1117301, 'capacity': 2, 'prepayment': 'NO', 'nonrefundable': 0, 'cancellation_period': 0, 'cancellation_fee': 'NO', 'breakfast': 6, 'base_price': 8400, 'prices': [8400], 'price': 8400, 'old_price': 8400, 'currency': 'RUB', 'payment_amount': 0, 'extras_variants': [], 'extras': {'50504': {'id': 50504, 'number': 1, 'extra_bed_type_id': 3, 'age': [0, 12], 'extra_bed': 1, 'free': 1}, '50505': {'id': 50505, 'number': 1, 'extra_bed_type_id': 0, 'age': [0, 6], 'extra_bed': 0, 'free': 1}}, 'rate_id': 20741, 'deals': [], 'cancellation_type': 'free', 'credit_card': 0, 'bonus': 420, 'miles': 504, 'min_stay': 1, 'platichastyami': 0, 'mircashback': 840}, {'id': '1117298P', 'capacity': 1, 'prepayment': 'FULL', 'nonrefundable': 0, 'cancellation_period': 0, 'cancellation_fee': 'NO', 'breakfast': 0, 'base_price': 6300, 'prices': [6300], 'price': 6300, 'old_price': 6300, 'currency': 'RUB', 'payment_amount': 6300, 'extras_variants': [], 'extras': {'50504': {'id': 50504, 'number': 1, 'extra_bed_type_id': 3, 'age': [0, 12], 'extra_bed': 1, 'free': 1}, '50505': {'id': 50505, 'number': 1, 'extra_bed_type_id': 0, 'age': [0, 6], 'extra_bed': 0, 'free': 1}}, 'rate_id': 20742, 'deals': [], 'cancellation_type': 'free', 'credit_card': 0, 'bonus': 315, 'miles': 378, 'min_stay': 1, 'platichastyami': 0, 'mircashback': 630}, {'id': '1117300P', 'capacity': 1, 'prepayment': 'FULL', 'nonrefundable': 0, 'cancellation_period': 0, 'cancellation_fee': 'NO', 'breakfast': 6, 'base_price': 7000, 'prices': [7000], 'price': 7000, 'old_price': 7000, 'currency': 'RUB', 'payment_amount': 7000, 'extras_variants': [], 'extras': {'50504': {'id': 50504, 'number': 1, 'extra_bed_type_id': 3, 'age': [0, 12], 'extra_bed': 1, 'free': 1}, '50505': {'id': 50505, 'number': 1, 'extra_bed_type_id': 0, 'age': [0, 6], 'extra_bed': 0, 'free': 1}}, 'rate_id': 20741, 'deals': [], 'cancellation_type': 'free', 'credit_card': 0, 'bonus': 350, 'miles': 420, 'min_stay': 1, 'platichastyami': 0, 'mircashback': 700}, {'id': '1117299P', 'capacity': 2, 'prepayment': 'FULL', 'nonrefundable': 0, 'cancellation_period': 0, 'cancellation_fee': 'NO', 'breakfast': 0, 'base_price': 7500, 'prices': [7500], 'price': 7500, 'old_price': 7500, 'currency': 'RUB', 'payment_amount': 7500, 'extras_variants': [], 'extras': {'50504': {'id': 50504, 'number': 1, 'extra_bed_type_id': 3, 'age': [0, 12], 'extra_bed': 1, 'free': 1}, '50505': {'id': 50505, 'number': 1, 'extra_bed_type_id': 0, 'age': [0, 6], 'extra_bed': 0, 'free': 1}}, 'rate_id': 20742, 'deals': [], 'cancellation_type': 'free', 'credit_card': 0, 'bonus': 375, 'miles': 450, 'min_stay': 1, 'platichastyami': 0, 'mircashback': 750}, {'id': '1117301P', 'capacity': 2, 'prepayment': 'FULL', 'nonrefundable': 0, 'cancellation_period': 0, 'cancellation_fee': 'NO', 'breakfast': 6, 'base_price': 8400, 'prices': [8400], 'price': 8400, 'old_price': 8400, 'currency': 'RUB', 'payment_amount': 8400, 'extras_variants': [], 'extras': {'50504': {'id': 50504, 'number': 1, 'extra_bed_type_id': 3, 'age': [0, 12], 'extra_bed': 1, 'free': 1}, '50505': {'id': 50505, 'number': 1, 'extra_bed_type_id': 0, 'age': [0, 6], 'extra_bed': 0, 'free': 1}}, 'rate_id': 20741, 'deals': [], 'cancellation_type': 'free', 'credit_card': 0, 'bonus': 420, 'miles': 504, 'min_stay': 1, 'platichastyami': 0, 'mircashback': 840}]",6300.0,378,421457_101hotels,2026-07-31
74046,,Эконом,1,0,0,0,Двухместный,2,2,[{'double': 1}],[],"[{'id': 1174153, 'capacity': 1, 'prepayment': 'NO', 'nonrefundable': 0, 'cancellation_period': 0, 'cancellation_fee': 'NO', 'breakfast': 0, 'base_price': 3900, 'prices': [3900], 'price': 3900, 'old_price': 3900, 'currency': 'RUB', 'payment_amount': 0, 'extras_variants': [], 'extras': [], 'rate_id': 59818, 'deals': [], 'cancellation_type': 'free', 'credit_card': 0, 'bonus': 195, 'miles': 234, 'min_stay': 1, 'platichastyami': 0, 'mircashback': 390}, {'id': '1174153P', 'capacity': 1, 'prepayment': 'FULL', 'nonrefundable': 0, 'cancellation_period': 0, 'cancellation_fee': 'NO', 'breakfast': 0, 'base_price': 3900, 'prices': [3900], 'price': 3900, 'old_price': 3900, 'currency': 'RUB', 'payment_amount': 3900, 'extras_variants': [], 'extras': [], 'rate_id': 59818, 'deals': [], 'cancellation_type': 'free', 'credit_card': 0, 'bonus': 195, 'miles': 234, 'min_stay': 1, 'platichastyami': 0, 'mircashback': 390}]",3900.0,234,14081_101hotels,2026-07-31
74048,,Эконом,3,0,1,0,Трехместный,37,6,[{'single': 1}],[],"[{'id': 1174154, 'capacity': 1, 'prepayment': 'NO', 'nonrefundable': 0, 'cancellation_period': 0, 'cancellation_fee': 'NO', 'breakfast': 0, 'base_price': 2600, 'prices': [2600], 'price': 2600, 'old_price': 2600, 'currency': 'RUB', 'payment_amount': 0, 'extras_variants': [], 'extras': [], 'rate_id': 59818, 'deals': [], 'cancellation_type': 'free', 'credit_card': 0, 'bonus': 130, 'miles': 156, 'min_stay': 1, 'platichastyami': 0, 'mircashback': 260}, {'id': '1174154P', 'capacity': 1, 'prepayment': 'FULL', 'nonrefundable': 0, 'cancellation_period': 0, 'cancellation_fee': 'NO', 'breakfast': 0, 'base_price': 2600, 'prices': [2600], 'price': 2600, 'old_price': 2600, 'currency': 'RUB', 'payment_amount': 2600, 'extras_variants': [], 'extras': [], 'rate_id': 59818, 'deals': [], 'cancellation_type': 'free', 'credit_card': 0, 'bonus': 130, 'miles': 156, 'min_stay': 1, 'platichastyami': 0, 'mircashback': 260}]",2600.0,156,14081_101hotels,2026-07-31
603292,,СТАНДАРТ,1,0,0,1,Одноместный,1,2,[{'single': 1}],[],"[{'id': 1174150, 'capacity': 1, 'prepayment': 'NO', 'nonrefundable': 0, 'cancellation_period': 0, 'cancellation_fee': 'NO', 'breakfast': 0, 'base_price': 5200, 'prices': [5200], 'price': 5200, 'old_price': 5200, 'currency': 'RUB', 'payment_amount': 0, 'extras_variants': [], 'extras': [], 'rate_id': 59818, 'deals': [], 'cancellation_type': 'free', 'credit_card': 0, 'bonus': 260, 'miles': 312, 'min_stay': 1, 'platichastyami': 0, 'mircashback': 520}, {'id': '1174150P', 'capacity': 1, 'prepayment': 'FULL', 'nonrefundable': 0, 'cancellation_period': 0, 'cancellation_fee': 'NO', 'breakfast': 0, 'base_price': 5200, 'prices': [5200], 'price': 5200, 'old_price': 5200, 'currency': 'RUB', 'payment_amount': 5200, 'extras_variants': [], 'extras': [], 'rate_id': 59818, 'deals': [], 'cancellation_type': 'free', 'credit_card': 0, 'bonus': 260, 'miles': 312, 'min_stay': 1, 'platichastyami': 0, 'mircashback': 520}]",5200.0,312,14081_101hotels,2026-07-31
603293,,Стандарт с двумя кроватями,2,0,0,1,Одноместный,1,3,[{'single': 2}],[],"[{'id': 1174151, 'capacity': 1, 'prepayment': 'NO', 'nonrefundable': 0, 'cancellation_period': 0, 'cancellation_fee': 'NO', 'breakfast': 0, 'base_price': 5200, 'prices': [5200], 'price': 5200, 'old_price': 5200, 'currency': 'RUB', 'payment_amount': 0, 'extras_variants': [], 'extras': [], 'rate_id': 59818, 'deals': [], 'cancellation_type': 'free', 'credit_card': 0, 'bonus': 260, 'miles': 312, 'min_stay': 1, 'platichastyami': 0, 'mircashback': 520}, {'id': 1174152, 'capacity': 2, 'prepayment': 'NO', 'nonrefundable': 0, 'cancellation_period': 0, 'cancellation_fee': 'NO', 'breakfast': 0, 'base_price': 5200, 'prices': [5200], 'price': 5200, 'old_price': 5200, 'currency': 'RUB', 'payment_amount': 0, 'extras_variants': [], 'extras': [], 'rate_id': 59818, 'deals': [], 'cancellation_type': 'free', 'credit_card': 0, 'bonus': 260, 'miles': 312, 'min_stay': 1, 'platichastyami': 0, 'mircashback': 520}, {'id': '1174151P', 'capacity': 1, 'prepayment': 'FULL', 'nonrefundable': 0, 'cancellation_period': 0, 'cancellation_fee': 'NO', 'breakfast': 0, 'base_price': 5200, 'prices': [5200], 'price': 5200, 'old_price': 5200, 'currency': 'RUB', 'payment_amount': 5200, 'extras_variants': [], 'extras': [], 'rate_id': 59818, 'deals': [], 'cancellation_type': 'free', 'credit_card': 0, 'bonus': 260, 'miles': 312, 'min_stay': 1, 'platichastyami': 0, 'mircashback': 520}, {'id': '1174152P', 'capacity': 2, 'prepayment': 'FULL', 'nonrefundable': 0, 'cancellation_period': 0, 'cancellation_fee': 'NO', 'breakfast': 0, 'base_price': 5200, 'prices': [5200], 'price': 5200, 'old_price': 5200, 'currency': 'RUB', 'payment_amount': 5200, 'extras_variants': [], 'extras': [], 'rate_id': 59818, 'deals': [], 'cancellation_type': 'free', 'credit_card': 0, 'bonus': 260, 'miles': 312, 'min_stay': 1, 'platichastyami': 0, 'mircashback': 520}]",5200.0,312,14081_101hotels,2026-07-31
77895,,Стандарт,1,0,0,1,Одноместный,1,1,[{'double': 1}],"[{'id': '42701', 'number': '1', 'min_age': '0', 'max_age': '3', 'is_extra_bed': '0', 'extra_bed_type_id': '0'}]","[{'id': 763191, 'capacity': 1, 'prepayment': 'FULL', 'nonrefundable': 0, 'cancellation_period': 2, 'cancellation_fee': 'FIRST', 'breakfast': 0, 'base_price': 3960, 'prices': [3960], 'price': 3960, 'old_price': 3960, 'currency': 'RUB', 'payment_amount': 3960, 'extras_variants': [], 'extras': {'42701': {'id': 42701, 'number': 1, 'extra_bed_type_id': 0, 'age': [0, 3], 'extra_bed': 0, 'free': 1}}, 'rate_id': 33575, 'deals': [], 'cancellation_type': 'special', 'credit_card': 1, 'bonus': 198, 'miles': 237, 'min_stay': 1, 'platichastyami': 0, 'mircashback': 396}]",3960.0,237,14970_101hotels,2026-07-31
77897,,Стандарт,3,0,0,1,Трехместный,37,3,[{'single': 3}],"[{'id': '42703', 'number': '1', 'min_age': '0', 'max_age': '3', 'is_extra_bed': '0', 'extra_bed_type_id': '0'}]","[{'id': 763207, 'capacity': 1, 'prepayment': 'FULL', 'nonrefundable': 0, 'cancellation_period': 2, 'cancellation_fee': 'FIRST', 'breakfast': 0, 'base_price': 3960, 'prices': [3960], 'price': 3960, 'old_price': 3960, 'currency': 'RUB', 'payment_amount': 3960, 'extras_variants': [], 'extras': {'42703': {'id': 42703, 'number': 1, 'extra_bed_type_id': 0, 'age': [0, 3], 'extra_bed': 0, 'free': 1}}, 'rate_id': 33577, 'deals': [], 'cancellation_type': 'special', 'credit_card': 1, 'bonus': 198, 'miles': 237, 'min_stay': 1, 'platichastyami': 0, 'mircashback': 396}, {'id': 763208, 'capacity': 2, 'prepayment': 'FULL', 'nonrefundable': 0, 'cancellation_period': 2, 'cancellation_fee': 'FIRST', 'breakfast': 0, 'base_price': 4680, 'prices': [4680], 'price': 4680, 'old_price': 4680, 'currency': 'RUB', 'payment_amount': 4680, 'extras_variants': [], 'extras': {'42703': {'id': 42703, 'number': 1, 'extra_bed_type_id': 0, 'age': [0, 3], 'extra_bed': 0, 'free': 1}}, 'rate_id': 33577, 'deals': [], 'cancellation_type': 'special', 'credit_card': 1, 'bonus': 234, 'miles': 279, 'min_stay': 1, 'platichastyami': 0, 'mircashback': 468}, {'id': 763209, 'capacity': 3, 'prepayment': 'FULL', 'nonrefundable': 0, 'cancellation_period': 2, 'cancellation_fee': 'FIRST', 'breakfast': 0, 'base_price': 5400, 'prices': [5400], 'price': 5400, 'old_price': 5400, 'currency': 'RUB', 'payment_amount': 5400, 'extras_variants': [], 'extras': {'42703': {'id': 42703, 'number': 1, 'extra_bed_type_id': 0, 'age': [0, 3], 'extra_bed': 0, 'free': 1}}, 'rate_id': 33577, 'deals': [], 'cancellation_type': 'special', 'credit_card': 1, 'bonus': 270, 'miles': 324, 'min_stay': 1, 'platichastyami': 0, 'mircashback': 540}]",3960.0,237,14970_101hotels,2026-07-31
79722,,Стандарт,2,0,0,1,Двухместный,2,3,[{'single': 2}],"[{'id': '42700', 'number': '1', 'min_age': '0', 'max_age': '3', 'is_extra_bed': '0', 'extra_bed_type_id': '0'}]","[{'id': 763193, 'capacity': 1, 'prepayment': 'FULL', 'nonrefundable': 0, 'cancellation_period': 2, 'cancellation_fee': 'FIRST', 'breakfast': 0, 'base_price': 3960, 'prices': [3960], 'price': 3960, 'old_price': 3960, 'currency': 'RUB', 'payment_amount': 3960, 'extras_variants': [], 'extras': {'42700': {'id': 42700, 'number': 1, 'extra_bed_type_id': 0, 'age': [0, 3], 'extra_bed': 0, 'free': 1}}, 'rate_id': 33576, 'deals': [], 'cancellation_type': 'special', 'credit_card': 1, 'bonus': 198, 'miles': 237, 'min_stay': 1, 'platichastyami': 0, 'mircashback': 396}, {'id': 763194, 'capacity': 2, 'prepayment': 'FULL', 'nonrefundable': 0, 'cancellation_period': 2, 'cancellation_fee': 'FIRST', 'breakfast': 0, 'base_price': 4680, 'prices': [4680], 'price': 4680, 'old_price': 4680, 'currency': 'RUB', 'payment_amount': 4680, 'extras_variants': [], 'extras': {'42700': {'id': 42700, 'number': 1, 'extra_bed_type_id': 0, 'age': [0, 3], 'extra_bed': 0, 'free': 1}}, 'rate_id': 33576, 'deals': [], 'cancellation_type': 'special', 'credit_card': 1, 'bonus': 234, 'miles': 279, 'min_stay': 1, 'platichastyami': 0, 'mircashback': 468}]",3960.0,237,14970_101hotels,2026-07-31
2249149,,Мужское койко-место в 4 местном номере,4,0,1,0,Четырехместный,34,2,[{'single': 1}],"[{'id': '42702', 'number': '1', 'min_age': '0', 'max_age': '3', 'is_extra_bed': '0', 'extra_bed_type_id': '0'}]","[{'id': 763216, 'capacity': 1, 'prepayment': 'FULL', 'nonrefundable': 0, 'cancellation_period': 2, 'cancellation_fee': 'FIRST', 'breakfast': 0, 'base_price': 1800, 'prices': [1800], 'price': 1800, 'old_price': 1800, 'currency': 'RUB', 'payment_amount': 1800, 'extras_variants': [], 'extras': {'42702': {'id': 42702, 'number': 1, 'extra_bed_type_id': 0, 'age': [0, 3], 'extra_bed': 0, 'free': 1}}, 'rate_id': 33578, 'deals': [], 'cancellation_type': 'special', 'credit_card': 1, 'bonus': 90, 'miles': 108, 'min_stay': 1, 'platichastyami': 0, 'mircashback': 180}]",1800.0,108,14970_101hotels,2026-07-31
2249153,,Комфорт,1,0,0,1,Одноместный,1,3,[{'double': 1}],"[{'id': '42699', 'number': '1', 'min_age': '0', 'max_age': '3', 'is_extra_bed': '0', 'extra_bed_type_id': '0'}]","[{'id': 763219, 'capacity': 1, 'prepayment': 'FULL', 'nonrefundable': 0, 'cancellation_period': 2, 'cancellation_fee': 'FIRST', 'breakfast': 0, 'base_price': 4680, 'prices': [4680], 'price': 4680, 'old_price': 4680, 'currency': 'RUB', 'payment_amount': 4680, 'extras_variants': [], 'extras': {'42699': {'id': 42699, 'number': 1, 'extra_bed_type_id': 0, 'age': [0, 3], 'extra_bed': 0, 'free': 1}}, 'rate_id': 33579, 'deals': [], 'cancellation_type': 'special', 'credit_card': 1, 'bonus': 234, 'miles': 279, 'min_stay': 1, 'platichastyami': 0, 'mircashback': 468}]",4680.0,279,14970_101hotels,2026-07-31
2304770,,Женское койко место в 4 местном номер,4,0,1,0,Четырехместный,34,3,[{'single': 1}],"[{'id': '52105', 'number': '1', 'min_age': '0', 'max_age': '3', 'is_extra_bed': '0', 'extra_bed_type_id': '0'}]","[{'id': 1077245, 'capacity': 1, 'prepayment': 'FIRST', 'nonrefundable': 0, 'cancellation_period': 2, 'cancellation_fee': 'FIRST', 'breakfast': 0, 'base_price': 1800, 'prices': [1800], 'price': 1800, 'old_price': 1800, 'currency': 'RUB', 'payment_amount': 1800, 'extras_variants': [], 'extras': {'52105': {'id': 52105, 'number': 1, 'extra_bed_type_id': 0, 'age': [0, 3], 'extra_bed': 0, 'free': 1}}, 'rate_id': 53105, 'deals': [], 'cancellation_type': 'special', 'credit_card': 1, 'bonus': 90, 'miles': 108, 'min_stay': 1, 'platichastyami': 0, 'mircashback': 180}]",1800.0,108,14970_101hotels,2026-07-31
2321990,,Койко-место,1,0,1,0,Трехместный Мужской,100,3,[{'single': 1}],[],"[{'id': 1230122, 'capacity': 1, 'prepayment': 'FULL', 'nonrefundable': 0, 'cancellation_period': 2, 'cancellation_fee': 'FIRST', 'breakfast': 0, 'base_price': 1800, 'prices': [1800], 'price': 1800, 'old_price': 1800, 'currency': 'RUB', 'payment_amount': 1800, 'extras_variants': [], 'extras': [], 'rate_id': 33578, 'deals': [], 'cancellation_type': 'special', 'credit_card': 1, 'bonus': 90, 'miles': 108, 'min_stay': 1, 'platichastyami': 0, 'mircashback': 180}]",1800.0,108,14970_101hotels,2026-07-31
5771,,Классик,1,0,0,1,Одноместный,1,5,[{'single': 1}],[],"[{'id': 1184988, 'capacity': 1, 'prepayment': 'NO', 'nonrefundable': 0, 'cancellation_period': 0, 'cancellation_fee': 'NO', 'breakfast': 1, 'base_price': 4900, 'prices': [4900], 'price': 4900, 'old_price': 0, 'currency': 'RUB', 'payment_amount': 0, 'extras_variants': [], 'extras': [], 'rate_id': 60454, 'deals': [], 'cancellation_type': 'free', 'credit_card': 0, 'bonus': 245, 'miles': 294, 'min_stay': 1, 'platichastyami': 0, 'mircashback': 490}]",4900.0,294,228_101hotels,2026-07-31
5774,,Комфорт,1,0,0,1,Одноместный,1,7,[{'single': 1}],[],"[{'id': 1184989, 'capacity': 1, 'prepayment': 'NO', 'nonrefundable': 0, 'cancellation_period': 0, 'cancellation_fee': 'NO', 'breakfast': 1, 'base_price': 5400, 'prices': [5400], 'price': 5400, 'old_price': 0, 'currency': 'RUB', 'payment_amount': 0, 'extras_variants': [], 'extras': [], 'rate_id': 60454, 'deals': [], 'cancellation_type': 'free', 'credit_card': 0, 'bonus': 270, 'miles': 324, 'min_stay': 1, 'platichastyami': 0, 'mircashback': 540}]",5400.0,324,228_101hotels,2026-07-31
5778,,Гранд Улучшенный,2,0,0,1,Двухместный,2,3,[{'single': 2}],[],"[{'id': 1184991, 'capacity': 1, 'prepayment': 'NO', 'nonrefundable': 0, 'cancellation_period': 0, 'cancellation_fee': 'NO', 'breakfast': 1, 'base_price': 6400, 'prices': [6400], 'price': 6400, 'old_price': 0, 'currency': 'RUB', 'payment_amount': 0, 'extras_variants': [], 'extras': [], 'rate_id': 60454, 'deals': [], 'cancellation_type': 'free', 'credit_card': 0, 'bonus': 320, 'miles': 384, 'min_stay': 1, 'platichastyami': 0, 'mircashback': 640}, {'id': 1184992, 'capacity': 2, 'prepayment': 'NO', 'nonrefundable': 0, 'cancellation_period': 0, 'cancellation_fee': 'NO', 'breakfast': 1, 'base_price': 6400, 'prices': [6400], 'price': 6400, 'old_price': 0, 'currency': 'RUB', 'payment_amount': 0, 'extras_variants': [], 'extras': [], 'rate_id': 60454, 'deals': [], 'cancellation_type': 'free', 'credit_card': 0, 'bonus': 320, 'miles': 384, 'min_stay': 1, 'platichastyami': 0, 'mircashback': 640}]",6400.0,384,228_101hotels,2026-07-31
5780,,Бизнес Улучшенный,2,0,0,1,Двухместный,2,7,"[{'single': 2}, {'double': 1}]",[],"[{'id': 1184993, 'capacity': 1, 'prepayment': 'NO', 'nonrefundable': 0, 'cancellation_period': 0, 'cancellation_fee': 'NO', 'breakfast': 1, 'base_price': 5900, 'prices': [5900], 'price': 5900, 'old_price': 0, 'currency': 'RUB', 'payment_amount': 0, 'extras_variants': [], 'extras': [], 'rate_id': 60454, 'deals': [], 'cancellation_type': 'free', 'credit_card': 0, 'bonus': 295, 'miles': 354, 'min_stay': 1, 'platichastyami': 0, 'mircashback': 590}, {'id': 1184994, 'capacity': 2, 'prepayment': 'NO', 'nonrefundable': 0, 'cancellation_period': 0, 'cancellation_fee': 'NO', 'breakfast': 1, 'base_price': 5900, 'prices': [5900], 'price': 5900, 'old_price': 0, 'currency': 'RUB', 'payment_amount': 0, 'extras_variants': [], 'extras': [], 'rate_id': 60454, 'deals': [], 'cancellation_type': 'free', 'credit_card': 0, 'bonus': 295, 'miles': 354, 'min_stay': 1, 'platichastyami': 0, 'mircashback': 590}]",5900.0,354,228_101hotels,2026-07-31
5783,,Джуниор «Купеческий»,2,0,0,1,Сюит,27,1,[{'double': 1}],[],"[{'id': 1184999, 'capacity': 1, 'prepayment': 'NO', 'nonrefundable': 0, 'cancellation_period': 0, 'cancellation_fee': 'NO', 'breakfast': 1, 'base_price': 8700, 'prices': [8700], 'price': 8700, 'old_price': 0, 'currency': 'RUB', 'payment_amount': 0, 'extras_variants': [], 'extras': [], 'rate_id': 60454, 'deals': [], 'cancellation_type': 'free', 'credit_card': 0, 'bonus': 435, 'miles': 522, 'min_stay': 1, 'platichastyami': 0, 'mircashback': 870}, {'id': 1185000, 'capacity': 2, 'prepayment': 'NO', 'nonrefundable': 0, 'cancellation_period': 0, 'cancellation_fee': 'NO', 'breakfast': 1, 'base_price': 8700, 'prices': [8700], 'price': 8700, 'old_price': 0, 'currency': 'RUB', 'payment_amount': 0, 'extras_variants': [], 'extras': [], 'rate_id': 60454, 'deals': [], 'cancellation_type': 'free', 'credit_card': 0, 'bonus': 435, 'miles': 522, 'min_stay': 1, 'platichastyami': 0, 'mircashback': 870}]",8700.0,522,228_101hotels,2026-07-31
5784,,Джуниор «Знатный»,2,0,0,1,Сюит,27,1,[{'double': 1}],[],"[{'id': 1185001, 'capacity': 1, 'prepayment': 'NO', 'nonrefundable': 0, 'cancellation_period': 0, 'cancellation_fee': 'NO', 'breakfast': 1, 'base_price': 8900, 'prices': [8900], 'price': 8900, 'old_price': 0, 'currency': 'RUB', 'payment_amount': 0, 'extras_variants': [], 'extras': [], 'rate_id': 60454, 'deals': [], 'cancellation_type': 'free', 'credit_card': 0, 'bonus': 445, 'miles': 534, 'min_stay': 1, 'platichastyami': 0, 'mircashback': 890}, {'id': 1185002, 'capacity': 2, 'prepayment': 'NO', 'nonrefundable': 0, 'cancellation_period': 0, 'cancellation_fee': 'NO', 'breakfast': 1, 'base_price': 8900, 'prices': [8900], 'price': 8900, 'old_price': 0, 'currency': 'RUB', 'payment_amount': 0, 'extras_variants': [], 'extras': [], 'rate_id': 60454, 'deals': [], 'cancellation_type': 'free', 'credit_card': 0, 'bonus': 445, 'miles': 534, 'min_stay': 1, 'platichastyami': 0, 'mircashback': 890}]",8900.0,534,228_101hotels,2026-07-31
5787,,"Дворянский, Генерал-губернаторский",2,0,0,1,Люкс,6,1,[{'double': 1}],[],"[{'id': 1184997, 'capacity': 1, 'prepayment': 'NO', 'nonrefundable': 0, 'cancellation_period': 0, 'cancellation_fee': 'NO', 'breakfast': 1, 'base_price': 12300, 'prices': [12300], 'price': 12300, 'old_price': 0, 'currency': 'RUB', 'payment_amount': 0, 'extras_variants': [], 'extras': [], 'rate_id': 60454, 'deals': [], 'cancellation_type': 'free', 'credit_card': 0, 'bonus': 615, 'miles': 738, 'min_stay': 1, 'platichastyami': 0, 'mircashback': 1230}, {'id': 1184998, 'capacity': 2, 'prepayment': 'NO', 'nonrefundable': 0, 'cancellation_period': 0, 'cancellation_fee': 'NO', 'breakfast': 1, 'base_price': 12300, 'prices': [12300], 'price': 12300, 'old_price': 0, 'currency': 'RUB', 'payment_amount': 0, 'extras_variants': [], 'extras': [], 'rate_id': 60454, 'deals': [], 'cancellation_type': 'free', 'credit_card': 0, 'bonus': 615, 'miles': 738, 'min_stay': 1, 'platichastyami': 0, 'mircashback': 1230}]",12300.0,738,228_101hotels,2026-07-31
1248432,,Классик-М (Мансарда),1,0,0,1,Одноместный,1,7,[{'single': 1}],[],"[{'id': 1184990, 'capacity': 1, 'prepayment': 'NO', 'nonrefundable': 0, 'cancellation_period': 0, 'cancellation_fee': 'NO', 'breakfast': 1, 'base_price': 4300, 'prices': [4300], 'price': 4300, 'old_price': 0, 'currency': 'RUB', 'payment_amount': 0, 'extras_variants': [], 'extras': [], 'rate_id': 60454, 'deals': [], 'cancellation_type': 'free', 'credit_card': 0, 'bonus': 215, 'miles': 258, 'min_stay': 1, 'platichastyami': 0, 'mircashback': 430}]",4300.0,258,228_101hotels,2026-07-31
2312209,,"Двухместный ""Бизнес - М"" (мансарда)",2,0,0,1,Двухместный,2,3,[{'double': 1}],[],"[{'id': 1184995, 'capacity': 1, 'prepayment': 'NO', 'nonrefundable': 0, 'cancellation_period': 0, 'cancellation_fee': 'NO', 'breakfast': 1, 'base_price': 5600, 'prices': [5600], 'price': 5600, 'old_price': 0, 'currency': 'RUB', 'payment_amount': 0, 'extras_variants': [], 'extras': [], 'rate_id': 60454, 'deals': [], 'cancellation_type': 'free', 'credit_card': 0, 'bonus': 280, 'miles': 336, 'min_stay': 1, 'platichastyami': 0, 'mircashback': 560}, {'id': 1184996, 'capacity': 2, 'prepayment': 'NO', 'nonrefundable': 0, 'cancellation_period': 0, 'cancellation_fee': 'NO', 'breakfast': 1, 'base_price': 5600, 'prices': [5600], 'price': 5600, 'old_price': 0, 'currency': 'RUB', 'payment_amount': 0, 'extras_variants': [], 'extras': [], 'rate_id': 60454, 'deals': [], 'cancellation_type': 'free', 'credit_card': 0, 'bonus': 280, 'miles': 336, 'min_stay': 1, 'platichastyami': 0, 'mircashback': 560}]",5600.0,336,228_101hotels,2026-07-31
2275533,,Капсульная кровать в мужском номере,8,1,1,0,Восьмиместный,38,6,[{'single': 1}],"[{'id': '24092', 'number': '1', 'min_age': '0', 'max_age': '7', 'is_extra_bed': '0', 'extra_bed_type_id': '0'}]","[{'id': 1074873, 'capacity': 1, 'prepayment': 'FIRST', 'nonrefundable': 1, 'cancellation_period': 0, 'cancellation_fee': 'FIRST', 'breakfast': 0, 'base_price': 1300, 'prices': [1300], 'price': 1105, 'old_price': 1300, 'currency': 'RUB', 'payment_amount': 1300, 'extras_variants': [], 'extras': {'24092': {'id': 24092, 'number': 1, 'extra_bed_type_id': 0, 'age': [0, 7], 'extra_bed': 0, 'free': 1}}, 'rate_id': 36336, 'deals': ['LAST_MINUTE'], 'cancellation_type': 'nonrefundable', 'credit_card': 1, 'bonus': 55, 'miles': 66, 'min_stay': 1, 'platichastyami': 0, 'mircashback': 111}]",1105.0,66,666722_101hotels,2026-07-31
2275538,,Общий женский номер,16,0,1,0,Шестнадцатиместный,46,2,[{'2-tier': 1}],[],"[{'id': 1074874, 'capacity': 1, 'prepayment': 'FIRST', 'nonrefundable': 1, 'cancellation_period': 0, 'cancellation_fee': 'FIRST', 'breakfast': 0, 'base_price': 1100, 'prices': [1100], 'price': 935, 'old_price': 1100, 'currency': 'RUB', 'payment_amount': 1100, 'extras_variants': [], 'extras': [], 'rate_id': 36336, 'deals': ['LAST_MINUTE'], 'cancellation_type': 'nonrefundable', 'credit_card': 1, 'bonus': 47, 'miles': 54, 'min_stay': 1, 'platichastyami': 0, 'mircashback': 94}]",935.0,54,666722_101hotels,2026-07-31
2275539,,Общий мужской   номер,14,0,1,0,Четырнадцатиместный,43,14,[{'2-tier': 1}],[],"[{'id': 1074875, 'capacity': 1, 'prepayment': 'FIRST', 'nonrefundable': 1, 'cancellation_period': 0, 'cancellation_fee': 'FIRST', 'breakfast': 0, 'base_price': 1100, 'prices': [1100], 'price': 935, 'old_price': 1100, 'currency': 'RUB', 'payment_amount': 1100, 'extras_variants': [], 'extras': [], 'rate_id': 36336, 'deals': ['LAST_MINUTE'], 'cancellation_type': 'nonrefundable', 'credit_card': 1, 'bonus': 47, 'miles': 54, 'min_stay': 1, 'platichastyami': 0, 'mircashback': 94}]",935.0,54,666722_101hotels,2026-07-31
1754408,,С 2 отдельными кроватями,2,0,0,1,Двухместный,2,10,[{'single': 2}],[],"[{'id': 857249, 'capacity': 1, 'prepayment': 'FIRST', 'nonrefundable': 0, 'cancellation_period': 0, 'cancellation_fee': 'NO', 'breakfast': 0, 'base_price': 2850, 'prices': [2850], 'price': 2850, 'old_price': 2850, 'currency': 'RUB', 'payment_amount': 2850, 'extras_variants': [], 'extras': [], 'rate_id': 39085, 'deals': [], 'cancellation_type': 'free', 'credit_card': 1, 'bonus': 143, 'miles': 171, 'min_stay': 1, 'platichastyami': 0, 'mircashback': 285}, {'id': 857250, 'capacity': 2, 'prepayment': 'FIRST', 'nonrefundable': 0, 'cancellation_period': 0, 'cancellation_fee': 'NO', 'breakfast': 0, 'base_price': 2950, 'prices': [2950], 'price': 2950, 'old_price': 2950, 'currency': 'RUB', 'payment_amount': 2950, 'extras_variants': [], 'extras': [], 'rate_id': 39085, 'deals': [], 'cancellation_type': 'free', 'credit_card': 1, 'bonus': 148, 'miles': 177, 'min_stay': 1, 'platichastyami': 0, 'mircashback': 295}]",2850.0,171,514851_101hotels,2026-07-31
1754409,,,2,0,0,1,Семейный,44,7,[{'single': 1}],[],"[{'id': 857256, 'capacity': 1, 'prepayment': 'FIRST', 'nonrefundable': 0, 'cancellation_period': 0, 'cancellation_fee': 'NO', 'breakfast': 0, 'base_price': 2600, 'prices': [2600], 'price': 2600, 'old_price': 2600, 'currency': 'RUB', 'payment_amount': 2600, 'extras_variants': [], 'extras': [], 'rate_id': 39085, 'deals': [], 'cancellation_type': 'free', 'credit_card': 1, 'bonus': 130, 'miles': 156, 'min_stay': 1, 'platichastyami': 0, 'mircashback': 260}, {'id': 857257, 'capacity': 2, 'prepayment': 'FIRST', 'nonrefundable': 0, 'cancellation_period': 0, 'cancellation_fee': 'NO', 'breakfast': 0, 'base_price': 2700, 'prices': [2700], 'price': 2700, 'old_price': 2700, 'currency': 'RUB', 'payment_amount': 2700, 'extras_variants': [], 'extras': [], 'rate_id': 39085, 'deals': [], 'cancellation_type': 'free', 'credit_card': 1, 'bonus': 135, 'miles': 162, 'min_stay': 1, 'platichastyami': 0, 'mircashback': 270}]",2600.0,156,514851_101hotels,2026-07-31
1754411,,Люкс,3,1,0,1,Сюит,27,3,"[{'double': 1}, {'sofa': 1}]",[],"[{'id': 857251, 'capacity': 1, 'prepayment': 'FIRST', 'nonrefundable': 0, 'cancellation_period': 0, 'cancellation_fee': 'NO', 'breakfast': 0, 'base_price': 3600, 'prices': [3600], 'price': 3600, 'old_price': 3600, 'currency': 'RUB', 'payment_amount': 3600, 'extras_variants': [], 'extras': [], 'rate_id': 39085, 'deals': [], 'cancellation_type': 'free', 'credit_card': 1, 'bonus': 180, 'miles': 216, 'min_stay': 1, 'platichastyami': 0, 'mircashback': 360}, {'id': 857252, 'capacity': 2, 'prepayment': 'FIRST', 'nonrefundable': 0, 'cancellation_period': 0, 'cancellation_fee': 'NO', 'breakfast': 0, 'base_price': 3700, 'prices': [3700], 'price': 3700, 'old_price': 3700, 'currency': 'RUB', 'payment_amount': 3700, 'extras_variants': [], 'extras': [], 'rate_id': 39085, 'deals': [], 'cancellation_type': 'free', 'credit_card': 1, 'bonus': 185, 'miles': 222, 'min_stay': 1, 'platichastyami': 0, 'mircashback': 370}, {'id': 857259, 'capacity': 3, 'prepayment': 'FIRST', 'nonrefundable': 0, 'cancellation_period': 0, 'cancellation_fee': 'NO', 'breakfast': 0, 'base_price': 5300, 'prices': [5300], 'price': 5300, 'old_price': 5300, 'currency': 'RUB', 'payment_amount': 5300, 'extras_variants': [], 'extras': [], 'rate_id': 39085, 'deals': [], 'cancellation_type': 'free', 'credit_card': 1, 'bonus': 265, 'miles': 318, 'min_stay': 1, 'platichastyami': 0, 'mircashback': 530}]",3600.0,216,514851_101hotels,2026-07-31
1754412,,Кровать в общем номере,3,0,1,0,Трехместный,37,4,[{'single': 1}],[],"[{'id': 857253, 'capacity': 1, 'prepayment': 'FIRST', 'nonrefundable': 0, 'cancellation_period': 0, 'cancellation_fee': 'NO', 'breakfast': 0, 'base_price': 1200, 'prices': [1200], 'price': 1200, 'old_price': 1200, 'currency': 'RUB', 'payment_amount': 1200, 'extras_variants': [], 'extras': [], 'rate_id': 39085, 'deals': [], 'cancellation_type': 'free', 'credit_card': 1, 'bonus': 60, 'miles': 72, 'min_stay': 1, 'platichastyami': 0, 'mircashback': 120}]",1200.0,72,514851_101hotels,2026-07-31
1754413,,Кровать в общем номере,8,0,1,0,Восьмиместный,38,8,[{'single': 1}],[],"[{'id': 857258, 'capacity': 1, 'prepayment': 'FIRST', 'nonrefundable': 0, 'cancellation_period': 0, 'cancellation_fee': 'NO', 'breakfast': 0, 'base_price': 1200, 'prices': [1200], 'price': 1200, 'old_price': 1200, 'currency': 'RUB', 'payment_amount': 1200, 'extras_variants': [], 'extras': [], 'rate_id': 39085, 'deals': [], 'cancellation_type': 'free', 'credit_card': 1, 'bonus': 60, 'miles': 72, 'min_stay': 1, 'platichastyami': 0, 'mircashback': 120}]",1200.0,72,514851_101hotels,2026-07-31
1478821,,Семейный 2+1,3,0,0,1,Апартаменты,14,2,"[{'single': 1, 'double': 1}]","[{'id': '12855', 'number': '1', 'min_age': '0', 'max_age': '7', 'is_extra_bed': '0', 'extra_bed_type_id': '0'}]","[{'id': 397249, 'capacity': 1, 'prepayment': 'FULL', 'nonrefundable': 0, 'cancellation_period': 1, 'cancellation_fee': 'FIRST', 'breakfast': 0, 'base_price': 4200, 'prices': [4200], 'price': 4200, 'old_price': 4200, 'currency': 'RUB', 'payment_amount': 4200, 'extras_variants': [], 'extras': {'12855': {'id': 12855, 'number': 1, 'extra_bed_type_id': 0, 'age': [0, 7], 'extra_bed': 0, 'free': 1}}, 'rate_id': 7311, 'deals': [], 'cancellation_type': 'special', 'credit_card': 1, 'bonus': 210, 'miles': 252, 'min_stay': 1, 'platichastyami': 0, 'mircashback': 420}, {'id': 397276, 'capacity': 1, 'prepayment': 'FULL', 'nonrefundable': 0, 'cancellation_period': 1, 'cancellation_fee': 'FIRST', 'breakfast': 1, 'base_price': 4700, 'prices': [4700], 'price': 4700, 'old_price': 4700, 'currency': 'RUB', 'payment_amount': 4700, 'extras_variants': [], 'extras': {'12855': {'id': 12855, 'number': 1, 'extra_bed_type_id': 0, 'age': [0, 7], 'extra_bed': 0, 'free': 1}}, 'rate_id': 7312, 'deals': [], 'cancellation_type': 'special', 'credit_card': 1, 'bonus': 235, 'miles': 282, 'min_stay': 1, 'platichastyami': 0, 'mircashback': 470}, {'id': 397250, 'capacity': 2, 'prepayment': 'FULL', 'nonrefundable': 0, 'cancellation_period': 1, 'cancellation_fee': 'FIRST', 'breakfast': 0, 'base_price': 4200, 'prices': [4200], 'price': 4200, 'old_price': 4200, 'currency': 'RUB', 'payment_amount': 4200, 'extras_variants': [], 'extras': {'12855': {'id': 12855, 'number': 1, 'extra_bed_type_id': 0, 'age': [0, 7], 'extra_bed': 0, 'free': 1}}, 'rate_id': 7311, 'deals': [], 'cancellation_type': 'special', 'credit_card': 1, 'bonus': 210, 'miles': 252, 'min_stay': 1, 'platichastyami': 0, 'mircashback': 420}, {'id': 397277, 'capacity': 2, 'prepayment': 'FULL', 'nonrefundable': 0, 'cancellation_period': 1, 'cancellation_fee': 'FIRST', 'breakfast': 1, 'base_price': 5200, 'prices': [5200], 'price': 5200, 'old_price': 5200, 'currency': 'RUB', 'payment_amount': 5200, 'extras_variants': [], 'extras': {'12855': {'id': 12855, 'number': 1, 'extra_bed_type_id': 0, 'age': [0, 7], 'extra_bed': 0, 'free': 1}}, 'rate_id': 7312, 'deals': [], 'cancellation_type': 'special', 'credit_card': 1, 'bonus': 260, 'miles': 312, 'min_stay': 1, 'platichastyami': 0, 'mircashback': 520}, {'id': 397251, 'capacity': 3, 'prepayment': 'FULL', 'nonrefundable': 0, 'cancellation_period': 1, 'cancellation_fee': 'FIRST', 'breakfast': 0, 'base_price': 5400, 'prices': [5400], 'price': 5400, 'old_price': 5400, 'currency': 'RUB', 'payment_amount': 5400, 'extras_variants': [], 'extras': {'12855': {'id': 12855, 'number': 1, 'extra_bed_type_id': 0, 'age': [0, 7], 'extra_bed': 0, 'free': 1}}, 'rate_id': 7311, 'deals': [], 'cancellation_type': 'special', 'credit_card': 1, 'bonus': 270, 'miles': 324, 'min_stay': 1, 'platichastyami': 0, 'mircashback': 540}, {'id': 397278, 'capacity': 3, 'prepayment': 'FULL', 'nonrefundable': 0, 'cancellation_period': 1, 'cancellation_fee': 'FIRST', 'breakfast': 1, 'base_price': 6900, 'prices': [6900], 'price': 6900, 'old_price': 6900, 'currency': 'RUB', 'payment_amount': 6900, 'extras_variants': [], 'extras': {'12855': {'id': 12855, 'number': 1, 'extra_bed_type_id': 0, 'age': [0, 7], 'extra_bed': 0, 'free': 1}}, 'rate_id': 7312, 'deals': [], 'cancellation_type': 'special', 'credit_card': 1, 'bonus': 345, 'miles': 414, 'min_stay': 1, 'platichastyami': 0, 'mircashback': 690}]",4200.0,252,462906_101hotels,2026-07-31
1552621,,2+2,4,0,0,1,Семейный,44,1,[{'double': 2}],[],"[{'id': 397262, 'capacity': 1, 'prepayment': 'FULL', 'nonrefundable': 0, 'cancellation_period': 1, 'cancellation_fee': 'FIRST', 'breakfast': 0, 'base_price': 4200, 'prices': [4200], 'price': 4200, 'old_price': 4200, 'currency': 'RUB', 'payment_amount': 4200, 'extras_variants': [], 'extras': [], 'rate_id': 7311, 'deals': [], 'cancellation_type': 'special', 'credit_card': 1, 'bonus': 210, 'miles': 252, 'min_stay': 1, 'platichastyami': 0, 'mircashback': 420}, {'id': 397289, 'capacity': 1, 'prepayment': 'FULL', 'nonrefundable': 0, 'cancellation_period': 1, 'cancellation_fee': 'FIRST', 'breakfast': 1, 'base_price': 4700, 'prices': [4700], 'price': 4700, 'old_price': 4700, 'currency': 'RUB', 'payment_amount': 4700, 'extras_variants': [], 'extras': [], 'rate_id': 7312, 'deals': [], 'cancellation_type': 'special', 'credit_card': 1, 'bonus': 235, 'miles': 282, 'min_stay': 1, 'platichastyami': 0, 'mircashback': 470}, {'id': 397263, 'capacity': 2, 'prepayment': 'FULL', 'nonrefundable': 0, 'cancellation_period': 1, 'cancellation_fee': 'FIRST', 'breakfast': 0, 'base_price': 4200, 'prices': [4200], 'price': 4200, 'old_price': 4200, 'currency': 'RUB', 'payment_amount': 4200, 'extras_variants': [], 'extras': [], 'rate_id': 7311, 'deals': [], 'cancellation_type': 'special', 'credit_card': 1, 'bonus': 210, 'miles': 252, 'min_stay': 1, 'platichastyami': 0, 'mircashback': 420}, {'id': 397290, 'capacity': 2, 'prepayment': 'FULL', 'nonrefundable': 0, 'cancellation_period': 1, 'cancellation_fee': 'FIRST', 'breakfast': 1, 'base_price': 5200, 'prices': [5200], 'price': 5200, 'old_price': 5200, 'currency': 'RUB', 'payment_amount': 5200, 'extras_variants': [], 'extras': [], 'rate_id': 7312, 'deals': [], 'cancellation_type': 'special', 'credit_card': 1, 'bonus': 260, 'miles': 312, 'min_stay': 1, 'platichastyami': 0, 'mircashback': 520}, {'id': 397264, 'capacity': 3, 'prepayment': 'FULL', 'nonrefundable': 0, 'cancellation_period': 1, 'cancellation_fee': 'FIRST', 'breakfast': 0, 'base_price': 5400, 'prices': [5400], 'price': 5400, 'old_price': 5400, 'currency': 'RUB', 'payment_amount': 5400, 'extras_variants': [], 'extras': [], 'rate_id': 7311, 'deals': [], 'cancellation_type': 'special', 'credit_card': 1, 'bonus': 270, 'miles': 324, 'min_stay': 1, 'platichastyami': 0, 'mircashback': 540}, {'id': 397291, 'capacity': 3, 'prepayment': 'FULL', 'nonrefundable': 0, 'cancellation_period': 1, 'cancellation_fee': 'FIRST', 'breakfast': 1, 'base_price': 6900, 'prices': [6900], 'price': 6900, 'old_price': 6900, 'currency': 'RUB', 'payment_amount': 6900, 'extras_variants': [], 'extras': [], 'rate_id': 7312, 'deals': [], 'cancellation_type': 'special', 'credit_card': 1, 'bonus': 345, 'miles': 414, 'min_stay': 1, 'platichastyami': 0, 'mircashback': 690}, {'id': 397265, 'capacity': 4, 'prepayment': 'FULL', 'nonrefundable': 0, 'cancellation_period': 1, 'cancellation_fee': 'FIRST', 'breakfast': 0, 'base_price': 5400, 'prices': [5400], 'price': 5400, 'old_price': 5400, 'currency': 'RUB', 'payment_amount': 5400, 'extras_variants': [], 'extras': [], 'rate_id': 7311, 'deals': [], 'cancellation_type': 'special', 'credit_card': 1, 'bonus': 270, 'miles': 324, 'min_stay': 1, 'platichastyami': 0, 'mircashback': 540}, {'id': 397292, 'capacity': 4, 'prepayment': 'FULL', 'nonrefundable': 0, 'cancellation_period': 1, 'cancellation_fee': 'FIRST', 'breakfast': 1, 'base_price': 7400, 'prices': [7400], 'price': 7400, 'old_price': 7400, 'currency': 'RUB', 'payment_amount': 7400, 'extras_variants': [], 'extras': [], 'rate_id': 7312, 'deals': [], 'cancellation_type': 'special', 'credit_card': 1, 'bonus': 370, 'miles': 444, 'min_stay': 1, 'platichastyami': 0, 'mircashback': 740}]",4200.0,252,462906_101hotels,2026-07-31
1923102,,Стандарт,4,0,0,1,Четырехместный,34,5,[{'single': 4}],[],"[{'id': 397252, 'capacity': 1, 'prepayment': 'FULL', 'nonrefundable': 0, 'cancellation_period': 1, 'cancellation_fee': 'FIRST', 'breakfast': 0, 'base_price': 3000, 'prices': [3000], 'price': 3000, 'old_price': 3000, 'currency': 'RUB', 'payment_amount': 3000, 'extras_variants': [], 'extras': [], 'rate_id': 7311, 'deals': [], 'cancellation_type': 'special', 'credit_card': 1, 'bonus': 150, 'miles': 180, 'min_stay': 1, 'platichastyami': 0, 'mircashback': 300}, {'id': 397279, 'capacity': 1, 'prepayment': 'FULL', 'nonrefundable': 0, 'cancellation_period': 1, 'cancellation_fee': 'FIRST', 'breakfast': 1, 'base_price': 3500, 'prices': [3500], 'price': 3500, 'old_price': 3500, 'currency': 'RUB', 'payment_amount': 3500, 'extras_variants': [], 'extras': [], 'rate_id': 7312, 'deals': [], 'cancellation_type': 'special', 'credit_card': 1, 'bonus': 175, 'miles': 210, 'min_stay': 1, 'platichastyami': 0, 'mircashback': 350}, {'id': 397253, 'capacity': 2, 'prepayment': 'FULL', 'nonrefundable': 0, 'cancellation_period': 1, 'cancellation_fee': 'FIRST', 'breakfast': 0, 'base_price': 3600, 'prices': [3600], 'price': 3600, 'old_price': 3600, 'currency': 'RUB', 'payment_amount': 3600, 'extras_variants': [], 'extras': [], 'rate_id': 7311, 'deals': [], 'cancellation_type': 'special', 'credit_card': 1, 'bonus': 180, 'miles': 216, 'min_stay': 1, 'platichastyami': 0, 'mircashback': 360}, {'id': 397280, 'capacity': 2, 'prepayment': 'FULL', 'nonrefundable': 0, 'cancellation_period': 1, 'cancellation_fee': 'FIRST', 'breakfast': 1, 'base_price': 4600, 'prices': [4600], 'price': 4600, 'old_price': 4600, 'currency': 'RUB', 'payment_amount': 4600, 'extras_variants': [], 'extras': [], 'rate_id': 7312, 'deals': [], 'cancellation_type': 'special', 'credit_card': 1, 'bonus': 230, 'miles': 276, 'min_stay': 1, 'platichastyami': 0, 'mircashback': 460}, {'id': 397254, 'capacity': 3, 'prepayment': 'FULL', 'nonrefundable': 0, 'cancellation_period': 1, 'cancellation_fee': 'FIRST', 'breakfast': 0, 'base_price': 4200, 'prices': [4200], 'price': 4200, 'old_price': 4200, 'currency': 'RUB', 'payment_amount': 4200, 'extras_variants': [], 'extras': [], 'rate_id': 7311, 'deals': [], 'cancellation_type': 'special', 'credit_card': 1, 'bonus': 210, 'miles': 252, 'min_stay': 1, 'platichastyami': 0, 'mircashback': 420}, {'id': 397281, 'capacity': 3, 'prepayment': 'FULL', 'nonrefundable': 0, 'cancellation_period': 1, 'cancellation_fee': 'FIRST', 'breakfast': 1, 'base_price': 5700, 'prices': [5700], 'price': 5700, 'old_price': 5700, 'currency': 'RUB', 'payment_amount': 5700, 'extras_variants': [], 'extras': [], 'rate_id': 7312, 'deals': [], 'cancellation_type': 'special', 'credit_card': 1, 'bonus': 285, 'miles': 342, 'min_stay': 1, 'platichastyami': 0, 'mircashback': 570}, {'id': 397255, 'capacity': 4, 'prepayment': 'FULL', 'nonrefundable': 0, 'cancellation_period': 1, 'cancellation_fee': 'FIRST', 'breakfast': 0, 'base_price': 4800, 'prices': [4800], 'price': 4800, 'old_price': 4800, 'currency': 'RUB', 'payment_amount': 4800, 'extras_variants': [], 'extras': [], 'rate_id': 7311, 'deals': [], 'cancellation_type': 'special', 'credit_card': 1, 'bonus': 240, 'miles': 288, 'min_stay': 1, 'platichastyami': 0, 'mircashback': 480}, {'id': 397282, 'capacity': 4, 'prepayment': 'FULL', 'nonrefundable': 0, 'cancellation_period': 1, 'cancellation_fee': 'FIRST', 'breakfast': 1, 'base_price': 6800, 'prices': [6800], 'price': 6800, 'old_price': 6800, 'currency': 'RUB', 'payment_amount': 6800, 'extras_variants': [], 'extras': [], 'rate_id': 7312, 'deals': [], 'cancellation_type': 'special', 'credit_card': 1, 'bonus': 340, 'miles': 408, 'min_stay': 1, 'platichastyami': 0, 'mircashback': 680}]",3000.0,180,462906_101hotels,2026-07-31
2182001,,Семейный 2+1+1,4,0,0,1,Четырехместный,34,1,"[{'single': 2, 'double': 1}]",[],"[{'id': 397259, 'capacity': 1, 'prepayment': 'FULL', 'nonrefundable': 0, 'cancellation_period': 1, 'cancellation_fee': 'FIRST', 'breakfast': 0, 'base_price': 4200, 'prices': [4200], 'price': 4200, 'old_price': 4200, 'currency': 'RUB', 'payment_amount': 4200, 'extras_variants': [], 'extras': [], 'rate_id': 7311, 'deals': [], 'cancellation_type': 'special', 'credit_card': 1, 'bonus': 210, 'miles': 252, 'min_stay': 1, 'platichastyami': 0, 'mircashback': 420}, {'id': 397286, 'capacity': 1, 'prepayment': 'FULL', 'nonrefundable': 0, 'cancellation_period': 1, 'cancellation_fee': 'FIRST', 'breakfast': 1, 'base_price': 4700, 'prices': [4700], 'price': 4700, 'old_price': 4700, 'currency': 'RUB', 'payment_amount': 4700, 'extras_variants': [], 'extras': [], 'rate_id': 7312, 'deals': [], 'cancellation_type': 'special', 'credit_card': 1, 'bonus': 235, 'miles': 282, 'min_stay': 1, 'platichastyami': 0, 'mircashback': 470}, {'id': 397260, 'capacity': 2, 'prepayment': 'FULL', 'nonrefundable': 0, 'cancellation_period': 1, 'cancellation_fee': 'FIRST', 'breakfast': 0, 'base_price': 4200, 'prices': [4200], 'price': 4200, 'old_price': 4200, 'currency': 'RUB', 'payment_amount': 4200, 'extras_variants': [], 'extras': [], 'rate_id': 7311, 'deals': [], 'cancellation_type': 'special', 'credit_card': 1, 'bonus': 210, 'miles': 252, 'min_stay': 1, 'platichastyami': 0, 'mircashback': 420}, {'id': 397287, 'capacity': 2, 'prepayment': 'FULL', 'nonrefundable': 0, 'cancellation_period': 1, 'cancellation_fee': 'FIRST', 'breakfast': 1, 'base_price': 5200, 'prices': [5200], 'price': 5200, 'old_price': 5200, 'currency': 'RUB', 'payment_amount': 5200, 'extras_variants': [], 'extras': [], 'rate_id': 7312, 'deals': [], 'cancellation_type': 'special', 'credit_card': 1, 'bonus': 260, 'miles': 312, 'min_stay': 1, 'platichastyami': 0, 'mircashback': 520}, {'id': 397261, 'capacity': 3, 'prepayment': 'FULL', 'nonrefundable': 0, 'cancellation_period': 1, 'cancellation_fee': 'FIRST', 'breakfast': 0, 'base_price': 5400, 'prices': [5400], 'price': 5400, 'old_price': 5400, 'currency': 'RUB', 'payment_amount': 5400, 'extras_variants': [], 'extras': [], 'rate_id': 7311, 'deals': [], 'cancellation_type': 'special', 'credit_card': 1, 'bonus': 270, 'miles': 324, 'min_stay': 1, 'platichastyami': 0, 'mircashback': 540}, {'id': 397288, 'capacity': 3, 'prepayment': 'FULL', 'nonrefundable': 0, 'cancellation_period': 1, 'cancellation_fee': 'FIRST', 'breakfast': 1, 'base_price': 6900, 'prices': [6900], 'price': 6900, 'old_price': 6900, 'currency': 'RUB', 'payment_amount': 6900, 'extras_variants': [], 'extras': [], 'rate_id': 7312, 'deals': [], 'cancellation_type': 'special', 'credit_card': 1, 'bonus': 345, 'miles': 414, 'min_stay': 1, 'platichastyami': 0, 'mircashback': 690}, {'id': 849840, 'capacity': 4, 'prepayment': 'FULL', 'nonrefundable': 0, 'cancellation_period': 1, 'cancellation_fee': 'FIRST', 'breakfast': 0, 'base_price': 5400, 'prices': [5400], 'price': 5400, 'old_price': 5400, 'currency': 'RUB', 'payment_amount': 5400, 'extras_variants': [], 'extras': [], 'rate_id': 7311, 'deals': [], 'cancellation_type': 'special', 'credit_card': 1, 'bonus': 270, 'miles': 324, 'min_stay': 1, 'platichastyami': 0, 'mircashback': 540}, {'id': 849841, 'capacity': 4, 'prepayment': 'FULL', 'nonrefundable': 0, 'cancellation_period': 1, 'cancellation_fee': 'FIRST', 'breakfast': 1, 'base_price': 7400, 'prices': [7400], 'price': 7400, 'old_price': 7400, 'currency': 'RUB', 'payment_amount': 7400, 'extras_variants': [], 'extras': [], 'rate_id': 7312, 'deals': [], 'cancellation_type': 'special', 'credit_card': 1, 'bonus': 370, 'miles': 444, 'min_stay': 1, 'platichastyami': 0, 'mircashback': 740}]",4200.0,252,462906_101hotels,2026-07-31
2206701,,С диваном,4,0,0,1,Семейный,44,1,"[{'double': 1, 'sofa': 1}]",[],"[{'id': 397266, 'capacity': 1, 'prepayment': 'FULL', 'nonrefundable': 0, 'cancellation_period': 1, 'cancellation_fee': 'FIRST', 'breakfast': 0, 'base_price': 4200, 'prices': [4200], 'price': 4200, 'old_price': 4200, 'currency': 'RUB', 'payment_amount': 4200, 'extras_variants': [], 'extras': [], 'rate_id': 7311, 'deals': [], 'cancellation_type': 'special', 'credit_card': 1, 'bonus': 210, 'miles': 252, 'min_stay': 1, 'platichastyami': 0, 'mircashback': 420}, {'id': 397293, 'capacity': 1, 'prepayment': 'FULL', 'nonrefundable': 0, 'cancellation_period': 1, 'cancellation_fee': 'FIRST', 'breakfast': 1, 'base_price': 4700, 'prices': [4700], 'price': 4700, 'old_price': 4700, 'currency': 'RUB', 'payment_amount': 4700, 'extras_variants': [], 'extras': [], 'rate_id': 7312, 'deals': [], 'cancellation_type': 'special', 'credit_card': 1, 'bonus': 235, 'miles': 282, 'min_stay': 1, 'platichastyami': 0, 'mircashback': 470}, {'id': 397267, 'capacity': 2, 'prepayment': 'FULL', 'nonrefundable': 0, 'cancellation_period': 1, 'cancellation_fee': 'FIRST', 'breakfast': 0, 'base_price': 4200, 'prices': [4200], 'price': 4200, 'old_price': 4200, 'currency': 'RUB', 'payment_amount': 4200, 'extras_variants': [], 'extras': [], 'rate_id': 7311, 'deals': [], 'cancellation_type': 'special', 'credit_card': 1, 'bonus': 210, 'miles': 252, 'min_stay': 1, 'platichastyami': 0, 'mircashback': 420}, {'id': 397294, 'capacity': 2, 'prepayment': 'FULL', 'nonrefundable': 0, 'cancellation_period': 1, 'cancellation_fee': 'FIRST', 'breakfast': 1, 'base_price': 5200, 'prices': [5200], 'price': 5200, 'old_price': 5200, 'currency': 'RUB', 'payment_amount': 5200, 'extras_variants': [], 'extras': [], 'rate_id': 7312, 'deals': [], 'cancellation_type': 'special', 'credit_card': 1, 'bonus': 260, 'miles': 312, 'min_stay': 1, 'platichastyami': 0, 'mircashback': 520}, {'id': 397268, 'capacity': 3, 'prepayment': 'FULL', 'nonrefundable': 0, 'cancellation_period': 1, 'cancellation_fee': 'FIRST', 'breakfast': 0, 'base_price': 5400, 'prices': [5400], 'price': 5400, 'old_price': 5400, 'currency': 'RUB', 'payment_amount': 5400, 'extras_variants': [], 'extras': [], 'rate_id': 7311, 'deals': [], 'cancellation_type': 'special', 'credit_card': 1, 'bonus': 270, 'miles': 324, 'min_stay': 1, 'platichastyami': 0, 'mircashback': 540}, {'id': 397295, 'capacity': 3, 'prepayment': 'FULL', 'nonrefundable': 0, 'cancellation_period': 1, 'cancellation_fee': 'FIRST', 'breakfast': 1, 'base_price': 6900, 'prices': [6900], 'price': 6900, 'old_price': 6900, 'currency': 'RUB', 'payment_amount': 6900, 'extras_variants': [], 'extras': [], 'rate_id': 7312, 'deals': [], 'cancellation_type': 'special', 'credit_card': 1, 'bonus': 345, 'miles': 414, 'min_stay': 1, 'platichastyami': 0, 'mircashback': 690}, {'id': 397269, 'capacity': 4, 'prepayment': 'FULL', 'nonrefundable': 0, 'cancellation_period': 1, 'cancellation_fee': 'FIRST', 'breakfast': 0, 'base_price': 5400, 'prices': [5400], 'price': 5400, 'old_price': 5400, 'currency': 'RUB', 'payment_amount': 5400, 'extras_variants': [], 'extras': [], 'rate_id': 7311, 'deals': [], 'cancellation_type': 'special', 'credit_card': 1, 'bonus': 270, 'miles': 324, 'min_stay': 1, 'platichastyami': 0, 'mircashback': 540}, {'id': 397296, 'capacity': 4, 'prepayment': 'FULL', 'nonrefundable': 0, 'cancellation_period': 1, 'cancellation_fee': 'FIRST', 'breakfast': 1, 'base_price': 7400, 'prices': [7400], 'price': 7400, 'old_price': 7400, 'currency': 'RUB', 'payment_amount': 7400, 'extras_variants': [], 'extras': [], 'rate_id': 7312, 'deals': [], 'cancellation_type': 'special', 'credit_card': 1, 'bonus': 370, 'miles': 444, 'min_stay': 1, 'platichastyami': 0, 'mircashback': 740}]",4200.0,252,462906_101hotels,2026-07-31
2260293,,Стандарт,7,0,0,1,Семиместный,42,1,[{'single': 7}],[],"[{'id': 691912, 'capacity': 1, 'prepayment': 'FULL', 'nonrefundable': 0, 'cancellation_period': 1, 'cancellation_fee': 'FIRST', 'breakfast': 0, 'base_price': 6000, 'prices': [6000], 'price': 6000, 'old_price': 6000, 'currency': 'RUB', 'payment_amount': 6000, 'extras_variants': [], 'extras': [], 'rate_id': 7311, 'deals': [], 'cancellation_type': 'special', 'credit_card': 1, 'bonus': 300, 'miles': 360, 'min_stay': 1, 'platichastyami': 0, 'mircashback': 600}, {'id': 691905, 'capacity': 1, 'prepayment': 'FULL', 'nonrefundable': 0, 'cancellation_period': 1, 'cancellation_fee': 'FIRST', 'breakfast': 1, 'base_price': 6500, 'prices': [6500], 'price': 6500, 'old_price': 6500, 'currency': 'RUB', 'payment_amount': 6500, 'extras_variants': [], 'extras': [], 'rate_id': 7312, 'deals': [], 'cancellation_type': 'special', 'credit_card': 1, 'bonus': 325, 'miles': 390, 'min_stay': 1, 'platichastyami': 0, 'mircashback': 650}, {'id': 691913, 'capacity': 2, 'prepayment': 'FULL', 'nonrefundable': 0, 'cancellation_period': 1, 'cancellation_fee': 'FIRST', 'breakfast': 0, 'base_price': 6000, 'prices': [6000], 'price': 6000, 'old_price': 6000, 'currency': 'RUB', 'payment_amount': 6000, 'extras_variants': [], 'extras': [], 'rate_id': 7311, 'deals': [], 'cancellation_type': 'special', 'credit_card': 1, 'bonus': 300, 'miles': 360, 'min_stay': 1, 'platichastyami': 0, 'mircashback': 600}, {'id': 691906, 'capacity': 2, 'prepayment': 'FULL', 'nonrefundable': 0, 'cancellation_period': 1, 'cancellation_fee': 'FIRST', 'breakfast': 1, 'base_price': 7000, 'prices': [7000], 'price': 7000, 'old_price': 7000, 'currency': 'RUB', 'payment_amount': 7000, 'extras_variants': [], 'extras': [], 'rate_id': 7312, 'deals': [], 'cancellation_type': 'special', 'credit_card': 1, 'bonus': 350, 'miles': 420, 'min_stay': 1, 'platichastyami': 0, 'mircashback': 700}, {'id': 691914, 'capacity': 3, 'prepayment': 'FULL', 'nonrefundable': 0, 'cancellation_period': 1, 'cancellation_fee': 'FIRST', 'breakfast': 0, 'base_price': 6000, 'prices': [6000], 'price': 6000, 'old_price': 6000, 'currency': 'RUB', 'payment_amount': 6000, 'extras_variants': [], 'extras': [], 'rate_id': 7311, 'deals': [], 'cancellation_type': 'special', 'credit_card': 1, 'bonus': 300, 'miles': 360, 'min_stay': 1, 'platichastyami': 0, 'mircashback': 600}, {'id': 691907, 'capacity': 3, 'prepayment': 'FULL', 'nonrefundable': 0, 'cancellation_period': 1, 'cancellation_fee': 'FIRST', 'breakfast': 1, 'base_price': 7500, 'prices': [7500], 'price': 7500, 'old_price': 7500, 'currency': 'RUB', 'payment_amount': 7500, 'extras_variants': [], 'extras': [], 'rate_id': 7312, 'deals': [], 'cancellation_type': 'special', 'credit_card': 1, 'bonus': 375, 'miles': 450, 'min_stay': 1, 'platichastyami': 0, 'mircashback': 750}, {'id': 691915, 'capacity': 4, 'prepayment': 'FULL', 'nonrefundable': 0, 'cancellation_period': 1, 'cancellation_fee': 'FIRST', 'breakfast': 0, 'base_price': 6000, 'prices': [6000], 'price': 6000, 'old_price': 6000, 'currency': 'RUB', 'payment_amount': 6000, 'extras_variants': [], 'extras': [], 'rate_id': 7311, 'deals': [], 'cancellation_type': 'special', 'credit_card': 1, 'bonus': 300, 'miles': 360, 'min_stay': 1, 'platichastyami': 0, 'mircashback': 600}, {'id': 691908, 'capacity': 4, 'prepayment': 'FULL', 'nonrefundable': 0, 'cancellation_period': 1, 'cancellation_fee': 'FIRST', 'breakfast': 1, 'base_price': 8000, 'prices': [8000], 'price': 8000, 'old_price': 8000, 'currency': 'RUB', 'payment_amount': 8000, 'extras_variants': [], 'extras': [], 'rate_id': 7312, 'deals': [], 'cancellation_type': 'special', 'credit_card': 1, 'bonus': 400, 'miles': 480, 'min_stay': 1, 'platichastyami': 0, 'mircashback': 800}, {'id': 691916, 'capacity': 5, 'prepayment': 'FULL', 'nonrefundable': 0, 'cancellation_period': 1, 'cancellation_fee': 'FIRST', 'breakfast': 0, 'base_price': 6000, 'prices': [6000], 'price': 6000, 'old_price': 6000, 'currency': 'RUB', 'payment_amount': 6000, 'extras_variants': [], 'extras': [], 'rate_id': 7311, 'deals': [], 'cancellation_type': 'special', 'credit_card': 1, 'bonus': 300, 'miles': 360, 'min_stay': 1, 'platichastyami': 0, 'mircashback': 600}, {'id': 691909, 'capacity': 5, 'prepayment': 'FULL', 'nonrefundable': 0, 'cancellation_period': 1, 'cancellation_fee': 'FIRST', 'breakfast': 1, 'base_price': 8500, 'prices': [8500], 'price': 8500, 'old_price': 8500, 'currency': 'RUB', 'payment_amount': 8500, 'extras_variants': [], 'extras': [], 'rate_id': 7312, 'deals': [], 'cancellation_type': 'special', 'credit_card': 1, 'bonus': 425, 'miles': 510, 'min_stay': 1, 'platichastyami': 0, 'mircashback': 850}, {'id': 691917, 'capacity': 6, 'prepayment': 'FULL', 'nonrefundable': 0, 'cancellation_period': 1, 'cancellation_fee': 'FIRST', 'breakfast': 0, 'base_price': 7200, 'prices': [7200], 'price': 7200, 'old_price': 7200, 'currency': 'RUB', 'payment_amount': 7200, 'extras_variants': [], 'extras': [], 'rate_id': 7311, 'deals': [], 'cancellation_type': 'special', 'credit_card': 1, 'bonus': 360, 'miles': 432, 'min_stay': 1, 'platichastyami': 0, 'mircashback': 720}, {'id': 691910, 'capacity': 6, 'prepayment': 'FULL', 'nonrefundable': 0, 'cancellation_period': 1, 'cancellation_fee': 'FIRST', 'breakfast': 1, 'base_price': 10200, 'prices': [10200], 'price': 10200, 'old_price': 10200, 'currency': 'RUB', 'payment_amount': 10200, 'extras_variants': [], 'extras': [], 'rate_id': 7312, 'deals': [], 'cancellation_type': 'special', 'credit_card': 1, 'bonus': 510, 'miles': 612, 'min_stay': 1, 'platichastyami': 0, 'mircashback': 1020}, {'id': 691918, 'capacity': 7, 'prepayment': 'FULL', 'nonrefundable': 0, 'cancellation_period': 1, 'cancellation_fee': 'FIRST', 'breakfast': 0, 'base_price': 8400, 'prices': [8400], 'price': 8400, 'old_price': 8400, 'currency': 'RUB', 'payment_amount': 8400, 'extras_variants': [], 'extras': [], 'rate_id': 7311, 'deals': [], 'cancellation_type': 'special', 'credit_card': 1, 'bonus': 420, 'miles': 504, 'min_stay': 1, 'platichastyami': 0, 'mircashback': 840}, {'id': 691911, 'capacity': 7, 'prepayment': 'FULL', 'nonrefundable': 0, 'cancellation_period': 1, 'cancellation_fee': 'FIRST', 'breakfast': 1, 'base_price': 11900, 'prices': [11900], 'price': 11900, 'old_price': 11900, 'currency': 'RUB', 'payment_amount': 11900, 'extras_variants': [], 'extras': [], 'rate_id': 7312, 'deals': [], 'cancellation_type': 'special', 'credit_card': 1, 'bonus': 595, 'miles': 714, 'min_stay': 1, 'platichastyami': 0, 'mircashback': 1190}]",6000.0,360,462906_101hotels,2026-07-31
2283711,,Стандарт,2,0,0,1,Двухместный,2,2,[{'single': 2}],[],"[{'id': 887085, 'capacity': 1, 'prepayment': 'FULL', 'nonrefundable': 0, 'cancellation_period': 1, 'cancellation_fee': 'FIRST', 'breakfast': 0, 'base_price': 3000, 'prices': [3000], 'price': 3000, 'old_price': 3000, 'currency': 'RUB', 'payment_amount': 3000, 'extras_variants': [], 'extras': [], 'rate_id': 7311, 'deals': [], 'cancellation_type': 'special', 'credit_card': 1, 'bonus': 150, 'miles': 180, 'min_stay': 1, 'platichastyami': 0, 'mircashback': 300}, {'id': 887087, 'capacity': 1, 'prepayment': 'FULL', 'nonrefundable': 0, 'cancellation_period': 1, 'cancellation_fee': 'FIRST', 'breakfast': 1, 'base_price': 3500, 'prices': [3500], 'price': 3500, 'old_price': 3500, 'currency': 'RUB', 'payment_amount': 3500, 'extras_variants': [], 'extras': [], 'rate_id': 7312, 'deals': [], 'cancellation_type': 'special', 'credit_card': 1, 'bonus': 175, 'miles': 210, 'min_stay': 1, 'platichastyami': 0, 'mircashback': 350}, {'id': 887086, 'capacity': 2, 'prepayment': 'FULL', 'nonrefundable': 0, 'cancellation_period': 1, 'cancellation_fee': 'FIRST', 'breakfast': 0, 'base_price': 3600, 'prices': [3600], 'price': 3600, 'old_price': 3600, 'currency': 'RUB', 'payment_amount': 3600, 'extras_variants': [], 'extras': [], 'rate_id': 7311, 'deals': [], 'cancellation_type': 'special', 'credit_card': 1, 'bonus': 180, 'miles': 216, 'min_stay': 1, 'platichastyami': 0, 'mircashback': 360}, {'id': 887088, 'capacity': 2, 'prepayment': 'FULL', 'nonrefundable': 0, 'cancellation_period': 1, 'cancellation_fee': 'FIRST', 'breakfast': 1, 'base_price': 4600, 'prices': [4600], 'price': 4600, 'old_price': 4600, 'currency': 'RUB', 'payment_amount': 4600, 'extras_variants': [], 'extras': [], 'rate_id': 7312, 'deals': [], 'cancellation_type': 'special', 'credit_card': 1, 'bonus': 230, 'miles': 276, 'min_stay': 1, 'platichastyami': 0, 'mircashback': 460}]",3000.0,180,462906_101hotels,2026-07-31
2314153,,Эконом,4,0,0,1,Четырехместный,34,2,[{'single': 4}],[],"[{'id': 1168356, 'capacity': 1, 'prepayment': 'FULL', 'nonrefundable': 0, 'cancellation_period': 1, 'cancellation_fee': 'FIRST', 'breakfast': 0, 'base_price': 2400, 'prices': [2400], 'price': 2400, 'old_price': 2400, 'currency': 'RUB', 'payment_amount': 2400, 'extras_variants': [], 'extras': [], 'rate_id': 7311, 'deals': [], 'cancellation_type': 'special', 'credit_card': 1, 'bonus': 120, 'miles': 144, 'min_stay': 1, 'platichastyami': 0, 'mircashback': 240}, {'id': 1168352, 'capacity': 1, 'prepayment': 'FULL', 'nonrefundable': 0, 'cancellation_period': 1, 'cancellation_fee': 'FIRST', 'breakfast': 1, 'base_price': 2900, 'prices': [2900], 'price': 2900, 'old_price': 2900, 'currency': 'RUB', 'payment_amount': 2900, 'extras_variants': [], 'extras': [], 'rate_id': 7312, 'deals': [], 'cancellation_type': 'special', 'credit_card': 1, 'bonus': 145, 'miles': 174, 'min_stay': 1, 'platichastyami': 0, 'mircashback': 290}, {'id': 1168357, 'capacity': 2, 'prepayment': 'FULL', 'nonrefundable': 0, 'cancellation_period': 1, 'cancellation_fee': 'FIRST', 'breakfast': 0, 'base_price': 3000, 'prices': [3000], 'price': 3000, 'old_price': 3000, 'currency': 'RUB', 'payment_amount': 3000, 'extras_variants': [], 'extras': [], 'rate_id': 7311, 'deals': [], 'cancellation_type': 'special', 'credit_card': 1, 'bonus': 150, 'miles': 180, 'min_stay': 1, 'platichastyami': 0, 'mircashback': 300}, {'id': 1168353, 'capacity': 2, 'prepayment': 'FULL', 'nonrefundable': 0, 'cancellation_period': 1, 'cancellation_fee': 'FIRST', 'breakfast': 1, 'base_price': 4000, 'prices': [4000], 'price': 4000, 'old_price': 4000, 'currency': 'RUB', 'payment_amount': 4000, 'extras_variants': [], 'extras': [], 'rate_id': 7312, 'deals': [], 'cancellation_type': 'special', 'credit_card': 1, 'bonus': 200, 'miles': 240, 'min_stay': 1, 'platichastyami': 0, 'mircashback': 400}, {'id': 1168358, 'capacity': 3, 'prepayment': 'FULL', 'nonrefundable': 0, 'cancellation_period': 1, 'cancellation_fee': 'FIRST', 'breakfast': 0, 'base_price': 3600, 'prices': [3600], 'price': 3600, 'old_price': 3600, 'currency': 'RUB', 'payment_amount': 3600, 'extras_variants': [], 'extras': [], 'rate_id': 7311, 'deals': [], 'cancellation_type': 'special', 'credit_card': 1, 'bonus': 180, 'miles': 216, 'min_stay': 1, 'platichastyami': 0, 'mircashback': 360}, {'id': 1168354, 'capacity': 3, 'prepayment': 'FULL', 'nonrefundable': 0, 'cancellation_period': 1, 'cancellation_fee': 'FIRST', 'breakfast': 1, 'base_price': 5100, 'prices': [5100], 'price': 5100, 'old_price': 5100, 'currency': 'RUB', 'payment_amount': 5100, 'extras_variants': [], 'extras': [], 'rate_id': 7312, 'deals': [], 'cancellation_type': 'special', 'credit_card': 1, 'bonus': 255, 'miles': 306, 'min_stay': 1, 'platichastyami': 0, 'mircashback': 510}, {'id': 1168359, 'capacity': 4, 'prepayment': 'FULL', 'nonrefundable': 0, 'cancellation_period': 1, 'cancellation_fee': 'FIRST', 'breakfast': 0, 'base_price': 4200, 'prices': [4200], 'price': 4200, 'old_price': 4200, 'currency': 'RUB', 'payment_amount': 4200, 'extras_variants': [], 'extras': [], 'rate_id': 7311, 'deals': [], 'cancellation_type': 'special', 'credit_card': 1, 'bonus': 210, 'miles': 252, 'min_stay': 1, 'platichastyami': 0, 'mircashback': 420}, {'id': 1168355, 'capacity': 4, 'prepayment': 'FULL', 'nonrefundable': 0, 'cancellation_period': 1, 'cancellation_fee': 'FIRST', 'breakfast': 1, 'base_price': 6200, 'prices': [6200], 'price': 6200, 'old_price': 6200, 'currency': 'RUB', 'payment_amount': 6200, 'extras_variants': [], 'extras': [], 'rate_id': 7312, 'deals': [], 'cancellation_type': 'special', 'credit_card': 1, 'bonus': 310, 'miles': 372, 'min_stay': 1, 'platichastyami': 0, 'mircashback': 620}]",2400.0,144,462906_101hotels,2026-07-31
72014,,Сингл (вторая категория),1,0,0,1,Одноместный,1,6,[{'single': 1}],[],"[{'id': 560363, 'capacity': 1, 'prepayment': 'NO', 'nonrefundable': 0, 'cancellation_period': 0, 'cancellation_fee': 'NO', 'breakfast': 0, 'base_price': 4200, 'prices': [4200], 'price': 4200, 'old_price': 0, 'currency': 'RUB', 'payment_amount': 0, 'extras_variants': [], 'extras': [], 'rate_id': 18216, 'deals': [], 'cancellation_type': 'free', 'credit_card': 0, 'bonus': 210, 'miles': 252, 'min_stay': 1, 'platichastyami': 0, 'mircashback': 420}]",4200.0,252,13519_101hotels,2026-07-31
72016,,"Twin, Эконом",2,0,0,0,Двухместный,2,2,[{'single': 2}],[],"[{'id': 560365, 'capacity': 1, 'prepayment': 'NO', 'nonrefundable': 0, 'cancellation_period': 0, 'cancellation_fee': 'NO', 'breakfast': 0, 'base_price': 3000, 'prices': [3000], 'price': 3000, 'old_price': 0, 'currency': 'RUB', 'payment_amount': 0, 'extras_variants': [], 'extras': [], 'rate_id': 18216, 'deals': [], 'cancellation_type': 'free', 'credit_card': 0, 'bonus': 150, 'miles': 180, 'min_stay': 1, 'platichastyami': 0, 'mircashback': 300}, {'id': 560366, 'capacity': 2, 'prepayment': 'NO', 'nonrefundable': 0, 'cancellation_period': 0, 'cancellation_fee': 'NO', 'breakfast': 0, 'base_price': 3000, 'prices': [3000], 'price': 3000, 'old_price': 0, 'currency': 'RUB', 'payment_amount': 0, 'extras_variants': [], 'extras': [], 'rate_id': 18216, 'deals': [], 'cancellation_type': 'free', 'credit_card': 0, 'bonus': 150, 'miles': 180, 'min_stay': 1, 'platichastyami': 0, 'mircashback': 300}]",3000.0,180,13519_101hotels,2026-07-31
72017,,Twin (вторая категория),2,0,0,1,Двухместный,2,9,[{'single': 2}],[],"[{'id': 560367, 'capacity': 1, 'prepayment': 'NO', 'nonrefundable': 0, 'cancellation_period': 0, 'cancellation_fee': 'NO', 'breakfast': 0, 'base_price': 5000, 'prices': [5000], 'price': 5000, 'old_price': 0, 'currency': 'RUB', 'payment_amount': 0, 'extras_variants': [], 'extras': [], 'rate_id': 18216, 'deals': [], 'cancellation_type': 'free', 'credit_card': 0, 'bonus': 250, 'miles': 300, 'min_stay': 1, 'platichastyami': 0, 'mircashback': 500}, {'id': 560368, 'capacity': 2, 'prepayment': 'NO', 'nonrefundable': 0, 'cancellation_period': 0, 'cancellation_fee': 'NO', 'breakfast': 0, 'base_price': 5000, 'prices': [5000], 'price': 5000, 'old_price': 0, 'currency': 'RUB', 'payment_amount': 0, 'extras_variants': [], 'extras': [], 'rate_id': 18216, 'deals': [], 'cancellation_type': 'free', 'credit_card': 0, 'bonus': 250, 'miles': 300, 'min_stay': 1, 'platichastyami': 0, 'mircashback': 500}]",5000.0,300,13519_101hotels,2026-07-31
72020,,Двухкомнатный Twin (вторая категория),2,0,0,1,Двухместный,2,2,[{'single': 2}],[],"[{'id': 560369, 'capacity': 1, 'prepayment': 'NO', 'nonrefundable': 0, 'cancellation_period': 0, 'cancellation_fee': 'NO', 'breakfast': 0, 'base_price': 5400, 'prices': [5400], 'price': 5400, 'old_price': 0, 'currency': 'RUB', 'payment_amount': 0, 'extras_variants': [], 'extras': [], 'rate_id': 18216, 'deals': [], 'cancellation_type': 'free', 'credit_card': 0, 'bonus': 270, 'miles': 324, 'min_stay': 1, 'platichastyami': 0, 'mircashback': 540}, {'id': 560370, 'capacity': 2, 'prepayment': 'NO', 'nonrefundable': 0, 'cancellation_period': 0, 'cancellation_fee': 'NO', 'breakfast': 0, 'base_price': 5400, 'prices': [5400], 'price': 5400, 'old_price': 0, 'currency': 'RUB', 'payment_amount': 0, 'extras_variants': [], 'extras': [], 'rate_id': 18216, 'deals': [], 'cancellation_type': 'free', 'credit_card': 0, 'bonus': 270, 'miles': 324, 'min_stay': 1, 'platichastyami': 0, 'mircashback': 540}]",5400.0,324,13519_101hotels,2026-07-31
2254042,,Двухкомнатный СЕМЕЙНЫЙ (третья категория),3,0,0,1,Трехместный,37,1,"[{'single': 1, 'double': 1}]",[],"[{'id': 635580, 'capacity': 1, 'prepayment': 'NO', 'nonrefundable': 0, 'cancellation_period': 0, 'cancellation_fee': 'NO', 'breakfast': 0, 'base_price': 6600, 'prices': [6600], 'price': 6600, 'old_price': 0, 'currency': 'RUB', 'payment_amount': 0, 'extras_variants': [], 'extras': [], 'rate_id': 18216, 'deals': [], 'cancellation_type': 'free', 'credit_card': 0, 'bonus': 330, 'miles': 396, 'min_stay': 1, 'platichastyami': 0, 'mircashback': 660}, {'id': 635581, 'capacity': 2, 'prepayment': 'NO', 'nonrefundable': 0, 'cancellation_period': 0, 'cancellation_fee': 'NO', 'breakfast': 0, 'base_price': 6600, 'prices': [6600], 'price': 6600, 'old_price': 0, 'currency': 'RUB', 'payment_amount': 0, 'extras_variants': [], 'extras': [], 'rate_id': 18216, 'deals': [], 'cancellation_type': 'free', 'credit_card': 0, 'bonus': 330, 'miles': 396, 'min_stay': 1, 'platichastyami': 0, 'mircashback': 660}, {'id': 635582, 'capacity': 3, 'prepayment': 'NO', 'nonrefundable': 0, 'cancellation_period': 0, 'cancellation_fee': 'NO', 'breakfast': 0, 'base_price': 6600, 'prices': [6600], 'price': 6600, 'old_price': 0, 'currency': 'RUB', 'payment_amount': 0, 'extras_variants': [], 'extras': [], 'rate_id': 18216, 'deals': [], 'cancellation_type': 'free', 'credit_card': 0, 'bonus': 330, 'miles': 396, 'min_stay': 1, 'platichastyami': 0, 'mircashback': 660}]",6600.0,396,13519_101hotels,2026-07-31
2254043,,Двухкомнатный (третья категория),3,0,0,1,Трехместный,37,3,[{'single': 3}],[],"[{'id': 635583, 'capacity': 1, 'prepayment': 'NO', 'nonrefundable': 0, 'cancellation_period': 0, 'cancellation_fee': 'NO', 'breakfast': 0, 'base_price': 6600, 'prices': [6600], 'price': 6600, 'old_price': 0, 'currency': 'RUB', 'payment_amount': 0, 'extras_variants': [], 'extras': [], 'rate_id': 18216, 'deals': [], 'cancellation_type': 'free', 'credit_card': 0, 'bonus': 330, 'miles': 396, 'min_stay': 1, 'platichastyami': 0, 'mircashback': 660}, {'id': 635584, 'capacity': 2, 'prepayment': 'NO', 'nonrefundable': 0, 'cancellation_period': 0, 'cancellation_fee': 'NO', 'breakfast': 0, 'base_price': 6600, 'prices': [6600], 'price': 6600, 'old_price': 0, 'currency': 'RUB', 'payment_amount': 0, 'extras_variants': [], 'extras': [], 'rate_id': 18216, 'deals': [], 'cancellation_type': 'free', 'credit_card': 0, 'bonus': 330, 'miles': 396, 'min_stay': 1, 'platichastyami': 0, 'mircashback': 660}, {'id': 635585, 'capacity': 3, 'prepayment': 'NO', 'nonrefundable': 0, 'cancellation_period': 0, 'cancellation_fee': 'NO', 'breakfast': 0, 'base_price': 6600, 'prices': [6600], 'price': 6600, 'old_price': 0, 'currency': 'RUB', 'payment_amount': 0, 'extras_variants': [], 'extras': [], 'rate_id': 18216, 'deals': [], 'cancellation_type': 'free', 'credit_card': 0, 'bonus': 330, 'miles': 396, 'min_stay': 1, 'platichastyami': 0, 'mircashback': 660}]",6600.0,396,13519_101hotels,2026-07-31
2229264,,Стандарт,2,0,0,1,Двухместный,2,3,[{'double': 1}],[],"[{'id': 389658, 'capacity': 1, 'prepayment': 'FULL', 'nonrefundable': 1, 'cancellation_period': 0, 'cancellation_fee': 'FIRST', 'breakfast': 0, 'base_price': 2700, 'prices': [2700], 'price': 2700, 'old_price': 2700, 'currency': 'RUB', 'payment_amount': 2700, 'extras_variants': [], 'extras': [], 'rate_id': 6823, 'deals': [], 'cancellation_type': 'nonrefundable', 'credit_card': 1, 'bonus': 135, 'miles': 162, 'min_stay': 1, 'platichastyami': 0, 'mircashback': 270}, {'id': 389659, 'capacity': 2, 'prepayment': 'FULL', 'nonrefundable': 1, 'cancellation_period': 0, 'cancellation_fee': 'FIRST', 'breakfast': 0, 'base_price': 2700, 'prices': [2700], 'price': 2700, 'old_price': 2700, 'currency': 'RUB', 'payment_amount': 2700, 'extras_variants': [], 'extras': [], 'rate_id': 6823, 'deals': [], 'cancellation_type': 'nonrefundable', 'credit_card': 1, 'bonus': 135, 'miles': 162, 'min_stay': 1, 'platichastyami': 0, 'mircashback': 270}]",2700.0,162,510819_101hotels,2026-07-31
2229265,,Койко-место,8,0,1,0,Восьмиместный,38,8,[{'single': 1}],[],"[{'id': 389660, 'capacity': 1, 'prepayment': 'FULL', 'nonrefundable': 1, 'cancellation_period': 0, 'cancellation_fee': 'FIRST', 'breakfast': 0, 'base_price': 1200, 'prices': [1200], 'price': 1200, 'old_price': 1200, 'currency': 'RUB', 'payment_amount': 1200, 'extras_variants': [], 'extras': [], 'rate_id': 6823, 'deals': [], 'cancellation_type': 'nonrefundable', 'credit_card': 1, 'bonus': 60, 'miles': 72, 'min_stay': 1, 'platichastyami': 0, 'mircashback': 120}]",1200.0,72,510819_101hotels,2026-07-31
2264940,,Семейные,2,2,0,1,Апартаменты,14,1,"[{'double': 1, 'sofa': 1}]",[],"[{'id': 721961, 'capacity': 1, 'prepayment': 'FULL', 'nonrefundable': 1, 'cancellation_period': 0, 'cancellation_fee': 'FIRST', 'breakfast': 0, 'base_price': 3600, 'prices': [3600], 'price': 3600, 'old_price': 3600, 'currency': 'RUB', 'payment_amount': 3600, 'extras_variants': [], 'extras': [], 'rate_id': 6823, 'deals': [], 'cancellation_type': 'nonrefundable', 'credit_card': 1, 'bonus': 180, 'miles': 216, 'min_stay': 1, 'platichastyami': 0, 'mircashback': 360}, {'id': 721962, 'capacity': 2, 'prepayment': 'FULL', 'nonrefundable': 1, 'cancellation_period': 0, 'cancellation_fee': 'FIRST', 'breakfast': 0, 'base_price': 3600, 'prices': [3600], 'price': 3600, 'old_price': 3600, 'currency': 'RUB', 'payment_amount': 3600, 'extras_variants': [], 'extras': [], 'rate_id': 6823, 'deals': [], 'cancellation_type': 'nonrefundable', 'credit_card': 1, 'bonus': 180, 'miles': 216, 'min_stay': 1, 'platichastyami': 0, 'mircashback': 360}]",3600.0,216,510819_101hotels,2026-07-31
2227631,,Комната № 1,2,1,0,1,Двухместный,2,1,"[{'single': 1, 'double': 1}, {'f-chair': 1}]",[],"[{'id': 424166, 'capacity': 1, 'prepayment': 'NO', 'nonrefundable': 0, 'cancellation_period': 0, 'cancellation_fee': 'NO', 'breakfast': 0, 'base_price': 3300, 'prices': [3300], 'price': 3300, 'old_price': 3300, 'currency': 'RUB', 'payment_amount': 0, 'extras_variants': [], 'extras': [], 'rate_id': 9060, 'deals': [], 'cancellation_type': 'free', 'credit_card': 0, 'bonus': 165, 'miles': 198, 'min_stay': 1, 'platichastyami': 0}, {'id': 424167, 'capacity': 2, 'prepayment': 'NO', 'nonrefundable': 0, 'cancellation_period': 0, 'cancellation_fee': 'NO', 'breakfast': 0, 'base_price': 3900, 'prices': [3900], 'price': 3900, 'old_price': 3900, 'currency': 'RUB', 'payment_amount': 0, 'extras_variants': [], 'extras': [], 'rate_id': 9060, 'deals': [], 'cancellation_type': 'free', 'credit_card': 0, 'bonus': 195, 'miles': 234, 'min_stay': 1, 'platichastyami': 0}]",3300.0,198,610841_101hotels,2026-07-31
2227635,,Комната № 5,2,0,0,1,Двухместный,2,1,"[{'single': 1}, {'single': 1}]",[],"[{'id': 424174, 'capacity': 1, 'prepayment': 'NO', 'nonrefundable': 0, 'cancellation_period': 0, 'cancellation_fee': 'NO', 'breakfast': 0, 'base_price': 4300, 'prices': [4300], 'price': 4300, 'old_price': 4300, 'currency': 'RUB', 'payment_amount': 0, 'extras_variants': [], 'extras': [], 'rate_id': 9060, 'deals': [], 'cancellation_type': 'free', 'credit_card': 0, 'bonus': 215, 'miles': 258, 'min_stay': 1, 'platichastyami': 0}, {'id': 424175, 'capacity': 2, 'prepayment': 'NO', 'nonrefundable': 0, 'cancellation_period': 0, 'cancellation_fee': 'NO', 'breakfast': 0, 'base_price': 5300, 'prices': [5300], 'price': 5300, 'old_price': 5300, 'currency': 'RUB', 'payment_amount': 0, 'extras_variants': [], 'extras': [], 'rate_id': 9060, 'deals': [], 'cancellation_type': 'free', 'credit_card': 0, 'bonus': 265, 'miles': 318, 'min_stay': 1, 'platichastyami': 0}]",4300.0,258,610841_101hotels,2026-07-31
2227636,,Комната № 6,2,0,0,1,Двухместный,2,1,[{'single': 2}],[],"[{'id': 424176, 'capacity': 1, 'prepayment': 'NO', 'nonrefundable': 0, 'cancellation_period': 0, 'cancellation_fee': 'NO', 'breakfast': 0, 'base_price': 5500, 'prices': [5500], 'price': 5500, 'old_price': 5500, 'currency': 'RUB', 'payment_amount': 0, 'extras_variants': [], 'extras': [], 'rate_id': 9060, 'deals': [], 'cancellation_type': 'free', 'credit_card': 0, 'bonus': 275, 'miles': 330, 'min_stay': 1, 'platichastyami': 0}, {'id': 424177, 'capacity': 2, 'prepayment': 'NO', 'nonrefundable': 0, 'cancellation_period': 0, 'cancellation_fee': 'NO', 'breakfast': 0, 'base_price': 6500, 'prices': [6500], 'price': 6500, 'old_price': 6500, 'currency': 'RUB', 'payment_amount': 0, 'extras_variants': [], 'extras': [], 'rate_id': 9060, 'deals': [], 'cancellation_type': 'free', 'credit_card': 0, 'bonus': 325, 'miles': 390, 'min_stay': 1, 'platichastyami': 0}]",5500.0,330,610841_101hotels,2026-07-31
2227637,,Комната № 7,1,0,0,1,Одноместный,1,1,[{'double': 1}],[],"[{'id': 424165, 'capacity': 1, 'prepayment': 'NO', 'nonrefundable': 0, 'cancellation_period': 0, 'cancellation_fee': 'NO', 'breakfast': 0, 'base_price': 5200, 'prices': [5200], 'price': 5200, 'old_price': 5200, 'currency': 'RUB', 'payment_amount': 0, 'extras_variants': [], 'extras': [], 'rate_id': 9060, 'deals': [], 'cancellation_type': 'free', 'credit_card': 0, 'bonus': 260, 'miles': 312, 'min_stay': 1, 'platichastyami': 0}]",5200.0,312,610841_101hotels,2026-07-31
2270770,,Комната № 4,4,2,0,1,Семейный,44,1,"[{'single': 2, 'double': 2}, {'single': 1}]",[],"[{'id': 762327, 'capacity': 1, 'prepayment': 'NO', 'nonrefundable': 0, 'cancellation_period': 0, 'cancellation_fee': 'NO', 'breakfast': 0, 'base_price': 6500, 'prices': [6500], 'price': 6500, 'old_price': 6500, 'currency': 'RUB', 'payment_amount': 0, 'extras_variants': [], 'extras': [], 'rate_id': 9060, 'deals': [], 'cancellation_type': 'free', 'credit_card': 0, 'bonus': 325, 'miles': 390, 'min_stay': 1, 'platichastyami': 0}, {'id': 762328, 'capacity': 2, 'prepayment': 'NO', 'nonrefundable': 0, 'cancellation_period': 0, 'cancellation_fee': 'NO', 'breakfast': 0, 'base_price': 7000, 'prices': [7000], 'price': 7000, 'old_price': 7000, 'currency': 'RUB', 'payment_amount': 0, 'extras_variants': [], 'extras': [], 'rate_id': 9060, 'deals': [], 'cancellation_type': 'free', 'credit_card': 0, 'bonus': 350, 'miles': 420, 'min_stay': 1, 'platichastyami': 0}, {'id': 762329, 'capacity': 3, 'prepayment': 'NO', 'nonrefundable': 0, 'cancellation_period': 0, 'cancellation_fee': 'NO', 'breakfast': 0, 'base_price': 7500, 'prices': [7500], 'price': 7500, 'old_price': 7500, 'currency': 'RUB', 'payment_amount': 0, 'extras_variants': [], 'extras': [], 'rate_id': 9060, 'deals': [], 'cancellation_type': 'free', 'credit_card': 0, 'bonus': 375, 'miles': 450, 'min_stay': 1, 'platichastyami': 0}, {'id': 762330, 'capacity': 4, 'prepayment': 'NO', 'nonrefundable': 0, 'cancellation_period': 0, 'cancellation_fee': 'NO', 'breakfast': 0, 'base_price': 8000, 'prices': [8000], 'price': 8000, 'old_price': 8000, 'currency': 'RUB', 'payment_amount': 0, 'extras_variants': [], 'extras': [], 'rate_id': 9060, 'deals': [], 'cancellation_type': 'free', 'credit_card': 0, 'bonus': 400, 'miles': 480, 'min_stay': 1, 'platichastyami': 0}]",6500.0,390,610841_101hotels,2026-07-31
2270772,,Комната №  3Б,4,0,1,1,Четырехместный,34,4,[{'2-tier': 1}],[],"[{'id': 762331, 'capacity': 1, 'prepayment': 'NO', 'nonrefundable': 0, 'cancellation_period': 0, 'cancellation_fee': 'NO', 'breakfast': 0, 'base_price': 1900, 'prices': [1900], 'price': 1900, 'old_price': 1900, 'currency': 'RUB', 'payment_amount': 0, 'extras_variants': [], 'extras': [], 'rate_id': 9060, 'deals': [], 'cancellation_type': 'free', 'credit_card': 0, 'bonus': 95, 'miles': 114, 'min_stay': 1, 'platichastyami': 0}]",1900.0,114,610841_101hotels,2026-07-31
2270773,,Комната № 1 А,4,1,1,0,Четырехместный,34,3,[{'single': 1}],[],"[{'id': 762332, 'capacity': 1, 'prepayment': 'NO', 'nonrefundable': 0, 'cancellation_period': 0, 'cancellation_fee': 'NO', 'breakfast': 0, 'base_price': 1800, 'prices': [1800], 'price': 1800, 'old_price': 1800, 'currency': 'RUB', 'payment_amount': 0, 'extras_variants': [], 'extras': [], 'rate_id': 9060, 'deals': [], 'cancellation_type': 'free', 'credit_card': 0, 'bonus': 90, 'miles': 108, 'min_stay': 1, 'platichastyami': 0}]",1800.0,108,610841_101hotels,2026-07-31
2253180,,Студия 63-1,2,0,0,1,Студио,5,1,[{'double': 1}],[],"[{'id': 626584, 'capacity': 1, 'prepayment': 'FULL', 'nonrefundable': 0, 'cancellation_period': 0, 'cancellation_fee': 'NO', 'breakfast': 0, 'base_price': 3367, 'prices': [3367], 'price': 3367, 'old_price': 3367, 'currency': 'RUB', 'payment_amount': 3367, 'extras_variants': [], 'extras': [], 'rate_id': 23089, 'deals': [], 'cancellation_type': 'free', 'credit_card': 1, 'bonus': 168, 'miles': 201, 'min_stay': 1, 'platichastyami': 0, 'mircashback': 337}, {'id': 626585, 'capacity': 2, 'prepayment': 'FULL', 'nonrefundable': 0, 'cancellation_period': 0, 'cancellation_fee': 'NO', 'breakfast': 0, 'base_price': 3367, 'prices': [3367], 'price': 3367, 'old_price': 3367, 'currency': 'RUB', 'payment_amount': 3367, 'extras_variants': [], 'extras': [], 'rate_id': 23089, 'deals': [], 'cancellation_type': 'free', 'credit_card': 1, 'bonus': 168, 'miles': 201, 'min_stay': 1, 'platichastyami': 0, 'mircashback': 337}]",3367.0,201,658938_101hotels,2026-07-31
2272175,,ГОСТИру на улице Ленина,8,0,0,1,Апартаменты,14,1,"[{'single': 2, 'double': 1, 'sofa': 2}]","[{'id': '23337', 'number': '1', 'min_age': '0', 'max_age': '2', 'is_extra_bed': '0', 'extra_bed_type_id': '0'}]","[{'id': 773393, 'capacity': 1, 'prepayment': 'FULL', 'nonrefundable': 0, 'cancellation_period': 0, 'cancellation_fee': 'NO', 'breakfast': 0, 'base_price': 9425, 'prices': [9425], 'price': 9425, 'old_price': 9425, 'currency': 'RUB', 'payment_amount': 9425, 'extras_variants': [], 'extras': {'23337': {'id': 23337, 'number': 1, 'extra_bed_type_id': 0, 'age': [0, 2], 'extra_bed': 0, 'free': 1}}, 'rate_id': 34420, 'deals': [], 'cancellation_type': 'free', 'credit_card': 1, 'bonus': 471, 'miles': 564, 'min_stay': 1, 'platichastyami': 0, 'mircashback': 943}, {'id': 773394, 'capacity': 2, 'prepayment': 'FULL', 'nonrefundable': 0, 'cancellation_period': 0, 'cancellation_fee': 'NO', 'breakfast': 0, 'base_price': 9425, 'prices': [9425], 'price': 9425, 'old_price': 9425, 'currency': 'RUB', 'payment_amount': 9425, 'extras_variants': [], 'extras': {'23337': {'id': 23337, 'number': 1, 'extra_bed_type_id': 0, 'age': [0, 2], 'extra_bed': 0, 'free': 1}}, 'rate_id': 34420, 'deals': [], 'cancellation_type': 'free', 'credit_card': 1, 'bonus': 471, 'miles': 564, 'min_stay': 1, 'platichastyami': 0, 'mircashback': 943}, {'id': 773395, 'capacity': 3, 'prepayment': 'FULL', 'nonrefundable': 0, 'cancellation_period': 0, 'cancellation_fee': 'NO', 'breakfast': 0, 'base_price': 9725, 'prices': [9725], 'price': 9725, 'old_price': 9725, 'currency': 'RUB', 'payment_amount': 9725, 'extras_variants': [], 'extras': {'23337': {'id': 23337, 'number': 1, 'extra_bed_type_id': 0, 'age': [0, 2], 'extra_bed': 0, 'free': 1}}, 'rate_id': 34420, 'deals': [], 'cancellation_type': 'free', 'credit_card': 1, 'bonus': 486, 'miles': 582, 'min_stay': 1, 'platichastyami': 0, 'mircashback': 973}, {'id': 773396, 'capacity': 4, 'prepayment': 'FULL', 'nonrefundable': 0, 'cancellation_period': 0, 'cancellation_fee': 'NO', 'breakfast': 0, 'base_price': 10025, 'prices': [10025], 'price': 10025, 'old_price': 10025, 'currency': 'RUB', 'payment_amount': 10025, 'extras_variants': [], 'extras': {'23337': {'id': 23337, 'number': 1, 'extra_bed_type_id': 0, 'age': [0, 2], 'extra_bed': 0, 'free': 1}}, 'rate_id': 34420, 'deals': [], 'cancellation_type': 'free', 'credit_card': 1, 'bonus': 501, 'miles': 600, 'min_stay': 1, 'platichastyami': 0, 'mircashback': 1003}, {'id': 773397, 'capacity': 5, 'prepayment': 'FULL', 'nonrefundable': 0, 'cancellation_period': 0, 'cancellation_fee': 'NO', 'breakfast': 0, 'base_price': 10325, 'prices': [10325], 'price': 10325, 'old_price': 10325, 'currency': 'RUB', 'payment_amount': 10325, 'extras_variants': [], 'extras': {'23337': {'id': 23337, 'number': 1, 'extra_bed_type_id': 0, 'age': [0, 2], 'extra_bed': 0, 'free': 1}}, 'rate_id': 34420, 'deals': [], 'cancellation_type': 'free', 'credit_card': 1, 'bonus': 516, 'miles': 618, 'min_stay': 1, 'platichastyami': 0, 'mircashback': 1033}, {'id': 773398, 'capacity': 6, 'prepayment': 'FULL', 'nonrefundable': 0, 'cancellation_period': 0, 'cancellation_fee': 'NO', 'breakfast': 0, 'base_price': 10625, 'prices': [10625], 'price': 10625, 'old_price': 10625, 'currency': 'RUB', 'payment_amount': 10625, 'extras_variants': [], 'extras': {'23337': {'id': 23337, 'number': 1, 'extra_bed_type_id': 0, 'age': [0, 2], 'extra_bed': 0, 'free': 1}}, 'rate_id': 34420, 'deals': [], 'cancellation_type': 'free', 'credit_card': 1, 'bonus': 531, 'miles': 636, 'min_stay': 1, 'platichastyami': 0, 'mircashback': 1063}, {'id': 773399, 'capacity': 7, 'prepayment': 'FULL', 'nonrefundable': 0, 'cancellation_period': 0, 'cancellation_fee': 'NO', 'breakfast': 0, 'base_price': 10925, 'prices': [10925], 'price': 10925, 'old_price': 10925, 'currency': 'RUB', 'payment_amount': 10925, 'extras_variants': [], 'extras': {'23337': {'id': 23337, 'number': 1, 'extra_bed_type_id': 0, 'age': [0, 2], 'extra_bed': 0, 'free': 1}}, 'rate_id': 34420, 'deals': [], 'cancellation_type': 'free', 'credit_card': 1, 'bonus': 546, 'miles': 654, 'min_stay': 1, 'platichastyami': 0, 'mircashback': 1093}, {'id': 773400, 'capacity': 8, 'prepayment': 'FULL', 'nonrefundable': 0, 'cancellation_period': 0, 'cancellation_fee': 'NO', 'breakfast': 0, 'base_price': 11225, 'prices': [11225], 'price': 11225, 'old_price': 11225, 'currency': 'RUB', 'payment_amount': 11225, 'extras_variants': [], 'extras': {'23337': {'id': 23337, 'number': 1, 'extra_bed_type_id': 0, 'age': [0, 2], 'extra_bed': 0, 'free': 1}}, 'rate_id': 34420, 'deals': [], 'cancellation_type': 'free', 'credit_card': 1, 'bonus': 561, 'miles': 672, 'min_stay': 1, 'platichastyami': 0, 'mircashback': 1123}]",9425.0,564,665409_101hotels,2026-07-31
2271960,,Милая и комфортная Студия - АССОЛЬ,4,0,0,1,Апартаменты,14,1,"[{'double': 1, 'sofa': 1}]",[],"[{'id': 771585, 'capacity': 1, 'prepayment': 'FULL', 'nonrefundable': 0, 'cancellation_period': 0, 'cancellation_fee': 'NO', 'breakfast': 0, 'base_price': 4712, 'prices': [4712], 'price': 4712, 'old_price': 4712, 'currency': 'RUB', 'payment_amount': 4712, 'extras_variants': [], 'extras': [], 'rate_id': 34271, 'deals': [], 'cancellation_type': 'free', 'credit_card': 1, 'bonus': 236, 'miles': 282, 'min_stay': 1, 'platichastyami': 0, 'mircashback': 471}, {'id': 771586, 'capacity': 2, 'prepayment': 'FULL', 'nonrefundable': 0, 'cancellation_period': 0, 'cancellation_fee': 'NO', 'breakfast': 0, 'base_price': 4712, 'prices': [4712], 'price': 4712, 'old_price': 4712, 'currency': 'RUB', 'payment_amount': 4712, 'extras_variants': [], 'extras': [], 'rate_id': 34271, 'deals': [], 'cancellation_type': 'free', 'credit_card': 1, 'bonus': 236, 'miles': 282, 'min_stay': 1, 'platichastyami': 0, 'mircashback': 471}, {'id': 771587, 'capacity': 3, 'prepayment': 'FULL', 'nonrefundable': 0, 'cancellation_period': 0, 'cancellation_fee': 'NO', 'breakfast': 0, 'base_price': 5012, 'prices': [5012], 'price': 5012, 'old_price': 5012, 'currency': 'RUB', 'payment_amount': 5012, 'extras_variants': [], 'extras': [], 'rate_id': 34271, 'deals': [], 'cancellation_type': 'free', 'credit_card': 1, 'bonus': 251, 'miles': 300, 'min_stay': 1, 'platichastyami': 0, 'mircashback': 501}, {'id': 771588, 'capacity': 4, 'prepayment': 'FULL', 'nonrefundable': 0, 'cancellation_period': 0, 'cancellation_fee': 'NO', 'breakfast': 0, 'base_price': 5312, 'prices': [5312], 'price': 5312, 'old_price': 5312, 'currency': 'RUB', 'payment_amount': 5312, 'extras_variants': [], 'extras': [], 'rate_id': 34271, 'deals': [], 'cancellation_type': 'free', 'credit_card': 1, 'bonus': 266, 'miles': 318, 'min_stay': 1, 'platichastyami': 0, 'mircashback': 531}]",4712.0,282,665413_101hotels,2026-07-31
2273855,,Апартаменты Изумруд,2,0,0,1,Двухместный,2,1,[{'single': 2}],[],"[{'id': 786815, 'capacity': 1, 'prepayment': 'FULL', 'nonrefundable': 0, 'cancellation_period': 0, 'cancellation_fee': 'NO', 'breakfast': 0, 'base_price': 4200, 'prices': [4200], 'price': 3990, 'old_price': 4200, 'currency': 'RUB', 'payment_amount': 4200, 'extras_variants': [], 'extras': [], 'rate_id': 35327, 'deals': ['LAST_MINUTE'], 'cancellation_type': 'free', 'credit_card': 1, 'bonus': 200, 'miles': 237, 'min_stay': 1, 'platichastyami': 0, 'mircashback': 399}, {'id': 786816, 'capacity': 2, 'prepayment': 'FULL', 'nonrefundable': 0, 'cancellation_period': 0, 'cancellation_fee': 'NO', 'breakfast': 0, 'base_price': 4200, 'prices': [4200], 'price': 3990, 'old_price': 4200, 'currency': 'RUB', 'payment_amount': 4200, 'extras_variants': [], 'extras': [], 'rate_id': 35327, 'deals': ['LAST_MINUTE'], 'cancellation_type': 'free', 'credit_card': 1, 'bonus': 200, 'miles': 237, 'min_stay': 1, 'platichastyami': 0, 'mircashback': 399}]",3990.0,237,666216_101hotels,2026-07-31
2273856,,Апартаменты Небо,2,0,0,1,Двухместный,2,1,[{'double': 1}],[],"[{'id': 786826, 'capacity': 1, 'prepayment': 'FULL', 'nonrefundable': 0, 'cancellation_period': 0, 'cancellation_fee': 'NO', 'breakfast': 0, 'base_price': 4050, 'prices': [4050], 'price': 3847.5, 'old_price': 4050, 'currency': 'RUB', 'payment_amount': 4050, 'extras_variants': [], 'extras': [], 'rate_id': 35327, 'deals': ['LAST_MINUTE'], 'cancellation_type': 'free', 'credit_card': 1, 'bonus': 192, 'miles': 228, 'min_stay': 1, 'platichastyami': 0, 'mircashback': 385}, {'id': 786827, 'capacity': 2, 'prepayment': 'FULL', 'nonrefundable': 0, 'cancellation_period': 0, 'cancellation_fee': 'NO', 'breakfast': 0, 'base_price': 4050, 'prices': [4050], 'price': 3847.5, 'old_price': 4050, 'currency': 'RUB', 'payment_amount': 4050, 'extras_variants': [], 'extras': [], 'rate_id': 35327, 'deals': ['LAST_MINUTE'], 'cancellation_type': 'free', 'credit_card': 1, 'bonus': 192, 'miles': 228, 'min_stay': 1, 'platichastyami': 0, 'mircashback': 385}]",3847.5,228,666216_101hotels,2026-07-31
2273858,,Апартаменты Самолет,2,0,0,1,Двухместный,2,1,[{'double': 1}],[],"[{'id': 786873, 'capacity': 1, 'prepayment': 'FULL', 'nonrefundable': 0, 'cancellation_period': 0, 'cancellation_fee': 'NO', 'breakfast': 0, 'base_price': 4200, 'prices': [4200], 'price': 3990, 'old_price': 4200, 'currency': 'RUB', 'payment_amount': 4200, 'extras_variants': [], 'extras': [], 'rate_id': 35327, 'deals': ['LAST_MINUTE'], 'cancellation_type': 'free', 'credit_card': 1, 'bonus': 200, 'miles': 237, 'min_stay': 1, 'platichastyami': 0, 'mircashback': 399}, {'id': 786874, 'capacity': 2, 'prepayment': 'FULL', 'nonrefundable': 0, 'cancellation_period': 0, 'cancellation_fee': 'NO', 'breakfast': 0, 'base_price': 4200, 'prices': [4200], 'price': 3990, 'old_price': 4200, 'currency': 'RUB', 'payment_amount': 4200, 'extras_variants': [], 'extras': [], 'rate_id': 35327, 'deals': ['LAST_MINUTE'], 'cancellation_type': 'free', 'credit_card': 1, 'bonus': 200, 'miles': 237, 'min_stay': 1, 'platichastyami': 0, 'mircashback': 399}]",3990.0,237,666216_101hotels,2026-07-31
2287504,,Уютные около Аэропорта,4,0,0,1,Апартаменты,14,1,"[{'double': 1, 'sofa': 1}]",[],"[{'id': 934088, 'capacity': 1, 'prepayment': 'FULL', 'nonrefundable': 0, 'cancellation_period': 0, 'cancellation_fee': 'NO', 'breakfast': 0, 'base_price': 4388, 'prices': [4388], 'price': 4168.6, 'old_price': 4388, 'currency': 'RUB', 'payment_amount': 4388, 'extras_variants': [], 'extras': [], 'rate_id': 43230, 'deals': ['LAST_MINUTE'], 'cancellation_type': 'free', 'credit_card': 1, 'bonus': 208, 'miles': 249, 'min_stay': 1, 'platichastyami': 0, 'mircashback': 417}, {'id': 934089, 'capacity': 2, 'prepayment': 'FULL', 'nonrefundable': 0, 'cancellation_period': 0, 'cancellation_fee': 'NO', 'breakfast': 0, 'base_price': 4388, 'prices': [4388], 'price': 4168.6, 'old_price': 4388, 'currency': 'RUB', 'payment_amount': 4388, 'extras_variants': [], 'extras': [], 'rate_id': 43230, 'deals': ['LAST_MINUTE'], 'cancellation_type': 'free', 'credit_card': 1, 'bonus': 208, 'miles': 249, 'min_stay': 1, 'platichastyami': 0, 'mircashback': 417}, {'id': 934090, 'capacity': 3, 'prepayment': 'FULL', 'nonrefundable': 0, 'cancellation_period': 0, 'cancellation_fee': 'NO', 'breakfast': 0, 'base_price': 4888, 'prices': [4888], 'price': 4643.6, 'old_price': 4888, 'currency': 'RUB', 'payment_amount': 4888, 'extras_variants': [], 'extras': [], 'rate_id': 43230, 'deals': ['LAST_MINUTE'], 'cancellation_type': 'free', 'credit_card': 1, 'bonus': 232, 'miles': 276, 'min_stay': 1, 'platichastyami': 0, 'mircashback': 464}, {'id': 934091, 'capacity': 4, 'prepayment': 'FULL', 'nonrefundable': 0, 'cancellation_period': 0, 'cancellation_fee': 'NO', 'breakfast': 0, 'base_price': 5388, 'prices': [5388], 'price': 5118.6, 'old_price': 5388, 'currency': 'RUB', 'payment_amount': 5388, 'extras_variants': [], 'extras': [], 'rate_id': 43230, 'deals': ['LAST_MINUTE'], 'cancellation_type': 'free', 'credit_card': 1, 'bonus': 256, 'miles': 306, 'min_stay': 1, 'platichastyami': 0, 'mircashback': 512}]",4168.6,249,670094_101hotels,2026-07-31
2289886,,Апартаменты City Cpace,2,3,0,1,Двухместный,2,1,"[{'double': 1, 'sofa': 1, 'f-chair': 1}]","[{'id': '17653', 'number': '2', 'min_age': '0', 'max_age': '18', 'is_extra_bed': '1', 'extra_bed_type_id': '1'}]","[{'id': 955469, 'capacity': 1, 'prepayment': 'FULL', 'nonrefundable': 0, 'cancellation_period': 0, 'cancellation_fee': 'NO', 'breakfast': 0, 'base_price': 5460, 'prices': [5460], 'price': 5187, 'old_price': 5460, 'currency': 'RUB', 'payment_amount': 5460, 'extras_variants': [], 'extras': {'17653': {'id': 17653, 'number': 2, 'extra_bed_type_id': 1, 'age': [0, 18], 'extra_bed': 1, 'free': 1}}, 'rate_id': 44726, 'deals': ['LAST_MINUTE'], 'cancellation_type': 'free', 'credit_card': 1, 'bonus': 259, 'miles': 309, 'min_stay': 1, 'platichastyami': 0, 'mircashback': 519}, {'id': 955470, 'capacity': 2, 'prepayment': 'FULL', 'nonrefundable': 0, 'cancellation_period': 0, 'cancellation_fee': 'NO', 'breakfast': 0, 'base_price': 5460, 'prices': [5460], 'price': 5187, 'old_price': 5460, 'currency': 'RUB', 'payment_amount': 5460, 'extras_variants': [], 'extras': {'17653': {'id': 17653, 'number': 2, 'extra_bed_type_id': 1, 'age': [0, 18], 'extra_bed': 1, 'free': 1}}, 'rate_id': 44726, 'deals': ['LAST_MINUTE'], 'cancellation_type': 'free', 'credit_card': 1, 'bonus': 259, 'miles': 309, 'min_stay': 1, 'platichastyami': 0, 'mircashback': 519}]",5187.0,309,669839_101hotels,2026-07-31
2307167,,Студия в центре города,4,1,0,1,Апартаменты,14,1,"[{'double': 1, 'sofa': 1}]",[],"[{'id': 1100004, 'capacity': 1, 'prepayment': 'FULL', 'nonrefundable': 0, 'cancellation_period': 0, 'cancellation_fee': 'NO', 'breakfast': 0, 'base_price': 3625, 'prices': [3625], 'price': 3625, 'old_price': 3625, 'currency': 'RUB', 'payment_amount': 3625, 'extras_variants': [], 'extras': [], 'rate_id': 54651, 'deals': [], 'cancellation_type': 'free', 'credit_card': 1, 'bonus': 181, 'miles': 216, 'min_stay': 1, 'platichastyami': 0, 'mircashback': 363}, {'id': 1100005, 'capacity': 2, 'prepayment': 'FULL', 'nonrefundable': 0, 'cancellation_period': 0, 'cancellation_fee': 'NO', 'breakfast': 0, 'base_price': 3625, 'prices': [3625], 'price': 3625, 'old_price': 3625, 'currency': 'RUB', 'payment_amount': 3625, 'extras_variants': [], 'extras': [], 'rate_id': 54651, 'deals': [], 'cancellation_type': 'free', 'credit_card': 1, 'bonus': 181, 'miles': 216, 'min_stay': 1, 'platichastyami': 0, 'mircashback': 363}, {'id': 1100006, 'capacity': 3, 'prepayment': 'FULL', 'nonrefundable': 0, 'cancellation_period': 0, 'cancellation_fee': 'NO', 'breakfast': 0, 'base_price': 3725, 'prices': [3725], 'price': 3725, 'old_price': 3725, 'currency': 'RUB', 'payment_amount': 3725, 'extras_variants': [], 'extras': [], 'rate_id': 54651, 'deals': [], 'cancellation_type': 'free', 'credit_card': 1, 'bonus': 186, 'miles': 222, 'min_stay': 1, 'platichastyami': 0, 'mircashback': 373}, {'id': 1100007, 'capacity': 4, 'prepayment': 'FULL', 'nonrefundable': 0, 'cancellation_period': 0, 'cancellation_fee': 'NO', 'breakfast': 0, 'base_price': 3825, 'prices': [3825], 'price': 3825, 'old_price': 3825, 'currency': 'RUB', 'payment_amount': 3825, 'extras_variants': [], 'extras': [], 'rate_id': 54651, 'deals': [], 'cancellation_type': 'free', 'credit_card': 1, 'bonus': 191, 'miles': 228, 'min_stay': 1, 'platichastyami': 0, 'mircashback': 383}]",3625.0,216,674580_101hotels,2026-07-31
2311563,,Квартира с дизайнерским ремонтом недалеко от центра и аэропорта,2,0,0,1,Студио,5,1,[{'double': 1}],"[{'id': '40045', 'number': '1', 'min_age': '0', 'max_age': '18', 'is_extra_bed': '0', 'extra_bed_type_id': '0'}]","[{'id': 1143682, 'capacity': 1, 'prepayment': 'FULL', 'nonrefundable': 0, 'cancellation_period': 0, 'cancellation_fee': 'NO', 'breakfast': 0, 'base_price': 3625, 'prices': [3625], 'price': 3625, 'old_price': 3625, 'currency': 'RUB', 'payment_amount': 3625, 'extras_variants': [], 'extras': {'40045': {'id': 40045, 'number': 1, 'extra_bed_type_id': 0, 'age': [0, 18], 'extra_bed': 0, 'free': 1}}, 'rate_id': 57635, 'deals': [], 'cancellation_type': 'free', 'credit_card': 1, 'bonus': 181, 'miles': 216, 'min_stay': 1, 'platichastyami': 0, 'mircashback': 363}, {'id': 1143683, 'capacity': 2, 'prepayment': 'FULL', 'nonrefundable': 0, 'cancellation_period': 0, 'cancellation_fee': 'NO', 'breakfast': 0, 'base_price': 3625, 'prices': [3625], 'price': 3625, 'old_price': 3625, 'currency': 'RUB', 'payment_amount': 3625, 'extras_variants': [], 'extras': {'40045': {'id': 40045, 'number': 1, 'extra_bed_type_id': 0, 'age': [0, 18], 'extra_bed': 0, 'free': 1}}, 'rate_id': 57635, 'deals': [], 'cancellation_type': 'free', 'credit_card': 1, 'bonus': 181, 'miles': 216, 'min_stay': 1, 'platichastyami': 0, 'mircashback': 363}]",3625.0,216,675910_101hotels,2026-07-31
2313267,,,2,2,0,1,Трёхместный и более,3,1,"[{'single': 1}, {'sofa': 1}, {'single': 1}]",[],"[{'id': 1158899, 'capacity': 1, 'prepayment': 'FULL', 'nonrefundable': 0, 'cancellation_period': 0, 'cancellation_fee': 'NO', 'breakfast': 0, 'base_price': 12000, 'prices': [12000], 'price': 12000, 'old_price': 12000, 'currency': 'RUB', 'payment_amount': 12000, 'extras_variants': [], 'extras': [], 'rate_id': 58773, 'deals': [], 'cancellation_type': 'free', 'credit_card': 1, 'bonus': 600, 'miles': 720, 'min_stay': 1, 'platichastyami': 0, 'mircashback': 1200}, {'id': 1158900, 'capacity': 2, 'prepayment': 'FULL', 'nonrefundable': 0, 'cancellation_period': 0, 'cancellation_fee': 'NO', 'breakfast': 0, 'base_price': 12000, 'prices': [12000], 'price': 12000, 'old_price': 12000, 'currency': 'RUB', 'payment_amount': 12000, 'extras_variants': [], 'extras': [], 'rate_id': 58773, 'deals': [], 'cancellation_type': 'free', 'credit_card': 1, 'bonus': 600, 'miles': 720, 'min_stay': 1, 'platichastyami': 0, 'mircashback': 1200}]",12000.0,720,676186_101hotels,2026-07-31
2318718,,Облака,2,0,0,1,Апартаменты,14,1,[{'single': 2}],"[{'id': '47478', 'number': '1', 'min_age': '0', 'max_age': '18', 'is_extra_bed': '0', 'extra_bed_type_id': '0'}]","[{'id': 1206378, 'capacity': 1, 'prepayment': 'FULL', 'nonrefundable': 0, 'cancellation_period': 0, 'cancellation_fee': 'NO', 'breakfast': 0, 'base_price': 3900, 'prices': [3900], 'price': 3705, 'old_price': 3900, 'currency': 'RUB', 'payment_amount': 3900, 'extras_variants': [], 'extras': {'47478': {'id': 47478, 'number': 1, 'extra_bed_type_id': 0, 'age': [0, 18], 'extra_bed': 0, 'free': 1}}, 'rate_id': 61745, 'deals': ['LAST_MINUTE'], 'cancellation_type': 'free', 'credit_card': 1, 'bonus': 185, 'miles': 222, 'min_stay': 1, 'platichastyami': 0, 'mircashback': 371}, {'id': 1206379, 'capacity': 2, 'prepayment': 'FULL', 'nonrefundable': 0, 'cancellation_period': 0, 'cancellation_fee': 'NO', 'breakfast': 0, 'base_price': 3900, 'prices': [3900], 'price': 3705, 'old_price': 3900, 'currency': 'RUB', 'payment_amount': 3900, 'extras_variants': [], 'extras': {'47478': {'id': 47478, 'number': 1, 'extra_bed_type_id': 0, 'age': [0, 18], 'extra_bed': 0, 'free': 1}}, 'rate_id': 61745, 'deals': ['LAST_MINUTE'], 'cancellation_type': 'free', 'credit_card': 1, 'bonus': 185, 'miles': 222, 'min_stay': 1, 'platichastyami': 0, 'mircashback': 371}]",3705.0,222,677494_101hotels,2026-07-31
2318726,,Высота,2,0,0,1,Апартаменты,14,1,[{'double': 1}],"[{'id': '47486', 'number': '1', 'min_age': '0', 'max_age': '18', 'is_extra_bed': '0', 'extra_bed_type_id': '0'}]","[{'id': 1206380, 'capacity': 1, 'prepayment': 'FULL', 'nonrefundable': 0, 'cancellation_period': 0, 'cancellation_fee': 'NO', 'breakfast': 0, 'base_price': 3900, 'prices': [3900], 'price': 3705, 'old_price': 3900, 'currency': 'RUB', 'payment_amount': 3900, 'extras_variants': [], 'extras': {'47486': {'id': 47486, 'number': 1, 'extra_bed_type_id': 0, 'age': [0, 18], 'extra_bed': 0, 'free': 1}}, 'rate_id': 61745, 'deals': ['LAST_MINUTE'], 'cancellation_type': 'free', 'credit_card': 1, 'bonus': 185, 'miles': 222, 'min_stay': 1, 'platichastyami': 0, 'mircashback': 371}, {'id': 1206381, 'capacity': 2, 'prepayment': 'FULL', 'nonrefundable': 0, 'cancellation_period': 0, 'cancellation_fee': 'NO', 'breakfast': 0, 'base_price': 3900, 'prices': [3900], 'price': 3705, 'old_price': 3900, 'currency': 'RUB', 'payment_amount': 3900, 'extras_variants': [], 'extras': {'47486': {'id': 47486, 'number': 1, 'extra_bed_type_id': 0, 'age': [0, 18], 'extra_bed': 0, 'free': 1}}, 'rate_id': 61745, 'deals': ['LAST_MINUTE'], 'cancellation_type': 'free', 'credit_card': 1, 'bonus': 185, 'miles': 222, 'min_stay': 1, 'platichastyami': 0, 'mircashback': 371}]",3705.0,222,677494_101hotels,2026-07-31
70634,,Джуниор Сьют,2,1,0,1,Двухместный,2,8,[{'double': 1}],[],"[{'id': 680190, 'capacity': 1, 'prepayment': 'NO', 'nonrefundable': 0, 'cancellation_period': 0, 'cancellation_fee': 'NO', 'breakfast': 0, 'base_price': 8305, 'prices': [8305], 'price': 7474.5, 'old_price': 0, 'currency': 'RUB', 'payment_amount': 0, 'extras_variants': [], 'extras': [], 'rate_id': 27028, 'deals': ['BASE'], 'cancellation_type': 'free', 'credit_card': 0, 'bonus': 374, 'miles': 447, 'min_stay': 1, 'platichastyami': 0, 'mircashback': 747}, {'id': 643047, 'capacity': 1, 'prepayment': 'FIRST', 'nonrefundable': 0, 'cancellation_period': 0, 'cancellation_fee': 'NO', 'breakfast': 1, 'base_price': 8690, 'prices': [8690], 'price': 7821, 'old_price': 0, 'currency': 'RUB', 'payment_amount': 8690, 'extras_variants': [], 'extras': [], 'rate_id': 24319, 'deals': ['BASE'], 'cancellation_type': 'free', 'credit_card': 1, 'bonus': 391, 'miles': 468, 'min_stay': 1, 'platichastyami': 0, 'mircashback': 782}, {'id': 680191, 'capacity': 2, 'prepayment': 'NO', 'nonrefundable': 0, 'cancellation_period': 0, 'cancellation_fee': 'NO', 'breakfast': 0, 'base_price': 9240, 'prices': [9240], 'price': 8316, 'old_price': 0, 'currency': 'RUB', 'payment_amount': 0, 'extras_variants': [], 'extras': [], 'rate_id': 27028, 'deals': ['BASE'], 'cancellation_type': 'free', 'credit_card': 0, 'bonus': 416, 'miles': 498, 'min_stay': 1, 'platichastyami': 0, 'mircashback': 832}, {'id': 643048, 'capacity': 2, 'prepayment': 'FIRST', 'nonrefundable': 0, 'cancellation_period': 0, 'cancellation_fee': 'NO', 'breakfast': 1, 'base_price': 10010, 'prices': [10010], 'price': 9009, 'old_price': 0, 'currency': 'RUB', 'payment_amount': 10010, 'extras_variants': [], 'extras': [], 'rate_id': 24319, 'deals': ['BASE'], 'cancellation_type': 'free', 'credit_card': 1, 'bonus': 450, 'miles': 540, 'min_stay': 1, 'platichastyami': 0, 'mircashback': 901}]",7474.5,447,13173_101hotels,2026-07-31
70635,,Стандарт,2,0,0,1,Двухместный,2,19,[{'single': 2}],[],"[{'id': 680192, 'capacity': 1, 'prepayment': 'NO', 'nonrefundable': 0, 'cancellation_period': 0, 'cancellation_fee': 'NO', 'breakfast': 0, 'base_price': 6655, 'prices': [6655], 'price': 5989.5, 'old_price': 0, 'currency': 'RUB', 'payment_amount': 0, 'extras_variants': [], 'extras': [], 'rate_id': 27028, 'deals': ['BASE'], 'cancellation_type': 'free', 'credit_card': 0, 'bonus': 299, 'miles': 357, 'min_stay': 1, 'platichastyami': 0, 'mircashback': 599}, {'id': 643049, 'capacity': 1, 'prepayment': 'FIRST', 'nonrefundable': 0, 'cancellation_period': 0, 'cancellation_fee': 'NO', 'breakfast': 1, 'base_price': 7040, 'prices': [7040], 'price': 6336, 'old_price': 0, 'currency': 'RUB', 'payment_amount': 7040, 'extras_variants': [], 'extras': [], 'rate_id': 24319, 'deals': ['BASE'], 'cancellation_type': 'free', 'credit_card': 1, 'bonus': 317, 'miles': 378, 'min_stay': 1, 'platichastyami': 0, 'mircashback': 634}, {'id': 680193, 'capacity': 2, 'prepayment': 'NO', 'nonrefundable': 0, 'cancellation_period': 0, 'cancellation_fee': 'NO', 'breakfast': 0, 'base_price': 7590, 'prices': [7590], 'price': 6831, 'old_price': 0, 'currency': 'RUB', 'payment_amount': 0, 'extras_variants': [], 'extras': [], 'rate_id': 27028, 'deals': ['BASE'], 'cancellation_type': 'free', 'credit_card': 0, 'bonus': 342, 'miles': 408, 'min_stay': 1, 'platichastyami': 0, 'mircashback': 683}, {'id': 643050, 'capacity': 2, 'prepayment': 'FIRST', 'nonrefundable': 0, 'cancellation_period': 0, 'cancellation_fee': 'NO', 'breakfast': 1, 'base_price': 8360, 'prices': [8360], 'price': 7524, 'old_price': 0, 'currency': 'RUB', 'payment_amount': 8360, 'extras_variants': [], 'extras': [], 'rate_id': 24319, 'deals': ['BASE'], 'cancellation_type': 'free', 'credit_card': 1, 'bonus': 376, 'miles': 450, 'min_stay': 1, 'platichastyami': 0, 'mircashback': 752}]",5989.5,357,13173_101hotels,2026-07-31
70636,,Представительский,2,2,0,1,Люкс,6,5,[{'double': 1}],"[{'id': '6030', 'number': '1', 'min_age': '6', 'max_age': '18', 'is_extra_bed': '0', 'extra_bed_type_id': '0'}]","[{'id': 680198, 'capacity': 1, 'prepayment': 'NO', 'nonrefundable': 0, 'cancellation_period': 0, 'cancellation_fee': 'NO', 'breakfast': 0, 'base_price': 13915, 'prices': [13915], 'price': 12523.5, 'old_price': 0, 'currency': 'RUB', 'payment_amount': 0, 'extras_variants': [], 'extras': {'6030': {'id': 6030, 'number': 1, 'extra_bed_type_id': 0, 'age': [6, 18], 'extra_bed': 0, 'free': 1}}, 'rate_id': 27028, 'deals': ['BASE'], 'cancellation_type': 'free', 'credit_card': 0, 'bonus': 626, 'miles': 750, 'min_stay': 1, 'platichastyami': 0, 'mircashback': 1252}, {'id': 643055, 'capacity': 1, 'prepayment': 'FIRST', 'nonrefundable': 0, 'cancellation_period': 0, 'cancellation_fee': 'NO', 'breakfast': 1, 'base_price': 14300, 'prices': [14300], 'price': 12870, 'old_price': 0, 'currency': 'RUB', 'payment_amount': 14300, 'extras_variants': [], 'extras': {'6030': {'id': 6030, 'number': 1, 'extra_bed_type_id': 0, 'age': [6, 18], 'extra_bed': 0, 'free': 1}}, 'rate_id': 24319, 'deals': ['BASE'], 'cancellation_type': 'free', 'credit_card': 1, 'bonus': 644, 'miles': 771, 'min_stay': 1, 'platichastyami': 0, 'mircashback': 1287}, {'id': 680199, 'capacity': 2, 'prepayment': 'NO', 'nonrefundable': 0, 'cancellation_period': 0, 'cancellation_fee': 'NO', 'breakfast': 0, 'base_price': 14850, 'prices': [14850], 'price': 13365, 'old_price': 0, 'currency': 'RUB', 'payment_amount': 0, 'extras_variants': [], 'extras': {'6030': {'id': 6030, 'number': 1, 'extra_bed_type_id': 0, 'age': [6, 18], 'extra_bed': 0, 'free': 1}}, 'rate_id': 27028, 'deals': ['BASE'], 'cancellation_type': 'free', 'credit_card': 0, 'bonus': 668, 'miles': 801, 'min_stay': 1, 'platichastyami': 0, 'mircashback': 1337}, {'id': 643056, 'capacity': 2, 'prepayment': 'FIRST', 'nonrefundable': 0, 'cancellation_period': 0, 'cancellation_fee': 'NO', 'breakfast': 1, 'base_price': 15620, 'prices': [15620], 'price': 14058, 'old_price': 0, 'currency': 'RUB', 'payment_amount': 15620, 'extras_variants': [], 'extras': {'6030': {'id': 6030, 'number': 1, 'extra_bed_type_id': 0, 'age': [6, 18], 'extra_bed': 0, 'free': 1}}, 'rate_id': 24319, 'deals': ['BASE'], 'cancellation_type': 'free', 'credit_card': 1, 'bonus': 703, 'miles': 843, 'min_stay': 1, 'platichastyami': 0, 'mircashback': 1406}]",12523.5,750,13173_101hotels,2026-07-31
70637,,Президентский,2,2,0,1,Люкс,6,4,[{'double': 1}],[],"[{'id': 680200, 'capacity': 1, 'prepayment': 'NO', 'nonrefundable': 0, 'cancellation_period': 0, 'cancellation_fee': 'NO', 'breakfast': 0, 'base_price': 15015, 'prices': [15015], 'price': 13513.5, 'old_price': 0, 'currency': 'RUB', 'payment_amount': 0, 'extras_variants': [], 'extras': [], 'rate_id': 27028, 'deals': ['BASE'], 'cancellation_type': 'free', 'credit_card': 0, 'bonus': 676, 'miles': 810, 'min_stay': 1, 'platichastyami': 0, 'mircashback': 1351}, {'id': 643057, 'capacity': 1, 'prepayment': 'FIRST', 'nonrefundable': 0, 'cancellation_period': 0, 'cancellation_fee': 'NO', 'breakfast': 1, 'base_price': 15400, 'prices': [15400], 'price': 13860, 'old_price': 0, 'currency': 'RUB', 'payment_amount': 15400, 'extras_variants': [], 'extras': [], 'rate_id': 24319, 'deals': ['BASE'], 'cancellation_type': 'free', 'credit_card': 1, 'bonus': 693, 'miles': 831, 'min_stay': 1, 'platichastyami': 0, 'mircashback': 1386}, {'id': 680201, 'capacity': 2, 'prepayment': 'NO', 'nonrefundable': 0, 'cancellation_period': 0, 'cancellation_fee': 'NO', 'breakfast': 0, 'base_price': 15950, 'prices': [15950], 'price': 14355, 'old_price': 0, 'currency': 'RUB', 'payment_amount': 0, 'extras_variants': [], 'extras': [], 'rate_id': 27028, 'deals': ['BASE'], 'cancellation_type': 'free', 'credit_card': 0, 'bonus': 718, 'miles': 861, 'min_stay': 1, 'platichastyami': 0, 'mircashback': 1436}, {'id': 643058, 'capacity': 2, 'prepayment': 'FIRST', 'nonrefundable': 0, 'cancellation_period': 0, 'cancellation_fee': 'NO', 'breakfast': 1, 'base_price': 16720, 'prices': [16720], 'price': 15048, 'old_price': 0, 'currency': 'RUB', 'payment_amount': 16720, 'extras_variants': [], 'extras': [], 'rate_id': 24319, 'deals': ['BASE'], 'cancellation_type': 'free', 'credit_card': 1, 'bonus': 752, 'miles': 900, 'min_stay': 1, 'platichastyami': 0, 'mircashback': 1505}]",13513.5,810,13173_101hotels,2026-07-31
72266,,Семейный,2,3,0,1,Люкс,6,1,"[{'double': 1, 'sofa': 1}]",[],"[{'id': 680202, 'capacity': 1, 'prepayment': 'NO', 'nonrefundable': 0, 'cancellation_period': 0, 'cancellation_fee': 'NO', 'breakfast': 0, 'base_price': 12815, 'prices': [12815], 'price': 11533.5, 'old_price': 0, 'currency': 'RUB', 'payment_amount': 0, 'extras_variants': [], 'extras': [], 'rate_id': 27028, 'deals': ['BASE'], 'cancellation_type': 'free', 'credit_card': 0, 'bonus': 577, 'miles': 690, 'min_stay': 1, 'platichastyami': 0, 'mircashback': 1153}, {'id': 643059, 'capacity': 1, 'prepayment': 'FIRST', 'nonrefundable': 0, 'cancellation_period': 0, 'cancellation_fee': 'NO', 'breakfast': 1, 'base_price': 13200, 'prices': [13200], 'price': 11880, 'old_price': 0, 'currency': 'RUB', 'payment_amount': 13200, 'extras_variants': [], 'extras': [], 'rate_id': 24319, 'deals': ['BASE'], 'cancellation_type': 'free', 'credit_card': 1, 'bonus': 594, 'miles': 711, 'min_stay': 1, 'platichastyami': 0, 'mircashback': 1188}, {'id': 680203, 'capacity': 2, 'prepayment': 'NO', 'nonrefundable': 0, 'cancellation_period': 0, 'cancellation_fee': 'NO', 'breakfast': 0, 'base_price': 13750, 'prices': [13750], 'price': 12375, 'old_price': 0, 'currency': 'RUB', 'payment_amount': 0, 'extras_variants': [], 'extras': [], 'rate_id': 27028, 'deals': ['BASE'], 'cancellation_type': 'free', 'credit_card': 0, 'bonus': 619, 'miles': 741, 'min_stay': 1, 'platichastyami': 0, 'mircashback': 1238}, {'id': 643060, 'capacity': 2, 'prepayment': 'FIRST', 'nonrefundable': 0, 'cancellation_period': 0, 'cancellation_fee': 'NO', 'breakfast': 1, 'base_price': 14520, 'prices': [14520], 'price': 13068, 'old_price': 0, 'currency': 'RUB', 'payment_amount': 14520, 'extras_variants': [], 'extras': [], 'rate_id': 24319, 'deals': ['BASE'], 'cancellation_type': 'free', 'credit_card': 1, 'bonus': 653, 'miles': 783, 'min_stay': 1, 'platichastyami': 0, 'mircashback': 1307}]",11533.5,690,13173_101hotels,2026-07-31
72267,,Супериор,2,1,0,1,Двухместный,2,5,[{'single': 2}],[],"[{'id': 680194, 'capacity': 1, 'prepayment': 'NO', 'nonrefundable': 0, 'cancellation_period': 0, 'cancellation_fee': 'NO', 'breakfast': 0, 'base_price': 7755, 'prices': [7755], 'price': 6979.5, 'old_price': 0, 'currency': 'RUB', 'payment_amount': 0, 'extras_variants': [], 'extras': [], 'rate_id': 27028, 'deals': ['BASE'], 'cancellation_type': 'free', 'credit_card': 0, 'bonus': 349, 'miles': 417, 'min_stay': 1, 'platichastyami': 0, 'mircashback': 698}, {'id': 643051, 'capacity': 1, 'prepayment': 'FIRST', 'nonrefundable': 0, 'cancellation_period': 0, 'cancellation_fee': 'NO', 'breakfast': 1, 'base_price': 8140, 'prices': [8140], 'price': 7326, 'old_price': 0, 'currency': 'RUB', 'payment_amount': 8140, 'extras_variants': [], 'extras': [], 'rate_id': 24319, 'deals': ['BASE'], 'cancellation_type': 'free', 'credit_card': 1, 'bonus': 366, 'miles': 438, 'min_stay': 1, 'platichastyami': 0, 'mircashback': 733}, {'id': 680195, 'capacity': 2, 'prepayment': 'NO', 'nonrefundable': 0, 'cancellation_period': 0, 'cancellation_fee': 'NO', 'breakfast': 0, 'base_price': 8690, 'prices': [8690], 'price': 7821, 'old_price': 0, 'currency': 'RUB', 'payment_amount': 0, 'extras_variants': [], 'extras': [], 'rate_id': 27028, 'deals': ['BASE'], 'cancellation_type': 'free', 'credit_card': 0, 'bonus': 391, 'miles': 468, 'min_stay': 1, 'platichastyami': 0, 'mircashback': 782}, {'id': 643052, 'capacity': 2, 'prepayment': 'FIRST', 'nonrefundable': 0, 'cancellation_period': 0, 'cancellation_fee': 'NO', 'breakfast': 1, 'base_price': 9460, 'prices': [9460], 'price': 8514, 'old_price': 0, 'currency': 'RUB', 'payment_amount': 9460, 'extras_variants': [], 'extras': [], 'rate_id': 24319, 'deals': ['BASE'], 'cancellation_type': 'free', 'credit_card': 1, 'bonus': 426, 'miles': 510, 'min_stay': 1, 'platichastyami': 0, 'mircashback': 851}]",6979.5,417,13173_101hotels,2026-07-31
2250993,,Стандарт,2,1,0,1,Двухместный,2,2,[{'double': 1}],"[{'id': '13542', 'number': '1', 'min_age': '0', 'max_age': '8', 'is_extra_bed': '0', 'extra_bed_type_id': '0'}]","[{'id': 597114, 'capacity': 1, 'prepayment': 'NO', 'nonrefundable': 0, 'cancellation_period': 0, 'cancellation_fee': 'NO', 'breakfast': 0, 'base_price': 4400, 'prices': [4400], 'price': 4400, 'old_price': 4400, 'currency': 'RUB', 'payment_amount': 0, 'extras_variants': [], 'extras': {'13542': {'id': 13542, 'number': 1, 'extra_bed_type_id': 0, 'age': [0, 8], 'extra_bed': 0, 'free': 1}}, 'rate_id': 20949, 'deals': [], 'cancellation_type': 'free', 'credit_card': 0, 'bonus': 220, 'miles': 264, 'min_stay': 1, 'platichastyami': 0, 'mircashback': 440}, {'id': 597115, 'capacity': 2, 'prepayment': 'NO', 'nonrefundable': 0, 'cancellation_period': 0, 'cancellation_fee': 'NO', 'breakfast': 0, 'base_price': 4400, 'prices': [4400], 'price': 4400, 'old_price': 4400, 'currency': 'RUB', 'payment_amount': 0, 'extras_variants': [], 'extras': {'13542': {'id': 13542, 'number': 1, 'extra_bed_type_id': 0, 'age': [0, 8], 'extra_bed': 0, 'free': 1}}, 'rate_id': 20949, 'deals': [], 'cancellation_type': 'free', 'credit_card': 0, 'bonus': 220, 'miles': 264, 'min_stay': 1, 'platichastyami': 0, 'mircashback': 440}]",4400.0,264,658204_101hotels,2026-07-31
2262707,,Молодежный,2,0,0,1,Двухместный,2,1,[{'double': 1}],[],"[{'id': 709948, 'capacity': 1, 'prepayment': 'NO', 'nonrefundable': 0, 'cancellation_period': 0, 'cancellation_fee': 'NO', 'breakfast': 0, 'base_price': 3700, 'prices': [3700], 'price': 3700, 'old_price': 3700, 'currency': 'RUB', 'payment_amount': 0, 'extras_variants': [], 'extras': [], 'rate_id': 20949, 'deals': [], 'cancellation_type': 'free', 'credit_card': 0, 'bonus': 185, 'miles': 222, 'min_stay': 1, 'platichastyami': 0, 'mircashback': 370}, {'id': 709949, 'capacity': 2, 'prepayment': 'NO', 'nonrefundable': 0, 'cancellation_period': 0, 'cancellation_fee': 'NO', 'breakfast': 0, 'base_price': 3700, 'prices': [3700], 'price': 3700, 'old_price': 3700, 'currency': 'RUB', 'payment_amount': 0, 'extras_variants': [], 'extras': [], 'rate_id': 20949, 'deals': [], 'cancellation_type': 'free', 'credit_card': 0, 'bonus': 185, 'miles': 222, 'min_stay': 1, 'platichastyami': 0, 'mircashback': 370}]",3700.0,222,658204_101hotels,2026-07-31
5684,,,2,1,0,1,Делюкс,29,7,[{'double': 1}],[],"[{'id': 1162721, 'capacity': 1, 'prepayment': 'FULL', 'nonrefundable': 0, 'cancellation_period': 0, 'cancellation_fee': 'NO', 'breakfast': 1, 'base_price': 20000, 'prices': [20000], 'price': 20000, 'old_price': 20000, 'currency': 'RUB', 'payment_amount': 20000, 'extras_variants': [], 'extras': [], 'rate_id': 59051, 'deals': [], 'cancellation_type': 'free', 'credit_card': 1, 'bonus': 1000, 'miles': 1200, 'min_stay': 1, 'platichastyami': 0, 'mircashback': 2000}, {'id': 1162722, 'capacity': 2, 'prepayment': 'FULL', 'nonrefundable': 0, 'cancellation_period': 0, 'cancellation_fee': 'NO', 'breakfast': 1, 'base_price': 22000, 'prices': [22000], 'price': 22000, 'old_price': 22000, 'currency': 'RUB', 'payment_amount': 22000, 'extras_variants': [], 'extras': [], 'rate_id': 59051, 'deals': [], 'cancellation_type': 'free', 'credit_card': 1, 'bonus': 1100, 'miles': 1320, 'min_stay': 1, 'platichastyami': 0, 'mircashback': 2200}]",20000.0,1200,607_101hotels,2026-07-31
5685,,,2,1,0,1,Студио,5,3,[{'double': 1}],[],"[{'id': 1162715, 'capacity': 1, 'prepayment': 'FULL', 'nonrefundable': 0, 'cancellation_period': 0, 'cancellation_fee': 'NO', 'breakfast': 1, 'base_price': 23300, 'prices': [23300], 'price': 23300, 'old_price': 23300, 'currency': 'RUB', 'payment_amount': 23300, 'extras_variants': [], 'extras': [], 'rate_id': 59051, 'deals': [], 'cancellation_type': 'free', 'credit_card': 1, 'bonus': 1165, 'miles': 1398, 'min_stay': 1, 'platichastyami': 0, 'mircashback': 2330}, {'id': 1162716, 'capacity': 2, 'prepayment': 'FULL', 'nonrefundable': 0, 'cancellation_period': 0, 'cancellation_fee': 'NO', 'breakfast': 1, 'base_price': 25300, 'prices': [25300], 'price': 25300, 'old_price': 25300, 'currency': 'RUB', 'payment_amount': 25300, 'extras_variants': [], 'extras': [], 'rate_id': 59051, 'deals': [], 'cancellation_type': 'free', 'credit_card': 1, 'bonus': 1265, 'miles': 1518, 'min_stay': 1, 'platichastyami': 0, 'mircashback': 2530}]",23300.0,1398,607_101hotels,2026-07-31
5686,,Бизнес,2,1,0,1,Делюкс,29,5,[{'double': 1}],[],"[{'id': 1162723, 'capacity': 1, 'prepayment': 'FULL', 'nonrefundable': 0, 'cancellation_period': 0, 'cancellation_fee': 'NO', 'breakfast': 1, 'base_price': 21800, 'prices': [21800], 'price': 21800, 'old_price': 21800, 'currency': 'RUB', 'payment_amount': 21800, 'extras_variants': [], 'extras': [], 'rate_id': 59051, 'deals': [], 'cancellation_type': 'free', 'credit_card': 1, 'bonus': 1090, 'miles': 1308, 'min_stay': 1, 'platichastyami': 0, 'mircashback': 2180}, {'id': 1162724, 'capacity': 2, 'prepayment': 'FULL', 'nonrefundable': 0, 'cancellation_period': 0, 'cancellation_fee': 'NO', 'breakfast': 1, 'base_price': 23800, 'prices': [23800], 'price': 23800, 'old_price': 23800, 'currency': 'RUB', 'payment_amount': 23800, 'extras_variants': [], 'extras': [], 'rate_id': 59051, 'deals': [], 'cancellation_type': 'free', 'credit_card': 1, 'bonus': 1190, 'miles': 1428, 'min_stay': 1, 'platichastyami': 0, 'mircashback': 2380}]",21800.0,1308,607_101hotels,2026-07-31
5688,,,2,1,0,1,Люкс,6,2,[{'double': 1}],[],"[{'id': 1162717, 'capacity': 1, 'prepayment': 'FULL', 'nonrefundable': 0, 'cancellation_period': 0, 'cancellation_fee': 'NO', 'breakfast': 1, 'base_price': 31000, 'prices': [31000], 'price': 31000, 'old_price': 31000, 'currency': 'RUB', 'payment_amount': 31000, 'extras_variants': [], 'extras': [], 'rate_id': 59051, 'deals': [], 'cancellation_type': 'free', 'credit_card': 1, 'bonus': 1550, 'miles': 1860, 'min_stay': 1, 'platichastyami': 0, 'mircashback': 3100}, {'id': 1162718, 'capacity': 2, 'prepayment': 'FULL', 'nonrefundable': 0, 'cancellation_period': 0, 'cancellation_fee': 'NO', 'breakfast': 1, 'base_price': 36000, 'prices': [36000], 'price': 36000, 'old_price': 36000, 'currency': 'RUB', 'payment_amount': 36000, 'extras_variants': [], 'extras': [], 'rate_id': 59051, 'deals': [], 'cancellation_type': 'free', 'credit_card': 1, 'bonus': 1800, 'miles': 2160, 'min_stay': 1, 'platichastyami': 0, 'mircashback': 3600}]",31000.0,1860,607_101hotels,2026-07-31
5693,,,2,1,0,1,Апартаменты,14,1,[{'double': 1}],[],"[{'id': 1162719, 'capacity': 1, 'prepayment': 'FULL', 'nonrefundable': 0, 'cancellation_period': 0, 'cancellation_fee': 'NO', 'breakfast': 1, 'base_price': 51000, 'prices': [51000], 'price': 51000, 'old_price': 51000, 'currency': 'RUB', 'payment_amount': 51000, 'extras_variants': [], 'extras': [], 'rate_id': 59051, 'deals': [], 'cancellation_type': 'free', 'credit_card': 1, 'bonus': 2550, 'miles': 3060, 'min_stay': 1, 'platichastyami': 0, 'mircashback': 5100}, {'id': 1162720, 'capacity': 2, 'prepayment': 'FULL', 'nonrefundable': 0, 'cancellation_period': 0, 'cancellation_fee': 'NO', 'breakfast': 1, 'base_price': 56000, 'prices': [56000], 'price': 56000, 'old_price': 56000, 'currency': 'RUB', 'payment_amount': 56000, 'extras_variants': [], 'extras': [], 'rate_id': 59051, 'deals': [], 'cancellation_type': 'free', 'credit_card': 1, 'bonus': 2800, 'miles': 3360, 'min_stay': 1, 'platichastyami': 0, 'mircashback': 5600}]",51000.0,3060,607_101hotels,2026-07-31
5768,,"1-категории, Стандарт",2,0,0,1,Двухместный,2,21,"[{'double': 1}, {'single': 2}]",[],"[{'id': 507732, 'capacity': 1, 'prepayment': 'FIRST', 'nonrefundable': 0, 'cancellation_period': 0, 'cancellation_fee': 'NO', 'breakfast': 1, 'base_price': 7700, 'prices': [7700], 'price': 6930, 'old_price': 0, 'currency': 'RUB', 'payment_amount': 7700, 'extras_variants': [], 'extras': [], 'rate_id': 14917, 'deals': ['LAST_MINUTE'], 'cancellation_type': 'free', 'credit_card': 1, 'bonus': 347, 'miles': 414, 'min_stay': 1, 'platichastyami': 0, 'mircashback': 693}, {'id': 507733, 'capacity': 2, 'prepayment': 'FIRST', 'nonrefundable': 0, 'cancellation_period': 0, 'cancellation_fee': 'NO', 'breakfast': 1, 'base_price': 8700, 'prices': [8700], 'price': 7830, 'old_price': 0, 'currency': 'RUB', 'payment_amount': 8700, 'extras_variants': [], 'extras': [], 'rate_id': 14917, 'deals': ['LAST_MINUTE'], 'cancellation_type': 'free', 'credit_card': 1, 'bonus': 392, 'miles': 468, 'min_stay': 1, 'platichastyami': 0, 'mircashback': 783}]",6930.0,414,227_101hotels,2026-07-31
5770,,Джуниор,2,2,0,1,Сюит,27,4,[{'double': 1}],"[{'id': '3306', 'number': '2', 'min_age': '0', 'max_age': '16', 'is_extra_bed': '0', 'extra_bed_type_id': '0'}, {'id': '3307', 'number': '2', 'min_age': '0', 'max_age': '16', 'is_extra_bed': '1', 'extra_bed_type_id': '1'}]","[{'id': 507740, 'capacity': 1, 'prepayment': 'FIRST', 'nonrefundable': 0, 'cancellation_period': 0, 'cancellation_fee': 'NO', 'breakfast': 1, 'base_price': 13100, 'prices': [13100], 'price': 11790, 'old_price': 0, 'currency': 'RUB', 'payment_amount': 13100, 'extras_variants': [], 'extras': {'3306': {'id': 3306, 'number': 2, 'extra_bed_type_id': 0, 'age': [0, 16], 'extra_bed': 0, 'free': 1}, '3307': {'id': 3307, 'number': 2, 'extra_bed_type_id': 1, 'age': [0, 16], 'extra_bed': 1, 'free': 1}}, 'rate_id': 14917, 'deals': ['LAST_MINUTE'], 'cancellation_type': 'free', 'credit_card': 1, 'bonus': 590, 'miles': 705, 'min_stay': 1, 'platichastyami': 0, 'mircashback': 1179}, {'id': 507741, 'capacity': 2, 'prepayment': 'FIRST', 'nonrefundable': 0, 'cancellation_period': 0, 'cancellation_fee': 'NO', 'breakfast': 1, 'base_price': 13100, 'prices': [13100], 'price': 11790, 'old_price': 0, 'currency': 'RUB', 'payment_amount': 13100, 'extras_variants': [], 'extras': {'3306': {'id': 3306, 'number': 2, 'extra_bed_type_id': 0, 'age': [0, 16], 'extra_bed': 0, 'free': 1}, '3307': {'id': 3307, 'number': 2, 'extra_bed_type_id': 1, 'age': [0, 16], 'extra_bed': 1, 'free': 1}}, 'rate_id': 14917, 'deals': ['LAST_MINUTE'], 'cancellation_type': 'free', 'credit_card': 1, 'bonus': 590, 'miles': 705, 'min_stay': 1, 'platichastyami': 0, 'mircashback': 1179}]",11790.0,705,227_101hotels,2026-07-31
5777,,,2,2,0,1,Люкс,6,3,[{'double': 1}],[],"[{'id': 507734, 'capacity': 1, 'prepayment': 'FIRST', 'nonrefundable': 0, 'cancellation_period': 0, 'cancellation_fee': 'NO', 'breakfast': 1, 'base_price': 18100, 'prices': [18100], 'price': 16290, 'old_price': 0, 'currency': 'RUB', 'payment_amount': 18100, 'extras_variants': [], 'extras': [], 'rate_id': 14917, 'deals': ['LAST_MINUTE'], 'cancellation_type': 'free', 'credit_card': 1, 'bonus': 815, 'miles': 975, 'min_stay': 1, 'platichastyami': 0, 'mircashback': 1629}, {'id': 507735, 'capacity': 2, 'prepayment': 'FIRST', 'nonrefundable': 0, 'cancellation_period': 0, 'cancellation_fee': 'NO', 'breakfast': 1, 'base_price': 18100, 'prices': [18100], 'price': 16290, 'old_price': 0, 'currency': 'RUB', 'payment_amount': 18100, 'extras_variants': [], 'extras': [], 'rate_id': 14917, 'deals': ['LAST_MINUTE'], 'cancellation_type': 'free', 'credit_card': 1, 'bonus': 815, 'miles': 975, 'min_stay': 1, 'platichastyami': 0, 'mircashback': 1629}]",16290.0,975,227_101hotels,2026-07-31
5781,,Президентский,4,0,0,1,Люкс,6,1,[{'double': 2}],[],"[{'id': 507736, 'capacity': 1, 'prepayment': 'FIRST', 'nonrefundable': 0, 'cancellation_period': 0, 'cancellation_fee': 'NO', 'breakfast': 1, 'base_price': 27700, 'prices': [27700], 'price': 24930, 'old_price': 0, 'currency': 'RUB', 'payment_amount': 27700, 'extras_variants': [], 'extras': [], 'rate_id': 14917, 'deals': ['LAST_MINUTE'], 'cancellation_type': 'free', 'credit_card': 1, 'bonus': 1247, 'miles': 1494, 'min_stay': 1, 'platichastyami': 0, 'mircashback': 2493}, {'id': 507737, 'capacity': 2, 'prepayment': 'FIRST', 'nonrefundable': 0, 'cancellation_period': 0, 'cancellation_fee': 'NO', 'breakfast': 1, 'base_price': 27700, 'prices': [27700], 'price': 24930, 'old_price': 0, 'currency': 'RUB', 'payment_amount': 27700, 'extras_variants': [], 'extras': [], 'rate_id': 14917, 'deals': ['LAST_MINUTE'], 'cancellation_type': 'free', 'credit_card': 1, 'bonus': 1247, 'miles': 1494, 'min_stay': 1, 'platichastyami': 0, 'mircashback': 2493}]",24930.0,1494,227_101hotels,2026-07-31
1563526,,"Стандарт, 1-ой категории",1,0,0,1,Одноместный,1,21,[{'double': 1}],"[{'id': '425', 'number': '1', 'min_age': '1', 'max_age': '5', 'is_extra_bed': '0', 'extra_bed_type_id': '0'}]","[{'id': 507731, 'capacity': 1, 'prepayment': 'FIRST', 'nonrefundable': 0, 'cancellation_period': 0, 'cancellation_fee': 'NO', 'breakfast': 1, 'base_price': 7700, 'prices': [7700], 'price': 6930, 'old_price': 0, 'currency': 'RUB', 'payment_amount': 7700, 'extras_variants': [], 'extras': {'425': {'id': 425, 'number': 1, 'extra_bed_type_id': 0, 'age': [1, 5], 'extra_bed': 0, 'free': 1}}, 'rate_id': 14917, 'deals': ['LAST_MINUTE'], 'cancellation_type': 'free', 'credit_card': 1, 'bonus': 347, 'miles': 414, 'min_stay': 1, 'platichastyami': 0, 'mircashback': 693}]",6930.0,414,227_101hotels,2026-07-31
2310716,,Дом Русанова,2,1,0,1,Апартаменты,14,1,[{'double': 1}],[],"[{'id': 1135056, 'capacity': 1, 'prepayment': 'FULL', 'nonrefundable': 0, 'cancellation_period': 1, 'cancellation_fee': 'FIRST', 'breakfast': 0, 'base_price': 58000, 'prices': [58000], 'price': 58000, 'old_price': 58000, 'currency': 'RUB', 'payment_amount': 58000, 'extras_variants': [], 'extras': [], 'rate_id': 57158, 'deals': [], 'cancellation_type': 'special', 'credit_card': 1, 'bonus': 2900, 'miles': 3480, 'min_stay': 1, 'platichastyami': 0, 'mircashback': 5800}, {'id': 1135057, 'capacity': 2, 'prepayment': 'FULL', 'nonrefundable': 0, 'cancellation_period': 1, 'cancellation_fee': 'FIRST', 'breakfast': 0, 'base_price': 58000, 'prices': [58000], 'price': 58000, 'old_price': 58000, 'currency': 'RUB', 'payment_amount': 58000, 'extras_variants': [], 'extras': [], 'rate_id': 57158, 'deals': [], 'cancellation_type': 'special', 'credit_card': 1, 'bonus': 2900, 'miles': 3480, 'min_stay': 1, 'platichastyami': 0, 'mircashback': 5800}]",58000.0,3480,675391_101hotels,2026-07-31
2310717,,Дом Курбатова,2,1,0,1,Делюкс,29,4,[{'double': 1}],"[{'id': '33811', 'number': '1', 'min_age': '0', 'max_age': '3', 'is_extra_bed': '1', 'extra_bed_type_id': '4'}, {'id': '33812', 'number': '1', 'min_age': '0', 'max_age': '7', 'is_extra_bed': '0', 'extra_bed_type_id': '0'}]","[{'id': 1135058, 'capacity': 1, 'prepayment': 'FULL', 'nonrefundable': 0, 'cancellation_period': 1, 'cancellation_fee': 'FIRST', 'breakfast': 0, 'base_price': 32500, 'prices': [32500], 'price': 32500, 'old_price': 32500, 'currency': 'RUB', 'payment_amount': 32500, 'extras_variants': [], 'extras': {'33811': {'id': 33811, 'number': 1, 'extra_bed_type_id': 4, 'age': [0, 3], 'extra_bed': 1, 'free': 1}, '33812': {'id': 33812, 'number': 1, 'extra_bed_type_id': 0, 'age': [0, 7], 'extra_bed': 0, 'free': 1}}, 'rate_id': 57158, 'deals': [], 'cancellation_type': 'special', 'credit_card': 1, 'bonus': 1625, 'miles': 1950, 'min_stay': 1, 'platichastyami': 0, 'mircashback': 3250}, {'id': 1135059, 'capacity': 2, 'prepayment': 'FULL', 'nonrefundable': 0, 'cancellation_period': 1, 'cancellation_fee': 'FIRST', 'breakfast': 0, 'base_price': 32500, 'prices': [32500], 'price': 32500, 'old_price': 32500, 'currency': 'RUB', 'payment_amount': 32500, 'extras_variants': [], 'extras': {'33811': {'id': 33811, 'number': 1, 'extra_bed_type_id': 4, 'age': [0, 3], 'extra_bed': 1, 'free': 1}, '33812': {'id': 33812, 'number': 1, 'extra_bed_type_id': 0, 'age': [0, 7], 'extra_bed': 0, 'free': 1}}, 'rate_id': 57158, 'deals': [], 'cancellation_type': 'special', 'credit_card': 1, 'bonus': 1625, 'miles': 1950, 'min_stay': 1, 'platichastyami': 0, 'mircashback': 3250}]",32500.0,1950,675391_101hotels,2026-07-31
2310718,,Дом Курбатова,2,0,0,1,Улучшенный,113,11,"[{'single': 2}, {'double': 1}]","[{'id': '39406', 'number': '1', 'min_age': '0', 'max_age': '18', 'is_extra_bed': '0', 'extra_bed_type_id': '0'}]","[{'id': 1135060, 'capacity': 1, 'prepayment': 'FULL', 'nonrefundable': 0, 'cancellation_period': 1, 'cancellation_fee': 'FIRST', 'breakfast': 0, 'base_price': 28000, 'prices': [28000], 'price': 28000, 'old_price': 28000, 'currency': 'RUB', 'payment_amount': 28000, 'extras_variants': [], 'extras': {'39406': {'id': 39406, 'number': 1, 'extra_bed_type_id': 0, 'age': [0, 18], 'extra_bed': 0, 'free': 1}}, 'rate_id': 57158, 'deals': [], 'cancellation_type': 'special', 'credit_card': 1, 'bonus': 1400, 'miles': 1680, 'min_stay': 1, 'platichastyami': 0, 'mircashback': 2800}, {'id': 1135061, 'capacity': 2, 'prepayment': 'FULL', 'nonrefundable': 0, 'cancellation_period': 1, 'cancellation_fee': 'FIRST', 'breakfast': 0, 'base_price': 28000, 'prices': [28000], 'price': 28000, 'old_price': 28000, 'currency': 'RUB', 'payment_amount': 28000, 'extras_variants': [], 'extras': {'39406': {'id': 39406, 'number': 1, 'extra_bed_type_id': 0, 'age': [0, 18], 'extra_bed': 0, 'free': 1}}, 'rate_id': 57158, 'deals': [], 'cancellation_type': 'special', 'credit_card': 1, 'bonus': 1400, 'miles': 1680, 'min_stay': 1, 'platichastyami': 0, 'mircashback': 2800}]",28000.0,1680,675391_101hotels,2026-07-31
32287,,Twin (1 категория),2,0,0,1,Двухместный,2,1,[{'single': 2}],[],"[{'id': 684160, 'capacity': 1, 'prepayment': 'FULL', 'nonrefundable': 1, 'cancellation_period': 0, 'cancellation_fee': 'FIRST', 'breakfast': 0, 'base_price': 4400, 'prices': [4400], 'price': 4400, 'old_price': 4400, 'currency': 'RUB', 'payment_amount': 4400, 'extras_variants': [], 'extras': [], 'rate_id': 27299, 'deals': [], 'cancellation_type': 'nonrefundable', 'credit_card': 1, 'bonus': 220, 'miles': 264, 'min_stay': 1, 'platichastyami': 0, 'mircashback': 440}, {'id': 684133, 'capacity': 1, 'prepayment': 'FULL', 'nonrefundable': 1, 'cancellation_period': 0, 'cancellation_fee': 'FIRST', 'breakfast': 1, 'base_price': 5000, 'prices': [5000], 'price': 5000, 'old_price': 5000, 'currency': 'RUB', 'payment_amount': 5000, 'extras_variants': [], 'extras': [], 'rate_id': 27286, 'deals': [], 'cancellation_type': 'nonrefundable', 'credit_card': 1, 'bonus': 250, 'miles': 300, 'min_stay': 1, 'platichastyami': 0, 'mircashback': 500}, {'id': 684161, 'capacity': 2, 'prepayment': 'FULL', 'nonrefundable': 1, 'cancellation_period': 0, 'cancellation_fee': 'FIRST', 'breakfast': 0, 'base_price': 5200, 'prices': [5200], 'price': 5200, 'old_price': 5200, 'currency': 'RUB', 'payment_amount': 5200, 'extras_variants': [], 'extras': [], 'rate_id': 27299, 'deals': [], 'cancellation_type': 'nonrefundable', 'credit_card': 1, 'bonus': 260, 'miles': 312, 'min_stay': 1, 'platichastyami': 0, 'mircashback': 520}, {'id': 684134, 'capacity': 2, 'prepayment': 'FULL', 'nonrefundable': 1, 'cancellation_period': 0, 'cancellation_fee': 'FIRST', 'breakfast': 1, 'base_price': 6400, 'prices': [6400], 'price': 6400, 'old_price': 6400, 'currency': 'RUB', 'payment_amount': 6400, 'extras_variants': [], 'extras': [], 'rate_id': 27286, 'deals': [], 'cancellation_type': 'nonrefundable', 'credit_card': 1, 'bonus': 320, 'miles': 384, 'min_stay': 1, 'platichastyami': 0, 'mircashback': 640}]",4400.0,264,6855_101hotels,2026-07-31
32288,,Double (1 категория),2,0,0,1,Двухместный,2,12,[{'double': 1}],[],"[{'id': 684162, 'capacity': 1, 'prepayment': 'FULL', 'nonrefundable': 1, 'cancellation_period': 0, 'cancellation_fee': 'FIRST', 'breakfast': 0, 'base_price': 5200, 'prices': [5200], 'price': 5200, 'old_price': 5200, 'currency': 'RUB', 'payment_amount': 5200, 'extras_variants': [], 'extras': [], 'rate_id': 27299, 'deals': [], 'cancellation_type': 'nonrefundable', 'credit_card': 1, 'bonus': 260, 'miles': 312, 'min_stay': 1, 'platichastyami': 0, 'mircashback': 520}, {'id': 684135, 'capacity': 1, 'prepayment': 'FULL', 'nonrefundable': 1, 'cancellation_period': 0, 'cancellation_fee': 'FIRST', 'breakfast': 1, 'base_price': 5800, 'prices': [5800], 'price': 5800, 'old_price': 5800, 'currency': 'RUB', 'payment_amount': 5800, 'extras_variants': [], 'extras': [], 'rate_id': 27286, 'deals': [], 'cancellation_type': 'nonrefundable', 'credit_card': 1, 'bonus': 290, 'miles': 348, 'min_stay': 1, 'platichastyami': 0, 'mircashback': 580}, {'id': 684163, 'capacity': 2, 'prepayment': 'FULL', 'nonrefundable': 1, 'cancellation_period': 0, 'cancellation_fee': 'FIRST', 'breakfast': 0, 'base_price': 5200, 'prices': [5200], 'price': 5200, 'old_price': 5200, 'currency': 'RUB', 'payment_amount': 5200, 'extras_variants': [], 'extras': [], 'rate_id': 27299, 'deals': [], 'cancellation_type': 'nonrefundable', 'credit_card': 1, 'bonus': 260, 'miles': 312, 'min_stay': 1, 'platichastyami': 0, 'mircashback': 520}, {'id': 684136, 'capacity': 2, 'prepayment': 'FULL', 'nonrefundable': 1, 'cancellation_period': 0, 'cancellation_fee': 'FIRST', 'breakfast': 1, 'base_price': 6400, 'prices': [6400], 'price': 6400, 'old_price': 6400, 'currency': 'RUB', 'payment_amount': 6400, 'extras_variants': [], 'extras': [], 'rate_id': 27286, 'deals': [], 'cancellation_type': 'nonrefundable', 'credit_card': 1, 'bonus': 320, 'miles': 384, 'min_stay': 1, 'platichastyami': 0, 'mircashback': 640}]",5200.0,312,6855_101hotels,2026-07-31
129464,,Стандартный двухместный номер с 1 кроватью,2,0,0,1,Двухместный,2,3,[{'double': 1}],[],"[{'id': 1181853, 'capacity': 1, 'prepayment': 'NO', 'nonrefundable': 0, 'cancellation_period': 0, 'cancellation_fee': 'NO', 'breakfast': 0, 'base_price': 3500, 'prices': [3500], 'price': 3500, 'old_price': 3500, 'currency': 'RUB', 'payment_amount': 0, 'extras_variants': [], 'extras': [], 'rate_id': 60237, 'deals': [], 'cancellation_type': 'free', 'credit_card': 0, 'bonus': 175, 'miles': 210, 'min_stay': 1, 'platichastyami': 0, 'mircashback': 350}, {'id': 1181854, 'capacity': 2, 'prepayment': 'NO', 'nonrefundable': 0, 'cancellation_period': 0, 'cancellation_fee': 'NO', 'breakfast': 0, 'base_price': 3500, 'prices': [3500], 'price': 3500, 'old_price': 3500, 'currency': 'RUB', 'payment_amount': 0, 'extras_variants': [], 'extras': [], 'rate_id': 60237, 'deals': [], 'cancellation_type': 'free', 'credit_card': 0, 'bonus': 175, 'miles': 210, 'min_stay': 1, 'platichastyami': 0, 'mircashback': 350}, {'id': '1181853P', 'capacity': 1, 'prepayment': 'FULL', 'nonrefundable': 0, 'cancellation_period': 0, 'cancellation_fee': 'NO', 'breakfast': 0, 'base_price': 3500, 'prices': [3500], 'price': 3500, 'old_price': 3500, 'currency': 'RUB', 'payment_amount': 3500, 'extras_variants': [], 'extras': [], 'rate_id': 60237, 'deals': [], 'cancellation_type': 'free', 'credit_card': 0, 'bonus': 175, 'miles': 210, 'min_stay': 1, 'platichastyami': 0, 'mircashback': 350}, {'id': '1181854P', 'capacity': 2, 'prepayment': 'FULL', 'nonrefundable': 0, 'cancellation_period': 0, 'cancellation_fee': 'NO', 'breakfast': 0, 'base_price': 3500, 'prices': [3500], 'price': 3500, 'old_price': 3500, 'currency': 'RUB', 'payment_amount': 3500, 'extras_variants': [], 'extras': [], 'rate_id': 60237, 'deals': [], 'cancellation_type': 'free', 'credit_card': 0, 'bonus': 175, 'miles': 210, 'min_stay': 1, 'platichastyami': 0, 'mircashback': 350}]",3500.0,210,30831_101hotels,2026-07-31
350973,,"Стандарт, Double/Twin",2,1,0,1,Двухместный,2,17,"[{'single': 2}, {'double': 1}]",[],"[{'id': 667112, 'capacity': 1, 'prepayment': 'FIRST', 'nonrefundable': 0, 'cancellation_period': 1, 'cancellation_fee': 'FIRST', 'breakfast': 0, 'base_price': 4500, 'prices': [4500], 'price': 4500, 'old_price': 4500, 'currency': 'RUB', 'payment_amount': 4500, 'extras_variants': [], 'extras': [], 'rate_id': 26114, 'deals': [], 'cancellation_type': 'special', 'credit_card': 1, 'bonus': 225, 'miles': 270, 'min_stay': 1, 'platichastyami': 0, 'mircashback': 450}, {'id': 667116, 'capacity': 1, 'prepayment': 'FIRST', 'nonrefundable': 0, 'cancellation_period': 1, 'cancellation_fee': 'FIRST', 'breakfast': 1, 'base_price': 5950, 'prices': [5950], 'price': 5950, 'old_price': 5950, 'currency': 'RUB', 'payment_amount': 5950, 'extras_variants': [], 'extras': [], 'rate_id': 26115, 'deals': [], 'cancellation_type': 'special', 'credit_card': 1, 'bonus': 298, 'miles': 357, 'min_stay': 1, 'platichastyami': 0, 'mircashback': 595}, {'id': 667120, 'capacity': 1, 'prepayment': 'FIRST', 'nonrefundable': 0, 'cancellation_period': 1, 'cancellation_fee': 'FIRST', 'breakfast': 2, 'base_price': 6160, 'prices': [6160], 'price': 6160, 'old_price': 6160, 'currency': 'RUB', 'payment_amount': 6160, 'extras_variants': [], 'extras': [], 'rate_id': 26116, 'deals': [], 'cancellation_type': 'special', 'credit_card': 1, 'bonus': 308, 'miles': 369, 'min_stay': 1, 'platichastyami': 0, 'mircashback': 616}, {'id': 667113, 'capacity': 2, 'prepayment': 'FIRST', 'nonrefundable': 0, 'cancellation_period': 1, 'cancellation_fee': 'FIRST', 'breakfast': 0, 'base_price': 5500, 'prices': [5500], 'price': 5500, 'old_price': 5500, 'currency': 'RUB', 'payment_amount': 5500, 'extras_variants': [], 'extras': [], 'rate_id': 26114, 'deals': [], 'cancellation_type': 'special', 'credit_card': 1, 'bonus': 275, 'miles': 330, 'min_stay': 1, 'platichastyami': 0, 'mircashback': 550}, {'id': 667117, 'capacity': 2, 'prepayment': 'FIRST', 'nonrefundable': 0, 'cancellation_period': 1, 'cancellation_fee': 'FIRST', 'breakfast': 1, 'base_price': 7550, 'prices': [7550], 'price': 7550, 'old_price': 7550, 'currency': 'RUB', 'payment_amount': 7550, 'extras_variants': [], 'extras': [], 'rate_id': 26115, 'deals': [], 'cancellation_type': 'special', 'credit_card': 1, 'bonus': 378, 'miles': 453, 'min_stay': 1, 'platichastyami': 0, 'mircashback': 755}, {'id': 667121, 'capacity': 2, 'prepayment': 'FIRST', 'nonrefundable': 0, 'cancellation_period': 1, 'cancellation_fee': 'FIRST', 'breakfast': 2, 'base_price': 8240, 'prices': [8240], 'price': 8240, 'old_price': 8240, 'currency': 'RUB', 'payment_amount': 8240, 'extras_variants': [], 'extras': [], 'rate_id': 26116, 'deals': [], 'cancellation_type': 'special', 'credit_card': 1, 'bonus': 412, 'miles': 492, 'min_stay': 1, 'platichastyami': 0, 'mircashback': 824}]",4500.0,270,100517_101hotels,2026-07-31
1736289,,,2,2,0,1,Люкс,6,1,"[{'double': 1, 'sofa': 1}]","[{'id': '28904', 'number': '2', 'min_age': '0', 'max_age': '5', 'is_extra_bed': '0', 'extra_bed_type_id': '0'}, {'id': '28905', 'number': '1', 'min_age': '3', 'max_age': '17', 'is_extra_bed': '1', 'extra_bed_type_id': '1'}]","[{'id': 279306, 'capacity': 1, 'prepayment': 'FIRST', 'nonrefundable': 0, 'cancellation_period': 1, 'cancellation_fee': 'FIRST', 'breakfast': 7, 'base_price': 4995, 'prices': [4995], 'price': 4995, 'old_price': 4995, 'currency': 'RUB', 'payment_amount': 4995, 'extras_variants': [], 'extras': {'28904': {'id': 28904, 'number': 2, 'extra_bed_type_id': 0, 'age': [0, 5], 'extra_bed': 0, 'free': 1}, '28905': {'id': 28905, 'number': 1, 'extra_bed_type_id': 1, 'age': [3, 17], 'extra_bed': 1, 'free': 1}}, 'rate_id': 1560, 'deals': [], 'cancellation_type': 'special', 'credit_card': 1, 'bonus': 250, 'miles': 297, 'min_stay': 1, 'platichastyami': 0, 'mircashback': 500}, {'id': 279307, 'capacity': 2, 'prepayment': 'FIRST', 'nonrefundable': 0, 'cancellation_period': 1, 'cancellation_fee': 'FIRST', 'breakfast': 7, 'base_price': 6105, 'prices': [6105], 'price': 6105, 'old_price': 6105, 'currency': 'RUB', 'payment_amount': 6105, 'extras_variants': [], 'extras': {'28904': {'id': 28904, 'number': 2, 'extra_bed_type_id': 0, 'age': [0, 5], 'extra_bed': 0, 'free': 1}, '28905': {'id': 28905, 'number': 1, 'extra_bed_type_id': 1, 'age': [3, 17], 'extra_bed': 1, 'free': 1}}, 'rate_id': 1560, 'deals': [], 'cancellation_type': 'special', 'credit_card': 1, 'bonus': 305, 'miles': 366, 'min_stay': 1, 'platichastyami': 0, 'mircashback': 611}]",4995.0,297,514527_101hotels,2026-07-31
1736290,,Комфорт с 2 отдельными кроватями,2,1,0,1,Двухместный,2,1,[{'single': 2}],"[{'id': '28902', 'number': '2', 'min_age': '0', 'max_age': '5', 'is_extra_bed': '0', 'extra_bed_type_id': '0'}]","[{'id': 279299, 'capacity': 1, 'prepayment': 'FIRST', 'nonrefundable': 0, 'cancellation_period': 1, 'cancellation_fee': 'FIRST', 'breakfast': 7, 'base_price': 3885, 'prices': [3885], 'price': 3885, 'old_price': 3885, 'currency': 'RUB', 'payment_amount': 3885, 'extras_variants': [], 'extras': {'28902': {'id': 28902, 'number': 2, 'extra_bed_type_id': 0, 'age': [0, 5], 'extra_bed': 0, 'free': 1}}, 'rate_id': 1560, 'deals': [], 'cancellation_type': 'special', 'credit_card': 1, 'bonus': 194, 'miles': 231, 'min_stay': 1, 'platichastyami': 0, 'mircashback': 389}, {'id': 279328, 'capacity': 2, 'prepayment': 'FIRST', 'nonrefundable': 0, 'cancellation_period': 1, 'cancellation_fee': 'FIRST', 'breakfast': 7, 'base_price': 4995, 'prices': [4995], 'price': 4995, 'old_price': 4995, 'currency': 'RUB', 'payment_amount': 4995, 'extras_variants': [], 'extras': {'28902': {'id': 28902, 'number': 2, 'extra_bed_type_id': 0, 'age': [0, 5], 'extra_bed': 0, 'free': 1}}, 'rate_id': 1560, 'deals': [], 'cancellation_type': 'special', 'credit_card': 1, 'bonus': 250, 'miles': 297, 'min_stay': 1, 'platichastyami': 0, 'mircashback': 500}]",3885.0,231,514527_101hotels,2026-07-31
2210718,,Стандартный номер,1,0,0,1,Одноместный,1,2,[{'single': 1}],"[{'id': '9564', 'number': '1', 'min_age': '0', 'max_age': '5', 'is_extra_bed': '0', 'extra_bed_type_id': '0'}]","[{'id': 279298, 'capacity': 1, 'prepayment': 'FIRST', 'nonrefundable': 0, 'cancellation_period': 1, 'cancellation_fee': 'FIRST', 'breakfast': 7, 'base_price': 3330, 'prices': [3330], 'price': 3330, 'old_price': 3330, 'currency': 'RUB', 'payment_amount': 3330, 'extras_variants': [], 'extras': {'9564': {'id': 9564, 'number': 1, 'extra_bed_type_id': 0, 'age': [0, 5], 'extra_bed': 0, 'free': 1}}, 'rate_id': 1560, 'deals': [], 'cancellation_type': 'special', 'credit_card': 1, 'bonus': 167, 'miles': 198, 'min_stay': 1, 'platichastyami': 0, 'mircashback': 333}]",3330.0,198,514527_101hotels,2026-07-31
2210762,,,2,1,0,1,Полулюкс,4,1,[{'double': 1}],"[{'id': '3863', 'number': '1', 'min_age': '0', 'max_age': '5', 'is_extra_bed': '0', 'extra_bed_type_id': '0'}, {'id': '3864', 'number': '1', 'min_age': '3', 'max_age': '17', 'is_extra_bed': '1', 'extra_bed_type_id': '3'}]","[{'id': 279304, 'capacity': 1, 'prepayment': 'FIRST', 'nonrefundable': 0, 'cancellation_period': 1, 'cancellation_fee': 'FIRST', 'breakfast': 7, 'base_price': 4440, 'prices': [4440], 'price': 4440, 'old_price': 4440, 'currency': 'RUB', 'payment_amount': 4440, 'extras_variants': [], 'extras': {'3863': {'id': 3863, 'number': 1, 'extra_bed_type_id': 0, 'age': [0, 5], 'extra_bed': 0, 'free': 1}, '3864': {'id': 3864, 'number': 1, 'extra_bed_type_id': 3, 'age': [3, 17], 'extra_bed': 1, 'free': 1}}, 'rate_id': 1560, 'deals': [], 'cancellation_type': 'special', 'credit_card': 1, 'bonus': 222, 'miles': 264, 'min_stay': 1, 'platichastyami': 0, 'mircashback': 444}, {'id': 279305, 'capacity': 2, 'prepayment': 'FIRST', 'nonrefundable': 0, 'cancellation_period': 1, 'cancellation_fee': 'FIRST', 'breakfast': 7, 'base_price': 5550, 'prices': [5550], 'price': 5550, 'old_price': 5550, 'currency': 'RUB', 'payment_amount': 5550, 'extras_variants': [], 'extras': {'3863': {'id': 3863, 'number': 1, 'extra_bed_type_id': 0, 'age': [0, 5], 'extra_bed': 0, 'free': 1}, '3864': {'id': 3864, 'number': 1, 'extra_bed_type_id': 3, 'age': [3, 17], 'extra_bed': 1, 'free': 1}}, 'rate_id': 1560, 'deals': [], 'cancellation_type': 'special', 'credit_card': 1, 'bonus': 278, 'miles': 333, 'min_stay': 1, 'platichastyami': 0, 'mircashback': 555}]",4440.0,264,514527_101hotels,2026-07-31
2305031,,Двухместный номер стандарт с 1 кроватью,2,1,0,1,Двухместный,2,1,[{'double': 1}],"[{'id': '24384', 'number': '1', 'min_age': '0', 'max_age': '2', 'is_extra_bed': '1', 'extra_bed_type_id': '4'}, {'id': '24385', 'number': '1', 'min_age': '3', 'max_age': '6', 'is_extra_bed': '1', 'extra_bed_type_id': '3'}, {'id': '24386', 'number': '1', 'min_age': '0', 'max_age': '2', 'is_extra_bed': '0', 'extra_bed_type_id': '0'}, {'id': '24387', 'number': '1', 'min_age': '6', 'max_age': '17', 'is_extra_bed': '1', 'extra_bed_type_id': '3'}]","[{'id': 1079326, 'capacity': 1, 'prepayment': 'FIRST', 'nonrefundable': 0, 'cancellation_period': 1, 'cancellation_fee': 'FIRST', 'breakfast': 7, 'base_price': 3552, 'prices': [3552], 'price': 3552, 'old_price': 3552, 'currency': 'RUB', 'payment_amount': 3552, 'extras_variants': [], 'extras': {'24384': {'id': 24384, 'number': 1, 'extra_bed_type_id': 4, 'age': [0, 2], 'extra_bed': 1, 'free': 1}, '24385': {'id': 24385, 'number': 1, 'extra_bed_type_id': 3, 'age': [3, 6], 'extra_bed': 1, 'free': 1}, '24386': {'id': 24386, 'number': 1, 'extra_bed_type_id': 0, 'age': [0, 2], 'extra_bed': 0, 'free': 1}, '24387': {'id': 24387, 'number': 1, 'extra_bed_type_id': 3, 'age': [6, 17], 'extra_bed': 1, 'free': 1}}, 'rate_id': 1560, 'deals': [], 'cancellation_type': 'special', 'credit_card': 1, 'bonus': 178, 'miles': 213, 'min_stay': 1, 'platichastyami': 0, 'mircashback': 355}, {'id': 1079327, 'capacity': 2, 'prepayment': 'FIRST', 'nonrefundable': 0, 'cancellation_period': 1, 'cancellation_fee': 'FIRST', 'breakfast': 7, 'base_price': 4662, 'prices': [4662], 'price': 4662, 'old_price': 4662, 'currency': 'RUB', 'payment_amount': 4662, 'extras_variants': [], 'extras': {'24384': {'id': 24384, 'number': 1, 'extra_bed_type_id': 4, 'age': [0, 2], 'extra_bed': 1, 'free': 1}, '24385': {'id': 24385, 'number': 1, 'extra_bed_type_id': 3, 'age': [3, 6], 'extra_bed': 1, 'free': 1}, '24386': {'id': 24386, 'number': 1, 'extra_bed_type_id': 0, 'age': [0, 2], 'extra_bed': 0, 'free': 1}, '24387': {'id': 24387, 'number': 1, 'extra_bed_type_id': 3, 'age': [6, 17], 'extra_bed': 1, 'free': 1}}, 'rate_id': 1560, 'deals': [], 'cancellation_type': 'special', 'credit_card': 1, 'bonus': 233, 'miles': 279, 'min_stay': 1, 'platichastyami': 0, 'mircashback': 466}]",3552.0,213,514527_101hotels,2026-07-31
2237515,,Стандарт с большой кроватью,2,2,0,1,Двухместный,2,1,"[{'single': 1, 'double': 1}]",[],"[{'id': 998374, 'capacity': 1, 'prepayment': 'FULL', 'nonrefundable': 0, 'cancellation_period': 3, 'cancellation_fee': 'FIRST', 'breakfast': 0, 'base_price': 4130, 'prices': [4130], 'price': 4130, 'old_price': 4130, 'currency': 'RUB', 'payment_amount': 4130, 'extras_variants': [], 'extras': [], 'rate_id': 47847, 'deals': [], 'cancellation_type': 'special', 'credit_card': 1, 'bonus': 207, 'miles': 246, 'min_stay': 1, 'platichastyami': 0, 'mircashback': 413}, {'id': 998384, 'capacity': 1, 'prepayment': 'FULL', 'nonrefundable': 0, 'cancellation_period': 3, 'cancellation_fee': 'FIRST', 'breakfast': 1, 'base_price': 4800, 'prices': [4800], 'price': 4800, 'old_price': 4800, 'currency': 'RUB', 'payment_amount': 4800, 'extras_variants': [], 'extras': [], 'rate_id': 47848, 'deals': [], 'cancellation_type': 'special', 'credit_card': 1, 'bonus': 240, 'miles': 288, 'min_stay': 1, 'platichastyami': 0, 'mircashback': 480}, {'id': 998375, 'capacity': 2, 'prepayment': 'FULL', 'nonrefundable': 0, 'cancellation_period': 3, 'cancellation_fee': 'FIRST', 'breakfast': 0, 'base_price': 4590, 'prices': [4590], 'price': 4590, 'old_price': 4590, 'currency': 'RUB', 'payment_amount': 4590, 'extras_variants': [], 'extras': [], 'rate_id': 47847, 'deals': [], 'cancellation_type': 'special', 'credit_card': 1, 'bonus': 230, 'miles': 273, 'min_stay': 1, 'platichastyami': 0, 'mircashback': 459}, {'id': 998385, 'capacity': 2, 'prepayment': 'FULL', 'nonrefundable': 0, 'cancellation_period': 3, 'cancellation_fee': 'FIRST', 'breakfast': 1, 'base_price': 5280, 'prices': [5280], 'price': 5280, 'old_price': 5280, 'currency': 'RUB', 'payment_amount': 5280, 'extras_variants': [], 'extras': [], 'rate_id': 47848, 'deals': [], 'cancellation_type': 'special', 'credit_card': 1, 'bonus': 264, 'miles': 315, 'min_stay': 1, 'platichastyami': 0, 'mircashback': 528}]",4130.0,246,654635_101hotels,2026-07-31
2240037,,Две раздельные кровати,2,0,0,1,Двухместный,2,3,[{'single': 2}],[],"[{'id': 872195, 'capacity': 1, 'prepayment': 'FIRST', 'nonrefundable': 0, 'cancellation_period': 1, 'cancellation_fee': 'FIRST', 'breakfast': 0, 'base_price': 3300, 'prices': [3300], 'price': 2970, 'old_price': 3300, 'currency': 'RUB', 'payment_amount': 3300, 'extras_variants': [], 'extras': [], 'rate_id': 39867, 'deals': ['LAST_MINUTE'], 'cancellation_type': 'special', 'credit_card': 1, 'bonus': 149, 'miles': 177, 'min_stay': 1, 'platichastyami': 0, 'mircashback': 297}, {'id': 872196, 'capacity': 2, 'prepayment': 'FIRST', 'nonrefundable': 0, 'cancellation_period': 1, 'cancellation_fee': 'FIRST', 'breakfast': 0, 'base_price': 3300, 'prices': [3300], 'price': 2970, 'old_price': 3300, 'currency': 'RUB', 'payment_amount': 3300, 'extras_variants': [], 'extras': [], 'rate_id': 39867, 'deals': ['LAST_MINUTE'], 'cancellation_type': 'special', 'credit_card': 1, 'bonus': 149, 'miles': 177, 'min_stay': 1, 'platichastyami': 0, 'mircashback': 297}]",2970.0,177,655564_101hotels,2026-07-31
2240038,,1 кровать,2,0,0,1,Двухместный,2,1,[{'single': 2}],[],"[{'id': 872197, 'capacity': 1, 'prepayment': 'FIRST', 'nonrefundable': 0, 'cancellation_period': 1, 'cancellation_fee': 'FIRST', 'breakfast': 0, 'base_price': 3300, 'prices': [3300], 'price': 2970, 'old_price': 3300, 'currency': 'RUB', 'payment_amount': 3300, 'extras_variants': [], 'extras': [], 'rate_id': 39867, 'deals': ['LAST_MINUTE'], 'cancellation_type': 'special', 'credit_card': 1, 'bonus': 149, 'miles': 177, 'min_stay': 1, 'platichastyami': 0, 'mircashback': 297}, {'id': 872198, 'capacity': 2, 'prepayment': 'FIRST', 'nonrefundable': 0, 'cancellation_period': 1, 'cancellation_fee': 'FIRST', 'breakfast': 0, 'base_price': 3300, 'prices': [3300], 'price': 2970, 'old_price': 3300, 'currency': 'RUB', 'payment_amount': 3300, 'extras_variants': [], 'extras': [], 'rate_id': 39867, 'deals': ['LAST_MINUTE'], 'cancellation_type': 'special', 'credit_card': 1, 'bonus': 149, 'miles': 177, 'min_stay': 1, 'platichastyami': 0, 'mircashback': 297}]",2970.0,177,655564_101hotels,2026-07-31
2240039,,,1,0,0,1,Одноместный,1,1,[{'single': 1}],[],"[{'id': 872194, 'capacity': 1, 'prepayment': 'FIRST', 'nonrefundable': 0, 'cancellation_period': 1, 'cancellation_fee': 'FIRST', 'breakfast': 0, 'base_price': 3000, 'prices': [3000], 'price': 3000, 'old_price': 3000, 'currency': 'RUB', 'payment_amount': 3000, 'extras_variants': [], 'extras': [], 'rate_id': 39867, 'deals': [], 'cancellation_type': 'special', 'credit_card': 1, 'bonus': 150, 'miles': 180, 'min_stay': 1, 'platichastyami': 0, 'mircashback': 300}]",3000.0,180,655564_101hotels,2026-07-31
2240036,,Стандарт,2,0,0,1,Двухместный,2,1,[{'single': 2}],[],"[{'id': 1132768, 'capacity': 1, 'prepayment': 'FULL', 'nonrefundable': 0, 'cancellation_period': 2, 'cancellation_fee': 'FIRST', 'breakfast': 0, 'base_price': 3500, 'prices': [3500], 'price': 3500, 'old_price': 3500, 'currency': 'RUB', 'payment_amount': 3500, 'extras_variants': [], 'extras': [], 'rate_id': 56994, 'deals': [], 'cancellation_type': 'special', 'credit_card': 1, 'bonus': 175, 'miles': 210, 'min_stay': 1, 'platichastyami': 0, 'mircashback': 350}, {'id': 1132769, 'capacity': 2, 'prepayment': 'FULL', 'nonrefundable': 0, 'cancellation_period': 2, 'cancellation_fee': 'FIRST', 'breakfast': 0, 'base_price': 3500, 'prices': [3500], 'price': 3500, 'old_price': 3500, 'currency': 'RUB', 'payment_amount': 3500, 'extras_variants': [], 'extras': [], 'rate_id': 56994, 'deals': [], 'cancellation_type': 'special', 'credit_card': 1, 'bonus': 175, 'miles': 210, 'min_stay': 1, 'platichastyami': 0, 'mircashback': 350}]",3500.0,210,655480_101hotels,2026-07-31
2310529,,Улучшенный,2,1,0,1,Двухместный,2,2,[{'double': 1}],"[{'id': '33530', 'number': '1', 'min_age': '0', 'max_age': '5', 'is_extra_bed': '0', 'extra_bed_type_id': '0'}]","[{'id': 1132772, 'capacity': 1, 'prepayment': 'FULL', 'nonrefundable': 0, 'cancellation_period': 2, 'cancellation_fee': 'FIRST', 'breakfast': 0, 'base_price': 3900, 'prices': [3900], 'price': 3900, 'old_price': 3900, 'currency': 'RUB', 'payment_amount': 3900, 'extras_variants': [], 'extras': {'33530': {'id': 33530, 'number': 1, 'extra_bed_type_id': 0, 'age': [0, 5], 'extra_bed': 0, 'free': 1}}, 'rate_id': 56994, 'deals': [], 'cancellation_type': 'special', 'credit_card': 1, 'bonus': 195, 'miles': 234, 'min_stay': 1, 'platichastyami': 0, 'mircashback': 390}, {'id': 1132773, 'capacity': 2, 'prepayment': 'FULL', 'nonrefundable': 0, 'cancellation_period': 2, 'cancellation_fee': 'FIRST', 'breakfast': 0, 'base_price': 3900, 'prices': [3900], 'price': 3900, 'old_price': 3900, 'currency': 'RUB', 'payment_amount': 3900, 'extras_variants': [], 'extras': {'33530': {'id': 33530, 'number': 1, 'extra_bed_type_id': 0, 'age': [0, 5], 'extra_bed': 0, 'free': 1}}, 'rate_id': 56994, 'deals': [], 'cancellation_type': 'special', 'credit_card': 1, 'bonus': 195, 'miles': 234, 'min_stay': 1, 'platichastyami': 0, 'mircashback': 390}]",3900.0,234,655480_101hotels,2026-07-31
2310530,,Семейный,3,0,0,1,Трёхместный и более,3,1,[{'single': 3}],"[{'id': '35273', 'number': '1', 'min_age': '0', 'max_age': '5', 'is_extra_bed': '0', 'extra_bed_type_id': '0'}]","[{'id': 1132791, 'capacity': 1, 'prepayment': 'FULL', 'nonrefundable': 0, 'cancellation_period': 2, 'cancellation_fee': 'FIRST', 'breakfast': 0, 'base_price': 4300, 'prices': [4300], 'price': 4300, 'old_price': 4300, 'currency': 'RUB', 'payment_amount': 4300, 'extras_variants': [], 'extras': {'35273': {'id': 35273, 'number': 1, 'extra_bed_type_id': 0, 'age': [0, 5], 'extra_bed': 0, 'free': 1}}, 'rate_id': 56994, 'deals': [], 'cancellation_type': 'special', 'credit_card': 1, 'bonus': 215, 'miles': 258, 'min_stay': 1, 'platichastyami': 0, 'mircashback': 430}, {'id': 1132792, 'capacity': 2, 'prepayment': 'FULL', 'nonrefundable': 0, 'cancellation_period': 2, 'cancellation_fee': 'FIRST', 'breakfast': 0, 'base_price': 4300, 'prices': [4300], 'price': 4300, 'old_price': 4300, 'currency': 'RUB', 'payment_amount': 4300, 'extras_variants': [], 'extras': {'35273': {'id': 35273, 'number': 1, 'extra_bed_type_id': 0, 'age': [0, 5], 'extra_bed': 0, 'free': 1}}, 'rate_id': 56994, 'deals': [], 'cancellation_type': 'special', 'credit_card': 1, 'bonus': 215, 'miles': 258, 'min_stay': 1, 'platichastyami': 0, 'mircashback': 430}, {'id': 1132793, 'capacity': 3, 'prepayment': 'FULL', 'nonrefundable': 0, 'cancellation_period': 2, 'cancellation_fee': 'FIRST', 'breakfast': 0, 'base_price': 4300, 'prices': [4300], 'price': 4300, 'old_price': 4300, 'currency': 'RUB', 'payment_amount': 4300, 'extras_variants': [], 'extras': {'35273': {'id': 35273, 'number': 1, 'extra_bed_type_id': 0, 'age': [0, 5], 'extra_bed': 0, 'free': 1}}, 'rate_id': 56994, 'deals': [], 'cancellation_type': 'special', 'credit_card': 1, 'bonus': 215, 'miles': 258, 'min_stay': 1, 'platichastyami': 0, 'mircashback': 430}]",4300.0,258,655480_101hotels,2026-07-31
2279586,,Президентский,2,1,0,1,Люкс,6,1,[{'double': 1}],"[{'id': '13052', 'number': '1', 'min_age': '0', 'max_age': '3', 'is_extra_bed': '1', 'extra_bed_type_id': '4'}]","[{'id': 854435, 'capacity': 1, 'prepayment': 'NO', 'nonrefundable': 0, 'cancellation_period': 0, 'cancellation_fee': 'NO', 'breakfast': 1, 'base_price': 200000, 'prices': [200000], 'price': 200000, 'old_price': 200000, 'currency': 'RUB', 'payment_amount': 0, 'extras_variants': [], 'extras': {'13052': {'id': 13052, 'number': 1, 'extra_bed_type_id': 4, 'age': [0, 3], 'extra_bed': 1, 'free': 1}}, 'rate_id': 38528, 'deals': [], 'cancellation_type': 'free', 'credit_card': 0, 'bonus': 10000, 'miles': 6000, 'min_stay': 1, 'platichastyami': 0, 'mircashback': 10000}, {'id': 854436, 'capacity': 2, 'prepayment': 'NO', 'nonrefundable': 0, 'cancellation_period': 0, 'cancellation_fee': 'NO', 'breakfast': 1, 'base_price': 215000, 'prices': [215000], 'price': 215000, 'old_price': 215000, 'currency': 'RUB', 'payment_amount': 0, 'extras_variants': [], 'extras': {'13052': {'id': 13052, 'number': 1, 'extra_bed_type_id': 4, 'age': [0, 3], 'extra_bed': 1, 'free': 1}}, 'rate_id': 38528, 'deals': [], 'cancellation_type': 'free', 'credit_card': 0, 'bonus': 10750, 'miles': 6000, 'min_stay': 1, 'platichastyami': 0, 'mircashback': 10000}]",200000.0,6000,663295_101hotels,2026-07-31
2286155,,Супериор Классик,2,0,0,1,Двухместный,2,6,"[{'single': 2}, {'double': 1}]",[],"[{'id': 922849, 'capacity': 1, 'prepayment': 'NO', 'nonrefundable': 0, 'cancellation_period': 0, 'cancellation_fee': 'NO', 'breakfast': 1, 'base_price': 46000, 'prices': [46000], 'price': 46000, 'old_price': 46000, 'currency': 'RUB', 'payment_amount': 0, 'extras_variants': [], 'extras': [], 'rate_id': 38528, 'deals': [], 'cancellation_type': 'free', 'credit_card': 0, 'bonus': 2300, 'miles': 2760, 'min_stay': 1, 'platichastyami': 0, 'mircashback': 4600}, {'id': 922850, 'capacity': 2, 'prepayment': 'NO', 'nonrefundable': 0, 'cancellation_period': 0, 'cancellation_fee': 'NO', 'breakfast': 1, 'base_price': 53000, 'prices': [53000], 'price': 53000, 'old_price': 53000, 'currency': 'RUB', 'payment_amount': 0, 'extras_variants': [], 'extras': [], 'rate_id': 38528, 'deals': [], 'cancellation_type': 'free', 'credit_card': 0, 'bonus': 2650, 'miles': 3180, 'min_stay': 1, 'platichastyami': 0, 'mircashback': 5300}]",46000.0,2760,663295_101hotels,2026-07-31
2286156,,Супериор Модерн,2,0,0,1,Двухместный,2,7,[{'double': 1}],[],"[{'id': 922853, 'capacity': 1, 'prepayment': 'NO', 'nonrefundable': 0, 'cancellation_period': 0, 'cancellation_fee': 'NO', 'breakfast': 1, 'base_price': 46000, 'prices': [46000], 'price': 46000, 'old_price': 46000, 'currency': 'RUB', 'payment_amount': 0, 'extras_variants': [], 'extras': [], 'rate_id': 38528, 'deals': [], 'cancellation_type': 'free', 'credit_card': 0, 'bonus': 2300, 'miles': 2760, 'min_stay': 1, 'platichastyami': 0, 'mircashback': 4600}, {'id': 922854, 'capacity': 2, 'prepayment': 'NO', 'nonrefundable': 0, 'cancellation_period': 0, 'cancellation_fee': 'NO', 'breakfast': 1, 'base_price': 53000, 'prices': [53000], 'price': 53000, 'old_price': 53000, 'currency': 'RUB', 'payment_amount': 0, 'extras_variants': [], 'extras': [], 'rate_id': 38528, 'deals': [], 'cancellation_type': 'free', 'credit_card': 0, 'bonus': 2650, 'miles': 3180, 'min_stay': 1, 'platichastyami': 0, 'mircashback': 5300}]",46000.0,2760,663295_101hotels,2026-07-31
2286157,,Супериор Нордик,2,0,0,1,Двухместный,2,3,"[{'single': 2}, {'double': 1}]",[],"[{'id': 922856, 'capacity': 1, 'prepayment': 'NO', 'nonrefundable': 0, 'cancellation_period': 0, 'cancellation_fee': 'NO', 'breakfast': 1, 'base_price': 46000, 'prices': [46000], 'price': 46000, 'old_price': 46000, 'currency': 'RUB', 'payment_amount': 0, 'extras_variants': [], 'extras': [], 'rate_id': 38528, 'deals': [], 'cancellation_type': 'free', 'credit_card': 0, 'bonus': 2300, 'miles': 2760, 'min_stay': 1, 'platichastyami': 0, 'mircashback': 4600}, {'id': 922857, 'capacity': 2, 'prepayment': 'NO', 'nonrefundable': 0, 'cancellation_period': 0, 'cancellation_fee': 'NO', 'breakfast': 1, 'base_price': 53000, 'prices': [53000], 'price': 53000, 'old_price': 53000, 'currency': 'RUB', 'payment_amount': 0, 'extras_variants': [], 'extras': [], 'rate_id': 38528, 'deals': [], 'cancellation_type': 'free', 'credit_card': 0, 'bonus': 2650, 'miles': 3180, 'min_stay': 1, 'platichastyami': 0, 'mircashback': 5300}]",46000.0,2760,663295_101hotels,2026-07-31
2286162,,Делюкс Классик,2,1,0,1,Двухместный,2,1,[{'single': 2}],[],"[{'id': 922885, 'capacity': 1, 'prepayment': 'NO', 'nonrefundable': 0, 'cancellation_period': 0, 'cancellation_fee': 'NO', 'breakfast': 1, 'base_price': 50000, 'prices': [50000], 'price': 50000, 'old_price': 50000, 'currency': 'RUB', 'payment_amount': 0, 'extras_variants': [], 'extras': [], 'rate_id': 38528, 'deals': [], 'cancellation_type': 'free', 'credit_card': 0, 'bonus': 2500, 'miles': 3000, 'min_stay': 1, 'platichastyami': 0, 'mircashback': 5000}, {'id': 922886, 'capacity': 2, 'prepayment': 'NO', 'nonrefundable': 0, 'cancellation_period': 0, 'cancellation_fee': 'NO', 'breakfast': 1, 'base_price': 57000, 'prices': [57000], 'price': 57000, 'old_price': 57000, 'currency': 'RUB', 'payment_amount': 0, 'extras_variants': [], 'extras': [], 'rate_id': 38528, 'deals': [], 'cancellation_type': 'free', 'credit_card': 0, 'bonus': 2850, 'miles': 3420, 'min_stay': 1, 'platichastyami': 0, 'mircashback': 5700}]",50000.0,3000,663295_101hotels,2026-07-31
2286163,,Делюкс Модерн,2,1,0,1,Двухместный,2,2,[{'double': 1}],[],"[{'id': 922924, 'capacity': 1, 'prepayment': 'NO', 'nonrefundable': 0, 'cancellation_period': 0, 'cancellation_fee': 'NO', 'breakfast': 1, 'base_price': 50000, 'prices': [50000], 'price': 50000, 'old_price': 50000, 'currency': 'RUB', 'payment_amount': 0, 'extras_variants': [], 'extras': [], 'rate_id': 38528, 'deals': [], 'cancellation_type': 'free', 'credit_card': 0, 'bonus': 2500, 'miles': 3000, 'min_stay': 1, 'platichastyami': 0, 'mircashback': 5000}, {'id': 922925, 'capacity': 2, 'prepayment': 'NO', 'nonrefundable': 0, 'cancellation_period': 0, 'cancellation_fee': 'NO', 'breakfast': 1, 'base_price': 57000, 'prices': [57000], 'price': 57000, 'old_price': 57000, 'currency': 'RUB', 'payment_amount': 0, 'extras_variants': [], 'extras': [], 'rate_id': 38528, 'deals': [], 'cancellation_type': 'free', 'credit_card': 0, 'bonus': 2850, 'miles': 3420, 'min_stay': 1, 'platichastyami': 0, 'mircashback': 5700}]",50000.0,3000,663295_101hotels,2026-07-31
2286164,,Делюкс Нордик,2,1,0,1,Двухместный,2,1,[{'double': 2}],[],"[{'id': 922922, 'capacity': 1, 'prepayment': 'NO', 'nonrefundable': 0, 'cancellation_period': 0, 'cancellation_fee': 'NO', 'breakfast': 1, 'base_price': 50000, 'prices': [50000], 'price': 50000, 'old_price': 50000, 'currency': 'RUB', 'payment_amount': 0, 'extras_variants': [], 'extras': [], 'rate_id': 38528, 'deals': [], 'cancellation_type': 'free', 'credit_card': 0, 'bonus': 2500, 'miles': 3000, 'min_stay': 1, 'platichastyami': 0, 'mircashback': 5000}, {'id': 922923, 'capacity': 2, 'prepayment': 'NO', 'nonrefundable': 0, 'cancellation_period': 0, 'cancellation_fee': 'NO', 'breakfast': 1, 'base_price': 57000, 'prices': [57000], 'price': 57000, 'old_price': 57000, 'currency': 'RUB', 'payment_amount': 0, 'extras_variants': [], 'extras': [], 'rate_id': 38528, 'deals': [], 'cancellation_type': 'free', 'credit_card': 0, 'bonus': 2850, 'miles': 3420, 'min_stay': 1, 'platichastyami': 0, 'mircashback': 5700}]",50000.0,3000,663295_101hotels,2026-07-31
2295480,,Делюкс,2,0,0,1,Делюкс,29,5,[{'double': 1}],[],"[{'id': 1002429, 'capacity': 1, 'prepayment': 'NO', 'nonrefundable': 0, 'cancellation_period': 0, 'cancellation_fee': 'NO', 'breakfast': 1, 'base_price': 18000, 'prices': [18000], 'price': 18000, 'old_price': 18000, 'currency': 'RUB', 'payment_amount': 0, 'extras_variants': [], 'extras': [], 'rate_id': 48075, 'deals': [], 'cancellation_type': 'free', 'credit_card': 0, 'bonus': 900, 'miles': 1080, 'min_stay': 1, 'platichastyami': 0, 'mircashback': 1800}, {'id': 1002430, 'capacity': 2, 'prepayment': 'NO', 'nonrefundable': 0, 'cancellation_period': 0, 'cancellation_fee': 'NO', 'breakfast': 1, 'base_price': 18000, 'prices': [18000], 'price': 18000, 'old_price': 18000, 'currency': 'RUB', 'payment_amount': 0, 'extras_variants': [], 'extras': [], 'rate_id': 48075, 'deals': [], 'cancellation_type': 'free', 'credit_card': 0, 'bonus': 900, 'miles': 1080, 'min_stay': 1, 'platichastyami': 0, 'mircashback': 1800}, {'id': '1002429P', 'capacity': 1, 'prepayment': 'FULL', 'nonrefundable': 0, 'cancellation_period': 0, 'cancellation_fee': 'NO', 'breakfast': 1, 'base_price': 18000, 'prices': [18000], 'price': 18000, 'old_price': 18000, 'currency': 'RUB', 'payment_amount': 18000, 'extras_variants': [], 'extras': [], 'rate_id': 48075, 'deals': [], 'cancellation_type': 'free', 'credit_card': 0, 'bonus': 900, 'miles': 1080, 'min_stay': 1, 'platichastyami': 0, 'mircashback': 1800}, {'id': '1002430P', 'capacity': 2, 'prepayment': 'FULL', 'nonrefundable': 0, 'cancellation_period': 0, 'cancellation_fee': 'NO', 'breakfast': 1, 'base_price': 18000, 'prices': [18000], 'price': 18000, 'old_price': 18000, 'currency': 'RUB', 'payment_amount': 18000, 'extras_variants': [], 'extras': [], 'rate_id': 48075, 'deals': [], 'cancellation_type': 'free', 'credit_card': 0, 'bonus': 900, 'miles': 1080, 'min_stay': 1, 'platichastyami': 0, 'mircashback': 1800}]",18000.0,1080,672104_101hotels,2026-07-31
2295659,,Гранд Делюкс,2,1,0,1,Трехместный,37,7,[{'double': 1}],"[{'id': '19441', 'number': '1', 'min_age': '0', 'max_age': '5', 'is_extra_bed': '0', 'extra_bed_type_id': '0'}]","[{'id': 1003707, 'capacity': 1, 'prepayment': 'NO', 'nonrefundable': 0, 'cancellation_period': 0, 'cancellation_fee': 'NO', 'breakfast': 1, 'base_price': 21000, 'prices': [21000], 'price': 21000, 'old_price': 21000, 'currency': 'RUB', 'payment_amount': 0, 'extras_variants': [], 'extras': {'19441': {'id': 19441, 'number': 1, 'extra_bed_type_id': 0, 'age': [0, 5], 'extra_bed': 0, 'free': 1}}, 'rate_id': 48075, 'deals': [], 'cancellation_type': 'free', 'credit_card': 0, 'bonus': 1050, 'miles': 1260, 'min_stay': 1, 'platichastyami': 0, 'mircashback': 2100}, {'id': 1003708, 'capacity': 2, 'prepayment': 'NO', 'nonrefundable': 0, 'cancellation_period': 0, 'cancellation_fee': 'NO', 'breakfast': 1, 'base_price': 21000, 'prices': [21000], 'price': 21000, 'old_price': 21000, 'currency': 'RUB', 'payment_amount': 0, 'extras_variants': [], 'extras': {'19441': {'id': 19441, 'number': 1, 'extra_bed_type_id': 0, 'age': [0, 5], 'extra_bed': 0, 'free': 1}}, 'rate_id': 48075, 'deals': [], 'cancellation_type': 'free', 'credit_card': 0, 'bonus': 1050, 'miles': 1260, 'min_stay': 1, 'platichastyami': 0, 'mircashback': 2100}, {'id': '1003707P', 'capacity': 1, 'prepayment': 'FULL', 'nonrefundable': 0, 'cancellation_period': 0, 'cancellation_fee': 'NO', 'breakfast': 1, 'base_price': 21000, 'prices': [21000], 'price': 21000, 'old_price': 21000, 'currency': 'RUB', 'payment_amount': 21000, 'extras_variants': [], 'extras': {'19441': {'id': 19441, 'number': 1, 'extra_bed_type_id': 0, 'age': [0, 5], 'extra_bed': 0, 'free': 1}}, 'rate_id': 48075, 'deals': [], 'cancellation_type': 'free', 'credit_card': 0, 'bonus': 1050, 'miles': 1260, 'min_stay': 1, 'platichastyami': 0, 'mircashback': 2100}, {'id': '1003708P', 'capacity': 2, 'prepayment': 'FULL', 'nonrefundable': 0, 'cancellation_period': 0, 'cancellation_fee': 'NO', 'breakfast': 1, 'base_price': 21000, 'prices': [21000], 'price': 21000, 'old_price': 21000, 'currency': 'RUB', 'payment_amount': 21000, 'extras_variants': [], 'extras': {'19441': {'id': 19441, 'number': 1, 'extra_bed_type_id': 0, 'age': [0, 5], 'extra_bed': 0, 'free': 1}}, 'rate_id': 48075, 'deals': [], 'cancellation_type': 'free', 'credit_card': 0, 'bonus': 1050, 'miles': 1260, 'min_stay': 1, 'platichastyami': 0, 'mircashback': 2100}]",21000.0,1260,672104_101hotels,2026-07-31
2295661,,Премиум,2,1,0,1,Трехместный,37,8,[{'double': 1}],"[{'id': '19443', 'number': '1', 'min_age': '0', 'max_age': '5', 'is_extra_bed': '0', 'extra_bed_type_id': '0'}]","[{'id': 1003711, 'capacity': 1, 'prepayment': 'NO', 'nonrefundable': 0, 'cancellation_period': 0, 'cancellation_fee': 'NO', 'breakfast': 1, 'base_price': 26000, 'prices': [26000], 'price': 26000, 'old_price': 26000, 'currency': 'RUB', 'payment_amount': 0, 'extras_variants': [], 'extras': {'19443': {'id': 19443, 'number': 1, 'extra_bed_type_id': 0, 'age': [0, 5], 'extra_bed': 0, 'free': 1}}, 'rate_id': 48075, 'deals': [], 'cancellation_type': 'free', 'credit_card': 0, 'bonus': 1300, 'miles': 1560, 'min_stay': 1, 'platichastyami': 0, 'mircashback': 2600}, {'id': 1003712, 'capacity': 2, 'prepayment': 'NO', 'nonrefundable': 0, 'cancellation_period': 0, 'cancellation_fee': 'NO', 'breakfast': 1, 'base_price': 31000, 'prices': [31000], 'price': 31000, 'old_price': 31000, 'currency': 'RUB', 'payment_amount': 0, 'extras_variants': [], 'extras': {'19443': {'id': 19443, 'number': 1, 'extra_bed_type_id': 0, 'age': [0, 5], 'extra_bed': 0, 'free': 1}}, 'rate_id': 48075, 'deals': [], 'cancellation_type': 'free', 'credit_card': 0, 'bonus': 1550, 'miles': 1860, 'min_stay': 1, 'platichastyami': 0, 'mircashback': 3100}, {'id': '1003711P', 'capacity': 1, 'prepayment': 'FULL', 'nonrefundable': 0, 'cancellation_period': 0, 'cancellation_fee': 'NO', 'breakfast': 1, 'base_price': 26000, 'prices': [26000], 'price': 26000, 'old_price': 26000, 'currency': 'RUB', 'payment_amount': 26000, 'extras_variants': [], 'extras': {'19443': {'id': 19443, 'number': 1, 'extra_bed_type_id': 0, 'age': [0, 5], 'extra_bed': 0, 'free': 1}}, 'rate_id': 48075, 'deals': [], 'cancellation_type': 'free', 'credit_card': 0, 'bonus': 1300, 'miles': 1560, 'min_stay': 1, 'platichastyami': 0, 'mircashback': 2600}, {'id': '1003712P', 'capacity': 2, 'prepayment': 'FULL', 'nonrefundable': 0, 'cancellation_period': 0, 'cancellation_fee': 'NO', 'breakfast': 1, 'base_price': 31000, 'prices': [31000], 'price': 31000, 'old_price': 31000, 'currency': 'RUB', 'payment_amount': 31000, 'extras_variants': [], 'extras': {'19443': {'id': 19443, 'number': 1, 'extra_bed_type_id': 0, 'age': [0, 5], 'extra_bed': 0, 'free': 1}}, 'rate_id': 48075, 'deals': [], 'cancellation_type': 'free', 'credit_card': 0, 'bonus': 1550, 'miles': 1860, 'min_stay': 1, 'platichastyami': 0, 'mircashback': 3100}]",26000.0,1560,672104_101hotels,2026-07-31
2295663,,Президентский Люкс,2,1,0,1,Трехместный,37,1,[{'double': 1}],"[{'id': '19445', 'number': '1', 'min_age': '0', 'max_age': '5', 'is_extra_bed': '0', 'extra_bed_type_id': '0'}]","[{'id': 1003715, 'capacity': 1, 'prepayment': 'NO', 'nonrefundable': 0, 'cancellation_period': 0, 'cancellation_fee': 'NO', 'breakfast': 1, 'base_price': 48000, 'prices': [48000], 'price': 48000, 'old_price': 48000, 'currency': 'RUB', 'payment_amount': 0, 'extras_variants': [], 'extras': {'19445': {'id': 19445, 'number': 1, 'extra_bed_type_id': 0, 'age': [0, 5], 'extra_bed': 0, 'free': 1}}, 'rate_id': 48075, 'deals': [], 'cancellation_type': 'free', 'credit_card': 0, 'bonus': 2400, 'miles': 2880, 'min_stay': 1, 'platichastyami': 0, 'mircashback': 4800}, {'id': 1003716, 'capacity': 2, 'prepayment': 'NO', 'nonrefundable': 0, 'cancellation_period': 0, 'cancellation_fee': 'NO', 'breakfast': 1, 'base_price': 53000, 'prices': [53000], 'price': 53000, 'old_price': 53000, 'currency': 'RUB', 'payment_amount': 0, 'extras_variants': [], 'extras': {'19445': {'id': 19445, 'number': 1, 'extra_bed_type_id': 0, 'age': [0, 5], 'extra_bed': 0, 'free': 1}}, 'rate_id': 48075, 'deals': [], 'cancellation_type': 'free', 'credit_card': 0, 'bonus': 2650, 'miles': 3180, 'min_stay': 1, 'platichastyami': 0, 'mircashback': 5300}, {'id': '1003715P', 'capacity': 1, 'prepayment': 'FULL', 'nonrefundable': 0, 'cancellation_period': 0, 'cancellation_fee': 'NO', 'breakfast': 1, 'base_price': 48000, 'prices': [48000], 'price': 48000, 'old_price': 48000, 'currency': 'RUB', 'payment_amount': 48000, 'extras_variants': [], 'extras': {'19445': {'id': 19445, 'number': 1, 'extra_bed_type_id': 0, 'age': [0, 5], 'extra_bed': 0, 'free': 1}}, 'rate_id': 48075, 'deals': [], 'cancellation_type': 'free', 'credit_card': 0, 'bonus': 2400, 'miles': 2880, 'min_stay': 1, 'platichastyami': 0, 'mircashback': 4800}, {'id': '1003716P', 'capacity': 2, 'prepayment': 'FULL', 'nonrefundable': 0, 'cancellation_period': 0, 'cancellation_fee': 'NO', 'breakfast': 1, 'base_price': 53000, 'prices': [53000], 'price': 53000, 'old_price': 53000, 'currency': 'RUB', 'payment_amount': 53000, 'extras_variants': [], 'extras': {'19445': {'id': 19445, 'number': 1, 'extra_bed_type_id': 0, 'age': [0, 5], 'extra_bed': 0, 'free': 1}}, 'rate_id': 48075, 'deals': [], 'cancellation_type': 'free', 'credit_card': 0, 'bonus': 2650, 'miles': 3180, 'min_stay': 1, 'platichastyami': 0, 'mircashback': 5300}]",48000.0,2880,672104_101hotels,2026-07-31
2306301,,Стандарт с раздельными кроватями,2,0,0,1,Двухместный,2,4,[{'single': 2}],[],"[{'id': 1090826, 'capacity': 1, 'prepayment': 'FULL', 'nonrefundable': 0, 'cancellation_period': 5, 'cancellation_fee': 'FIRST', 'breakfast': 0, 'base_price': 5250, 'prices': [5250], 'price': 5250, 'old_price': 5250, 'currency': 'RUB', 'payment_amount': 5250, 'extras_variants': [], 'extras': [], 'rate_id': 53937, 'deals': [], 'cancellation_type': 'special', 'credit_card': 1, 'bonus': 263, 'miles': 315, 'min_stay': 1, 'platichastyami': 0, 'mircashback': 525}, {'id': 1090827, 'capacity': 2, 'prepayment': 'FULL', 'nonrefundable': 0, 'cancellation_period': 5, 'cancellation_fee': 'FIRST', 'breakfast': 0, 'base_price': 5250, 'prices': [5250], 'price': 5250, 'old_price': 5250, 'currency': 'RUB', 'payment_amount': 5250, 'extras_variants': [], 'extras': [], 'rate_id': 53937, 'deals': [], 'cancellation_type': 'special', 'credit_card': 1, 'bonus': 263, 'miles': 315, 'min_stay': 1, 'platichastyami': 0, 'mircashback': 525}]",5250.0,315,674436_101hotels,2026-07-31
2306326,,Двухместный эконом без окна,2,0,0,1,Двухместный,2,2,[{'single': 2}],[],"[{'id': 1090914, 'capacity': 1, 'prepayment': 'FULL', 'nonrefundable': 0, 'cancellation_period': 5, 'cancellation_fee': 'FIRST', 'breakfast': 0, 'base_price': 4000, 'prices': [4000], 'price': 4000, 'old_price': 4000, 'currency': 'RUB', 'payment_amount': 4000, 'extras_variants': [], 'extras': [], 'rate_id': 53937, 'deals': [], 'cancellation_type': 'special', 'credit_card': 1, 'bonus': 200, 'miles': 240, 'min_stay': 1, 'platichastyami': 0, 'mircashback': 400}, {'id': 1090915, 'capacity': 2, 'prepayment': 'FULL', 'nonrefundable': 0, 'cancellation_period': 5, 'cancellation_fee': 'FIRST', 'breakfast': 0, 'base_price': 4000, 'prices': [4000], 'price': 4000, 'old_price': 4000, 'currency': 'RUB', 'payment_amount': 4000, 'extras_variants': [], 'extras': [], 'rate_id': 53937, 'deals': [], 'cancellation_type': 'special', 'credit_card': 1, 'bonus': 200, 'miles': 240, 'min_stay': 1, 'platichastyami': 0, 'mircashback': 400}]",4000.0,240,674436_101hotels,2026-07-31
2306327,,С двуспальной кроватью,2,1,0,1,Улучшенный,113,3,[{'double': 2}],"[{'id': '25344', 'number': '1', 'min_age': '1', 'max_age': '14', 'is_extra_bed': '1', 'extra_bed_type_id': '3'}]","[{'id': 1090916, 'capacity': 1, 'prepayment': 'FULL', 'nonrefundable': 0, 'cancellation_period': 5, 'cancellation_fee': 'FIRST', 'breakfast': 0, 'base_price': 7250, 'prices': [7250], 'price': 7250, 'old_price': 7250, 'currency': 'RUB', 'payment_amount': 7250, 'extras_variants': [], 'extras': {'25344': {'id': 25344, 'number': 1, 'extra_bed_type_id': 3, 'age': [1, 14], 'extra_bed': 1, 'free': 1}}, 'rate_id': 53937, 'deals': [], 'cancellation_type': 'special', 'credit_card': 1, 'bonus': 363, 'miles': 435, 'min_stay': 1, 'platichastyami': 0, 'mircashback': 725}, {'id': 1090917, 'capacity': 2, 'prepayment': 'FULL', 'nonrefundable': 0, 'cancellation_period': 5, 'cancellation_fee': 'FIRST', 'breakfast': 0, 'base_price': 7250, 'prices': [7250], 'price': 7250, 'old_price': 7250, 'currency': 'RUB', 'payment_amount': 7250, 'extras_variants': [], 'extras': {'25344': {'id': 25344, 'number': 1, 'extra_bed_type_id': 3, 'age': [1, 14], 'extra_bed': 1, 'free': 1}}, 'rate_id': 53937, 'deals': [], 'cancellation_type': 'special', 'credit_card': 1, 'bonus': 363, 'miles': 435, 'min_stay': 1, 'platichastyami': 0, 'mircashback': 725}]",7250.0,435,674436_101hotels,2026-07-31
2306328,,С двумя раздельными кроватями,2,1,0,1,Улучшенный,113,1,[{'single': 2}],"[{'id': '25345', 'number': '1', 'min_age': '1', 'max_age': '14', 'is_extra_bed': '1', 'extra_bed_type_id': '3'}]","[{'id': 1090918, 'capacity': 1, 'prepayment': 'FULL', 'nonrefundable': 0, 'cancellation_period': 5, 'cancellation_fee': 'FIRST', 'breakfast': 0, 'base_price': 7250, 'prices': [7250], 'price': 7250, 'old_price': 7250, 'currency': 'RUB', 'payment_amount': 7250, 'extras_variants': [], 'extras': {'25345': {'id': 25345, 'number': 1, 'extra_bed_type_id': 3, 'age': [1, 14], 'extra_bed': 1, 'free': 1}}, 'rate_id': 53937, 'deals': [], 'cancellation_type': 'special', 'credit_card': 1, 'bonus': 363, 'miles': 435, 'min_stay': 1, 'platichastyami': 0, 'mircashback': 725}, {'id': 1090919, 'capacity': 2, 'prepayment': 'FULL', 'nonrefundable': 0, 'cancellation_period': 5, 'cancellation_fee': 'FIRST', 'breakfast': 0, 'base_price': 7250, 'prices': [7250], 'price': 7250, 'old_price': 7250, 'currency': 'RUB', 'payment_amount': 7250, 'extras_variants': [], 'extras': {'25345': {'id': 25345, 'number': 1, 'extra_bed_type_id': 3, 'age': [1, 14], 'extra_bed': 1, 'free': 1}}, 'rate_id': 53937, 'deals': [], 'cancellation_type': 'special', 'credit_card': 1, 'bonus': 363, 'miles': 435, 'min_stay': 1, 'platichastyami': 0, 'mircashback': 725}]",7250.0,435,674436_101hotels,2026-07-31
2309531,,Стандарт DBL,2,0,0,1,Двухместный,2,4,[{'double': 1}],[],"[{'id': 1123594, 'capacity': 1, 'prepayment': 'FIRST', 'nonrefundable': 0, 'cancellation_period': 0, 'cancellation_fee': 'NO', 'breakfast': 1, 'base_price': 6500, 'prices': [6500], 'price': 6500, 'old_price': 6500, 'currency': 'RUB', 'payment_amount': 6500, 'extras_variants': [], 'extras': [], 'rate_id': 55888, 'deals': [], 'cancellation_type': 'free', 'credit_card': 1, 'bonus': 325, 'miles': 390, 'min_stay': 1, 'platichastyami': 0, 'mircashback': 650}, {'id': 1124268, 'capacity': 1, 'prepayment': 'NO', 'nonrefundable': 0, 'cancellation_period': 0, 'cancellation_fee': 'NO', 'breakfast': 0, 'base_price': 6500, 'prices': [6500], 'price': 6500, 'old_price': 6500, 'currency': 'RUB', 'payment_amount': 0, 'extras_variants': [], 'extras': [], 'rate_id': 55889, 'deals': [], 'cancellation_type': 'free', 'credit_card': 0, 'bonus': 325, 'miles': 390, 'min_stay': 1, 'platichastyami': 0, 'mircashback': 650}, {'id': 1123595, 'capacity': 2, 'prepayment': 'FIRST', 'nonrefundable': 0, 'cancellation_period': 0, 'cancellation_fee': 'NO', 'breakfast': 1, 'base_price': 7500, 'prices': [7500], 'price': 7500, 'old_price': 7500, 'currency': 'RUB', 'payment_amount': 7500, 'extras_variants': [], 'extras': [], 'rate_id': 55888, 'deals': [], 'cancellation_type': 'free', 'credit_card': 1, 'bonus': 375, 'miles': 450, 'min_stay': 1, 'platichastyami': 0, 'mircashback': 750}, {'id': 1124269, 'capacity': 2, 'prepayment': 'NO', 'nonrefundable': 0, 'cancellation_period': 0, 'cancellation_fee': 'NO', 'breakfast': 0, 'base_price': 7500, 'prices': [7500], 'price': 7500, 'old_price': 7500, 'currency': 'RUB', 'payment_amount': 0, 'extras_variants': [], 'extras': [], 'rate_id': 55889, 'deals': [], 'cancellation_type': 'free', 'credit_card': 0, 'bonus': 375, 'miles': 450, 'min_stay': 1, 'platichastyami': 0, 'mircashback': 750}, {'id': '1124268P', 'capacity': 1, 'prepayment': 'FULL', 'nonrefundable': 0, 'cancellation_period': 0, 'cancellation_fee': 'NO', 'breakfast': 0, 'base_price': 6500, 'prices': [6500], 'price': 6500, 'old_price': 6500, 'currency': 'RUB', 'payment_amount': 6500, 'extras_variants': [], 'extras': [], 'rate_id': 55889, 'deals': [], 'cancellation_type': 'free', 'credit_card': 0, 'bonus': 325, 'miles': 390, 'min_stay': 1, 'platichastyami': 0, 'mircashback': 650}, {'id': '1124269P', 'capacity': 2, 'prepayment': 'FULL', 'nonrefundable': 0, 'cancellation_period': 0, 'cancellation_fee': 'NO', 'breakfast': 0, 'base_price': 7500, 'prices': [7500], 'price': 7500, 'old_price': 7500, 'currency': 'RUB', 'payment_amount': 7500, 'extras_variants': [], 'extras': [], 'rate_id': 55889, 'deals': [], 'cancellation_type': 'free', 'credit_card': 0, 'bonus': 375, 'miles': 450, 'min_stay': 1, 'platichastyami': 0, 'mircashback': 750}]",6500.0,390,674899_101hotels,2026-07-31
2309532,,Семейный DBL/TWIN,1,1,0,1,Трёхместный и более,3,1,"[{'double': 1}, {'s-sofa': 1}]",[],"[{'id': 1123596, 'capacity': 1, 'prepayment': 'FIRST', 'nonrefundable': 0, 'cancellation_period': 0, 'cancellation_fee': 'NO', 'breakfast': 1, 'base_price': 7500, 'prices': [7500], 'price': 7500, 'old_price': 7500, 'currency': 'RUB', 'payment_amount': 7500, 'extras_variants': [], 'extras': [], 'rate_id': 55888, 'deals': [], 'cancellation_type': 'free', 'credit_card': 1, 'bonus': 375, 'miles': 450, 'min_stay': 1, 'platichastyami': 0, 'mircashback': 750}, {'id': 1124270, 'capacity': 1, 'prepayment': 'NO', 'nonrefundable': 0, 'cancellation_period': 0, 'cancellation_fee': 'NO', 'breakfast': 0, 'base_price': 7500, 'prices': [7500], 'price': 7500, 'old_price': 7500, 'currency': 'RUB', 'payment_amount': 0, 'extras_variants': [], 'extras': [], 'rate_id': 55889, 'deals': [], 'cancellation_type': 'free', 'credit_card': 0, 'bonus': 375, 'miles': 450, 'min_stay': 1, 'platichastyami': 0, 'mircashback': 750}, {'id': '1124270P', 'capacity': 1, 'prepayment': 'FULL', 'nonrefundable': 0, 'cancellation_period': 0, 'cancellation_fee': 'NO', 'breakfast': 0, 'base_price': 7500, 'prices': [7500], 'price': 7500, 'old_price': 7500, 'currency': 'RUB', 'payment_amount': 7500, 'extras_variants': [], 'extras': [], 'rate_id': 55889, 'deals': [], 'cancellation_type': 'free', 'credit_card': 0, 'bonus': 375, 'miles': 450, 'min_stay': 1, 'platichastyami': 0, 'mircashback': 750}]",7500.0,450,674899_101hotels,2026-07-31
2309534,,Комфорт Мансарда DBL,2,1,0,1,Трёхместный и более,3,1,"[{'double': 1}, {'single': 1}]",[],"[{'id': 1123599, 'capacity': 1, 'prepayment': 'FIRST', 'nonrefundable': 0, 'cancellation_period': 0, 'cancellation_fee': 'NO', 'breakfast': 1, 'base_price': 7000, 'prices': [7000], 'price': 7000, 'old_price': 7000, 'currency': 'RUB', 'payment_amount': 7000, 'extras_variants': [], 'extras': [], 'rate_id': 55888, 'deals': [], 'cancellation_type': 'free', 'credit_card': 1, 'bonus': 350, 'miles': 420, 'min_stay': 1, 'platichastyami': 0, 'mircashback': 700}, {'id': 1124273, 'capacity': 1, 'prepayment': 'NO', 'nonrefundable': 0, 'cancellation_period': 0, 'cancellation_fee': 'NO', 'breakfast': 0, 'base_price': 7000, 'prices': [7000], 'price': 7000, 'old_price': 7000, 'currency': 'RUB', 'payment_amount': 0, 'extras_variants': [], 'extras': [], 'rate_id': 55889, 'deals': [], 'cancellation_type': 'free', 'credit_card': 0, 'bonus': 350, 'miles': 420, 'min_stay': 1, 'platichastyami': 0, 'mircashback': 700}, {'id': 1123600, 'capacity': 2, 'prepayment': 'FIRST', 'nonrefundable': 0, 'cancellation_period': 0, 'cancellation_fee': 'NO', 'breakfast': 1, 'base_price': 8000, 'prices': [8000], 'price': 8000, 'old_price': 8000, 'currency': 'RUB', 'payment_amount': 8000, 'extras_variants': [], 'extras': [], 'rate_id': 55888, 'deals': [], 'cancellation_type': 'free', 'credit_card': 1, 'bonus': 400, 'miles': 480, 'min_stay': 1, 'platichastyami': 0, 'mircashback': 800}, {'id': 1124274, 'capacity': 2, 'prepayment': 'NO', 'nonrefundable': 0, 'cancellation_period': 0, 'cancellation_fee': 'NO', 'breakfast': 0, 'base_price': 8000, 'prices': [8000], 'price': 8000, 'old_price': 8000, 'currency': 'RUB', 'payment_amount': 0, 'extras_variants': [], 'extras': [], 'rate_id': 55889, 'deals': [], 'cancellation_type': 'free', 'credit_card': 0, 'bonus': 400, 'miles': 480, 'min_stay': 1, 'platichastyami': 0, 'mircashback': 800}, {'id': '1124273P', 'capacity': 1, 'prepayment': 'FULL', 'nonrefundable': 0, 'cancellation_period': 0, 'cancellation_fee': 'NO', 'breakfast': 0, 'base_price': 7000, 'prices': [7000], 'price': 7000, 'old_price': 7000, 'currency': 'RUB', 'payment_amount': 7000, 'extras_variants': [], 'extras': [], 'rate_id': 55889, 'deals': [], 'cancellation_type': 'free', 'credit_card': 0, 'bonus': 350, 'miles': 420, 'min_stay': 1, 'platichastyami': 0, 'mircashback': 700}, {'id': '1124274P', 'capacity': 2, 'prepayment': 'FULL', 'nonrefundable': 0, 'cancellation_period': 0, 'cancellation_fee': 'NO', 'breakfast': 0, 'base_price': 8000, 'prices': [8000], 'price': 8000, 'old_price': 8000, 'currency': 'RUB', 'payment_amount': 8000, 'extras_variants': [], 'extras': [], 'rate_id': 55889, 'deals': [], 'cancellation_type': 'free', 'credit_card': 0, 'bonus': 400, 'miles': 480, 'min_stay': 1, 'platichastyami': 0, 'mircashback': 800}]",7000.0,420,674899_101hotels,2026-07-31
2309535,,Комфорт Мансарда DBL/TWIN,2,1,0,1,Трёхместный и более,3,1,"[{'double': 1}, {'s-sofa': 1}]",[],"[{'id': 1123601, 'capacity': 1, 'prepayment': 'FIRST', 'nonrefundable': 0, 'cancellation_period': 0, 'cancellation_fee': 'NO', 'breakfast': 1, 'base_price': 7500, 'prices': [7500], 'price': 7500, 'old_price': 7500, 'currency': 'RUB', 'payment_amount': 7500, 'extras_variants': [], 'extras': [], 'rate_id': 55888, 'deals': [], 'cancellation_type': 'free', 'credit_card': 1, 'bonus': 375, 'miles': 450, 'min_stay': 1, 'platichastyami': 0, 'mircashback': 750}, {'id': 1124275, 'capacity': 1, 'prepayment': 'NO', 'nonrefundable': 0, 'cancellation_period': 0, 'cancellation_fee': 'NO', 'breakfast': 0, 'base_price': 7500, 'prices': [7500], 'price': 7500, 'old_price': 7500, 'currency': 'RUB', 'payment_amount': 0, 'extras_variants': [], 'extras': [], 'rate_id': 55889, 'deals': [], 'cancellation_type': 'free', 'credit_card': 0, 'bonus': 375, 'miles': 450, 'min_stay': 1, 'platichastyami': 0, 'mircashback': 750}, {'id': 1123602, 'capacity': 2, 'prepayment': 'FIRST', 'nonrefundable': 0, 'cancellation_period': 0, 'cancellation_fee': 'NO', 'breakfast': 1, 'base_price': 8500, 'prices': [8500], 'price': 8500, 'old_price': 8500, 'currency': 'RUB', 'payment_amount': 8500, 'extras_variants': [], 'extras': [], 'rate_id': 55888, 'deals': [], 'cancellation_type': 'free', 'credit_card': 1, 'bonus': 425, 'miles': 510, 'min_stay': 1, 'platichastyami': 0, 'mircashback': 850}, {'id': 1124276, 'capacity': 2, 'prepayment': 'NO', 'nonrefundable': 0, 'cancellation_period': 0, 'cancellation_fee': 'NO', 'breakfast': 0, 'base_price': 8500, 'prices': [8500], 'price': 8500, 'old_price': 8500, 'currency': 'RUB', 'payment_amount': 0, 'extras_variants': [], 'extras': [], 'rate_id': 55889, 'deals': [], 'cancellation_type': 'free', 'credit_card': 0, 'bonus': 425, 'miles': 510, 'min_stay': 1, 'platichastyami': 0, 'mircashback': 850}, {'id': '1124275P', 'capacity': 1, 'prepayment': 'FULL', 'nonrefundable': 0, 'cancellation_period': 0, 'cancellation_fee': 'NO', 'breakfast': 0, 'base_price': 7500, 'prices': [7500], 'price': 7500, 'old_price': 7500, 'currency': 'RUB', 'payment_amount': 7500, 'extras_variants': [], 'extras': [], 'rate_id': 55889, 'deals': [], 'cancellation_type': 'free', 'credit_card': 0, 'bonus': 375, 'miles': 450, 'min_stay': 1, 'platichastyami': 0, 'mircashback': 750}, {'id': '1124276P', 'capacity': 2, 'prepayment': 'FULL', 'nonrefundable': 0, 'cancellation_period': 0, 'cancellation_fee': 'NO', 'breakfast': 0, 'base_price': 8500, 'prices': [8500], 'price': 8500, 'old_price': 8500, 'currency': 'RUB', 'payment_amount': 8500, 'extras_variants': [], 'extras': [], 'rate_id': 55889, 'deals': [], 'cancellation_type': 'free', 'credit_card': 0, 'bonus': 425, 'miles': 510, 'min_stay': 1, 'platichastyami': 0, 'mircashback': 850}]",7500.0,450,674899_101hotels,2026-07-31
2315988,,Эконом,2,0,0,1,Двухместный,2,2,[{'double': 1}],"[{'id': '51168', 'number': '1', 'min_age': '0', 'max_age': '14', 'is_extra_bed': '0', 'extra_bed_type_id': '0'}]","[{'id': 1203170, 'capacity': 1, 'prepayment': 'FULL', 'nonrefundable': 0, 'cancellation_period': 1, 'cancellation_fee': 'FIRST', 'breakfast': 0, 'base_price': 4400, 'prices': [4400], 'price': 3740, 'old_price': 4400, 'currency': 'RUB', 'payment_amount': 4400, 'extras_variants': [], 'extras': {'51168': {'id': 51168, 'number': 1, 'extra_bed_type_id': 0, 'age': [0, 14], 'extra_bed': 0, 'free': 1}}, 'rate_id': 61553, 'deals': ['BASE'], 'cancellation_type': 'special', 'credit_card': 1, 'bonus': 187, 'miles': 222, 'min_stay': 1, 'platichastyami': 0, 'mircashback': 374}, {'id': 1225025, 'capacity': 2, 'prepayment': 'FULL', 'nonrefundable': 0, 'cancellation_period': 1, 'cancellation_fee': 'FIRST', 'breakfast': 0, 'base_price': 4400, 'prices': [4400], 'price': 3960, 'old_price': 4400, 'currency': 'RUB', 'payment_amount': 4400, 'extras_variants': [], 'extras': {'51168': {'id': 51168, 'number': 1, 'extra_bed_type_id': 0, 'age': [0, 14], 'extra_bed': 0, 'free': 1}}, 'rate_id': 61553, 'deals': ['LAST_MINUTE'], 'cancellation_type': 'special', 'credit_card': 1, 'bonus': 198, 'miles': 237, 'min_stay': 1, 'platichastyami': 0, 'mircashback': 396}]",3740.0,222,676828_101hotels,2026-07-31
2316009,,Стандарт,2,0,0,1,Двухместный,2,6,[{'double': 1}],[],"[{'id': 1203172, 'capacity': 1, 'prepayment': 'FULL', 'nonrefundable': 0, 'cancellation_period': 1, 'cancellation_fee': 'FIRST', 'breakfast': 0, 'base_price': 5500, 'prices': [5500], 'price': 4675, 'old_price': 5500, 'currency': 'RUB', 'payment_amount': 5500, 'extras_variants': [], 'extras': [], 'rate_id': 61553, 'deals': ['BASE'], 'cancellation_type': 'special', 'credit_card': 1, 'bonus': 234, 'miles': 279, 'min_stay': 1, 'platichastyami': 0, 'mircashback': 468}, {'id': 1203173, 'capacity': 2, 'prepayment': 'FULL', 'nonrefundable': 0, 'cancellation_period': 1, 'cancellation_fee': 'FIRST', 'breakfast': 0, 'base_price': 5500, 'prices': [5500], 'price': 4675, 'old_price': 5500, 'currency': 'RUB', 'payment_amount': 5500, 'extras_variants': [], 'extras': [], 'rate_id': 61553, 'deals': ['BASE'], 'cancellation_type': 'special', 'credit_card': 1, 'bonus': 234, 'miles': 279, 'min_stay': 1, 'platichastyami': 0, 'mircashback': 468}]",4675.0,279,676828_101hotels,2026-07-31
2316012,,Комфорт,2,0,0,1,Двухместный,2,1,[{'double': 1}],[],"[{'id': 1203174, 'capacity': 1, 'prepayment': 'FULL', 'nonrefundable': 0, 'cancellation_period': 1, 'cancellation_fee': 'FIRST', 'breakfast': 0, 'base_price': 6600, 'prices': [6600], 'price': 5610, 'old_price': 6600, 'currency': 'RUB', 'payment_amount': 6600, 'extras_variants': [], 'extras': [], 'rate_id': 61553, 'deals': ['BASE'], 'cancellation_type': 'special', 'credit_card': 1, 'bonus': 281, 'miles': 336, 'min_stay': 1, 'platichastyami': 0, 'mircashback': 561}, {'id': 1203175, 'capacity': 2, 'prepayment': 'FULL', 'nonrefundable': 0, 'cancellation_period': 1, 'cancellation_fee': 'FIRST', 'breakfast': 0, 'base_price': 6600, 'prices': [6600], 'price': 5610, 'old_price': 6600, 'currency': 'RUB', 'payment_amount': 6600, 'extras_variants': [], 'extras': [], 'rate_id': 61553, 'deals': ['BASE'], 'cancellation_type': 'special', 'credit_card': 1, 'bonus': 281, 'miles': 336, 'min_stay': 1, 'platichastyami': 0, 'mircashback': 561}]",5610.0,336,676828_101hotels,2026-07-31
2316046,,Люкс,2,0,0,1,Двухместный,2,1,[{'double': 1}],[],"[{'id': 1203171, 'capacity': 1, 'prepayment': 'FULL', 'nonrefundable': 0, 'cancellation_period': 1, 'cancellation_fee': 'FIRST', 'breakfast': 0, 'base_price': 7700, 'prices': [7700], 'price': 6545, 'old_price': 7700, 'currency': 'RUB', 'payment_amount': 7700, 'extras_variants': [], 'extras': [], 'rate_id': 61553, 'deals': ['BASE'], 'cancellation_type': 'special', 'credit_card': 1, 'bonus': 327, 'miles': 390, 'min_stay': 1, 'platichastyami': 0, 'mircashback': 655}, {'id': 1225024, 'capacity': 2, 'prepayment': 'FULL', 'nonrefundable': 0, 'cancellation_period': 1, 'cancellation_fee': 'FIRST', 'breakfast': 0, 'base_price': 7700, 'prices': [7700], 'price': 6930, 'old_price': 7700, 'currency': 'RUB', 'payment_amount': 7700, 'extras_variants': [], 'extras': [], 'rate_id': 61553, 'deals': ['LAST_MINUTE'], 'cancellation_type': 'special', 'credit_card': 1, 'bonus': 347, 'miles': 414, 'min_stay': 1, 'platichastyami': 0, 'mircashback': 693}]",6545.0,390,676828_101hotels,2026-07-31
5724,,Standard,1,0,0,1,Двухместный,2,2,[{'double': 1}],[],"[{'id': 332557, 'capacity': 1, 'prepayment': 'FULL', 'nonrefundable': 0, 'cancellation_period': 0, 'cancellation_fee': 'NO', 'breakfast': 1, 'base_price': 6700, 'prices': [6700], 'price': 6700, 'old_price': 6700, 'currency': 'RUB', 'payment_amount': 6700, 'extras_variants': [], 'extras': [], 'rate_id': 3907, 'deals': [], 'cancellation_type': 'free', 'credit_card': 1, 'bonus': 335, 'miles': 402, 'min_stay': 1, 'platichastyami': 0, 'mircashback': 670}]",6700.0,402,221_101hotels,2026-07-31
5726,,Улучшенный Standard,2,1,0,1,Двухместный,2,3,[{'single': 1}],[],"[{'id': 332558, 'capacity': 1, 'prepayment': 'FULL', 'nonrefundable': 0, 'cancellation_period': 0, 'cancellation_fee': 'NO', 'breakfast': 1, 'base_price': 8200, 'prices': [8200], 'price': 8200, 'old_price': 8200, 'currency': 'RUB', 'payment_amount': 8200, 'extras_variants': [], 'extras': [], 'rate_id': 3907, 'deals': [], 'cancellation_type': 'free', 'credit_card': 1, 'bonus': 410, 'miles': 492, 'min_stay': 1, 'platichastyami': 0, 'mircashback': 820}, {'id': 332559, 'capacity': 2, 'prepayment': 'FULL', 'nonrefundable': 0, 'cancellation_period': 0, 'cancellation_fee': 'NO', 'breakfast': 1, 'base_price': 9500, 'prices': [9500], 'price': 9500, 'old_price': 9500, 'currency': 'RUB', 'payment_amount': 9500, 'extras_variants': [], 'extras': [], 'rate_id': 3907, 'deals': [], 'cancellation_type': 'free', 'credit_card': 1, 'bonus': 475, 'miles': 570, 'min_stay': 1, 'platichastyami': 0, 'mircashback': 950}]",8200.0,492,221_101hotels,2026-07-31
5729,,Twin Room,2,1,0,1,Двухместный,2,4,[{'single': 2}],[],"[{'id': 332560, 'capacity': 1, 'prepayment': 'FULL', 'nonrefundable': 0, 'cancellation_period': 0, 'cancellation_fee': 'NO', 'breakfast': 1, 'base_price': 8200, 'prices': [8200], 'price': 8200, 'old_price': 8200, 'currency': 'RUB', 'payment_amount': 8200, 'extras_variants': [], 'extras': [], 'rate_id': 3907, 'deals': [], 'cancellation_type': 'free', 'credit_card': 1, 'bonus': 410, 'miles': 492, 'min_stay': 1, 'platichastyami': 0, 'mircashback': 820}, {'id': 332561, 'capacity': 2, 'prepayment': 'FULL', 'nonrefundable': 0, 'cancellation_period': 0, 'cancellation_fee': 'NO', 'breakfast': 1, 'base_price': 9500, 'prices': [9500], 'price': 9500, 'old_price': 9500, 'currency': 'RUB', 'payment_amount': 9500, 'extras_variants': [], 'extras': [], 'rate_id': 3907, 'deals': [], 'cancellation_type': 'free', 'credit_card': 1, 'bonus': 475, 'miles': 570, 'min_stay': 1, 'platichastyami': 0, 'mircashback': 950}]",8200.0,492,221_101hotels,2026-07-31
5733,,Junior Suite,2,1,0,1,Студио,5,1,[{'double': 1}],[],"[{'id': 332562, 'capacity': 1, 'prepayment': 'FULL', 'nonrefundable': 0, 'cancellation_period': 0, 'cancellation_fee': 'NO', 'breakfast': 1, 'base_price': 13200, 'prices': [13200], 'price': 13200, 'old_price': 13200, 'currency': 'RUB', 'payment_amount': 13200, 'extras_variants': [], 'extras': [], 'rate_id': 3907, 'deals': [], 'cancellation_type': 'free', 'credit_card': 1, 'bonus': 660, 'miles': 792, 'min_stay': 1, 'platichastyami': 0, 'mircashback': 1320}, {'id': 332563, 'capacity': 2, 'prepayment': 'FULL', 'nonrefundable': 0, 'cancellation_period': 0, 'cancellation_fee': 'NO', 'breakfast': 1, 'base_price': 14500, 'prices': [14500], 'price': 14500, 'old_price': 14500, 'currency': 'RUB', 'payment_amount': 14500, 'extras_variants': [], 'extras': [], 'rate_id': 3907, 'deals': [], 'cancellation_type': 'free', 'credit_card': 1, 'bonus': 725, 'miles': 870, 'min_stay': 1, 'platichastyami': 0, 'mircashback': 1450}]",13200.0,792,221_101hotels,2026-07-31
5736,,Main Suite,2,1,0,1,Люкс,6,1,[{'double': 1}],[],"[{'id': 332564, 'capacity': 1, 'prepayment': 'FULL', 'nonrefundable': 0, 'cancellation_period': 0, 'cancellation_fee': 'NO', 'breakfast': 1, 'base_price': 18200, 'prices': [18200], 'price': 18200, 'old_price': 18200, 'currency': 'RUB', 'payment_amount': 18200, 'extras_variants': [], 'extras': [], 'rate_id': 3907, 'deals': [], 'cancellation_type': 'free', 'credit_card': 1, 'bonus': 910, 'miles': 1092, 'min_stay': 1, 'platichastyami': 0, 'mircashback': 1820}, {'id': 332565, 'capacity': 2, 'prepayment': 'FULL', 'nonrefundable': 0, 'cancellation_period': 0, 'cancellation_fee': 'NO', 'breakfast': 1, 'base_price': 19500, 'prices': [19500], 'price': 19500, 'old_price': 19500, 'currency': 'RUB', 'payment_amount': 19500, 'extras_variants': [], 'extras': [], 'rate_id': 3907, 'deals': [], 'cancellation_type': 'free', 'credit_card': 1, 'bonus': 975, 'miles': 1170, 'min_stay': 1, 'platichastyami': 0, 'mircashback': 1950}]",18200.0,1092,221_101hotels,2026-07-31
5785,,Улучшенный,2,0,0,1,Двухместный,2,66,"[{'double': 1}, {'single': 2}]",[],"[{'id': 1191309, 'capacity': 1, 'prepayment': 'FULL', 'nonrefundable': 0, 'cancellation_period': 0, 'cancellation_fee': 'NO', 'breakfast': 0, 'base_price': 5600, 'prices': [5600], 'price': 5600, 'old_price': 5600, 'currency': 'RUB', 'payment_amount': 5600, 'extras_variants': [], 'extras': [], 'rate_id': 60821, 'deals': [], 'cancellation_type': 'free', 'credit_card': 1, 'bonus': 280, 'miles': 336, 'min_stay': 1, 'platichastyami': 0, 'mircashback': 560}, {'id': 598041, 'capacity': 1, 'prepayment': 'FULL', 'nonrefundable': 1, 'cancellation_period': 0, 'cancellation_fee': 'FIRST', 'breakfast': 1, 'base_price': 6400, 'prices': [6400], 'price': 6400, 'old_price': 6400, 'currency': 'RUB', 'payment_amount': 6400, 'extras_variants': [], 'extras': [], 'rate_id': 21056, 'deals': [], 'cancellation_type': 'nonrefundable', 'credit_card': 1, 'bonus': 320, 'miles': 384, 'min_stay': 1, 'platichastyami': 0, 'mircashback': 640}, {'id': 1191310, 'capacity': 2, 'prepayment': 'FULL', 'nonrefundable': 0, 'cancellation_period': 0, 'cancellation_fee': 'NO', 'breakfast': 0, 'base_price': 6400, 'prices': [6400], 'price': 6400, 'old_price': 6400, 'currency': 'RUB', 'payment_amount': 6400, 'extras_variants': [], 'extras': [], 'rate_id': 60821, 'deals': [], 'cancellation_type': 'free', 'credit_card': 1, 'bonus': 320, 'miles': 384, 'min_stay': 1, 'platichastyami': 0, 'mircashback': 640}, {'id': 598042, 'capacity': 2, 'prepayment': 'FULL', 'nonrefundable': 1, 'cancellation_period': 0, 'cancellation_fee': 'FIRST', 'breakfast': 1, 'base_price': 7800, 'prices': [7800], 'price': 7800, 'old_price': 7800, 'currency': 'RUB', 'payment_amount': 7800, 'extras_variants': [], 'extras': [], 'rate_id': 21056, 'deals': [], 'cancellation_type': 'nonrefundable', 'credit_card': 1, 'bonus': 390, 'miles': 468, 'min_stay': 1, 'platichastyami': 0, 'mircashback': 780}]",5600.0,336,224_101hotels,2026-07-31
5789,,Стандарт,2,0,0,1,Двухместный,2,12,"[{'double': 1}, {'single': 2}]",[],"[{'id': 1191311, 'capacity': 1, 'prepayment': 'FULL', 'nonrefundable': 0, 'cancellation_period': 0, 'cancellation_fee': 'NO', 'breakfast': 0, 'base_price': 4600, 'prices': [4600], 'price': 4600, 'old_price': 4600, 'currency': 'RUB', 'payment_amount': 4600, 'extras_variants': [], 'extras': [], 'rate_id': 60821, 'deals': [], 'cancellation_type': 'free', 'credit_card': 1, 'bonus': 230, 'miles': 276, 'min_stay': 1, 'platichastyami': 0, 'mircashback': 460}, {'id': 598043, 'capacity': 1, 'prepayment': 'FULL', 'nonrefundable': 1, 'cancellation_period': 0, 'cancellation_fee': 'FIRST', 'breakfast': 1, 'base_price': 5400, 'prices': [5400], 'price': 5400, 'old_price': 5400, 'currency': 'RUB', 'payment_amount': 5400, 'extras_variants': [], 'extras': [], 'rate_id': 21056, 'deals': [], 'cancellation_type': 'nonrefundable', 'credit_card': 1, 'bonus': 270, 'miles': 324, 'min_stay': 1, 'platichastyami': 0, 'mircashback': 540}, {'id': 1191312, 'capacity': 2, 'prepayment': 'FULL', 'nonrefundable': 0, 'cancellation_period': 0, 'cancellation_fee': 'NO', 'breakfast': 0, 'base_price': 5400, 'prices': [5400], 'price': 5400, 'old_price': 5400, 'currency': 'RUB', 'payment_amount': 5400, 'extras_variants': [], 'extras': [], 'rate_id': 60821, 'deals': [], 'cancellation_type': 'free', 'credit_card': 1, 'bonus': 270, 'miles': 324, 'min_stay': 1, 'platichastyami': 0, 'mircashback': 540}, {'id': 598044, 'capacity': 2, 'prepayment': 'FULL', 'nonrefundable': 1, 'cancellation_period': 0, 'cancellation_fee': 'FIRST', 'breakfast': 1, 'base_price': 6800, 'prices': [6800], 'price': 6800, 'old_price': 6800, 'currency': 'RUB', 'payment_amount': 6800, 'extras_variants': [], 'extras': [], 'rate_id': 21056, 'deals': [], 'cancellation_type': 'nonrefundable', 'credit_card': 1, 'bonus': 340, 'miles': 408, 'min_stay': 1, 'platichastyami': 0, 'mircashback': 680}]",4600.0,276,224_101hotels,2026-07-31
5790,,Супериор,2,0,0,1,Студио,5,16,"[{'single': 2}, {'double': 1}]",[],"[{'id': 1191313, 'capacity': 1, 'prepayment': 'FULL', 'nonrefundable': 0, 'cancellation_period': 0, 'cancellation_fee': 'NO', 'breakfast': 0, 'base_price': 6400, 'prices': [6400], 'price': 6400, 'old_price': 6400, 'currency': 'RUB', 'payment_amount': 6400, 'extras_variants': [], 'extras': [], 'rate_id': 60821, 'deals': [], 'cancellation_type': 'free', 'credit_card': 1, 'bonus': 320, 'miles': 384, 'min_stay': 1, 'platichastyami': 0, 'mircashback': 640}, {'id': 598045, 'capacity': 1, 'prepayment': 'FULL', 'nonrefundable': 1, 'cancellation_period': 0, 'cancellation_fee': 'FIRST', 'breakfast': 1, 'base_price': 7200, 'prices': [7200], 'price': 7200, 'old_price': 7200, 'currency': 'RUB', 'payment_amount': 7200, 'extras_variants': [], 'extras': [], 'rate_id': 21056, 'deals': [], 'cancellation_type': 'nonrefundable', 'credit_card': 1, 'bonus': 360, 'miles': 432, 'min_stay': 1, 'platichastyami': 0, 'mircashback': 720}, {'id': 1191314, 'capacity': 2, 'prepayment': 'FULL', 'nonrefundable': 0, 'cancellation_period': 0, 'cancellation_fee': 'NO', 'breakfast': 0, 'base_price': 7000, 'prices': [7000], 'price': 7000, 'old_price': 7000, 'currency': 'RUB', 'payment_amount': 7000, 'extras_variants': [], 'extras': [], 'rate_id': 60821, 'deals': [], 'cancellation_type': 'free', 'credit_card': 1, 'bonus': 350, 'miles': 420, 'min_stay': 1, 'platichastyami': 0, 'mircashback': 700}, {'id': 598046, 'capacity': 2, 'prepayment': 'FULL', 'nonrefundable': 1, 'cancellation_period': 0, 'cancellation_fee': 'FIRST', 'breakfast': 1, 'base_price': 8400, 'prices': [8400], 'price': 8400, 'old_price': 8400, 'currency': 'RUB', 'payment_amount': 8400, 'extras_variants': [], 'extras': [], 'rate_id': 21056, 'deals': [], 'cancellation_type': 'nonrefundable', 'credit_card': 1, 'bonus': 420, 'miles': 504, 'min_stay': 1, 'platichastyami': 0, 'mircashback': 840}]",6400.0,384,224_101hotels,2026-07-31
5791,,Джуниор Сюит,2,0,0,1,Студио,5,14,"[{'single': 2}, {'double': 1}]",[],"[{'id': 1191315, 'capacity': 1, 'prepayment': 'FULL', 'nonrefundable': 0, 'cancellation_period': 0, 'cancellation_fee': 'NO', 'breakfast': 0, 'base_price': 7400, 'prices': [7400], 'price': 7400, 'old_price': 7400, 'currency': 'RUB', 'payment_amount': 7400, 'extras_variants': [], 'extras': [], 'rate_id': 60821, 'deals': [], 'cancellation_type': 'free', 'credit_card': 1, 'bonus': 370, 'miles': 444, 'min_stay': 1, 'platichastyami': 0, 'mircashback': 740}, {'id': 598047, 'capacity': 1, 'prepayment': 'FULL', 'nonrefundable': 1, 'cancellation_period': 0, 'cancellation_fee': 'FIRST', 'breakfast': 1, 'base_price': 8200, 'prices': [8200], 'price': 8200, 'old_price': 8200, 'currency': 'RUB', 'payment_amount': 8200, 'extras_variants': [], 'extras': [], 'rate_id': 21056, 'deals': [], 'cancellation_type': 'nonrefundable', 'credit_card': 1, 'bonus': 410, 'miles': 492, 'min_stay': 1, 'platichastyami': 0, 'mircashback': 820}, {'id': 1191316, 'capacity': 2, 'prepayment': 'FULL', 'nonrefundable': 0, 'cancellation_period': 0, 'cancellation_fee': 'NO', 'breakfast': 0, 'base_price': 8000, 'prices': [8000], 'price': 8000, 'old_price': 8000, 'currency': 'RUB', 'payment_amount': 8000, 'extras_variants': [], 'extras': [], 'rate_id': 60821, 'deals': [], 'cancellation_type': 'free', 'credit_card': 1, 'bonus': 400, 'miles': 480, 'min_stay': 1, 'platichastyami': 0, 'mircashback': 800}, {'id': 598048, 'capacity': 2, 'prepayment': 'FULL', 'nonrefundable': 1, 'cancellation_period': 0, 'cancellation_fee': 'FIRST', 'breakfast': 1, 'base_price': 9400, 'prices': [9400], 'price': 9400, 'old_price': 9400, 'currency': 'RUB', 'payment_amount': 9400, 'extras_variants': [], 'extras': [], 'rate_id': 21056, 'deals': [], 'cancellation_type': 'nonrefundable', 'credit_card': 1, 'bonus': 470, 'miles': 564, 'min_stay': 1, 'platichastyami': 0, 'mircashback': 940}]",7400.0,444,224_101hotels,2026-07-31
5794,,,2,0,0,1,Делюкс,29,5,"[{'single': 2}, {'double': 1}]",[],"[{'id': 1191321, 'capacity': 1, 'prepayment': 'FULL', 'nonrefundable': 0, 'cancellation_period': 0, 'cancellation_fee': 'NO', 'breakfast': 0, 'base_price': 8200, 'prices': [8200], 'price': 8200, 'old_price': 8200, 'currency': 'RUB', 'payment_amount': 8200, 'extras_variants': [], 'extras': [], 'rate_id': 60821, 'deals': [], 'cancellation_type': 'free', 'credit_card': 1, 'bonus': 410, 'miles': 492, 'min_stay': 1, 'platichastyami': 0, 'mircashback': 820}, {'id': 598053, 'capacity': 1, 'prepayment': 'FULL', 'nonrefundable': 1, 'cancellation_period': 0, 'cancellation_fee': 'FIRST', 'breakfast': 1, 'base_price': 9000, 'prices': [9000], 'price': 9000, 'old_price': 9000, 'currency': 'RUB', 'payment_amount': 9000, 'extras_variants': [], 'extras': [], 'rate_id': 21056, 'deals': [], 'cancellation_type': 'nonrefundable', 'credit_card': 1, 'bonus': 450, 'miles': 540, 'min_stay': 1, 'platichastyami': 0, 'mircashback': 900}, {'id': 1191322, 'capacity': 2, 'prepayment': 'FULL', 'nonrefundable': 0, 'cancellation_period': 0, 'cancellation_fee': 'NO', 'breakfast': 0, 'base_price': 8600, 'prices': [8600], 'price': 8600, 'old_price': 8600, 'currency': 'RUB', 'payment_amount': 8600, 'extras_variants': [], 'extras': [], 'rate_id': 60821, 'deals': [], 'cancellation_type': 'free', 'credit_card': 1, 'bonus': 430, 'miles': 516, 'min_stay': 1, 'platichastyami': 0, 'mircashback': 860}, {'id': 598054, 'capacity': 2, 'prepayment': 'FULL', 'nonrefundable': 1, 'cancellation_period': 0, 'cancellation_fee': 'FIRST', 'breakfast': 1, 'base_price': 10000, 'prices': [10000], 'price': 10000, 'old_price': 10000, 'currency': 'RUB', 'payment_amount': 10000, 'extras_variants': [], 'extras': [], 'rate_id': 21056, 'deals': [], 'cancellation_type': 'nonrefundable', 'credit_card': 1, 'bonus': 500, 'miles': 600, 'min_stay': 1, 'platichastyami': 0, 'mircashback': 1000}]",8200.0,492,224_101hotels,2026-07-31
5795,,Представительский (с видом на город),2,0,0,1,Апартаменты,14,1,[{'double': 1}],[],"[{'id': 1191317, 'capacity': 1, 'prepayment': 'FULL', 'nonrefundable': 0, 'cancellation_period': 0, 'cancellation_fee': 'NO', 'breakfast': 0, 'base_price': 11200, 'prices': [11200], 'price': 11200, 'old_price': 11200, 'currency': 'RUB', 'payment_amount': 11200, 'extras_variants': [], 'extras': [], 'rate_id': 60821, 'deals': [], 'cancellation_type': 'free', 'credit_card': 1, 'bonus': 560, 'miles': 672, 'min_stay': 1, 'platichastyami': 0, 'mircashback': 1120}, {'id': 598049, 'capacity': 1, 'prepayment': 'FULL', 'nonrefundable': 1, 'cancellation_period': 0, 'cancellation_fee': 'FIRST', 'breakfast': 1, 'base_price': 12000, 'prices': [12000], 'price': 12000, 'old_price': 12000, 'currency': 'RUB', 'payment_amount': 12000, 'extras_variants': [], 'extras': [], 'rate_id': 21056, 'deals': [], 'cancellation_type': 'nonrefundable', 'credit_card': 1, 'bonus': 600, 'miles': 720, 'min_stay': 1, 'platichastyami': 0, 'mircashback': 1200}, {'id': 1191318, 'capacity': 2, 'prepayment': 'FULL', 'nonrefundable': 0, 'cancellation_period': 0, 'cancellation_fee': 'NO', 'breakfast': 0, 'base_price': 11600, 'prices': [11600], 'price': 11600, 'old_price': 11600, 'currency': 'RUB', 'payment_amount': 11600, 'extras_variants': [], 'extras': [], 'rate_id': 60821, 'deals': [], 'cancellation_type': 'free', 'credit_card': 1, 'bonus': 580, 'miles': 696, 'min_stay': 1, 'platichastyami': 0, 'mircashback': 1160}, {'id': 598050, 'capacity': 2, 'prepayment': 'FULL', 'nonrefundable': 1, 'cancellation_period': 0, 'cancellation_fee': 'FIRST', 'breakfast': 1, 'base_price': 13000, 'prices': [13000], 'price': 13000, 'old_price': 13000, 'currency': 'RUB', 'payment_amount': 13000, 'extras_variants': [], 'extras': [], 'rate_id': 21056, 'deals': [], 'cancellation_type': 'nonrefundable', 'credit_card': 1, 'bonus': 650, 'miles': 780, 'min_stay': 1, 'platichastyami': 0, 'mircashback': 1300}]",11200.0,672,224_101hotels,2026-07-31
45600,,Двухкомнатный,2,1,0,1,Люкс,6,1,"[{'double': 1, 'sofa': 1}]","[{'id': '28696', 'number': '1', 'min_age': '0', 'max_age': '7', 'is_extra_bed': '0', 'extra_bed_type_id': '0'}]","[{'id': 525919, 'capacity': 1, 'prepayment': 'NO', 'nonrefundable': 0, 'cancellation_period': 0, 'cancellation_fee': 'NO', 'breakfast': 1, 'base_price': 21500, 'prices': [21500], 'price': 21500, 'old_price': 0, 'currency': 'RUB', 'payment_amount': 0, 'extras_variants': [], 'extras': {'28696': {'id': 28696, 'number': 1, 'extra_bed_type_id': 0, 'age': [0, 7], 'extra_bed': 0, 'free': 1}}, 'rate_id': 16047, 'deals': [], 'cancellation_type': 'free', 'credit_card': 0, 'bonus': 1075, 'miles': 1290, 'min_stay': 1, 'platichastyami': 0, 'mircashback': 2150}, {'id': 525920, 'capacity': 2, 'prepayment': 'NO', 'nonrefundable': 0, 'cancellation_period': 0, 'cancellation_fee': 'NO', 'breakfast': 1, 'base_price': 21500, 'prices': [21500], 'price': 21500, 'old_price': 0, 'currency': 'RUB', 'payment_amount': 0, 'extras_variants': [], 'extras': {'28696': {'id': 28696, 'number': 1, 'extra_bed_type_id': 0, 'age': [0, 7], 'extra_bed': 0, 'free': 1}}, 'rate_id': 16047, 'deals': [], 'cancellation_type': 'free', 'credit_card': 0, 'bonus': 1075, 'miles': 1290, 'min_stay': 1, 'platichastyami': 0, 'mircashback': 2150}, {'id': '525919P', 'capacity': 1, 'prepayment': 'FULL', 'nonrefundable': 0, 'cancellation_period': 0, 'cancellation_fee': 'NO', 'breakfast': 1, 'base_price': 21500, 'prices': [21500], 'price': 21500, 'old_price': 0, 'currency': 'RUB', 'payment_amount': 21500, 'extras_variants': [], 'extras': {'28696': {'id': 28696, 'number': 1, 'extra_bed_type_id': 0, 'age': [0, 7], 'extra_bed': 0, 'free': 1}}, 'rate_id': 16047, 'deals': [], 'cancellation_type': 'free', 'credit_card': 0, 'bonus': 1075, 'miles': 1290, 'min_stay': 1, 'platichastyami': 0, 'mircashback': 2150}, {'id': '525920P', 'capacity': 2, 'prepayment': 'FULL', 'nonrefundable': 0, 'cancellation_period': 0, 'cancellation_fee': 'NO', 'breakfast': 1, 'base_price': 21500, 'prices': [21500], 'price': 21500, 'old_price': 0, 'currency': 'RUB', 'payment_amount': 21500, 'extras_variants': [], 'extras': {'28696': {'id': 28696, 'number': 1, 'extra_bed_type_id': 0, 'age': [0, 7], 'extra_bed': 0, 'free': 1}}, 'rate_id': 16047, 'deals': [], 'cancellation_type': 'free', 'credit_card': 0, 'bonus': 1075, 'miles': 1290, 'min_stay': 1, 'platichastyami': 0, 'mircashback': 2150}]",21500.0,1290,231_101hotels,2026-07-31
1320188,,Семейный,2,1,0,1,Студио,5,1,"[{'double': 1, 'sofa': 1}]","[{'id': '28694', 'number': '1', 'min_age': '0', 'max_age': '7', 'is_extra_bed': '0', 'extra_bed_type_id': '0'}]","[{'id': 525917, 'capacity': 1, 'prepayment': 'NO', 'nonrefundable': 0, 'cancellation_period': 0, 'cancellation_fee': 'NO', 'breakfast': 1, 'base_price': 16500, 'prices': [16500], 'price': 16500, 'old_price': 0, 'currency': 'RUB', 'payment_amount': 0, 'extras_variants': [], 'extras': {'28694': {'id': 28694, 'number': 1, 'extra_bed_type_id': 0, 'age': [0, 7], 'extra_bed': 0, 'free': 1}}, 'rate_id': 16047, 'deals': [], 'cancellation_type': 'free', 'credit_card': 0, 'bonus': 825, 'miles': 990, 'min_stay': 1, 'platichastyami': 0, 'mircashback': 1650}, {'id': 525918, 'capacity': 2, 'prepayment': 'NO', 'nonrefundable': 0, 'cancellation_period': 0, 'cancellation_fee': 'NO', 'breakfast': 1, 'base_price': 16500, 'prices': [16500], 'price': 16500, 'old_price': 0, 'currency': 'RUB', 'payment_amount': 0, 'extras_variants': [], 'extras': {'28694': {'id': 28694, 'number': 1, 'extra_bed_type_id': 0, 'age': [0, 7], 'extra_bed': 0, 'free': 1}}, 'rate_id': 16047, 'deals': [], 'cancellation_type': 'free', 'credit_card': 0, 'bonus': 825, 'miles': 990, 'min_stay': 1, 'platichastyami': 0, 'mircashback': 1650}, {'id': '525917P', 'capacity': 1, 'prepayment': 'FULL', 'nonrefundable': 0, 'cancellation_period': 0, 'cancellation_fee': 'NO', 'breakfast': 1, 'base_price': 16500, 'prices': [16500], 'price': 16500, 'old_price': 0, 'currency': 'RUB', 'payment_amount': 16500, 'extras_variants': [], 'extras': {'28694': {'id': 28694, 'number': 1, 'extra_bed_type_id': 0, 'age': [0, 7], 'extra_bed': 0, 'free': 1}}, 'rate_id': 16047, 'deals': [], 'cancellation_type': 'free', 'credit_card': 0, 'bonus': 825, 'miles': 990, 'min_stay': 1, 'platichastyami': 0, 'mircashback': 1650}, {'id': '525918P', 'capacity': 2, 'prepayment': 'FULL', 'nonrefundable': 0, 'cancellation_period': 0, 'cancellation_fee': 'NO', 'breakfast': 1, 'base_price': 16500, 'prices': [16500], 'price': 16500, 'old_price': 0, 'currency': 'RUB', 'payment_amount': 16500, 'extras_variants': [], 'extras': {'28694': {'id': 28694, 'number': 1, 'extra_bed_type_id': 0, 'age': [0, 7], 'extra_bed': 0, 'free': 1}}, 'rate_id': 16047, 'deals': [], 'cancellation_type': 'free', 'credit_card': 0, 'bonus': 825, 'miles': 990, 'min_stay': 1, 'platichastyami': 0, 'mircashback': 1650}]",16500.0,990,231_101hotels,2026-07-31
33534,,,2,0,0,1,Полулюкс,4,2,[{'double': 1}],"[{'id': '3521', 'number': '1', 'min_age': '1', 'max_age': '5', 'is_extra_bed': '0', 'extra_bed_type_id': '0'}]","[{'id': 310377, 'capacity': 1, 'prepayment': 'NO', 'nonrefundable': 0, 'cancellation_period': 0, 'cancellation_fee': 'NO', 'breakfast': 1, 'base_price': 4000, 'prices': [4000], 'price': 4000, 'old_price': 4000, 'currency': 'RUB', 'payment_amount': 0, 'extras_variants': [], 'extras': {'3521': {'id': 3521, 'number': 1, 'extra_bed_type_id': 0, 'age': [1, 5], 'extra_bed': 0, 'free': 1}}, 'rate_id': 2848, 'deals': [], 'cancellation_type': 'free', 'credit_card': 0, 'bonus': 200, 'miles': 240, 'min_stay': 1, 'platichastyami': 0, 'mircashback': 400}, {'id': 310378, 'capacity': 2, 'prepayment': 'NO', 'nonrefundable': 0, 'cancellation_period': 0, 'cancellation_fee': 'NO', 'breakfast': 1, 'base_price': 4000, 'prices': [4000], 'price': 4000, 'old_price': 4000, 'currency': 'RUB', 'payment_amount': 0, 'extras_variants': [], 'extras': {'3521': {'id': 3521, 'number': 1, 'extra_bed_type_id': 0, 'age': [1, 5], 'extra_bed': 0, 'free': 1}}, 'rate_id': 2848, 'deals': [], 'cancellation_type': 'free', 'credit_card': 0, 'bonus': 200, 'miles': 240, 'min_stay': 1, 'platichastyami': 0, 'mircashback': 400}]",4000.0,240,7044_101hotels,2026-07-31
1746432,,С 2 отдельными кроватями,2,0,0,1,Двухместный,2,1,[{'single': 2}],[],"[{'id': 310375, 'capacity': 1, 'prepayment': 'NO', 'nonrefundable': 0, 'cancellation_period': 0, 'cancellation_fee': 'NO', 'breakfast': 1, 'base_price': 4000, 'prices': [4000], 'price': 4000, 'old_price': 4000, 'currency': 'RUB', 'payment_amount': 0, 'extras_variants': [], 'extras': [], 'rate_id': 2848, 'deals': [], 'cancellation_type': 'free', 'credit_card': 0, 'bonus': 200, 'miles': 240, 'min_stay': 1, 'platichastyami': 0, 'mircashback': 400}, {'id': 310376, 'capacity': 2, 'prepayment': 'NO', 'nonrefundable': 0, 'cancellation_period': 0, 'cancellation_fee': 'NO', 'breakfast': 1, 'base_price': 4000, 'prices': [4000], 'price': 4000, 'old_price': 4000, 'currency': 'RUB', 'payment_amount': 0, 'extras_variants': [], 'extras': [], 'rate_id': 2848, 'deals': [], 'cancellation_type': 'free', 'credit_card': 0, 'bonus': 200, 'miles': 240, 'min_stay': 1, 'platichastyami': 0, 'mircashback': 400}]",4000.0,240,7044_101hotels,2026-07-31
1746433,,,1,0,0,1,Одноместный,1,3,[{'single': 1}],[],"[{'id': 310379, 'capacity': 1, 'prepayment': 'NO', 'nonrefundable': 0, 'cancellation_period': 0, 'cancellation_fee': 'NO', 'breakfast': 1, 'base_price': 3000, 'prices': [3000], 'price': 3000, 'old_price': 3000, 'currency': 'RUB', 'payment_amount': 0, 'extras_variants': [], 'extras': [], 'rate_id': 2848, 'deals': [], 'cancellation_type': 'free', 'credit_card': 0, 'bonus': 150, 'miles': 180, 'min_stay': 1, 'platichastyami': 0, 'mircashback': 300}]",3000.0,180,7044_101hotels,2026-07-31
19575,,Стандарт Double,2,0,0,1,Двухместный,2,3,[{'double': 1}],"[{'id': '4633', 'number': '1', 'min_age': '0', 'max_age': '6', 'is_extra_bed': '0', 'extra_bed_type_id': '0'}]","[{'id': 661642, 'capacity': 1, 'prepayment': 'FULL', 'nonrefundable': 0, 'cancellation_period': 1, 'cancellation_fee': 'FIRST', 'breakfast': 0, 'base_price': 4750, 'prices': [4750], 'price': 4750, 'old_price': 4750, 'currency': 'RUB', 'payment_amount': 4750, 'extras_variants': [], 'extras': {'4633': {'id': 4633, 'number': 1, 'extra_bed_type_id': 0, 'age': [0, 6], 'extra_bed': 0, 'free': 1}}, 'rate_id': 25742, 'deals': [], 'cancellation_type': 'special', 'credit_card': 1, 'bonus': 238, 'miles': 285, 'min_stay': 1, 'platichastyami': 0, 'mircashback': 475}, {'id': 706386, 'capacity': 1, 'prepayment': 'FIRST', 'nonrefundable': 0, 'cancellation_period': 1, 'cancellation_fee': 'FIRST', 'breakfast': 1, 'base_price': 5500, 'prices': [5500], 'price': 5500, 'old_price': 5500, 'currency': 'RUB', 'payment_amount': 5500, 'extras_variants': [], 'extras': {'4633': {'id': 4633, 'number': 1, 'extra_bed_type_id': 0, 'age': [0, 6], 'extra_bed': 0, 'free': 1}}, 'rate_id': 28923, 'deals': [], 'cancellation_type': 'special', 'credit_card': 1, 'bonus': 275, 'miles': 330, 'min_stay': 1, 'platichastyami': 0, 'mircashback': 550}, {'id': 659522, 'capacity': 1, 'prepayment': 'NO', 'nonrefundable': 0, 'cancellation_period': 0, 'cancellation_fee': 'NO', 'breakfast': 1, 'base_price': 5610, 'prices': [5610], 'price': 5610, 'old_price': 5610, 'currency': 'RUB', 'payment_amount': 0, 'extras_variants': [], 'extras': {'4633': {'id': 4633, 'number': 1, 'extra_bed_type_id': 0, 'age': [0, 6], 'extra_bed': 0, 'free': 1}}, 'rate_id': 25605, 'deals': [], 'cancellation_type': 'free', 'credit_card': 0, 'bonus': 281, 'miles': 336, 'min_stay': 1, 'platichastyami': 0, 'mircashback': 561}, {'id': 661643, 'capacity': 2, 'prepayment': 'FULL', 'nonrefundable': 0, 'cancellation_period': 1, 'cancellation_fee': 'FIRST', 'breakfast': 0, 'base_price': 5000, 'prices': [5000], 'price': 5000, 'old_price': 5000, 'currency': 'RUB', 'payment_amount': 5000, 'extras_variants': [], 'extras': {'4633': {'id': 4633, 'number': 1, 'extra_bed_type_id': 0, 'age': [0, 6], 'extra_bed': 0, 'free': 1}}, 'rate_id': 25742, 'deals': [], 'cancellation_type': 'special', 'credit_card': 1, 'bonus': 250, 'miles': 300, 'min_stay': 1, 'platichastyami': 0, 'mircashback': 500}, {'id': 706387, 'capacity': 2, 'prepayment': 'FIRST', 'nonrefundable': 0, 'cancellation_period': 1, 'cancellation_fee': 'FIRST', 'breakfast': 1, 'base_price': 6500, 'prices': [6500], 'price': 6500, 'old_price': 6500, 'currency': 'RUB', 'payment_amount': 6500, 'extras_variants': [], 'extras': {'4633': {'id': 4633, 'number': 1, 'extra_bed_type_id': 0, 'age': [0, 6], 'extra_bed': 0, 'free': 1}}, 'rate_id': 28923, 'deals': [], 'cancellation_type': 'special', 'credit_card': 1, 'bonus': 325, 'miles': 390, 'min_stay': 1, 'platichastyami': 0, 'mircashback': 650}, {'id': 659523, 'capacity': 2, 'prepayment': 'NO', 'nonrefundable': 0, 'cancellation_period': 0, 'cancellation_fee': 'NO', 'breakfast': 1, 'base_price': 6630, 'prices': [6630], 'price': 6630, 'old_price': 6630, 'currency': 'RUB', 'payment_amount': 0, 'extras_variants': [], 'extras': {'4633': {'id': 4633, 'number': 1, 'extra_bed_type_id': 0, 'age': [0, 6], 'extra_bed': 0, 'free': 1}}, 'rate_id': 25605, 'deals': [], 'cancellation_type': 'free', 'credit_card': 0, 'bonus': 332, 'miles': 396, 'min_stay': 1, 'platichastyami': 0, 'mircashback': 663}]",4750.0,285,4060_101hotels,2026-07-31
19576,,Стандарт Twin,2,0,0,1,Двухместный,2,7,[{'single': 2}],"[{'id': '4632', 'number': '1', 'min_age': '0', 'max_age': '6', 'is_extra_bed': '0', 'extra_bed_type_id': '0'}]","[{'id': 661644, 'capacity': 1, 'prepayment': 'FULL', 'nonrefundable': 0, 'cancellation_period': 1, 'cancellation_fee': 'FIRST', 'breakfast': 0, 'base_price': 4750, 'prices': [4750], 'price': 4750, 'old_price': 4750, 'currency': 'RUB', 'payment_amount': 4750, 'extras_variants': [], 'extras': {'4632': {'id': 4632, 'number': 1, 'extra_bed_type_id': 0, 'age': [0, 6], 'extra_bed': 0, 'free': 1}}, 'rate_id': 25742, 'deals': [], 'cancellation_type': 'special', 'credit_card': 1, 'bonus': 238, 'miles': 285, 'min_stay': 1, 'platichastyami': 0, 'mircashback': 475}, {'id': 706388, 'capacity': 1, 'prepayment': 'FIRST', 'nonrefundable': 0, 'cancellation_period': 1, 'cancellation_fee': 'FIRST', 'breakfast': 1, 'base_price': 5500, 'prices': [5500], 'price': 5500, 'old_price': 5500, 'currency': 'RUB', 'payment_amount': 5500, 'extras_variants': [], 'extras': {'4632': {'id': 4632, 'number': 1, 'extra_bed_type_id': 0, 'age': [0, 6], 'extra_bed': 0, 'free': 1}}, 'rate_id': 28923, 'deals': [], 'cancellation_type': 'special', 'credit_card': 1, 'bonus': 275, 'miles': 330, 'min_stay': 1, 'platichastyami': 0, 'mircashback': 550}, {'id': 659524, 'capacity': 1, 'prepayment': 'NO', 'nonrefundable': 0, 'cancellation_period': 0, 'cancellation_fee': 'NO', 'breakfast': 1, 'base_price': 5610, 'prices': [5610], 'price': 5610, 'old_price': 5610, 'currency': 'RUB', 'payment_amount': 0, 'extras_variants': [], 'extras': {'4632': {'id': 4632, 'number': 1, 'extra_bed_type_id': 0, 'age': [0, 6], 'extra_bed': 0, 'free': 1}}, 'rate_id': 25605, 'deals': [], 'cancellation_type': 'free', 'credit_card': 0, 'bonus': 281, 'miles': 336, 'min_stay': 1, 'platichastyami': 0, 'mircashback': 561}, {'id': 661645, 'capacity': 2, 'prepayment': 'FULL', 'nonrefundable': 0, 'cancellation_period': 1, 'cancellation_fee': 'FIRST', 'breakfast': 0, 'base_price': 5000, 'prices': [5000], 'price': 5000, 'old_price': 5000, 'currency': 'RUB', 'payment_amount': 5000, 'extras_variants': [], 'extras': {'4632': {'id': 4632, 'number': 1, 'extra_bed_type_id': 0, 'age': [0, 6], 'extra_bed': 0, 'free': 1}}, 'rate_id': 25742, 'deals': [], 'cancellation_type': 'special', 'credit_card': 1, 'bonus': 250, 'miles': 300, 'min_stay': 1, 'platichastyami': 0, 'mircashback': 500}, {'id': 706389, 'capacity': 2, 'prepayment': 'FIRST', 'nonrefundable': 0, 'cancellation_period': 1, 'cancellation_fee': 'FIRST', 'breakfast': 1, 'base_price': 6500, 'prices': [6500], 'price': 6500, 'old_price': 6500, 'currency': 'RUB', 'payment_amount': 6500, 'extras_variants': [], 'extras': {'4632': {'id': 4632, 'number': 1, 'extra_bed_type_id': 0, 'age': [0, 6], 'extra_bed': 0, 'free': 1}}, 'rate_id': 28923, 'deals': [], 'cancellation_type': 'special', 'credit_card': 1, 'bonus': 325, 'miles': 390, 'min_stay': 1, 'platichastyami': 0, 'mircashback': 650}, {'id': 659525, 'capacity': 2, 'prepayment': 'NO', 'nonrefundable': 0, 'cancellation_period': 0, 'cancellation_fee': 'NO', 'breakfast': 1, 'base_price': 6630, 'prices': [6630], 'price': 6630, 'old_price': 6630, 'currency': 'RUB', 'payment_amount': 0, 'extras_variants': [], 'extras': {'4632': {'id': 4632, 'number': 1, 'extra_bed_type_id': 0, 'age': [0, 6], 'extra_bed': 0, 'free': 1}}, 'rate_id': 25605, 'deals': [], 'cancellation_type': 'free', 'credit_card': 0, 'bonus': 332, 'miles': 396, 'min_stay': 1, 'platichastyami': 0, 'mircashback': 663}]",4750.0,285,4060_101hotels,2026-07-31
46273,,Junior Suite,2,0,0,1,Полулюкс,4,1,[{'double': 1}],[],"[{'id': 661648, 'capacity': 1, 'prepayment': 'FULL', 'nonrefundable': 0, 'cancellation_period': 1, 'cancellation_fee': 'FIRST', 'breakfast': 0, 'base_price': 5250, 'prices': [5250], 'price': 5250, 'old_price': 5250, 'currency': 'RUB', 'payment_amount': 5250, 'extras_variants': [], 'extras': [], 'rate_id': 25742, 'deals': [], 'cancellation_type': 'special', 'credit_card': 1, 'bonus': 263, 'miles': 315, 'min_stay': 1, 'platichastyami': 0, 'mircashback': 525}, {'id': 706393, 'capacity': 1, 'prepayment': 'FIRST', 'nonrefundable': 0, 'cancellation_period': 1, 'cancellation_fee': 'FIRST', 'breakfast': 1, 'base_price': 6000, 'prices': [6000], 'price': 6000, 'old_price': 6000, 'currency': 'RUB', 'payment_amount': 6000, 'extras_variants': [], 'extras': [], 'rate_id': 28923, 'deals': [], 'cancellation_type': 'special', 'credit_card': 1, 'bonus': 300, 'miles': 360, 'min_stay': 1, 'platichastyami': 0, 'mircashback': 600}, {'id': 659528, 'capacity': 1, 'prepayment': 'NO', 'nonrefundable': 0, 'cancellation_period': 0, 'cancellation_fee': 'NO', 'breakfast': 1, 'base_price': 6120, 'prices': [6120], 'price': 6120, 'old_price': 6120, 'currency': 'RUB', 'payment_amount': 0, 'extras_variants': [], 'extras': [], 'rate_id': 25605, 'deals': [], 'cancellation_type': 'free', 'credit_card': 0, 'bonus': 306, 'miles': 366, 'min_stay': 1, 'platichastyami': 0, 'mircashback': 612}, {'id': 661649, 'capacity': 2, 'prepayment': 'FULL', 'nonrefundable': 0, 'cancellation_period': 1, 'cancellation_fee': 'FIRST', 'breakfast': 0, 'base_price': 5500, 'prices': [5500], 'price': 5500, 'old_price': 5500, 'currency': 'RUB', 'payment_amount': 5500, 'extras_variants': [], 'extras': [], 'rate_id': 25742, 'deals': [], 'cancellation_type': 'special', 'credit_card': 1, 'bonus': 275, 'miles': 330, 'min_stay': 1, 'platichastyami': 0, 'mircashback': 550}, {'id': 706394, 'capacity': 2, 'prepayment': 'FIRST', 'nonrefundable': 0, 'cancellation_period': 1, 'cancellation_fee': 'FIRST', 'breakfast': 1, 'base_price': 7000, 'prices': [7000], 'price': 7000, 'old_price': 7000, 'currency': 'RUB', 'payment_amount': 7000, 'extras_variants': [], 'extras': [], 'rate_id': 28923, 'deals': [], 'cancellation_type': 'special', 'credit_card': 1, 'bonus': 350, 'miles': 420, 'min_stay': 1, 'platichastyami': 0, 'mircashback': 700}, {'id': 659529, 'capacity': 2, 'prepayment': 'NO', 'nonrefundable': 0, 'cancellation_period': 0, 'cancellation_fee': 'NO', 'breakfast': 1, 'base_price': 7140, 'prices': [7140], 'price': 7140, 'old_price': 7140, 'currency': 'RUB', 'payment_amount': 0, 'extras_variants': [], 'extras': [], 'rate_id': 25605, 'deals': [], 'cancellation_type': 'free', 'credit_card': 0, 'bonus': 357, 'miles': 426, 'min_stay': 1, 'platichastyami': 0, 'mircashback': 714}]",5250.0,315,4060_101hotels,2026-07-31
1336522,,Стандарт с 1-спальной кроватью,1,0,0,1,Одноместный,1,1,[{'single': 1}],[],"[{'id': 379016, 'capacity': 1, 'prepayment': 'FULL', 'nonrefundable': 0, 'cancellation_period': 5, 'cancellation_fee': 'FIRST', 'breakfast': 0, 'base_price': 4000, 'prices': [4000], 'price': 4000, 'old_price': 4000, 'currency': 'RUB', 'payment_amount': 4000, 'extras_variants': [], 'extras': [], 'rate_id': 6294, 'deals': [], 'cancellation_type': 'special', 'credit_card': 1, 'bonus': 200, 'miles': 240, 'min_stay': 1, 'platichastyami': 0, 'mircashback': 400}, {'id': 379914, 'capacity': 1, 'prepayment': 'FULL', 'nonrefundable': 0, 'cancellation_period': 5, 'cancellation_fee': 'FIRST', 'breakfast': 1, 'base_price': 5200, 'prices': [5200], 'price': 5200, 'old_price': 5200, 'currency': 'RUB', 'payment_amount': 5200, 'extras_variants': [], 'extras': [], 'rate_id': 6325, 'deals': [], 'cancellation_type': 'special', 'credit_card': 1, 'bonus': 260, 'miles': 312, 'min_stay': 1, 'platichastyami': 0, 'mircashback': 520}]",4000.0,240,421726_101hotels,2026-07-31
1478819,,Стандартный номер с 2-спальной  кроватью,2,0,0,1,Двухместный,2,1,[{'double': 1}],[],"[{'id': 379020, 'capacity': 1, 'prepayment': 'FULL', 'nonrefundable': 0, 'cancellation_period': 5, 'cancellation_fee': 'FIRST', 'breakfast': 0, 'base_price': 5000, 'prices': [5000], 'price': 5000, 'old_price': 5000, 'currency': 'RUB', 'payment_amount': 5000, 'extras_variants': [], 'extras': [], 'rate_id': 6294, 'deals': [], 'cancellation_type': 'special', 'credit_card': 1, 'bonus': 250, 'miles': 300, 'min_stay': 1, 'platichastyami': 0, 'mircashback': 500}, {'id': 379918, 'capacity': 1, 'prepayment': 'FULL', 'nonrefundable': 0, 'cancellation_period': 5, 'cancellation_fee': 'FIRST', 'breakfast': 1, 'base_price': 6200, 'prices': [6200], 'price': 6200, 'old_price': 6200, 'currency': 'RUB', 'payment_amount': 6200, 'extras_variants': [], 'extras': [], 'rate_id': 6325, 'deals': [], 'cancellation_type': 'special', 'credit_card': 1, 'bonus': 310, 'miles': 372, 'min_stay': 1, 'platichastyami': 0, 'mircashback': 620}, {'id': 379021, 'capacity': 2, 'prepayment': 'FULL', 'nonrefundable': 0, 'cancellation_period': 5, 'cancellation_fee': 'FIRST', 'breakfast': 0, 'base_price': 5500, 'prices': [5500], 'price': 5500, 'old_price': 5500, 'currency': 'RUB', 'payment_amount': 5500, 'extras_variants': [], 'extras': [], 'rate_id': 6294, 'deals': [], 'cancellation_type': 'special', 'credit_card': 1, 'bonus': 275, 'miles': 330, 'min_stay': 1, 'platichastyami': 0, 'mircashback': 550}, {'id': 379919, 'capacity': 2, 'prepayment': 'FULL', 'nonrefundable': 0, 'cancellation_period': 5, 'cancellation_fee': 'FIRST', 'breakfast': 1, 'base_price': 7000, 'prices': [7000], 'price': 7000, 'old_price': 7000, 'currency': 'RUB', 'payment_amount': 7000, 'extras_variants': [], 'extras': [], 'rate_id': 6325, 'deals': [], 'cancellation_type': 'special', 'credit_card': 1, 'bonus': 350, 'miles': 420, 'min_stay': 1, 'platichastyami': 0, 'mircashback': 700}]",5000.0,300,421726_101hotels,2026-07-31
2297061,,"Стандарт с 1,5 спальной кроватью",1,0,0,1,Одноместный,1,1,[{'single': 1}],[],"[{'id': 1016613, 'capacity': 1, 'prepayment': 'FULL', 'nonrefundable': 0, 'cancellation_period': 5, 'cancellation_fee': 'FIRST', 'breakfast': 0, 'base_price': 4500, 'prices': [4500], 'price': 4500, 'old_price': 4500, 'currency': 'RUB', 'payment_amount': 4500, 'extras_variants': [], 'extras': [], 'rate_id': 6294, 'deals': [], 'cancellation_type': 'special', 'credit_card': 1, 'bonus': 225, 'miles': 270, 'min_stay': 1, 'platichastyami': 0, 'mircashback': 450}, {'id': 1016614, 'capacity': 1, 'prepayment': 'FULL', 'nonrefundable': 0, 'cancellation_period': 5, 'cancellation_fee': 'FIRST', 'breakfast': 1, 'base_price': 5700, 'prices': [5700], 'price': 5700, 'old_price': 5700, 'currency': 'RUB', 'payment_amount': 5700, 'extras_variants': [], 'extras': [], 'rate_id': 6325, 'deals': [], 'cancellation_type': 'special', 'credit_card': 1, 'bonus': 285, 'miles': 342, 'min_stay': 1, 'platichastyami': 0, 'mircashback': 570}]",4500.0,270,421726_101hotels,2026-07-31
1855138,,Стандартный  номер,1,0,0,1,Одноместный,1,2,[{'single': 1}],[],"[{'id': 1119378, 'capacity': 1, 'prepayment': 'FULL', 'nonrefundable': 0, 'cancellation_period': 0, 'cancellation_fee': 'NO', 'breakfast': 1, 'base_price': 2850, 'prices': [2850], 'price': 2850, 'old_price': 2850, 'currency': 'RUB', 'payment_amount': 2850, 'extras_variants': [], 'extras': [], 'rate_id': 56011, 'deals': [], 'cancellation_type': 'free', 'credit_card': 1, 'bonus': 143, 'miles': 171, 'min_stay': 1, 'platichastyami': 0, 'mircashback': 285}]",2850.0,171,508922_101hotels,2026-07-31
2220536,,Стандарт с 1 кроватью,2,0,0,1,Двухместный,2,4,[{'double': 1}],[],"[{'id': 321835, 'capacity': 1, 'prepayment': 'NO', 'nonrefundable': 0, 'cancellation_period': 0, 'cancellation_fee': 'NO', 'breakfast': 1, 'base_price': 18850, 'prices': [18850], 'price': 18850, 'old_price': 18850, 'currency': 'RUB', 'payment_amount': 0, 'extras_variants': [], 'extras': [], 'rate_id': 3347, 'deals': [], 'cancellation_type': 'free', 'credit_card': 0, 'bonus': 943, 'miles': 1131, 'min_stay': 1, 'platichastyami': 0, 'mircashback': 1885}, {'id': 321836, 'capacity': 2, 'prepayment': 'NO', 'nonrefundable': 0, 'cancellation_period': 0, 'cancellation_fee': 'NO', 'breakfast': 1, 'base_price': 42250, 'prices': [42250], 'price': 42250, 'old_price': 42250, 'currency': 'RUB', 'payment_amount': 0, 'extras_variants': [], 'extras': [], 'rate_id': 3347, 'deals': [], 'cancellation_type': 'free', 'credit_card': 0, 'bonus': 2113, 'miles': 2535, 'min_stay': 1, 'platichastyami': 0, 'mircashback': 4225}]",18850.0,1131,510842_101hotels,2026-07-31
2220537,,Стандартный номер с 1 большой или 2 раздельными кроватями,2,0,0,1,Двухместный,2,4,"[{'single': 2}, {'double': 1}]",[],"[{'id': 321837, 'capacity': 1, 'prepayment': 'NO', 'nonrefundable': 0, 'cancellation_period': 0, 'cancellation_fee': 'NO', 'breakfast': 1, 'base_price': 18850, 'prices': [18850], 'price': 18850, 'old_price': 18850, 'currency': 'RUB', 'payment_amount': 0, 'extras_variants': [], 'extras': [], 'rate_id': 3347, 'deals': [], 'cancellation_type': 'free', 'credit_card': 0, 'bonus': 943, 'miles': 1131, 'min_stay': 1, 'platichastyami': 0, 'mircashback': 1885}, {'id': 321838, 'capacity': 2, 'prepayment': 'NO', 'nonrefundable': 0, 'cancellation_period': 0, 'cancellation_fee': 'NO', 'breakfast': 1, 'base_price': 42250, 'prices': [42250], 'price': 42250, 'old_price': 42250, 'currency': 'RUB', 'payment_amount': 0, 'extras_variants': [], 'extras': [], 'rate_id': 3347, 'deals': [], 'cancellation_type': 'free', 'credit_card': 0, 'bonus': 2113, 'miles': 2535, 'min_stay': 1, 'platichastyami': 0, 'mircashback': 4225}]",18850.0,1131,510842_101hotels,2026-07-31
2220540,,Джуниор с 1 кроватью,2,1,0,1,Полулюкс,4,1,[{'double': 1}],[],"[{'id': 321839, 'capacity': 1, 'prepayment': 'NO', 'nonrefundable': 0, 'cancellation_period': 0, 'cancellation_fee': 'NO', 'breakfast': 1, 'base_price': 24830, 'prices': [24830], 'price': 24830, 'old_price': 24830, 'currency': 'RUB', 'payment_amount': 0, 'extras_variants': [], 'extras': [], 'rate_id': 3347, 'deals': [], 'cancellation_type': 'free', 'credit_card': 0, 'bonus': 1242, 'miles': 1488, 'min_stay': 1, 'platichastyami': 0, 'mircashback': 2483}, {'id': 321840, 'capacity': 2, 'prepayment': 'NO', 'nonrefundable': 0, 'cancellation_period': 0, 'cancellation_fee': 'NO', 'breakfast': 1, 'base_price': 27560, 'prices': [27560], 'price': 27560, 'old_price': 27560, 'currency': 'RUB', 'payment_amount': 0, 'extras_variants': [], 'extras': [], 'rate_id': 3347, 'deals': [], 'cancellation_type': 'free', 'credit_card': 0, 'bonus': 1378, 'miles': 1653, 'min_stay': 1, 'platichastyami': 0, 'mircashback': 2756}]",24830.0,1488,510842_101hotels,2026-07-31
2220546,,,2,1,0,1,Люкс,6,2,[{'double': 1}],[],"[{'id': 321843, 'capacity': 1, 'prepayment': 'NO', 'nonrefundable': 0, 'cancellation_period': 0, 'cancellation_fee': 'NO', 'breakfast': 1, 'base_price': 33150, 'prices': [33150], 'price': 33150, 'old_price': 33150, 'currency': 'RUB', 'payment_amount': 0, 'extras_variants': [], 'extras': [], 'rate_id': 3347, 'deals': [], 'cancellation_type': 'free', 'credit_card': 0, 'bonus': 1658, 'miles': 1989, 'min_stay': 1, 'platichastyami': 0, 'mircashback': 3315}, {'id': 321844, 'capacity': 2, 'prepayment': 'NO', 'nonrefundable': 0, 'cancellation_period': 0, 'cancellation_fee': 'NO', 'breakfast': 1, 'base_price': 36530, 'prices': [36530], 'price': 36530, 'old_price': 36530, 'currency': 'RUB', 'payment_amount': 0, 'extras_variants': [], 'extras': [], 'rate_id': 3347, 'deals': [], 'cancellation_type': 'free', 'credit_card': 0, 'bonus': 1827, 'miles': 2190, 'min_stay': 1, 'platichastyami': 0, 'mircashback': 3653}]",33150.0,1989,510842_101hotels,2026-07-31
2220552,,Адмирал,4,1,0,1,Семейный,44,1,"[{'single': 4}, {'single': 2, 'double': 1}, {'double': 2}]",[],"[{'id': 321845, 'capacity': 1, 'prepayment': 'NO', 'nonrefundable': 0, 'cancellation_period': 0, 'cancellation_fee': 'NO', 'breakfast': 1, 'base_price': 41340, 'prices': [41340], 'price': 41340, 'old_price': 41340, 'currency': 'RUB', 'payment_amount': 0, 'extras_variants': [], 'extras': [], 'rate_id': 3347, 'deals': [], 'cancellation_type': 'free', 'credit_card': 0, 'bonus': 2067, 'miles': 2478, 'min_stay': 1, 'platichastyami': 0, 'mircashback': 4134}, {'id': 321846, 'capacity': 2, 'prepayment': 'NO', 'nonrefundable': 0, 'cancellation_period': 0, 'cancellation_fee': 'NO', 'breakfast': 1, 'base_price': 43290, 'prices': [43290], 'price': 43290, 'old_price': 43290, 'currency': 'RUB', 'payment_amount': 0, 'extras_variants': [], 'extras': [], 'rate_id': 3347, 'deals': [], 'cancellation_type': 'free', 'credit_card': 0, 'bonus': 2165, 'miles': 2595, 'min_stay': 1, 'platichastyami': 0, 'mircashback': 4329}, {'id': 321847, 'capacity': 3, 'prepayment': 'NO', 'nonrefundable': 0, 'cancellation_period': 0, 'cancellation_fee': 'NO', 'breakfast': 1, 'base_price': 45240, 'prices': [45240], 'price': 45240, 'old_price': 45240, 'currency': 'RUB', 'payment_amount': 0, 'extras_variants': [], 'extras': [], 'rate_id': 3347, 'deals': [], 'cancellation_type': 'free', 'credit_card': 0, 'bonus': 2262, 'miles': 2712, 'min_stay': 1, 'platichastyami': 0, 'mircashback': 4524}, {'id': 321848, 'capacity': 4, 'prepayment': 'NO', 'nonrefundable': 0, 'cancellation_period': 0, 'cancellation_fee': 'NO', 'breakfast': 1, 'base_price': 47190, 'prices': [47190], 'price': 47190, 'old_price': 47190, 'currency': 'RUB', 'payment_amount': 0, 'extras_variants': [], 'extras': [], 'rate_id': 3347, 'deals': [], 'cancellation_type': 'free', 'credit_card': 0, 'bonus': 2360, 'miles': 2829, 'min_stay': 1, 'platichastyami': 0, 'mircashback': 4719}]",41340.0,2478,510842_101hotels,2026-07-31
2224104,,на 4-х,4,1,0,0,Семейный,44,3,"[{'double': 1, '2-tier': 1}]",[],"[{'id': 346385, 'capacity': 1, 'prepayment': 'NO', 'nonrefundable': 0, 'cancellation_period': 0, 'cancellation_fee': 'NO', 'breakfast': 0, 'base_price': 4500, 'prices': [4500], 'price': 4500, 'old_price': 4500, 'currency': 'RUB', 'payment_amount': 0, 'extras_variants': [], 'extras': [], 'rate_id': 4588, 'deals': [], 'cancellation_type': 'free', 'credit_card': 0, 'bonus': 225, 'miles': 270, 'min_stay': 1, 'platichastyami': 0, 'mircashback': 450}, {'id': 346386, 'capacity': 2, 'prepayment': 'NO', 'nonrefundable': 0, 'cancellation_period': 0, 'cancellation_fee': 'NO', 'breakfast': 0, 'base_price': 4500, 'prices': [4500], 'price': 4500, 'old_price': 4500, 'currency': 'RUB', 'payment_amount': 0, 'extras_variants': [], 'extras': [], 'rate_id': 4588, 'deals': [], 'cancellation_type': 'free', 'credit_card': 0, 'bonus': 225, 'miles': 270, 'min_stay': 1, 'platichastyami': 0, 'mircashback': 450}, {'id': 346387, 'capacity': 3, 'prepayment': 'NO', 'nonrefundable': 0, 'cancellation_period': 0, 'cancellation_fee': 'NO', 'breakfast': 0, 'base_price': 5000, 'prices': [5000], 'price': 5000, 'old_price': 5000, 'currency': 'RUB', 'payment_amount': 0, 'extras_variants': [], 'extras': [], 'rate_id': 4588, 'deals': [], 'cancellation_type': 'free', 'credit_card': 0, 'bonus': 250, 'miles': 300, 'min_stay': 1, 'platichastyami': 0, 'mircashback': 500}, {'id': 346388, 'capacity': 4, 'prepayment': 'NO', 'nonrefundable': 0, 'cancellation_period': 0, 'cancellation_fee': 'NO', 'breakfast': 0, 'base_price': 6500, 'prices': [6500], 'price': 6500, 'old_price': 6500, 'currency': 'RUB', 'payment_amount': 0, 'extras_variants': [], 'extras': [], 'rate_id': 4588, 'deals': [], 'cancellation_type': 'free', 'credit_card': 0, 'bonus': 325, 'miles': 390, 'min_stay': 1, 'platichastyami': 0, 'mircashback': 650}]",4500.0,270,651714_101hotels,2026-07-31
2224112,,Двухместный улучшенный номер,2,0,0,1,Полулюкс,4,2,[{'double': 1}],[],"[{'id': 346389, 'capacity': 1, 'prepayment': 'NO', 'nonrefundable': 0, 'cancellation_period': 0, 'cancellation_fee': 'NO', 'breakfast': 0, 'base_price': 4000, 'prices': [4000], 'price': 4000, 'old_price': 4000, 'currency': 'RUB', 'payment_amount': 0, 'extras_variants': [], 'extras': [], 'rate_id': 4588, 'deals': [], 'cancellation_type': 'free', 'credit_card': 0, 'bonus': 200, 'miles': 240, 'min_stay': 1, 'platichastyami': 0, 'mircashback': 400}, {'id': 346390, 'capacity': 2, 'prepayment': 'NO', 'nonrefundable': 0, 'cancellation_period': 0, 'cancellation_fee': 'NO', 'breakfast': 0, 'base_price': 4500, 'prices': [4500], 'price': 4500, 'old_price': 4500, 'currency': 'RUB', 'payment_amount': 0, 'extras_variants': [], 'extras': [], 'rate_id': 4588, 'deals': [], 'cancellation_type': 'free', 'credit_card': 0, 'bonus': 225, 'miles': 270, 'min_stay': 1, 'platichastyami': 0, 'mircashback': 450}]",4000.0,240,651714_101hotels,2026-07-31
2224116,,,2,0,0,0,Двухместный,2,4,[{'2-tier': 2}],[],"[{'id': 346391, 'capacity': 1, 'prepayment': 'NO', 'nonrefundable': 0, 'cancellation_period': 0, 'cancellation_fee': 'NO', 'breakfast': 0, 'base_price': 3000, 'prices': [3000], 'price': 3000, 'old_price': 3000, 'currency': 'RUB', 'payment_amount': 0, 'extras_variants': [], 'extras': [], 'rate_id': 4588, 'deals': [], 'cancellation_type': 'free', 'credit_card': 0, 'bonus': 150, 'miles': 180, 'min_stay': 1, 'platichastyami': 0, 'mircashback': 300}, {'id': 346392, 'capacity': 2, 'prepayment': 'NO', 'nonrefundable': 0, 'cancellation_period': 0, 'cancellation_fee': 'NO', 'breakfast': 0, 'base_price': 3500, 'prices': [3500], 'price': 3500, 'old_price': 3500, 'currency': 'RUB', 'payment_amount': 0, 'extras_variants': [], 'extras': [], 'rate_id': 4588, 'deals': [], 'cancellation_type': 'free', 'credit_card': 0, 'bonus': 175, 'miles': 210, 'min_stay': 1, 'platichastyami': 0, 'mircashback': 350}]",3000.0,180,651714_101hotels,2026-07-31
2224117,,Койко-место в номере эконом класса,4,0,1,0,Четырехместный,34,8,[{'2-tier': 1}],[],"[{'id': 347794, 'capacity': 1, 'prepayment': 'NO', 'nonrefundable': 0, 'cancellation_period': 0, 'cancellation_fee': 'NO', 'breakfast': 0, 'base_price': 1500, 'prices': [1500], 'price': 1500, 'old_price': 1500, 'currency': 'RUB', 'payment_amount': 0, 'extras_variants': [], 'extras': [], 'rate_id': 4588, 'deals': [], 'cancellation_type': 'free', 'credit_card': 0, 'bonus': 75, 'miles': 90, 'min_stay': 1, 'platichastyami': 0, 'mircashback': 150}]",1500.0,90,651714_101hotels,2026-07-31
83988,,,2,1,0,1,Студио,5,1,"[{'double': 1}, {'single': 1, 'double': 1}]",[],"[{'id': 251131, 'capacity': 1, 'prepayment': 'NO', 'nonrefundable': 0, 'cancellation_period': 0, 'cancellation_fee': 'NO', 'breakfast': 1, 'base_price': 6500, 'prices': [6500], 'price': 6500, 'old_price': 0, 'currency': 'RUB', 'payment_amount': 0, 'extras_variants': [], 'extras': [], 'rate_id': 246, 'deals': [], 'cancellation_type': 'free', 'credit_card': 0, 'bonus': 325, 'miles': 390, 'min_stay': 1, 'platichastyami': 0, 'mircashback': 650}, {'id': 251132, 'capacity': 2, 'prepayment': 'NO', 'nonrefundable': 0, 'cancellation_period': 0, 'cancellation_fee': 'NO', 'breakfast': 1, 'base_price': 6900, 'prices': [6900], 'price': 6900, 'old_price': 0, 'currency': 'RUB', 'payment_amount': 0, 'extras_variants': [], 'extras': [], 'rate_id': 246, 'deals': [], 'cancellation_type': 'free', 'credit_card': 0, 'bonus': 345, 'miles': 414, 'min_stay': 1, 'platichastyami': 0, 'mircashback': 690}]",6500.0,390,17090_101hotels,2026-07-31
126133,,Double+1,2,1,0,1,Двухместный,2,2,"[{'single': 1, 'double': 1}, {'single': 1}, {'single': 1}, {'double': 1}]",[],"[{'id': 654326, 'capacity': 1, 'prepayment': 'NO', 'nonrefundable': 0, 'cancellation_period': 0, 'cancellation_fee': 'NO', 'breakfast': 0, 'base_price': 4000, 'prices': [4000], 'price': 4000, 'old_price': 0, 'currency': 'RUB', 'payment_amount': 0, 'extras_variants': [], 'extras': [], 'rate_id': 25215, 'deals': [], 'cancellation_type': 'free', 'credit_card': 0, 'bonus': 200, 'miles': 240, 'min_stay': 1, 'platichastyami': 0, 'mircashback': 400}, {'id': 251127, 'capacity': 1, 'prepayment': 'NO', 'nonrefundable': 0, 'cancellation_period': 0, 'cancellation_fee': 'NO', 'breakfast': 1, 'base_price': 4500, 'prices': [4500], 'price': 4500, 'old_price': 0, 'currency': 'RUB', 'payment_amount': 0, 'extras_variants': [], 'extras': [], 'rate_id': 246, 'deals': [], 'cancellation_type': 'free', 'credit_card': 0, 'bonus': 225, 'miles': 270, 'min_stay': 1, 'platichastyami': 0, 'mircashback': 450}, {'id': 654327, 'capacity': 2, 'prepayment': 'NO', 'nonrefundable': 0, 'cancellation_period': 0, 'cancellation_fee': 'NO', 'breakfast': 0, 'base_price': 4300, 'prices': [4300], 'price': 4300, 'old_price': 0, 'currency': 'RUB', 'payment_amount': 0, 'extras_variants': [], 'extras': [], 'rate_id': 25215, 'deals': [], 'cancellation_type': 'free', 'credit_card': 0, 'bonus': 215, 'miles': 258, 'min_stay': 1, 'platichastyami': 0, 'mircashback': 430}, {'id': 251128, 'capacity': 2, 'prepayment': 'NO', 'nonrefundable': 0, 'cancellation_period': 0, 'cancellation_fee': 'NO', 'breakfast': 1, 'base_price': 4900, 'prices': [4900], 'price': 4900, 'old_price': 0, 'currency': 'RUB', 'payment_amount': 0, 'extras_variants': [], 'extras': [], 'rate_id': 246, 'deals': [], 'cancellation_type': 'free', 'credit_card': 0, 'bonus': 245, 'miles': 294, 'min_stay': 1, 'platichastyami': 0, 'mircashback': 490}]",4000.0,240,17090_101hotels,2026-07-31
126134,,Twin+1,2,1,0,1,Двухместный,2,1,"[{'single': 2}, {'single': 3}]",[],"[{'id': 654328, 'capacity': 1, 'prepayment': 'NO', 'nonrefundable': 0, 'cancellation_period': 0, 'cancellation_fee': 'NO', 'breakfast': 0, 'base_price': 4000, 'prices': [4000], 'price': 4000, 'old_price': 0, 'currency': 'RUB', 'payment_amount': 0, 'extras_variants': [], 'extras': [], 'rate_id': 25215, 'deals': [], 'cancellation_type': 'free', 'credit_card': 0, 'bonus': 200, 'miles': 240, 'min_stay': 1, 'platichastyami': 0, 'mircashback': 400}, {'id': 251129, 'capacity': 1, 'prepayment': 'NO', 'nonrefundable': 0, 'cancellation_period': 0, 'cancellation_fee': 'NO', 'breakfast': 1, 'base_price': 4500, 'prices': [4500], 'price': 4500, 'old_price': 0, 'currency': 'RUB', 'payment_amount': 0, 'extras_variants': [], 'extras': [], 'rate_id': 246, 'deals': [], 'cancellation_type': 'free', 'credit_card': 0, 'bonus': 225, 'miles': 270, 'min_stay': 1, 'platichastyami': 0, 'mircashback': 450}, {'id': 654329, 'capacity': 2, 'prepayment': 'NO', 'nonrefundable': 0, 'cancellation_period': 0, 'cancellation_fee': 'NO', 'breakfast': 0, 'base_price': 4300, 'prices': [4300], 'price': 4300, 'old_price': 0, 'currency': 'RUB', 'payment_amount': 0, 'extras_variants': [], 'extras': [], 'rate_id': 25215, 'deals': [], 'cancellation_type': 'free', 'credit_card': 0, 'bonus': 215, 'miles': 258, 'min_stay': 1, 'platichastyami': 0, 'mircashback': 430}, {'id': 251130, 'capacity': 2, 'prepayment': 'NO', 'nonrefundable': 0, 'cancellation_period': 0, 'cancellation_fee': 'NO', 'breakfast': 1, 'base_price': 4900, 'prices': [4900], 'price': 4900, 'old_price': 0, 'currency': 'RUB', 'payment_amount': 0, 'extras_variants': [], 'extras': [], 'rate_id': 246, 'deals': [], 'cancellation_type': 'free', 'credit_card': 0, 'bonus': 245, 'miles': 294, 'min_stay': 1, 'platichastyami': 0, 'mircashback': 490}]",4000.0,240,17090_101hotels,2026-07-31
2256161,,Single,1,0,0,1,Одноместный,1,2,[{'double': 1}],[],"[{'id': 654321, 'capacity': 1, 'prepayment': 'NO', 'nonrefundable': 0, 'cancellation_period': 0, 'cancellation_fee': 'NO', 'breakfast': 0, 'base_price': 5355, 'prices': [5355], 'price': 5355, 'old_price': 0, 'currency': 'RUB', 'payment_amount': 0, 'extras_variants': [], 'extras': [], 'rate_id': 25032, 'deals': [], 'cancellation_type': 'free', 'credit_card': 0, 'bonus': 268, 'miles': 321, 'min_stay': 1, 'platichastyami': 0, 'mircashback': 536}]",5355.0,321,17090_101hotels,2026-07-31
34486,,Стандарт,1,0,0,1,Одноместный,1,9,[{'single': 1}],[],"[{'id': 496273, 'capacity': 1, 'prepayment': 'FIRST', 'nonrefundable': 0, 'cancellation_period': 0, 'cancellation_fee': 'NO', 'breakfast': 0, 'base_price': 4380, 'prices': [4380], 'price': 4380, 'old_price': 0, 'currency': 'RUB', 'payment_amount': 4380, 'extras_variants': [], 'extras': [], 'rate_id': 14079, 'deals': [], 'cancellation_type': 'free', 'credit_card': 1, 'bonus': 219, 'miles': 261, 'min_stay': 1, 'platichastyami': 0, 'mircashback': 438}, {'id': 496265, 'capacity': 1, 'prepayment': 'FIRST', 'nonrefundable': 0, 'cancellation_period': 0, 'cancellation_fee': 'NO', 'breakfast': 1, 'base_price': 4860, 'prices': [4860], 'price': 4374, 'old_price': 0, 'currency': 'RUB', 'payment_amount': 4860, 'extras_variants': [], 'extras': [], 'rate_id': 14078, 'deals': ['LAST_MINUTE'], 'cancellation_type': 'free', 'credit_card': 1, 'bonus': 219, 'miles': 261, 'min_stay': 1, 'platichastyami': 0, 'mircashback': 437}]",4374.0,261,7178_101hotels,2026-07-31
34488,,Комфорт,2,0,0,1,Двухместный,2,8,"[{'single': 2}, {'double': 1}]","[{'id': '29389', 'number': '1', 'min_age': '0', 'max_age': '7', 'is_extra_bed': '0', 'extra_bed_type_id': '0'}]","[{'id': 496275, 'capacity': 1, 'prepayment': 'FIRST', 'nonrefundable': 0, 'cancellation_period': 0, 'cancellation_fee': 'NO', 'breakfast': 0, 'base_price': 4740, 'prices': [4740], 'price': 4740, 'old_price': 0, 'currency': 'RUB', 'payment_amount': 4740, 'extras_variants': [], 'extras': {'29389': {'id': 29389, 'number': 1, 'extra_bed_type_id': 0, 'age': [0, 7], 'extra_bed': 0, 'free': 1}}, 'rate_id': 14079, 'deals': [], 'cancellation_type': 'free', 'credit_card': 1, 'bonus': 237, 'miles': 282, 'min_stay': 1, 'platichastyami': 0, 'mircashback': 474}, {'id': 496267, 'capacity': 1, 'prepayment': 'FIRST', 'nonrefundable': 0, 'cancellation_period': 0, 'cancellation_fee': 'NO', 'breakfast': 1, 'base_price': 5220, 'prices': [5220], 'price': 4698, 'old_price': 0, 'currency': 'RUB', 'payment_amount': 5220, 'extras_variants': [], 'extras': {'29389': {'id': 29389, 'number': 1, 'extra_bed_type_id': 0, 'age': [0, 7], 'extra_bed': 0, 'free': 1}}, 'rate_id': 14078, 'deals': ['LAST_MINUTE'], 'cancellation_type': 'free', 'credit_card': 1, 'bonus': 235, 'miles': 279, 'min_stay': 1, 'platichastyami': 0, 'mircashback': 470}, {'id': 496276, 'capacity': 2, 'prepayment': 'FIRST', 'nonrefundable': 0, 'cancellation_period': 0, 'cancellation_fee': 'NO', 'breakfast': 0, 'base_price': 4980, 'prices': [4980], 'price': 4980, 'old_price': 0, 'currency': 'RUB', 'payment_amount': 4980, 'extras_variants': [], 'extras': {'29389': {'id': 29389, 'number': 1, 'extra_bed_type_id': 0, 'age': [0, 7], 'extra_bed': 0, 'free': 1}}, 'rate_id': 14079, 'deals': [], 'cancellation_type': 'free', 'credit_card': 1, 'bonus': 249, 'miles': 297, 'min_stay': 1, 'platichastyami': 0, 'mircashback': 498}, {'id': 496268, 'capacity': 2, 'prepayment': 'FIRST', 'nonrefundable': 0, 'cancellation_period': 0, 'cancellation_fee': 'NO', 'breakfast': 1, 'base_price': 5940, 'prices': [5940], 'price': 5346, 'old_price': 0, 'currency': 'RUB', 'payment_amount': 5940, 'extras_variants': [], 'extras': {'29389': {'id': 29389, 'number': 1, 'extra_bed_type_id': 0, 'age': [0, 7], 'extra_bed': 0, 'free': 1}}, 'rate_id': 14078, 'deals': ['LAST_MINUTE'], 'cancellation_type': 'free', 'credit_card': 1, 'bonus': 267, 'miles': 318, 'min_stay': 1, 'platichastyami': 0, 'mircashback': 535}]",4698.0,279,7178_101hotels,2026-07-31
34489,,Трёхместный,3,0,0,1,Полулюкс,4,3,"[{'single': 2}, {'double': 1}]","[{'id': '44941', 'number': '1', 'min_age': '0', 'max_age': '7', 'is_extra_bed': '0', 'extra_bed_type_id': '0'}]","[{'id': 496279, 'capacity': 1, 'prepayment': 'FIRST', 'nonrefundable': 0, 'cancellation_period': 0, 'cancellation_fee': 'NO', 'breakfast': 0, 'base_price': 5400, 'prices': [5400], 'price': 5400, 'old_price': 0, 'currency': 'RUB', 'payment_amount': 5400, 'extras_variants': [], 'extras': {'44941': {'id': 44941, 'number': 1, 'extra_bed_type_id': 0, 'age': [0, 7], 'extra_bed': 0, 'free': 1}}, 'rate_id': 14079, 'deals': [], 'cancellation_type': 'free', 'credit_card': 1, 'bonus': 270, 'miles': 324, 'min_stay': 1, 'platichastyami': 0, 'mircashback': 540}, {'id': 496271, 'capacity': 1, 'prepayment': 'FIRST', 'nonrefundable': 0, 'cancellation_period': 0, 'cancellation_fee': 'NO', 'breakfast': 1, 'base_price': 5880, 'prices': [5880], 'price': 5292, 'old_price': 0, 'currency': 'RUB', 'payment_amount': 5880, 'extras_variants': [], 'extras': {'44941': {'id': 44941, 'number': 1, 'extra_bed_type_id': 0, 'age': [0, 7], 'extra_bed': 0, 'free': 1}}, 'rate_id': 14078, 'deals': ['LAST_MINUTE'], 'cancellation_type': 'free', 'credit_card': 1, 'bonus': 265, 'miles': 315, 'min_stay': 1, 'platichastyami': 0, 'mircashback': 529}, {'id': 496280, 'capacity': 2, 'prepayment': 'FIRST', 'nonrefundable': 0, 'cancellation_period': 0, 'cancellation_fee': 'NO', 'breakfast': 0, 'base_price': 5640, 'prices': [5640], 'price': 5640, 'old_price': 0, 'currency': 'RUB', 'payment_amount': 5640, 'extras_variants': [], 'extras': {'44941': {'id': 44941, 'number': 1, 'extra_bed_type_id': 0, 'age': [0, 7], 'extra_bed': 0, 'free': 1}}, 'rate_id': 14079, 'deals': [], 'cancellation_type': 'free', 'credit_card': 1, 'bonus': 282, 'miles': 336, 'min_stay': 1, 'platichastyami': 0, 'mircashback': 564}, {'id': 496272, 'capacity': 2, 'prepayment': 'FIRST', 'nonrefundable': 0, 'cancellation_period': 0, 'cancellation_fee': 'NO', 'breakfast': 1, 'base_price': 6600, 'prices': [6600], 'price': 5940, 'old_price': 0, 'currency': 'RUB', 'payment_amount': 6600, 'extras_variants': [], 'extras': {'44941': {'id': 44941, 'number': 1, 'extra_bed_type_id': 0, 'age': [0, 7], 'extra_bed': 0, 'free': 1}}, 'rate_id': 14078, 'deals': ['LAST_MINUTE'], 'cancellation_type': 'free', 'credit_card': 1, 'bonus': 297, 'miles': 354, 'min_stay': 1, 'platichastyami': 0, 'mircashback': 594}, {'id': 1194106, 'capacity': 3, 'prepayment': 'FIRST', 'nonrefundable': 0, 'cancellation_period': 0, 'cancellation_fee': 'NO', 'breakfast': 0, 'base_price': 7080, 'prices': [7080], 'price': 7080, 'old_price': 0, 'currency': 'RUB', 'payment_amount': 7080, 'extras_variants': [], 'extras': {'44941': {'id': 44941, 'number': 1, 'extra_bed_type_id': 0, 'age': [0, 7], 'extra_bed': 0, 'free': 1}}, 'rate_id': 14079, 'deals': [], 'cancellation_type': 'free', 'credit_card': 1, 'bonus': 354, 'miles': 423, 'min_stay': 1, 'platichastyami': 0, 'mircashback': 708}, {'id': 1194105, 'capacity': 3, 'prepayment': 'FIRST', 'nonrefundable': 0, 'cancellation_period': 0, 'cancellation_fee': 'NO', 'breakfast': 1, 'base_price': 8520, 'prices': [8520], 'price': 8520, 'old_price': 0, 'currency': 'RUB', 'payment_amount': 8520, 'extras_variants': [], 'extras': {'44941': {'id': 44941, 'number': 1, 'extra_bed_type_id': 0, 'age': [0, 7], 'extra_bed': 0, 'free': 1}}, 'rate_id': 14078, 'deals': [], 'cancellation_type': 'free', 'credit_card': 1, 'bonus': 426, 'miles': 510, 'min_stay': 1, 'platichastyami': 0, 'mircashback': 852}]",5292.0,315,7178_101hotels,2026-07-31
286825,,Комфорт,1,0,0,1,Одноместный,1,1,[{'single': 1}],[],"[{'id': 496274, 'capacity': 1, 'prepayment': 'FIRST', 'nonrefundable': 0, 'cancellation_period': 0, 'cancellation_fee': 'NO', 'breakfast': 0, 'base_price': 4560, 'prices': [4560], 'price': 4560, 'old_price': 0, 'currency': 'RUB', 'payment_amount': 4560, 'extras_variants': [], 'extras': [], 'rate_id': 14079, 'deals': [], 'cancellation_type': 'free', 'credit_card': 1, 'bonus': 228, 'miles': 273, 'min_stay': 1, 'platichastyami': 0, 'mircashback': 456}, {'id': 496266, 'capacity': 1, 'prepayment': 'FIRST', 'nonrefundable': 0, 'cancellation_period': 0, 'cancellation_fee': 'NO', 'breakfast': 1, 'base_price': 5040, 'prices': [5040], 'price': 4536, 'old_price': 0, 'currency': 'RUB', 'payment_amount': 5040, 'extras_variants': [], 'extras': [], 'rate_id': 14078, 'deals': ['LAST_MINUTE'], 'cancellation_type': 'free', 'credit_card': 1, 'bonus': 227, 'miles': 270, 'min_stay': 1, 'platichastyami': 0, 'mircashback': 454}]",4536.0,270,7178_101hotels,2026-07-31
2302230,,Реновация 2025 на 4 этаже,3,0,0,1,Полулюкс,4,1,"[{'single': 2}, {'double': 1}]","[{'id': '44942', 'number': '1', 'min_age': '0', 'max_age': '7', 'is_extra_bed': '0', 'extra_bed_type_id': '0'}]","[{'id': 1057033, 'capacity': 1, 'prepayment': 'FIRST', 'nonrefundable': 0, 'cancellation_period': 0, 'cancellation_fee': 'NO', 'breakfast': 0, 'base_price': 6000, 'prices': [6000], 'price': 6000, 'old_price': 0, 'currency': 'RUB', 'payment_amount': 6000, 'extras_variants': [], 'extras': {'44942': {'id': 44942, 'number': 1, 'extra_bed_type_id': 0, 'age': [0, 7], 'extra_bed': 0, 'free': 1}}, 'rate_id': 14079, 'deals': [], 'cancellation_type': 'free', 'credit_card': 1, 'bonus': 300, 'miles': 360, 'min_stay': 1, 'platichastyami': 0, 'mircashback': 600}, {'id': 1057035, 'capacity': 1, 'prepayment': 'FIRST', 'nonrefundable': 0, 'cancellation_period': 0, 'cancellation_fee': 'NO', 'breakfast': 1, 'base_price': 6480, 'prices': [6480], 'price': 5832, 'old_price': 0, 'currency': 'RUB', 'payment_amount': 6480, 'extras_variants': [], 'extras': {'44942': {'id': 44942, 'number': 1, 'extra_bed_type_id': 0, 'age': [0, 7], 'extra_bed': 0, 'free': 1}}, 'rate_id': 14078, 'deals': ['LAST_MINUTE'], 'cancellation_type': 'free', 'credit_card': 1, 'bonus': 292, 'miles': 348, 'min_stay': 1, 'platichastyami': 0, 'mircashback': 583}, {'id': 1057034, 'capacity': 2, 'prepayment': 'FIRST', 'nonrefundable': 0, 'cancellation_period': 0, 'cancellation_fee': 'NO', 'breakfast': 0, 'base_price': 6240, 'prices': [6240], 'price': 6240, 'old_price': 0, 'currency': 'RUB', 'payment_amount': 6240, 'extras_variants': [], 'extras': {'44942': {'id': 44942, 'number': 1, 'extra_bed_type_id': 0, 'age': [0, 7], 'extra_bed': 0, 'free': 1}}, 'rate_id': 14079, 'deals': [], 'cancellation_type': 'free', 'credit_card': 1, 'bonus': 312, 'miles': 372, 'min_stay': 1, 'platichastyami': 0, 'mircashback': 624}, {'id': 1057036, 'capacity': 2, 'prepayment': 'FIRST', 'nonrefundable': 0, 'cancellation_period': 0, 'cancellation_fee': 'NO', 'breakfast': 1, 'base_price': 7200, 'prices': [7200], 'price': 6480, 'old_price': 0, 'currency': 'RUB', 'payment_amount': 7200, 'extras_variants': [], 'extras': {'44942': {'id': 44942, 'number': 1, 'extra_bed_type_id': 0, 'age': [0, 7], 'extra_bed': 0, 'free': 1}}, 'rate_id': 14078, 'deals': ['LAST_MINUTE'], 'cancellation_type': 'free', 'credit_card': 1, 'bonus': 324, 'miles': 387, 'min_stay': 1, 'platichastyami': 0, 'mircashback': 648}, {'id': 1194109, 'capacity': 3, 'prepayment': 'FIRST', 'nonrefundable': 0, 'cancellation_period': 0, 'cancellation_fee': 'NO', 'breakfast': 0, 'base_price': 7680, 'prices': [7680], 'price': 7680, 'old_price': 0, 'currency': 'RUB', 'payment_amount': 7680, 'extras_variants': [], 'extras': {'44942': {'id': 44942, 'number': 1, 'extra_bed_type_id': 0, 'age': [0, 7], 'extra_bed': 0, 'free': 1}}, 'rate_id': 14079, 'deals': [], 'cancellation_type': 'free', 'credit_card': 1, 'bonus': 384, 'miles': 459, 'min_stay': 1, 'platichastyami': 0, 'mircashback': 768}, {'id': 1194108, 'capacity': 3, 'prepayment': 'FIRST', 'nonrefundable': 0, 'cancellation_period': 0, 'cancellation_fee': 'NO', 'breakfast': 1, 'base_price': 9120, 'prices': [9120], 'price': 9120, 'old_price': 0, 'currency': 'RUB', 'payment_amount': 9120, 'extras_variants': [], 'extras': {'44942': {'id': 44942, 'number': 1, 'extra_bed_type_id': 0, 'age': [0, 7], 'extra_bed': 0, 'free': 1}}, 'rate_id': 14078, 'deals': [], 'cancellation_type': 'free', 'credit_card': 1, 'bonus': 456, 'miles': 546, 'min_stay': 1, 'platichastyami': 0, 'mircashback': 912}]",5832.0,348,7178_101hotels,2026-07-31
2317080,,Двухместный,2,0,0,1,Полулюкс,4,1,"[{'single': 2}, {'double': 1}]","[{'id': '44919', 'number': '1', 'min_age': '0', 'max_age': '7', 'is_extra_bed': '0', 'extra_bed_type_id': '0'}]","[{'id': 1194044, 'capacity': 1, 'prepayment': 'FIRST', 'nonrefundable': 0, 'cancellation_period': 0, 'cancellation_fee': 'NO', 'breakfast': 1, 'base_price': 5880, 'prices': [5880], 'price': 5880, 'old_price': 0, 'currency': 'RUB', 'payment_amount': 5880, 'extras_variants': [], 'extras': {'44919': {'id': 44919, 'number': 1, 'extra_bed_type_id': 0, 'age': [0, 7], 'extra_bed': 0, 'free': 1}}, 'rate_id': 14078, 'deals': [], 'cancellation_type': 'free', 'credit_card': 1, 'bonus': 294, 'miles': 351, 'min_stay': 1, 'platichastyami': 0, 'mircashback': 588}, {'id': 1194045, 'capacity': 2, 'prepayment': 'FIRST', 'nonrefundable': 0, 'cancellation_period': 0, 'cancellation_fee': 'NO', 'breakfast': 1, 'base_price': 6600, 'prices': [6600], 'price': 6600, 'old_price': 0, 'currency': 'RUB', 'payment_amount': 6600, 'extras_variants': [], 'extras': {'44919': {'id': 44919, 'number': 1, 'extra_bed_type_id': 0, 'age': [0, 7], 'extra_bed': 0, 'free': 1}}, 'rate_id': 14078, 'deals': [], 'cancellation_type': 'free', 'credit_card': 1, 'bonus': 330, 'miles': 396, 'min_stay': 1, 'platichastyami': 0, 'mircashback': 660}]",5880.0,351,7178_101hotels,2026-07-31
5843,,Стандартный Double,2,0,0,1,Двухместный,2,3,[{'double': 1}],[],"[{'id': 304044, 'capacity': 1, 'prepayment': 'NO', 'nonrefundable': 0, 'cancellation_period': 0, 'cancellation_fee': 'NO', 'breakfast': 6, 'base_price': 5200, 'prices': [5200], 'price': 5200, 'old_price': 0, 'currency': 'RUB', 'payment_amount': 0, 'extras_variants': [], 'extras': [], 'rate_id': 2581, 'deals': [], 'cancellation_type': 'free', 'credit_card': 0, 'bonus': 260, 'miles': 312, 'min_stay': 1, 'platichastyami': 0, 'mircashback': 520}, {'id': 304045, 'capacity': 2, 'prepayment': 'NO', 'nonrefundable': 0, 'cancellation_period': 0, 'cancellation_fee': 'NO', 'breakfast': 6, 'base_price': 5700, 'prices': [5700], 'price': 5700, 'old_price': 0, 'currency': 'RUB', 'payment_amount': 0, 'extras_variants': [], 'extras': [], 'rate_id': 2581, 'deals': [], 'cancellation_type': 'free', 'credit_card': 0, 'bonus': 285, 'miles': 342, 'min_stay': 1, 'platichastyami': 0, 'mircashback': 570}, {'id': '304044P', 'capacity': 1, 'prepayment': 'FULL', 'nonrefundable': 0, 'cancellation_period': 0, 'cancellation_fee': 'NO', 'breakfast': 6, 'base_price': 5200, 'prices': [5200], 'price': 5200, 'old_price': 0, 'currency': 'RUB', 'payment_amount': 5200, 'extras_variants': [], 'extras': [], 'rate_id': 2581, 'deals': [], 'cancellation_type': 'free', 'credit_card': 0, 'bonus': 260, 'miles': 312, 'min_stay': 1, 'platichastyami': 0, 'mircashback': 520}, {'id': '304045P', 'capacity': 2, 'prepayment': 'FULL', 'nonrefundable': 0, 'cancellation_period': 0, 'cancellation_fee': 'NO', 'breakfast': 6, 'base_price': 5700, 'prices': [5700], 'price': 5700, 'old_price': 0, 'currency': 'RUB', 'payment_amount': 5700, 'extras_variants': [], 'extras': [], 'rate_id': 2581, 'deals': [], 'cancellation_type': 'free', 'credit_card': 0, 'bonus': 285, 'miles': 342, 'min_stay': 1, 'platichastyami': 0, 'mircashback': 570}]",5200.0,312,605_101hotels,2026-07-31
103694,,Стандартный Twin,2,0,0,1,Двухместный,2,1,[{'single': 2}],[],"[{'id': 304046, 'capacity': 1, 'prepayment': 'NO', 'nonrefundable': 0, 'cancellation_period': 0, 'cancellation_fee': 'NO', 'breakfast': 6, 'base_price': 5200, 'prices': [5200], 'price': 5200, 'old_price': 0, 'currency': 'RUB', 'payment_amount': 0, 'extras_variants': [], 'extras': [], 'rate_id': 2581, 'deals': [], 'cancellation_type': 'free', 'credit_card': 0, 'bonus': 260, 'miles': 312, 'min_stay': 1, 'platichastyami': 0, 'mircashback': 520}, {'id': 304047, 'capacity': 2, 'prepayment': 'NO', 'nonrefundable': 0, 'cancellation_period': 0, 'cancellation_fee': 'NO', 'breakfast': 6, 'base_price': 5700, 'prices': [5700], 'price': 5700, 'old_price': 0, 'currency': 'RUB', 'payment_amount': 0, 'extras_variants': [], 'extras': [], 'rate_id': 2581, 'deals': [], 'cancellation_type': 'free', 'credit_card': 0, 'bonus': 285, 'miles': 342, 'min_stay': 1, 'platichastyami': 0, 'mircashback': 570}, {'id': '304046P', 'capacity': 1, 'prepayment': 'FULL', 'nonrefundable': 0, 'cancellation_period': 0, 'cancellation_fee': 'NO', 'breakfast': 6, 'base_price': 5200, 'prices': [5200], 'price': 5200, 'old_price': 0, 'currency': 'RUB', 'payment_amount': 5200, 'extras_variants': [], 'extras': [], 'rate_id': 2581, 'deals': [], 'cancellation_type': 'free', 'credit_card': 0, 'bonus': 260, 'miles': 312, 'min_stay': 1, 'platichastyami': 0, 'mircashback': 520}, {'id': '304047P', 'capacity': 2, 'prepayment': 'FULL', 'nonrefundable': 0, 'cancellation_period': 0, 'cancellation_fee': 'NO', 'breakfast': 6, 'base_price': 5700, 'prices': [5700], 'price': 5700, 'old_price': 0, 'currency': 'RUB', 'payment_amount': 5700, 'extras_variants': [], 'extras': [], 'rate_id': 2581, 'deals': [], 'cancellation_type': 'free', 'credit_card': 0, 'bonus': 285, 'miles': 342, 'min_stay': 1, 'platichastyami': 0, 'mircashback': 570}]",5200.0,312,605_101hotels,2026-07-31
2221448,,Улучшенный,2,1,0,1,Двухместный,2,2,[{'double': 1}],[],"[{'id': 317252, 'capacity': 1, 'prepayment': 'NO', 'nonrefundable': 0, 'cancellation_period': 0, 'cancellation_fee': 'NO', 'breakfast': 6, 'base_price': 6000, 'prices': [6000], 'price': 6000, 'old_price': 0, 'currency': 'RUB', 'payment_amount': 0, 'extras_variants': [], 'extras': [], 'rate_id': 2581, 'deals': [], 'cancellation_type': 'free', 'credit_card': 0, 'bonus': 300, 'miles': 360, 'min_stay': 1, 'platichastyami': 0, 'mircashback': 600}, {'id': 317253, 'capacity': 2, 'prepayment': 'NO', 'nonrefundable': 0, 'cancellation_period': 0, 'cancellation_fee': 'NO', 'breakfast': 6, 'base_price': 6500, 'prices': [6500], 'price': 6500, 'old_price': 0, 'currency': 'RUB', 'payment_amount': 0, 'extras_variants': [], 'extras': [], 'rate_id': 2581, 'deals': [], 'cancellation_type': 'free', 'credit_card': 0, 'bonus': 325, 'miles': 390, 'min_stay': 1, 'platichastyami': 0, 'mircashback': 650}, {'id': '317252P', 'capacity': 1, 'prepayment': 'FULL', 'nonrefundable': 0, 'cancellation_period': 0, 'cancellation_fee': 'NO', 'breakfast': 6, 'base_price': 6000, 'prices': [6000], 'price': 6000, 'old_price': 0, 'currency': 'RUB', 'payment_amount': 6000, 'extras_variants': [], 'extras': [], 'rate_id': 2581, 'deals': [], 'cancellation_type': 'free', 'credit_card': 0, 'bonus': 300, 'miles': 360, 'min_stay': 1, 'platichastyami': 0, 'mircashback': 600}, {'id': '317253P', 'capacity': 2, 'prepayment': 'FULL', 'nonrefundable': 0, 'cancellation_period': 0, 'cancellation_fee': 'NO', 'breakfast': 6, 'base_price': 6500, 'prices': [6500], 'price': 6500, 'old_price': 0, 'currency': 'RUB', 'payment_amount': 6500, 'extras_variants': [], 'extras': [], 'rate_id': 2581, 'deals': [], 'cancellation_type': 'free', 'credit_card': 0, 'bonus': 325, 'miles': 390, 'min_stay': 1, 'platichastyami': 0, 'mircashback': 650}]",6000.0,360,605_101hotels,2026-07-31
74030,,Стандарт Twin,2,0,0,1,Двухместный,2,1,[{'single': 2}],[],"[{'id': 742131, 'capacity': 1, 'prepayment': 'NO', 'nonrefundable': 0, 'cancellation_period': 0, 'cancellation_fee': 'NO', 'breakfast': 0, 'base_price': 3750, 'prices': [3750], 'price': 3750, 'old_price': 0, 'currency': 'RUB', 'payment_amount': 0, 'extras_variants': [], 'extras': [], 'rate_id': 31838, 'deals': [], 'cancellation_type': 'free', 'credit_card': 0, 'bonus': 188, 'miles': 225, 'min_stay': 1, 'platichastyami': 0, 'mircashback': 375}, {'id': 742132, 'capacity': 2, 'prepayment': 'NO', 'nonrefundable': 0, 'cancellation_period': 0, 'cancellation_fee': 'NO', 'breakfast': 0, 'base_price': 3950, 'prices': [3950], 'price': 3950, 'old_price': 0, 'currency': 'RUB', 'payment_amount': 0, 'extras_variants': [], 'extras': [], 'rate_id': 31838, 'deals': [], 'cancellation_type': 'free', 'credit_card': 0, 'bonus': 198, 'miles': 237, 'min_stay': 1, 'platichastyami': 0, 'mircashback': 395}]",3750.0,225,14079_101hotels,2026-07-31
74031,,,3,1,0,1,Семейный,44,1,"[{'double': 1, 'sofa': 1}]",[],"[{'id': 742137, 'capacity': 1, 'prepayment': 'NO', 'nonrefundable': 0, 'cancellation_period': 0, 'cancellation_fee': 'NO', 'breakfast': 0, 'base_price': 5050, 'prices': [5050], 'price': 5050, 'old_price': 0, 'currency': 'RUB', 'payment_amount': 0, 'extras_variants': [], 'extras': [], 'rate_id': 31838, 'deals': [], 'cancellation_type': 'free', 'credit_card': 0, 'bonus': 253, 'miles': 303, 'min_stay': 1, 'platichastyami': 0, 'mircashback': 505}, {'id': 742138, 'capacity': 2, 'prepayment': 'NO', 'nonrefundable': 0, 'cancellation_period': 0, 'cancellation_fee': 'NO', 'breakfast': 0, 'base_price': 5050, 'prices': [5050], 'price': 5050, 'old_price': 0, 'currency': 'RUB', 'payment_amount': 0, 'extras_variants': [], 'extras': [], 'rate_id': 31838, 'deals': [], 'cancellation_type': 'free', 'credit_card': 0, 'bonus': 253, 'miles': 303, 'min_stay': 1, 'platichastyami': 0, 'mircashback': 505}, {'id': 742139, 'capacity': 3, 'prepayment': 'NO', 'nonrefundable': 0, 'cancellation_period': 0, 'cancellation_fee': 'NO', 'breakfast': 0, 'base_price': 5050, 'prices': [5050], 'price': 5050, 'old_price': 0, 'currency': 'RUB', 'payment_amount': 0, 'extras_variants': [], 'extras': [], 'rate_id': 31838, 'deals': [], 'cancellation_type': 'free', 'credit_card': 0, 'bonus': 253, 'miles': 303, 'min_stay': 1, 'platichastyami': 0, 'mircashback': 505}]",5050.0,303,14079_101hotels,2026-07-31
74033,,,2,0,0,1,Полулюкс,4,1,"[{'double': 1, 'sofa': 1}]",[],"[{'id': 742133, 'capacity': 1, 'prepayment': 'NO', 'nonrefundable': 0, 'cancellation_period': 0, 'cancellation_fee': 'NO', 'breakfast': 0, 'base_price': 5550, 'prices': [5550], 'price': 5550, 'old_price': 0, 'currency': 'RUB', 'payment_amount': 0, 'extras_variants': [], 'extras': [], 'rate_id': 31838, 'deals': [], 'cancellation_type': 'free', 'credit_card': 0, 'bonus': 278, 'miles': 333, 'min_stay': 1, 'platichastyami': 0, 'mircashback': 555}, {'id': 742134, 'capacity': 2, 'prepayment': 'NO', 'nonrefundable': 0, 'cancellation_period': 0, 'cancellation_fee': 'NO', 'breakfast': 0, 'base_price': 5550, 'prices': [5550], 'price': 5550, 'old_price': 0, 'currency': 'RUB', 'payment_amount': 0, 'extras_variants': [], 'extras': [], 'rate_id': 31838, 'deals': [], 'cancellation_type': 'free', 'credit_card': 0, 'bonus': 278, 'miles': 333, 'min_stay': 1, 'platichastyami': 0, 'mircashback': 555}]",5550.0,333,14079_101hotels,2026-07-31
2319142,,Стандарт двухуровневый с одной широкой кроватью и диван кроватью,4,0,0,1,Четырехместный,34,1,"[{'double': 1, 'sofa': 1}]","[{'id': '48036', 'number': '1', 'min_age': '0', 'max_age': '5', 'is_extra_bed': '0', 'extra_bed_type_id': '0'}]","[{'id': 1209521, 'capacity': 1, 'prepayment': 'NO', 'nonrefundable': 0, 'cancellation_period': 0, 'cancellation_fee': 'NO', 'breakfast': 0, 'base_price': 5640, 'prices': [5640], 'price': 5640, 'old_price': 5640, 'currency': 'RUB', 'payment_amount': 0, 'extras_variants': [], 'extras': {'48036': {'id': 48036, 'number': 1, 'extra_bed_type_id': 0, 'age': [0, 5], 'extra_bed': 0, 'free': 1}}, 'rate_id': 61974, 'deals': [], 'cancellation_type': 'free', 'credit_card': 0, 'bonus': 282, 'miles': 336, 'min_stay': 1, 'platichastyami': 0, 'mircashback': 564}, {'id': 1209522, 'capacity': 2, 'prepayment': 'NO', 'nonrefundable': 0, 'cancellation_period': 0, 'cancellation_fee': 'NO', 'breakfast': 0, 'base_price': 6000, 'prices': [6000], 'price': 6000, 'old_price': 6000, 'currency': 'RUB', 'payment_amount': 0, 'extras_variants': [], 'extras': {'48036': {'id': 48036, 'number': 1, 'extra_bed_type_id': 0, 'age': [0, 5], 'extra_bed': 0, 'free': 1}}, 'rate_id': 61974, 'deals': [], 'cancellation_type': 'free', 'credit_card': 0, 'bonus': 300, 'miles': 360, 'min_stay': 1, 'platichastyami': 0, 'mircashback': 600}, {'id': 1209523, 'capacity': 3, 'prepayment': 'NO', 'nonrefundable': 0, 'cancellation_period': 0, 'cancellation_fee': 'NO', 'breakfast': 0, 'base_price': 6360, 'prices': [6360], 'price': 6360, 'old_price': 6360, 'currency': 'RUB', 'payment_amount': 0, 'extras_variants': [], 'extras': {'48036': {'id': 48036, 'number': 1, 'extra_bed_type_id': 0, 'age': [0, 5], 'extra_bed': 0, 'free': 1}}, 'rate_id': 61974, 'deals': [], 'cancellation_type': 'free', 'credit_card': 0, 'bonus': 318, 'miles': 381, 'min_stay': 1, 'platichastyami': 0, 'mircashback': 636}, {'id': 1209524, 'capacity': 4, 'prepayment': 'NO', 'nonrefundable': 0, 'cancellation_period': 0, 'cancellation_fee': 'NO', 'breakfast': 0, 'base_price': 6600, 'prices': [6600], 'price': 6600, 'old_price': 6600, 'currency': 'RUB', 'payment_amount': 0, 'extras_variants': [], 'extras': {'48036': {'id': 48036, 'number': 1, 'extra_bed_type_id': 0, 'age': [0, 5], 'extra_bed': 0, 'free': 1}}, 'rate_id': 61974, 'deals': [], 'cancellation_type': 'free', 'credit_card': 0, 'bonus': 330, 'miles': 396, 'min_stay': 1, 'platichastyami': 0, 'mircashback': 660}, {'id': '1209521P', 'capacity': 1, 'prepayment': 'FULL', 'nonrefundable': 0, 'cancellation_period': 0, 'cancellation_fee': 'NO', 'breakfast': 0, 'base_price': 5640, 'prices': [5640], 'price': 5640, 'old_price': 5640, 'currency': 'RUB', 'payment_amount': 5640, 'extras_variants': [], 'extras': {'48036': {'id': 48036, 'number': 1, 'extra_bed_type_id': 0, 'age': [0, 5], 'extra_bed': 0, 'free': 1}}, 'rate_id': 61974, 'deals': [], 'cancellation_type': 'free', 'credit_card': 0, 'bonus': 282, 'miles': 336, 'min_stay': 1, 'platichastyami': 0, 'mircashback': 564}, {'id': '1209522P', 'capacity': 2, 'prepayment': 'FULL', 'nonrefundable': 0, 'cancellation_period': 0, 'cancellation_fee': 'NO', 'breakfast': 0, 'base_price': 6000, 'prices': [6000], 'price': 6000, 'old_price': 6000, 'currency': 'RUB', 'payment_amount': 6000, 'extras_variants': [], 'extras': {'48036': {'id': 48036, 'number': 1, 'extra_bed_type_id': 0, 'age': [0, 5], 'extra_bed': 0, 'free': 1}}, 'rate_id': 61974, 'deals': [], 'cancellation_type': 'free', 'credit_card': 0, 'bonus': 300, 'miles': 360, 'min_stay': 1, 'platichastyami': 0, 'mircashback': 600}, {'id': '1209523P', 'capacity': 3, 'prepayment': 'FULL', 'nonrefundable': 0, 'cancellation_period': 0, 'cancellation_fee': 'NO', 'breakfast': 0, 'base_price': 6360, 'prices': [6360], 'price': 6360, 'old_price': 6360, 'currency': 'RUB', 'payment_amount': 6360, 'extras_variants': [], 'extras': {'48036': {'id': 48036, 'number': 1, 'extra_bed_type_id': 0, 'age': [0, 5], 'extra_bed': 0, 'free': 1}}, 'rate_id': 61974, 'deals': [], 'cancellation_type': 'free', 'credit_card': 0, 'bonus': 318, 'miles': 381, 'min_stay': 1, 'platichastyami': 0, 'mircashback': 636}, {'id': '1209524P', 'capacity': 4, 'prepayment': 'FULL', 'nonrefundable': 0, 'cancellation_period': 0, 'cancellation_fee': 'NO', 'breakfast': 0, 'base_price': 6600, 'prices': [6600], 'price': 6600, 'old_price': 6600, 'currency': 'RUB', 'payment_amount': 6600, 'extras_variants': [], 'extras': {'48036': {'id': 48036, 'number': 1, 'extra_bed_type_id': 0, 'age': [0, 5], 'extra_bed': 0, 'free': 1}}, 'rate_id': 61974, 'deals': [], 'cancellation_type': 'free', 'credit_card': 0, 'bonus': 330, 'miles': 396, 'min_stay': 1, 'platichastyami': 0, 'mircashback': 660}]",5640.0,336,677680_101hotels,2026-07-31
2319143,,Двухместный номер с широкой кроватью или раздельными и доп местом,2,1,0,1,Трёхместный и более,3,3,"[{'single': 1, 'f-chair': 1}, {'double': 1, 'f-chair': 1}]","[{'id': '48095', 'number': '1', 'min_age': '0', 'max_age': '3', 'is_extra_bed': '0', 'extra_bed_type_id': '0'}, {'id': '48096', 'number': '1', 'min_age': '3', 'max_age': '18', 'is_extra_bed': '1', 'extra_bed_type_id': '2'}]","[{'id': 1209525, 'capacity': 1, 'prepayment': 'NO', 'nonrefundable': 0, 'cancellation_period': 0, 'cancellation_fee': 'NO', 'breakfast': 0, 'base_price': 5400, 'prices': [5400], 'price': 5400, 'old_price': 5400, 'currency': 'RUB', 'payment_amount': 0, 'extras_variants': [], 'extras': {'48095': {'id': 48095, 'number': 1, 'extra_bed_type_id': 0, 'age': [0, 3], 'extra_bed': 0, 'free': 1}, '48096': {'id': 48096, 'number': 1, 'extra_bed_type_id': 2, 'age': [3, 18], 'extra_bed': 1, 'free': 1}}, 'rate_id': 61975, 'deals': [], 'cancellation_type': 'free', 'credit_card': 0, 'bonus': 270, 'miles': 324, 'min_stay': 1, 'platichastyami': 0, 'mircashback': 540}, {'id': 1209526, 'capacity': 2, 'prepayment': 'NO', 'nonrefundable': 0, 'cancellation_period': 0, 'cancellation_fee': 'NO', 'breakfast': 0, 'base_price': 5760, 'prices': [5760], 'price': 5760, 'old_price': 5760, 'currency': 'RUB', 'payment_amount': 0, 'extras_variants': [], 'extras': {'48095': {'id': 48095, 'number': 1, 'extra_bed_type_id': 0, 'age': [0, 3], 'extra_bed': 0, 'free': 1}, '48096': {'id': 48096, 'number': 1, 'extra_bed_type_id': 2, 'age': [3, 18], 'extra_bed': 1, 'free': 1}}, 'rate_id': 61975, 'deals': [], 'cancellation_type': 'free', 'credit_card': 0, 'bonus': 288, 'miles': 345, 'min_stay': 1, 'platichastyami': 0, 'mircashback': 576}, {'id': '1209525P', 'capacity': 1, 'prepayment': 'FULL', 'nonrefundable': 0, 'cancellation_period': 0, 'cancellation_fee': 'NO', 'breakfast': 0, 'base_price': 5400, 'prices': [5400], 'price': 5400, 'old_price': 5400, 'currency': 'RUB', 'payment_amount': 5400, 'extras_variants': [], 'extras': {'48095': {'id': 48095, 'number': 1, 'extra_bed_type_id': 0, 'age': [0, 3], 'extra_bed': 0, 'free': 1}, '48096': {'id': 48096, 'number': 1, 'extra_bed_type_id': 2, 'age': [3, 18], 'extra_bed': 1, 'free': 1}}, 'rate_id': 61975, 'deals': [], 'cancellation_type': 'free', 'credit_card': 0, 'bonus': 270, 'miles': 324, 'min_stay': 1, 'platichastyami': 0, 'mircashback': 540}, {'id': '1209526P', 'capacity': 2, 'prepayment': 'FULL', 'nonrefundable': 0, 'cancellation_period': 0, 'cancellation_fee': 'NO', 'breakfast': 0, 'base_price': 5760, 'prices': [5760], 'price': 5760, 'old_price': 5760, 'currency': 'RUB', 'payment_amount': 5760, 'extras_variants': [], 'extras': {'48095': {'id': 48095, 'number': 1, 'extra_bed_type_id': 0, 'age': [0, 3], 'extra_bed': 0, 'free': 1}, '48096': {'id': 48096, 'number': 1, 'extra_bed_type_id': 2, 'age': [3, 18], 'extra_bed': 1, 'free': 1}}, 'rate_id': 61975, 'deals': [], 'cancellation_type': 'free', 'credit_card': 0, 'bonus': 288, 'miles': 345, 'min_stay': 1, 'platichastyami': 0, 'mircashback': 576}]",5400.0,324,677680_101hotels,2026-07-31
2321436,,Квартира 410 на Байкальской,4,0,0,1,Апартаменты,14,1,[{'double': 2}],[],"[{'id': 1226435, 'capacity': 1, 'prepayment': 'FULL', 'nonrefundable': 0, 'cancellation_period': 0, 'cancellation_fee': 'NO', 'breakfast': 0, 'base_price': 3600, 'prices': [3600], 'price': 3600, 'old_price': 3600, 'currency': 'RUB', 'payment_amount': 3600, 'extras_variants': [], 'extras': [], 'rate_id': 63082, 'deals': [], 'cancellation_type': 'free', 'credit_card': 1, 'bonus': 180, 'miles': 216, 'min_stay': 1, 'platichastyami': 0}, {'id': 1226436, 'capacity': 2, 'prepayment': 'FULL', 'nonrefundable': 0, 'cancellation_period': 0, 'cancellation_fee': 'NO', 'breakfast': 0, 'base_price': 3600, 'prices': [3600], 'price': 3600, 'old_price': 3600, 'currency': 'RUB', 'payment_amount': 3600, 'extras_variants': [], 'extras': [], 'rate_id': 63082, 'deals': [], 'cancellation_type': 'free', 'credit_card': 1, 'bonus': 180, 'miles': 216, 'min_stay': 1, 'platichastyami': 0}, {'id': 1226437, 'capacity': 3, 'prepayment': 'FULL', 'nonrefundable': 0, 'cancellation_period': 0, 'cancellation_fee': 'NO', 'breakfast': 0, 'base_price': 3600, 'prices': [3600], 'price': 3600, 'old_price': 3600, 'currency': 'RUB', 'payment_amount': 3600, 'extras_variants': [], 'extras': [], 'rate_id': 63082, 'deals': [], 'cancellation_type': 'free', 'credit_card': 1, 'bonus': 180, 'miles': 216, 'min_stay': 1, 'platichastyami': 0}, {'id': 1226438, 'capacity': 4, 'prepayment': 'FULL', 'nonrefundable': 0, 'cancellation_period': 0, 'cancellation_fee': 'NO', 'breakfast': 0, 'base_price': 3600, 'prices': [3600], 'price': 3600, 'old_price': 3600, 'currency': 'RUB', 'payment_amount': 3600, 'extras_variants': [], 'extras': [], 'rate_id': 63082, 'deals': [], 'cancellation_type': 'free', 'credit_card': 1, 'bonus': 180, 'miles': 216, 'min_stay': 1, 'platichastyami': 0}]",3600.0,216,678090_101hotels,2026-07-31
2321578,,Квартира 402 на Байкальской,4,0,0,1,Апартаменты,14,1,"[{'single': 2, 'double': 1}]",[],"[{'id': 1226971, 'capacity': 1, 'prepayment': 'FULL', 'nonrefundable': 0, 'cancellation_period': 0, 'cancellation_fee': 'NO', 'breakfast': 0, 'base_price': 3600, 'prices': [3600], 'price': 3600, 'old_price': 3600, 'currency': 'RUB', 'payment_amount': 3600, 'extras_variants': [], 'extras': [], 'rate_id': 63082, 'deals': [], 'cancellation_type': 'free', 'credit_card': 1, 'bonus': 180, 'miles': 216, 'min_stay': 1, 'platichastyami': 0}, {'id': 1226972, 'capacity': 2, 'prepayment': 'FULL', 'nonrefundable': 0, 'cancellation_period': 0, 'cancellation_fee': 'NO', 'breakfast': 0, 'base_price': 3600, 'prices': [3600], 'price': 3600, 'old_price': 3600, 'currency': 'RUB', 'payment_amount': 3600, 'extras_variants': [], 'extras': [], 'rate_id': 63082, 'deals': [], 'cancellation_type': 'free', 'credit_card': 1, 'bonus': 180, 'miles': 216, 'min_stay': 1, 'platichastyami': 0}, {'id': 1226973, 'capacity': 3, 'prepayment': 'FULL', 'nonrefundable': 0, 'cancellation_period': 0, 'cancellation_fee': 'NO', 'breakfast': 0, 'base_price': 3600, 'prices': [3600], 'price': 3600, 'old_price': 3600, 'currency': 'RUB', 'payment_amount': 3600, 'extras_variants': [], 'extras': [], 'rate_id': 63082, 'deals': [], 'cancellation_type': 'free', 'credit_card': 1, 'bonus': 180, 'miles': 216, 'min_stay': 1, 'platichastyami': 0}, {'id': 1226974, 'capacity': 4, 'prepayment': 'FULL', 'nonrefundable': 0, 'cancellation_period': 0, 'cancellation_fee': 'NO', 'breakfast': 0, 'base_price': 3600, 'prices': [3600], 'price': 3600, 'old_price': 3600, 'currency': 'RUB', 'payment_amount': 3600, 'extras_variants': [], 'extras': [], 'rate_id': 63082, 'deals': [], 'cancellation_type': 'free', 'credit_card': 1, 'bonus': 180, 'miles': 216, 'min_stay': 1, 'platichastyami': 0}]",3600.0,216,678090_101hotels,2026-07-31
2321629,,Квартира 405 на Байкальская,4,0,0,1,Апартаменты,14,1,"[{'double': 1, 'sofa': 1}]",[],"[{'id': 1227427, 'capacity': 1, 'prepayment': 'FULL', 'nonrefundable': 0, 'cancellation_period': 0, 'cancellation_fee': 'NO', 'breakfast': 0, 'base_price': 3600, 'prices': [3600], 'price': 3600, 'old_price': 3600, 'currency': 'RUB', 'payment_amount': 3600, 'extras_variants': [], 'extras': [], 'rate_id': 63082, 'deals': [], 'cancellation_type': 'free', 'credit_card': 1, 'bonus': 180, 'miles': 216, 'min_stay': 1, 'platichastyami': 0}, {'id': 1227428, 'capacity': 2, 'prepayment': 'FULL', 'nonrefundable': 0, 'cancellation_period': 0, 'cancellation_fee': 'NO', 'breakfast': 0, 'base_price': 3600, 'prices': [3600], 'price': 3600, 'old_price': 3600, 'currency': 'RUB', 'payment_amount': 3600, 'extras_variants': [], 'extras': [], 'rate_id': 63082, 'deals': [], 'cancellation_type': 'free', 'credit_card': 1, 'bonus': 180, 'miles': 216, 'min_stay': 1, 'platichastyami': 0}, {'id': 1227429, 'capacity': 3, 'prepayment': 'FULL', 'nonrefundable': 0, 'cancellation_period': 0, 'cancellation_fee': 'NO', 'breakfast': 0, 'base_price': 3600, 'prices': [3600], 'price': 3600, 'old_price': 3600, 'currency': 'RUB', 'payment_amount': 3600, 'extras_variants': [], 'extras': [], 'rate_id': 63082, 'deals': [], 'cancellation_type': 'free', 'credit_card': 1, 'bonus': 180, 'miles': 216, 'min_stay': 1, 'platichastyami': 0}, {'id': 1227430, 'capacity': 4, 'prepayment': 'FULL', 'nonrefundable': 0, 'cancellation_period': 0, 'cancellation_fee': 'NO', 'breakfast': 0, 'base_price': 3600, 'prices': [3600], 'price': 3600, 'old_price': 3600, 'currency': 'RUB', 'payment_amount': 3600, 'extras_variants': [], 'extras': [], 'rate_id': 63082, 'deals': [], 'cancellation_type': 'free', 'credit_card': 1, 'bonus': 180, 'miles': 216, 'min_stay': 1, 'platichastyami': 0}]",3600.0,216,678090_101hotels,2026-07-31
2321630,,Квартира 416 на Байкальской,3,0,0,1,Апартаменты,14,1,"[{'single': 1, 'double': 1}]",[],"[{'id': 1227431, 'capacity': 1, 'prepayment': 'FULL', 'nonrefundable': 0, 'cancellation_period': 0, 'cancellation_fee': 'NO', 'breakfast': 0, 'base_price': 3600, 'prices': [3600], 'price': 3600, 'old_price': 3600, 'currency': 'RUB', 'payment_amount': 3600, 'extras_variants': [], 'extras': [], 'rate_id': 63082, 'deals': [], 'cancellation_type': 'free', 'credit_card': 1, 'bonus': 180, 'miles': 216, 'min_stay': 1, 'platichastyami': 0}, {'id': 1227432, 'capacity': 2, 'prepayment': 'FULL', 'nonrefundable': 0, 'cancellation_period': 0, 'cancellation_fee': 'NO', 'breakfast': 0, 'base_price': 3600, 'prices': [3600], 'price': 3600, 'old_price': 3600, 'currency': 'RUB', 'payment_amount': 3600, 'extras_variants': [], 'extras': [], 'rate_id': 63082, 'deals': [], 'cancellation_type': 'free', 'credit_card': 1, 'bonus': 180, 'miles': 216, 'min_stay': 1, 'platichastyami': 0}, {'id': 1227433, 'capacity': 3, 'prepayment': 'FULL', 'nonrefundable': 0, 'cancellation_period': 0, 'cancellation_fee': 'NO', 'breakfast': 0, 'base_price': 3600, 'prices': [3600], 'price': 3600, 'old_price': 3600, 'currency': 'RUB', 'payment_amount': 3600, 'extras_variants': [], 'extras': [], 'rate_id': 63082, 'deals': [], 'cancellation_type': 'free', 'credit_card': 1, 'bonus': 180, 'miles': 216, 'min_stay': 1, 'platichastyami': 0}]",3600.0,216,678090_101hotels,2026-07-31
2321640,,Квартира 411 на Байкальской,4,0,0,1,Апартаменты,14,1,"[{'single': 2, 'double': 1}]",[],"[{'id': 1227523, 'capacity': 1, 'prepayment': 'FULL', 'nonrefundable': 0, 'cancellation_period': 0, 'cancellation_fee': 'NO', 'breakfast': 0, 'base_price': 3600, 'prices': [3600], 'price': 3600, 'old_price': 3600, 'currency': 'RUB', 'payment_amount': 3600, 'extras_variants': [], 'extras': [], 'rate_id': 63082, 'deals': [], 'cancellation_type': 'free', 'credit_card': 1, 'bonus': 180, 'miles': 216, 'min_stay': 1, 'platichastyami': 0}, {'id': 1227524, 'capacity': 2, 'prepayment': 'FULL', 'nonrefundable': 0, 'cancellation_period': 0, 'cancellation_fee': 'NO', 'breakfast': 0, 'base_price': 3600, 'prices': [3600], 'price': 3600, 'old_price': 3600, 'currency': 'RUB', 'payment_amount': 3600, 'extras_variants': [], 'extras': [], 'rate_id': 63082, 'deals': [], 'cancellation_type': 'free', 'credit_card': 1, 'bonus': 180, 'miles': 216, 'min_stay': 1, 'platichastyami': 0}, {'id': 1227525, 'capacity': 3, 'prepayment': 'FULL', 'nonrefundable': 0, 'cancellation_period': 0, 'cancellation_fee': 'NO', 'breakfast': 0, 'base_price': 3600, 'prices': [3600], 'price': 3600, 'old_price': 3600, 'currency': 'RUB', 'payment_amount': 3600, 'extras_variants': [], 'extras': [], 'rate_id': 63082, 'deals': [], 'cancellation_type': 'free', 'credit_card': 1, 'bonus': 180, 'miles': 216, 'min_stay': 1, 'platichastyami': 0}, {'id': 1227526, 'capacity': 4, 'prepayment': 'FULL', 'nonrefundable': 0, 'cancellation_period': 0, 'cancellation_fee': 'NO', 'breakfast': 0, 'base_price': 3600, 'prices': [3600], 'price': 3600, 'old_price': 3600, 'currency': 'RUB', 'payment_amount': 3600, 'extras_variants': [], 'extras': [], 'rate_id': 63082, 'deals': [], 'cancellation_type': 'free', 'credit_card': 1, 'bonus': 180, 'miles': 216, 'min_stay': 1, 'platichastyami': 0}]",3600.0,216,678090_101hotels,2026-07-31
2321646,,Квартира 510 на Байкальской,4,0,0,1,Апартаменты,14,1,[{'single': 4}],[],"[{'id': 1227643, 'capacity': 1, 'prepayment': 'FULL', 'nonrefundable': 0, 'cancellation_period': 0, 'cancellation_fee': 'NO', 'breakfast': 0, 'base_price': 3600, 'prices': [3600], 'price': 3600, 'old_price': 3600, 'currency': 'RUB', 'payment_amount': 3600, 'extras_variants': [], 'extras': [], 'rate_id': 63082, 'deals': [], 'cancellation_type': 'free', 'credit_card': 1, 'bonus': 180, 'miles': 216, 'min_stay': 1, 'platichastyami': 0}, {'id': 1227644, 'capacity': 2, 'prepayment': 'FULL', 'nonrefundable': 0, 'cancellation_period': 0, 'cancellation_fee': 'NO', 'breakfast': 0, 'base_price': 3600, 'prices': [3600], 'price': 3600, 'old_price': 3600, 'currency': 'RUB', 'payment_amount': 3600, 'extras_variants': [], 'extras': [], 'rate_id': 63082, 'deals': [], 'cancellation_type': 'free', 'credit_card': 1, 'bonus': 180, 'miles': 216, 'min_stay': 1, 'platichastyami': 0}, {'id': 1227645, 'capacity': 3, 'prepayment': 'FULL', 'nonrefundable': 0, 'cancellation_period': 0, 'cancellation_fee': 'NO', 'breakfast': 0, 'base_price': 3600, 'prices': [3600], 'price': 3600, 'old_price': 3600, 'currency': 'RUB', 'payment_amount': 3600, 'extras_variants': [], 'extras': [], 'rate_id': 63082, 'deals': [], 'cancellation_type': 'free', 'credit_card': 1, 'bonus': 180, 'miles': 216, 'min_stay': 1, 'platichastyami': 0}, {'id': 1227646, 'capacity': 4, 'prepayment': 'FULL', 'nonrefundable': 0, 'cancellation_period': 0, 'cancellation_fee': 'NO', 'breakfast': 0, 'base_price': 3600, 'prices': [3600], 'price': 3600, 'old_price': 3600, 'currency': 'RUB', 'payment_amount': 3600, 'extras_variants': [], 'extras': [], 'rate_id': 63082, 'deals': [], 'cancellation_type': 'free', 'credit_card': 1, 'bonus': 180, 'miles': 216, 'min_stay': 1, 'platichastyami': 0}]",3600.0,216,678090_101hotels,2026-07-31
2322093,,,8,0,0,0,Восьмиместный,38,100,[{'2-tier': 1}],[],"[{'id': 1230628, 'capacity': 1, 'prepayment': 'NO', 'nonrefundable': 0, 'cancellation_period': 0, 'cancellation_fee': 'NO', 'breakfast': 0, 'base_price': 500, 'prices': [500], 'price': 500, 'old_price': 500, 'currency': 'RUB', 'payment_amount': 0, 'extras_variants': [], 'extras': [], 'rate_id': 63399, 'deals': [], 'cancellation_type': 'free', 'credit_card': 0, 'bonus': 25, 'miles': 30, 'min_stay': 1, 'platichastyami': 0}, {'id': 1230629, 'capacity': 2, 'prepayment': 'NO', 'nonrefundable': 0, 'cancellation_period': 0, 'cancellation_fee': 'NO', 'breakfast': 0, 'base_price': 1000, 'prices': [1000], 'price': 1000, 'old_price': 1000, 'currency': 'RUB', 'payment_amount': 0, 'extras_variants': [], 'extras': [], 'rate_id': 63399, 'deals': [], 'cancellation_type': 'free', 'credit_card': 0, 'bonus': 50, 'miles': 60, 'min_stay': 1, 'platichastyami': 0}, {'id': 1230630, 'capacity': 3, 'prepayment': 'NO', 'nonrefundable': 0, 'cancellation_period': 0, 'cancellation_fee': 'NO', 'breakfast': 0, 'base_price': 1500, 'prices': [1500], 'price': 1500, 'old_price': 1500, 'currency': 'RUB', 'payment_amount': 0, 'extras_variants': [], 'extras': [], 'rate_id': 63399, 'deals': [], 'cancellation_type': 'free', 'credit_card': 0, 'bonus': 75, 'miles': 90, 'min_stay': 1, 'platichastyami': 0}, {'id': 1230631, 'capacity': 4, 'prepayment': 'NO', 'nonrefundable': 0, 'cancellation_period': 0, 'cancellation_fee': 'NO', 'breakfast': 0, 'base_price': 2000, 'prices': [2000], 'price': 2000, 'old_price': 2000, 'currency': 'RUB', 'payment_amount': 0, 'extras_variants': [], 'extras': [], 'rate_id': 63399, 'deals': [], 'cancellation_type': 'free', 'credit_card': 0, 'bonus': 100, 'miles': 120, 'min_stay': 1, 'platichastyami': 0}, {'id': 1230632, 'capacity': 5, 'prepayment': 'NO', 'nonrefundable': 0, 'cancellation_period': 0, 'cancellation_fee': 'NO', 'breakfast': 0, 'base_price': 2500, 'prices': [2500], 'price': 2500, 'old_price': 2500, 'currency': 'RUB', 'payment_amount': 0, 'extras_variants': [], 'extras': [], 'rate_id': 63399, 'deals': [], 'cancellation_type': 'free', 'credit_card': 0, 'bonus': 125, 'miles': 150, 'min_stay': 1, 'platichastyami': 0}, {'id': 1230633, 'capacity': 6, 'prepayment': 'NO', 'nonrefundable': 0, 'cancellation_period': 0, 'cancellation_fee': 'NO', 'breakfast': 0, 'base_price': 3000, 'prices': [3000], 'price': 3000, 'old_price': 3000, 'currency': 'RUB', 'payment_amount': 0, 'extras_variants': [], 'extras': [], 'rate_id': 63399, 'deals': [], 'cancellation_type': 'free', 'credit_card': 0, 'bonus': 150, 'miles': 180, 'min_stay': 1, 'platichastyami': 0}, {'id': 1230634, 'capacity': 7, 'prepayment': 'NO', 'nonrefundable': 0, 'cancellation_period': 0, 'cancellation_fee': 'NO', 'breakfast': 0, 'base_price': 3500, 'prices': [3500], 'price': 3500, 'old_price': 3500, 'currency': 'RUB', 'payment_amount': 0, 'extras_variants': [], 'extras': [], 'rate_id': 63399, 'deals': [], 'cancellation_type': 'free', 'credit_card': 0, 'bonus': 175, 'miles': 210, 'min_stay': 1, 'platichastyami': 0}, {'id': 1230635, 'capacity': 8, 'prepayment': 'NO', 'nonrefundable': 0, 'cancellation_period': 0, 'cancellation_fee': 'NO', 'breakfast': 0, 'base_price': 4000, 'prices': [4000], 'price': 4000, 'old_price': 4000, 'currency': 'RUB', 'payment_amount': 0, 'extras_variants': [], 'extras': [], 'rate_id': 63399, 'deals': [], 'cancellation_type': 'free', 'credit_card': 0, 'bonus': 200, 'miles': 240, 'min_stay': 1, 'platichastyami': 0}, {'id': '1230628P', 'capacity': 1, 'prepayment': 'FULL', 'nonrefundable': 0, 'cancellation_period': 0, 'cancellation_fee': 'NO', 'breakfast': 0, 'base_price': 500, 'prices': [500], 'price': 500, 'old_price': 500, 'currency': 'RUB', 'payment_amount': 500, 'extras_variants': [], 'extras': [], 'rate_id': 63399, 'deals': [], 'cancellation_type': 'free', 'credit_card': 0, 'bonus': 25, 'miles': 30, 'min_stay': 1, 'platichastyami': 0}, {'id': '1230629P', 'capacity': 2, 'prepayment': 'FULL', 'nonrefundable': 0, 'cancellation_period': 0, 'cancellation_fee': 'NO', 'breakfast': 0, 'base_price': 1000, 'prices': [1000], 'price': 1000, 'old_price': 1000, 'currency': 'RUB', 'payment_amount': 1000, 'extras_variants': [], 'extras': [], 'rate_id': 63399, 'deals': [], 'cancellation_type': 'free', 'credit_card': 0, 'bonus': 50, 'miles': 60, 'min_stay': 1, 'platichastyami': 0}, {'id': '1230630P', 'capacity': 3, 'prepayment': 'FULL', 'nonrefundable': 0, 'cancellation_period': 0, 'cancellation_fee': 'NO', 'breakfast': 0, 'base_price': 1500, 'prices': [1500], 'price': 1500, 'old_price': 1500, 'currency': 'RUB', 'payment_amount': 1500, 'extras_variants': [], 'extras': [], 'rate_id': 63399, 'deals': [], 'cancellation_type': 'free', 'credit_card': 0, 'bonus': 75, 'miles': 90, 'min_stay': 1, 'platichastyami': 0}, {'id': '1230631P', 'capacity': 4, 'prepayment': 'FULL', 'nonrefundable': 0, 'cancellation_period': 0, 'cancellation_fee': 'NO', 'breakfast': 0, 'base_price': 2000, 'prices': [2000], 'price': 2000, 'old_price': 2000, 'currency': 'RUB', 'payment_amount': 2000, 'extras_variants': [], 'extras': [], 'rate_id': 63399, 'deals': [], 'cancellation_type': 'free', 'credit_card': 0, 'bonus': 100, 'miles': 120, 'min_stay': 1, 'platichastyami': 0}, {'id': '1230632P', 'capacity': 5, 'prepayment': 'FULL', 'nonrefundable': 0, 'cancellation_period': 0, 'cancellation_fee': 'NO', 'breakfast': 0, 'base_price': 2500, 'prices': [2500], 'price': 2500, 'old_price': 2500, 'currency': 'RUB', 'payment_amount': 2500, 'extras_variants': [], 'extras': [], 'rate_id': 63399, 'deals': [], 'cancellation_type': 'free', 'credit_card': 0, 'bonus': 125, 'miles': 150, 'min_stay': 1, 'platichastyami': 0}, {'id': '1230633P', 'capacity': 6, 'prepayment': 'FULL', 'nonrefundable': 0, 'cancellation_period': 0, 'cancellation_fee': 'NO', 'breakfast': 0, 'base_price': 3000, 'prices': [3000], 'price': 3000, 'old_price': 3000, 'currency': 'RUB', 'payment_amount': 3000, 'extras_variants': [], 'extras': [], 'rate_id': 63399, 'deals': [], 'cancellation_type': 'free', 'credit_card': 0, 'bonus': 150, 'miles': 180, 'min_stay': 1, 'platichastyami': 0}, {'id': '1230634P', 'capacity': 7, 'prepayment': 'FULL', 'nonrefundable': 0, 'cancellation_period': 0, 'cancellation_fee': 'NO', 'breakfast': 0, 'base_price': 3500, 'prices': [3500], 'price': 3500, 'old_price': 3500, 'currency': 'RUB', 'payment_amount': 3500, 'extras_variants': [], 'extras': [], 'rate_id': 63399, 'deals': [], 'cancellation_type': 'free', 'credit_card': 0, 'bonus': 175, 'miles': 210, 'min_stay': 1, 'platichastyami': 0}, {'id': '1230635P', 'capacity': 8, 'prepayment': 'FULL', 'nonrefundable': 0, 'cancellation_period': 0, 'cancellation_fee': 'NO', 'breakfast': 0, 'base_price': 4000, 'prices': [4000], 'price': 4000, 'old_price': 4000, 'currency': 'RUB', 'payment_amount': 4000, 'extras_variants': [], 'extras': [], 'rate_id': 63399, 'deals': [], 'cancellation_type': 'free', 'credit_card': 0, 'bonus': 200, 'miles': 240, 'min_stay': 1, 'platichastyami': 0}]",500.0,30,677876_101hotels,2026-07-31
2281474,,Домик на 4 человека с одной двуспальнаой кроватью,4,0,0,1,Четырехместный,34,1,"[{'double': 1, 'sofa': 1}]","[{'id': '14091', 'number': '1', 'min_age': '0', 'max_age': '7', 'is_extra_bed': '0', 'extra_bed_type_id': '0'}]","[{'id': 868735, 'capacity': 1, 'prepayment': 'FIRST', 'nonrefundable': 0, 'cancellation_period': 3, 'cancellation_fee': 'FIRST', 'breakfast': 0, 'base_price': 11900, 'prices': [11900], 'price': 11900, 'old_price': 11900, 'currency': 'RUB', 'payment_amount': 11900, 'extras_variants': [], 'extras': {'14091': {'id': 14091, 'number': 1, 'extra_bed_type_id': 0, 'age': [0, 7], 'extra_bed': 0, 'free': 1}}, 'rate_id': 39576, 'deals': [], 'cancellation_type': 'special', 'credit_card': 1, 'bonus': 595, 'miles': 714, 'min_stay': 1, 'platichastyami': 0, 'mircashback': 1190}, {'id': 868736, 'capacity': 2, 'prepayment': 'FIRST', 'nonrefundable': 0, 'cancellation_period': 3, 'cancellation_fee': 'FIRST', 'breakfast': 0, 'base_price': 11900, 'prices': [11900], 'price': 11900, 'old_price': 11900, 'currency': 'RUB', 'payment_amount': 11900, 'extras_variants': [], 'extras': {'14091': {'id': 14091, 'number': 1, 'extra_bed_type_id': 0, 'age': [0, 7], 'extra_bed': 0, 'free': 1}}, 'rate_id': 39576, 'deals': [], 'cancellation_type': 'special', 'credit_card': 1, 'bonus': 595, 'miles': 714, 'min_stay': 1, 'platichastyami': 0, 'mircashback': 1190}, {'id': 872902, 'capacity': 3, 'prepayment': 'FIRST', 'nonrefundable': 0, 'cancellation_period': 3, 'cancellation_fee': 'FIRST', 'breakfast': 0, 'base_price': 14200, 'prices': [14200], 'price': 14200, 'old_price': 14200, 'currency': 'RUB', 'payment_amount': 14200, 'extras_variants': [], 'extras': {'14091': {'id': 14091, 'number': 1, 'extra_bed_type_id': 0, 'age': [0, 7], 'extra_bed': 0, 'free': 1}}, 'rate_id': 39576, 'deals': [], 'cancellation_type': 'special', 'credit_card': 1, 'bonus': 710, 'miles': 852, 'min_stay': 1, 'platichastyami': 0, 'mircashback': 1420}, {'id': 872903, 'capacity': 4, 'prepayment': 'FIRST', 'nonrefundable': 0, 'cancellation_period': 3, 'cancellation_fee': 'FIRST', 'breakfast': 0, 'base_price': 16500, 'prices': [16500], 'price': 16500, 'old_price': 16500, 'currency': 'RUB', 'payment_amount': 16500, 'extras_variants': [], 'extras': {'14091': {'id': 14091, 'number': 1, 'extra_bed_type_id': 0, 'age': [0, 7], 'extra_bed': 0, 'free': 1}}, 'rate_id': 39576, 'deals': [], 'cancellation_type': 'special', 'credit_card': 1, 'bonus': 825, 'miles': 990, 'min_stay': 1, 'platichastyami': 0, 'mircashback': 1650}]",11900.0,714,668236_101hotels,2026-07-31
2321005,,Стандартный номер,2,1,0,1,Двухместный,2,2,"[{'single': 2}, {'double': 1}]","[{'id': '50756', 'number': '1', 'min_age': '0', 'max_age': '5', 'is_extra_bed': '0', 'extra_bed_type_id': '0'}]","[{'id': 1228888, 'capacity': 1, 'prepayment': 'FULL', 'nonrefundable': 0, 'cancellation_period': 1, 'cancellation_fee': 'FIRST', 'breakfast': 1, 'base_price': 13800, 'prices': [13800], 'price': 13800, 'old_price': 13800, 'currency': 'RUB', 'payment_amount': 13800, 'extras_variants': [], 'extras': {'50756': {'id': 50756, 'number': 1, 'extra_bed_type_id': 0, 'age': [0, 5], 'extra_bed': 0, 'free': 1}}, 'rate_id': 63247, 'deals': [], 'cancellation_type': 'special', 'credit_card': 1, 'bonus': 690, 'miles': 828, 'min_stay': 1, 'platichastyami': 0}, {'id': 1228889, 'capacity': 2, 'prepayment': 'FULL', 'nonrefundable': 0, 'cancellation_period': 1, 'cancellation_fee': 'FIRST', 'breakfast': 1, 'base_price': 13800, 'prices': [13800], 'price': 13800, 'old_price': 13800, 'currency': 'RUB', 'payment_amount': 13800, 'extras_variants': [], 'extras': {'50756': {'id': 50756, 'number': 1, 'extra_bed_type_id': 0, 'age': [0, 5], 'extra_bed': 0, 'free': 1}}, 'rate_id': 63247, 'deals': [], 'cancellation_type': 'special', 'credit_card': 1, 'bonus': 690, 'miles': 828, 'min_stay': 1, 'platichastyami': 0}]",13800.0,828,678072_101hotels,2026-07-31
2321006,,Двухместный Стандартный Номер,2,1,0,1,Улучшенный,113,7,"[{'double': 1}, {'single': 2}]","[{'id': '50753', 'number': '1', 'min_age': '0', 'max_age': '5', 'is_extra_bed': '0', 'extra_bed_type_id': '0'}]","[{'id': 1228882, 'capacity': 1, 'prepayment': 'FULL', 'nonrefundable': 0, 'cancellation_period': 1, 'cancellation_fee': 'FIRST', 'breakfast': 1, 'base_price': 14800, 'prices': [14800], 'price': 14800, 'old_price': 14800, 'currency': 'RUB', 'payment_amount': 14800, 'extras_variants': [], 'extras': {'50753': {'id': 50753, 'number': 1, 'extra_bed_type_id': 0, 'age': [0, 5], 'extra_bed': 0, 'free': 1}}, 'rate_id': 63247, 'deals': [], 'cancellation_type': 'special', 'credit_card': 1, 'bonus': 740, 'miles': 888, 'min_stay': 1, 'platichastyami': 0}, {'id': 1228883, 'capacity': 2, 'prepayment': 'FULL', 'nonrefundable': 0, 'cancellation_period': 1, 'cancellation_fee': 'FIRST', 'breakfast': 1, 'base_price': 14800, 'prices': [14800], 'price': 14800, 'old_price': 14800, 'currency': 'RUB', 'payment_amount': 14800, 'extras_variants': [], 'extras': {'50753': {'id': 50753, 'number': 1, 'extra_bed_type_id': 0, 'age': [0, 5], 'extra_bed': 0, 'free': 1}}, 'rate_id': 63247, 'deals': [], 'cancellation_type': 'special', 'credit_card': 1, 'bonus': 740, 'miles': 888, 'min_stay': 1, 'platichastyami': 0}]",14800.0,888,678072_101hotels,2026-07-31
2321007,,Стандартный номер,2,2,0,1,Семейный,44,2,"[{'single': 2}, {'double': 1}]","[{'id': '50765', 'number': '2', 'min_age': '0', 'max_age': '18', 'is_extra_bed': '1', 'extra_bed_type_id': '2'}]","[{'id': 1228890, 'capacity': 1, 'prepayment': 'FULL', 'nonrefundable': 0, 'cancellation_period': 1, 'cancellation_fee': 'FIRST', 'breakfast': 1, 'base_price': 23200, 'prices': [23200], 'price': 23200, 'old_price': 23200, 'currency': 'RUB', 'payment_amount': 23200, 'extras_variants': [], 'extras': {'50765': {'id': 50765, 'number': 2, 'extra_bed_type_id': 2, 'age': [0, 18], 'extra_bed': 1, 'free': 1}}, 'rate_id': 63247, 'deals': [], 'cancellation_type': 'special', 'credit_card': 1, 'bonus': 1160, 'miles': 1392, 'min_stay': 1, 'platichastyami': 0}, {'id': 1228891, 'capacity': 2, 'prepayment': 'FULL', 'nonrefundable': 0, 'cancellation_period': 1, 'cancellation_fee': 'FIRST', 'breakfast': 1, 'base_price': 23200, 'prices': [23200], 'price': 23200, 'old_price': 23200, 'currency': 'RUB', 'payment_amount': 23200, 'extras_variants': [], 'extras': {'50765': {'id': 50765, 'number': 2, 'extra_bed_type_id': 2, 'age': [0, 18], 'extra_bed': 1, 'free': 1}}, 'rate_id': 63247, 'deals': [], 'cancellation_type': 'special', 'credit_card': 1, 'bonus': 1160, 'miles': 1392, 'min_stay': 1, 'platichastyami': 0}]",23200.0,1392,678072_101hotels,2026-07-31
2321008,,Семейный стандартный Номер,2,2,0,1,Улучшенный,113,2,"[{'single': 2}, {'double': 1}]","[{'id': '50764', 'number': '2', 'min_age': '0', 'max_age': '18', 'is_extra_bed': '1', 'extra_bed_type_id': '2'}]","[{'id': 1228886, 'capacity': 1, 'prepayment': 'FULL', 'nonrefundable': 0, 'cancellation_period': 1, 'cancellation_fee': 'FIRST', 'breakfast': 1, 'base_price': 23200, 'prices': [23200], 'price': 23200, 'old_price': 23200, 'currency': 'RUB', 'payment_amount': 23200, 'extras_variants': [], 'extras': {'50764': {'id': 50764, 'number': 2, 'extra_bed_type_id': 2, 'age': [0, 18], 'extra_bed': 1, 'free': 1}}, 'rate_id': 63247, 'deals': [], 'cancellation_type': 'special', 'credit_card': 1, 'bonus': 1160, 'miles': 1392, 'min_stay': 1, 'platichastyami': 0}, {'id': 1228887, 'capacity': 2, 'prepayment': 'FULL', 'nonrefundable': 0, 'cancellation_period': 1, 'cancellation_fee': 'FIRST', 'breakfast': 1, 'base_price': 23200, 'prices': [23200], 'price': 23200, 'old_price': 23200, 'currency': 'RUB', 'payment_amount': 23200, 'extras_variants': [], 'extras': {'50764': {'id': 50764, 'number': 2, 'extra_bed_type_id': 2, 'age': [0, 18], 'extra_bed': 1, 'free': 1}}, 'rate_id': 63247, 'deals': [], 'cancellation_type': 'special', 'credit_card': 1, 'bonus': 1160, 'miles': 1392, 'min_stay': 1, 'platichastyami': 0}]",23200.0,1392,678072_101hotels,2026-07-31
2321013,,С Видом На Байкал,2,2,0,1,Люкс,6,2,"[{'double': 1, 'sofa': 1}]",[],"[{'id': 1228884, 'capacity': 1, 'prepayment': 'FULL', 'nonrefundable': 0, 'cancellation_period': 1, 'cancellation_fee': 'FIRST', 'breakfast': 1, 'base_price': 29800, 'prices': [29800], 'price': 29800, 'old_price': 29800, 'currency': 'RUB', 'payment_amount': 29800, 'extras_variants': [], 'extras': [], 'rate_id': 63247, 'deals': [], 'cancellation_type': 'special', 'credit_card': 1, 'bonus': 1490, 'miles': 1788, 'min_stay': 1, 'platichastyami': 0}, {'id': 1228885, 'capacity': 2, 'prepayment': 'FULL', 'nonrefundable': 0, 'cancellation_period': 1, 'cancellation_fee': 'FIRST', 'breakfast': 1, 'base_price': 29800, 'prices': [29800], 'price': 29800, 'old_price': 29800, 'currency': 'RUB', 'payment_amount': 29800, 'extras_variants': [], 'extras': [], 'rate_id': 63247, 'deals': [], 'cancellation_type': 'special', 'credit_card': 1, 'bonus': 1490, 'miles': 1788, 'min_stay': 1, 'platichastyami': 0}]",29800.0,1788,678072_101hotels,2026-07-31
2302613,,Двухэтажный домик с видом на залив,4,0,0,1,Дом,56,2,[{'double': 2}],[],"[{'id': 1059746, 'capacity': 1, 'prepayment': 'FULL', 'nonrefundable': 0, 'cancellation_period': 0, 'cancellation_fee': 'NO', 'breakfast': 0, 'base_price': 14000, 'prices': [14000], 'price': 14000, 'old_price': 14000, 'currency': 'RUB', 'payment_amount': 14000, 'extras_variants': [], 'extras': [], 'rate_id': 51898, 'deals': [], 'cancellation_type': 'free', 'credit_card': 1, 'bonus': 700, 'miles': 840, 'min_stay': 1, 'platichastyami': 0, 'mircashback': 1400}, {'id': 1059747, 'capacity': 2, 'prepayment': 'FULL', 'nonrefundable': 0, 'cancellation_period': 0, 'cancellation_fee': 'NO', 'breakfast': 0, 'base_price': 14000, 'prices': [14000], 'price': 14000, 'old_price': 14000, 'currency': 'RUB', 'payment_amount': 14000, 'extras_variants': [], 'extras': [], 'rate_id': 51898, 'deals': [], 'cancellation_type': 'free', 'credit_card': 1, 'bonus': 700, 'miles': 840, 'min_stay': 1, 'platichastyami': 0, 'mircashback': 1400}, {'id': 1059748, 'capacity': 3, 'prepayment': 'FULL', 'nonrefundable': 0, 'cancellation_period': 0, 'cancellation_fee': 'NO', 'breakfast': 0, 'base_price': 14000, 'prices': [14000], 'price': 14000, 'old_price': 14000, 'currency': 'RUB', 'payment_amount': 14000, 'extras_variants': [], 'extras': [], 'rate_id': 51898, 'deals': [], 'cancellation_type': 'free', 'credit_card': 1, 'bonus': 700, 'miles': 840, 'min_stay': 1, 'platichastyami': 0, 'mircashback': 1400}, {'id': 1059749, 'capacity': 4, 'prepayment': 'FULL', 'nonrefundable': 0, 'cancellation_period': 0, 'cancellation_fee': 'NO', 'breakfast': 0, 'base_price': 14000, 'prices': [14000], 'price': 14000, 'old_price': 14000, 'currency': 'RUB', 'payment_amount': 14000, 'extras_variants': [], 'extras': [], 'rate_id': 51898, 'deals': [], 'cancellation_type': 'free', 'credit_card': 1, 'bonus': 700, 'miles': 840, 'min_stay': 1, 'platichastyami': 0, 'mircashback': 1400}]",14000.0,840,673799_101hotels,2026-07-31
2316601,,Комфорт (Коттедж №5),2,1,0,1,Двухместный,2,3,[{'double': 1}],"[{'id': '44124', 'number': '1', 'min_age': '0', 'max_age': '5', 'is_extra_bed': '0', 'extra_bed_type_id': '0'}]","[{'id': 1189768, 'capacity': 1, 'prepayment': 'FULL', 'nonrefundable': 0, 'cancellation_period': 0, 'cancellation_fee': 'NO', 'breakfast': 1, 'base_price': 8900, 'prices': [8900], 'price': 8900, 'old_price': 8900, 'currency': 'RUB', 'payment_amount': 8900, 'extras_variants': [], 'extras': {'44124': {'id': 44124, 'number': 1, 'extra_bed_type_id': 0, 'age': [0, 5], 'extra_bed': 0, 'free': 1}}, 'rate_id': 60731, 'deals': [], 'cancellation_type': 'free', 'credit_card': 1, 'bonus': 445, 'miles': 534, 'min_stay': 1, 'platichastyami': 0, 'mircashback': 890}, {'id': 1189769, 'capacity': 2, 'prepayment': 'FULL', 'nonrefundable': 0, 'cancellation_period': 0, 'cancellation_fee': 'NO', 'breakfast': 1, 'base_price': 8900, 'prices': [8900], 'price': 8900, 'old_price': 8900, 'currency': 'RUB', 'payment_amount': 8900, 'extras_variants': [], 'extras': {'44124': {'id': 44124, 'number': 1, 'extra_bed_type_id': 0, 'age': [0, 5], 'extra_bed': 0, 'free': 1}}, 'rate_id': 60731, 'deals': [], 'cancellation_type': 'free', 'credit_card': 1, 'bonus': 445, 'miles': 534, 'min_stay': 1, 'platichastyami': 0, 'mircashback': 890}]",8900.0,534,676911_101hotels,2026-07-31
2316638,,Стандарт(Коттедж №12),2,0,0,1,Двухместный,2,20,"[{'double': 1}, {'single': 2}]","[{'id': '44189', 'number': '1', 'min_age': '0', 'max_age': '5', 'is_extra_bed': '0', 'extra_bed_type_id': '0'}]","[{'id': 1189955, 'capacity': 1, 'prepayment': 'FULL', 'nonrefundable': 0, 'cancellation_period': 0, 'cancellation_fee': 'NO', 'breakfast': 1, 'base_price': 6500, 'prices': [6500], 'price': 6500, 'old_price': 6500, 'currency': 'RUB', 'payment_amount': 6500, 'extras_variants': [], 'extras': {'44189': {'id': 44189, 'number': 1, 'extra_bed_type_id': 0, 'age': [0, 5], 'extra_bed': 0, 'free': 1}}, 'rate_id': 60731, 'deals': [], 'cancellation_type': 'free', 'credit_card': 1, 'bonus': 325, 'miles': 390, 'min_stay': 1, 'platichastyami': 0, 'mircashback': 650}, {'id': 1189956, 'capacity': 2, 'prepayment': 'FULL', 'nonrefundable': 0, 'cancellation_period': 0, 'cancellation_fee': 'NO', 'breakfast': 1, 'base_price': 6500, 'prices': [6500], 'price': 6500, 'old_price': 6500, 'currency': 'RUB', 'payment_amount': 6500, 'extras_variants': [], 'extras': {'44189': {'id': 44189, 'number': 1, 'extra_bed_type_id': 0, 'age': [0, 5], 'extra_bed': 0, 'free': 1}}, 'rate_id': 60731, 'deals': [], 'cancellation_type': 'free', 'credit_card': 1, 'bonus': 325, 'miles': 390, 'min_stay': 1, 'platichastyami': 0, 'mircashback': 650}]",6500.0,390,676911_101hotels,2026-07-31
46280,,Эконом,1,0,0,0,Одноместный,1,5,[{'single': 1}],[],"[{'id': 937963, 'capacity': 1, 'prepayment': 'NO', 'nonrefundable': 0, 'cancellation_period': 0, 'cancellation_fee': 'NO', 'breakfast': 0, 'base_price': 1000, 'prices': [1000], 'price': 1000, 'old_price': 1000, 'currency': 'RUB', 'payment_amount': 0, 'extras_variants': [], 'extras': [], 'rate_id': 42656, 'deals': [], 'cancellation_type': 'free', 'credit_card': 0, 'bonus': 50, 'miles': 60, 'min_stay': 1, 'platichastyami': 0, 'mircashback': 100}, {'id': 937976, 'capacity': 1, 'prepayment': 'NO', 'nonrefundable': 0, 'cancellation_period': 0, 'cancellation_fee': 'NO', 'breakfast': 1, 'base_price': 1750, 'prices': [1750], 'price': 1750, 'old_price': 1750, 'currency': 'RUB', 'payment_amount': 0, 'extras_variants': [], 'extras': [], 'rate_id': 42655, 'deals': [], 'cancellation_type': 'free', 'credit_card': 0, 'bonus': 88, 'miles': 105, 'min_stay': 1, 'platichastyami': 0, 'mircashback': 175}]",1000.0,60,9394_101hotels,2026-07-31
46281,,Стандарт,1,0,0,1,Одноместный,1,4,[{'single': 1}],[],"[{'id': 937955, 'capacity': 1, 'prepayment': 'NO', 'nonrefundable': 0, 'cancellation_period': 0, 'cancellation_fee': 'NO', 'breakfast': 1, 'base_price': 4000, 'prices': [4000], 'price': 4000, 'old_price': 4000, 'currency': 'RUB', 'payment_amount': 0, 'extras_variants': [], 'extras': [], 'rate_id': 42655, 'deals': [], 'cancellation_type': 'free', 'credit_card': 0, 'bonus': 200, 'miles': 240, 'min_stay': 1, 'platichastyami': 0, 'mircashback': 400}]",4000.0,240,9394_101hotels,2026-07-31
46282,,Комфорт,1,0,0,1,Одноместный,1,11,[{'single': 1}],[],"[{'id': 937956, 'capacity': 1, 'prepayment': 'NO', 'nonrefundable': 0, 'cancellation_period': 0, 'cancellation_fee': 'NO', 'breakfast': 1, 'base_price': 5300, 'prices': [5300], 'price': 5300, 'old_price': 5300, 'currency': 'RUB', 'payment_amount': 0, 'extras_variants': [], 'extras': [], 'rate_id': 42655, 'deals': [], 'cancellation_type': 'free', 'credit_card': 0, 'bonus': 265, 'miles': 318, 'min_stay': 1, 'platichastyami': 0, 'mircashback': 530}]",5300.0,318,9394_101hotels,2026-07-31
46283,,Комфорт улучшенный,1,0,0,1,Одноместный,1,9,[{'single': 1}],[],"[{'id': 937957, 'capacity': 1, 'prepayment': 'NO', 'nonrefundable': 0, 'cancellation_period': 0, 'cancellation_fee': 'NO', 'breakfast': 1, 'base_price': 6000, 'prices': [6000], 'price': 6000, 'old_price': 6000, 'currency': 'RUB', 'payment_amount': 0, 'extras_variants': [], 'extras': [], 'rate_id': 42655, 'deals': [], 'cancellation_type': 'free', 'credit_card': 0, 'bonus': 300, 'miles': 360, 'min_stay': 1, 'platichastyami': 0, 'mircashback': 600}]",6000.0,360,9394_101hotels,2026-07-31
46286,,Улучшенный,1,1,0,1,Люкс,6,1,[{'double': 1}],[],"[{'id': 937962, 'capacity': 1, 'prepayment': 'NO', 'nonrefundable': 0, 'cancellation_period': 0, 'cancellation_fee': 'NO', 'breakfast': 1, 'base_price': 9100, 'prices': [9100], 'price': 9100, 'old_price': 9100, 'currency': 'RUB', 'payment_amount': 0, 'extras_variants': [], 'extras': [], 'rate_id': 42655, 'deals': [], 'cancellation_type': 'free', 'credit_card': 0, 'bonus': 455, 'miles': 546, 'min_stay': 1, 'platichastyami': 0, 'mircashback': 910}]",9100.0,546,9394_101hotels,2026-07-31
84326,,Стандартный номер с 2 отдельными кроватями,2,0,0,1,Двухместный,2,1,[{'single': 2}],[],"[{'id': 937958, 'capacity': 1, 'prepayment': 'NO', 'nonrefundable': 0, 'cancellation_period': 0, 'cancellation_fee': 'NO', 'breakfast': 1, 'base_price': 5400, 'prices': [5400], 'price': 5400, 'old_price': 5400, 'currency': 'RUB', 'payment_amount': 0, 'extras_variants': [], 'extras': [], 'rate_id': 42655, 'deals': [], 'cancellation_type': 'free', 'credit_card': 0, 'bonus': 270, 'miles': 324, 'min_stay': 1, 'platichastyami': 0, 'mircashback': 540}, {'id': 937959, 'capacity': 2, 'prepayment': 'NO', 'nonrefundable': 0, 'cancellation_period': 0, 'cancellation_fee': 'NO', 'breakfast': 1, 'base_price': 5400, 'prices': [5400], 'price': 5400, 'old_price': 5400, 'currency': 'RUB', 'payment_amount': 0, 'extras_variants': [], 'extras': [], 'rate_id': 42655, 'deals': [], 'cancellation_type': 'free', 'credit_card': 0, 'bonus': 270, 'miles': 324, 'min_stay': 1, 'platichastyami': 0, 'mircashback': 540}]",5400.0,324,9394_101hotels,2026-07-31
84328,,Номер эконом-класса с 2 отдельными кроватями,2,0,0,0,Двухместный,2,3,[{'single': 2}],[],"[{'id': 937964, 'capacity': 1, 'prepayment': 'NO', 'nonrefundable': 0, 'cancellation_period': 0, 'cancellation_fee': 'NO', 'breakfast': 0, 'base_price': 2000, 'prices': [2000], 'price': 2000, 'old_price': 2000, 'currency': 'RUB', 'payment_amount': 0, 'extras_variants': [], 'extras': [], 'rate_id': 42656, 'deals': [], 'cancellation_type': 'free', 'credit_card': 0, 'bonus': 100, 'miles': 120, 'min_stay': 1, 'platichastyami': 0, 'mircashback': 200}, {'id': 937960, 'capacity': 1, 'prepayment': 'NO', 'nonrefundable': 0, 'cancellation_period': 0, 'cancellation_fee': 'NO', 'breakfast': 1, 'base_price': 3500, 'prices': [3500], 'price': 3500, 'old_price': 3500, 'currency': 'RUB', 'payment_amount': 0, 'extras_variants': [], 'extras': [], 'rate_id': 42655, 'deals': [], 'cancellation_type': 'free', 'credit_card': 0, 'bonus': 175, 'miles': 210, 'min_stay': 1, 'platichastyami': 0, 'mircashback': 350}, {'id': 937965, 'capacity': 2, 'prepayment': 'NO', 'nonrefundable': 0, 'cancellation_period': 0, 'cancellation_fee': 'NO', 'breakfast': 0, 'base_price': 2000, 'prices': [2000], 'price': 2000, 'old_price': 2000, 'currency': 'RUB', 'payment_amount': 0, 'extras_variants': [], 'extras': [], 'rate_id': 42656, 'deals': [], 'cancellation_type': 'free', 'credit_card': 0, 'bonus': 100, 'miles': 120, 'min_stay': 1, 'platichastyami': 0, 'mircashback': 200}, {'id': 937961, 'capacity': 2, 'prepayment': 'NO', 'nonrefundable': 0, 'cancellation_period': 0, 'cancellation_fee': 'NO', 'breakfast': 1, 'base_price': 3500, 'prices': [3500], 'price': 3500, 'old_price': 3500, 'currency': 'RUB', 'payment_amount': 0, 'extras_variants': [], 'extras': [], 'rate_id': 42655, 'deals': [], 'cancellation_type': 'free', 'credit_card': 0, 'bonus': 175, 'miles': 210, 'min_stay': 1, 'platichastyami': 0, 'mircashback': 350}]",2000.0,120,9394_101hotels,2026-07-31
2288048,,Стандарт улучшенный,1,0,0,1,Одноместный,1,4,[{'single': 1}],[],"[{'id': 937653, 'capacity': 1, 'prepayment': 'NO', 'nonrefundable': 0, 'cancellation_period': 0, 'cancellation_fee': 'NO', 'breakfast': 1, 'base_price': 4600, 'prices': [4600], 'price': 4600, 'old_price': 4600, 'currency': 'RUB', 'payment_amount': 0, 'extras_variants': [], 'extras': [], 'rate_id': 42655, 'deals': [], 'cancellation_type': 'free', 'credit_card': 0, 'bonus': 230, 'miles': 276, 'min_stay': 1, 'platichastyami': 0, 'mircashback': 460}]",4600.0,276,9394_101hotels,2026-07-31
2288088,,Студия с двуспальной кроватью,1,1,0,1,Сюит,27,4,[{'double': 1}],[],"[{'id': 937875, 'capacity': 1, 'prepayment': 'NO', 'nonrefundable': 0, 'cancellation_period': 0, 'cancellation_fee': 'NO', 'breakfast': 1, 'base_price': 9100, 'prices': [9100], 'price': 9100, 'old_price': 9100, 'currency': 'RUB', 'payment_amount': 0, 'extras_variants': [], 'extras': [], 'rate_id': 42655, 'deals': [], 'cancellation_type': 'free', 'credit_card': 0, 'bonus': 455, 'miles': 546, 'min_stay': 1, 'platichastyami': 0, 'mircashback': 910}]",9100.0,546,9394_101hotels,2026-07-31
2288089,,,1,1,0,1,Люкс,6,2,[{'double': 1}],[],"[{'id': 937876, 'capacity': 1, 'prepayment': 'NO', 'nonrefundable': 0, 'cancellation_period': 0, 'cancellation_fee': 'NO', 'breakfast': 1, 'base_price': 9100, 'prices': [9100], 'price': 9100, 'old_price': 9100, 'currency': 'RUB', 'payment_amount': 0, 'extras_variants': [], 'extras': [], 'rate_id': 42655, 'deals': [], 'cancellation_type': 'free', 'credit_card': 0, 'bonus': 455, 'miles': 546, 'min_stay': 1, 'platichastyami': 0, 'mircashback': 910}]",9100.0,546,9394_101hotels,2026-07-31
2288097,,Комфорт номер с 2 отдельными кроватями,2,0,0,1,Двухместный,2,2,[{'single': 2}],[],"[{'id': 937898, 'capacity': 1, 'prepayment': 'NO', 'nonrefundable': 0, 'cancellation_period': 0, 'cancellation_fee': 'NO', 'breakfast': 1, 'base_price': 7800, 'prices': [7800], 'price': 7800, 'old_price': 7800, 'currency': 'RUB', 'payment_amount': 0, 'extras_variants': [], 'extras': [], 'rate_id': 42655, 'deals': [], 'cancellation_type': 'free', 'credit_card': 0, 'bonus': 390, 'miles': 468, 'min_stay': 1, 'platichastyami': 0, 'mircashback': 780}, {'id': 937899, 'capacity': 2, 'prepayment': 'NO', 'nonrefundable': 0, 'cancellation_period': 0, 'cancellation_fee': 'NO', 'breakfast': 1, 'base_price': 7800, 'prices': [7800], 'price': 7800, 'old_price': 7800, 'currency': 'RUB', 'payment_amount': 0, 'extras_variants': [], 'extras': [], 'rate_id': 42655, 'deals': [], 'cancellation_type': 'free', 'credit_card': 0, 'bonus': 390, 'miles': 468, 'min_stay': 1, 'platichastyami': 0, 'mircashback': 780}]",7800.0,468,9394_101hotels,2026-07-31
